mid_date,start_date,end_date,volume,elevation,alongshore_centroid_m,alongshore_start_m,alongshore_end_m,width,height,vol_unc,month
2017-03-12,2017-03-01,2017-03-23,3.90604293720528,5.974448761398994,1323.7685110470488,1323.6793756512925,1324.1612678784877,0.4818922271952033,1.25,0.0675450817877306,3
2017-03-12,2017-03-01,2017-03-23,2.3070679789873076,20.125934983824703,1371.1415382835985,1370.9706484805793,1371.698921635747,0.7282731551676989,1.5,0.1153610667544876,3
2017-03-12,2017-03-01,2017-03-23,8.149211151096756,3.146493062916975,1135.3049149685169,1132.729120124597,1137.1869920263998,4.457871901802719,1.25,0.1422475366271822,3
2017-03-12,2017-03-01,2017-03-23,3.5069442354375227,4.230692789007782,1375.3765239486763,1373.0809980765916,1377.992126616649,4.911128540057689,1.75,0.0621634028237569,3
2017-03-12,2017-03-01,2017-03-23,2.1631554983003483,7.438550798555021,1374.7004089682168,1373.0809980765916,1375.8834600411355,2.802461964543909,1.5,0.0929075521646418,3
2017-03-12,2017-03-01,2017-03-23,4.809531873876133,10.1219677044101,1373.2959387029005,1371.0080463904887,1375.153390755877,4.145344365388155,3.75,0.0779212476342442,3
2017-03-12,2017-03-01,2017-03-23,2.489965199215896,9.8825809036855,1374.02857419181,1371.0080463904887,1375.5626935134642,4.554647122975439,1.75,0.0758674817589999,3
2017-03-26,2017-03-23,2017-03-29,3.667355651838598,5.601264707780839,1323.8439731024348,1323.6793756512925,1324.397851953283,0.7184763019904494,1.0,0.1567359569703913,3
2017-03-26,2017-03-23,2017-03-29,2.2128593455233228,4.561221992713897,1425.7646425096186,1424.8340978580527,1426.7308864071963,1.896788549143821,2.0,0.0568753417027423,3
2017-03-26,2017-03-23,2017-03-29,10.602611637021482,3.7266849202892542,1193.2731395547476,1187.3096460476518,1196.1239977777004,8.814351730048656,2.5,0.0781481075994829,3
2017-03-26,2017-03-23,2017-03-29,8.062413522224926,3.198437997087123,1116.6786429665783,1105.058335769456,1127.056217317935,21.9978815484792,1.25,0.0889787317624907,3
2017-03-26,2017-03-23,2017-03-29,3.0307502715146204,3.1412621478668363,1058.078568762485,1051.8529201433994,1065.4173296429217,13.5644094995223,1.25,0.0642289755645183,3
2017-03-26,2017-03-23,2017-03-29,2.872706078784206,3.1109675363181064,952.53563856138,948.4504438880832,957.3576955734752,8.907251685392112,1.25,0.0471639535601086,3
2017-03-26,2017-03-23,2017-03-29,7.294794147848293,3.080344566796529,831.0954333059137,824.6374909384176,838.6947421496734,14.057251211255789,1.75,0.080387339958506,3
2017-03-26,2017-03-23,2017-03-29,4.856504705438439,4.483512399945094,1375.065778565726,1373.0809980765916,1377.992126616649,4.911128540057689,3.0,0.0800085625533633,3
2017-03-26,2017-03-23,2017-03-29,2.5522472219531784,3.593589817554837,1975.048100381041,1972.1475972351616,1979.3227661373096,7.175168902147561,1.75,0.057929588787504,3
2017-04-04,2017-03-29,2017-04-11,3.1357501945837942,3.6642239507029015,1425.4957242602825,1425.1168780568987,1426.4480474782176,1.3311694213189185,0.75,0.048774135863414,4
2017-04-04,2017-03-29,2017-04-11,2.479670781273394,6.1747155179119115,45.02000882141135,44.76746504101902,45.50884230621159,0.7413772651925683,1.5,0.0985703441892116,4
2017-04-04,2017-03-29,2017-04-11,2.554836817463988,3.4585923155937817,1181.3408254782648,1180.195971465204,1182.874962227419,2.6789907622151077,1.75,0.0557717214500118,4
2017-04-04,2017-03-29,2017-04-11,4.877639229308458,3.4447841695638224,765.2860222503201,759.1151207061484,770.3877593628131,11.27263865666464,1.25,0.0808146680719451,4
2017-04-04,2017-03-29,2017-04-11,2.0399364160983544,3.4885360710576445,793.6589975876534,791.5062372954562,796.0412159417756,4.5349786463193595,1.25,0.0562065430849091,4
2017-04-04,2017-03-29,2017-04-11,5.8135181024788585,3.472251751037876,827.7469435690339,825.3525774390437,831.1005875989795,5.748010159935802,2.0,0.0894312600402873,4
2017-04-04,2017-03-29,2017-04-11,4.053696489870415,3.3570208952051823,845.7374302442962,843.5153926135972,848.0798796275631,4.564487013965845,1.75,0.0780771494343381,4
2017-04-04,2017-03-29,2017-04-11,6.974967634107116,3.626113923990978,923.0733296700124,914.040753494948,929.890016608406,15.84926311345771,1.5,0.0835033801249131,4
2017-04-04,2017-03-29,2017-04-11,12.31948733537038,3.3525941134794053,985.0426347468244,966.1774347950704,1004.7109528477304,38.53351805265993,1.75,0.1044108679212648,4
2017-04-04,2017-03-29,2017-04-11,25.32443954762715,3.529223896361623,1108.653043624588,1086.0611796551384,1130.5017348974943,44.44055524235591,2.25,0.1691950439736861,4
2017-04-04,2017-03-29,2017-04-11,3.677068321497684,3.063827889374216,256.9724762625153,251.22125810571015,265.3685418893583,14.147283783648165,0.75,0.0736359987977775,4
2017-04-04,2017-03-29,2017-04-11,2.9860275289802027,3.815830348631139,1422.2886717446174,1419.7924133297056,1424.4757842496035,4.683370919898152,2.25,0.0559763932809815,4
2017-04-04,2017-03-29,2017-04-11,7.554269520646766,8.39302867482284,1373.952029365595,1371.9891098332591,1375.8834600411355,3.894350207876414,2.5,0.0671222278549084,4
2017-04-04,2017-03-29,2017-04-11,3.4136275424156652,9.641094826652624,1372.4083403502236,1371.0080463904887,1374.193004035391,3.1849576449021697,1.5,0.0555995386037838,4
2017-04-04,2017-03-29,2017-04-11,30.75150433828632,6.227115562148282,1374.9381309158334,1371.0080463904887,1377.992126616649,6.984080226160586,5.5,0.167278807977146,4
2017-04-04,2017-03-29,2017-04-11,2.883274935222205,3.5214097628907597,2033.4242682054596,2027.5516310567036,2038.0685540935956,10.516923036891969,1.5,0.065462453061055,4
2017-04-04,2017-03-29,2017-04-11,4.0038189031485025,4.09703446540906,1975.8522783723397,1972.1475972351616,1980.436920939945,8.289323704782873,2.25,0.0666265588257704,4
2017-04-04,2017-03-29,2017-04-11,3.588872006867908,3.4061318357222965,1676.3385420639454,1673.1995312217623,1679.670835357625,6.471304135862738,2.25,0.0723003316008087,4
2017-04-04,2017-03-29,2017-04-11,4.911805196831381,11.00323330977834,1319.267763786093,1317.361923058983,1319.9728061463684,2.610883087385446,2.5,0.2256398591087084,4
2017-04-04,2017-03-29,2017-04-11,6.3327367245782265,3.4182803193294986,872.9216442087516,867.6707440195605,878.93673497485,11.265990955289451,2.25,0.11715475991524,4
2017-04-04,2017-03-29,2017-04-11,2.217991314725607,3.5623097865893656,2091.3809358361736,2089.121865375899,2094.3719171662815,5.250051790382713,1.25,0.0566874188060757,4
2017-04-04,2017-03-29,2017-04-11,8.094021416334622,3.2664877692092817,1492.9476869051844,1485.841742717661,1505.3541865251027,19.51244380744174,2.25,0.0939615506838137,4
2017-04-04,2017-03-29,2017-04-11,5.5565603885755035,3.646568201519748,1426.625876460383,1424.551317662932,1431.2102207695134,6.65890310658142,1.5,0.068108813923967,4
2017-04-04,2017-03-29,2017-04-11,2.4458968775050436,3.334200571238057,887.2231596523823,884.3844577320851,890.4342071409337,6.049749408848584,1.0,0.0615564641394053,4
2017-04-04,2017-03-29,2017-04-11,4.920511735103398,4.485783147711624,1209.7277433956472,1207.30015638005,1212.6897185188718,5.38956213882193,2.0,0.0803563204350453,4
2017-04-04,2017-03-29,2017-04-11,6.228698409466462,3.619458000858363,1193.6428701609168,1190.0521455951966,1196.1239977777004,6.07185218250379,2.25,0.0827682181499708,4
2017-04-04,2017-03-29,2017-04-11,3.160868461521749,3.365161012292518,1152.4834229304136,1149.8122252556495,1156.0932353222745,6.281010066624731,1.5,0.0605002321853012,4
2017-04-04,2017-03-29,2017-04-11,4.386760690093628,3.427885251341474,1057.9173400004709,1051.3720183456317,1064.4682612721808,13.096242926549166,1.25,0.0739694276042808,4
2017-04-04,2017-03-29,2017-04-11,3.7788962875022487,3.236069040592895,1021.3431637647568,1013.864948396571,1030.606434321031,16.741485924459994,0.75,0.0672494568831398,4
2017-04-04,2017-03-29,2017-04-11,2.846222855959258,3.606336382933104,954.4400722712091,951.5880230274053,956.6549661443568,5.066943116951734,1.5,0.0619112111006132,4
2017-04-04,2017-03-29,2017-04-11,3.1427312353118304,9.71332009462773,1318.617066249015,1317.125306317117,1320.2094462756068,3.0841399584896863,3.75,0.071275400634142,4
2017-04-04,2017-03-29,2017-04-11,8.36938472356662,6.518294630623873,1374.3574867439077,1373.0809980765916,1375.8834600411355,2.802461964543909,1.25,0.1404870781479411,4
2017-05-03,2017-04-20,2017-05-17,3.6738612853672823,16.923274345312073,1569.5001008958466,1568.2207300527953,1571.0367920682766,2.816062015481293,4.0,0.0769489906403642,5
2017-05-03,2017-04-20,2017-05-17,5.936197261437419,17.442250208066966,1432.1079947149617,1432.090547780972,1432.4073378653266,0.3167900843545794,2.25,0.0383613175585289,5
2017-05-03,2017-04-20,2017-05-17,26.36860528912777,17.357154375882818,1461.7174439330847,1457.745583473239,1465.908480592072,8.162897118832916,5.0,0.1001177673364604,5
2017-05-03,2017-04-20,2017-05-17,17.639961931535403,13.779221560597236,1465.9808421158325,1461.3909963951446,1471.9645086592063,10.57351226406172,2.75,0.0832846424058599,5
2017-05-03,2017-04-20,2017-05-17,62.47059418038408,17.72459808323169,1471.3477692731262,1464.5690917097963,1477.9112761099825,13.342184400185944,6.75,0.1528357289218236,5
2017-05-03,2017-04-20,2017-05-17,3.2964601510063396,11.475306755171657,1944.5150899310809,1944.1906008282676,1945.304210501723,1.1136096734553576,1.25,0.1955743596248419,5
2017-05-03,2017-04-20,2017-05-17,3.8845392245658994,7.544524290440151,1948.8136322996331,1947.6774826506153,1950.4153842213564,2.737901570741087,2.0,0.2036293322644612,5
2017-05-03,2017-04-20,2017-05-17,2.265625619720858,9.121245466706585,1950.354878039405,1950.1700760689564,1950.7026685131711,0.5325924442149699,1.0,0.1510772882103117,5
2017-05-03,2017-04-20,2017-05-17,3.928921540711824,11.479927719280578,1919.9415225164917,1916.9540926045736,1922.948208142072,5.994115537498146,3.0,0.3196309598547018,5
2017-05-03,2017-04-20,2017-05-17,6.000524356914221,4.018331714798718,1917.7237748795387,1914.3538335943597,1921.0402950295247,6.686461435165256,3.25,0.082772136713387,5
2017-05-03,2017-04-20,2017-05-17,3.6792337792129945,16.512466357906288,1647.7298093166862,1646.4637015755288,1648.6976795583032,2.233977982774377,3.0,0.049298335104738,5
2017-05-03,2017-04-20,2017-05-17,2.233691404441432,4.069362939843427,2023.76268299169,2023.6583462264389,2024.163608749397,0.505262522958219,0.75,0.0651187234040789,5
2017-05-03,2017-04-20,2017-05-17,3.650867938972454,3.702961657153801,2054.3195950550303,2051.104901225306,2057.3068129415624,6.201911716256291,1.25,0.0472143209904368,5
2017-05-03,2017-04-20,2017-05-17,2.2194384488436514,3.3357999004205867,895.1093954778862,892.1535808648914,897.4586679912172,5.305087126325816,1.0,0.0481944662864176,5
2017-05-03,2017-04-20,2017-05-17,150.69999474721473,4.286264864100683,1467.0897950327928,1448.5611004009843,1490.460619839374,41.89951943838969,7.75,0.3243986525687768,5
2017-05-03,2017-04-20,2017-05-17,2.4953219933398536,12.108516036880346,722.7046861858389,720.5635394523852,725.2703521987423,4.706812746357173,2.25,0.0590851117286175,5
2017-05-03,2017-04-20,2017-05-17,3.426735215576928,3.1698371753178596,1136.0614856747634,1135.6668589781038,1136.692009893246,1.0251509151421487,1.0,0.1628480970953584,5
2017-05-03,2017-04-20,2017-05-17,2.2540575005240573,4.264519159585261,318.59323724399576,318.17935625696555,319.163759812247,0.9844035552814604,1.75,0.0949585691968927,5
2017-05-03,2017-04-20,2017-05-17,2.329880410619741,3.717775856859032,304.9264519766197,304.82903604907915,305.3214779281989,0.492441879119724,0.75,0.1241478384228339,5
2017-05-03,2017-04-20,2017-05-17,8.264757914197249,4.141265633102047,1368.077513016382,1365.7968853479251,1369.6355913705193,3.838706022594124,3.25,0.1696537937019813,5
2017-05-03,2017-04-20,2017-05-17,4.009770201579802,5.328816520383101,1362.7730347536246,1362.514617641922,1363.2344643478282,0.7198467059060931,1.75,0.2506009618548128,5
2017-05-03,2017-04-20,2017-05-17,2.8250907238437257,5.632946833444804,1323.9239230884048,1323.6793756512925,1324.397851953283,0.7184763019904494,1.0,0.0348424841645497,5
2017-05-03,2017-04-20,2017-05-17,9.980931295305826,5.6692545122165825,1322.9919365832088,1322.330039410852,1323.9246838036925,1.5946443928405645,2.0,0.0552261382572095,5
2017-05-03,2017-04-20,2017-05-17,3.02755519415665,5.620647986585474,1317.7128386037052,1317.361923058983,1318.080464691855,0.7185416328720748,1.25,0.0891739434795415,5
2017-05-03,2017-04-20,2017-05-17,3.556371743026819,4.796596421496473,1376.8930487445562,1375.5735085895285,1378.556287850719,2.982779261190444,4.5,0.0753768279061744,5
2017-05-03,2017-04-20,2017-05-17,3.1378402200422415,3.971351749580627,1214.6103063636726,1214.2405115431177,1215.1976943449115,0.9571828017942609,1.25,0.1114716366875724,5
2017-05-03,2017-04-20,2017-05-17,9.480285750676154,3.043987922935429,1203.901985835541,1202.5324260392226,1206.3761697290463,3.843743689823896,2.0,0.0667636061948002,5
2017-05-03,2017-04-20,2017-05-17,12.810347415146746,3.501993361923118,1465.7268332744727,1464.0049890629016,1467.6013204166666,3.596331353764981,1.5,0.0799741508406767,5
2017-05-03,2017-04-20,2017-05-17,243.87413674863168,17.33689298298538,1467.6668164690211,1453.51371524157,1478.1911488827318,24.67743364116177,13.5,0.3655173374583362,5
2017-05-03,2017-04-20,2017-05-17,3.498328461181893,10.81462811071608,1396.19497300277,1394.818864909932,1397.5826455485076,2.763780638575554,3.75,0.0621264542799034,5
2017-05-03,2017-04-20,2017-05-17,6.881398948285704,4.830667028826644,1484.9928442061898,1479.3432408212684,1490.460619839374,11.117379018105568,4.25,0.0887576034273235,5
2017-05-03,2017-04-20,2017-05-17,2.430584006707781,6.192763760543413,1376.7356839487827,1375.5735085895285,1378.3279746389017,2.75446604937315,3.0,0.059364225298366,5
2017-05-03,2017-04-20,2017-05-17,11.71446758744127,5.445938438204979,1375.1621592344768,1373.0809980765916,1377.7474717567677,4.666473680175841,5.0,0.1006673312340763,5
2017-05-03,2017-04-20,2017-05-17,7.749499117620958,5.574872016641452,1373.537300318162,1371.9891098332591,1375.6401036120951,3.650993778835982,4.5,0.0930743981614411,5
2017-05-03,2017-04-20,2017-05-17,5.153788503860747,4.493392659701911,1367.602177953965,1365.7968853479251,1369.6355913705193,3.838706022594124,2.75,0.0958797971373305,5
2017-05-03,2017-04-20,2017-05-17,2.3476260636913926,3.392154155172872,2103.1366117068187,2099.686841524672,2106.1351523138583,6.4483107891865075,1.25,0.0563585555645974,5
2017-05-03,2017-04-20,2017-05-17,2.6422245964234543,3.721785223626561,2091.5571733470915,2089.3717849096283,2094.3719171662815,5.00013225665316,1.75,0.0580332625707224,5
2017-05-03,2017-04-20,2017-05-17,16.232668739810503,3.955032496569717,2054.3085197214086,2047.0349947833456,2063.81817544112,16.78318065777421,2.75,0.1126069161546197,5
2017-05-03,2017-04-20,2017-05-17,2.3949992994854528,3.43279310043733,2030.428353702719,2026.2557826843113,2034.3974910983816,8.141708414070308,1.25,0.0614287818445101,5
2017-05-03,2017-04-20,2017-05-17,6.106085545036087,12.695386659850682,1920.2624957005728,1916.9540926045736,1923.2443698113784,6.290277206804603,4.5,0.0810127090502684,5
2017-05-03,2017-04-20,2017-05-17,2.7206403523629676,14.990616748439344,1860.991731083195,1860.7284754076973,1861.5204811380245,0.7920057303272188,0.75,0.0664425252495095,5
2017-05-03,2017-04-20,2017-05-17,7.288413560150293,16.4618551501372,1570.0630302095904,1568.711758192163,1571.5516372132115,2.839879021048546,5.0,0.1016865744351874,5
2017-05-03,2017-04-20,2017-05-17,3.768935243338858,16.661311744423955,1647.5088458274345,1646.4637015755288,1648.1943161492236,1.7306145736947656,4.25,0.0579151134972726,5
2017-05-03,2017-04-20,2017-05-17,3.152237294179556,8.973040522467032,1649.6728069746891,1646.4637015755288,1652.1857431200333,5.722041544504464,2.25,0.0719558050717946,5
2017-05-03,2017-04-20,2017-05-17,2.199359976569715,16.30638214611788,723.7478488738974,722.1654553748667,725.5068399957381,3.341384620871395,2.5,0.0516094979590072,5
2017-05-03,2017-04-20,2017-05-17,2.490102326473088,3.5027900685411075,1118.3958607790298,1113.673302377574,1121.8587292279117,8.185426850337535,1.5,0.0617979163669177,5
2017-05-03,2017-04-20,2017-05-17,27.879585821325396,3.732747047231374,1097.8071746863243,1080.3554987595417,1113.6733689336106,33.31787017406896,3.0,0.1736895484830292,5
2017-05-03,2017-04-20,2017-05-17,3.6366341787375984,3.703585669648756,826.8709801603682,825.3525774390437,828.7482869047672,3.3957094657234848,2.0,0.0721857063101324,5
2017-05-03,2017-04-20,2017-05-17,6.544515913400006,3.81046013655229,846.2253918880539,843.1009460971691,849.0577951851301,5.956849087961018,2.75,0.099983878212572,5
2017-05-03,2017-04-20,2017-05-17,2.5511603841839703,3.7119395599577256,1125.9816794074386,1123.597557285335,1130.5017348974943,6.904177612159401,1.75,0.0585370465352932,5
2017-05-03,2017-04-20,2017-05-17,7.371650111900772,3.8629533852039497,913.8241664469324,909.0720985550432,917.6213054745458,8.549206919502467,2.75,0.0874497901979213,5
2017-05-03,2017-04-20,2017-05-17,7.850515358949233,3.5689216833421513,894.4438085728933,888.3718788232654,899.6551038697362,11.28322504647076,1.5,0.0957296562103185,5
2017-05-03,2017-04-20,2017-05-17,2.6935377264532105,3.757602903666511,836.2706541471539,835.0869988841005,838.4362365100533,3.34923762595281,1.75,0.0590665972475513,5
2017-05-03,2017-04-20,2017-05-17,18.46880132833054,4.419564648324172,1204.0593044686443,1202.5324260392226,1207.077485114336,4.545059075113386,5.5,0.0984983259649338,5
2017-05-30,2017-05-17,2017-06-13,3.4306795253593663,4.057181181247998,1457.8364101422492,1455.4894893039018,1460.2571986732073,4.767709369305521,1.5,0.0448912379539845,5
2017-05-30,2017-05-17,2017-06-13,67.86562197164797,19.35268489404118,1467.9163847297366,1464.0049890629016,1472.8309497404844,8.82596067758277,10.25,0.1854907847205725,5
2017-05-30,2017-05-17,2017-06-13,5.861067776161533,19.534608863949167,1570.2836497760202,1568.711758192163,1571.8090597880073,3.0973015958443284,2.25,0.0620360129589674,5
2017-05-30,2017-05-17,2017-06-13,2.603867723097892,16.341243600284447,1569.8482664509922,1568.9691471247934,1570.7704936917871,1.8013465669937432,3.0,0.0526976157607601,5
2017-05-30,2017-05-17,2017-06-13,2.752880160273246,3.873169323258864,1090.3518403944695,1087.5382211492397,1091.737219657749,4.1989985085092485,2.25,0.060435199385173,5
2017-05-30,2017-05-17,2017-06-13,3.653763863038573,4.004721706635995,1095.7479454455838,1093.4142635138703,1098.4207020676697,5.006438553798944,2.25,0.0574445349712024,5
2017-05-30,2017-05-17,2017-06-13,17.258174810063625,4.10501735356725,1466.3899230870295,1458.8901281929575,1472.5505624278449,13.660434234887362,3.25,0.1091594430171806,5
2017-05-30,2017-05-17,2017-06-13,8.127447166507675,3.75275064023505,1472.8939203843915,1470.8781519308686,1475.328417132143,4.450265201274306,2.0,0.0542332247317391,5
2017-05-30,2017-05-17,2017-06-13,25.52445541328986,13.592304114101545,1334.793965349171,1331.5033436338415,1338.1343969446607,6.63105331081897,6.5,0.1341912772950979,5
2017-05-30,2017-05-17,2017-06-13,2.2478031238704683,13.210369639355063,1569.568610170752,1567.963297831826,1571.0367920682766,3.0734942364506423,2.25,0.0639310258405873,5
2017-05-30,2017-05-17,2017-06-13,2.201557692307066,3.213234025226633,1164.516214594158,1162.7911649313755,1166.2560532358475,3.4648883044719696,1.75,0.06621112530688,5
2017-05-30,2017-05-17,2017-06-13,7.885434913116329,3.045831297604432,1335.858099375102,1332.6813412322665,1339.5588830024935,6.877541770227253,2.25,0.084596827465342,5
2017-05-30,2017-05-17,2017-06-13,7.956267458140703,12.897539021600542,1334.810460535908,1331.5033436338415,1338.0048668286763,6.50152319483459,2.5,0.0699552687865378,5
2017-05-30,2017-05-17,2017-06-13,2.70921573843532,19.79854942205737,1349.202835748888,1348.871970005799,1349.574582729023,0.702612723223865,0.75,0.2251946781373171,5
2017-05-30,2017-05-17,2017-06-13,2.6317884516959023,3.7936953801485624,1096.1613717035589,1093.4142635138703,1098.664620412048,5.250356898177415,1.75,0.0451116644568981,5
2017-05-30,2017-05-17,2017-06-13,9.240917735186562,18.054774221347905,1570.234607261335,1568.4781622737646,1571.8090597880073,3.330897514242679,5.5,0.0986833684250593,5
2017-05-30,2017-05-17,2017-06-13,3.2515994226361973,6.499223698690983,1441.4870968118598,1441.1439106096514,1442.2346704690715,1.0907598594203591,1.25,0.073249333090534,5
2017-05-30,2017-05-17,2017-06-13,3.2216118502001403,4.032775332184363,1463.7318544375437,1461.3909963951446,1465.6265281541273,4.235531758982688,1.25,0.0652855547793729,5
2017-05-30,2017-05-17,2017-06-13,18.933245645023867,9.426748007642118,1468.351833568406,1462.844424191397,1473.9199967496097,11.075572558213024,7.25,0.1333480989498677,5
2017-05-30,2017-05-17,2017-06-13,14.885940045793854,17.134292803707396,1469.4930339557975,1464.5690917097963,1472.8309497404844,8.261858030688018,4.5,0.0875345656855597,5
2017-05-30,2017-05-17,2017-06-13,30.63353601575941,20.728981856290936,1466.8296989461155,1463.690233015921,1471.1234600832686,7.433227067347616,5.75,0.0899389260145111,5
2017-06-20,2017-06-13,2017-06-28,2.6293726570110674,3.480696837640985,886.0717644995102,883.6177598726936,888.3712973915972,4.753537518903613,1.0,0.0845554632268927,6
2017-06-20,2017-06-13,2017-06-28,3.0030905507907635,3.589901659964428,1119.0950758032443,1114.6957869566977,1121.612622529734,6.916835573036224,1.5,0.0621168479509317,6
2017-06-20,2017-06-13,2017-06-28,3.831402535058241,4.3111397784314525,1084.655858652035,1081.082282281015,1087.5407860102132,6.458503729198128,1.25,0.0531411335359253,6
2017-06-20,2017-06-13,2017-06-28,5.840531252240028,3.685276621945261,897.0668437045243,892.1535808648914,901.8143203165382,9.660739451646805,2.25,0.0749128802327507,6
2017-06-20,2017-06-13,2017-06-28,7.171251442866247,4.034734483589029,1092.829418445291,1086.7891608537177,1099.173556242138,12.384395388420671,1.75,0.0713732623690099,6
2017-06-20,2017-06-13,2017-06-28,2.1378928675147053,4.670880527709751,1105.7391211137228,1104.289211418014,1107.0051368055863,2.715925387572497,1.5,0.0379500438578919,6
2017-06-20,2017-06-13,2017-06-28,37.310251620166696,4.140497685101554,895.6897318119603,883.6177598726936,910.3038409454748,26.686081072781235,3.75,0.1716134848122263,6
2017-06-20,2017-06-13,2017-06-28,6.029237860133752,3.720936852914148,1050.9174606490635,1042.5600359304808,1057.423085661139,14.863049730658531,2.5,0.0917010659668599,6
2017-06-20,2017-06-13,2017-06-28,2.8526104349396006,3.4897734700238057,872.0591926258078,870.3742754301056,874.2384278401732,3.864152410067618,2.0,0.0603622563506859,6
2017-06-20,2017-06-13,2017-06-28,14.444852560850176,5.001036277251411,1297.9282002106895,1294.6695431517437,1300.7792110983282,6.109667946584523,5.75,0.1442553909758338,6
2017-06-20,2017-06-13,2017-06-28,2.133500809027099,4.01830505756001,827.3336368351682,825.8573588854633,829.1929668574594,3.335607971996069,2.0,0.0620551086448687,6
2017-06-20,2017-06-13,2017-06-28,3.906238447802743,4.844694980821791,861.9156337466502,860.2270012041554,863.3348627854139,3.107861581258476,4.0,0.0764677969014577,6
2017-06-20,2017-06-13,2017-06-28,3.897831369457767,3.8208523609303624,856.7170234939395,854.3114488008432,859.9516488588415,5.6402000579983,1.75,0.0754778186431731,6
2017-06-20,2017-06-13,2017-06-28,7.069359819396134,3.3974235436109814,1335.847927992034,1333.2643042360432,1338.8492308789864,5.584926642943174,2.0,0.067517227820164,6
2017-06-20,2017-06-13,2017-06-28,3.8431743826756097,3.8217814691408623,1917.644660593796,1914.3538335943597,1920.7425597356632,6.388726141303778,1.75,0.0630007618098839,6
2017-06-20,2017-06-13,2017-06-28,2.2474494508417457,4.1437159765425555,2029.1864023456872,2027.0315423472784,2031.8093737396412,4.777831392362714,2.25,0.0503529586932608,6
2017-06-20,2017-06-13,2017-06-28,2.6782184163169473,3.574421922449514,2100.5846297238595,2098.190203047823,2103.384188659489,5.193985611665994,1.5,0.0560243371968088,6
2017-06-20,2017-06-13,2017-06-28,4.111175195002592,3.629659804133875,2166.2154870417576,2161.280552690383,2171.112786621321,9.832233930937946,1.5,0.0725412940078941,6
2017-06-20,2017-06-13,2017-06-28,6.297272279677613,4.756040805092879,1374.0007377685092,1371.9891098332591,1375.8834600411355,3.894350207876414,3.5,0.0813431550696937,6
2017-06-20,2017-06-13,2017-06-28,3.02627732266376,3.6913411543337498,1413.4465386369268,1411.2216266784817,1416.7520174803212,5.5303908018395305,1.75,0.0666461150890882,6
2017-06-20,2017-06-13,2017-06-28,50.23184493323198,7.224408765885729,1471.2680807430231,1461.6733871595934,1480.4281751066446,18.754787947051227,9.0,0.1905056539814788,6
2017-06-20,2017-06-13,2017-06-28,42.584646367771185,19.791192373538067,1491.9172973922296,1487.5127934301272,1494.8534360071644,7.340642577037215,9.25,0.1422729341818611,6
2017-06-20,2017-06-13,2017-06-28,2.3772757241475184,10.457410048609905,1485.7890004352014,1484.465910232626,1487.2028351686895,2.7369249360635877,3.75,0.0594327891920204,6
2017-06-20,2017-06-13,2017-06-28,3.4205787168761455,5.228805501216204,1473.1247900779924,1472.5856415880844,1474.4873212380337,1.9016796499490736,1.25,0.0731588259728241,6
2017-06-20,2017-06-13,2017-06-28,14.80138447210792,19.48138771705239,1491.10646744647,1487.5127934301272,1494.5764901614748,7.063696731347591,5.25,0.0885575593027762,6
2017-06-20,2017-06-13,2017-06-28,14.349276641071748,4.389469389369407,1458.2745174125705,1452.379122399725,1463.935541168321,11.556418768595904,3.75,0.1365804605015642,6
2017-06-20,2017-06-13,2017-06-28,2.693583783058823,4.786873109345771,1302.9914842562926,1300.9764850665815,1305.044819922652,4.068334856070578,3.5,0.0929303032268642,6
2017-06-20,2017-06-13,2017-06-28,2.2884855798078205,3.423351934332892,1303.8046032000343,1302.677292468492,1305.044819922652,2.367527454160154,2.25,0.1424733511547931,6
2017-06-20,2017-06-13,2017-06-28,2.3161284355961995,16.967359189966647,1493.80699176556,1492.9843300478533,1494.5764901614748,1.5921601136215031,2.25,0.0376578988715588,6
2017-06-20,2017-06-13,2017-06-28,3.736975393357506,3.220290255545395,633.8943035479606,630.182154209353,637.6084912498482,7.426337040495127,0.75,0.0502726391093578,6
2017-06-20,2017-06-13,2017-06-28,2.5674111907019337,3.3266518170080253,663.6652145345574,660.8774240929633,666.739048004616,5.861623911652714,1.5,0.0619179516145492,6
2017-06-20,2017-06-13,2017-06-28,19.15864109213387,5.034597648953431,837.2118794236376,832.1778289973736,841.5622608703561,9.384431872982532,6.0,0.1570405960329898,6
2017-06-20,2017-06-13,2017-06-28,6.217199344514563,4.399431883430557,844.070438599146,841.8976890514605,846.9041778305545,5.00648877909407,4.0,0.0853318651574894,6
2017-06-20,2017-06-13,2017-06-28,61.22389190930078,4.259470413576475,1099.5829203849507,1072.2907292139716,1130.5017348974943,58.21100568352267,3.5,0.2314626250225938,6
2017-07-05,2017-06-28,2017-07-13,158.08868126499152,16.855725907017554,1483.346001680897,1474.8027436775155,1491.8025137637742,16.99977008625865,15.0,0.2383603932479919,7
2017-07-05,2017-06-28,2017-07-13,4.068041987968687,21.734250661580457,1489.1027131278884,1488.0389137365855,1490.1837248131633,2.144811076577753,2.75,0.043984927604313,7
2017-07-05,2017-06-28,2017-07-13,3.6652527477021497,18.292698829378526,1483.2572943923692,1481.303710210137,1484.4277792880312,3.1240690778940916,1.5,0.0395843918540559,7
2017-07-05,2017-06-28,2017-07-13,3.303598434260064,3.3747285452121067,2094.575201522852,2091.871050816495,2098.186012523249,6.31496170675382,1.5,0.0681936698298845,7
2017-07-05,2017-06-28,2017-07-13,2.6704312930001253,13.51558167109168,1814.0995307026512,1814.0925427800976,1814.587246765848,0.4947039857506752,1.25,0.0874842092213605,7
2017-07-05,2017-06-28,2017-07-13,48.82791988376657,17.371321597515944,1484.1379891286765,1478.263306197245,1490.460619839374,12.197313642129302,6.0,0.1216671099717826,7
2017-07-05,2017-06-28,2017-07-13,80.16075333516397,4.228565400163407,1482.250332277542,1468.2018221868202,1498.7687231530435,30.56690096622333,7.0,0.2257337584156442,7
2017-07-20,2017-07-13,2017-07-28,3.27963336094654,18.86434398388923,1583.1780161982474,1582.5278806397691,1584.0508400052786,1.5229593655094504,2.75,0.0968508332355192,7
2017-07-20,2017-07-13,2017-07-28,5.472256317072819,4.110157454838232,1491.2927090839485,1488.3165004830807,1495.13038185006,6.813881366979331,3.25,0.0761915820451318,7
2017-07-20,2017-07-13,2017-07-28,2.598500319396342,5.4800585666651624,1299.052307824668,1297.4587686918676,1300.542623442132,3.083854750264436,2.25,0.0688649138944764,7
2017-08-04,2017-07-28,2017-08-11,2.074317764179085,5.706971881100536,1366.07273833879,1365.8648552228697,1366.5602492308244,0.6953940079547465,0.75,0.1721484564475686,8
2017-08-04,2017-07-28,2017-08-11,4.242682381095646,11.085070749640764,648.8912707893178,648.8912707893178,649.1365789417177,0.2453081523999571,2.0,0.1081800434179692,8
2017-08-04,2017-07-28,2017-08-11,3.4031851423302273,8.626028992072968,648.8956971800013,648.8912707893178,649.375044148881,0.4837733595632016,2.0,0.1974623322516674,8
2017-08-04,2017-07-28,2017-08-11,3.5244734653917185,15.416878051802206,377.7515805600957,377.37189583620057,378.5739929215051,1.2020970853045585,2.75,0.2020824647344133,8
2017-08-04,2017-07-28,2017-08-11,4.695726676003603,3.5743406698462103,317.2101937195908,316.9605572158471,317.94424813147634,0.9836909156292676,1.0,0.1014470083818567,8
2017-08-04,2017-07-28,2017-08-11,3.127025196873308,3.832309165013706,304.48040417110576,304.3347685961053,304.82721047475934,0.4924418786540627,1.0,0.0269040851311858,8
2017-08-04,2017-07-28,2017-08-11,4.334869184767549,5.421634872554042,45.48919099666104,45.263534153811634,46.00548042962328,0.7419462758116424,1.5,0.1099832771109196,8
2017-08-04,2017-07-28,2017-08-11,2.349102144171421,6.383006139485925,44.9586456330147,44.76746504101902,45.260807749815285,0.4933427087962627,1.25,0.088391020357588,8
2017-08-04,2017-07-28,2017-08-11,2.385526725180529,4.50518304713941,317.09678065993097,316.9605572158471,317.6981205432676,0.7375633274205029,1.0,0.2419158315804504,8
2017-08-04,2017-07-28,2017-08-11,2.2441114814850014,19.838362706814753,1349.2454788732373,1349.1084169461392,1349.574582729023,0.4661657828837633,0.75,0.061036143252358,8
2017-08-04,2017-07-28,2017-08-11,2.963679404353225,11.432907708550005,986.9344309786812,986.5528004099616,987.520599053707,0.967798643745482,1.25,0.0475895380590426,8
2017-08-24,2017-08-11,2017-09-07,37.70231844109183,8.459513902191185,1376.727444285554,1375.141025334131,1378.3279746389017,3.1869493047706783,7.25,0.1937408959697162,8
2017-08-24,2017-08-11,2017-09-07,2.675878973794547,4.736232763595576,1398.1845389527518,1397.8131106984802,1398.8469407907687,1.0338300922885535,0.75,0.029709880715406,8
2017-08-24,2017-08-11,2017-09-07,2.1511752614075155,6.466957440336447,1441.73155666011,1441.421680695843,1442.2346704690715,0.8129897732287645,1.25,0.1545825455366344,8
2017-08-24,2017-08-11,2017-09-07,30.526826172213937,5.105066725521298,1376.5107403779189,1374.1035478510894,1379.3179217190482,5.214373867958784,5.25,0.222154472408067,8
2017-08-24,2017-08-11,2017-09-07,2.0929532112465288,11.6157789821418,1376.132487470346,1375.8224003301002,1376.829539780505,1.007139450404793,1.25,0.0413230058044022,8
2017-08-24,2017-08-11,2017-09-07,3.056388714389741,15.286906867794835,1396.8242472611755,1396.4663677280769,1397.5124353538267,1.0460676257498562,1.25,0.0272468424580605,8
2017-08-24,2017-08-11,2017-09-07,4.679769319362946,13.913005054527474,1396.1922525151213,1394.818864909932,1397.5124353538267,2.693570443894714,2.0,0.0421295280358846,8
2017-08-24,2017-08-11,2017-09-07,11.312310935572732,12.161475476757587,1396.1044369495996,1393.8786425623111,1398.574059360195,4.695416797883809,4.0,0.074638602725875,8
2017-08-24,2017-08-11,2017-09-07,56.09063299940622,4.582197549323991,1396.565062226687,1388.9826019452885,1401.227983328048,12.24538138275966,6.25,0.2026871224639405,8
2017-08-24,2017-08-11,2017-09-07,48.24082130689215,13.143329001278168,1395.321988584081,1391.173688387964,1399.7035126383416,8.529824250377715,7.5,0.2020609711216454,8
2017-08-24,2017-08-11,2017-09-07,2.401336344986401,14.8037679599079,1625.1450893015035,1623.468615165446,1626.50115331728,3.03253815183416,2.75,0.0521652394426058,8
2017-10-10,2017-10-04,2017-10-16,3.7227075966165057,5.236133490273471,1362.7820217442263,1362.514617641922,1363.508838718757,0.9942210768349468,1.25,0.218367882698569,10
2017-10-10,2017-10-04,2017-10-16,2.9257339127992372,5.146999722053833,1365.88455744009,1365.627527222037,1366.3229804504665,0.6954532284289598,1.25,0.3354927197032447,10
2017-10-23,2017-10-16,2017-10-31,3.3061737405709968,3.690462662774292,317.32490389035786,317.2066848031245,317.6981205432676,0.4914357401430607,1.0,0.0604391142932128,10
2017-11-03,2017-10-31,2017-11-06,2.772804517700437,5.23515600791889,45.39779145193116,45.01549959741533,46.00548042962328,0.989980832207948,1.25,0.0723420321338795,11
2017-11-03,2017-10-31,2017-11-06,2.721654701573141,6.133196434108108,45.04709193165635,44.76746504101902,45.50884230621159,0.7413772651925683,1.5,0.0954061700274085,11
2017-11-18,2017-11-06,2017-12-01,2.8979447920249894,13.04643098619269,1859.0676606533705,1858.7843588581309,1859.855852516368,1.0714936582371593,1.5,0.1367672209885606,11
2017-11-18,2017-11-06,2017-12-01,2.3683109990450997,13.546006652902694,1814.0925427800976,1814.0925427800976,1814.3378509324975,0.2453081523999571,1.25,0.0886933126685884,11
2017-11-18,2017-11-06,2017-12-01,2.135522516165103,4.86468966376194,47.841377936575256,46.750880766194314,48.48525690566749,1.73437613947317,1.75,0.1051446993392262,11
2017-11-18,2017-11-06,2017-12-01,2.206897560168509,3.6446717376968354,920.4417088553876,918.3762809741312,923.189833659213,4.813552685081959,2.25,0.0532478485922428,11
2017-11-18,2017-11-06,2017-12-01,2.031701605403402,18.165716591852995,1338.692799926435,1338.3622148311697,1339.3223322946578,0.9601174634881318,1.0,0.0291469838326589,11
2017-11-18,2017-11-06,2017-12-01,2.0595097375594613,20.451486284039778,1349.6387252751058,1349.374230614863,1350.2841103142127,0.9098796993494034,1.25,0.0351310761250987,11
2017-11-18,2017-11-06,2017-12-01,3.545092167544278,5.771991334377475,1490.8911729037193,1488.0389137365855,1494.5764901614748,6.5375764248892665,4.5,0.0678160913881752,11
2017-11-18,2017-11-06,2017-12-01,2.7692985122592986,4.225316330028446,1062.037922579514,1059.374336401932,1064.2270264071412,4.852690005209297,2.5,0.0665881919959044,11
2017-11-18,2017-11-06,2017-12-01,2.5385004597278753,6.96064780450089,922.0336045609369,920.3171994755976,924.395412860904,4.078213385306299,3.0,0.0557558607721546,11
2017-11-18,2017-11-06,2017-12-01,2.577683898872949,3.7765620690387793,1151.919873488033,1149.8122252556495,1154.3027471639216,4.490521908272058,2.0,0.0752105009728128,11
2017-12-03,2017-12-01,2017-12-05,3.114585313829916,15.581103460673944,379.1718228029346,377.84148052101955,380.7758864304051,2.934405909385532,3.0,0.0696419079960372,12
2017-12-03,2017-12-01,2017-12-05,2.395081477716507,4.229454412771977,1473.7262029607743,1473.3942421549,1474.4873212380337,1.093079083133489,1.25,0.0555732820356695,12
2017-12-03,2017-12-01,2017-12-05,6.038366696390126,3.7253209614817178,1181.6577106204136,1180.195971465204,1184.641258135438,4.445286670234054,3.75,0.0959708086969726,12
2017-12-03,2017-12-01,2017-12-05,2.809789443856664,3.4604748286353773,2099.334076830994,2095.6253194431774,2102.1781341945753,6.552814751397818,1.0,0.0414051713533474,12
2017-12-03,2017-12-01,2017-12-05,4.239042008114031,5.977300865962761,1323.3566701833283,1323.0399597212672,1323.9246838036925,0.8847240824252367,1.0,0.0931424247147763,12
2017-12-03,2017-12-01,2017-12-05,2.8327590566877485,5.623363616269219,1323.855940570793,1323.6793756512925,1324.397851953283,0.7184763019904494,1.0,0.019084270161054,12
2017-12-03,2017-12-01,2017-12-05,3.865752361041387,3.84580895648184,1112.8582096263344,1110.9930851375684,1114.6958219707012,3.702736833132803,2.0,0.0568220536267336,12
2017-12-03,2017-12-01,2017-12-05,7.788139015227352,4.225836060492581,1359.0128069726038,1357.863267100416,1360.4027730501257,2.5395059497095644,3.5,0.2038995523036205,12
2017-12-03,2017-12-01,2017-12-05,2.610073651391382,4.540734894995212,1359.648595541859,1358.5731776803732,1361.4120283275845,2.838850647211075,1.75,0.1972999896784958,12
2017-12-03,2017-12-01,2017-12-05,2.9213958221051586,3.8570750120344046,1399.7480443800816,1399.099034936633,1400.9534331588077,1.8543982221744957,1.75,0.072127958675012,12
2017-12-03,2017-12-01,2017-12-05,4.358099130875369,3.614814736611147,2049.5403920358317,2045.753956247121,2055.7886489508674,10.03469270374626,2.0,0.0747828658077627,12
2017-12-03,2017-12-01,2017-12-05,5.109063982842224,4.407445418509301,1112.473369703412,1110.9930851375684,1114.4505488327704,3.457463695202023,2.75,0.0731636510695679,12
2017-12-03,2017-12-01,2017-12-05,12.24950134877994,10.017781111756973,1179.2270200399455,1176.50107899867,1182.381791739259,5.880712740588933,6.75,0.1140713622593801,12
2017-12-03,2017-12-01,2017-12-05,3.0442858234207075,4.720507768000083,318.9635722471685,318.67145138280466,319.40980772674084,0.7383563439361751,0.75,0.1449847701454362,12
2017-12-03,2017-12-01,2017-12-05,6.356714308607523,3.8341393742489345,317.24327673446516,316.9605572158471,317.94424813147634,0.9836909156292676,1.5,0.0778240804208773,12
2017-12-03,2017-12-01,2017-12-05,38.54394814362607,4.805798133588384,1481.920441990423,1469.7492742948234,1498.2489433824085,28.499669087585065,6.75,0.1980581732135082,12
2017-12-03,2017-12-01,2017-12-05,8.987140870768338,3.4891832626253514,2089.2589255786297,2083.4138990538195,2096.120412677061,12.706513623241335,1.25,0.0657746879956488,12
2017-12-03,2017-12-01,2017-12-05,2.44261925395379,4.548478665333715,2090.3759295182876,2087.620997595135,2093.622561921831,6.001564326696098,2.0,0.0570064600513793,12
2017-12-03,2017-12-01,2017-12-05,3.046340647159286,6.027045954059871,1521.1758973980468,1519.494326286018,1525.3569087660871,5.86258248006925,3.5,0.0646665460424091,12
2017-12-03,2017-12-01,2017-12-05,9.459152146711707,5.406030239805414,1358.8959649965418,1357.5533957658336,1360.4027730501257,2.8493772842921317,3.5,0.1674087492946077,12
2017-12-03,2017-12-01,2017-12-05,2.405277036473592,4.777334239169165,1399.5194549266998,1399.099034936633,1400.24950827891,1.1504733422771096,1.75,0.0600214583055192,12
2017-12-03,2017-12-01,2017-12-05,19.239471906833764,5.892626421206258,1461.7807696551868,1452.379122399725,1470.8359203394502,18.45679793972522,7.0,0.1543370650844162,12
2017-12-08,2017-12-05,2017-12-12,2.0945937708427413,3.618799918581717,2047.140974679813,2045.2406695517711,2049.5655025136657,4.324832961894572,2.25,0.0578399991692508,12
2017-12-08,2017-12-05,2017-12-12,3.3953291487496187,13.57337588059889,1814.2065069474208,1814.0925427800976,1814.587246765848,0.4947039857506752,1.25,0.1728522479829234,12
2017-12-08,2017-12-05,2017-12-12,2.932995156764352,6.88168753322758,1373.729514773465,1373.3621191978457,1374.101713118609,0.739593920763582,0.75,0.301448591659476,12
2017-12-08,2017-12-05,2017-12-12,3.198815854213918,5.319009015727771,1362.9821185945946,1362.7518869191408,1363.508838718757,0.7569517996162176,1.0,0.3849303685103316,12
2017-12-08,2017-12-05,2017-12-12,2.330215072266653,3.3519685820315672,1893.8440643132587,1892.9828172386624,1894.9908205489628,2.00800331030041,1.0,0.040211054949036,12
2017-12-08,2017-12-05,2017-12-12,2.5184776724045337,4.161343395228858,47.37973369933007,46.00820655794814,48.995257487520576,2.9870509295724332,2.75,0.1638337327665735,12
2017-12-15,2017-12-12,2017-12-19,4.374217225682885,3.621121334580563,317.14512564558254,316.9605572158471,317.94424813147634,0.9836909156292676,1.0,0.0722740202020496,12
2017-12-15,2017-12-12,2017-12-19,2.2594371083061886,8.965077764957416,2014.026368233004,2013.8478413010016,2014.3427701662297,0.4949288652278483,1.0,0.0740964811744488,12
2017-12-20,2017-12-19,2017-12-21,2.6249411652379626,19.49333822745748,1481.0132804116463,1480.7441369807348,1481.2692317496983,0.5250947689637542,1.25,0.1304608049228809,12
2017-12-20,2017-12-19,2017-12-21,3.784738669113882,19.218094856226376,1581.6649828009563,1581.5107103716582,1582.2654454098083,0.7547350381501019,1.75,0.1392245111666412,12
2017-12-20,2017-12-19,2017-12-21,3.4816671927979264,19.266087600361725,1349.5084519710442,1349.329274576623,1350.0476011191497,0.7183265425264835,2.25,0.1377129399503496,12
2017-12-20,2017-12-19,2017-12-21,2.611660979118524,7.333153832967797,1635.0446014583863,1634.796684957575,1635.5369928167202,0.7403078591451049,0.75,0.1526057034006909,12
2017-12-20,2017-12-19,2017-12-21,4.095571695371772,10.795469897194597,648.8912707893178,648.8912707893178,649.1365789417177,0.2453081523999571,1.75,0.1126744382660227,12
2017-12-20,2017-12-19,2017-12-21,5.770011965726269,8.449373999976766,648.874294195224,648.6528055821545,649.375044148881,0.7222385667264462,2.5,0.1204275937935634,12
2017-12-20,2017-12-19,2017-12-21,2.611300989404877,15.675802426166506,1844.6648707488737,1844.068600123748,1845.9383694059215,1.8697692821733656,0.75,0.0444110530989426,12
2017-12-20,2017-12-19,2017-12-21,2.752094376934071,16.92901950743509,837.1193493753852,837.0042893802747,837.4894922981039,0.4852029178291559,0.75,0.0845789453643793,12
2017-12-20,2017-12-19,2017-12-21,2.0161805906388284,3.852278177523683,1174.5460846127485,1174.2026708801277,1174.943469707854,0.7407988277263939,1.75,0.120538454046629,12
2017-12-20,2017-12-19,2017-12-21,3.0734676812302064,3.118578975629154,1136.625715838357,1136.1992106740363,1137.405328399036,1.2061177249997854,0.75,0.106964901289059,12
2017-12-28,2017-12-21,2018-01-05,2.015007159091823,18.14516202911122,1338.768062583761,1338.3622148311697,1339.3223322946578,0.9601174634881318,1.0,0.0565268600565488,12
2017-12-28,2017-12-21,2018-01-05,2.3342128592263145,3.192823985250276,1345.5837795621037,1343.7608246817254,1346.6081866282038,2.847361946478486,2.0,0.057666555218192,12
2017-12-28,2017-12-21,2018-01-05,2.175892878805564,20.138642456927187,1371.3324640443143,1371.2121309819631,1371.9620799422264,0.7499489602632821,1.25,0.0781768681003771,12
2017-12-28,2017-12-21,2018-01-05,4.851530040088883,8.091080326697467,1346.9597918032368,1345.5711911325343,1349.117278158199,3.5460870256647468,4.5,0.0793920321615453,12
2018-01-07,2018-01-05,2018-01-10,3.184218485970168,5.693223124292268,2089.2824870176228,2086.168113369029,2091.8664394351654,5.69832606613636,2.5,0.0630287839247612,1
2018-01-07,2018-01-05,2018-01-10,3.607046213281801,4.20442539214245,2102.341596444837,2099.686841524672,2106.1351523138583,6.4483107891865075,2.0,0.0652257016474915,1
2018-01-07,2018-01-05,2018-01-10,2.649625788689513,9.845491056502793,1415.607918232292,1414.5871487511322,1416.7520174803212,2.1648687291890383,1.75,0.0746269640076687,1
2018-01-07,2018-01-05,2018-01-10,11.924546852093956,7.17695095677338,1426.6779241670847,1421.6845437777229,1430.9269905192778,9.242446741554886,5.75,0.112462492236174,1
2018-01-07,2018-01-05,2018-01-10,2.6902602868830705,5.3130140971064606,1428.992907515213,1426.4855782547966,1431.2102207695134,4.724642514716834,1.5,0.0612874284421741,1
2018-01-07,2018-01-05,2018-01-10,5.256746420542304,10.95367877314808,1438.0718180800793,1435.8534231195226,1440.2849980620667,4.431574942544103,4.0,0.0769408903264367,1
2018-01-07,2018-01-05,2018-01-10,18.075509622473433,9.150509745807934,1458.1588697493962,1454.080536823254,1461.6363045475446,7.55576772429049,7.5,0.1232283796845356,1
2018-01-07,2018-01-05,2018-01-10,9.65411858936541,6.100624790906052,1531.5009084858682,1526.1814436558634,1539.8565054554492,13.67506179958582,3.75,0.1020622959457256,1
2018-01-07,2018-01-05,2018-01-10,2.5751517667968384,3.464735143537297,2103.192296037493,2099.686841524672,2107.8840101002716,8.19716857559979,1.75,0.0648838874077077,1
2018-01-07,2018-01-05,2018-01-10,2.04302582696968,3.5923131206713825,2050.154538600848,2049.065872181207,2051.0997676467523,2.0338954655453563,2.25,0.0890216239482422,1
2018-01-07,2018-01-05,2018-01-10,3.3432497987058407,11.869633402325224,792.4878671975831,791.2698001964018,794.0929346154444,2.823134419042617,3.25,0.0610611167833836,1
2018-01-07,2018-01-05,2018-01-10,4.934971608127728,7.549293785579284,827.0753717625797,825.5911116153002,828.7482869047672,3.157175289466977,5.0,0.079160668772679,1
2018-01-07,2018-01-05,2018-01-10,5.37431887703828,10.285568801173984,836.073378382896,833.6344460146502,838.4362365100533,4.801790495403111,4.5,0.0948783117543871,1
2018-01-07,2018-01-05,2018-01-10,6.466425436070574,5.414588365973559,912.7321577922972,907.629049445968,917.6213054745458,9.992256028577684,3.75,0.0906442820509313,1
2018-01-07,2018-01-05,2018-01-10,2.8152864315897186,7.377134974004883,730.0067518740371,728.128142726142,731.5004293723032,3.3722866461612284,3.25,0.0566004976125369,1
2018-01-07,2018-01-05,2018-01-10,2.2345490630692604,5.106240853120097,640.6494926564792,639.6321254218929,641.8292403020896,2.19711488019675,2.25,0.0510403668319445,1
2018-01-07,2018-01-05,2018-01-10,8.158479567691844,8.034431487837509,680.3023127132822,677.4704611399211,683.0642416821793,5.593780542258173,4.0,0.0990687035753219,1
2018-01-07,2018-01-05,2018-01-10,4.769983968143631,6.433773187885681,1349.994960275499,1349.1084169461392,1351.511856016703,2.4034390705637634,4.5,0.0724977877189206,1
2018-01-07,2018-01-05,2018-01-10,7.302307691248152,5.575517052825685,1081.3117486538445,1073.5032048234716,1086.0739074484443,12.57070262497291,3.25,0.0842756734125249,1
2018-01-07,2018-01-05,2018-01-10,6.205911244573725,4.245736862510107,680.2891788170455,676.822291128803,682.8277593725361,6.005468243733048,4.0,0.0859809064663072,1
2018-01-07,2018-01-05,2018-01-10,2.9294159881667605,3.912498597361533,317.3165877318793,317.2066848031245,317.6981205432676,0.4914357401430607,1.0,0.0743000052172537,1
2018-01-07,2018-01-05,2018-01-10,3.70585357735179,3.234320170038496,912.8418939708982,907.8750058976002,917.6213054745458,9.746299576945605,1.75,0.0677700044035191,1
2018-01-07,2018-01-05,2018-01-10,8.791939606885748,3.570821707947981,827.3366202838156,825.3525774390437,830.6226101065986,5.270032667554915,2.75,0.0861726601973582,1
2018-01-07,2018-01-05,2018-01-10,2.7053318971124476,20.419512923569364,1349.686374944402,1349.374230614863,1350.3292277059518,0.954997091088444,1.5,0.043805514423722,1
2018-01-07,2018-01-05,2018-01-10,8.84462989688308,3.4019037815126776,1456.1781189209112,1451.5634049745277,1461.9186953119934,10.355290337465703,3.25,0.0997974393986918,1
2018-01-07,2018-01-05,2018-01-10,2.825118811627176,4.014628016251654,1436.5229154568972,1434.7154550449925,1438.5443881796673,3.828933134675026,4.0,0.0628702283214582,1
2018-01-07,2018-01-05,2018-01-10,10.357319368324394,3.4414870597367218,1426.8555470214935,1421.4018022781238,1432.335855933372,10.934053655248135,2.25,0.1009319731689696,1
2018-01-07,2018-01-05,2018-01-10,2.112418965082808,9.13429315547452,1416.1784684367594,1415.1482803849503,1416.7520174803212,1.6037370953708887,1.25,0.078434082310586,1
2018-01-07,2018-01-05,2018-01-10,4.5176411138573,3.4196959670793983,1532.4396011092383,1526.7161781578325,1539.8565054554492,13.14032729761675,2.25,0.077580237577251,1
2018-01-07,2018-01-05,2018-01-10,6.496963909289884,4.0714227412889,1081.77017189383,1073.9865387449972,1085.831167720724,11.844628975726664,3.25,0.0954753005043927,1
2018-01-15,2018-01-15,2018-01-16,4.809457668160032,3.70324892710211,317.35960398499674,317.2066848031245,317.94424813147634,0.7375633283518255,1.25,0.1175034462625075,1
2018-01-16,2018-01-16,2018-01-17,2.3659665277055755,4.694075851318034,1460.8472654445134,1459.7373929196035,1461.9186953119934,2.1813023923896253,2.0,0.0549250229773845,1
2018-01-16,2018-01-16,2018-01-17,2.4035581009226874,14.291910793068157,1433.6712275433758,1433.262305568438,1434.3588414103724,1.096535841934383,1.0,0.2267531405210555,1
2018-01-16,2018-01-16,2018-01-17,3.615205591719891,3.3843561671814,1818.553708479904,1817.459781808313,1819.7011465821415,2.2413647738285363,0.5,0.1171167951767693,1
2018-01-16,2018-01-16,2018-01-17,2.3462068947027204,3.78931177840569,1398.9546888598898,1398.328751207795,1399.7035126383416,1.3747614305466411,1.5,0.055488345711473,1
2018-01-16,2018-01-16,2018-01-17,5.985274223676938,4.133285161965125,317.10340441137,316.9605572158471,317.6981205432676,0.7375633274205029,1.75,0.1135518236228654,1
2018-01-16,2018-01-16,2018-01-17,4.595114763837523,4.419859174215687,318.9090519079362,318.42540382035077,319.40980772674084,0.9844039063900708,1.0,0.0347779192525905,1
2018-01-16,2018-01-16,2018-01-17,4.7111909019308955,11.064890743103623,648.8912707893178,648.8912707893178,649.1365789417177,0.2453081523999571,1.75,0.1028493130891587,1
2018-01-16,2018-01-16,2018-01-17,2.2228573698906877,3.4588427234373156,1304.1587731693128,1303.883926642127,1304.808229709044,0.9243030669167638,0.75,0.1005817734959052,1
2018-01-16,2018-01-16,2018-01-17,2.8067588456148767,14.431879788240762,1377.618077363501,1377.0177037906833,1378.0183608378284,1.0006570471450686,1.25,0.1404910259543679,1
2018-01-16,2018-01-16,2018-01-17,2.4989596679317927,5.176587356609844,1364.893592024278,1364.6519051846117,1365.3981793727726,0.7462741881608963,1.0,0.0293593611969135,1
2018-01-17,2018-01-17,2018-01-18,4.973091697759185,11.303019749087882,1320.7513052298884,1319.2294546393678,1322.1020673043097,2.8726126649416983,1.25,0.223306880968555,1
2018-01-18,2018-01-18,2018-01-19,4.770380202136796,3.843951402928669,407.3351235835535,401.89990060357377,411.3123213057406,9.412420702166855,2.5,0.0766687841130958,1
2018-01-18,2018-01-18,2018-01-19,19.151306255723036,5.252961505632812,1109.2585615465343,1101.1280139661394,1119.1362607302144,18.00824676407501,4.0,0.1277972784127652,1
2018-01-18,2018-01-18,2018-01-19,2.3376401207505335,3.1536238958843423,1512.7398535099442,1508.0907120988704,1516.2550965277478,8.164384428877383,1.75,0.0559233720474443,1
2018-01-18,2018-01-18,2018-01-19,2.358076681599935,3.260486192385505,1467.8150998704768,1467.0684012700804,1468.4471303392202,1.3787290691398084,1.0,0.1101015504671643,1
2018-01-18,2018-01-18,2018-01-19,2.4953055576936434,3.111113824135003,1399.615890645426,1399.099034936633,1400.678882990498,1.5798480538651347,1.75,0.1092096605770795,1
2018-01-18,2018-01-18,2018-01-19,3.128416830021873,4.126410093799048,1399.04681628078,1397.8131106984802,1400.24950827891,2.4363975804299116,2.25,0.1229505564626284,1
2018-01-18,2018-01-18,2018-01-19,8.330388147906639,3.312202511467401,1109.4104792764974,1100.884034828283,1114.9410951090977,14.057060280814769,3.0,0.0964175541694293,1
2018-01-18,2018-01-18,2018-01-19,2.3813123924493356,3.7131099556162255,1428.7737267380255,1426.2027393258177,1431.7692285790108,5.56648925319314,1.5,0.0555608062362857,1
2018-01-18,2018-01-18,2018-01-19,2.9288171909667526,5.968296454686477,1513.763575056551,1512.2228251565248,1515.1753885825165,2.952563425991684,3.5,0.0609881189182517,1
2018-01-22,2018-01-20,2018-01-25,2.5634168380564053,12.77243545499631,1859.1115872198443,1858.7843588581309,1859.855852516368,1.0714936582371593,1.0,0.1926912619698717,1
2018-01-22,2018-01-20,2018-01-25,2.195989381228702,20.698786928006008,1353.4151092054954,1353.3692009369845,1353.8510094825178,0.4818085455335676,1.0,0.0806624582019355,1
2018-01-22,2018-01-20,2018-01-25,4.519650800895837,11.960256059080848,1399.4352556561855,1398.8745140717365,1400.24950827891,1.374994207173586,3.5,0.0727032198681651,1
2018-01-22,2018-01-20,2018-01-25,2.46940126210836,19.663856652654054,1349.4339671713772,1349.329274576623,1350.0476011191497,0.7183265425264835,1.25,0.0959549297422339,1
2018-01-28,2018-01-25,2018-02-01,9.287909762111791,4.955888745703038,1396.4741784606424,1393.339038261678,1398.8469407907687,5.507902529090643,3.0,0.1199284740891783,1
2018-01-28,2018-01-25,2018-02-01,2.126665358687512,4.121335259041962,1358.8873772524903,1357.863267100416,1360.4027730501257,2.5395059497095644,3.0,0.0889736069248885,1
2018-01-28,2018-01-25,2018-02-01,4.4351357030550504,7.730194911137145,1652.907872022343,1650.943683560472,1655.1278050327674,4.184121472295374,4.5,0.091111907032934,1
2018-01-28,2018-01-25,2018-02-01,2.3566300380981944,3.9471781815825544,1476.6092096991151,1472.866028902121,1479.0682857525535,6.2022568504326046,2.25,0.0563705123005437,1
2018-01-28,2018-01-25,2018-02-01,3.1731533711398625,4.449671319971411,1463.6870717874492,1459.7373929196035,1466.7496750699356,7.012282150331885,3.5,0.0664255131281112,1
2018-02-05,2018-02-01,2018-02-09,2.230920035589693,19.742934767519316,1349.4245977665207,1349.329274576623,1349.8110919236206,0.481817346997559,1.0,0.1593635145775077,2
2018-02-05,2018-02-01,2018-02-09,2.3721788953380663,18.571524050691817,1349.6346634485894,1349.5657837712206,1350.0476011191497,0.4818173479288816,1.25,0.1405144057413175,2
2018-02-05,2018-02-01,2018-02-09,2.1634069391565585,17.54719422755506,1608.3628409831354,1608.2245224695653,1608.7202240312472,0.4957015616819262,1.5,0.0719588902094096,2
2018-02-12,2018-02-09,2018-02-16,2.5852443574569537,19.820830244537724,1584.0074484591064,1583.8055318528786,1584.5580222476274,0.7524903947487473,2.0,0.0896064914703671,2
2018-02-19,2018-02-16,2018-02-23,2.343418354280314,13.578134965009523,1814.341938613448,1814.3419386134483,1814.587246765848,0.2453081523999571,1.25,0.1312972719971856,2
2018-02-19,2018-02-16,2018-02-23,2.353295073766317,19.41196393129731,1351.1710806765186,1350.7679464397952,1351.748293996323,0.980347556527704,1.0,0.0349522953246112,2
2018-02-19,2018-02-16,2018-02-23,2.580497522053938,18.15045693618617,1338.7621134494489,1338.1256518112496,1339.3223322946578,1.1966804834082725,1.25,0.0495846314889573,2
2018-02-25,2018-02-23,2018-02-27,2.518594745720266,3.4367597994168735,317.3320249091743,317.2066848031245,317.6981205432676,0.4914357401430607,0.75,0.0557556122065648,2
2018-02-25,2018-02-23,2018-02-27,2.8021942741690946,15.94866164441363,1402.6584503742306,1402.3609678507785,1403.1553931939416,0.7944253431633115,0.75,0.0757614539134307,2
2018-02-25,2018-02-23,2018-02-27,3.232098467080049,8.582760133372377,1416.8166116545158,1415.4288462013938,1418.349097140599,2.920250939205289,1.75,0.0578617523137375,2
2018-02-25,2018-02-23,2018-02-27,3.864931743944571,5.178885203912433,1365.9366901721537,1365.627527222037,1366.5602492308244,0.9327220087870955,0.75,0.2425197289917028,2
2018-02-25,2018-02-23,2018-02-27,3.318738424136922,13.390383415669692,1399.9952508836466,1399.9227739777416,1400.4043328207918,0.481558843050152,2.0,0.1169852893582422,2
2018-02-25,2018-02-23,2018-02-27,4.460319344615621,6.432604410091053,1310.0221048855055,1309.6085553164594,1310.5671685361303,0.9586132196709514,2.0,0.1786757303505677,2
2018-02-25,2018-02-23,2018-02-27,2.263396381885924,15.086162404465927,1242.8884185227912,1242.728091719095,1243.4463637191802,0.7182720000855625,1.0,0.1610357615153685,2
2018-02-25,2018-02-23,2018-02-27,4.289833674338823,5.931730960575908,1362.694529891663,1362.514617641922,1363.2344643478282,0.7198467059060931,1.5,0.2092907206245237,2
2018-02-25,2018-02-23,2018-02-27,3.0037836076483315,14.21349073576514,1433.6511456024853,1433.262305568438,1434.3588414103724,1.096535841934383,1.0,0.251681432609302,2
2018-02-28,2018-02-27,2018-03-01,2.228272547354917,5.089056857081994,1863.160078772654,1862.6802802984605,1863.7280526058748,1.0477723074145615,0.5,0.2655696109175797,2
2018-02-28,2018-02-27,2018-03-01,2.0114148051810403,13.4385911983573,1575.953114531727,1575.4491701074876,1576.4615424857475,1.0123723782598972,1.0,0.1023077837086965,2
2018-02-28,2018-02-27,2018-03-01,2.3653059741781997,20.297355785373288,1349.654554770938,1349.374230614863,1350.0926647270098,0.7184341121464968,1.5,0.0540275330507758,2
2018-03-05,2018-03-01,2018-03-09,3.6893033722338218,13.363822491358569,1814.3441468152505,1814.0925427800976,1814.8366425996649,0.7440998195670545,1.5,0.17098907342906,3
2018-03-11,2018-03-09,2018-03-14,2.9886919434774963,3.1410331049320614,854.9127554646238,853.5829797443002,856.6832059668377,3.100226222537458,2.0,0.0729699234353035,3
2018-03-11,2018-03-09,2018-03-14,4.584822431014315,4.974511285167152,856.7128871579973,854.7007380118594,859.3496657651849,4.648927753325552,4.5,0.0985775306590588,3
2018-03-11,2018-03-09,2018-03-14,4.772818810479805,6.586632821328422,854.9632159655212,854.0686257821508,856.4096680213697,2.3410422392189503,2.75,0.0682682248853292,3
2018-03-11,2018-03-09,2018-03-14,2.9619640870975683,8.321292816346896,857.993368308468,855.6777536976151,859.9516488588415,4.273895161226392,2.5,0.0625055314259044,3
2018-03-16,2018-03-14,2018-03-19,3.531126222484806,15.989359852667535,377.7108970079477,377.5978783988394,378.0867886734195,0.488910274580121,2.25,0.2018848989550117,3
2018-03-16,2018-03-14,2018-03-19,4.581895720775069,3.766127290095671,317.28019675308764,316.9605572158471,317.6981205432676,0.7375633274205029,1.25,0.0340876160558605,3
2018-03-16,2018-03-14,2018-03-19,2.7104796886905613,4.428827012336091,317.1736564088487,316.9605572158471,317.6981205432676,0.7375633274205029,0.75,0.1655303976182592,3
2018-03-16,2018-03-14,2018-03-19,2.610890098249607,8.538796445559804,648.9043406262972,648.8912707893178,649.375044148881,0.4837733595632016,1.75,0.1117491821008791,3
2018-03-16,2018-03-14,2018-03-19,4.674815382552268,6.027231165755623,45.34034429381806,45.01549959741533,46.00548042962328,0.989980832207948,2.25,0.0822337801995714,3
2018-03-16,2018-03-14,2018-03-19,2.4423640108212177,12.851063546635247,1400.1379752342916,1399.9227739777416,1400.678882990498,0.7561090127564967,1.0,0.0943858667671643,3
2018-03-16,2018-03-14,2018-03-19,2.47056647583226,13.54729241151383,1814.341938613448,1814.3419386134483,1814.587246765848,0.2453081523999571,1.25,0.1102322009276323,3
2018-03-16,2018-03-14,2018-03-19,2.6281812566418994,4.204098197697454,46.15888991950131,45.76017227722332,46.74958327272907,0.9894109955057502,1.75,0.1522000736010936,3
2018-03-16,2018-03-14,2018-03-19,3.3464404605170683,11.3238344219313,648.8912707893179,648.8912707893178,649.1365789417177,0.2453081523999571,1.25,0.1060752850430459,3
2018-03-23,2018-03-19,2018-03-28,2.8560388003505044,6.181018970540016,1310.1140334005286,1309.8451614393853,1310.5671685361303,0.7220070967450738,1.5,0.2262339016253992,3
2018-03-23,2018-03-19,2018-03-28,2.7469631436562447,5.545313296737546,1323.8672328624284,1323.6793756512925,1324.397851953283,0.7184763019904494,0.75,0.079951611790281,3
2018-03-23,2018-03-19,2018-03-28,5.436617396748811,14.43231554344295,2067.31905647403,2067.074337032158,2067.8228392363526,0.748502204194665,0.75,0.1760660256014035,3
2018-04-01,2018-03-28,2018-04-05,2.6774078568543795,4.6877954650559,318.95888063713517,318.67145138280466,319.40980772674084,0.7383563439361751,0.75,0.0162082712468993,4
2018-04-01,2018-03-28,2018-04-05,2.9180649666848337,3.930350544102468,317.337221157649,317.2066848031245,317.6981205432676,0.4914357401430607,0.75,0.0190566245499377,4
2018-04-01,2018-03-28,2018-04-05,4.876716257385052,4.517173890188914,317.2681034169666,316.9605572158471,317.94424813147634,0.9836909156292676,1.0,0.0535052199836335,4
2018-04-15,2018-04-12,2018-04-19,4.045559373147155,13.29271581532809,1403.277728747148,1401.8446367918514,1404.553577087354,2.708940295502543,2.75,0.0908147688025464,4
2018-04-15,2018-04-12,2018-04-19,5.496172022120673,8.032443411872965,1403.7251760911458,1400.7081250064075,1406.8075600243174,6.099435017909855,4.5,0.0938979252035691,4
2018-04-15,2018-04-12,2018-04-19,9.670955314405385,3.450375640148704,1403.3395129759556,1400.7081250064075,1405.6941328151152,4.9860078087076545,3.0,0.1038584382086131,4
2018-04-15,2018-04-12,2018-04-19,2.12012476874711,5.3464529313756115,45.46285755744432,45.263534153811634,45.756876861676574,0.4933427078649401,1.25,0.0718644791497888,4
2018-04-15,2018-04-12,2018-04-19,4.510983818563395,12.159631073378328,1399.9994285595512,1399.099034936633,1401.5407856148668,2.4417506782338023,2.5,0.0663681456521282,4
2018-04-15,2018-04-12,2018-04-19,8.56114204497063,12.27625135490677,1402.1763567266596,1399.373614619486,1404.2789172367193,4.905302617233247,3.5,0.0809319471658305,4
2018-04-15,2018-04-12,2018-04-19,3.698772266916461,9.867390079562597,1406.0254010822848,1404.6168766976334,1407.9205493647603,3.3036726671271026,2.75,0.0949265554110727,4
2018-04-15,2018-04-12,2018-04-19,2.624044134651674,8.578342454330354,1840.164249917555,1837.7876203893684,1841.9503837418745,4.162763352505863,2.0,0.1491874001662939,4
2018-04-22,2018-04-19,2018-04-26,2.2390507743009898,3.741601618295914,317.3856123645489,317.2066848031245,317.6981205432676,0.4914357401430607,1.0,0.0488331482587414,4
2018-04-22,2018-04-19,2018-04-26,2.1336019986399637,3.872750179933867,317.10690137559675,316.9605572158471,317.4519929555245,0.4914357396773994,0.5,0.0470314681007275,4
2018-05-06,2018-05-02,2018-05-11,4.1178928974290265,19.03611735989021,1349.5779052297712,1349.329274576623,1350.2841103142127,0.9548357375897468,2.75,0.1413730243961278,5
2018-05-13,2018-05-11,2018-05-15,2.112974036104651,20.48887327234416,1350.091772691328,1349.84735657461,1350.5402538082562,0.692897233646363,1.5,0.1106355717046631,5
2018-05-13,2018-05-11,2018-05-15,2.036961625461238,4.4940571565515794,318.78550787593605,318.42540382035077,319.163759812247,0.7383559918962419,0.75,0.1138743740294372,5
2018-05-13,2018-05-11,2018-05-15,2.3119287600271123,3.8264888048180343,317.09490276148415,316.9605572158471,317.4519929555245,0.4914357396773994,0.75,0.0271331529437224,5
2018-05-19,2018-05-15,2018-05-24,2.01628447864137,17.710128525890806,1576.4852665023102,1576.2162343333475,1576.9895432651974,0.7733089318498969,1.25,0.1156979389254854,5
2018-05-19,2018-05-15,2018-05-24,3.528992716156345,13.365293596806234,1814.1599466877103,1814.0925427800976,1814.587246765848,0.4947039857506752,1.5,0.1547462040452817,5
2018-05-19,2018-05-15,2018-05-24,3.461708308248285,15.60190987283754,377.6615428293656,377.37189583620057,378.0867886734195,0.7148928372189403,2.0,0.2387551154046471,5
2018-05-19,2018-05-15,2018-05-24,2.9963066151631805,3.9299191286393342,317.3442520266947,317.2066848031245,317.6981205432676,0.4914357401430607,0.75,0.0201185314757802,5
2018-05-19,2018-05-15,2018-05-24,2.490145746016062,4.432526351227714,317.1889700097182,316.9605572158471,317.6981205432676,0.7375633274205029,0.75,0.2298799786691151,5
2018-05-19,2018-05-15,2018-05-24,2.134184605501914,4.953558916277731,303.9462740775802,303.3878056774847,304.82721047475934,1.4394047972746191,1.75,0.0847391458870268,5
2018-05-19,2018-05-15,2018-05-24,2.5760342628750976,4.0386071900710565,46.10849591743434,46.00820655794814,46.50154899107292,0.4933424331247806,1.0,0.2002340579008871,5
2018-05-19,2018-05-15,2018-05-24,4.9746132215744465,5.977925419290732,45.38847072368962,45.01549959741533,46.00548042962328,0.989980832207948,2.5,0.1608725416518798,5
2018-05-19,2018-05-15,2018-05-24,2.2783221564186995,19.61403331918363,1349.4116548425666,1349.329274576623,1350.0476011191497,0.7183265425264835,1.5,0.0797616565043799,5
2018-06-04,2018-05-24,2018-06-15,3.7583265243260935,3.2479117371401,1771.7697052932438,1770.2975953831335,1773.5989605900832,3.301365206949413,1.25,0.0919221065729954,6
2018-06-04,2018-05-24,2018-06-15,3.226124416317615,13.414793477662895,1379.9652733807334,1378.4448927594349,1381.4630663427524,3.018173583317548,2.0,0.0578769623346095,6
2018-06-04,2018-05-24,2018-06-15,9.489301622528346,14.03348469085628,1379.943770600548,1378.4448927594349,1382.535743883811,4.090851124376059,4.5,0.1150904226916751,6
2018-06-04,2018-05-24,2018-06-15,2.0961974115620183,20.25525004798038,1371.39523704205,1371.2121309819631,1371.9620799422264,0.7499489602632821,1.0,0.0186839479678749,6
2018-06-21,2018-06-15,2018-06-28,2.668444848909028,3.63100513220358,2098.6079969356997,2095.375534361694,2103.384188659489,8.008654297795147,1.0,0.0597419755427624,6
2018-06-21,2018-06-15,2018-06-28,2.564385805258385,17.656263564234116,1576.351019009326,1576.2162343333475,1576.9895432651974,0.7733089318498969,1.25,0.0898040718712739,6
2018-06-21,2018-06-15,2018-06-28,2.1952851015231616,3.5162626913022392,2096.9747132263187,2093.3772537694313,2100.4312678519636,7.054014082532376,1.0,0.0449112182409555,6
2018-06-21,2018-06-15,2018-06-28,2.0249533621119937,18.224853790702447,1338.7233813517364,1338.1256518112496,1339.3223322946578,1.1966804834082725,1.25,0.1319078660578582,6
2018-07-13,2018-07-11,2018-07-16,5.572039762281207,14.505101653352822,2067.252268287132,2067.074337032158,2067.8228392363526,0.748502204194665,0.75,0.1630799503046516,7
2018-07-20,2018-07-16,2018-07-24,2.4371095101968105,13.525147107819013,1814.3419386134483,1814.3419386134483,1814.587246765848,0.2453081523999571,1.25,0.1431504438214987,7
2018-07-20,2018-07-16,2018-07-24,2.4501911806939196,3.6964292552700218,317.34420991041884,317.2066848031245,317.6981205432676,0.4914357401430607,0.75,0.0633143053692005,7
2018-08-04,2018-07-31,2018-08-08,3.205589241590947,3.7167434577274294,2155.3625836445876,2152.6570110530593,2158.43741449574,5.780403442680836,1.75,0.066912687062679,8
2018-08-04,2018-07-31,2018-08-08,2.2876837287846628,3.82976874258438,317.096076432441,316.9605572158471,317.4519929555245,0.4914357396773994,0.75,0.0276572297299396,8
2018-08-04,2018-07-31,2018-08-08,3.9893180636627217,6.744685073026855,2155.947041599617,2153.16081817355,2158.43741449574,5.2765963221900165,4.0,0.071702465560486,8
2018-08-19,2018-08-14,2018-08-24,7.335287225891992,8.706907683580694,1616.8503533534097,1610.9818121711724,1622.9676090660505,11.985796894878147,3.5,0.1071885518338877,8
2018-08-19,2018-08-14,2018-08-24,73.96977865868173,17.066543520909242,1621.03445095,1613.5354089182802,1627.208049448673,13.672640530392528,8.75,0.1902943293656047,8
2018-08-19,2018-08-14,2018-08-24,77.78257745275123,3.991135110075129,1625.5398699435189,1612.5430572996847,1638.5221069445834,25.979049644898623,5.5,0.3411079041066087,8
2018-08-19,2018-08-14,2018-08-24,34.55282951812473,16.468877277571554,1631.4439890511258,1627.211212734226,1634.5324652036652,7.3212524694390595,4.25,0.0845905475288224,8
2018-08-19,2018-08-14,2018-08-24,2.2193059211143176,13.242183607572112,1626.97009890584,1626.4657984199002,1627.725139570888,1.2593411509878931,1.25,0.0240925378123244,8
2018-08-19,2018-08-14,2018-08-24,2.3193904207527383,17.813323059236073,1629.515261880813,1628.9736532950774,1630.2084478749894,1.234794579911977,1.25,0.019601650297851,8
2018-08-19,2018-08-14,2018-08-24,203.43568533483096,17.277203577096063,1625.3292510576807,1613.7854798426852,1634.5324652036652,20.74698536098003,9.75,0.2169126773851483,8
2018-08-19,2018-08-14,2018-08-24,4.209827646974339,3.850546590499543,317.3516073659109,317.2066848031245,317.94424813147634,0.7375633283518255,1.25,0.074207860490952,8
2018-08-26,2018-08-24,2018-08-28,2.000194839579533,14.207093881322894,1433.7512080586184,1433.262305568438,1434.3588414103724,1.096535841934383,0.75,0.1783932136254643,8
2018-09-01,2018-08-28,2018-09-06,2.887304673568717,19.073509362229572,1385.162283350678,1383.3172756666318,1387.1675080945715,3.8502324279397726,1.5,0.1661945502527883,9
2018-09-08,2018-09-06,2018-09-10,3.5119609711352155,3.538579915964609,1620.3775284558858,1616.547719172202,1624.2071525892245,7.659433417022228,1.5,0.0599544150484144,9
2018-09-15,2018-09-10,2018-09-21,5.293753608413362,18.60113356037982,1349.7206793224682,1349.329274576623,1350.2841103142127,0.9548357375897468,2.75,0.2622264914633546,9
2018-09-15,2018-09-10,2018-09-21,2.5343018267184356,11.039187883762564,1356.6286907338742,1356.5577603345737,1357.0395219190978,0.4817615845240652,0.75,0.3427546657607591,9
2018-09-15,2018-09-10,2018-09-21,6.421175281008497,16.075236601678206,840.8203852956703,840.2282964750193,841.5622608703561,1.3339643953368068,3.25,0.2766878912647983,9
2018-09-15,2018-09-10,2018-09-21,4.899623745926541,3.5332301979500933,317.20218331377566,316.9605572158471,317.94424813147634,0.9836909156292676,1.0,0.0736985495973837,9
2018-09-15,2018-09-10,2018-09-21,2.5067114055476316,4.343869489258459,318.7732686291297,318.42540382035077,319.163759812247,0.7383559918962419,1.25,0.0661835418371612,9
2018-09-15,2018-09-10,2018-09-21,3.506131406874545,15.743035693377282,840.7261201036994,840.1322868298739,841.5622608703561,1.4299740404821932,2.0,0.0501447411472596,9
2018-09-23,2018-09-21,2018-09-26,2.666204020263893,13.39991864323506,1814.177472508744,1814.0925427800976,1814.587246765848,0.4947039857506752,1.0,0.1612040404196856,9
2018-09-23,2018-09-21,2018-09-26,2.5514301618245723,8.619692479089888,1380.9060424397078,1379.7052839216776,1382.7342569399625,3.028973018284887,2.0,0.0616919762503803,9
2018-09-29,2018-09-26,2018-10-02,3.00418100685522,18.96447834126481,1385.3185071479995,1383.3172756666318,1387.1675080945715,3.8502324279397726,1.5,0.0412402371183641,9
2018-09-29,2018-09-26,2018-10-02,3.2911357375584984,16.99296966961724,1432.0905477809722,1432.090547780972,1432.335855933372,0.2453081523999571,1.25,0.0856386316491068,9
2018-09-29,2018-09-26,2018-10-02,4.161212170696525,4.1282298604707846,1442.7604843014897,1441.9893623166718,1443.3708617347293,1.381499418057501,1.75,0.1299807809043972,9
2018-09-29,2018-09-26,2018-10-02,6.738034792646398,15.81349770830288,1452.4068940933482,1449.1284452038817,1454.8845315147191,5.756086310837418,1.25,0.0670220339899477,9
2018-09-29,2018-09-26,2018-10-02,7.596555310668205,14.106287005752192,1452.9396222696737,1449.1284452038817,1455.1679534967989,6.039508292917162,3.5,0.0827720928488711,9
2018-09-29,2018-09-26,2018-10-02,2.0018206193595636,4.732095388326537,1444.163219244649,1443.409408006817,1445.1263719205745,1.716963913757354,1.0,0.0761801041634837,9
2018-09-29,2018-09-26,2018-10-02,178.68534855143446,5.616118784603818,1455.9779331487166,1444.0303401737474,1474.2004431961104,30.170103022363037,9.75,0.3276866489480801,9
2018-09-29,2018-09-26,2018-10-02,3.1591562719450357,16.974072942758244,1453.0070270134693,1452.1302819857374,1454.042434186209,1.9121522004716096,0.75,0.0288147265742665,9
2018-09-29,2018-09-26,2018-10-02,8.347595472237847,12.640004702310282,1662.5992137902103,1660.270054911729,1666.4620091635734,6.191954251844436,3.0,0.0928715467078792,9
2018-09-29,2018-09-26,2018-10-02,3.100550927795924,13.531799589181857,1814.2922604131252,1814.0925427800976,1814.587246765848,0.4947039857506752,1.5,0.0572006665399418,9
2018-09-29,2018-09-26,2018-10-02,4.2211412589630255,4.480573120565706,1443.181288214483,1442.841699154582,1443.654716159217,0.813017004635185,0.75,0.0757262965039746,9
2018-09-29,2018-09-26,2018-10-02,360.1083310548353,19.07942760828236,1456.5144812922588,1447.433612935245,1466.4676578892395,19.034044953994453,13.5,0.339727984923897,9
2018-09-29,2018-09-26,2018-10-02,3.2455810324252172,9.062553802716172,1454.4585523448716,1453.797126033809,1455.1679534967989,1.370827462989837,1.0,0.0550970669193123,9
2018-09-29,2018-09-26,2018-10-02,7.182283563750054,3.6847669421208153,1458.9425859448847,1458.0280833393335,1459.7002794919536,1.6721961526200175,1.5,0.0684065150823081,9
2018-09-29,2018-09-26,2018-10-02,4.641009895359296,8.843595801925428,1662.2189825055473,1660.024045318365,1665.2298903656192,5.205845047254115,4.25,0.0779749378016482,9
2018-09-29,2018-09-26,2018-10-02,14.7610695491099,13.258033573555457,1662.4189455359412,1660.270054911729,1666.2161146136932,5.946059701964259,5.0,0.1057420609376166,9
2018-09-29,2018-09-26,2018-10-02,2.780330571816067,19.256524101197,1451.026155897531,1450.6727265422232,1451.8087131269276,1.1359865847043693,1.0,0.0185174291272564,9
2018-09-29,2018-09-26,2018-10-02,2.3872279985444607,4.799852141967858,1855.4053815924783,1854.706613432616,1856.551521638874,1.8449082062579691,2.0,0.0569345807314017,9
2018-09-29,2018-09-26,2018-10-02,5.966706359005479,3.67986571975883,1661.5464540599348,1659.5319988806732,1664.9841455430724,5.452146662399173,4.0,0.0925002847564528,9
2018-09-29,2018-09-26,2018-10-02,6.008113025935753,18.14562753997666,1455.1410244058657,1454.080536823254,1456.8752319440246,2.794695120770484,1.5,0.0283962682314704,9
2018-09-29,2018-09-26,2018-10-02,20.26068900935033,16.257407795466936,1459.1870519293498,1455.4894893039018,1463.0897323437966,7.600243039894849,3.0,0.0736661264094158,9
2018-09-29,2018-09-26,2018-10-02,8.685877806151876,13.874325656095923,1460.1689497093794,1458.3105832077565,1461.9186953119934,3.60811210423708,1.5,0.1112638797189877,9
2018-09-29,2018-09-26,2018-10-02,58.83861552108976,19.674504522990073,1461.402946852243,1458.3105832077565,1465.6265281541273,7.315944946371019,6.25,0.133221081933463,9
2018-10-03,2018-10-02,2018-10-05,2.2359874887478957,14.592567935982553,1452.92484795705,1452.379122399725,1453.4744044584222,1.095282058697194,0.75,0.0217058384340682,10
2018-10-03,2018-10-02,2018-10-05,3.598955091837118,22.179068248166267,1449.1039734800545,1448.8447728012688,1450.9180346946232,2.0732618933543563,2.25,0.1004992570308332,10
2018-10-03,2018-10-02,2018-10-05,5.294253423773876,20.171930183656073,1448.742492045326,1448.284337863326,1449.6574257616885,1.373087898362428,1.25,0.0249308581624238,10
2018-10-03,2018-10-02,2018-10-05,7.793132140015378,22.948887991168675,1448.0469288052589,1447.433612935245,1448.8064085533842,1.3727956181392074,1.75,0.0322759932742532,10
2018-10-03,2018-10-02,2018-10-05,4.071700759061733,19.13625122075681,1449.2985930861082,1449.1284452038817,1449.6574257616885,0.5289805578067899,1.0,0.017631941628798,10
2018-10-03,2018-10-02,2018-10-05,2.0020147194351505,6.5639853030619335,1812.6704661212016,1812.587593643926,1813.0824203104712,0.4948266665451228,1.5,0.0607823906835251,10
2018-10-03,2018-10-02,2018-10-05,4.463214410103208,5.087833914352654,1812.587593643926,1812.587593643926,1812.832901796326,0.2453081523999571,1.75,0.0584364396128082,10
2018-10-03,2018-10-02,2018-10-05,3.4564188512121605,5.490986275124893,1445.5498583534618,1444.5974892345257,1446.5386047121135,1.9411154775880275,1.5,0.0383861412191253,10
2018-10-03,2018-10-02,2018-10-05,4.4884100104362075,4.277750334036498,1445.3695473469234,1444.0303401737474,1446.8222608538345,2.7919206800870597,1.5,0.0465634410273295,10
2018-10-03,2018-10-02,2018-10-05,35.43102920807541,5.75223089011751,1449.4553408392117,1442.557844728697,1457.990891625639,15.43304689694196,7.25,0.1688305737114642,10
2018-10-03,2018-10-02,2018-10-05,44.432217956826115,18.59794450808109,1447.160996040784,1443.409408006817,1449.6574257616885,6.248017754871398,4.0,0.0696676345345849,10
2018-10-03,2018-10-02,2018-10-05,2.3919274281470244,6.635218043208158,1447.0229287874563,1446.2932965597138,1447.962496060878,1.6691995011642575,1.0,0.0284742282699582,10
2018-10-03,2018-10-02,2018-10-05,4.861995315159531,22.290267949717332,1441.724386723012,1440.860048595816,1442.803152881097,1.9431042852811515,1.5,0.0309195708505334,10
2018-10-03,2018-10-02,2018-10-05,17.205661755206407,17.673044326390723,1442.8440724222987,1441.705521507189,1445.1263719205745,3.4208504133857787,3.5,0.0501633616342392,10
2018-10-03,2018-10-02,2018-10-05,18.578741941570165,14.099032474056829,1446.8322045922826,1441.9893623166718,1452.624430552125,10.635068235453218,3.0,0.0930746394162783,10
2018-10-03,2018-10-02,2018-10-05,4.299254733931743,19.241488934827156,1441.518038957056,1440.5761865782551,1442.5185112748295,1.94232469657436,1.25,0.022357668795019,10
2018-10-03,2018-10-02,2018-10-05,2.057609825919124,4.039218820181434,1443.1098617541563,1442.557844728697,1444.2756483261471,1.7178035974502563,1.0,0.0287041660620592,10
2018-10-03,2018-10-02,2018-10-05,11.52997561891393,19.4999155222253,1436.3845464734798,1434.9992254576646,1438.2605473352596,3.261321877595037,1.75,0.0397335933493533,10
2018-10-03,2018-10-02,2018-10-05,4.572335448805661,15.955928549585147,1434.919219483088,1434.1135332579724,1436.0987312719226,1.9851980139501393,1.25,0.0264221566616387,10
2018-10-03,2018-10-02,2018-10-05,3.767470201725687,14.431398674479045,1434.0090924711558,1433.262305568438,1434.9607631973922,1.698457628954202,1.0,0.0771909838635721,10
2018-10-03,2018-10-02,2018-10-05,21.18724488486173,18.31837977615296,1433.4523735236749,1432.1620297129266,1434.9607631973922,2.798733484465629,4.0,0.0557259817261062,10
2018-10-03,2018-10-02,2018-10-05,4.639835543906719,21.469620409716676,1431.706998705535,1430.6816823668778,1432.4073378653266,1.725655498448759,4.0,0.0472522272428863,10
2018-10-03,2018-10-02,2018-10-05,2.281064701562531,16.510000984000847,1432.403328936365,1432.090547780972,1432.9748778264038,0.8843300454318523,0.75,0.0201518392648179,10
2018-10-03,2018-10-02,2018-10-05,5.0425096119957065,6.005886077019316,1444.5765509068465,1444.313914703671,1445.1263719205745,0.8124572169035673,0.75,0.0271485110073354,10
2018-10-03,2018-10-02,2018-10-05,9.248436859346889,5.927368126074689,1442.0712840291974,1441.421680695843,1443.0870073069818,1.6653266111388805,1.25,0.0636219125973718,10
2018-10-03,2018-10-02,2018-10-05,2.295015989459898,7.235712502986165,1435.5854101715968,1435.282995870337,1436.0987312719226,0.8157354015856981,0.75,0.0233535175876752,10
2018-10-03,2018-10-02,2018-10-05,2.131783774614375,14.913607071068792,1430.758436415569,1429.2637988287024,1432.335855933372,3.0720571046695113,5.25,0.0529177425228153,10
2018-10-03,2018-10-02,2018-10-05,604.7157540941419,18.522001531940333,1442.273127147522,1430.6816823668778,1459.41785791656,28.73617554968223,15.0,0.4432554653603998,10
2018-10-06,2018-10-05,2018-10-08,4.124973471939899,4.373689689227659,1455.7724336084675,1454.3639476108365,1457.440047526732,3.076099915895611,1.5,0.1592141997655443,10
2018-10-06,2018-10-05,2018-10-08,2.1322515772610013,3.2600438499862237,2132.907576649941,2132.1993653876707,2133.6843035463244,1.4849381586536765,0.75,0.0398512489469998,10
2018-10-06,2018-10-05,2018-10-08,27.70495959474424,3.928027741536986,1626.3232966427447,1612.793047130108,1639.016449989751,26.2234028596431,4.25,0.1781426010248913,10
2018-10-06,2018-10-05,2018-10-08,3.8485791958704,3.3388461264808873,1458.705670654755,1457.4771471698768,1460.8222095766105,3.345062406733632,1.75,0.0699252800791997,10
2018-10-06,2018-10-05,2018-10-08,3.319157165153069,4.661698692744618,1456.3564260849046,1454.922645344399,1457.7224553222768,2.799809977877885,1.75,0.0548058357770594,10
2018-10-06,2018-10-05,2018-10-08,4.391775831288331,4.3333954734174425,1442.943732014087,1441.421680695843,1444.8427973869257,3.421116691082716,2.0,0.0868395470533754,10
2018-10-06,2018-10-05,2018-10-08,2.574794168837677,3.4500587464718366,1438.5653724698216,1437.5172513332218,1440.2849980620667,2.7677467288449407,1.25,0.0522126423627375,10
2018-10-12,2018-10-08,2018-10-16,2.0923579710147298,3.4628804520213565,2156.5749179525956,2153.9017539061606,2158.935372560285,5.033618654124439,1.5,0.0544504052604795,10
2018-10-12,2018-10-08,2018-10-16,2.0836738171116194,3.8545501322534466,1616.8608060235272,1614.524023973383,1620.976810238324,6.452786264941096,2.25,0.055588941667829,10
2018-10-12,2018-10-08,2018-10-16,2.194129148182015,5.139771095629694,1622.3800519542574,1620.4811761928722,1623.713923317846,3.2327471249736845,2.5,0.0530281093000776,10
2018-10-12,2018-10-08,2018-10-16,15.44790146700258,4.600406830953009,1630.651817764574,1624.4593664375134,1637.5079017365351,13.04853529902175,5.0,0.1567497158068638,10
2018-10-12,2018-10-08,2018-10-16,9.660411295417813,22.17118135490595,1442.3085216092918,1440.2923245579004,1446.5386047121135,6.246280154213309,4.0,0.079972286598753,10
2018-10-12,2018-10-08,2018-10-16,2.8279763449674444,3.2353560900329223,1634.2613077211647,1633.0492067034356,1635.2894929633476,2.2402862599119544,1.25,0.1740565628871706,10
2018-10-12,2018-10-08,2018-10-16,3.1416313348835065,3.4731542426385444,1622.144176870501,1620.731502085924,1623.9583915881813,3.2268895022571087,2.0,0.1159524774002273,10
2018-10-12,2018-10-08,2018-10-16,4.310134641106986,3.60239672664425,1437.3297789909552,1434.4316846341826,1441.666988848243,7.235304214060307,2.0,0.0766523641626615,10
2018-10-12,2018-10-08,2018-10-16,4.401462927572528,5.214014031755651,1446.4352487081935,1445.1574660125189,1447.678921087645,2.5214550751261413,2.0,0.0774108474385323,10
2018-10-12,2018-10-08,2018-10-16,8.310150041352527,4.543358700572159,1452.723997264672,1447.717187908478,1457.7224553222768,10.00526741379872,4.25,0.1022647087541289,10
2018-10-12,2018-10-08,2018-10-16,6.060282036109233,3.776713821456096,1459.7794126511624,1457.194739374332,1462.20108608203,5.006346707697958,2.75,0.0876836611749438,10
2018-10-12,2018-10-08,2018-10-16,2.26638441916327,3.995302160724107,1471.1574154659093,1468.2018221868202,1473.9199967496097,5.7181745627895,2.0,0.0565111455937445,10
2018-10-12,2018-10-08,2018-10-16,2.2242770908227025,3.4701227849263465,317.3106590578885,317.2066848031245,317.94424813147634,0.7375633283518255,0.75,0.0540172541325609,10
2018-10-12,2018-10-08,2018-10-16,4.804560090897367,10.130416132798151,995.4168205828688,995.3055712007916,996.0602621776052,0.7546909768134356,1.0,0.1598523846066885,10
2018-10-12,2018-10-08,2018-10-16,10.565186076096508,19.23618623653834,1442.2634486407908,1439.1880534607917,1446.5386047121135,7.350551251322031,9.25,0.1055958824385367,10
2018-10-12,2018-10-08,2018-10-16,4.508917649322767,3.974336267201332,1429.0607624258255,1426.7165167178027,1432.335855933372,5.619339215569198,1.75,0.1387806168877149,10
2018-10-19,2018-10-16,2018-10-22,25.031781709015767,3.997244833307555,1482.8922233686053,1476.865030120127,1491.2486377567984,14.383607636671512,5.25,0.1382079363902445,10
2018-10-19,2018-10-16,2018-10-22,3.123687166189526,3.765808901988832,304.9672713087698,304.82903604907915,305.3214779281989,0.492441879119724,0.75,0.1078464025996393,10
2018-10-19,2018-10-16,2018-10-22,27.886192705793984,11.803112816425156,1484.60151155695,1479.623116203118,1488.8393953880295,9.2162791849114,9.25,0.1381583987303413,10
2018-10-26,2018-10-22,2018-10-30,2.8724486892053,3.42874601207006,1634.015336765936,1632.5540432147682,1636.281272732187,3.727229517418891,2.75,0.0654791288878318,10
2018-10-26,2018-10-22,2018-10-30,7.992168980841853,12.04565943162318,1348.739545231269,1346.4911627746187,1350.2841103142127,3.792947539594024,3.5,0.0825956916983686,10
2018-10-26,2018-10-22,2018-10-30,2.3394651520773504,3.619209544962328,1629.4267607791326,1628.9736532950774,1630.2084478749894,1.234794579911977,1.5,0.0827331338480411,10
2018-10-26,2018-10-22,2018-10-30,5.539484733395095,3.7352258805751646,1622.4012358464197,1620.731502085924,1625.7557963430882,5.0242942571640015,2.25,0.0711287396253878,10
2018-10-26,2018-10-22,2018-10-30,2.413543798555395,3.6437556741091286,1627.691877033301,1626.4657984199002,1629.218961447477,2.753163027577102,3.25,0.0581597605236896,10
2018-10-26,2018-10-22,2018-10-30,2.36310629597563,3.098912942153116,1346.4787753934586,1345.5711911325343,1347.946128836833,2.3749377042986453,1.75,0.048931404774252,10
2018-10-26,2018-10-22,2018-10-30,3.325912522380898,11.269046068050722,1348.2535339729989,1346.7276719692163,1349.8110919236206,3.083419954404235,2.25,0.0722051163583973,10
2018-11-02,2018-10-30,2018-11-05,2.0622903054669153,17.649746191761263,1608.465391426326,1608.2245224695653,1608.9890421107411,0.7645196411758661,1.25,0.0614408665186276,11
2018-11-02,2018-10-30,2018-11-05,3.33096059619506,20.271210596428613,1384.8881132772217,1383.3172756666318,1387.1675080945715,3.8502324279397726,2.25,0.1264452863051465,11
2018-11-02,2018-10-30,2018-11-05,3.3342823752137463,13.309824296546113,1814.223195448849,1814.0925427800976,1814.587246765848,0.4947039857506752,1.0,0.211798498860351,11
2018-11-02,2018-10-30,2018-11-05,4.119833898184891,11.45036779099141,648.8912707893177,648.8912707893178,649.1365789417177,0.2453081523999571,1.5,0.124642483946602,11
2018-11-02,2018-10-30,2018-11-05,6.663822943841601,7.520752170707205,642.3487170853497,641.825731986668,643.2559178262018,1.4301858395338058,1.5,0.0984069927321753,11
2018-11-09,2018-11-05,2018-11-14,2.0633267937378426,3.624428880240132,1432.1538461663135,1430.9649126171134,1434.075098841451,3.1101862243376672,1.5,0.0500881266787988,11
2018-11-09,2018-11-05,2018-11-14,28.646638901832212,4.339996916033385,1448.6397836239414,1436.6660154638812,1462.20108608203,25.535070618148893,3.75,0.1932161009020519,11
2018-11-09,2018-11-05,2018-11-14,2.339847894122133,5.978248257504335,1317.75369750688,1317.5985397985205,1318.080464691855,0.4819248933345079,1.0,0.1332282172280417,11
2018-11-09,2018-11-05,2018-11-14,2.367971860524407,11.389834689554077,1320.732428427426,1320.2007782510482,1322.1020673043097,1.90128905326128,1.0,0.1025254833008745,11
2018-11-24,2018-11-21,2018-11-27,2.54311820171569,13.5072312141321,1814.3419386134483,1814.3419386134483,1814.587246765848,0.2453081523999571,1.25,0.139970778174847,11
2018-11-24,2018-11-21,2018-11-27,3.371374194397382,5.77545671839443,45.38142186658885,45.263534153811634,45.756876861676574,0.4933427078649401,1.75,0.233837406046355,11
2018-11-24,2018-11-21,2018-11-27,6.2629055274319505,6.174434460804313,1470.3154109584084,1467.3560122642666,1473.1113370545208,5.755324790254235,4.5,0.0855110590155013,11
2018-11-24,2018-11-21,2018-11-27,2.813137716155809,4.765163833930762,1518.6632993603723,1515.738846169319,1521.06372978352,5.324883614201099,2.25,0.0727924256719047,11
2018-11-24,2018-11-21,2018-11-27,7.007374987485483,6.133322751550298,1520.59866439023,1516.009788375348,1527.2288535675034,11.21906519215554,3.5,0.1029327945735795,11
2018-11-24,2018-11-21,2018-11-27,2.574681879030916,4.248004022740923,1488.2519732936228,1486.6798938135616,1490.7375148599967,4.057621046435088,3.0,0.0598815560875827,11
2018-11-24,2018-11-21,2018-11-27,8.745001670408122,4.95210204431486,1482.520464411771,1477.1062224046327,1486.3647623141296,9.258539909496903,4.75,0.09827596211257,11
2018-11-24,2018-11-21,2018-11-27,2.500240605776587,3.264513768643251,2051.2551418766952,2046.2638733894564,2056.80082562659,10.536952237132937,0.75,0.0552388406899252,11
2018-11-24,2018-11-21,2018-11-27,2.128932557959031,3.7615815344171097,1425.6648327555877,1424.8340978580527,1426.4480474782176,1.6139496201649308,1.75,0.0616773912988592,11
2018-11-24,2018-11-21,2018-11-27,81.39773416682175,5.643306312601425,1448.6705191383942,1427.833730247803,1467.6013204166666,39.767590168863535,8.0,0.2764335355588725,11
2018-11-24,2018-11-21,2018-11-27,38.13275961354838,5.566623722807491,1623.9014786835062,1612.793047130108,1634.5324652036652,21.739418073557317,7.25,0.1986284265411015,11
2018-11-24,2018-11-21,2018-11-27,2.264263178242429,3.4117306328485557,2084.461178325789,2082.408872109838,2086.413421521429,4.004549411591142,1.75,0.0478665388212775,11
2018-11-30,2018-11-27,2018-12-04,4.05673230091044,13.956664731998732,668.8456567278188,666.1395604191348,671.5282529606484,5.388692541513592,2.0,0.0595340760145011,11
2018-11-30,2018-11-27,2018-12-04,2.6917889246347513,3.8798975940418616,1303.8926671738066,1303.150448013097,1304.808229709044,1.657781695947051,1.25,0.0364324083722836,11
2018-11-30,2018-11-27,2018-12-04,4.760086274810598,4.820916634759363,1518.3927006835156,1515.738846169319,1520.793541118037,5.054694948717952,2.25,0.0914087455224634,11
2018-11-30,2018-11-27,2018-12-04,2.7996033907904847,6.058809061074238,1475.3799872882566,1474.2420130856335,1477.1103382725269,2.868325186893344,2.75,0.0572594449911847,11
2018-11-30,2018-11-27,2018-12-04,4.469965167803179,6.712840028834632,1462.2365043666505,1460.2943959720433,1464.8143998621963,4.520003890153021,4.0,0.0679577445313696,11
2018-11-30,2018-11-27,2018-12-04,7.254878157233115,3.640659920359396,2096.3451463662823,2090.10465211235,2104.889624081552,14.78497196920216,2.25,0.0884064387349103,11
2018-11-30,2018-11-27,2018-12-04,2.2892192351646106,5.539268617992395,1628.5801536843635,1627.4798314184882,1629.9600491505116,2.480217732023448,3.5,0.0589897283388953,11
2018-11-30,2018-11-27,2018-12-04,3.740054133324201,3.4064639369522576,1620.6237711070078,1615.5290858196097,1623.713923317846,8.184837498236448,2.5,0.0735489935305832,11
2018-11-30,2018-11-27,2018-12-04,5.1353780656960915,14.76458741316698,668.9960817633539,666.1395604191348,671.2915857648477,5.1520253457129,2.25,0.0623210738259902,11
2018-11-30,2018-11-27,2018-12-04,5.737289636680219,3.298631369224134,421.78607422062936,413.5165888858028,430.2778252419084,16.761236356105655,1.5,0.0723881922260621,11
2018-11-30,2018-11-27,2018-12-04,3.130005629597929,5.548573875602617,1442.7335897593066,1441.705521507189,1444.8427973869257,3.1372758797369897,2.75,0.0613203341398164,11
2018-11-30,2018-11-27,2018-12-04,2.352883998629933,13.912230354616776,851.2097556051053,850.6344048911706,852.0198499839753,1.38544509280473,3.0,0.0555112247118666,11
2018-11-30,2018-11-27,2018-12-04,11.682516016610062,4.381136211892031,1302.9322280187866,1300.297315289732,1305.044819922652,4.747504632920027,3.25,0.1411891151026618,11
2018-11-30,2018-11-27,2018-12-04,2.1101891753045305,5.336721685069427,1113.5203578367052,1112.2431466826238,1114.9410951090977,2.6979484264738858,2.5,0.0551426458066598,11
2018-11-30,2018-11-27,2018-12-04,4.701803265573739,7.059474520595081,916.5250551840433,914.040753494948,918.621589126531,4.580835631582886,2.5,0.0641980730130999,11
2018-12-07,2018-12-04,2018-12-10,2.259678430201112,3.368874439853158,827.3271935092814,825.5911116153002,828.7482869047672,3.157175289466977,1.75,0.0587777018907676,12
2018-12-07,2018-12-04,2018-12-10,4.826279061440478,5.70422874463086,916.9103958776903,914.040753494948,920.8290654430166,6.78831194806844,4.5,0.0836317934950725,12
2018-12-07,2018-12-04,2018-12-10,3.847605629140562,3.560169178283286,317.422681899664,317.2066848031245,318.17861684644595,0.9719320433214308,1.0,0.1034810864002357,12
2018-12-07,2018-12-04,2018-12-10,4.3352718580997145,4.240476713341703,1848.171393769171,1846.6546646147035,1851.8204421103,5.165777495596558,3.5,0.0888373271848861,12
2018-12-07,2018-12-04,2018-12-10,2.4475459615595523,3.187937100412363,2048.1357861083484,2045.4989976761865,2050.5910421563312,5.092044480144978,1.5,0.0556612998421047,12
2018-12-07,2018-12-04,2018-12-10,108.76216980175532,7.222876273760457,1429.682689318056,1418.3851787787862,1441.389218762051,23.004039983265105,13.75,0.3303626476022033,12
2018-12-07,2018-12-04,2018-12-10,6.031061112976465,4.965195845113408,1516.1562771893855,1514.3881785431877,1518.900427297689,4.512248754501343,3.75,0.1354581868634672,12
2018-12-07,2018-12-04,2018-12-10,11.194025490931809,19.249289297727575,1439.2771602181829,1436.1372928712517,1441.666988848243,5.529695976991206,4.5,0.0865832978625153,12
2018-12-07,2018-12-04,2018-12-10,2.5827855111913727,11.321724911691703,1438.925441532877,1436.949760749936,1440.5376327103004,3.587871960364282,2.25,0.0567328368568651,12
2018-12-07,2018-12-04,2018-12-10,83.24976619401176,20.39794299567658,1432.6574092196845,1425.919900399167,1439.4333616131917,13.513461214024574,8.25,0.1613629908036313,12
2018-12-07,2018-12-04,2018-12-10,5.916190173835832,20.651615045286217,1423.8357169984797,1422.848373115994,1425.362186209299,2.513813093304634,2.5,0.0556602324722189,12
2018-12-07,2018-12-04,2018-12-10,3.381358910797479,6.197763130133497,1460.0251380347138,1457.745583473239,1462.20108608203,4.455502608790994,5.0,0.0637666070136653,12
2018-12-07,2018-12-04,2018-12-10,2.0859680002799017,4.935246165538681,1451.388211435138,1448.8447728012688,1454.325844975654,5.48107217438519,2.0,0.0533462695996878,12
2018-12-07,2018-12-04,2018-12-10,4.996380701804695,6.114928364590084,1443.6906828676324,1439.4719322798774,1447.678921087645,8.20698880776763,4.0,0.082968181856239,12
2018-12-07,2018-12-04,2018-12-10,2.5531038993483968,14.672645617383813,1432.1271735026105,1431.2406067447737,1433.2586478083394,2.018041063565761,2.0,0.0577297822624177,12
2018-12-07,2018-12-04,2018-12-10,213.61780163445383,20.649503311407052,1431.491321545157,1422.2826504600234,1442.2346704690715,19.952020009048283,8.5,0.2818541662129236,12
2018-12-07,2018-12-04,2018-12-10,2.915886262329294,5.290847046293877,2047.8962053641328,2045.753956247121,2049.8198246937245,4.065868446603417,1.75,0.0553745428804689,12
2018-12-07,2018-12-04,2018-12-10,4.411926730794264,5.173654405864852,1848.4840350118589,1846.906660506036,1850.4411185919307,3.5344580858945847,2.75,0.0766359149692166,12
2018-12-07,2018-12-04,2018-12-10,5.659777044030805,5.988942166714996,1516.5514191918014,1514.3881785431877,1519.44083625637,5.0526577131822705,2.0,0.0968186439916358,12
2018-12-07,2018-12-04,2018-12-10,2.345324153316309,7.863871936144183,1623.1688180194906,1621.4778171130456,1624.704674589913,3.2268574768677354,2.0,0.0560093391877634,12
2018-12-07,2018-12-04,2018-12-10,8.703079611049654,9.19732149335602,918.4237291147664,915.2829110482708,920.8290654430166,5.546154394745827,4.75,0.0932381151561095,12
2018-12-07,2018-12-04,2018-12-10,2.0085487473824752,7.164145260915101,1397.6144999570229,1396.1934524024837,1399.1198222241364,2.92636982165277,3.5,0.0543004068931442,12
2018-12-07,2018-12-04,2018-12-10,6.559492650701442,3.921715324085922,1464.7463405840206,1460.8594068796374,1468.4471303392202,7.587723459582776,3.25,0.0975540910859311,12
2018-12-07,2018-12-04,2018-12-10,2.160777849033212,3.522049578116853,1398.1059218853347,1396.9941354552284,1399.7035126383416,2.709377183113247,1.5,0.0556982593520871,12
2018-12-07,2018-12-04,2018-12-10,4.865505858801488,8.234358126379881,1202.9913346321173,1201.9554224149324,1203.9156768554822,1.960254440549761,4.25,0.0703019519875813,12
2018-12-07,2018-12-04,2018-12-10,3.2624949682061564,5.321000174385229,1116.112737674659,1113.1828191848472,1119.1362607302144,5.953441545367241,2.5,0.0572170097274733,12
2018-12-14,2018-12-10,2018-12-18,3.4214090849720207,10.97281266014418,380.4539220177784,380.0525409020483,381.0194895383902,0.96694863634184,2.0,0.1593512617560794,12
2018-12-14,2018-12-10,2018-12-18,3.981730314546763,3.605175523956592,48.51254126873408,47.99191419733688,49.24322190089151,1.2513077035546305,1.75,0.034544263942771,12
2018-12-14,2018-12-10,2018-12-18,2.453046015644512,3.6885435229174943,578.0805341762106,574.9471291075461,581.3179618958384,6.370832788292319,1.75,0.054492010753766,12
2018-12-14,2018-12-10,2018-12-18,3.929100370354923,3.714426887402985,548.807607543312,542.9651444875635,554.2575178463012,11.292373358737676,1.75,0.0694946840593295,12
2018-12-14,2018-12-10,2018-12-18,2.1894188023666694,3.4515980704585414,1439.1868143842908,1437.5172513332218,1441.105356748216,3.588105414994061,2.0,0.0604083798891052,12
2018-12-14,2018-12-10,2018-12-18,27.238711956495585,4.455195582028114,1425.8557804230734,1418.671653561294,1436.6664707767775,17.994817215483636,3.25,0.1415478829778229,12
2018-12-14,2018-12-10,2018-12-18,7.489246117979376,3.6537210531808246,517.6231800676911,506.2892678491771,530.2206588136032,23.9313909644261,1.5,0.095113951933549,12
2018-12-14,2018-12-10,2018-12-18,2.9306682862847624,4.757645664539334,1421.3841577279284,1421.119060780853,1422.0115072531626,0.8924464723095298,1.5,0.0377842542648495,12
2018-12-14,2018-12-10,2018-12-18,3.030619031653087,3.8272842200184023,1114.7820444463057,1112.4884198224172,1119.1362607302144,6.647840907797217,2.0,0.0595664589933295,12
2018-12-14,2018-12-10,2018-12-18,4.311381542445635,3.1071827008478343,1247.4294776316376,1247.051112086512,1248.276572349947,1.2254602634347975,0.5,0.1844824710946614,12
2018-12-14,2018-12-10,2018-12-18,2.279936774677796,13.72317900583855,1295.0400511447672,1294.196380070411,1297.467489188537,3.2711091181263328,3.75,0.055296080227737,12
2018-12-14,2018-12-10,2018-12-18,2.5069752344655383,3.6946821227006903,1403.458365907127,1402.3677997821942,1404.5930624147877,2.2252626325935125,1.75,0.0742420309488014,12
2018-12-14,2018-12-10,2018-12-18,4.588708602764636,4.362953949637881,1515.9683835277344,1514.9300804301165,1518.3602834595367,3.430203029420227,3.0,0.0700826952050905,12
2018-12-14,2018-12-10,2018-12-18,2.2894818375417545,11.5855394411387,1377.639918961115,1377.3306448291987,1378.0585043630565,0.7278595338575542,1.0,0.0508272364601678,12
2018-12-14,2018-12-10,2018-12-18,3.5568455557231786,6.326120642091108,1324.0561745629764,1323.9159597260875,1324.397851953283,0.4818922271952033,1.0,0.060254649382546,12
2018-12-14,2018-12-10,2018-12-18,3.25823844247275,19.17661575790776,1384.4254482326678,1383.3172756666318,1387.1675080945715,3.8502324279397726,1.25,0.0372732545874209,12
2018-12-14,2018-12-10,2018-12-18,2.414540546905634,18.90762587452107,1422.990228991233,1422.848373115994,1423.3765426003374,0.5281694843433797,0.75,0.0846294261113734,12
2018-12-22,2018-12-18,2018-12-26,3.965099096411465,4.803792088533429,857.6471107106344,855.4344506124035,859.3496657651849,3.9152151527814567,3.5,0.0725066191081123,12
2018-12-22,2018-12-18,2018-12-26,3.270656861052807,3.775643729104361,844.6140272780654,843.3419602685608,846.662517270539,3.320557001978159,2.25,0.0704284791835591,12
2018-12-22,2018-12-18,2018-12-26,9.446591388076218,3.846342752523006,837.9158461492045,833.6344460146502,842.1429972038604,8.508551189210266,2.5,0.1125099828853374,12
2018-12-22,2018-12-18,2018-12-26,9.76650915645009,4.232329259883908,827.6725398702489,825.3525774390437,831.1005875989795,5.748010159935802,3.5,0.0984156779063142,12
2018-12-22,2018-12-18,2018-12-26,2.0565948634385687,3.740548765941611,719.286458441394,717.2598688164726,723.1422120984644,5.88234328199178,1.75,0.0501261828016775,12
2018-12-22,2018-12-18,2018-12-26,6.474350545223122,4.645754918218514,678.8526886090749,676.585772792343,681.3213314716704,4.735558679327369,3.75,0.0842038672000737,12
2018-12-22,2018-12-18,2018-12-26,2.6356721090376607,4.311667674484912,630.5158450510482,629.1636913539842,632.1611764575355,2.9974851035512984,2.0,0.0725101209586279,12
2018-12-22,2018-12-18,2018-12-26,6.340765476425163,3.772129574229536,612.4250186671248,609.1381880524568,616.5839684894308,7.445780436974019,2.0,0.0930479917228976,12
2018-12-22,2018-12-18,2018-12-26,9.215863800311572,5.17608066695577,869.5022626441446,866.4590729130432,873.5179637749679,7.058890861924738,3.75,0.1324017512633515,12
2018-12-22,2018-12-18,2018-12-26,2.2088807539265862,4.151756874336669,1191.4184925804582,1190.0521455951966,1192.2756691910326,2.2235235958360136,2.0,0.058796479558929,12
2018-12-22,2018-12-18,2018-12-26,13.937629998019467,6.332850811564642,1108.9672941771807,1105.5478277872317,1112.979001114145,7.431173326913267,4.75,0.1048453825045512,12
2018-12-22,2018-12-18,2018-12-26,23.3290747029143,6.021111915103462,1098.7115223907315,1093.170789883472,1105.5483899307435,12.3776000472717,5.5,0.1261046637180433,12
2018-12-22,2018-12-18,2018-12-26,2.5481532741977757,3.769538207503099,1083.576062321235,1080.3554987595417,1086.0739074484443,5.718408688902855,2.0,0.0568653844576437,12
2018-12-22,2018-12-18,2018-12-26,6.488660596293373,4.359382781912926,916.7567153293844,912.612540348433,920.8290654430166,8.21652509458363,2.5,0.0816284133270379,12
2018-12-22,2018-12-18,2018-12-26,16.250430153930946,4.309921287301744,898.0438792793348,890.7088577076793,908.1203140500002,17.41145634232089,3.5,0.1224606629280777,12
2018-12-22,2018-12-18,2018-12-26,2.964550186967206,4.403187145002985,392.89701245268634,390.78265132009983,394.6625929130241,3.879941592924297,2.75,0.0641898411056248,12
2018-12-22,2018-12-18,2018-12-26,2.5499830890335646,3.597559560913773,790.3348101640719,787.503843057435,793.1669226675294,5.663079610094428,1.25,0.0575083505310158,12
2018-12-22,2018-12-18,2018-12-26,5.0827089335269084,3.916132584317952,767.772832599866,764.7125289952382,771.8302888125181,7.117759817279875,2.0,0.0806718378975754,12
2018-12-22,2018-12-18,2018-12-26,6.3102657005668945,4.1636771156412475,592.8838783810822,589.8463128102012,594.9781407648697,5.131827954668552,3.25,0.078762817613893,12
2018-12-22,2018-12-18,2018-12-26,22.32652696131725,4.0538874043587505,532.376797811177,521.0135360159911,548.1395515426993,27.126015526708215,3.0,0.1360397133716346,12
2018-12-22,2018-12-18,2018-12-26,6.3000860255126785,4.582064787081563,2055.05302423803,2050.091371258255,2061.535125701688,11.443754443433136,2.25,0.0680121219095219,12
2018-12-22,2018-12-18,2018-12-26,9.637680428746052,4.260591479125361,402.60192395640706,396.6778624393046,406.548604961019,9.87074252171442,3.25,0.092201962184137,12
2018-12-22,2018-12-18,2018-12-26,78.9823010662036,5.463244516844477,1429.7446381438328,1419.7924133297056,1442.2346704690715,22.44225713936612,7.25,0.2259379038724237,12
2018-12-22,2018-12-18,2018-12-26,91.38761822845755,5.570246705965556,1464.0674892308723,1441.9893623166718,1488.5618086354807,46.57244631880894,7.0,0.2658606958447796,12
2018-12-22,2018-12-18,2018-12-26,12.13719351186966,4.137969036862727,360.6902674661613,356.2025501471944,367.17965805809945,10.977107910905032,2.5,0.1045088978034434,12
2018-12-22,2018-12-18,2018-12-26,3.430156712359564,4.7680649489456055,161.216815396058,157.39638905134052,164.73806291166693,7.341673860326409,3.0,0.0722812505364127,12
2018-12-22,2018-12-18,2018-12-26,2.589935201274184,4.058066413350458,153.55848971027137,151.17692593624815,155.94263863703236,4.765712700784206,2.0,0.0579391622180889,12
2018-12-22,2018-12-18,2018-12-26,2.343506358579987,4.413827776820433,68.59306468524092,66.05605680076405,70.4869419997558,4.430885198991746,1.5,0.0533388674626376,12
2018-12-22,2018-12-18,2018-12-26,4.224769918480364,3.810903591128064,20.64670761167031,17.11845627054572,26.20114746503532,9.082691194489598,1.75,0.0694146386286505,12
2018-12-22,2018-12-18,2018-12-26,7.3076950262370834,4.178371945831363,4.409701201965943,0.0,8.672193497885019,8.672193497885019,2.25,0.0813671416491126,12
2018-12-22,2018-12-18,2018-12-26,17.040330315846724,4.6416499743871,2137.769688027902,2134.545217910316,2141.9725831183605,7.427365208044648,4.0,0.1181874841442232,12
2018-12-22,2018-12-18,2018-12-26,2.1535314462113173,6.2324167469492835,1832.1078866843927,1831.0160461887715,1833.511347707361,2.495301518589258,1.75,0.0479306906757124,12
2018-12-22,2018-12-18,2018-12-26,3.714609667870592,4.197037815682732,1848.2621597800824,1846.906660506036,1850.1891966499388,3.282536143902689,1.75,0.1027848395616076,12
2018-12-22,2018-12-18,2018-12-26,2.193462829913058,4.106664855016344,1851.812121943767,1849.732832564507,1854.8320006188003,5.099168054293841,1.5,0.0628329507937359,12
2018-12-22,2018-12-18,2018-12-26,2.0526132668169654,4.0835753937053285,1855.218535325124,1854.0729268910363,1857.415392411407,3.3424655203707516,1.5,0.0457585746813206,12
2018-12-22,2018-12-18,2018-12-26,2.9645569942684347,4.233425841014496,1917.6087784601289,1914.3538335943597,1921.0402950295247,6.686461435165256,1.75,0.060182174236228,12
2018-12-22,2018-12-18,2018-12-26,3.294578330842241,6.353405738283571,1932.794171359556,1930.0809193179011,1936.9918908732943,6.910971555393189,2.5,0.0671996633468941,12
2018-12-22,2018-12-18,2018-12-26,4.3633939846908465,3.9347389969719577,1507.6973759960035,1504.5614488343708,1514.0934901204892,9.532041286118329,2.25,0.0764982242539543,12
2018-12-22,2018-12-18,2018-12-26,6.498097416935084,5.46250019205702,1518.1727095984004,1514.6591294850225,1522.1699276776053,7.510798192583024,4.25,0.0950647871220305,12
2018-12-22,2018-12-18,2018-12-26,12.57322464384903,7.688738082089854,1528.2269445381858,1521.6543796635233,1532.8741530263796,11.219773362856358,6.5,0.1171348088712795,12
2018-12-22,2018-12-18,2018-12-26,9.489780157406642,5.927428590328408,1536.092912014517,1532.6288448739797,1541.4654128635302,8.836567989550531,5.5,0.099261846349375,12
2018-12-22,2018-12-18,2018-12-26,3.9182840593181902,4.4552717622266105,1597.4826773363843,1596.3829962043092,1598.6261253817938,2.2431291774846613,3.0,0.067864963769588,12
2018-12-22,2018-12-18,2018-12-26,32.86124294384193,5.467377871379942,1620.1369830402018,1608.9941539829597,1630.2084478749894,21.214293892029673,5.5,0.184821514559194,12
2018-12-22,2018-12-18,2018-12-26,17.557784436405875,6.130584037184244,1649.019847347057,1642.4878993998282,1653.420880031772,10.932980631943792,5.5,0.156885447240418,12
2018-12-22,2018-12-18,2018-12-26,8.006959651909696,11.313878415803794,1661.7196457425564,1659.2861270252615,1664.5093282014132,5.223201176151633,6.0,0.0974423608533011,12
2018-12-22,2018-12-18,2018-12-26,3.5152543557352613,5.561508103663911,1666.873203950894,1665.7249119104818,1668.2001731814817,2.4752612709999084,1.75,0.0485720301066216,12
2018-12-22,2018-12-18,2018-12-26,3.862459099095418,4.292799049007229,1675.73071033281,1673.4451352912,1677.9531917045824,4.508056413382292,2.25,0.066011629488781,12
2018-12-22,2018-12-18,2018-12-26,4.43705045583861,4.9302713908266735,1385.6189240623069,1383.3172756666318,1387.1675080945715,3.8502324279397726,2.75,0.0951181629270709,12
2018-12-22,2018-12-18,2018-12-26,58.991038477507935,6.43062437321263,1380.7895728974731,1376.279107348062,1384.3274170402435,8.048309692181647,8.0,0.2223600946368802,12
2018-12-22,2018-12-18,2018-12-26,12.95370482481186,5.020374594974424,1376.8706697388347,1374.6467655617744,1379.069117323961,4.422351762186736,3.75,0.1137996946911976,12
2018-12-22,2018-12-18,2018-12-26,2.996414673404313,3.976229631383408,1374.4144165567918,1373.0809980765916,1375.8834600411355,2.802461964543909,2.5,0.074831665081649,12
2018-12-22,2018-12-18,2018-12-26,4.362267100365759,4.789906632560123,1372.787073737432,1371.0080463904887,1375.5626935134642,4.554647122975439,3.5,0.0789974415984377,12
2018-12-22,2018-12-18,2018-12-26,9.2266641663184,4.594201586353661,1370.0059842342282,1367.947822694667,1372.879357195925,4.931534501258284,3.75,0.1121442113091452,12
2018-12-22,2018-12-18,2018-12-26,2.994202607140046,6.378268541694199,1367.4524272779552,1366.0353760477155,1368.6700851214118,2.6347090736962855,2.25,0.0755721785275254,12
2018-12-22,2018-12-18,2018-12-26,2.878676204616201,4.246687823643566,1367.9187514011533,1365.7968853479251,1369.6355913705193,3.838706022594124,2.0,0.0623464860021743,12
2018-12-22,2018-12-18,2018-12-26,12.342088740664714,6.180421843858132,1364.600619228024,1362.7518869191408,1367.034786793403,4.282899874262512,3.5,0.1141039828376694,12
2018-12-22,2018-12-18,2018-12-26,11.560000968805456,5.519943374723917,1358.9522761160088,1357.7900152793154,1360.4027730501257,2.6127577708102763,5.25,0.1150283032264747,12
2018-12-22,2018-12-18,2018-12-26,7.856201049978521,4.358868003119011,1301.4598214934974,1299.089134124573,1305.044819922652,5.955685798078775,2.5,0.0979280945695984,12
2018-12-22,2018-12-18,2018-12-26,4.227298002971959,6.02115448330702,2019.0712581397293,2017.788137044292,2020.9040943174623,3.115957273170352,3.75,0.0681700560988503,12
2018-12-22,2018-12-18,2018-12-26,6.381155402390778,4.974672689441896,2030.693070271833,2026.515728172846,2036.0079711028377,9.492242929991336,3.0,0.0814322073476278,12
2018-12-22,2018-12-18,2018-12-26,36.74304416146482,4.9482982240565345,2049.6481805467706,2038.5865271375517,2061.7876609000377,23.20113376248628,4.5,0.1623889525864206,12
2018-12-22,2018-12-18,2018-12-26,30.355270467776368,4.504691968558199,2093.8892179996815,2081.661100764293,2107.6344694914296,25.973368727136403,4.25,0.1558605089629987,12
2018-12-22,2018-12-18,2018-12-26,6.938812708084533,4.05491261085422,2115.00610912798,2111.5782676362433,2118.7259300854057,7.147662449162453,2.0,0.0867056944832503,12
2018-12-22,2018-12-18,2018-12-26,2.749394270100604,4.060399139162345,2122.2973619049594,2121.077818585094,2124.0635717213154,2.985753136221319,2.0,0.0585312893175875,12
2018-12-22,2018-12-18,2018-12-26,5.308019687997295,4.623190522586111,2147.945954605173,2145.0422472436912,2151.406620707363,6.3643734636716545,2.75,0.0829913350098567,12
2018-12-22,2018-12-18,2018-12-26,2.0662166464271903,4.034527449772383,2154.352998579006,2153.16081817355,2155.6988301589154,2.538011985365302,1.75,0.0465481615543074,12
2018-12-22,2018-12-18,2018-12-26,4.8545978638427965,4.145226048775116,2171.9832815592217,2168.292632284574,2177.108166072052,8.815533787477762,2.5,0.0673062394989114,12
2018-12-22,2018-12-18,2018-12-26,2.1203828942504725,3.5654678788369956,2190.0672117241634,2187.1436458756216,2193.1532350527123,6.009589177090675,1.25,0.0534745404101707,12
2018-12-22,2018-12-18,2018-12-26,2.409613471337642,8.12020954865502,1425.2177790059577,1423.947632163763,1426.9618248702027,3.014192706439644,1.5,0.0427005014726131,12
2018-12-22,2018-12-18,2018-12-26,7.134887207662628,5.958818653330815,1414.5166625889954,1412.2967036166228,1416.7520174803212,4.455313863698393,3.75,0.0788051030071753,12
2018-12-22,2018-12-18,2018-12-26,4.638101460577405,7.843426303820932,1404.4658162468995,1402.3677997821942,1407.6433300273493,5.275530245155096,4.25,0.0922433849086075,12
2018-12-22,2018-12-18,2018-12-26,32.891575726175454,5.936110574232609,1394.642194796277,1391.4415992321449,1399.1198222241364,7.678222991991788,7.5,0.1626356904880933,12
2018-12-22,2018-12-18,2018-12-26,4.363844615766804,3.914639817162468,2044.0177577510951,2039.8628929895349,2045.999264399521,6.136371409986168,1.5,0.0526684495130942,12
2018-12-22,2018-12-18,2018-12-26,2.2801186093457626,7.009167162166046,1367.6067999243303,1366.2738667484373,1368.6700851214118,2.3962183729745448,2.25,0.1144194856786941,12
2018-12-22,2018-12-18,2018-12-26,2.566744995087054,5.511518365569305,1367.1085720605502,1365.7968853479251,1369.1271998179143,3.330314469989389,2.25,0.0785841062655556,12
2018-12-22,2018-12-18,2018-12-26,5.90860733088292,4.760302334885567,1362.933140886577,1362.2773483647034,1365.5629390650429,3.285590700339526,3.25,0.1259439295104529,12
2018-12-22,2018-12-18,2018-12-26,4.496791638060372,4.9180820260479186,1365.5951871672305,1364.4146361309104,1367.034786793403,2.6201506624929607,3.25,0.0887356784801496,12
2018-12-22,2018-12-18,2018-12-26,4.95765083743341,4.215375727362002,1383.2401303161002,1382.0561608718708,1384.3274170402435,2.271256168372929,2.0,0.0759946230581996,12
2018-12-22,2018-12-18,2018-12-26,6.436192984771385,4.919879225089217,1393.0183659156337,1391.9367877403274,1394.123950714711,2.187162974383682,2.0,0.0607976262920314,12
2018-12-22,2018-12-18,2018-12-26,2.410537853782923,3.600126450525134,1395.837908332797,1394.1484447084367,1397.5826455485076,3.4342008400708437,2.25,0.0644360672546126,12
2018-12-22,2018-12-18,2018-12-26,2.982294613498095,3.71062589554952,317.38821324735153,317.2066848031245,317.94424813147634,0.7375633283518255,1.25,0.0882081857447603,12
2018-12-22,2018-12-18,2018-12-26,4.2817427368752545,3.1264097955906585,1099.6378288737294,1094.6511338809505,1105.3036439218558,10.652510040905328,1.75,0.0696545190443449,12
2018-12-22,2018-12-18,2018-12-26,2.503129293252211,4.577722493193859,1431.3349361436092,1430.9649126171134,1431.7692285790108,0.8043159618973732,1.0,0.046007290141583,12
2018-12-22,2018-12-18,2018-12-26,2.55790599041274,3.269006266472658,2133.1038807565906,2132.7052985634655,2133.6843035463244,0.9790049828588964,0.75,0.0580726638720873,12
2018-12-22,2018-12-18,2018-12-26,2.3676788399363646,3.415916484918367,1622.347385947693,1620.9802737613209,1623.713923317846,2.7336495565250516,2.0,0.0781994802582993,12
2018-12-29,2018-12-26,2019-01-02,2.3754169629497457,3.170188867030175,1247.680230523708,1247.3214596668258,1248.276572349947,0.955112683121115,0.5,0.1185990795179764,12
2018-12-29,2018-12-26,2019-01-02,19.093267450751895,6.231536828426185,1367.230212538832,1365.7968853479251,1369.6355913705193,3.838706022594124,2.75,0.1888864831077999,12
2018-12-29,2018-12-26,2019-01-02,4.143758802288459,5.047434577971715,45.400721263062664,45.01549959741533,46.00548042962328,0.989980832207948,2.0,0.0936878361048915,12
2018-12-29,2018-12-26,2019-01-02,9.072330504701188,6.591143464309018,2051.9367452392844,2049.065872181207,2055.5356550640427,6.469782882835716,2.75,0.0778842479151223,12
2018-12-29,2018-12-26,2019-01-02,2.6162847924831105,10.938040174729275,1927.6010190685697,1925.6422085701488,1929.7359988605604,4.093790290411562,1.25,0.0305969327149299,12
2018-12-29,2018-12-26,2019-01-02,2.0394542629248127,9.367869181186746,1928.755814605124,1927.4190885778517,1930.326227470301,2.9071388924494386,1.75,0.0341275656636735,12
2018-12-29,2018-12-26,2019-01-02,2.3959768524727667,7.172394759507895,2016.8812005906257,2016.742575811688,2017.248961287085,0.50638547539711,1.0,0.0893478077988771,12
2018-12-29,2018-12-26,2019-01-02,7.764548527462543,4.6156405025886995,2052.610899813381,2048.8185858903453,2055.7886489508674,6.9700630605220795,3.75,0.090863195228048,12
2018-12-29,2018-12-26,2019-01-02,3.2044399115699154,3.6105234472332426,2160.512249649639,2157.694454512559,2162.7766005047597,5.082145992200822,2.0,0.067185977617948,12
2018-12-29,2018-12-26,2019-01-02,20.71163782069344,4.707711149135738,1925.97439079954,1917.2517697042783,1933.5665129311385,16.31474322685972,5.75,0.1466659946875416,12
2018-12-29,2018-12-26,2019-01-02,5.572236315438318,5.581014025213567,2159.526211195773,2156.9474424826913,2162.023855170235,5.07641268754378,3.0,0.0796994566209005,12
2018-12-29,2018-12-26,2019-01-02,2.346544316066346,5.604681421397212,1366.1824869583131,1365.7968853479251,1366.757665601093,0.9607802531681956,1.25,0.0371753087788976,12
2018-12-29,2018-12-26,2019-01-02,42.910404739272586,10.627410229728818,1928.5657687115845,1922.702899989672,1934.747997217346,12.045097227673978,8.5,0.1643160816043975,12
2018-12-29,2018-12-26,2019-01-02,14.362596689765954,7.381320522683466,1367.6141572090726,1366.7923628003336,1368.6700851214118,1.8777223210781813,3.0,0.0798972417228813,12
2019-01-04,2019-01-02,2019-01-07,11.33081649197348,6.138128538779902,895.5008223824127,891.9076072569005,899.6551038697362,7.7474966128356755,3.5,0.0957925067507831,1
2019-01-04,2019-01-02,2019-01-07,3.732291540822619,6.540858551888596,1373.0475735495502,1371.0080463904887,1375.5626935134642,4.554647122975439,3.75,0.0749111256521166,1
2019-01-04,2019-01-02,2019-01-07,7.981171632388651,3.755748018328653,895.4934463045674,891.9076072569005,900.3554374892265,8.447830232325941,3.25,0.0895055665301422,1
2019-01-04,2019-01-02,2019-01-07,2.558224155086403,3.0877725955351027,1807.2477793841897,1805.5406520147808,1809.0166061064228,3.475954091642052,0.75,0.0849757072210216,1
2019-01-04,2019-01-02,2019-01-07,4.0061551566649225,3.1319683783952756,1136.2359577305815,1135.6668589781038,1137.405328399036,1.7384694209322331,1.0,0.1091360266764678,1
2019-01-04,2019-01-02,2019-01-07,3.60911747266659,3.016819939056604,1772.4639734943823,1769.5523576522246,1777.1054701134562,7.553112461231649,1.0,0.105405020619308,1
2019-01-04,2019-01-02,2019-01-07,8.059422357268636,3.0593899113474667,1174.1726360439145,1168.8383886353113,1177.4881924754009,8.64980384008959,1.5,0.1191819585153827,1
2019-01-04,2019-01-02,2019-01-07,5.34540980189425,3.7139648553830575,1434.9244409105902,1433.262305568438,1437.195068902336,3.9327633338980377,2.5,0.0827538817640395,1
2019-01-04,2019-01-02,2019-01-07,6.538507887458464,12.240989175746284,1925.6383733287776,1923.8609590586277,1927.6643967302516,3.803437671624124,3.5,0.0447051610223601,1
2019-01-04,2019-01-02,2019-01-07,2.4771333750720066,12.542044452157707,1923.670194615575,1922.9990616589785,1924.9990895758383,2.0000279168598354,1.75,0.0279227745427843,1
2019-01-04,2019-01-02,2019-01-07,3.69663164665158,9.834497088500315,1923.5082428721648,1921.390457474161,1925.5913743386045,4.20091686444357,2.0,0.0598972815165159,1
2019-01-04,2019-01-02,2019-01-07,8.856558005793525,4.097902811147509,1920.4580192054632,1914.6519452179784,1927.6643967302516,13.0124515122734,3.25,0.1055398235872767,1
2019-01-04,2019-01-02,2019-01-07,38.60667006520764,12.35616023686802,1925.3461522640964,1921.390457474161,1930.0307928915136,8.640335417352617,8.25,0.1466663456036684,1
2019-01-10,2019-01-07,2019-01-14,2.3360082082666924,13.021976713659392,1812.8867256241672,1812.8371121580712,1813.3402675031684,0.5031553450971842,1.0,0.2021456150157362,1
2019-01-10,2019-01-07,2019-01-14,2.1916204430344584,13.508538652658997,1814.3419386134483,1814.3419386134483,1814.587246765848,0.2453081523999571,1.25,0.1545236647348545,1
2019-01-10,2019-01-07,2019-01-14,2.25769830279494,4.221014830821373,2043.4412292782151,2041.683763331268,2045.485977704171,3.8022143729031086,2.75,0.0653546267703359,1
2019-01-10,2019-01-07,2019-01-14,2.701370170451189,18.439481277498032,1608.371393530037,1608.2245224695653,1608.7202240312472,0.4957015616819262,2.25,0.1738715862238188,1
2019-01-10,2019-01-07,2019-01-14,5.882129443510288,4.207162062119127,1626.2801996230496,1622.4907635254783,1630.2084478749894,7.717684349510819,4.0,0.1011681689653323,1
2019-01-10,2019-01-07,2019-01-14,3.505232107187847,9.34560278387071,1666.6636318797346,1665.9708064612933,1667.212810372468,1.2420039111748338,1.0,0.2095887946312496,1
2019-01-10,2019-01-07,2019-01-14,2.415961126416182,3.3183013652542312,1748.9562000206872,1747.2326677031815,1751.247215225827,4.014547522645444,0.75,0.1364320522229284,1
2019-01-10,2019-01-07,2019-01-14,2.753472456807216,8.842407858349539,1405.6147329278394,1404.6168766976334,1406.8075600243174,2.1906833266839385,2.0,0.0578128214463036,1
2019-01-10,2019-01-07,2019-01-14,3.5570410663206418,10.834614818579237,1405.3288681015351,1403.5160948317498,1407.9205493647603,4.404454533010721,2.75,0.0678907341726516,1
2019-01-10,2019-01-07,2019-01-14,3.553197026245497,7.020691860423671,1396.2141699684107,1394.818864909932,1398.3011779310182,3.4823130210861564,2.5,0.0662147733724485,1
2019-01-10,2019-01-07,2019-01-14,5.442438865840453,10.344513216449128,1392.324709795291,1389.8051485838369,1394.393752860837,4.588604276999831,3.75,0.0756689436494969,1
2019-01-10,2019-01-07,2019-01-14,4.41450872175235,6.849683124813479,916.9285365491864,914.5319935395382,919.323230789043,4.791237249504775,3.75,0.0743063582612997,1
2019-01-10,2019-01-07,2019-01-14,2.432382299445987,5.852054396349113,1104.9249498161469,1103.799596148543,1106.2536858008243,2.4540896522812545,2.25,0.0522100287686679,1
2019-01-10,2019-01-07,2019-01-14,12.254620377977185,3.052745184848897,1110.813276798024,1079.149767685216,1136.692009893246,57.542242208030075,2.0,0.2547263610847589,1
2019-01-10,2019-01-07,2019-01-14,2.0414826547099696,10.21557613359104,2164.23134774015,2164.019169154577,2164.762471634429,0.7433024798519909,0.75,0.0933768951735155,1
2019-01-10,2019-01-07,2019-01-14,3.408445775658444,19.378848969352905,1582.924084829228,1582.5278806397691,1583.5413649627008,1.0134843229316175,1.0,0.2825828727932828,1
2019-01-10,2019-01-07,2019-01-14,4.6737257850663445,7.43330039075121,1652.1546281566389,1649.4258829001335,1654.1569318575785,4.731048957444727,4.0,0.1176309165455761,1
2019-01-10,2019-01-07,2019-01-14,3.6364271999840105,10.703587159667336,380.4124087265516,380.0525409020483,381.0194895383902,0.96694863634184,2.5,0.151429125491968,1
2019-01-10,2019-01-07,2019-01-14,2.7250430204281653,15.28269799149807,377.81521341986183,377.5978783988394,378.3303907974623,0.73251239862293,1.75,0.1422008355393041,1
2019-01-10,2019-01-07,2019-01-14,3.099262446725443,4.569159227839444,317.18348459139327,316.9605572158471,317.94424813147634,0.9836909156292676,1.0,0.0550784683645906,1
2019-01-10,2019-01-07,2019-01-14,5.65746096710992,3.7163060478253382,317.23515604574044,316.9605572158471,317.6981205432676,0.7375633274205029,1.25,0.0327731536969302,1
2019-01-10,2019-01-07,2019-01-14,2.5882561282980445,4.183271210705295,304.52936706400556,303.88210988091305,305.3214779281989,1.439368047285825,1.25,0.1214386489517153,1
2019-01-10,2019-01-07,2019-01-14,2.1981438000771543,11.083715207273505,97.13005669180164,96.79257705900818,97.54078468121588,0.7482076222077012,1.0,0.0695750730953826,1
2019-01-10,2019-01-07,2019-01-14,3.552464965391697,5.413682011553592,45.461539923071705,45.263534153811634,46.00548042962328,0.7419462758116424,2.25,0.2668233465096878,1
2019-01-10,2019-01-07,2019-01-14,2.762343474195417,3.373842085462122,1188.7067058852183,1184.5943610854447,1193.429039391689,8.834678306244314,1.25,0.0812744486163628,1
2019-01-10,2019-01-07,2019-01-14,2.1536399950687537,19.486344622166285,1583.927705730989,1583.8055318528786,1584.305577528197,0.5000456753186882,1.5,0.1505280167428014,1
2019-01-10,2019-01-07,2019-01-14,3.5614138067912475,4.051391665830069,916.475558806762,913.3118050326592,919.5686260135844,6.256820980925113,2.5,0.0672432354326413,1
2019-01-10,2019-01-07,2019-01-14,2.947025863176058,4.056696198279333,1407.3437921636628,1406.8435832043178,1407.9205493647603,1.07696616044268,0.75,0.1808005128769779,1
2019-01-10,2019-01-07,2019-01-14,2.136545757795801,4.526910741232968,1396.779698079814,1395.364688408561,1398.8469407907687,3.482252382207662,2.25,0.0592918159488218,1
2019-01-10,2019-01-07,2019-01-14,3.300635663722415,3.948595324814258,1392.5091260287463,1391.4415992321449,1393.799341226928,2.3577419947832823,3.0,0.0659066324593344,1
2019-01-10,2019-01-07,2019-01-14,3.028409479797382,18.921266568262364,1385.5108721401148,1383.3172756666318,1387.1675080945715,3.8502324279397726,1.5,0.1842297822403381,1
2019-01-10,2019-01-07,2019-01-14,2.973737651872004,11.506627678422468,1377.6688851863703,1377.3306448291987,1378.307396106422,0.9767512772232294,0.75,0.088724843944734,1
2019-01-10,2019-01-07,2019-01-14,2.8792222605634437,5.390255973226925,1318.5031362074033,1317.835156539455,1319.001609431114,1.1664528916589916,1.0,0.0612224175743037,1
2019-01-10,2019-01-07,2019-01-14,3.612041116553931,18.56710408091817,1349.5707618751185,1349.329274576623,1350.0476011191497,0.7183265425264835,1.0,0.0191223006962984,1
2019-01-10,2019-01-07,2019-01-14,3.4808659550451493,5.668710082925066,1369.3423383376562,1368.60717239324,1372.879357195925,4.272184802684933,1.5,0.1142862399010382,1
2019-01-10,2019-01-07,2019-01-14,2.5226472363979138,6.16268232333374,1324.049215608412,1323.9159597260875,1324.397851953283,0.4818922271952033,0.75,0.0744815750698742,1
2019-01-16,2019-01-14,2019-01-19,2.8504696306936066,3.3821698724773426,640.4585720045883,638.6539219417609,642.4267274704762,3.772805528715253,1.75,0.0601717381368313,1
2019-01-16,2019-01-14,2019-01-19,2.1139555753494417,4.203592414086311,623.0868398580267,621.0884741689079,624.6482943561859,3.559820187278092,1.75,0.0530124387017891,1
2019-01-16,2019-01-14,2019-01-19,6.949212485878492,3.974519829445976,671.2608363797281,666.3762000198476,675.7115432186984,9.335343198850753,2.0,0.0913167543219672,1
2019-01-16,2019-01-14,2019-01-19,2.5972164991807576,4.307280062548837,663.8554646857607,662.4665432521142,666.212716544047,3.746173291932791,2.0,0.0602324393160191,1
2019-01-16,2019-01-14,2019-01-19,5.907969345705566,3.927254394084837,612.0285974871967,609.3077400652692,615.2768534272909,5.969113362021744,2.25,0.0806911675275612,1
2019-01-16,2019-01-14,2019-01-19,2.6923162758353723,4.564222469177047,360.819783603113,358.21167973894626,364.09650404332206,5.8848243043757975,1.75,0.0587756804676621,1
2019-01-16,2019-01-14,2019-01-19,3.1697370871554646,4.2493307204429325,402.08165285849094,399.6022801459767,404.09460840094835,4.492328254971653,2.25,0.0613474204783556,1
2019-01-16,2019-01-14,2019-01-19,3.2188721874271,4.053097058378209,340.56540545622437,338.97701792325824,342.3984899651259,3.4214720418676734,1.75,0.0694888208357105,1
2019-01-16,2019-01-14,2019-01-19,3.007708108797464,4.62206401190382,720.963267722702,719.1463703364134,723.1422120984644,3.9958417620509863,2.75,0.0602262800069181,1
2019-01-16,2019-01-14,2019-01-19,2.6338815435062553,4.034778203027192,775.3455652624989,773.9239561236463,777.7859893101268,3.862033186480403,1.5,0.0777394803913023,1
2019-01-16,2019-01-14,2019-01-19,5.16473488954529,4.600755776692006,828.2547959937592,825.5911116153002,831.1005875989795,5.509475983679295,3.0,0.0962992442594214,1
2019-01-16,2019-01-14,2019-01-19,4.455005479418334,4.518923119184306,842.8433563617339,840.2282964750193,845.4280770523474,5.199780577328056,2.75,0.088241881003688,1
2019-01-16,2019-01-14,2019-01-19,3.6712954234202178,4.289310742232646,691.010886667256,689.1813048929907,693.5767545569688,4.39544966397807,2.0,0.0633981670127587,1
2019-01-16,2019-01-14,2019-01-19,6.389397265695112,6.317347190494537,346.7173514681032,344.59659571247175,349.5831125616096,4.986516849137843,3.25,0.094164087775012,1
2019-01-16,2019-01-14,2019-01-19,4.06115913182865,4.567652934216923,2171.621265544385,2169.039634356741,2174.587828352116,5.548193995375186,2.75,0.0689408214391599,1
2019-01-16,2019-01-14,2019-01-19,3.5708995664093637,5.35442580795407,2187.7540177071,2185.658825446386,2190.1351799070835,4.476354460697621,2.25,0.0666599177900766,1
2019-01-16,2019-01-14,2019-01-19,3.629179693275431,4.390866571511103,174.68865428179714,171.35212682699785,177.46913757547736,6.117010748479515,2.0,0.0752674882896584,1
2019-01-16,2019-01-14,2019-01-19,6.492490653803832,4.8465307388654395,163.62613245966537,159.79947699047625,167.1905613099225,7.391084319446236,3.25,0.0955008881386403,1
2019-01-16,2019-01-14,2019-01-19,6.56737452429213,4.713104563780638,153.64185723679847,149.24859205959365,156.67800838779658,7.429416328202933,3.0,0.0873526668490703,1
2019-01-16,2019-01-14,2019-01-19,4.263039646084786,5.926806425557983,147.03857661601927,145.17455781251192,149.2333082035184,4.05875039100647,4.25,0.0780646334258148,1
2019-01-16,2019-01-14,2019-01-19,6.958101656069971,4.863595744822435,126.3809956362126,122.42498653475197,130.72873302642256,8.303746491670609,3.25,0.0881303262291214,1
2019-01-16,2019-01-14,2019-01-19,3.575933902966992,5.28330351674018,68.87884443677873,67.25214977189898,70.73412614269182,3.481976370792836,3.25,0.0639893875789296,1
2019-01-16,2019-01-14,2019-01-19,2.259439745368826,5.42065831872904,45.040894351726195,43.79048505751416,46.2535147103481,2.4630296528339386,2.25,0.0856565503038327,1
2019-01-16,2019-01-14,2019-01-19,2.5123564367506592,5.1566567633808855,14.449152767642657,12.759791620075704,17.36376442294568,4.603972802869976,2.75,0.0543277637295311,1
2019-01-16,2019-01-14,2019-01-19,5.912870541263479,4.309659565359449,216.5070939772832,211.4792082165368,222.5635560466908,11.084347830154002,2.0,0.0913761395656794,1
2019-01-16,2019-01-14,2019-01-19,2.5806659874275986,4.811745950816289,869.7801574057554,867.4260751567781,871.3539996137843,3.927924457006157,2.0,0.0648850351958725,1
2019-01-16,2019-01-14,2019-01-19,2.8703473795718417,4.366364173653221,1665.8428120610556,1664.2640200490132,1667.4586401837878,3.1946201347745955,1.5,0.05393035487128,1
2019-01-16,2019-01-14,2019-01-19,4.2720117304317755,7.973540140209129,1672.7865545850434,1671.250410174951,1674.1816515796818,2.9312414047308266,3.25,0.0782345572494763,1
2019-01-16,2019-01-14,2019-01-19,5.869492516693481,4.373741878571558,1683.681629552936,1679.425527205225,1686.8381222803146,7.4125950750894845,2.0,0.0756266290132041,1
2019-01-16,2019-01-14,2019-01-19,2.098942655095526,4.45167814527478,1529.4932679304732,1528.0814253729768,1532.0743042365648,3.992878863587975,2.5,0.0573286960955875,1
2019-01-16,2019-01-14,2019-01-19,2.830722385752448,5.04164421110009,1624.0401629774256,1622.2419631327502,1626.50115331728,4.259190184529871,3.0,0.063567279342877,1
2019-01-16,2019-01-14,2019-01-19,2.011435963009185,7.938773376894651,1820.6609531031615,1819.933929328341,1821.8962027444504,1.962273416109383,1.75,0.0402135917802028,1
2019-01-16,2019-01-14,2019-01-19,3.4277900406322472,5.5596461701584605,1523.6005087659985,1519.764550389722,1526.4267518082634,6.662201418541372,3.25,0.0649397708009043,1
2019-01-16,2019-01-14,2019-01-19,12.919932638200576,4.399677317705034,1924.6001436672336,1919.335472455248,1930.0307928915136,10.69532043626532,3.5,0.0960475131136941,1
2019-01-16,2019-01-14,2019-01-19,2.3060990731123656,6.3529512209579675,2046.06498046556,2044.7307433071544,2048.043636152521,3.31289284536615,1.75,0.048312450867933,1
2019-01-16,2019-01-14,2019-01-19,2.872869760648894,4.328810470923347,2051.9333728554902,2050.091371258255,2054.271120173391,4.17974891513586,2.25,0.0582879582266461,1
2019-01-16,2019-01-14,2019-01-19,2.419380599406561,6.230359848419556,2054.991705102316,2054.2685614726506,2056.294636722654,2.026075250003487,1.75,0.041499637243613,1
2019-01-16,2019-01-14,2019-01-19,2.327625354101767,5.645782459114194,2060.6235529555047,2059.784318621736,2061.535125701688,1.7508070799522102,2.25,0.0427594882803063,1
2019-01-16,2019-01-14,2019-01-19,2.422711761462077,4.357988176876777,1824.2917754613252,1822.819585377816,1825.7631839644164,2.943598586600274,1.5,0.0606290878559955,1
2019-01-16,2019-01-14,2019-01-19,2.8064110599818117,4.97563060735971,1837.828386190957,1837.0832583918236,1838.6875901184976,1.6043317266739905,2.0,0.1054583452490799,1
2019-01-16,2019-01-14,2019-01-19,5.220105416415741,7.099607977762844,1204.8156515112976,1203.4331368110145,1207.3182003106922,3.8850634996779263,3.75,0.0719171238795649,1
2019-01-16,2019-01-14,2019-01-19,9.822762424706951,5.637413672676577,1207.9260764930527,1204.93519027438,1210.6590455877597,5.7238553133793175,4.0,0.0964328190209461,1
2019-01-16,2019-01-14,2019-01-19,6.372752003668089,4.201903442849901,1237.6670026791105,1234.2470601755194,1241.7617937689647,7.514733593445271,2.0,0.0925050221241649,1
2019-01-16,2019-01-14,2019-01-19,9.56363054464888,6.200019928530463,1265.0462755095286,1262.273747747764,1268.2943125888703,6.020564841106534,4.0,0.1032367098716664,1
2019-01-16,2019-01-14,2019-01-19,2.812094972526996,5.819079522060424,1287.988878467953,1286.7785964603536,1289.1749337813817,2.396337321028114,3.25,0.07283538365443,1
2019-01-16,2019-01-14,2019-01-19,2.4749032786585388,4.767017239344822,1181.0562131295708,1180.195971465204,1182.874962227419,2.6789907622151077,2.75,0.0602012443344951,1
2019-01-16,2019-01-14,2019-01-19,2.4849945814508536,4.509964857186044,897.4591842121687,895.9293063832447,899.4089960823767,3.479689699131995,2.0,0.058499622792518,1
2019-01-16,2019-01-14,2019-01-19,2.8289470906535295,4.128367446314317,1024.970353823761,1021.4238838525488,1030.3665210227482,8.942637170199305,1.25,0.0636702878476049,1
2019-01-16,2019-01-14,2019-01-19,21.222317633969997,6.158437589880933,1104.5233928447994,1094.894563945476,1110.9989048009738,16.104340855497867,5.25,0.1374356284811274,1
2019-01-16,2019-01-14,2019-01-19,3.561301271676334,4.013269989808105,1461.9303596482089,1459.17254976416,1465.908480592072,6.735930827911943,2.25,0.070314277916536,1
2019-01-16,2019-01-14,2019-01-19,2.155194758138665,3.717874073647032,1414.0725115382606,1412.2967036166228,1415.3935885373503,3.0968849207274616,2.0,0.0460210599441845,1
2019-01-16,2019-01-14,2019-01-19,6.593235522988513,4.872054172638235,1369.57443860479,1367.947822694667,1371.924822484143,3.976999789476394,3.25,0.1056884073239758,1
2019-01-16,2019-01-14,2019-01-19,5.343914955340562,4.364246335283926,1373.149780666682,1371.0080463904887,1375.5626935134642,4.554647122975439,2.5,0.0822968793056259,1
2019-01-16,2019-01-14,2019-01-19,2.8969302588337005,5.83583024042789,1377.1284002380055,1376.5749736283906,1378.0808972083032,1.5059235799126327,1.75,0.0809127783724028,1
2019-01-16,2019-01-14,2019-01-19,2.925373187161133,5.446294393905997,1378.1758648174164,1376.027401290834,1380.512740324717,4.485339033883065,3.75,0.066761200957181,1
2019-01-16,2019-01-14,2019-01-19,26.14341087204866,6.682853287689952,1381.6748066780328,1378.4448927594349,1384.0705288224854,5.625636063050479,6.75,0.1892668908107818,1
2019-01-16,2019-01-14,2019-01-19,6.586984703303134,5.317445639790154,1387.098517641101,1384.3663846123964,1388.6868594731204,4.320474860724062,4.25,0.0877996097118483,1
2019-01-16,2019-01-14,2019-01-19,6.765342373517485,4.662674080429698,1392.5132324976,1390.6378666991368,1395.427977686748,4.790110987611115,4.0,0.0840262305323746,1
2019-01-16,2019-01-14,2019-01-19,4.930668105883138,5.460437013476935,1363.1787366447795,1362.7518869191408,1363.74617797276,0.9942910536192358,1.5,0.3214896748494534,1
2019-01-16,2019-01-14,2019-01-19,4.5098051128911125,3.05671784871663,1375.2035876862944,1373.0809980765916,1377.992126616649,4.911128540057689,1.5,0.0821146661067728,1
2019-01-16,2019-01-14,2019-01-19,3.300358772145395,5.603068515982532,1382.6068470174291,1381.0341126252897,1384.3274170402435,3.2933044149540365,1.5,0.0644334061406508,1
2019-01-16,2019-01-14,2019-01-19,4.936422667176212,4.737624959602283,1376.6938938960648,1374.6467655617744,1378.0808972083032,3.43413164652884,3.25,0.098287995611419,1
2019-01-16,2019-01-14,2019-01-19,2.053194524484077,4.102706448083919,1214.8176994940818,1213.2666767071933,1216.6838696817867,3.4171929745934904,1.0,0.1627712025990682,1
2019-01-16,2019-01-14,2019-01-19,2.643618805307619,4.678516440695523,1821.525476633876,1820.1820380464196,1822.6406890992075,2.4586510527879,2.75,0.0534838579644131,1
2019-01-16,2019-01-14,2019-01-19,2.897991277919869,6.865215789715597,1457.3376849321114,1454.3639476108365,1459.41785791656,5.053910305723548,2.25,0.0709101773643979,1
2019-01-16,2019-01-14,2019-01-19,3.8368901397544657,3.987833303095164,148.07220071650485,145.4196247421205,150.70363675430417,5.284012012183666,3.25,0.0757339947265068,1
2019-01-16,2019-01-14,2019-01-19,3.313570455963274,4.97958936225512,345.29756935925343,344.352249160409,346.650986649096,2.2987374886870384,3.5,0.0724040931130588,1
2019-01-16,2019-01-14,2019-01-19,2.2496719427024896,3.6966576919859135,782.0154567810118,779.1906000971794,785.8471041982993,6.6565041011199355,2.25,0.06407118027949,1
2019-01-16,2019-01-14,2019-01-19,5.84661575299808,3.260433217724916,759.9496218641111,751.0000571683049,767.3601695480756,16.360112379770726,1.25,0.1140395970391499,1
2019-01-16,2019-01-14,2019-01-19,36.477277002519514,3.298512536654761,1011.9355480585187,943.539310639724,1087.0344690061174,143.4951583663933,2.75,0.2649115262077436,1
2019-01-16,2019-01-14,2019-01-19,5.9598950101918655,3.058192481715989,908.9538519066596,901.3230664716102,917.6213054745458,16.29823900293559,1.25,0.0858440784198566,1
2019-01-16,2019-01-14,2019-01-19,35.730440932065704,3.104719380110859,847.7392066670736,811.1580171859823,879.1822014637291,68.02418427774683,2.0,0.2575416441982204,1
2019-01-16,2019-01-14,2019-01-19,17.89641056969549,3.119330733504888,886.2495960471629,878.4459603340365,901.8143203165382,23.368359982501715,2.75,0.1745071538155171,1
2019-01-16,2019-01-14,2019-01-19,7.028201159007934,3.5258096610513756,773.4984131591536,767.6205677613616,780.355914532207,12.735346770845354,1.75,0.112216434234497,1
2019-01-16,2019-01-14,2019-01-19,3.1015519690388302,3.206555820718297,736.9028761193271,731.0186318382621,743.9328955821693,12.914263743907211,0.75,0.0897208755062062,1
2019-01-21,2019-01-19,2019-01-23,22.996630151084048,9.235077971221376,1453.1907125983466,1445.1574660125189,1461.6363045475446,16.478838535025716,6.25,0.1523432912453534,1
2019-01-21,2019-01-19,2019-01-23,5.375685427428262,8.757944586409684,1386.9659221381294,1385.4534918339923,1388.548596599605,3.095104765612632,3.5,0.0754702081496726,1
2019-01-21,2019-01-19,2019-01-23,2.7544641150132927,9.600796424732934,1528.5278139531374,1526.448810905218,1530.4367645676248,3.987953662406653,3.0,0.0589404831090978,1
2019-01-21,2019-01-19,2019-01-23,2.2698141337690116,6.897493749128315,1364.314899104224,1362.2773483647034,1365.5629390650429,3.285590700339526,2.75,0.0769458981919966,1
2019-01-21,2019-01-19,2019-01-23,2.875261760442946,3.963898438446483,1375.9097663095033,1373.3621191978457,1377.992126616649,4.630007418803871,2.25,0.0661128322376063,1
2019-01-21,2019-01-19,2019-01-23,3.602150598484356,4.9673225678406245,1379.0698884489768,1377.0177037906833,1381.0392993385904,4.021595547907054,3.0,0.0704784554886208,1
2019-01-21,2019-01-19,2019-01-23,64.932559845758,13.677439190199934,1746.2580576617222,1735.228408101946,1759.275230590254,24.046822488307953,7.5,0.2354393966513248,1
2019-01-21,2019-01-19,2019-01-23,5.651164397454119,4.790428405137092,1844.8728673738997,1841.7743463767692,1847.506930968724,5.7325845919549465,2.25,0.0915977138567578,1
2019-01-21,2019-01-19,2019-01-23,10.262893085202192,3.14695986550816,1551.0527605393845,1536.0948089174926,1562.31810991792,26.223301000427455,1.25,0.0813869610995255,1
2019-01-21,2019-01-19,2019-01-23,3.2890392727610496,8.098748106161077,1535.3645447836964,1533.7343328003772,1536.6067332508974,2.8724004505202174,3.5,0.0682794468906349,1
2019-01-21,2019-01-19,2019-01-23,20.761422190317443,3.434886873957785,1647.4771260248792,1626.4657984199002,1674.1816515796818,47.715853159781545,1.25,0.1099179701575672,1
2019-01-21,2019-01-19,2019-01-23,3.785890452216438,8.099820551667413,1627.1958963634752,1623.468615165446,1629.4674972603098,5.998882094863802,2.75,0.075011122126756,1
2019-01-21,2019-01-19,2019-01-23,36.58705215541034,11.112841411569631,1668.4469751328552,1661.9749282547273,1676.233765528537,14.25883727381006,6.0,0.1962919392396798,1
2019-01-21,2019-01-19,2019-01-23,2.0946116783378663,3.5194962664526384,8.571351600330784,6.197299060411751,11.758461007848382,5.561161947436631,2.5,0.0593321713034065,1
2019-01-21,2019-01-19,2019-01-23,27.14745290825606,7.502281279978096,11.635302464263503,5.701827655080706,17.116588128264993,11.414760473184288,5.25,0.1445191190666468,1
2019-01-21,2019-01-19,2019-01-23,22.089731615075955,6.071874323336475,1436.4581935517892,1430.6816823668778,1443.3708617347293,12.689179367851466,7.5,0.1514692615239734,1
2019-01-21,2019-01-19,2019-01-23,2.8067693325383916,5.451941761138716,1426.6355747785135,1425.1168780568987,1427.811514406465,2.694636349566281,3.25,0.0579229213810944,1
2019-01-21,2019-01-19,2019-01-23,30.642835279854665,3.592839958765786,861.976716091263,839.891839388758,878.93673497485,39.044895586092025,2.5,0.1395583201322819,1
2019-01-21,2019-01-19,2019-01-23,12.372300463425026,3.398774516074033,908.9790970735244,889.6969808018766,929.365174425766,39.66819362388924,1.25,0.0879549632054941,1
2019-01-21,2019-01-19,2019-01-23,7.66972631698237,3.5033979309997743,974.635177193035,967.144736427348,982.3469382934272,15.202201866079122,0.75,0.0548886263953555,1
2019-01-21,2019-01-19,2019-01-23,49.50105348779404,3.714322456496861,1071.5944604918384,1020.7020506029947,1108.701931154821,87.99988055182621,2.0,0.1552858545623149,1
2019-01-21,2019-01-19,2019-01-23,9.28853572718968,3.319410722552799,1122.894157294086,1111.997873543296,1133.709510540124,21.71163699682802,1.0,0.0756232441347308,1
2019-01-21,2019-01-19,2019-01-23,5.495908009221652,5.667695608796756,1261.9242104102605,1260.609967825003,1263.229157262016,2.6191894370131195,4.5,0.0778609558572044,1
2019-01-21,2019-01-19,2019-01-23,4.597194976969874,3.541521939927931,883.9046533548383,878.2004938451573,888.8443070440553,10.643813198897988,1.0,0.0933673546413174,1
2019-01-21,2019-01-19,2019-01-23,3.2582256864488253,5.961749627291827,2056.4691000752346,2054.5215031001717,2058.058181453962,3.536678353790194,4.0,0.0684699797259947,1
2019-01-21,2019-01-19,2019-01-23,2.023960293384041,6.037179185728214,1363.1960832632196,1362.9891561954282,1363.74617797276,0.7570217773318291,1.25,0.1287826655183905,1
2019-01-21,2019-01-19,2019-01-23,3.2683547053695716,3.3454395320421706,1381.434616592662,1381.2177581903525,1382.2820659419522,1.0643077515996993,1.0,0.1414430906494502,1
2019-01-21,2019-01-19,2019-01-23,2.39896948927797,7.281614956758138,1384.5700597652883,1383.3172756666318,1387.1675080945715,3.8502324279397726,2.0,0.0522533522888254,1
2019-01-21,2019-01-19,2019-01-23,9.87580197218626,4.583540278460765,1452.641858757,1445.7248107478954,1459.1354363453574,13.410625597462058,4.5,0.1184826192283869,1
2019-01-21,2019-01-19,2019-01-23,25.347539725722353,6.059135703553167,1669.8120140981978,1660.516064506024,1678.6898305416107,18.173766035586596,6.5,0.1907884923796984,1
2019-01-21,2019-01-19,2019-01-23,5.05305706529741,9.076644478455842,1666.1523343032422,1664.9845822132193,1667.212810372468,2.228228159248829,1.25,0.0689052253845453,1
2019-01-21,2019-01-19,2019-01-23,5.401404086069215,12.007871518760211,1670.0108602346854,1667.2133320313878,1672.9542026137933,5.740870582405478,2.25,0.0710891445890778,1
2019-01-21,2019-01-19,2019-01-23,84.18766849147724,5.500655229329591,1745.40300473482,1734.733368707355,1764.2148993210867,29.481530613731593,7.5,0.2803623047857552,1
2019-01-21,2019-01-19,2019-01-23,2.266414898701205,3.994379970240455,1107.9221481235386,1107.0046972963028,1108.701931154821,1.6972338585183024,1.0,0.1120512550893002,1
2019-01-21,2019-01-19,2019-01-23,4.158115891196933,5.103117393743728,12.77213187982622,11.009942675940692,15.627079349011185,4.61713667307049,4.0,0.0738148198074045,1
2019-01-26,2019-01-23,2019-01-30,2.1401075708416104,3.044291441812163,1253.873694818412,1253.5773509247229,1254.5380266821012,0.9606757573783398,0.5,0.0369101879897063,1
2019-01-26,2019-01-23,2019-01-30,4.1143668993734686,3.477975838198701,1363.5197911232465,1362.2773483647034,1365.5629390650429,3.285590700339526,1.25,0.0787078846185399,1
2019-01-26,2019-01-23,2019-01-30,2.2477359094367104,19.749130461592024,1349.4166425802437,1349.1084169461392,1349.8110919236206,0.7026749774813652,1.0,0.0792830727041666,1
2019-01-26,2019-01-23,2019-01-30,3.041831760664098,4.537170424039239,45.52245090769966,45.263534153811634,46.2535147103481,0.989980556536466,1.5,0.1620385774552927,1
2019-01-26,2019-01-23,2019-01-30,2.360252442257647,3.897830325559516,1182.161051947293,1180.689044836443,1184.146047904156,3.457003067713231,3.25,0.077330809318606,1
2019-01-26,2019-01-23,2019-01-30,2.0491203240349427,3.1125910573728786,1142.5653002607269,1142.1750165070407,1143.164712511003,0.9896960039623082,0.5,0.1322364697676177,1
2019-01-26,2019-01-23,2019-01-30,2.322864720115179,3.211405918554323,976.6496645312516,975.8443596852012,977.2982833785936,1.4539236933924258,0.75,0.1372352553727113,1
2019-01-26,2019-01-23,2019-01-30,2.229436534538055,12.335342324370538,1944.0374884519324,1943.9000271302648,1944.4359089806676,0.5358818504028022,1.25,0.1166748309365405,1
2019-01-26,2019-01-23,2019-01-30,5.371163478273959,12.41513226809611,1177.8531101972078,1176.50107899867,1180.201376750134,3.7002977514639497,3.5,0.0931821367231285,1
2019-01-26,2019-01-23,2019-01-30,54.09303830358805,4.944314430987729,1744.8702989656251,1734.2567894784734,1759.026078635361,24.76928915688768,6.5,0.2417024307108259,1
2019-01-26,2019-01-23,2019-01-30,43.66766370781372,12.137120392042949,1746.2816366758032,1735.494320976548,1757.7803187766112,22.285997800063345,6.0,0.2002770305049176,1
2019-01-26,2019-01-23,2019-01-30,7.568295443549502,3.0484074258147653,1749.098623528049,1745.5086822411977,1754.0046986467205,8.496016405522823,1.0,0.0678942579554251,1
2019-02-02,2019-01-30,2019-02-06,15.520130980627831,6.9724481221793715,902.4971606603604,895.6832586037926,910.0579345775768,14.374675973784178,4.5,0.1157101405716452,2
2019-02-02,2019-01-30,2019-02-06,3.752184744114456,7.221641130928006,867.500930231667,866.4590729130432,869.1561822849326,2.6971093718893826,2.5,0.0689572340788416,2
2019-02-02,2019-01-30,2019-02-06,19.94140891951862,11.099781408851449,1194.6825310020558,1192.4618746107444,1197.017475315835,4.55560070509091,8.25,0.1261904480895463,2
2019-02-02,2019-01-30,2019-02-06,4.75603249626515,18.017209431100447,1176.4396815772147,1175.2424626471477,1178.2223944985308,2.979931851383298,2.5,0.07532247246028,2
2019-02-02,2019-01-30,2019-02-06,2.564755484644052,6.919489673096441,1113.4926258851951,1111.997873543296,1117.6397290551104,5.641855511814356,2.5,0.0572719646550844,2
2019-02-02,2019-01-30,2019-02-06,26.13267729118633,8.712893209398008,1104.597541618902,1096.98224496888,1113.6733689336106,16.69112396473065,5.5,0.1564845986730488,2
2019-02-02,2019-01-30,2019-02-06,2.8089745915014297,6.705022061777343,33.45235461698536,31.342793873976916,35.185782545711845,3.842988671734929,2.75,0.0592441937061108,2
2019-02-02,2019-01-30,2019-02-06,7.255294751802927,7.783645230710132,6.262816317256335,3.2186544756405056,8.424457794521004,5.205803318880498,5.25,0.0831537726228127,2
2019-02-02,2019-01-30,2019-02-06,28.92020508153973,4.313412825256704,1747.0454128452543,1737.5816570958125,1754.2532484037802,16.6715913079679,3.75,0.1560480151467647,2
2019-02-02,2019-01-30,2019-02-06,5.869475651758004,6.243529884441179,45.024477805949886,43.025782159063965,45.756876861676574,2.7310947026126087,3.5,0.0774735152101808,2
2019-02-02,2019-01-30,2019-02-06,2.747786336488661,6.3309940798960165,348.6827202332172,347.13443752750754,349.827364211902,2.692926684394479,2.0,0.0566769169099053,2
2019-02-02,2019-01-30,2019-02-06,4.227649406900272,6.648472092476541,680.7823460576298,678.9206674285233,682.8277593725361,3.907091944012791,3.75,0.0731430201256118,2
2019-02-02,2019-01-30,2019-02-06,7.650604914465021,5.433791272077752,669.3603951871779,665.2110460326076,672.4682982978411,7.257252265233547,3.75,0.0948545079437843,2
2019-02-02,2019-01-30,2019-02-06,3.373326111366028,6.023223733985428,594.1928139448585,592.5351090091281,596.5846276176162,4.0495186084881425,2.5,0.0607764397308744,2
2019-02-02,2019-01-30,2019-02-06,4.733237665492652,5.7490747052922515,539.9076282930662,536.1831434331834,543.7407180145383,7.557574581354856,2.5,0.0747141447329264,2
2019-02-02,2019-01-30,2019-02-06,7.320758543930914,6.705486027738764,366.49715036367326,362.63255595229566,369.85906490590423,7.2265089536085725,3.75,0.0944900815460782,2
2019-02-02,2019-01-30,2019-02-06,5.633196311215278,11.265505282128291,1203.1823402473142,1202.1967602162622,1204.7037480892614,2.5069878729991615,4.5,0.0747655173917428,2
2019-02-02,2019-01-30,2019-02-06,2.3753651416025505,9.379121856939948,1355.715916251506,1354.4221940659918,1357.0395219190978,2.6173278531059623,2.25,0.0689692821991958,2
2019-02-02,2019-01-30,2019-02-06,53.59977279339629,10.631014832652347,1746.15326073249,1734.9808884044178,1758.02947073197,23.04858232755214,6.0,0.2152713841739743,2
2019-02-02,2019-01-30,2019-02-06,3.601577987929616,6.7218916038317245,1673.1413355867408,1671.4960753833875,1675.1746519939045,3.6785766105167568,4.0,0.0684337476359002,2
2019-02-02,2019-01-30,2019-02-06,2.7790242445774997,6.24448044921454,1536.51216413076,1534.761728006415,1540.120325947646,5.3585979412309825,3.75,0.0627373115276712,2
2019-02-02,2019-01-30,2019-02-06,24.88862440947597,8.592892440026604,2161.847843774747,2158.4410853758454,2165.3090187185444,6.8679333426989615,7.25,0.1242254639943883,2
2019-02-02,2019-01-30,2019-02-06,2.47137206780474,4.8909247936002,2116.2118255595965,2114.7489363527857,2117.7357913553715,2.9868550025857985,2.5,0.0547186404302965,2
2019-02-02,2019-01-30,2019-02-06,5.672037422833678,5.897881194546809,2103.1228418647465,2099.686841524672,2108.133550710045,8.446709185373038,2.25,0.0796937030585711,2
2019-02-02,2019-01-30,2019-02-06,5.106040375882781,7.617048662872156,2048.5489954972268,2045.753956247121,2050.8454049015418,5.091448654420674,4.5,0.0765587207320681,2
2019-02-02,2019-01-30,2019-02-06,2.0742586449143565,5.933941801156884,2043.50360869141,2041.4287407179363,2045.999264399521,4.570523681584746,1.5,0.054358114319125,2
2019-02-02,2019-01-30,2019-02-06,2.226644130512247,14.334597947758038,2054.4026854424187,2051.6137903584167,2056.294636722654,4.680846364237368,1.5,0.0422987025074004,2
2019-02-02,2019-01-30,2019-02-06,10.83194194955006,9.424829099787972,1527.468768655361,1522.465099234134,1532.0743042365648,9.609205002430826,4.5,0.0988764673345965,2
2019-02-02,2019-01-30,2019-02-06,10.002100284971258,7.4584771646017005,1263.3980091394058,1261.2938172481954,1266.3729274165817,5.079110168386251,3.75,0.1010810905906116,2
2019-02-02,2019-01-30,2019-02-06,2.3424606099263063,3.627555564212609,1264.0210440824972,1261.2938172481954,1267.8209508159198,6.527133567724377,2.25,0.0516658309634913,2
2019-02-02,2019-01-30,2019-02-06,2.209664820108695,6.6514211768906195,1257.5853741519395,1256.6992145194672,1258.3380283224396,1.638813802972436,3.25,0.0539412149943299,2
2019-02-02,2019-01-30,2019-02-06,3.9164815963413937,8.773924010768617,1464.932236863181,1463.1263604694975,1467.031692247372,3.905331777874381,4.25,0.0698621809731452,2
2019-02-02,2019-01-30,2019-02-06,4.337102715495153,6.635383448935667,1452.080356050833,1449.1284452038817,1455.4513754774816,6.322930273599923,3.25,0.0747332111758171,2
2019-02-02,2019-01-30,2019-02-06,16.391851530330282,8.402469999696917,1428.1877588197865,1423.6647882317193,1432.335855933372,8.671067701652646,6.0,0.1270520349099294,2
2019-02-02,2019-01-30,2019-02-06,3.5340977014618646,5.893841654078111,1418.2934331503118,1416.7004456734285,1420.6005010227673,3.9000553493388,3.0,0.0623096909841264,2
2019-02-02,2019-01-30,2019-02-06,2.0296350682005473,6.479466183886743,1413.0979962666927,1412.2967036166228,1414.2669770685025,1.9702734518796208,2.25,0.0481887638993567,2
2019-02-02,2019-01-30,2019-02-06,14.849794318826984,7.816284148250525,1394.162262396865,1390.6378666991368,1397.7854271023534,7.14756040321663,5.25,0.1181721608066853,2
2019-02-02,2019-01-30,2019-02-06,3.146608085352359,8.214920745638665,2056.970582729289,2054.025812020991,2060.5348027599975,6.508990739006549,3.0,0.0662276622293566,2
2019-02-02,2019-01-30,2019-02-06,3.7901900295305904,3.972161954483704,1211.073494083468,1210.5315100024454,1211.7359518557787,1.2044418533332646,0.75,0.0263560436978076,2
2019-02-02,2019-01-30,2019-02-06,3.389884043690796,3.818757034985576,916.7747054665286,912.1213175132872,922.9448415981606,10.823524084873496,2.25,0.0767129629913123,2
2019-02-02,2019-01-30,2019-02-06,2.051334107456276,3.173613179344925,977.3506071283512,970.778115614783,983.2876453227364,12.509529707953334,0.5,0.0632812900102686,2
2019-02-02,2019-01-30,2019-02-06,5.052092574969211,3.082399811579406,992.3523390384996,983.30552094616,1006.8610088662244,23.55548792006448,0.75,0.1671502703241917,2
2019-02-02,2019-01-30,2019-02-06,2.4991064235339664,6.167500849008341,1356.094033722526,1355.1341961431317,1357.0876884828322,1.9534923397004604,3.0,0.0721930609272904,2
2019-02-02,2019-01-30,2019-02-06,4.555868096516167,5.118325576526185,1358.9199109126544,1357.5533957658336,1360.4027730501257,2.8493772842921317,4.75,0.0913510783056221,2
2019-02-02,2019-01-30,2019-02-06,3.872644354910102,3.101903130740634,1355.5223009788751,1354.18575299019,1357.0395219190978,2.8537689289078116,2.0,0.0705517530946111,2
2019-02-02,2019-01-30,2019-02-06,2.4850304577681426,3.5456925872437375,317.4816775773695,317.2066848031245,317.94424813147634,0.7375633283518255,0.75,0.0810416011447102,2
2019-02-02,2019-01-30,2019-02-06,4.70677461926324,3.88434728359418,365.84980233481417,362.63255595229566,369.85906490590423,7.2265089536085725,2.25,0.0787478378817293,2
2019-02-02,2019-01-30,2019-02-06,4.430185323212583,3.596096881426308,884.1880983604941,880.41619810462,890.4342071409337,10.018009036313742,2.0,0.086652274813694,2
2019-02-02,2019-01-30,2019-02-06,11.430697876461716,3.8070984958597793,901.473523619574,891.4469260820188,908.1203140500002,16.673387967981398,2.5,0.1069802538696075,2
2019-02-02,2019-01-30,2019-02-06,5.9871185116937164,3.4124575089220777,669.2234531297048,665.2110460326076,673.398234911263,8.187188878655434,1.75,0.0790925252473015,2
2019-02-02,2019-01-30,2019-02-06,2.206240931571572,4.353432898090486,216.6380343687934,212.6893408410251,220.9655730794184,8.276232238393277,2.25,0.0634759607316238,2
2019-02-02,2019-01-30,2019-02-06,2.9471610892950686,3.714377118653238,2102.874090240753,2099.686841524672,2107.1329436590895,7.4461021344177425,2.0,0.06424655061387,2
2019-02-02,2019-01-30,2019-02-06,19.003391204567443,4.483841576252186,2161.6766053450906,2157.943127311766,2167.044147044886,9.101019733119756,5.25,0.1216440811009598,2
2019-02-02,2019-01-30,2019-02-06,6.732217861755576,3.704623639392507,2050.6981173026475,2044.9857064294629,2055.7886489508674,10.802942521404477,3.0,0.0886418303484823,2
2019-02-02,2019-01-30,2019-02-06,20.626790330306157,3.800378522818068,1191.4893429093906,1183.9007397517562,1196.1239977777004,12.223258025944231,3.5,0.1368565145213319,2
2019-02-02,2019-01-30,2019-02-06,29.62857008772304,4.626177009695852,1104.4585611532868,1076.6993550015611,1118.1371121653356,41.43775716377422,5.5,0.185225799180305,2
2019-02-02,2019-01-30,2019-02-06,4.797173371812299,4.068408532155557,5.503701624067251,2.9711589799262583,8.17672209115699,5.205563111230731,2.75,0.0725722842883442,2
2019-02-02,2019-01-30,2019-02-06,7.490029264255914,4.210148659107154,1426.7499267082808,1422.848373115994,1430.9269905192778,8.078617403283715,4.5,0.0957027891943586,2
2019-02-02,2019-01-30,2019-02-06,2.7651459358554717,3.628328643189935,1463.31816875323,1460.8594068796374,1465.908480592072,5.04907371243462,2.0,0.0554466597999074,2
2019-02-02,2019-01-30,2019-02-06,2.0674637317469537,3.9675431524483726,1392.4752448468944,1391.173688387964,1393.799341226928,2.6256528389640152,2.5,0.05136291358314,2
2019-02-02,2019-01-30,2019-02-06,3.251988052076637,4.664370106489362,1396.3247739759572,1393.8786425623111,1398.8469407907687,4.96829822845757,2.0,0.0692425435114542,2
2019-02-02,2019-01-30,2019-02-06,8.783069141440892,5.593088901845768,1738.7946497993082,1733.0222082412802,1745.224610567093,12.202402325812727,4.0,0.1144733878579247,2
2019-02-02,2019-01-30,2019-02-06,3.6773612807586873,15.305505818975565,1739.0365817332886,1738.077202106826,1740.797334116418,2.7201320095919073,2.0,0.076054329975028,2
2019-02-02,2019-01-30,2019-02-06,4.0968537371032525,4.795153748571274,1756.3483932700865,1752.99152973108,1759.275230590254,6.283700859174132,3.75,0.0825987987682415,2
2019-02-02,2019-01-30,2019-02-06,2.3210720081374396,13.504624155656458,1814.2927763845555,1814.0925427800976,1814.587246765848,0.4947039857506752,1.25,0.1945931981342438,2
2019-02-02,2019-01-30,2019-02-06,3.5429058586360136,4.012437563720668,1527.592114120794,1522.1948593826964,1531.5410717795603,9.346212396863848,2.25,0.0700225935076194,2
2019-02-02,2019-01-30,2019-02-06,2.1716370276695773,19.496600609532244,1583.923389490657,1583.5507943313569,1584.305577528197,0.7547831968404353,2.0,0.0518798349702088,2
2019-02-02,2019-01-30,2019-02-06,2.6684623884419247,6.107537701376896,1665.8047541107285,1665.230327035766,1667.212810372468,1.9824833367019892,1.75,0.1218616490995903,2
2019-02-09,2019-02-06,2019-02-12,3.4039195949385124,5.895780555972639,1356.00441915252,1354.4221940659918,1357.0395219190978,2.6173278531059623,1.5,0.072569060246429,2
2019-02-09,2019-02-06,2019-02-12,2.225488913095558,20.53743689180732,1349.7253941505724,1349.374230614863,1350.3292277059518,0.954997091088444,1.25,0.0342415220204831,2
2019-02-09,2019-02-06,2019-02-12,2.7080186346516086,18.79873744848213,1423.0080326299058,1422.848373115994,1423.3765426003374,0.5281694843433797,1.0,0.1162674611778145,2
2019-02-09,2019-02-06,2019-02-12,2.8203703817211703,20.09368149179956,1422.9347691972675,1422.5655117868446,1423.3765426003374,0.8110308134928346,1.5,0.144395801291079,2
2019-02-09,2019-02-06,2019-02-12,2.0687370037119863,19.703776909584032,1349.420378538708,1349.329274576623,1349.8110919236206,0.481817346997559,1.0,0.0458249270723008,2
2019-02-09,2019-02-06,2019-02-12,2.0484303948563176,3.9645818931642793,1738.7583081544876,1735.989198854193,1742.0326801198537,6.043481265660375,2.0,0.0568234792234989,2
2019-02-09,2019-02-06,2019-02-12,3.0505429597910116,4.086872290518443,1747.7459529708217,1743.7596821002662,1751.247215225827,7.487533125560731,3.5,0.0708869949677697,2
2019-02-09,2019-02-06,2019-02-12,2.4900365838882443,3.138373377166334,2133.0696601847544,2132.7052985634655,2133.448716770392,0.7434182069264352,1.0,0.0862875779181402,2
2019-02-09,2019-02-06,2019-02-12,4.233641549138946,18.472948089958763,1349.5207030694996,1349.329274576623,1350.0476011191497,0.7183265425264835,1.25,0.0403321063912848,2
2019-02-09,2019-02-06,2019-02-12,2.0818983993586246,19.385972390292295,1346.0939306653725,1345.5711911325343,1346.6081866282038,1.0369954956695435,1.5,0.0614472414949315,2
2019-02-13,2019-02-12,2019-02-15,2.1289216417462486,16.26272832775666,1384.3844155217903,1383.3172756666318,1387.1675080945715,3.8502324279397726,1.75,0.0555913176624377,2
2019-02-13,2019-02-12,2019-02-15,3.04939620550558,8.541579870049425,1413.9606477216144,1413.4603808415122,1414.5476211090572,1.0872402675449848,1.75,0.0951496576494533,2
2019-02-13,2019-02-12,2019-02-15,2.070029777675134,9.34694161720332,1414.9777203200315,1414.5871487511322,1415.6741543537937,1.0870056026615202,1.0,0.0319331701506047,2
2019-02-13,2019-02-12,2019-02-15,8.888218579828951,7.891024317677064,1418.1068650102377,1415.4288462013938,1422.0115072531626,6.58266105176881,5.0,0.1049811943563844,2
2019-02-13,2019-02-12,2019-02-15,10.67205359145694,13.635526065627362,1349.1744798930893,1347.464248556178,1350.3292277059518,2.864979149773717,4.0,0.1060060960800406,2
2019-02-13,2019-02-12,2019-02-15,2.30464580629051,9.123979013988544,2055.6116031576403,2051.104901225306,2059.5159205188975,8.41101929359138,2.0,0.0571844293583236,2
2019-02-13,2019-02-12,2019-02-15,73.25565044409298,11.118546038807509,2092.556382927846,2085.1629347242415,2105.1390398908406,19.97610516659915,8.0,0.2018653792454572,2
2019-02-13,2019-02-12,2019-02-15,4.588512356242715,8.48565375188346,2158.729858328673,2157.943127311766,2160.784785866738,2.841658554971218,4.25,0.069848619526994,2
2019-02-13,2019-02-12,2019-02-15,2.646751574394881,9.02721967715455,1530.4497685805657,1528.5876185083762,1532.340920462273,3.75330195389688,2.5,0.0554862365593357,2
2019-02-13,2019-02-12,2019-02-15,11.979364270407784,16.127127991575083,1741.3487125681368,1737.5816570958125,1745.47292403318,7.891266937367618,4.0,0.0994196562559085,2
2019-02-13,2019-02-12,2019-02-15,3.4601818169429372,8.8384544952209,1823.750407123371,1822.819585377816,1824.8604094586335,2.0408240808174014,2.75,0.0700548704805345,2
2019-02-13,2019-02-12,2019-02-15,8.532184337485386,8.832420051363377,1838.4471063120052,1837.0832583918236,1840.0143604665063,2.931102074682713,3.75,0.0852076554700992,2
2019-02-13,2019-02-12,2019-02-15,6.88541697316794,7.353468618227499,1848.974366085277,1846.6546646147035,1851.8204421103,5.165777495596558,3.75,0.087948427392632,2
2019-02-13,2019-02-12,2019-02-15,2.184787077814167,5.622152502506302,1749.6995835606187,1746.9844083958303,1751.499138451647,4.514730055816472,1.75,0.0536718430024771,2
2019-02-13,2019-02-12,2019-02-15,2.4130833551533395,6.669229870832133,685.651006301384,684.6303580896929,687.4825568767264,2.852198787033558,2.25,0.0531186895253138,2
2019-02-13,2019-02-12,2019-02-15,2.6268865202135325,8.505351890695977,826.5822064221883,824.8755090851337,828.7482869047672,3.872777819633484,4.5,0.0629020154739463,2
2019-02-13,2019-02-12,2019-02-15,3.8218995425424183,14.59313502062324,830.928521625571,830.1383132077754,832.0599578553811,1.9216446476057172,3.0,0.0600294782011677,2
2019-02-13,2019-02-12,2019-02-15,2.1693284326473417,7.96756758013628,677.6796051073704,676.585772792343,679.402418046724,2.816645254381001,2.75,0.0518577272542189,2
2019-02-13,2019-02-12,2019-02-15,2.16185144016219,4.488490986234906,1738.6075185489494,1735.989198854193,1741.0450928602368,5.055894006043673,2.0,0.0559710418100475,2
2019-02-13,2019-02-12,2019-02-15,4.794270701771989,7.794170514921425,36.89521794464653,33.804169214330614,40.542789835017174,6.738620620686561,3.0,0.07015659960355,2
2019-02-13,2019-02-12,2019-02-15,3.035826310458157,7.775365337441537,213.78989124804903,211.7256654636003,217.2447121408768,5.519046677276492,2.75,0.0611838679756216,2
2019-02-13,2019-02-12,2019-02-15,4.157088663308757,8.050061980736698,905.880042273956,903.5400674901904,908.579760758672,5.039693268481642,5.0,0.071969381139451,2
2019-02-13,2019-02-12,2019-02-15,14.446911370846228,9.474146181946931,1202.576270779604,1199.8129454129376,1206.3761697290463,6.563224316108972,6.0,0.1120222606443215,2
2019-02-13,2019-02-12,2019-02-15,2.3654157495763988,7.971188727815961,1205.7182217144025,1204.93519027438,1206.868074609898,1.9328843355178833,3.25,0.0504886243300412,2
2019-02-13,2019-02-12,2019-02-15,2.500167381293096,14.632535273012026,1245.0097299599774,1244.3569657416083,1246.0798748903908,1.7229091487824917,2.25,0.071766003311699,2
2019-02-13,2019-02-12,2019-02-15,2.6707996231909537,8.046992262890871,1257.3995930101896,1256.4626434589736,1258.3380283224396,1.8753848634660244,3.25,0.0555416484089869,2
2019-02-13,2019-02-12,2019-02-15,3.6413047233052183,7.387154720490758,1094.5358771384329,1091.735330933705,1097.7155382940546,5.9802073603495955,4.0,0.0677671970745045,2
2019-02-13,2019-02-12,2019-02-15,10.007624808544415,11.286198584247057,1104.8592995065917,1096.98224496888,1113.182885741815,16.200640772935003,3.75,0.1064795842856623,2
2019-02-13,2019-02-12,2019-02-15,2.4264877285249304,6.712528705887306,1277.3184580695445,1276.2562432023697,1278.62598629063,2.369743088260293,2.0,0.0522970742450017,2
2019-02-13,2019-02-12,2019-02-15,2.281758800979746,8.421061568211586,1108.7287801564132,1105.7635802864097,1111.7290207245387,5.965440438129008,2.0,0.0631858188915147,2
2019-02-13,2019-02-12,2019-02-15,2.9476521962161737,7.428572279363054,1112.777860349458,1110.9930851375684,1114.9410951090977,3.948009971529246,3.25,0.0671394446773807,2
2019-02-13,2019-02-12,2019-02-15,13.889433078776683,4.181670621031237,1415.6359491340174,1411.5021763034165,1422.0115072531626,10.509330949746072,3.75,0.1279917298115412,2
2019-02-13,2019-02-12,2019-02-15,75.10669792701333,4.439026824241782,2092.9150511517164,2084.662277483847,2104.1326725380495,19.470395054202527,6.0,0.1985619717995843,2
2019-02-13,2019-02-12,2019-02-15,2.765224986407582,3.190133368912689,2055.141160962795,2050.091371258255,2060.029626774136,9.938255515880885,1.75,0.0612905428227996,2
2019-02-13,2019-02-12,2019-02-15,2.250289444649118,3.993226911541377,2173.4964162687556,2171.1075611342676,2176.361194682773,5.253633548505604,3.0,0.0932000699993597,2
2019-02-13,2019-02-12,2019-02-15,2.7696180261278,10.599092049766073,1741.9835461644232,1739.7916138023138,1745.47292403318,5.681310230866075,2.0,0.0560834190442863,2
2019-02-13,2019-02-12,2019-02-15,6.143599048933698,4.81575220594596,1848.8583796702412,1846.6546646147035,1851.8204421103,5.165777495596558,5.0,0.0921032524019627,2
2019-02-13,2019-02-12,2019-02-15,7.506796383107642,4.926807491101149,1839.4914378194767,1837.0832583918236,1841.9503837418745,4.867125350050628,4.75,0.0857055031035246,2
2019-02-13,2019-02-12,2019-02-15,8.961788518525957,3.745107563196875,683.0767740906466,676.585772792343,689.3759535490535,12.79018075671047,2.75,0.1031054379972239,2
2019-02-13,2019-02-12,2019-02-15,3.201866138434935,3.6436930117848982,664.9320825962936,662.4665432521142,667.5893691587262,5.122825906611979,1.75,0.0653535520896975,2
2019-02-13,2019-02-12,2019-02-15,2.1788520923750023,4.056242041404108,165.39811980716982,163.0056269564666,167.90987832378596,4.904251367319375,2.0,0.0615903056133858,2
2019-02-13,2019-02-12,2019-02-15,4.139720968772917,3.7924414745441792,37.24506347794214,34.44389571296051,41.535015773028135,7.091120060067624,2.25,0.0675706401789675,2
2019-02-13,2019-02-12,2019-02-15,2.078927717633061,4.561636465221436,1745.7026316521908,1743.7596821002662,1747.9737519500777,4.214069849811494,3.25,0.0588237303894026,2
2019-02-13,2019-02-12,2019-02-15,21.32781326348813,4.842440048348833,1103.3287267901112,1091.491911505349,1113.4281273372471,21.936215831898153,6.25,0.1813950963893642,2
2019-02-13,2019-02-12,2019-02-15,2.1851177532036026,3.310519480220598,1244.7923333274505,1242.0237364680506,1246.3164303526282,4.292693884577602,1.25,0.0475014398343284,2
2019-02-13,2019-02-12,2019-02-15,5.728356801637612,4.587168615479215,1207.1534129743125,1204.0144784990698,1211.614170006011,7.599691506940872,2.5,0.0810628827456515,2
2019-02-13,2019-02-12,2019-02-15,6.1183790404395335,4.717866868431282,1201.1465663001477,1199.0891303271055,1203.9156768554822,4.826546528376639,3.0,0.0850825100063709,2
2019-02-13,2019-02-12,2019-02-15,2.304138509031347,6.191052422629042,1310.1801401640396,1309.8451614393853,1310.5671685361303,0.7220070967450738,1.25,0.1868475580604192,2
2019-02-13,2019-02-12,2019-02-15,4.5028352950110495,14.651698059073292,1251.214899930544,1250.271722837817,1252.4100530929863,2.1383302551694214,2.5,0.0824379548993615,2
2019-02-13,2019-02-12,2019-02-15,3.203677309851142,4.784409757103813,906.0906756182088,903.5400674901904,908.8256427412852,5.285575251094997,4.25,0.0671235949656525,2
2019-02-17,2019-02-15,2019-02-19,37.96410112104474,20.021058460100203,1379.3595653418388,1376.027401290834,1383.4953650617972,7.467963770963252,2.5,0.1082565285121114,2
2019-02-17,2019-02-15,2019-02-19,7.936068294255785,15.72080217486556,1379.5962942353462,1378.4448927594349,1381.0392993385904,2.594406579155475,2.25,0.0486997489552801,2
2019-02-17,2019-02-15,2019-02-19,3.9299775923079054,16.144897423233832,1381.8189666870023,1381.2177581903525,1382.9879596470855,1.770201456733048,2.0,0.0352050024558162,2
2019-02-17,2019-02-15,2019-02-19,2.882992830846945,17.15694895354817,1382.5513411247557,1382.290435731411,1383.2416623546742,0.95122662326321,1.25,0.0241571246565415,2
2019-02-17,2019-02-15,2019-02-19,9.003438040527106,14.064318809434113,1377.7260915755687,1376.027401290834,1380.512740324717,4.485339033883065,2.5,0.0931279201815343,2
2019-02-17,2019-02-15,2019-02-19,8.529398004836352,16.636950762783528,1376.9397898682043,1375.5735085895285,1379.5667261141352,3.9932175246067345,2.0,0.0639079604160013,2
2019-02-17,2019-02-15,2019-02-19,18.486468360139348,19.821043812092427,1376.4523103353436,1375.5735085895285,1378.3279746389017,2.75446604937315,3.75,0.0582143389475396,2
2019-02-17,2019-02-15,2019-02-19,2.872305122609108,12.56739086019734,1376.858252841382,1376.0829283976927,1378.0808972083032,1.9979688106104732,2.75,0.0848628218894742,2
2019-02-17,2019-02-15,2019-02-19,2.629244054212172,5.110696516252489,1863.233975075763,1862.6802802984605,1864.003960733302,1.3236804348416626,0.5,0.0836693853851585,2
2019-02-17,2019-02-15,2019-02-19,2.638341184389848,12.842034465475905,1517.418058554346,1515.738846169319,1519.1706317779608,3.4317856086418033,1.25,0.0753691516159001,2
2019-02-17,2019-02-15,2019-02-19,4.260884613965952,18.717842568064206,1581.7853500059434,1581.5107103716582,1582.5184609037824,1.0077505321241915,3.0,0.1244063320147552,2
2019-02-17,2019-02-15,2019-02-19,3.719728145124494,4.923554398346277,1106.5893481920616,1104.5340190529823,1111.2383932899684,6.704374236986041,2.75,0.0955415139910727,2
2019-02-17,2019-02-15,2019-02-19,133.68849108297283,5.402072755192473,1379.3457274602313,1374.1035478510894,1383.813640604727,9.710092753637582,8.75,0.2783412325963266,2
2019-02-17,2019-02-15,2019-02-19,3.1860215622173453,4.2121021632629425,1376.237292472195,1373.3621191978457,1377.992126616649,4.630007418803871,2.5,0.0686517908334524,2
2019-02-17,2019-02-15,2019-02-19,3.950036501256689,4.446820827960151,1378.03239113468,1377.5643044672906,1378.8203129270114,1.2560084597207606,1.5,0.0458512201941783,2
2019-02-17,2019-02-15,2019-02-19,336.37949010534356,18.561769282803148,1378.7988455875704,1375.5735085895285,1383.4953650617972,7.921856472268701,16.5,0.3976749988903236,2
2019-02-17,2019-02-15,2019-02-19,7.177629025539378,14.6771281955907,1375.9752908994835,1373.6092620817944,1378.3279746389017,4.71871255710721,1.75,0.0718284956252841,2
2019-02-17,2019-02-15,2019-02-19,2.1142794434376473,3.8188395806806033,1260.1027894289314,1259.034414570313,1261.3284026365727,2.2939880662597716,2.0,0.0534617758360575,2
2019-02-17,2019-02-15,2019-02-19,2.263103361297882,3.675208785587162,1425.994017923645,1423.3819443034008,1427.811514406465,4.429570103064179,1.75,0.0491882717237104,2
2019-02-17,2019-02-15,2019-02-19,3.6307643839399346,6.42698905054686,1383.9454311174482,1382.0561608718708,1385.9302208987065,3.87406002683565,3.75,0.0769161361179904,2
2019-02-17,2019-02-15,2019-02-19,10.62938248365512,9.979681493573102,1382.6571346702249,1380.5202551255934,1384.3274170402435,3.807161914650351,5.0,0.1129224994139236,2
2019-02-17,2019-02-15,2019-02-19,6.342317725086512,5.087465187021802,1201.331169937358,1199.0891303271055,1203.9156768554822,4.826546528376639,3.5,0.0750238428363533,2
2019-02-17,2019-02-15,2019-02-19,10.15761019917923,4.102050764169168,1193.087089220703,1190.3016695030965,1196.1239977777004,5.822328274603933,3.0,0.0976709900206792,2
2019-02-17,2019-02-15,2019-02-19,2.47683017419564,3.462989974607331,684.0141671602173,680.4593790611252,688.1593788214959,7.699999760370701,1.25,0.0508507734282993,2
2019-02-17,2019-02-15,2019-02-19,2.5941931375294662,3.7704356252453697,37.30137004293536,35.18554241908714,40.542789835017174,5.357247415930033,1.75,0.0579980393644925,2
2019-02-17,2019-02-15,2019-02-19,43.45731773187234,4.727236925920986,1744.6206151576137,1735.494320976548,1754.2532484037802,18.758927427232265,4.5,0.1714747705915941,2
2019-02-17,2019-02-15,2019-02-19,2.271238515555922,3.8524008148106073,1452.0203290404158,1449.1284452038817,1454.6092557632364,5.4808105593547225,2.5,0.0618602551546974,2
2019-02-17,2019-02-15,2019-02-19,2.0092624714518825,3.056583330070006,1181.2817881140368,1180.195971465204,1182.628376983106,2.4324055179022253,1.5,0.0692203699986906,2
2019-02-17,2019-02-15,2019-02-19,2.488948764886427,3.2818568058348476,1116.2454824478168,1113.428060781211,1119.3822698984295,5.954209117218852,2.0,0.0565851377212357,2
2019-02-17,2019-02-15,2019-02-19,4.146626147954824,3.7533604057385217,2093.118241455741,2087.8709304262884,2096.619982898701,8.749052472412586,2.5,0.073779589290422,2
2019-02-17,2019-02-15,2019-02-19,9.36908314964651,3.0442947865914927,869.949965873208,861.6742354067974,877.2519285287708,15.577693121973423,1.75,0.1040217019366177,2
2019-02-17,2019-02-15,2019-02-19,9.693151531958987,3.3468496885393755,900.8501465674368,892.3995544738136,914.0483714467846,21.648816972970963,1.25,0.0883399547503825,2
2019-02-17,2019-02-15,2019-02-19,8.691070795757069,4.176138849027109,884.8024717057233,882.3872792213224,888.6171869756654,6.229907754343003,4.0,0.096046555405098,2
2019-02-17,2019-02-15,2019-02-19,10.766522435543584,3.2383012930582384,831.3565873812549,827.0289142159745,836.0420773923397,9.013163176365197,1.75,0.1020331260426834,2
2019-02-17,2019-02-15,2019-02-19,4.174614274967706,3.3547917332328514,806.5958844715558,801.3056611283682,810.984162630979,9.678501502610745,1.0,0.0647044888486219,2
2019-02-17,2019-02-15,2019-02-19,3.4676688057352987,10.562254670629088,1741.219295982118,1737.5816570958125,1746.498902508523,8.917245412711054,3.0,0.0677531238756683,2
2019-02-17,2019-02-15,2019-02-19,2.1625348686747765,4.004952287624701,1665.734532528024,1664.9845822132193,1666.7211507484317,1.7365685352124274,2.0,0.0441854944476742,2
2019-02-17,2019-02-15,2019-02-19,5.616917048951637,3.188641037401966,980.906429976467,969.3606788818724,990.4122165795416,21.05153769766912,1.0,0.0660725134367848,2
2019-02-17,2019-02-15,2019-02-19,8.773040330900399,3.3737820193753683,1089.1015923781297,1078.4229414737783,1098.9295531720854,20.506611698307097,1.5,0.0930824619216054,2
2019-02-17,2019-02-15,2019-02-19,4.79172979992943,3.055153179761617,1037.8706982975104,1028.4446863709018,1048.7115650349297,20.2668786640279,1.25,0.0592404250131237,2
2019-02-20,2019-02-19,2019-02-22,2.317186940273805,13.818581493273626,1814.3419386134483,1814.3419386134483,1814.587246765848,0.2453081523999571,1.25,0.1380127685377096,2
2019-02-20,2019-02-19,2019-02-22,3.76709794660442,4.527092675817783,1741.5706594150677,1738.3194143171422,1746.498902508523,8.179488191381097,2.25,0.0673505134169123,2
2019-02-20,2019-02-19,2019-02-22,10.888119662895985,4.932289665877375,1379.8306239281646,1376.027401290834,1383.2416623546742,7.21426106384024,3.5,0.1109100977771286,2
2019-02-20,2019-02-19,2019-02-22,2.2531302357079857,3.5854131061342818,317.4759852873234,317.2066848031245,317.94424813147634,0.7375633283518255,1.0,0.0794838552147307,2
2019-02-24,2019-02-22,2019-02-27,4.315572632229389,19.62233365809377,1423.000685027403,1422.848373115994,1423.3765426003374,0.5281694843433797,2.75,0.1553478497447203,2
2019-02-24,2019-02-22,2019-02-27,2.1169848243963907,18.30238002468163,1349.666773408736,1349.5657837712206,1350.0476011191497,0.4818173479288816,0.75,0.0900009796829377,2
2019-02-24,2019-02-22,2019-02-27,3.1934840815215044,20.38044317383551,1349.703313016529,1349.374230614863,1350.3292277059518,0.954997091088444,1.5,0.0458948580766993,2
2019-03-06,2019-03-04,2019-03-08,3.0971018951731804,19.181133358454744,1349.576258026397,1349.329274576623,1350.0476011191497,0.7183265425264835,1.5,0.1171070133897341,3
2019-03-06,2019-03-04,2019-03-08,2.239846799255528,3.209335544543314,1368.3878091163217,1365.7968853479251,1369.6355913705193,3.838706022594124,1.0,0.1198842440356932,3
2019-03-18,2019-03-15,2019-03-21,32.08382976413481,17.74591745581922,1638.2411995885727,1635.7884402219206,1641.5113609689288,5.722920747008175,3.5,0.0735893488851679,3
2019-03-18,2019-03-15,2019-03-21,15.884035751060036,14.206291442085144,1638.583036002058,1635.0441848109476,1642.0058381622655,6.961653351318091,4.0,0.0886909001202164,3
2019-03-18,2019-03-15,2019-03-21,2.125127215244926,3.4478335103775013,317.33478463386456,317.2066848031245,317.6981205432676,0.4914357401430607,0.75,0.0530678688283219,3
2019-03-18,2019-03-15,2019-03-21,11.012152616220604,3.0491843254985564,1186.2517239725012,1179.1961189317517,1196.1239977777004,16.927878845948726,1.5,0.2114331951723279,3
2019-03-18,2019-03-15,2019-03-21,23.701162462694263,3.0135346061231543,1003.1084713550476,962.955863656476,1051.118565379642,88.16270172316581,1.25,0.186955596362965,3
2019-03-18,2019-03-15,2019-03-21,2.0189848307829887,17.491378839005748,1635.0939565506208,1634.796684957575,1635.7862240169195,0.9895390593446792,0.75,0.0155529372077448,3
2019-03-18,2019-03-15,2019-03-21,2.721435764047124,13.057030364980545,1366.2312534449063,1366.0776722980663,1366.5602492308244,0.4825769327580929,0.75,0.1109330608511776,3
2019-03-18,2019-03-15,2019-03-21,6.893518090919835,3.0060527697249646,1246.78600925689,1236.902378359344,1254.3013926413842,17.399014282040298,1.25,0.1027798755605635,3
2019-03-18,2019-03-15,2019-03-21,23.96803908908584,16.39308609265321,1634.6339516331752,1633.2967884480022,1636.528797089588,3.2320086415857077,4.75,0.0668327951578056,3
2019-03-18,2019-03-15,2019-03-21,6.325765496176286,18.868098494098792,1633.3699959397393,1630.2115384470671,1634.2850097510964,4.073471304029226,2.75,0.0539325992723411,3
2019-03-18,2019-03-15,2019-03-21,69.15985251327766,4.0444559490031775,1636.521123450607,1626.0073928399945,1660.269353470765,34.26196063077077,6.5,0.2179919345546989,3
2019-03-18,2019-03-15,2019-03-21,3.302969280176196,3.249353237889775,1145.3896521448978,1144.4079587324522,1147.3340327572078,2.9260740247555077,1.0,0.1704673927420212,3
2019-03-18,2019-03-15,2019-03-21,4.382995332608364,3.5892807051360403,899.1207158229676,891.6616336489096,904.3274302398786,12.665796590968966,1.5,0.0818191069989558,3
2019-03-18,2019-03-15,2019-03-21,10.064000301588214,4.744748313422715,1379.18637845108,1376.279107348062,1382.535743883811,6.256636535748839,4.0,0.107108360188156,3
2019-03-18,2019-03-15,2019-03-21,2.634052093999211,4.298372461724326,1381.0586613581838,1379.2426810474135,1383.4953650617972,4.2526840143837035,2.25,0.0600661818348076,3
2019-03-18,2019-03-15,2019-03-21,6.653574827812864,4.085748494004249,1378.2294105279027,1376.027401290834,1380.512740324717,4.485339033883065,3.0,0.0861480229609542,3
2019-03-18,2019-03-15,2019-03-21,148.07368378125378,16.799475106461358,1636.7837595710375,1629.4663422731685,1642.733207552228,13.266865279059855,11.5,0.2338483721753183,3
2019-03-18,2019-03-15,2019-03-21,3.2538780287368025,4.834100435364787,1136.4671316635731,1135.1718131168743,1137.9003571025096,2.728543985635042,2.75,0.0531383846929318,3
2019-03-24,2019-03-21,2019-03-27,2.6665167881582024,6.027498040491,1323.6040612853424,1323.2765998495745,1324.1612678784877,0.8846680289134383,0.75,0.0660994828032817,3
2019-03-24,2019-03-21,2019-03-27,2.342399098907092,20.476453722862107,1349.6491923335273,1349.374230614863,1350.3292277059518,0.954997091088444,1.25,0.044026708555663,3
2019-03-24,2019-03-21,2019-03-27,4.097249541807151,3.375541550100129,1637.6992183654402,1635.0441848109476,1642.485900417436,7.441715606488288,1.5,0.0738855294069595,3
2019-03-29,2019-03-27,2019-04-01,5.40690076716708,19.48082451388895,1422.995163178039,1422.848373115994,1423.3765426003374,0.5281694843433797,2.5,0.2546965917,3
2019-03-29,2019-03-27,2019-04-01,2.326369437688517,13.662100425925884,1814.3419386134483,1814.3419386134483,1814.587246765848,0.2453081523999571,1.5,0.1845737677736567,3
2019-04-12,2019-04-09,2019-04-15,10.155163924956458,4.259494489113286,1826.4614327964307,1823.31384101836,1828.905521973036,5.5916809546761215,3.25,0.1012826480409558,4
2019-04-12,2019-04-09,2019-04-15,13.532196090561907,9.42571209280787,1826.1945443502984,1823.8096555648372,1827.7638588808477,3.9542033160105343,4.75,0.1047708055168485,4
2019-04-12,2019-04-09,2019-04-15,3.2896203464470477,10.934305942026771,648.8912707893178,648.8912707893178,649.1365789417177,0.2453081523999571,1.5,0.0579643185179306,4
2019-04-12,2019-04-09,2019-04-15,7.040328826100361,3.4778260912286107,1638.175643533296,1633.5447906940244,1642.2530767587014,8.70828606467694,3.0,0.089296142709955,4
2019-04-19,2019-04-15,2019-04-23,2.5280998233553835,11.185081598369852,1321.0301146883016,1320.4374183802863,1322.1020673043097,1.664648924022913,0.75,0.2721261863171685,4
2019-04-19,2019-04-15,2019-04-23,9.796171327621988,3.666466697859689,1636.8465665370693,1628.7251174813136,1641.5113609689288,12.786243487615138,2.5,0.1099075084705363,4
2019-04-27,2019-04-23,2019-05-02,2.3747491115048365,19.850566243943156,1349.4429580924095,1349.329274576623,1349.8110919236206,0.481817346997559,0.75,0.227567382907328,4
2019-04-27,2019-04-23,2019-05-02,2.11297342283427,13.313789338829324,1814.3086593573223,1814.0925427800976,1814.587246765848,0.4947039857506752,1.0,0.1577405713554655,4
2019-04-27,2019-04-23,2019-05-02,2.5098025949030616,3.425811501776608,1379.939520031549,1378.4448927594349,1382.0283879972994,3.583495237864554,2.0,0.0553574795838021,4
2019-04-27,2019-04-23,2019-05-02,3.110044966564183,3.624420458009728,317.4063964647197,317.2066848031245,317.6981205432676,0.4914357401430607,1.0,0.0710071471874435,4
2019-04-27,2019-04-23,2019-05-02,4.243376357858787,6.573163409443897,1379.7782711821435,1378.4448927594349,1381.7747100526467,3.3298172932118177,3.0,0.0697853595843815,4
2019-05-17,2019-05-13,2019-05-22,2.0139314828435495,18.30345332606966,1338.788966410026,1338.3622148311697,1339.3223322946578,0.9601174634881318,0.75,0.0699353542963406,5
2019-05-17,2019-05-13,2019-05-22,18.48421673793551,3.6695686447926943,1636.7762708459115,1627.728229530621,1645.7591667436063,18.03093721298501,2.75,0.1272218929368171,5
2019-05-17,2019-05-13,2019-05-22,3.0318209189457703,3.042267813841298,1120.4639660010707,1114.6957869566977,1124.6056305025704,9.909843545872718,1.0,0.0532409033772327,5
2019-05-17,2019-05-13,2019-05-22,3.092676904066114,3.2481402263797037,2042.005468742722,2037.8232459411956,2045.2310145818628,7.4077686406672,1.5,0.0578610029615917,5
2019-06-01,2019-05-29,2019-06-05,3.290910299366443,11.32355128300742,1824.5908469710655,1822.819585377816,1827.269625522662,4.450040144845843,2.5,0.0609966871203483,6
2019-06-01,2019-05-29,2019-06-05,3.5495897698644554,10.298966708303036,1824.8705651846087,1822.819585377816,1827.269625522662,4.450040144845843,3.75,0.0658788881530574,6
2019-06-13,2019-06-10,2019-06-17,2.198733152913295,13.4566737019557,1814.3419386134483,1814.3419386134483,1814.587246765848,0.2453081523999571,1.25,0.157918851369397,6
2019-06-13,2019-06-10,2019-06-17,12.850030056381952,11.660128648982443,1516.740238982183,1513.306312653236,1519.44083625637,6.134523603133857,4.75,0.1091984605040318,6
2019-06-13,2019-06-10,2019-06-17,3.314059845727313,11.658931104017936,1514.9540960667598,1513.0354205295444,1516.5260387379676,3.490618208423257,2.25,0.095583185281133,6
2019-06-13,2019-06-10,2019-06-17,5.407104004971344,4.463624159298697,1515.5172456876328,1511.9517129487358,1518.900427297689,6.948714348953217,4.5,0.0866817079038314,6
2019-06-28,2019-06-24,2019-07-02,20.32918315441195,4.4351942258427455,1380.565817050065,1377.0177037906833,1384.0705288224854,7.052825031802058,6.0,0.165741502911554,6
2019-06-28,2019-06-24,2019-07-02,14.948188154679064,18.754738875626405,1381.3738051114278,1379.2426810474135,1383.4953650617972,4.2526840143837035,4.25,0.079914509720622,6
2019-06-28,2019-06-24,2019-07-02,3.124715007348082,21.396694504812103,1381.5463251939364,1380.710322375875,1382.535743883811,1.825421507935971,2.0,0.0331685923073443,6
2019-06-28,2019-06-24,2019-07-02,2.7291053234319085,21.128746450910487,1380.029838870158,1379.4996313904412,1380.7655632779934,1.265931887552142,1.75,0.0378067531061057,6
2019-06-28,2019-06-24,2019-07-02,43.791630121302,19.014127653725325,1381.3386889570163,1379.2426810474135,1383.4953650617972,4.2526840143837035,8.75,0.1721443770475942,6
2019-07-05,2019-07-02,2019-07-08,2.396890134724152,3.1327427975038824,1009.024098253385,1003.030296592042,1014.830137989018,11.799841396976262,1.0,0.0526086219688471,7
2019-07-05,2019-07-02,2019-07-08,53.36637968724767,13.574815614566424,1375.9795778196194,1373.3621191978457,1378.3279746389017,4.965855441056192,9.0,0.2117407585359833,7
2019-07-05,2019-07-02,2019-07-08,10.936137016571209,4.897594033216396,1637.3823933777178,1632.5540432147682,1642.733207552228,10.179164337459952,4.0,0.1183431081357167,7
2019-07-05,2019-07-02,2019-07-08,5.503363598570506,3.1941319875038396,1125.962733109037,1113.959967541974,1134.451171520166,20.49120397819206,1.25,0.0830945335941533,7
2019-07-05,2019-07-02,2019-07-08,2.072734913325724,13.026140035848211,1374.3285498935836,1373.856404966209,1375.1392036010511,1.2827986348420382,0.75,0.030016574099497,7
2019-07-05,2019-07-02,2019-07-08,3.457411000034542,10.830761912678051,1374.6420473868163,1373.856404966209,1376.081094859168,2.2246898929588497,1.5,0.05333506952664,7
2019-07-05,2019-07-02,2019-07-08,37.62305477752354,5.080570067967353,1375.927532031494,1373.3257249151357,1378.3279746389017,5.002249723765999,6.75,0.1936646886841744,7
2019-07-12,2019-07-08,2019-07-16,7.359079540939189,4.47436508347033,1382.183439011843,1379.4996313904412,1384.3274170402435,4.827785649802536,4.0,0.1008733555542849,7
2019-07-12,2019-07-08,2019-07-16,2.1427422417254243,14.0155059369453,1383.1005052292312,1382.0561608718708,1384.330749085173,2.274588213302195,2.5,0.065564949813098,7
2019-07-12,2019-07-08,2019-07-16,7.247070857320758,16.17854730733058,1381.4153209837318,1380.013532076031,1383.813640604727,3.800108528696001,2.0,0.0815697299155794,7
2019-07-12,2019-07-08,2019-07-16,4.449057737955245,14.930736878703238,1383.07982709137,1382.0561608718708,1384.3274170402435,2.271256168372929,2.25,0.0695006350119802,7
2019-07-12,2019-07-08,2019-07-16,17.37868973784764,16.663218895651223,1381.5718277465037,1380.013532076031,1384.3274170402435,4.313884964212775,4.75,0.0904232926200643,7
2019-07-19,2019-07-16,2019-07-22,2.038496763878957,14.72176037338644,1381.9480206005553,1381.0341126252897,1383.3299638521858,2.2958512268960476,1.25,0.0334098361784064,7
2019-07-19,2019-07-16,2019-07-22,18.474567173798626,15.921247736103746,1380.668814433315,1378.4448927594349,1383.4953650617972,5.050472302362323,3.25,0.0870114082264872,7
2019-07-19,2019-07-16,2019-07-22,2.305468385852545,16.60260212687904,1379.084621076982,1378.243711657822,1380.0557064618915,1.8119948040694,1.0,0.0373669053287669,7
2019-07-19,2019-07-16,2019-07-22,12.927235093935291,14.90048593950581,1377.9438779413083,1375.5735085895285,1381.0392993385904,5.465790749061853,3.75,0.1231739291988568,7
2019-07-19,2019-07-16,2019-07-22,3.173948353534753,3.651448609173275,317.5046233614048,317.2066848031245,317.94424813147634,0.7375633283518255,1.0,0.0995892510957012,7
2019-07-19,2019-07-16,2019-07-22,85.1418654442929,8.49657954498706,1380.591868607522,1375.5735085895285,1387.1675080945715,11.59399950504303,10.25,0.3247732555341608,7
2019-07-19,2019-07-16,2019-07-22,3.3719522630585117,4.316517030152124,1378.191663040958,1376.027401290834,1380.512740324717,4.485339033883065,3.5,0.076931262065207,7
2019-07-19,2019-07-16,2019-07-22,7.780985093578913,13.365098893880692,1383.16965955899,1382.0561608718708,1384.3274170402435,2.271256168372929,4.25,0.0789988745059555,7
2019-07-19,2019-07-16,2019-07-22,2.2765859879700887,16.056774799135606,1377.482845974393,1377.081840429455,1378.0585043630565,0.9766639336012304,1.25,0.0229604129350421,7
2019-07-26,2019-07-22,2019-07-31,2.430287919767834,10.47950931665624,1383.0952365759415,1382.0561608718708,1384.3274170402435,2.271256168372929,2.25,0.0611060925336381,7
2019-07-26,2019-07-22,2019-07-31,3.020839638176548,3.035623638136569,1020.9123822103726,1014.8290854506196,1029.8866944275796,15.057608976960182,1.0,0.0556082895746964,7
2019-07-26,2019-07-22,2019-07-31,4.937479025407484,11.863558044794551,1519.8307814800394,1518.384914664086,1521.6041071079671,3.219192443881184,3.5,0.0780683984634255,7
2019-08-02,2019-07-31,2019-08-05,3.1206404389367184,18.71928086991058,1349.6843026386343,1349.1084169461392,1350.2841103142127,1.1756933680735528,2.25,0.1084451313087737,8
2019-08-02,2019-07-31,2019-08-05,3.56437289770661,4.95567223153607,1635.2764340709757,1633.7922461465932,1637.2603222965265,3.46807614993304,4.0,0.0681042520143183,8
2019-08-02,2019-07-31,2019-08-05,4.111406765898457,3.3763796714971015,990.3566983111222,983.30552094616,996.3008137973956,12.995292851235718,2.0,0.0625322302945535,8
2019-08-24,2019-08-19,2019-08-29,2.6511163423505333,3.831862566841456,317.08648953621685,316.9605572158471,317.4519929555245,0.4914357396773994,0.75,0.0298714830748727,8
2019-09-01,2019-08-29,2019-09-05,3.4821007749572925,4.005100458424836,317.2931380394141,317.2066848031245,317.6981205432676,0.4914357401430607,0.75,0.0353283531297709,9
2019-09-01,2019-08-29,2019-09-05,3.675916047778823,18.738309666773365,1349.554055939776,1349.329274576623,1350.0476011191497,0.7183265425264835,2.0,0.2049388196562185,9
2019-09-20,2019-09-16,2019-09-24,3.054054545992617,13.390628444124886,1517.3745531756956,1515.2010313784704,1519.1706317779608,3.969600399490446,1.5,0.0606057153797985,9
2019-09-20,2019-09-16,2019-09-24,3.5534432543034673,13.50314082376325,1517.0381927947992,1515.4679039684124,1518.3602834595367,2.892379491124302,3.0,0.06233764730223,9
2019-09-20,2019-09-16,2019-09-24,2.061535369627904,4.525681725421413,319.1241422873885,318.67145138280466,319.65585564030334,0.9844042574986815,0.75,0.1439426515993078,9
2019-09-27,2019-09-24,2019-09-30,4.39254665083021,5.895632088311114,44.5175854448004,44.038594908080995,45.260807749815285,1.22221284173429,1.0,0.0540335424894476,9
2019-09-27,2019-09-24,2019-09-30,5.75614659700928,15.747459563380932,377.8606160117195,377.37189583620057,378.5739929215051,1.2020970853045585,2.25,0.1489804181374893,9
2019-09-27,2019-09-24,2019-09-30,2.3116515618149007,4.495831547011394,317.1122677600098,316.9605572158471,317.6981205432676,0.7375633274205029,0.75,0.1870820431406636,9
2019-09-27,2019-09-24,2019-09-30,6.398758899388112,3.764488567477139,317.2543372157578,316.9605572158471,317.94424813147634,0.9836909156292676,1.25,0.0399617984930781,9
2019-09-27,2019-09-24,2019-09-30,2.757408364785435,4.253728229568021,304.4232242315998,303.88210988091305,305.3214779281989,1.439368047285825,0.75,0.0321556948395266,9
2019-09-27,2019-09-24,2019-09-30,2.6713125625376217,5.185516574499385,303.7897704936631,303.3878056774847,304.58007674850523,1.1922710710205138,1.25,0.0384651192799185,9
2019-09-27,2019-09-24,2019-09-30,4.266436796033297,4.69902974200577,45.1200435276906,44.76746504101902,45.756876861676574,0.9894118206575512,1.5,0.0839261682609615,9
2019-09-27,2019-09-24,2019-09-30,2.090679817944162,4.723114198107576,2007.944431216944,2007.5725643569604,2008.3643499985335,0.7917856415733695,0.75,0.086472145179344,9
2019-09-27,2019-09-24,2019-09-30,3.4943471711954803,18.357112281914883,1349.5536084597445,1349.329274576623,1350.0476011191497,0.7183265425264835,1.25,0.0797676732538044,9
2019-09-27,2019-09-24,2019-09-30,3.7068606899714673,8.681155785961092,1317.2716132289747,1317.125306317117,1317.607231211383,0.4819248942658305,1.0,0.0303681902308858,9
2019-09-27,2019-09-24,2019-09-30,2.3735074229644257,18.307759870476463,1345.6355930000384,1345.181137808133,1346.1349950227886,0.9538572146557271,1.25,0.0665483776370152,9
2019-09-27,2019-09-24,2019-09-30,2.6638006136407535,15.346901785823237,1352.431818531595,1351.739423822146,1353.3780086981133,1.6385848759673536,1.75,0.043478350932233,9
2019-09-27,2019-09-24,2019-09-30,2.9736039589289462,20.44227040287578,1349.6716550895248,1349.374230614863,1350.3292277059518,0.954997091088444,1.5,0.0531292754951397,9
2019-09-27,2019-09-24,2019-09-30,3.2399730427532014,19.2169267061977,1581.681736450404,1581.5107103716582,1582.0107319676315,0.5000215959735215,2.25,0.0828763661138062,9
2019-09-27,2019-09-24,2019-09-30,4.117801520142258,16.930047914244046,1646.9627169775688,1646.710329755675,1647.4544366798364,0.744106924161315,2.0,0.1594183306008185,9
2019-09-27,2019-09-24,2019-09-30,2.0495581990869765,7.876807667472368,648.970014567831,648.6528055821545,649.375044148881,0.7222385667264462,1.0,0.0537724243373278,9
2019-09-27,2019-09-24,2019-09-30,4.763487533670662,10.810256885453772,648.8912707893178,648.8912707893178,649.1365789417177,0.2453081523999571,1.75,0.086088513434447,9
2019-09-27,2019-09-24,2019-09-30,2.6601240577066596,8.986632481895535,648.8912707893178,648.8912707893178,649.1365789417177,0.2453081523999571,1.75,0.0792230587357272,9
2019-09-27,2019-09-24,2019-09-30,2.390622388776257,11.607574829008804,976.6192510489456,976.327104801312,977.2982833785936,0.9711785772815348,1.5,0.0890710007715873,9
2019-09-27,2019-09-24,2019-09-30,2.402836281684251,6.490035463889108,45.25406273261091,45.01549959741533,45.756876861676574,0.7413772642612457,0.75,0.1532017198205951,9
2019-09-27,2019-09-24,2019-09-30,2.21208607289992,18.41631220629768,1608.2562119058314,1607.9741290598176,1608.9890421107411,1.0149130509234965,2.25,0.119205243262548,9
2019-09-27,2019-09-24,2019-09-30,3.5691446932141324,20.76391847391387,1345.9306730584278,1345.8076382363215,1346.2893934929743,0.481755256652832,0.75,0.0165099037624737,9
2019-09-27,2019-09-24,2019-09-30,4.952974589451246,11.516905603546956,379.11662601572,378.5649744300172,379.81051575532183,1.2455413253046572,1.25,0.190819943237565,9
2019-10-26,2019-10-24,2019-10-29,4.510755681981663,3.708613553324287,1363.267852363187,1361.7378912162967,1365.0892610000446,3.3513697837479413,1.75,0.0702529626341263,10
2019-10-26,2019-10-24,2019-10-29,3.0691202074992985,14.989885431432503,1939.372605165408,1939.0843665427528,1939.9339599516245,0.8495934088714421,0.75,0.0887656598767351,10
2019-10-26,2019-10-24,2019-10-29,2.66130828281237,11.43586743740977,648.8912707893179,648.8912707893178,649.1365789417177,0.2453081523999571,1.0,0.055675420560833,10
2019-11-01,2019-10-29,2019-11-05,2.1523619395947504,18.133633420578597,1349.768002143552,1349.5657837712206,1350.2841103142127,0.7183265429921448,1.0,0.1132585600913781,11
2019-11-01,2019-10-29,2019-11-05,2.0593535989204588,20.16363638339929,1385.853697542962,1383.3172756666318,1387.1675080945715,3.8502324279397726,2.25,0.0600125647749301,11
2019-11-01,2019-10-29,2019-11-05,6.971244040334797,4.519577507479663,1829.324465270144,1826.9335206979888,1831.6194531931544,4.685932495165616,3.25,0.0860640151023432,11
2019-11-01,2019-10-29,2019-11-05,9.878349987965242,9.022281141641026,1829.331475375297,1826.6868494222872,1831.6194531931544,4.93260377086699,4.75,0.1004898480921828,11
2019-11-08,2019-11-05,2019-11-12,30.4860508671409,20.506312383551037,522.5721310402369,521.0135360159911,525.5085531887598,4.495017172768712,0.75,0.0508971711199427,11
2019-11-08,2019-11-05,2019-11-12,2.32199804641275,11.294933648156292,1320.9037755175543,1320.2007782510482,1322.1020673043097,1.90128905326128,1.0,0.1936754793550743,11
2019-11-08,2019-11-05,2019-11-12,26.146721366892343,20.420885295849168,517.4802665672449,514.2443635244854,520.4276351700537,6.183271645568311,1.0,0.0492868718445951,11
2019-11-20,2019-11-18,2019-11-22,15.78203723456251,8.067873796722013,1830.9337998133776,1828.8395317653192,1833.7570619373585,4.917530172038823,4.25,0.1384403598382438,11
2019-11-20,2019-11-18,2019-11-22,2.2285801637780263,5.155205761391616,1526.6470523253738,1525.1116006136872,1529.1002939450557,3.988693331368267,3.25,0.0611225746254698,11
2019-11-20,2019-11-18,2019-11-22,3.891574662376731,12.495477160588187,1445.7351712562495,1444.0303401737474,1447.678921087645,3.648580913897604,2.0,0.0574812605371003,11
2019-11-20,2019-11-18,2019-11-22,2.52723394690445,11.351301141244644,1438.380040432828,1436.949760749936,1440.001119248569,3.051358498632908,2.0,0.0533350256621241,11
2019-11-20,2019-11-18,2019-11-22,2.5568983871767577,3.3645131873962053,1818.961030038466,1818.4376472220756,1819.7011465821415,1.2634993600659072,0.5,0.0778129680768613,11
2019-11-20,2019-11-18,2019-11-22,12.18791808631477,5.658716500496682,1830.843954279797,1828.8395317653192,1833.265633479692,4.426101714372635,4.75,0.1176190585047905,11
2019-11-20,2019-11-18,2019-11-22,2.3056654296259604,6.408284820047116,1858.951182829876,1858.5110348518936,1859.576315031387,1.0652801794931293,0.5,0.1680917198064376,11
2019-11-20,2019-11-18,2019-11-22,2.4356875814914245,10.870115578778666,1446.9519006978971,1445.1574660125189,1448.8064085533842,3.648942540865391,1.75,0.0606161405130663,11
2019-11-20,2019-11-18,2019-11-22,2.03435357051196,18.262699258261726,1338.7513962124835,1338.3622148311697,1339.3223322946578,0.9601174634881318,0.75,0.1268435468660804,11
2019-11-24,2019-11-22,2019-11-26,8.666704643614372,3.5074142967361213,2048.716464527423,2036.266107523348,2061.535125701688,25.269018178340048,1.5,0.0855898981719942,11
2019-11-24,2019-11-22,2019-11-26,7.85592734740748,5.962542752116879,1673.3995496842908,1667.7090483941138,1678.198738028761,10.48968963464722,5.0,0.1281957290532678,11
2019-11-24,2019-11-22,2019-11-26,2.28235195609225,3.3493084172218026,317.2185916363138,316.9605572158471,317.94424813147634,0.9836909156292676,0.5,0.0706013126867722,11
2019-11-24,2019-11-22,2019-11-26,4.022945273155937,3.289969381339424,851.311775393045,846.417209118139,857.1699153324589,10.752706214319916,1.25,0.0660123532532925,11
2019-11-24,2019-11-22,2019-11-26,2.02989675067212,3.978757416266208,1241.122412707589,1240.3091235989705,1242.2690446204506,1.9599210214801133,1.5,0.043963273154987,11
2019-11-24,2019-11-22,2019-11-26,5.513858003984252,3.145495185041752,867.7404326066976,860.4708487368189,874.7287764931098,14.257927756290885,1.0,0.0891250857196339,11
2019-11-24,2019-11-22,2019-11-26,7.0182339821407345,3.371172931116408,905.133015992968,894.9990449682809,918.621589126531,23.622544158250093,1.75,0.0897806628413138,11
2019-11-24,2019-11-22,2019-11-26,2.1062887143543336,3.506033865470939,885.2211428733083,881.8958891872317,889.3362594139762,7.440370226744562,1.5,0.0530649518380177,11
2019-11-24,2019-11-22,2019-11-26,11.10802511355528,3.851068683333773,2093.794360863501,2088.105185768102,2104.1326725380495,16.027486769948155,2.75,0.1100964475618201,11
2019-11-24,2019-11-22,2019-11-26,2.415000070402117,3.925794489216002,1461.8446334078512,1458.5930830799043,1465.096451174002,6.503368094097823,1.75,0.0699679017671034,11
2019-11-24,2019-11-22,2019-11-26,20.92906222469936,4.512270021433896,1378.5204995114748,1374.8938954486512,1382.2820659419522,7.388170493301004,3.75,0.1439061563221181,11
2019-11-24,2019-11-22,2019-11-26,2.0833414858921557,4.646259909662387,1147.095517751191,1144.1896730419248,1149.834358642809,5.644685600884259,3.0,0.0544927381736539,11
2019-11-24,2019-11-22,2019-11-26,5.036755663973014,4.391402366211017,1663.8474622799863,1660.7590562258847,1666.7211507484317,5.962094522546977,2.25,0.0758328434129814,11
2019-11-24,2019-11-22,2019-11-26,8.891447387057877,4.8781913958004735,1751.725832843793,1746.9844083958303,1757.2832815288566,10.298873133026063,3.5,0.1042047412505192,11
2019-11-24,2019-11-22,2019-11-26,2.144780445836677,4.067977829993543,1825.4125217830465,1823.8096555648372,1827.516742201522,3.707086636684835,1.5,0.0511922477180853,11
2019-11-24,2019-11-22,2019-11-26,3.253292355522947,4.304731018013695,1381.7431490073334,1379.4996313904412,1383.813640604727,4.314009214285761,2.5,0.0626841258021995,11
2019-11-24,2019-11-22,2019-11-26,3.2005179248293447,3.9922141253399217,1436.9950405598531,1433.262305568438,1440.2849980620667,7.0226924936287105,2.0,0.065859916749951,11
2019-11-24,2019-11-22,2019-11-26,3.1822941048416276,8.594163112262665,1520.430889527652,1518.384914664086,1522.710407386534,4.325492722447962,2.5,0.0643686036292308,11
2019-11-24,2019-11-22,2019-11-26,4.362375465242081,4.015574472282818,1528.7249018882724,1526.1814436558634,1532.0743042365648,5.892860580701381,3.0,0.0792008121154371,11
2019-11-24,2019-11-22,2019-11-26,2.6356468422979633,4.028404604620984,1454.2057287196626,1451.279966459144,1457.7224553222768,6.442488863132894,2.0,0.0607418415939954,11
2019-11-24,2019-11-22,2019-11-26,3.5628348155910627,4.47476252142135,1514.692502246745,1512.2228251565248,1516.5260387379676,4.303213581442833,4.0,0.0668263397632225,11
2019-11-24,2019-11-22,2019-11-26,4.361312667671808,5.570083345780193,1613.174565529231,1610.4781920476817,1615.519145578146,5.040953530464321,3.0,0.0773624429452886,11
2019-11-29,2019-11-26,2019-12-02,3.81017479409031,3.4394274598160544,882.5423641695039,879.9248286862858,886.402905320283,6.4780766339972615,2.0,0.0981094085458765,11
2019-11-29,2019-11-26,2019-12-02,3.1622290018619976,3.8178512135377334,937.4063373891336,935.449095551856,939.3882007496431,3.939105197787285,2.75,0.0629325671092378,11
2019-11-29,2019-11-26,2019-12-02,26.811777096115353,4.915466188073607,173.37853052447682,164.9831799226813,186.80802944861352,21.824849525932223,5.25,0.1680843213247638,11
2019-11-29,2019-11-26,2019-12-02,3.392447820518566,3.3359274165579262,112.00000563206692,108.00180964032188,117.50043748877944,9.498627848457543,1.75,0.0652301100313348,11
2019-11-29,2019-11-26,2019-12-02,6.065260258426999,3.430288699734917,1427.098454023817,1423.1312344479377,1431.7692285790108,8.637994131073356,2.25,0.101474847727918,11
2019-11-29,2019-11-26,2019-12-02,3.14798984484779,10.715649880706057,380.463142838287,380.0525409020483,381.0194895383902,0.96694863634184,2.5,0.1059022102849956,11
2019-11-29,2019-11-26,2019-12-02,2.2142917611522246,3.445255693544136,1011.8649291214084,1009.2520166919568,1015.0743936030194,5.822376911062747,1.75,0.0672800523829472,11
2019-11-29,2019-11-26,2019-12-02,8.740837135231866,4.378915721201655,1453.5612007190916,1447.717187908478,1460.8222095766105,13.105021668132396,4.0,0.1243329320582279,11
2019-11-29,2019-11-26,2019-12-02,3.702962436794642,3.349347120436147,1435.5438728441063,1431.5239204266109,1439.4333616131917,7.909441186580807,2.25,0.0717087235647477,11
2019-11-29,2019-11-26,2019-12-02,3.544197222077285,3.3778779494085627,1417.2863054208333,1414.5871487511322,1421.167088826187,6.579940075054765,1.75,0.0633847517816603,11
2019-11-29,2019-11-26,2019-12-02,3.261191094049112,3.6503998943002705,1519.2925006853222,1514.9300804301165,1522.1699276776053,7.239847247488797,2.75,0.0746094035798223,11
2019-11-29,2019-11-26,2019-12-02,2.860894613900223,3.752836163809374,1621.764345414637,1617.047718939837,1624.2071525892245,7.159433649387211,2.5,0.0669049084218678,11
2019-11-29,2019-11-26,2019-12-02,3.6387662745441824,3.259135985574226,1578.628245662674,1575.1922619491816,1582.2654454098083,7.073183460626751,2.25,0.0590063018151351,11
2019-11-29,2019-11-26,2019-12-02,7.142798763539755,3.731739115260216,1384.1025870363508,1381.0341126252897,1387.1675080945715,6.133395469281822,2.75,0.1027265070662758,11
2019-11-29,2019-11-26,2019-12-02,2.9965974279778513,15.09235297880902,1337.8788868599106,1336.78325028345,1338.8492308789864,2.06598059553653,1.5,0.0524745975960348,11
2019-11-29,2019-11-26,2019-12-02,2.346078905174206,18.34116000739559,1338.7249380191467,1338.3622148311697,1339.3223322946578,0.9601174634881318,1.25,0.0587273234943105,11
2019-11-29,2019-11-26,2019-12-02,18.96902727336553,8.824406027685564,1344.0920996541915,1341.4440246224403,1346.736470927019,5.292446304578334,3.25,0.0950481551597696,11
2019-11-29,2019-11-26,2019-12-02,21.294654899201195,11.261243110136158,1344.8153116129286,1341.6805753964,1346.9729801216165,5.292404725216329,2.5,0.085446709770745,11
2019-11-29,2019-11-26,2019-12-02,4.341883158115046,4.877505256442055,1200.2913134901075,1198.7072031060234,1202.07817378873,3.370970682706684,3.75,0.0705973356373349,11
2019-11-29,2019-11-26,2019-12-02,3.290021118641031,4.464166706510346,1378.0274278748136,1376.027401290834,1380.5357334204018,4.508332129567862,3.0,0.0699417146511392,11
2019-11-29,2019-11-26,2019-12-02,2.257464217490512,13.990508896161014,1377.45879510314,1376.8330360292457,1378.0585043630565,1.225468333810568,1.0,0.0706079727824292,11
2019-11-29,2019-11-26,2019-12-02,7.392025591020227,9.800337715264458,1381.2056450362852,1379.2426810474135,1383.4953650617972,4.2526840143837035,4.25,0.1127363384086438,11
2019-11-29,2019-11-26,2019-12-02,3.1905019929668543,4.228849700776909,1377.3322943056758,1375.5735085895285,1379.5667261141352,3.9932175246067345,3.0,0.0708371356347502,11
2019-11-29,2019-11-26,2019-12-02,4.438985998488083,3.9327935123166538,1371.8929112184005,1370.7291659791954,1373.6246656430883,2.8954996638931334,2.75,0.0699624918101482,11
2019-11-29,2019-11-26,2019-12-02,2.096714950436544,3.169092643589492,1378.056162623412,1377.081840429455,1379.069117323961,1.987276894506067,1.25,0.0299353242223203,11
2019-11-29,2019-11-26,2019-12-02,2.513860298378947,14.664118224803165,2047.8560351770625,2047.289439188782,2049.0638940427452,1.7744548539631069,0.5,0.0208484187426912,11
2019-11-29,2019-11-26,2019-12-02,2.330380655269523,3.646129532811409,2088.4155495570812,2085.667234686669,2090.849844510202,5.1826098235324025,2.5,0.0573455473804277,11
2019-11-29,2019-11-26,2019-12-02,8.332806702308188,9.24079070144841,1939.9836097359716,1936.4543833252976,1945.304210501723,8.849827176425606,3.5,0.1071541547427064,11
2019-11-29,2019-11-26,2019-12-02,5.230898423177997,3.520477101146042,1943.11107920423,1939.0843665427528,1949.8408156386577,10.756449095904827,2.25,0.0809031939756889,11
2019-11-29,2019-11-26,2019-12-02,30.782868212111417,4.886671554243144,2049.036948882195,2038.8433965551667,2059.768441645894,20.925045090727508,7.25,0.1788865724567674,11
2019-11-29,2019-11-26,2019-12-02,8.74252736972894,8.932641438489238,1079.9274723648844,1073.5032048234716,1085.3456882610917,11.842483437620103,4.5,0.1032353135179118,11
2019-11-29,2019-11-26,2019-12-02,8.497784039349883,3.440286881073452,1080.951594771384,1076.941685196478,1085.831167720724,8.889482524245977,3.5,0.0952217343597523,11
2019-11-29,2019-11-26,2019-12-02,9.81094550171658,4.267057001482609,2152.3512955374795,2147.773577946238,2156.1891497755423,8.415571829304099,3.5,0.1062322688345309,11
2019-11-29,2019-11-26,2019-12-02,9.761292065318925,4.419970168533671,1818.2910956500527,1815.951147087384,1821.1517162616365,5.2005691742524505,3.75,0.0902032316547829,11
2019-11-29,2019-11-26,2019-12-02,3.556881186732315,3.883696456297784,1823.1954493961923,1820.9064081092365,1826.2751413541848,5.368733244948089,2.0,0.0771672458497431,11
2019-11-29,2019-11-26,2019-12-02,2.601439724332475,16.257765493645646,1826.3366859624537,1825.023511139676,1827.9119143979624,2.8884032582864165,2.0,0.0801856070500984,11
2019-11-29,2019-11-26,2019-12-02,9.848201983997514,4.604988105893557,1836.5528046213856,1833.801183343399,1838.796205658,4.9950223146006465,4.25,0.1072804260623417,11
2019-11-29,2019-11-26,2019-12-02,2.273372389846611,4.247371779168511,1840.0487648392025,1837.7876203893684,1841.9503837418745,4.162763352505863,2.0,0.0649739778125169,11
2019-11-29,2019-11-26,2019-12-02,3.672976397534538,4.449374271517597,1847.0722521309965,1845.146817298606,1848.8447219305672,3.697904631961137,2.0,0.0676373288645693,11
2019-11-29,2019-11-26,2019-12-02,5.7222384483545286,4.70603707111056,1849.143704182768,1847.34449287178,1851.571666191332,4.227173319552094,4.75,0.0903367406195339,11
2019-11-29,2019-11-26,2019-12-02,66.24665948915356,4.071008048510868,1343.1826433215576,1336.3099747151136,1347.2094893171452,10.89951460203156,5.0,0.1830893194496674,11
2019-11-29,2019-11-26,2019-12-02,4.236451247389497,10.710095420265862,2045.988817517206,2043.2040797364896,2048.300763027277,5.096683290787041,2.75,0.0682537788381083,11
2019-11-29,2019-11-26,2019-12-02,7.472971332589516,5.527493115945862,1640.8710544074197,1638.2767987921834,1645.7591667436063,7.48236795142293,3.75,0.0943752734865858,11
2019-11-29,2019-11-26,2019-12-02,3.118622288766924,6.9339573471197635,1634.5234507213945,1630.2115384470671,1637.0127428560518,6.801204408984631,3.0,0.0644734544436245,11
2019-11-29,2019-11-26,2019-12-02,2.9166448164635517,7.036049934362407,1672.651382490766,1670.252035309095,1676.233765528537,5.981730219442397,2.0,0.0630844991706471,11
2019-11-29,2019-11-26,2019-12-02,25.577292520216403,6.075746414252544,1744.3344043920604,1734.733368707355,1751.7477415166795,17.014372809324414,5.5,0.1677161518217049,11
2019-11-29,2019-11-26,2019-12-02,18.555104967910474,8.225112722292316,1620.2539454271616,1613.7854798426852,1626.2527009923942,12.467221149709076,6.25,0.1549752353040551,11
2019-11-29,2019-11-26,2019-12-02,3.586713908397169,4.013604394929479,1611.7502570978809,1609.7270118175074,1614.5309298424982,4.803918024990708,2.0,0.0796211072848345,11
2019-11-29,2019-11-26,2019-12-02,12.545866038882242,10.039111860817364,1431.6019853157522,1428.980566301383,1434.3588414103724,5.378275108989328,9.25,0.1168536665676729,11
2019-11-29,2019-11-26,2019-12-02,3.128118780616707,8.947734305873693,1435.0658786066358,1432.445799692534,1437.4788141930476,5.033014500513673,2.75,0.0652155981873401,11
2019-11-29,2019-11-26,2019-12-02,2.301855119421771,6.002139721004091,1437.9859548560682,1436.4211626243778,1440.001119248569,3.5799566241912544,2.75,0.0570395192748271,11
2019-11-29,2019-11-26,2019-12-02,22.410473680168923,7.364504074310162,1454.334193686061,1447.1442649937237,1461.1047150320371,13.960450038313866,6.25,0.1516807177333951,11
2019-11-29,2019-11-26,2019-12-02,3.85307636890131,9.829648487801984,1451.0780312273778,1448.0007628849708,1453.75902339397,5.7582605089992285,2.75,0.0688340917613371,11
2019-11-29,2019-11-26,2019-12-02,3.0551340245172525,16.031540592472695,1505.9642373207218,1504.8351636063308,1507.2398760071956,2.4047124008648098,1.75,0.052395999694379,11
2019-11-29,2019-11-26,2019-12-02,21.88766472795103,6.06740370755923,1524.5913849629076,1516.009788375348,1533.7130573638717,17.703268988523632,5.25,0.1471617953102272,11
2019-11-29,2019-11-26,2019-12-02,2.347449380494626,9.870774528209218,1521.742301684851,1520.81842163112,1522.710407386534,1.891985755413771,3.5,0.0541177696706379,11
2019-11-29,2019-11-26,2019-12-02,16.63971407652118,10.14401484445727,1577.7779238885105,1574.678445626516,1582.0107319676315,7.332286341115832,6.0,0.1074673985611648,11
2019-11-29,2019-11-26,2019-12-02,3.5567419130287905,7.19620480165031,1946.742419725059,1944.7683346131817,1948.2132604327053,3.4449258195236325,5.25,0.069843370406597,11
2019-11-29,2019-11-26,2019-12-02,2.1364283778448776,8.765681855087834,2043.0058162565313,2039.0924429288136,2045.2310145818628,6.138571653049439,2.25,0.058459877885779,11
2019-11-29,2019-11-26,2019-12-02,63.32929144292969,13.467132114800162,2048.7805287716765,2039.3492596163417,2060.5348027599975,21.185543143656105,5.5,0.1793286536690384,11
2019-11-29,2019-11-26,2019-12-02,22.81033676213956,6.07174928997257,2090.6163629649186,2084.9126061038114,2099.1837284667417,14.271122362930328,6.25,0.1437750745272443,11
2019-11-29,2019-11-26,2019-12-02,4.364249006256035,9.922628973281236,2101.6637951936714,2096.874244908802,2105.1390398908406,8.264794982038438,3.0,0.0768807886289656,11
2019-11-29,2019-11-26,2019-12-02,11.815262867451272,7.08053511178998,2152.208728425221,2148.7692548804916,2155.6988301589154,6.929575278423727,3.75,0.1605424611700866,11
2019-11-29,2019-11-26,2019-12-02,3.448632893109062,9.78073907107513,1939.705029816345,1938.4999677152373,1940.5184049494565,2.0184372342191637,2.0,0.116465926179791,11
2019-11-29,2019-11-26,2019-12-02,2.861809613308676,4.66182539064997,1940.0298828837929,1938.4999677152373,1941.663462176453,3.1634944612160325,2.75,0.066558188667061,11
2019-11-29,2019-11-26,2019-12-02,17.03167566024894,8.486082879373962,1816.6868503416867,1814.0925427800976,1819.926120508928,5.833577728830278,5.5,0.1462816537996383,11
2019-11-29,2019-11-26,2019-12-02,2.2917181893131087,6.612975344997643,1822.3733477371256,1820.6782554821111,1824.3642255864104,3.6859701042994857,1.75,0.0553338037113705,11
2019-11-29,2019-11-26,2019-12-02,9.489760655408526,7.265719960653287,1825.0021272660929,1822.819585377816,1827.7638588808477,4.944273503031582,6.25,0.1026277753518435,11
2019-11-29,2019-11-26,2019-12-02,3.445835398939093,15.988307786951722,1826.231937061156,1825.7827191175893,1827.0225088428704,1.2397897252812982,2.75,0.0474187113574298,11
2019-11-29,2019-11-26,2019-12-02,2.588078893157935,16.619158789534062,1827.3460074429283,1826.6868494222872,1828.905521973036,2.2186725507490337,2.0,0.0526010078199703,11
2019-11-29,2019-11-26,2019-12-02,19.541342661070757,8.609782253509167,1836.608866453052,1833.801183343399,1838.796205658,4.9950223146006465,7.75,0.135483993820294,11
2019-11-29,2019-11-26,2019-12-02,2.037541165971283,5.170635830399476,1843.1766373826945,1841.0391060872937,1845.545331672765,4.506225585471839,1.75,0.060222441861781,11
2019-11-29,2019-11-26,2019-12-02,2.258311082559634,8.865160616823742,1843.4331351600345,1841.0391060872937,1845.7896155552007,4.75050946790725,2.75,0.0494448901075789,11
2019-11-29,2019-11-26,2019-12-02,25.12511440839457,8.89819303298485,1847.964349405484,1845.146817298606,1851.8204421103,6.673624811694026,7.0,0.1568974661177617,11
2019-11-29,2019-11-26,2019-12-02,3.0915803766248864,6.225369314457911,1848.9703367150637,1847.1586563992312,1851.4562877798453,4.297631380613893,2.75,0.0624006294362421,11
2019-11-29,2019-11-26,2019-12-02,5.951382571995435,4.051436490685834,905.4762709848492,900.3560025990009,909.8120282106102,9.45602561160922,3.25,0.0799724035707953,11
2019-11-29,2019-11-26,2019-12-02,4.66679123023319,6.831529534265028,937.9567373972168,936.7002365984954,939.6324292565696,2.9321926580742,3.25,0.0774677324048409,11
2019-11-29,2019-11-26,2019-12-02,2.3451087114314637,5.149953936245799,847.270813423409,846.1732036420144,848.3214625795372,2.148258937522769,2.0,0.050934368229386,11
2019-11-29,2019-11-26,2019-12-02,6.28358524998742,3.0429109131035332,854.2221210066331,848.328088617418,860.9600044218823,12.63191580446437,1.5,0.0767704401285849,11
2019-11-29,2019-11-26,2019-12-02,2.4882058491468837,5.2840054262544465,110.7179339192718,108.49318034108728,113.5750336223282,5.08185328124091,2.0,0.053464685515609,11
2019-11-29,2019-11-26,2019-12-02,29.667997853787902,10.402283936744674,172.66841837710697,166.20961524080485,183.8817199640907,17.672104723285884,4.75,0.1613136286017915,11
2019-11-29,2019-11-26,2019-12-02,3.117545140669735,7.859291377958366,675.1035781633435,672.4163020388223,677.097559963353,4.681257924530655,2.5,0.0619960816280359,11
2019-11-29,2019-11-26,2019-12-02,3.311722488324208,7.702484006875574,946.9396336411158,944.5140928565525,949.8920306102372,5.377937753684819,3.5,0.0731991886381615,11
2019-11-29,2019-11-26,2019-12-02,8.229219876850914,8.520851151905482,1371.9335942676762,1370.7291659791954,1373.4344283752143,2.705262396018952,4.0,0.0836230717671704,11
2019-11-29,2019-11-26,2019-12-02,3.1646123545436775,14.253483317980958,1375.7552995338494,1374.6467655617744,1377.0674246656708,2.420659103896469,3.0,0.0641483014091121,11
2019-11-29,2019-11-26,2019-12-02,8.716907079657098,12.495558922164657,1376.284853675113,1373.3621191978457,1379.069117323961,5.70699812611565,8.0,0.1056962810045714,11
2019-11-29,2019-11-26,2019-12-02,13.921655837770372,7.403077113071215,1378.029740408123,1376.027401290834,1380.512740324717,4.485339033883065,6.25,0.1111486549465947,11
2019-11-29,2019-11-26,2019-12-02,23.26406951437723,8.512257055308131,1383.1231708984665,1380.2633263757452,1385.671200022567,5.407873646821827,7.0,0.1460402673688997,11
2019-11-29,2019-11-26,2019-12-02,7.747872356608319,6.87002093995081,1417.859639293379,1415.6651549199596,1421.167088826187,5.50193390622735,5.25,0.0983091529295654,11
2019-11-29,2019-11-26,2019-12-02,3.0485472553171618,4.582323075645814,1011.8134171398058,1009.5164839178324,1014.830137989018,5.313654071185738,2.25,0.0617300579608932,11
2019-11-29,2019-11-26,2019-12-02,2.3937849014769963,5.156694715419537,1425.0692449573353,1423.3819443034008,1427.245054717641,3.8631104142405097,4.25,0.0678817638791597,11
2019-11-29,2019-11-26,2019-12-02,6.094984063272188,8.440752281575536,1379.7176642124225,1378.4448927594349,1381.4630663427524,3.018173583317548,3.25,0.0806396852074552,11
2019-11-29,2019-11-26,2019-12-02,30.302836034181993,15.363395871916966,1078.669350178987,1073.5032048234716,1081.327590433415,7.82438560994342,6.25,0.1270334655982183,11
2019-11-29,2019-11-26,2019-12-02,9.153719456774828,4.760600583491655,1102.9313997571878,1097.6875572265126,1107.7397427340038,10.052185507491233,3.5,0.0923267567317386,11
2019-11-29,2019-11-26,2019-12-02,8.932407225188555,9.32348287346834,1200.9820799955878,1199.0891303271055,1203.9156768554822,4.826546528376639,3.5,0.0940345339274404,11
2019-11-29,2019-11-26,2019-12-02,2.9529287745742967,8.266135765511981,1261.5593011959702,1260.609967825003,1262.992456807755,2.3824889827519655,3.5,0.0643943959645523,11
2019-11-29,2019-11-26,2019-12-02,107.93572767887952,10.58979174849859,1343.7440280263422,1337.6525257723406,1349.117278158199,11.464752385858446,9.25,0.2368104259588237,11
2019-11-29,2019-11-26,2019-12-02,3.4580631517576976,16.09573642638233,1337.9279213156249,1337.0499041602015,1339.0857815877534,2.0358774275518954,1.5,0.0435544120027219,11
2019-11-29,2019-11-26,2019-12-02,4.1171287625343,3.73467624224331,1342.2490564239738,1341.8945604749024,1342.849470868241,0.9549103933386504,1.25,0.0250131443387875,11
2019-12-04,2019-12-02,2019-12-06,2.124927105119606,3.4499295176640485,1829.368385196442,1826.9335206979888,1831.6194531931544,4.685932495165616,1.5,0.0535727018858969,12
2019-12-04,2019-12-02,2019-12-06,13.977453752769344,5.09954789022642,1826.9985684117496,1823.31384101836,1831.3727819165215,8.058940898161381,5.0,0.1351358265364641,12
2019-12-04,2019-12-02,2019-12-06,6.717084617852908,11.640964504207776,1825.9427924950428,1822.819585377816,1827.7638588808477,4.944273503031582,3.75,0.073809314810665,12
2019-12-04,2019-12-02,2019-12-06,3.6971115307247127,16.89841425371874,1641.2660528165288,1641.2660528165288,1641.5113609689288,0.2453081523999571,2.5,0.3064801440579117,12
2019-12-04,2019-12-02,2019-12-06,2.4662913680063094,13.251762633220109,1629.4193045544291,1629.2221891079098,1629.9600491505116,0.7378600426018238,1.0,0.1470026987112286,12
2019-12-04,2019-12-02,2019-12-06,7.213467136083136,11.38928976020411,1945.365503897779,1945.058902349323,1945.885345972143,0.8264436228200793,1.75,0.2430206763842485,12
2019-12-04,2019-12-02,2019-12-06,2.0034715432252153,7.346038633368688,1948.7401044476453,1947.967952280305,1949.8408156386577,1.8728633583523333,1.0,0.106008742572497,12
2019-12-04,2019-12-02,2019-12-06,51.20996875261645,4.0456313356566405,2176.1925094610897,2168.043699890375,2184.8659846847877,16.822284794412553,4.25,0.16874138252923,12
2019-12-04,2019-12-02,2019-12-06,8.161635273091354,7.237771372248163,1831.3449979680356,1828.8395317653192,1833.265633479692,4.426101714372635,5.0,0.0959960892796092,12
2019-12-04,2019-12-02,2019-12-06,3.429995483576399,12.781837218337772,1191.946075981665,1191.03656361904,1192.7071827631444,1.6706191441044211,2.25,0.0675354900802641,12
2019-12-04,2019-12-02,2019-12-06,2.1839821604391045,14.328784055176817,1192.4555379959413,1192.0021224869415,1193.1958395466208,1.1937170596793294,1.0,0.0287210155192112,12
2019-12-04,2019-12-02,2019-12-06,2.654537777806132,15.75580311401538,1195.1265587165403,1194.5553309936076,1195.806925134733,1.251594141125679,0.75,0.0277224124004971,12
2019-12-04,2019-12-02,2019-12-06,3.5480533435789363,17.775037761020148,1196.6958441919717,1195.041766917333,1197.9989005411044,2.9571336237713695,2.0,0.1652268113040411,12
2019-12-04,2019-12-02,2019-12-06,2.731838669520025,4.7536438706830015,1083.748280906511,1080.5977599327452,1087.0344690061174,6.436709073372185,4.5,0.0655005713253312,12
2019-12-04,2019-12-02,2019-12-06,3.0612636006483083,21.44449073793052,1380.95391919483,1380.7771838768383,1381.53621994704,0.759036070201546,1.0,0.2472976713809822,12
2019-12-04,2019-12-02,2019-12-06,4.698839636457558,19.116585418728263,1422.9744610701528,1422.848373115994,1423.3765426003374,0.5281694843433797,2.0,0.1639449585572712,12
2019-12-04,2019-12-02,2019-12-06,2.905388054639185,19.39656280949659,1349.5500925469291,1349.329274576623,1350.0476011191497,0.7183265425264835,2.0,0.0854659004964307,12
2019-12-04,2019-12-02,2019-12-06,2.3615398807684804,15.197941391402985,377.7697585211485,377.5978783988394,378.3303907974623,0.73251239862293,1.75,0.1080129488555802,12
2019-12-04,2019-12-02,2019-12-06,3.009858664042516,5.61587997633195,44.529927801525886,44.28670475911349,45.01277319341898,0.7260684343054891,1.0,0.0958654607513992,12
2019-12-04,2019-12-02,2019-12-06,4.375972405513306,3.1113299123953997,2133.3018309835147,2132.7052985634655,2133.6843035463244,0.9790049828588964,1.0,0.1076128971602489,12
2019-12-04,2019-12-02,2019-12-06,47.83547460648277,5.708100359887361,1193.0173892572493,1187.3757015406154,1196.1239977777004,8.748296237085015,9.25,0.194761023771897,12
2019-12-04,2019-12-02,2019-12-06,55.92994794176115,9.642615349807665,2175.166602954568,2170.1206925185397,2182.1422003633343,12.021507844794542,5.5,0.1588501973914915,12
2019-12-04,2019-12-02,2019-12-06,2.0473412266596616,7.97073297709471,2017.037722155814,2016.742575811688,2017.510038610082,0.7674627983942628,0.75,0.0587906601998258,12
2019-12-04,2019-12-02,2019-12-06,2.2371962446688465,4.728845878140131,45.08527879408745,45.01549959741533,45.50884230621159,0.4933427087962627,1.0,0.1679810350114354,12
2019-12-04,2019-12-02,2019-12-06,3.809808549018777,4.2989940733534,318.87484147023696,318.67145138280466,319.40980772674084,0.7383563439361751,1.25,0.1142597238012051,12
2019-12-04,2019-12-02,2019-12-06,9.825976881408964,3.9009795840898582,317.2490515676958,316.9605572158471,317.94424813147634,0.9836909156292676,1.75,0.3062565227560935,12
2019-12-04,2019-12-02,2019-12-06,2.5265979241923144,5.112456357909802,303.69221931758636,303.25185445323586,304.37457013502717,1.1227156817913055,1.5,0.0853754737969999,12
2019-12-04,2019-12-02,2019-12-06,43.85218229227559,11.05393112931207,1828.7510924990845,1822.819585377816,1833.0199192501605,10.200333872344345,8.5,0.2367515597785491,12
2019-12-04,2019-12-02,2019-12-06,3.5899000320075785,17.485862186586402,1076.9318542530418,1073.744871783536,1078.402028832119,4.657157048583031,3.0,0.0658089388717773,12
2019-12-04,2019-12-02,2019-12-06,5.592833859762732,11.2835110874256,172.72910673121825,171.35212682699785,175.26166995754463,3.909543130546808,3.75,0.1298538369955188,12
2019-12-04,2019-12-02,2019-12-06,2.364380978462538,11.042326533985229,38.11342499144415,37.1687408038415,39.15812766272575,1.9893868588842452,3.0,0.0503186968510033,12
2019-12-04,2019-12-02,2019-12-06,3.5045727802012334,9.54856017096948,1435.3090409406843,1433.5460481261837,1437.4788141930476,3.932766066864133,3.75,0.0639722365532311,12
2019-12-04,2019-12-02,2019-12-06,2.7916210021843515,17.985426255077087,1197.3654175309366,1197.0153199052438,1197.9989005411044,0.9835806358605624,2.25,0.0864595341310363,12
2019-12-04,2019-12-02,2019-12-06,3.546841889268309,16.248558222996227,1195.0214305232373,1194.5553309936076,1195.806925134733,1.251594141125679,1.5,0.0427620982189996,12
2019-12-04,2019-12-02,2019-12-06,8.344710587038586,17.362933111965297,1195.392079062849,1193.852892052848,1197.017475315835,3.164583262987435,2.75,0.0581403395092957,12
2019-12-04,2019-12-02,2019-12-06,5.489701467657781,17.03377259211537,1194.92703519247,1193.6097398097627,1196.1239977777004,2.5142579679377377,2.5,0.0402623289126917,12
2019-12-04,2019-12-02,2019-12-06,2.249591113666274,10.894529290905227,1195.0665136811635,1193.6723779905587,1196.1239977777004,2.4516197871416807,1.25,0.0448616988579339,12
2019-12-04,2019-12-02,2019-12-06,32.53173252282254,14.007346285324951,1193.7793954302963,1191.2693299367093,1196.5363513221964,5.267021385487169,4.75,0.2381033325635885,12
2019-12-04,2019-12-02,2019-12-06,2.043835773161866,10.501052005246224,648.8912707893178,648.8912707893178,649.1365789417177,0.2453081523999571,1.25,0.1083129602117562,12
2019-12-04,2019-12-02,2019-12-06,4.155255536812912,15.482717133142152,659.9790866184206,659.4298200067133,660.8857535170391,1.455933510325849,2.25,0.2313919300445441,12
2019-12-06,2019-12-06,2019-12-06,9.561248970451302,5.093747086183655,717.8658003514558,713.9648743751459,723.3786998959258,9.413825520779938,4.5,0.1155327451587833,12
2019-12-06,2019-12-06,2019-12-06,2.686188171553232,8.378290583817616,718.00282778575,715.4143367903307,720.5723601048812,5.158023314550519,1.75,0.058998764429161,12
2019-12-06,2019-12-06,2019-12-07,2.225798001367582,5.80732008482966,44.58531599774253,44.28670475911349,45.01277319341898,0.7260684343054891,0.75,0.0489233154264534,12
2019-12-07,2019-12-07,2019-12-08,5.437330630201913,10.97981177906059,648.8912707893178,648.8912707893178,649.1365789417177,0.2453081523999571,2.0,0.122574001526289,12
2019-12-07,2019-12-07,2019-12-08,2.1579016109463223,9.226180336427392,648.8912707893177,648.8912707893178,649.1365789417177,0.2453081523999571,1.25,0.2282699901007548,12
2019-12-07,2019-12-07,2019-12-08,3.240707127399258,3.972495952163236,317.2849065813126,317.2066848031245,317.6981205432676,0.4914357401430607,0.75,0.0195181340873552,12
2019-12-07,2019-12-07,2019-12-07,2.2403907700834744,3.1804416063129555,1728.25335163605,1727.9256415097043,1728.682948521804,0.7573070120997727,1.0,0.0839767294262346,12
2019-12-07,2019-12-07,2019-12-07,2.2291384851328893,3.1833929737721456,1732.4061492495407,1732.277225326281,1732.7726111649536,0.4953858386725187,1.0,0.0359051678578605,12
2019-12-07,2019-12-07,2019-12-07,3.8607670247872017,20.17810130452912,1371.160798389319,1370.9706484805793,1371.698921635747,0.7282731551676989,1.0,0.2069028825965436,12
2019-12-08,2019-12-08,2019-12-08,2.4540566239053616,11.341318700816425,1945.6400378197432,1945.6400378197432,1945.885345972143,0.2453081523999571,1.0,0.1536383764544056,12
2019-12-08,2019-12-08,2019-12-08,2.058065485812207,3.0593596594163213,1368.584540870168,1365.7968853479251,1369.6355913705193,3.838706022594124,0.75,0.1071019194150782,12
2019-12-08,2019-12-08,2019-12-09,5.376890994343231,3.719765254226656,317.25875847214803,316.9605572158471,317.6981205432676,0.7375633274205029,1.25,0.0374485774019087,12
2019-12-09,2019-12-09,2019-12-10,2.268405574357931,3.1877818937528706,1369.0706549171075,1368.9146682284772,1369.6355913705193,0.720923142042011,0.75,0.094283479676411,12
2019-12-09,2019-12-09,2019-12-10,2.446159541209226,9.112660462159097,1337.9592530113666,1337.6525257723406,1338.3709599636495,0.7184341913089156,1.0,0.178747902100651,12
2019-12-09,2019-12-09,2019-12-10,4.12439601654915,5.031326795483705,1309.0043874173182,1308.6968075484035,1309.380651223939,0.6838436755351722,0.75,0.3339733406031312,12
2019-12-09,2019-12-09,2019-12-10,2.0929783553321495,7.435759556260741,1225.5423660237502,1225.3965350654908,1225.8815640853718,0.4850290198810398,1.0,0.1491521038525376,12
2019-12-09,2019-12-09,2019-12-10,2.346226519354913,4.493841030884828,317.1080747854422,316.9605572158471,317.6981205432676,0.7375633274205029,0.75,0.0771116037113836,12
2019-12-09,2019-12-09,2019-12-10,3.3761926597808976,3.7171864575248215,317.3965055046184,317.2066848031245,317.94424813147634,0.7375633283518255,1.25,0.0809053433369657,12
2019-12-09,2019-12-09,2019-12-10,2.704153191440166,10.644953404070126,976.7770443550852,976.5685956594534,977.2982833785936,0.7296877191402018,1.75,0.1099487849799539,12
2019-12-09,2019-12-09,2019-12-10,3.163013129371143,9.104001538695398,1948.0109905481793,1947.3870130209252,1949.8408156386577,2.4538026177324355,2.0,0.1184881022928686,12
2019-12-09,2019-12-09,2019-12-10,2.0282887557331377,10.242834254317378,1946.8136069388652,1946.4913697214795,1947.341851542238,0.8504818207584321,1.0,0.1515117954828455,12
2019-12-09,2019-12-09,2019-12-10,3.6968962728209815,11.50779515564184,1945.568167384364,1945.349470084533,1946.1555847120471,0.8061146275140345,1.5,0.1206107208364967,12
2019-12-09,2019-12-09,2019-12-10,3.0410132286865776,11.25723512214242,1512.5538218848872,1512.2228251565248,1513.0098635545,0.787038397975266,0.75,0.1486796537737911,12
2019-12-09,2019-12-09,2019-12-10,3.0644710047409385,10.86145431607748,1946.8504249332668,1946.4913697214795,1947.341851542238,0.8504818207584321,1.0,0.1881498955360924,12
2019-12-11,2019-12-11,2019-12-11,2.6027857301646935,19.11038462027828,1423.0106284177184,1422.848373115994,1423.3765426003374,0.5281694843433797,1.0,0.1959041622980347,12
2019-12-11,2019-12-11,2019-12-11,2.549618254483908,19.753587928358336,1349.4733728816375,1349.1084169461392,1350.2841103142127,1.1756933680735528,1.75,0.0626088104284801,12
2019-12-11,2019-12-11,2019-12-11,4.862617784596247,5.802977930998821,1999.0937623393847,1999.007639318239,1999.5215876130387,0.5139482947997749,1.75,0.2681347785616479,12
2019-12-11,2019-12-11,2019-12-11,2.1349849233491183,11.205941526051534,1944.4826885619575,1944.1906008282676,1945.0136427655816,0.8230419373139739,1.0,0.0522645340849915,12
2019-12-11,2019-12-11,2019-12-11,2.253903569658427,12.02855761015667,1943.9401945021848,1943.6094534299336,1944.726482673548,1.1170292436145246,0.75,0.0222381343339434,12
2019-12-11,2019-12-11,2019-12-11,2.562999200926945,18.21227040039892,1581.8195394631152,1581.5107103716582,1582.2654454098083,0.7547350381501019,1.75,0.1756486693545682,12
2019-12-11,2019-12-11,2019-12-11,3.457293374775466,13.707914055418476,1814.3053205629176,1814.0925427800976,1814.587246765848,0.4947039857506752,1.75,0.0846008630008005,12
2019-12-11,2019-12-11,2019-12-11,2.446961698867574,13.197354475076695,1629.384058806158,1629.2221891079098,1629.7116504255682,0.4894613176584244,1.0,0.1243486647979139,12
2019-12-11,2019-12-11,2019-12-11,2.144519437962524,19.909566101912056,1584.0198557026883,1583.5507943313569,1584.5580222476274,1.0072279162704945,2.0,0.1118227867584803,12
2019-12-11,2019-12-11,2019-12-11,3.2356390609706756,3.2515849481808323,2133.324123733146,2133.203408617992,2133.6843035463244,0.4808949283324182,0.75,0.127195398769242,12
2019-12-11,2019-12-11,2019-12-11,2.295729222913,4.746355539491818,45.08323596129317,45.01549959741533,45.50884230621159,0.4933427087962627,1.0,0.1791159838746782,12
2019-12-11,2019-12-11,2019-12-11,3.604275886989711,3.800000127613091,317.34989158930034,317.2066848031245,317.94424813147634,0.7375633283518255,1.0,0.0872331068003605,12
2019-12-11,2019-12-11,2019-12-11,2.4921584994065036,15.208545977219387,377.7943479842918,377.5978783988394,378.3303907974623,0.73251239862293,1.75,0.0758757721524961,12
2019-12-11,2019-12-11,2019-12-11,2.9336585926625185,11.150976350595675,648.8912707893177,648.8912707893178,649.1365789417177,0.2453081523999571,1.0,0.1470824444010492,12
2019-12-11,2019-12-11,2019-12-11,2.849435718158279,9.21357485618652,648.8784543319499,648.6528055821545,649.1365789417177,0.4837733595632016,1.75,0.234011694389344,12
2019-12-12,2019-12-11,2019-12-13,4.863742522475,11.267577166271018,1945.4989394670897,1945.349470084533,1945.885345972143,0.5358758876100183,1.25,0.102346713466516,12
2019-12-13,2019-12-13,2019-12-14,3.4233862686803636,18.3523748155067,1349.5058181357915,1349.329274576623,1350.0476011191497,0.7183265425264835,1.0,0.0496548805110958,12
2019-12-14,2019-12-14,2019-12-15,20.86237409958275,18.39055863485204,1644.509890951144,1641.51329141343,1647.2022660886869,5.688974675256759,2.0,0.0577324287548741,12
2019-12-14,2019-12-14,2019-12-15,2.6237266445754295,4.07665144519343,1194.2433155374129,1192.2175462199375,1196.1239977777004,3.906451557762921,3.0,0.0645861496956033,12
2019-12-14,2019-12-14,2019-12-15,12.77008584667187,8.8107921453165,1646.626740122712,1640.7543419129215,1652.6784153049812,11.924073392059654,4.0,0.1294731368624313,12
2019-12-14,2019-12-14,2019-12-15,78.86470395623832,13.92601424539478,1645.1019878516963,1636.283488937188,1659.285563321784,23.0020743845962,12.0,0.2051228751647373,12
2019-12-14,2019-12-14,2019-12-15,2.6510504157845753,4.914132033607319,1339.0772664550968,1338.3622148311697,1340.4767210339196,2.114506202749908,2.25,0.0619961912893256,12
2019-12-14,2019-12-14,2019-12-15,19.615185198452117,12.26410053651788,1647.7279190017518,1641.7605300098658,1654.1569318575785,12.396401847712696,4.75,0.1061548625855557,12
2019-12-14,2019-12-14,2019-12-15,41.52126146845448,16.83252851143192,1644.2577108672767,1641.2660528165288,1647.7010631691664,6.435010352637619,4.25,0.0914071006031189,12
2019-12-14,2019-12-14,2019-12-15,2.4886719959634815,8.565713004516791,1649.4565760546443,1648.6989194285125,1650.1644707340747,1.4655513055622578,1.5,0.0553536560601702,12
2019-12-14,2019-12-14,2019-12-15,3.07250760644875,3.619697532204101,1714.466952049338,1711.9058490013704,1716.7101175878197,4.804268586449325,0.75,0.097001610198011,12
2019-12-14,2019-12-14,2019-12-14,4.585222405956804,4.79576625888505,1194.3861020466927,1192.950531394221,1196.1239977777004,3.1734663834795356,5.0,0.0847453965805359,12
2019-12-14,2019-12-14,2019-12-14,3.842831687186707,5.153285311079427,1457.5614157980174,1454.6392233623192,1460.2571986732073,5.617975310888141,3.75,0.0799811179879447,12
2019-12-14,2019-12-14,2019-12-14,4.740226004138222,7.382834050465372,1434.8829936858194,1433.262305568438,1437.195068902336,3.9327633338980377,4.0,0.0771321249940502,12
2019-12-14,2019-12-14,2019-12-14,2.453878591513757,4.435599581555963,1382.699111354122,1381.29091179464,1384.3274170402435,3.036505245603621,3.0,0.0602583084142434,12
2019-12-14,2019-12-14,2019-12-15,27.43854862455296,3.894037352864066,1645.1147421329374,1634.796684957575,1653.17441937048,18.37773441290483,4.75,0.2510863081012201,12
2019-12-14,2019-12-14,2019-12-14,4.383518268262243,4.901173596793619,1339.0054751379157,1338.3622148311697,1340.7396270274185,2.3774121962487698,3.5,0.2036097833118961,12
2019-12-14,2019-12-14,2019-12-14,2.2095230319966075,8.90972064361216,648.8912707893178,648.8912707893178,649.1365789417177,0.2453081523999571,1.0,0.0739712552924413,12
2019-12-14,2019-12-14,2019-12-14,2.595470641060127,3.4688819473651873,828.8453795491631,826.790368847549,831.1005875989795,4.3102187514305115,1.75,0.0590054062479364,12
2019-12-14,2019-12-14,2019-12-14,2.2237765395377305,3.403842737371346,1428.7938539797476,1426.4855782547966,1431.4859148971736,5.0003366423770785,1.25,0.0579974362273995,12
2019-12-14,2019-12-14,2019-12-14,2.3945519187425135,3.6636008550512007,1944.6375385661229,1940.2730967970565,1948.2132604327053,7.940163635648787,1.75,0.0594309761253652,12
2019-12-14,2019-12-14,2019-12-14,2.858919944600442,5.701153491137793,44.66844679768637,44.28670475911349,45.260807749815285,0.9741029907017946,1.0,0.1131564654307304,12
2019-12-14,2019-12-14,2019-12-14,2.4219782900864,4.712688986836346,45.02656313055568,44.76746504101902,45.50884230621159,0.7413772651925683,0.75,0.1046304098231086,12
2019-12-14,2019-12-14,2019-12-14,3.256029074598159,3.783066345242526,317.19396599593574,316.9605572158471,317.6981205432676,0.7375633274205029,0.75,0.0708530584540048,12
2019-12-14,2019-12-14,2019-12-14,2.836285361378498,7.431391278814699,1948.611779552886,1947.967952280305,1950.128099930007,2.1601476497016847,1.25,0.0345921164741902,12
2019-12-14,2019-12-14,2019-12-14,5.677292291420313,5.532883081165836,1999.1173898742968,1999.007639318239,1999.5215876130387,0.5139482947997749,1.5,0.2639845520157291,12
2019-12-14,2019-12-14,2019-12-15,3.302531098488972,3.345519978099629,1337.9190405087493,1336.5466124997474,1339.3223322946578,2.775719794910401,2.25,0.103565781469595,12
2019-12-15,2019-12-15,2019-12-16,8.553323092921035,11.111583585996968,1945.070671500902,1944.1906008282676,1945.885345972143,1.6947451438754797,1.75,0.1597741010673963,12
2019-12-15,2019-12-15,2019-12-16,3.522548225684646,3.690472687365551,1194.5141553498936,1192.950531394221,1196.1239977777004,3.1734663834795356,4.0,0.0747481616649703,12
2019-12-15,2019-12-15,2019-12-16,5.261177299045028,3.615764987929088,317.1479956113284,316.9605572158471,317.94424813147634,0.9836909156292676,1.0,0.0941640439104961,12
2019-12-15,2019-12-15,2019-12-16,4.87694776695388,10.032260363792563,1194.818012549487,1193.183731239289,1196.1239977777004,2.940266538411379,6.25,0.0807385192724244,12
2019-12-19,2019-12-16,2019-12-22,5.131518019264003,9.85732660371195,1193.9533208805478,1191.2693299367093,1196.1239977777004,4.854667840991169,3.0,0.074688820285774,12
2019-12-26,2019-12-22,2019-12-30,13.155604963720188,3.2485787267560524,506.0755393112922,477.9334384626709,536.9475442958064,59.014105833135545,1.75,0.1165950998682252,12
2019-12-26,2019-12-22,2019-12-30,6.537143238206664,5.485694965621117,1532.6489162655632,1529.6567209321074,1535.540268545505,5.883547613397241,4.25,0.0854333676471731,12
2019-12-26,2019-12-22,2019-12-30,9.251846397357092,4.29390778443806,1519.1052029783768,1513.306312653236,1522.710407386534,9.404094733297825,3.5,0.101627152637712,12
2019-12-26,2019-12-22,2019-12-30,2.000216488023982,4.130056851982947,1371.8266250935787,1370.7291659791954,1373.4344283752143,2.705262396018952,2.0,0.0510330560793024,12
2019-12-26,2019-12-22,2019-12-30,13.117683573692172,5.671799441956308,1380.4090414864254,1378.243711657822,1383.4953650617972,5.2516534039750695,6.0,0.1223864003027387,12
2019-12-26,2019-12-22,2019-12-30,15.463962466337623,6.619979034858556,1383.8762208284195,1381.8047965038568,1386.908454248216,5.103657744359225,6.75,0.1339997940618946,12
2019-12-26,2019-12-22,2019-12-30,4.019996914472242,3.7847373887256657,1416.0906835857452,1412.2967036166228,1420.3191112536006,8.022407636977732,2.0,0.0765677568223338,12
2019-12-26,2019-12-22,2019-12-30,9.38886620957792,5.273240236422008,1428.0971809496718,1423.6647882317193,1431.7692285790108,8.10444034729153,5.5,0.108704399840475,12
2019-12-26,2019-12-22,2019-12-30,5.584412676198994,5.19971110005339,1435.860001503719,1433.262305568438,1438.828229021747,5.565923453308642,4.5,0.0831860642172331,12
2019-12-26,2019-12-22,2019-12-30,3.822605784713178,10.439822253091585,1433.818225808329,1432.1620297129266,1436.3826010236517,4.220571310725063,5.75,0.0713271388305905,12
2019-12-26,2019-12-22,2019-12-30,4.776907852072158,9.108682437310092,1438.5317210988485,1436.1372928712517,1441.389218762051,5.251925890799612,5.0,0.0800180665317981,12
2019-12-26,2019-12-22,2019-12-30,2.481217817136504,4.725941582139712,1345.9863812608369,1345.5711911325343,1346.6081866282038,1.0369954956695435,3.5,0.0572314228763073,12
2019-12-26,2019-12-22,2019-12-30,13.550185579937043,16.438472631523048,1745.7528176370374,1743.511433981359,1748.4702698457986,4.958835864439607,3.75,0.0925635739420759,12
2019-12-26,2019-12-22,2019-12-30,4.611453329347006,5.70746383938912,1752.1526402111786,1750.256064964924,1754.2532484037802,3.9971834388561542,2.75,0.0713275701649964,12
2019-12-26,2019-12-22,2019-12-30,2.5047087097914384,4.518315625835998,1818.4103997964369,1816.7139022313056,1819.926120508928,3.2122182776220143,3.25,0.0583040638147167,12
2019-12-26,2019-12-22,2019-12-30,4.072589817133069,8.9831837742039,1820.536701741676,1819.680812356528,1822.1443647802807,2.4635524237528443,3.5,0.0664790497697097,12
2019-12-26,2019-12-22,2019-12-30,3.3639465088508627,12.164736678585644,1736.162656985552,1735.228408101946,1738.322510259226,3.094102157279849,3.75,0.1547815734665644,12
2019-12-26,2019-12-22,2019-12-30,2.205974281609913,4.027000022851956,1827.809562576194,1825.7827191175893,1829.645535800606,3.8628166830167174,1.75,0.054141906120486,12
2019-12-26,2019-12-22,2019-12-30,2.604722622009006,14.72266012611453,1922.8691882539108,1921.0927221728489,1923.5405314797536,2.4478093069046736,2.0,0.3962901961248469,12
2019-12-26,2019-12-22,2019-12-30,3.5136011014421618,9.599622954729696,2053.3449297342195,2048.3098318804987,2056.80082562659,8.49099374609068,3.0,0.0662984376256853,12
2019-12-26,2019-12-22,2019-12-30,6.223242940138201,4.890642966473769,2092.64344255315,2089.621704442892,2095.8706275955774,6.248923152685165,4.75,0.0861797808704317,12
2019-12-26,2019-12-22,2019-12-30,3.0031640819094454,8.964556062449937,2090.0880782790346,2088.105185768102,2093.3658922626637,5.260706494562328,2.75,0.063909152068682,12
2019-12-26,2019-12-22,2019-12-30,8.269203081899851,4.129432913928447,2061.267238135797,2055.2903469116427,2066.5635124193504,11.273165507707745,3.0,0.0932819650504571,12
2019-12-26,2019-12-22,2019-12-30,7.707136116858554,6.22968131940035,1620.6865935551311,1616.547719172202,1623.4651519008912,6.917432728689164,6.0,0.0971102772252839,12
2019-12-26,2019-12-22,2019-12-30,3.299390111578605,5.882757157509845,1626.522602642387,1623.7130834357813,1628.4703339114783,4.757250475697219,2.75,0.0713572152669603,12
2019-12-26,2019-12-22,2019-12-30,27.64660980036289,4.314659363401454,1642.3535430600311,1634.796684957575,1652.9247513967566,18.128066439181566,6.25,0.1571797635202859,12
2019-12-26,2019-12-22,2019-12-30,17.7430082818059,9.129145274481038,2150.1644238611634,2146.0321016092785,2154.645079626236,8.61297801695764,6.75,0.1286862805555563,12
2019-12-26,2019-12-22,2019-12-30,6.316533691822942,10.911743607861524,2044.6558796362035,2042.4392040260136,2049.0638940427452,6.62469001673162,4.75,0.0866227320622671,12
2019-12-26,2019-12-22,2019-12-30,20.94964272010719,10.323979878896736,676.5297876143223,672.4163020388223,681.3213314716704,8.905029432848096,6.0,0.1419391105947151,12
2019-12-26,2019-12-22,2019-12-30,52.06148149132161,16.64273028025924,813.8875462376913,810.5018012463115,818.4282172173262,7.926415971014649,5.75,0.1622639240947345,12
2019-12-26,2019-12-22,2019-12-30,4.346652868503272,18.2852061854252,816.9521158309536,815.8086480894126,818.9003304424696,3.0916823530569673,2.25,0.0623595576278985,12
2019-12-26,2019-12-22,2019-12-30,9.85630794658542,7.268580435547616,828.9283392761837,825.1140432618558,832.0599578553811,6.945914593525231,4.0,0.110710265664408,12
2019-12-26,2019-12-22,2019-12-30,6.020388061900733,10.342040327731349,176.76441376868533,173.31470499373972,180.66065736766905,7.345952373929322,3.5,0.0978572022012275,12
2019-12-26,2019-12-22,2019-12-30,3.3554044496950297,4.271117494527884,597.5249045705782,595.5315964519978,601.3704576413147,5.838861189316958,3.75,0.0663729634381194,12
2019-12-26,2019-12-22,2019-12-30,3.2468478037242106,3.2597932367857836,662.383175695465,657.3913762774318,667.2126752077602,9.82129893032834,0.75,0.0671434655913339,12
2019-12-26,2019-12-22,2019-12-30,56.25525028540723,6.885679511771229,1452.3263957814142,1442.2732031224295,1461.1047150320371,18.8315119096078,10.75,0.2208604545689006,12
2019-12-26,2019-12-22,2019-12-30,9.982305082286304,8.914640950350572,79.94474862077743,78.08042554138228,84.14642196102068,6.065996419638395,5.5,0.1022287179188716,12
2019-12-26,2019-12-22,2019-12-30,2.114016350444199,7.022392927706945,1145.2585971241397,1144.1896730419248,1146.3901718794368,2.2004988375119865,2.25,0.0492016357795402,12
2019-12-26,2019-12-22,2019-12-30,17.428550275652963,6.068250807561825,1194.1204178271555,1191.2693299367093,1196.1239977777004,4.854667840991169,7.5,0.1223117282752518,12
2019-12-26,2019-12-22,2019-12-30,9.7246232800441,16.267239807013585,1194.1008578436724,1191.5135941212066,1196.293209259864,4.779615138657391,4.25,0.1298197835097116,12
2019-12-26,2019-12-22,2019-12-30,5.771412981911664,10.095628666289002,1214.264559289946,1211.916601204779,1216.4459295850247,4.529328380245715,3.75,0.1043579307613829,12
2019-12-26,2019-12-22,2019-12-30,5.732960131771474,9.220517072788448,1257.187705509655,1255.253148199059,1261.0918393060565,5.83869110699743,4.0,0.0836831149786204,12
2019-12-26,2019-12-22,2019-12-30,2.1638768269224804,17.78836921074808,1309.1205575668678,1308.4602756467648,1309.8538634688591,1.3935878220945597,2.0,0.0771153541274891,12
2019-12-26,2019-12-22,2019-12-30,12.618088438571078,6.891464830412511,885.3578076083592,881.193607147783,889.5822355994023,8.388628451619297,4.25,0.1170178368290051,12
2019-12-26,2019-12-22,2019-12-30,3.3271612022036514,5.740660604523691,930.7508153585212,929.3998991986736,932.811333143618,3.4114339449442923,2.75,0.062828739800214,12
2019-12-26,2019-12-22,2019-12-30,5.612846528124789,4.765208412302385,936.7788653604998,934.7165643568152,939.3882007496431,4.671636392828077,3.0,0.0780115281186221,12
2019-12-26,2019-12-22,2019-12-30,14.3602415475218,7.027666511456923,946.7412397842388,943.539310639724,951.5900055435486,8.050694903824478,7.75,0.122369029954461,12
2019-12-26,2019-12-22,2019-12-30,10.234536934633674,8.678233780965465,1080.0774636827953,1073.9865387449972,1086.0739074484443,12.087368703447282,6.0,0.1091153591787484,12
2019-12-26,2019-12-22,2019-12-30,6.810926515629054,10.968434261054885,1099.770478888859,1094.407703815028,1105.7931359396316,11.38543212460354,4.0,0.1001833374769078,12
2019-12-26,2019-12-22,2019-12-30,2.296297479248035,9.283064411541275,1105.7925613713298,1104.0444037830457,1108.2123364293948,4.1679326463490725,1.75,0.054232062322069,12
2019-12-26,2019-12-22,2019-12-30,2.39083175928433,9.97165056293256,1446.4609649135405,1445.44113837881,1448.8064085533842,3.365270174574107,1.75,0.1283606450113695,12
2019-12-26,2019-12-22,2019-12-30,2.8762148439420576,6.3616519417075885,1378.1948691494326,1376.027401290834,1380.512740324717,4.485339033883065,3.25,0.0666171060226041,12
2019-12-26,2019-12-22,2019-12-30,5.063059321230404,10.486994374912074,1381.712495197314,1379.2426810474135,1383.4953650617972,4.2526840143837035,3.75,0.1258944064720549,12
2019-12-26,2019-12-22,2019-12-30,2.1953439141526987,4.241196115910896,1382.3162495930194,1380.7771838768383,1384.3274170402435,3.55023316340521,3.0,0.0638613031926391,12
2019-12-26,2019-12-22,2019-12-30,2.0413090991921465,11.67281789468909,1945.4721202582691,1945.058902349323,1945.885345972143,0.8264436228200793,0.75,0.1519323684608433,12
2019-12-26,2019-12-22,2019-12-30,2.0561651448826024,10.820742110601527,1935.9786187330276,1933.9131010426208,1937.8886816706508,3.975580628030002,2.5,0.1206123803773464,12
2019-12-26,2019-12-22,2019-12-30,2.6526289737452693,7.968409637760361,1873.5172290455264,1872.3672368684784,1874.614819763694,2.2475828952156007,2.25,0.1342818575203341,12
2019-12-26,2019-12-22,2019-12-30,5.010045224471906,4.2267956189632505,81.23710874096248,78.08042554138228,84.639329562895,6.558904021512717,3.75,0.0826640911000886,12
2019-12-26,2019-12-22,2019-12-30,12.200727219454562,4.931421506924616,2149.3717206022943,2144.79328638129,2154.8940884103067,10.10080202901736,4.75,0.1331222551792463,12
2019-12-26,2019-12-22,2019-12-30,2.190030662225793,9.310286609719942,1738.056211175424,1735.7417599149048,1739.789221238345,4.047461323440075,3.5,0.0536814712637068,12
2019-12-26,2019-12-22,2019-12-30,4.536717992944988,5.258166817100955,1747.042483890136,1742.0351418135688,1750.7499871533364,8.714845339767635,2.5,0.0800746663787537,12
2019-12-26,2019-12-22,2019-12-30,3.3737033953044184,3.2303257690003293,1647.1739244867208,1646.4637015755288,1648.1943161492236,1.7306145736947656,0.75,0.0855863085924469,12
2019-12-26,2019-12-22,2019-12-30,2.139712011445866,16.21857691230687,1745.9199048768426,1744.7309889504686,1747.2297165482305,2.4987275977618992,0.75,0.029623356130198,12
2019-12-26,2019-12-22,2019-12-30,2.073832115364371,14.79714122190442,817.9387755175978,816.5199816715904,819.3750982065685,2.8551165349781513,2.5,0.0740233663372746,12
2019-12-26,2019-12-22,2019-12-30,2.246614851180243,17.368030974508198,815.370276279725,814.8666816772893,816.0539562418126,1.18727456452325,1.0,0.0281388931847034,12
2019-12-26,2019-12-22,2019-12-30,4.996153730436688,17.835253344927338,814.9637389542586,814.0858272667974,815.959430642426,1.8736033756285904,1.0,0.0334759144161625,12
2019-12-26,2019-12-22,2019-12-30,2.393784656168845,15.4892061043877,815.1479167329848,814.5602064915001,815.959430642426,1.3992241509258747,1.25,0.0345185776133628,12
2019-12-26,2019-12-22,2019-12-30,4.007709674426681,17.61820740078776,813.4108086125567,812.6336144153029,814.3311354191974,1.697521003894508,1.0,0.0308684540680594,12
2019-12-26,2019-12-22,2019-12-30,4.081636413831351,18.259595760520828,816.1687881345824,815.1040640128776,818.6629465608858,3.558882548008114,1.5,0.0617319441350749,12
2019-12-26,2019-12-22,2019-12-30,3.206585315343767,3.4003672142003207,828.2345802460877,827.0289142159745,830.1421766486019,3.11326243262738,2.0,0.0623899557373846,12
2019-12-26,2019-12-22,2019-12-30,17.74498049802416,5.173644399584361,677.2532670039401,672.4163020388223,681.3213314716704,8.905029432848096,5.25,0.1403389330564005,12
2019-12-26,2019-12-22,2019-12-30,2.3075161569817424,3.1699824960703125,2133.3036283158926,2133.203408617992,2133.6843035463244,0.4808949283324182,1.0,0.0787960961599201,12
2019-12-26,2019-12-22,2019-12-30,4.813726581955135,4.539678477735181,1104.6820420695967,1099.6119114100002,1108.2123364293948,8.600425019394606,4.5,0.0854794619425819,12
2019-12-26,2019-12-22,2019-12-30,35.38742691052707,6.62725501631209,813.1081876316086,808.1058564265259,817.7161044115201,9.610247984994205,10.0,0.1953286452285391,12
2019-12-26,2019-12-22,2019-12-30,6.720505133402935,3.557931537815666,886.6152373525385,884.1387134729885,889.9422889542766,5.803575481288135,3.5,0.0846938923281719,12
2020-01-04,2019-12-30,2020-01-10,3.7133895664475927,13.66269101170079,1814.2339627969573,1814.0925427800976,1814.587246765848,0.4947039857506752,1.25,0.1658554775452452,1
2020-01-04,2019-12-30,2020-01-10,2.7013832944373424,4.5400447274244415,1052.096501390596,1049.6645167726092,1056.485921186395,6.821404413785785,2.5,0.077034738458104,1
2020-01-04,2019-12-30,2020-01-10,4.420127382328995,9.229641709741884,1382.1827257488274,1379.2426810474135,1383.4953650617972,4.2526840143837035,4.25,0.0658263457738182,1
2020-01-04,2019-12-30,2020-01-10,5.399655345577794,8.957124575975966,1381.539609388137,1380.2633263757452,1384.0705288224854,3.8072024467401206,4.5,0.0662153728541651,1
2020-01-04,2019-12-30,2020-01-10,2.153904375930003,5.661231413900689,1444.0888272196323,1442.841699154582,1445.1263719205745,2.284672765992582,3.0,0.0535766679692052,1
2020-01-04,2019-12-30,2020-01-10,4.066586820008652,6.469508788075713,1446.2987828012542,1445.1574660125189,1448.2460710373707,3.0886050248518586,2.0,0.0599177589346666,1
2020-01-04,2019-12-30,2020-01-10,4.829926180396286,3.5955732692813624,317.164366088253,316.9605572158471,317.94424813147634,0.9836909156292676,1.0,0.077134742243496,1
2020-01-04,2019-12-30,2020-01-10,4.365795060886537,3.749826159325067,1443.013666246421,1441.705521507189,1445.1263719205745,3.4208504133857787,2.75,0.0892367209124796,1
2020-01-04,2019-12-30,2020-01-10,4.621811220773942,3.5520922284336263,1446.6024703839082,1444.313914703671,1450.9180346946232,6.604119990952313,2.25,0.0684925918839169,1
2020-01-12,2020-01-10,2020-01-14,2.961936551257461,3.470829796824885,1376.110921087724,1373.6092620817944,1378.3279746389017,4.71871255710721,2.0,0.0685169951762364,1
2020-01-12,2020-01-10,2020-01-14,2.016000473127929,3.870416287897765,1379.7011089235666,1378.4448927594349,1381.0392993385904,2.594406579155475,2.25,0.0504169972310297,1
2020-01-12,2020-01-10,2020-01-14,4.7306055090173995,13.299268966378222,1384.2036813095397,1382.574233604595,1386.1892417743802,3.615008169785142,3.75,0.1038801511439603,1
2020-01-12,2020-01-10,2020-01-14,2.27290894141969,3.6604500265527298,2050.182417800789,2046.2638733894564,2054.0181265161373,7.754253126680851,1.5,0.0577795465556528,1
2020-01-12,2020-01-10,2020-01-14,4.924089799814304,13.160036516695737,1384.4723811688846,1383.080540004652,1385.9302208987065,2.8496808940544724,3.25,0.0846309101941598,1
2020-01-17,2020-01-14,2020-01-21,3.2187371452892037,15.847775223366112,1378.1089853390383,1376.027401290834,1380.512740324717,4.485339033883065,3.25,0.0602396696503822,1
2020-01-24,2020-01-21,2020-01-27,4.161771779919189,4.2125215916314795,1192.6452074647675,1191.2693299367093,1194.9384161578491,3.669086221139878,2.75,0.0682626979563317,1
2020-01-24,2020-01-21,2020-01-27,3.394298179912119,13.38126477042802,1338.9608927073189,1337.6525257723406,1340.97617767239,3.323651900049299,3.25,0.0593320287437299,1
2020-01-24,2020-01-21,2020-01-27,2.888782900495079,3.0266912504174757,1191.9190867540683,1191.2693299367093,1192.9515111548826,1.6821812181733549,1.25,0.1246483179272104,1
2020-01-24,2020-01-21,2020-01-27,6.127982425316724,3.747279753263645,1446.8160347569108,1444.313914703671,1451.201440475881,6.887525772210211,2.25,0.0822236913609253,1
2020-01-24,2020-01-21,2020-01-27,2.190745306200771,14.041716822022298,1177.1174331955676,1176.7483474402688,1177.7278397660702,0.9794923258014024,0.75,0.1111377692359105,1
2020-01-30,2020-01-27,2020-02-02,9.037943453205914,11.556693666203214,379.5628891735953,379.0521771190688,380.5415157051757,1.4893385861068964,1.0,0.2242516495325004,1
2020-01-30,2020-01-27,2020-02-02,2.61726443058972,7.7558584015763,642.29409606155,642.0675318245776,642.772437561769,0.7049057371914387,0.75,0.0614131514553612,1
2020-01-30,2020-01-27,2020-02-02,3.392457816825776,21.06824139164666,1345.7798367025257,1345.5711911325343,1346.2893934929743,0.7182023604400456,0.75,0.16539235598687,1
2020-01-30,2020-01-27,2020-02-02,2.863060746212953,19.992128649957703,1346.723927702826,1346.4911627746187,1347.2094893171452,0.7183265425264835,1.0,0.180156888835868,1
2020-01-30,2020-01-27,2020-02-02,5.342190316375114,19.503697543114228,1583.2546418596344,1582.7826085281558,1584.0508400052786,1.268231477122754,1.5,0.1182532662964973,1
2020-01-30,2020-01-27,2020-02-02,3.2304097044318887,18.42572448326184,1349.6699885900528,1349.5657837712206,1350.0476011191497,0.4818173479288816,1.0,0.0529186563668956,1
2020-01-30,2020-01-27,2020-02-02,2.514131241233273,11.928363464868005,1341.946278927218,1340.96742016403,1343.0398990786634,2.0724789146333933,3.5,0.0573243425423891,1
2020-01-30,2020-01-27,2020-02-02,2.1614622587784074,15.904499948219389,1334.8790079259727,1334.68049265258,1335.3971547638066,0.7166621112264693,1.25,0.1460815000138015,1
2020-01-30,2020-01-27,2020-02-02,2.2043986060200105,6.461108043458986,1232.315300429679,1231.941129437182,1233.1012940802611,1.1601646430790424,1.0,0.1273174883383659,1
2020-01-30,2020-01-27,2020-02-02,2.3121851070463704,13.143460891494312,1812.959822931731,1812.8371121580712,1813.5896633374505,0.7525511793792248,1.25,0.1535520657087123,1
2020-01-30,2020-01-27,2020-02-02,2.4901702768313023,7.48755010802918,1949.0930295766177,1947.967952280305,1950.128099930007,2.1601476497016847,1.25,0.1846125586271759,1
2020-01-30,2020-01-27,2020-02-02,2.7116111725435057,9.161726384291152,1948.084984583816,1947.3870130209252,1949.8408156386577,2.4538026177324355,1.5,0.1769202578046285,1
2020-01-30,2020-01-27,2020-02-02,2.4990694433299923,3.125960677675615,2133.272385324415,2132.954353590496,2133.6843035463244,0.7299499558284879,0.75,0.0839789226520272,1
2020-01-30,2020-01-27,2020-02-02,2.739021844165639,9.414249072528303,1857.663942754643,1857.072514771484,1858.391996882856,1.3194821113720536,2.5,0.1105809896254368,1
2020-01-30,2020-01-27,2020-02-02,2.381777190071095,3.838192578219243,48.22479352018211,47.99191419733688,48.73329146113247,0.7413772637955844,1.25,0.085113990107248,1
2020-01-30,2020-01-27,2020-02-02,2.838810195537074,16.53518763353403,660.7511339839323,660.144509290345,661.3597109736875,1.2152016833424568,2.25,0.0742621940045885,1
2020-01-30,2020-01-27,2020-02-02,3.399214829883633,4.753921507073994,319.390051496467,319.1644995743409,319.9019035534002,0.7374039790593088,0.75,0.0169082849508263,1
2020-01-30,2020-01-27,2020-02-02,3.6178506268731434,10.797504142458184,380.48048596325685,380.29620755277574,381.0194895383902,0.7232819856144488,2.25,0.0986205471276053,1
2020-02-03,2020-02-02,2020-02-05,2.925156825370716,3.5053475358439945,317.34895896805415,317.2066848031245,317.94424813147634,0.7375633283518255,0.75,0.0864794120674703,2
2020-02-03,2020-02-02,2020-02-05,2.785301434889262,3.875040081193936,1378.3378172303733,1376.5308134062216,1381.0392993385904,4.508485932368785,2.5,0.0774501865984997,2
2020-02-03,2020-02-02,2020-02-05,3.0228133875707583,3.7632284785208214,304.9724505994827,304.82903604907915,305.3214779281989,0.492441879119724,0.75,0.1425706572724601,2
2020-02-07,2020-02-05,2020-02-10,3.430434769150309,4.09279881561928,886.7989304948807,884.6302019907162,889.0902832290158,4.460081238299608,2.75,0.0643767112539109,2
2020-02-07,2020-02-05,2020-02-10,2.686524734338324,13.036153856514089,1575.810221347608,1575.4491701074876,1576.4615424857475,1.0123723782598972,0.75,0.1474934549145911,2
2020-02-07,2020-02-05,2020-02-10,3.051449434741168,3.7195143396908983,317.1004164212562,316.9605572158471,317.4519929555245,0.4914357396773994,1.0,0.0407266750221344,2
2020-02-11,2020-02-10,2020-02-13,2.998028065122648,18.43012557196951,1349.6150215680032,1349.329274576623,1350.0476011191497,0.7183265425264835,1.25,0.0826787857128993,2
2020-02-11,2020-02-10,2020-02-13,2.595045644686094,19.65940466082018,1349.4479449160865,1349.1084169461392,1350.0476011191497,0.9391841730102896,1.75,0.1554575548988685,2
2020-02-11,2020-02-10,2020-02-13,3.3674503678456684,14.630286209082334,241.5936331692004,240.6133762751706,243.5647768578492,2.951400582678616,3.0,0.0690307363859058,2
2020-02-14,2020-02-13,2020-02-16,2.0508956804608993,5.074319016215231,1365.3876570331574,1364.895364179276,1366.5406043087132,1.6452401294372976,2.75,0.069470258834752,2
2020-02-14,2020-02-13,2020-02-16,2.024298205363972,13.644070421788491,1814.103006929313,1814.0925427800976,1814.587246765848,0.4947039857506752,1.0,0.1097804256573578,2
2020-02-14,2020-02-13,2020-02-16,3.5840360632785333,4.647832188872919,1365.5514395815942,1364.895364179276,1367.034786793403,2.1394226141273975,3.75,0.0757461232651401,2
2020-02-14,2020-02-13,2020-02-16,2.5939565378164766,18.41512282009048,1386.8172413448908,1383.3172756666318,1387.1675080945715,3.8502324279397726,1.5,0.1327730643900465,2
2020-02-17,2020-02-16,2020-02-19,2.051035015491462,4.459722996687529,318.72389246250765,318.42540382035077,319.163759812247,0.7383559918962419,1.0,0.0935196083758429,2
2020-02-22,2020-02-22,2020-02-23,2.228883977924774,4.505826234315598,318.76088299303984,318.42540382035077,319.163759812247,0.7383559918962419,1.0,0.1341825336349378,2
2020-02-22,2020-02-22,2020-02-23,2.7103392497733116,3.4318145100616926,317.26473312954965,316.9605572158471,317.94424813147634,0.9836909156292676,0.75,0.092336677423074,2
2020-02-22,2020-02-22,2020-02-23,6.199290254886375,5.422383874840531,1323.494059688702,1322.8033195924943,1324.397851953283,1.5945323607884347,1.0,0.0762607198328687,2
2020-02-22,2020-02-22,2020-02-23,2.2216688518923102,18.65986763034214,1386.26533924075,1383.3172756666318,1387.1675080945715,3.8502324279397726,1.0,0.1328199555574933,2
2020-02-22,2020-02-22,2020-02-23,3.5510299127001574,17.480324091064446,1327.5082972822547,1327.202377249021,1327.9436132567937,0.7412360077723861,0.75,0.0479178712709544,2
2020-02-22,2020-02-22,2020-02-23,2.286305710238556,4.608715737831121,319.29772364405426,319.1644995743409,319.65585564030334,0.4913560659624636,0.5,0.2416505097455614,2
2020-02-24,2020-02-23,2020-02-25,2.2815166818333275,18.4820429213552,1349.5501188212102,1349.374230614863,1350.0926647270098,0.7184341121464968,1.25,0.0736392301504453,2
2020-02-24,2020-02-23,2020-02-25,2.56534557340465,19.619424115085184,1349.5048676388026,1349.329274576623,1350.2841103142127,0.9548357375897468,1.75,0.0924790104662641,2
2020-02-24,2020-02-23,2020-02-25,3.8064183903526096,11.233501682199746,648.89952208166,648.8912707893178,649.375044148881,0.4837733595632016,2.25,0.2163972839453818,2
2020-02-24,2020-02-23,2020-02-25,2.386081734875334,9.285393497397674,648.8912707893178,648.8912707893178,649.1365789417177,0.2453081523999571,1.5,0.2290711608613031,2
2020-02-24,2020-02-23,2020-02-25,3.3881367137212517,8.469790412262885,649.0323276285818,648.8912707893178,649.375044148881,0.4837733595632016,1.25,0.2202541007447604,2
2020-02-24,2020-02-23,2020-02-25,3.723537964712379,11.401136132119175,1944.8444688679056,1944.1906008282676,1945.594778236933,1.4041774086654186,1.25,0.0856977463949713,2
2020-02-24,2020-02-23,2020-02-25,3.2458138298618446,13.516137106478798,1814.2735501806883,1813.8431468536144,1814.8366425996649,0.99349574605003,1.5,0.1654303280360934,2
2020-02-24,2020-02-23,2020-02-25,2.02840650364629,13.145122378552657,1812.8371121580712,1812.8371121580712,1813.0824203104712,0.2453081523999571,1.0,0.0765599050739962,2
2020-02-24,2020-02-23,2020-02-25,2.320764207733216,19.584638398362937,1583.979787094236,1583.5507943313569,1584.5580222476274,1.0072279162704945,2.5,0.1082604105217644,2
2020-02-24,2020-02-23,2020-02-25,2.292076584523765,5.172962021049027,44.90750855437183,44.76746504101902,45.260807749815285,0.4933427087962627,1.0,0.1812603592181693,2
2020-03-01,2020-02-28,2020-03-04,2.148316194891294,3.3511398213384975,317.335733320435,316.9605572158471,317.94424813147634,0.9836909156292676,0.5,0.089716467122363,3
2020-03-01,2020-02-28,2020-03-04,2.0937547556344955,18.406091932206643,1228.2902713685178,1227.686929518357,1228.9100605212152,1.2231310028582811,1.0,0.029077663276106,3
2020-03-11,2020-03-04,2020-03-19,2.038263046536758,3.2005010852552163,675.6089850566788,673.1259119268507,677.5406359564513,4.41472402960062,1.5,0.0521445646341338,3
2020-03-11,2020-03-04,2020-03-19,2.2506760502973,3.3446121388009646,1192.7010386171369,1191.2693299367093,1195.1826947876252,3.913364850915968,2.0,0.0562141645445386,3
2020-03-11,2020-03-04,2020-03-19,3.1610042395841025,4.242299906934744,914.8175358632386,912.1213175132872,917.8851819345728,5.763864421285689,3.75,0.0701575865551567,3
2020-03-11,2020-03-04,2020-03-19,3.2181138786009944,3.30491564743453,907.8431760324752,905.6260793656112,911.3394186045044,5.713339238893241,2.0,0.0607306122779371,3
2020-03-11,2020-03-04,2020-03-19,2.9839304509123745,3.236191265609523,829.5865251302628,827.2525616525672,832.0599578553811,4.807396202813834,1.75,0.071565769107583,3
2020-03-11,2020-03-04,2020-03-19,2.426704274296462,10.022032458415604,814.5084175775987,812.3963708365336,815.959430642426,3.563059805892408,3.25,0.0568202113170678,3
2020-03-11,2020-03-04,2020-03-19,2.5112214572565428,5.839846053892066,908.9447360711018,907.383092992939,911.830657849554,4.4475648566149175,2.75,0.054492716241396,3
2020-03-11,2020-03-04,2020-03-19,4.354375721084167,11.127532085329223,916.590499855052,914.2863735170104,918.621589126531,4.335215609520674,3.5,0.0654825503200683,3
2020-03-11,2020-03-04,2020-03-19,7.294463165823669,13.578340865175734,1340.7128337059855,1337.8890887922607,1343.5129894735292,5.623900681268424,3.25,0.082422887438166,3
2020-03-11,2020-03-04,2020-03-19,4.462292419412413,7.192337664004718,1533.524679924426,1532.3622286552563,1535.540268545505,3.1780398902483284,3.25,0.0648926091356097,3
2020-03-11,2020-03-04,2020-03-19,7.517043456576731,3.3987360025536444,813.5481077982646,809.2806084244512,817.9534753467888,8.672866922337562,2.75,0.1001439325201666,3
2020-03-11,2020-03-04,2020-03-19,3.5664315237215503,3.362342848919415,2046.427365117829,2041.683763331268,2050.336679410655,8.652916079387069,1.75,0.0693283571259678,3
2020-03-11,2020-03-04,2020-03-19,3.6867427230849943,12.828335858114295,1341.4258161696778,1339.521988910623,1343.7495346716605,4.227545761037618,2.0,0.0662184141272643,3
2020-03-11,2020-03-04,2020-03-19,3.435470761537966,3.4885206964225977,1532.746392272583,1529.6567209321074,1535.540268545505,5.883547613397241,2.75,0.0656939114897056,3
2020-03-11,2020-03-04,2020-03-19,4.225282919154071,4.592577383080973,1339.4174076021443,1336.78325028345,1342.3989850971848,5.615734813734889,4.25,0.0779747842758427,3
2020-03-26,2020-03-19,2020-04-02,2.840829204285402,3.2905776469216272,953.0242312655888,950.1511985408142,955.898072547745,5.746874006930739,2.75,0.0668237663782925,3
2020-03-26,2020-03-19,2020-04-02,2.4734941059770774,3.2904581397276975,1176.3734925248457,1176.2207990125753,1176.7138200816698,0.4930210690945387,1.0,0.0795482556347554,3
2020-03-26,2020-03-19,2020-04-02,2.11853737969293,15.568193674287704,947.5416886225456,944.758052000776,948.939144251868,4.1810922510921955,1.25,0.0513820385120519,3
2020-03-26,2020-03-19,2020-04-02,2.8552314298939176,15.859763681291495,659.7427792092969,659.4298200067133,660.6268439013511,1.197023894637823,2.0,0.172834278152929,3
2020-03-26,2020-03-19,2020-04-02,3.195330025368314,5.062797151111105,44.81032495239635,44.28670475911349,45.260807749815285,0.9741029907017946,1.25,0.1767295933757212,3
2020-03-26,2020-03-19,2020-04-02,5.756451392388637,4.655868433988368,304.07100619197394,303.25185445323586,305.3214779281989,2.06962347496301,2.25,0.0870361185704177,3
2020-03-26,2020-03-19,2020-04-02,4.442873458106203,10.801891046784217,380.40068615500087,379.8088742522523,381.0194895383902,1.2106152861379087,2.5,0.1746825826359182,3
2020-03-26,2020-03-19,2020-04-02,2.8460725433888756,8.547085833255041,649.0252138134974,648.6528055821545,649.375044148881,0.7222385667264462,1.0,0.2089681702179519,3
2020-03-26,2020-03-19,2020-04-02,2.856049225946981,9.300066135861956,648.8912707893178,648.8912707893178,649.1365789417177,0.2453081523999571,1.25,0.1381988710569682,3
2020-03-26,2020-03-19,2020-04-02,4.225396742136784,10.823935139647784,648.8912707893178,648.8912707893178,649.1365789417177,0.2453081523999571,1.75,0.1401531229672475,3
2020-03-26,2020-03-19,2020-04-02,2.0106704789196206,8.718345715840732,1873.42355290666,1873.2318940055557,1874.0849595111797,0.8530655056238174,1.25,0.1521306360724985,3
2020-03-26,2020-03-19,2020-04-02,2.0260779160096334,16.65455726214666,1825.8669984162016,1825.7827191175893,1826.2751413541848,0.4924222365953028,1.0,0.1565326595609183,3
2020-03-26,2020-03-19,2020-04-02,3.0305878775177324,13.51512856520484,1814.179252764818,1814.0925427800976,1814.8366425996649,0.7440998195670545,1.5,0.1933664977054063,3
2020-03-26,2020-03-19,2020-04-02,7.069160506522308,9.39022717234822,2017.8552123319512,2014.625336874742,2021.6758316121995,7.050494737457484,3.0,0.117223137384702,3
2020-03-26,2020-03-19,2020-04-02,3.856587587140687,17.046372468418845,1648.153509590828,1647.2091285274364,1649.190775604453,1.9816470770165324,3.75,0.0631642667927256,3
2020-03-26,2020-03-19,2020-04-02,2.2820508403351787,19.00297135241918,1582.7388572231764,1582.5278806397691,1583.2826445698738,0.7547639301046729,0.75,0.1567458703509741,3
2020-03-26,2020-03-19,2020-04-02,17.667925650387122,9.421461579800935,1262.3786179685528,1258.5611184439622,1266.3729274165817,7.811808972619474,4.75,0.1341498984351433,3
2020-03-26,2020-03-19,2020-04-02,16.340209503395194,16.03380815208814,947.7215755806408,942.8063788358122,954.2241525910796,11.417773755267262,4.75,0.1317722223533357,3
2020-03-26,2020-03-19,2020-04-02,2.880433469565918,11.05951883404186,2110.967465711275,2110.0860279281624,2111.823575788643,1.737547860480845,1.5,0.0409700499775917,3
2020-03-26,2020-03-19,2020-04-02,3.359023542194425,4.427864764148162,2019.129520594461,2017.525807780679,2020.9040943174623,3.37828653678298,2.0,0.0704392040576851,3
2020-03-26,2020-03-19,2020-04-02,3.149406499427899,8.484917506405015,2017.3077215064827,2014.889274305664,2018.294507156592,3.4052328509278595,2.25,0.075325842717248,3
2020-03-26,2020-03-19,2020-04-02,2.2708003951957356,9.24355428851682,1947.595888606304,1947.3870130209252,1947.9227908030152,0.5357777820900083,0.75,0.2263459169773823,3
2020-03-26,2020-03-19,2020-04-02,2.1378427633245782,19.08708979506714,1345.8915536104537,1345.5711911325343,1346.6081866282038,1.0369954956695435,2.75,0.1470676328161962,3
2020-03-26,2020-03-19,2020-04-02,12.59641908160179,3.487958423345798,1262.296658087688,1257.85608492326,1267.8209508159198,9.964865892659873,3.0,0.1080116402308572,3
2020-03-26,2020-03-19,2020-04-02,2.1497138380895926,18.52951984807128,1349.4768396707605,1349.329274576623,1349.8110919236206,0.481817346997559,0.75,0.2116539506591104,3
2020-03-26,2020-03-19,2020-04-02,2.6382356405572778,16.933559861640155,1647.970898500957,1646.956957936287,1649.4245512122288,2.4675932759419084,2.5,0.0542500102198055,3
2020-03-26,2020-03-19,2020-04-02,2.473226597436885,19.710420495329274,1583.8539172122964,1583.2960568103008,1584.305577528197,1.009520717896521,2.25,0.1472687662428872,3
2020-03-26,2020-03-19,2020-04-02,2.864235772262949,19.706453625566304,1383.989695542431,1383.8252206700854,1384.3274170402435,0.5021963701583445,1.25,0.1452106139160576,3
2020-04-05,2020-04-02,2020-04-08,19.88745694836646,19.420832408992947,1369.1178585526336,1367.947822694667,1370.5768014858477,2.628978791180998,5.5,0.0960212090256876,4
2020-04-05,2020-04-02,2020-04-08,6.121517144979111,16.43246230448962,1368.9042633702604,1367.947822694667,1370.5768014858477,2.628978791180998,2.0,0.0463346071588775,4
2020-04-05,2020-04-02,2020-04-08,6.125846097944512,6.893476748569786,1369.4967547745964,1368.0949455657974,1371.2075191717597,3.1125736059620976,2.0,0.0870123951780939,4
2020-04-05,2020-04-02,2020-04-08,5.6183195983129846,3.3855767568247277,1368.4487631367524,1367.5079959807915,1370.0998465553855,2.591850574593991,1.75,0.0480134703278795,4
2020-04-05,2020-04-02,2020-04-08,13.185757199253542,17.66381596033696,1369.1155605698823,1367.947822694667,1370.5768014858477,2.628978791180998,3.25,0.0841503598014857,4
2020-04-05,2020-04-02,2020-04-08,3.7402896904775433,6.53245357492872,1369.48079448912,1368.0949455657974,1370.5768014858477,2.481855920050293,1.5,0.0746631887870106,4
2020-04-05,2020-04-02,2020-04-08,3.1413558538283612,3.03781500292759,1366.8697400551605,1365.7968853479251,1369.6355913705193,3.838706022594124,1.75,0.1830833100109956,4
2020-04-12,2020-04-08,2020-04-16,2.59243035314632,8.56282226686672,1450.8601033179336,1449.1284452038817,1452.375590138137,3.2471449342556298,2.5,0.0622466284318352,4
2020-04-12,2020-04-08,2020-04-16,5.792411237103023,20.983691524898017,1382.4773391085787,1381.29091179464,1384.0705288224854,2.7796170278452337,3.25,0.0860736652958308,4
2020-04-12,2020-04-08,2020-04-16,12.690416811381748,11.963987898209682,1457.5291758481787,1452.662447037641,1461.6363045475446,8.97385750990361,5.75,0.1264837408640442,4
2020-04-12,2020-04-08,2020-04-16,14.999538203585756,7.138943670043639,1556.8732628131763,1555.0669715618717,1561.5497102811933,6.482738719321787,7.75,0.1244991639518052,4
2020-04-12,2020-04-08,2020-04-16,2.663819686349603,3.4569660294047604,1503.690034055207,1500.749143482186,1506.9661927372215,6.217049255035818,1.25,0.0524159361168342,4
2020-04-12,2020-04-08,2020-04-16,3.24221442334168,6.199707120339713,1099.37943794421,1097.6875572265126,1101.6173012568615,3.9297440303489566,3.0,0.0714488847943403,4
2020-04-12,2020-04-08,2020-04-16,10.11232582362989,7.3787377206903235,1246.516565310212,1244.3569657416083,1249.240273119416,4.883307377807796,5.5,0.1066213251578883,4
2020-04-12,2020-04-08,2020-04-16,4.424049123761412,13.856919266845065,1346.6841656732786,1345.5711911325343,1348.182700965088,2.6115098325535655,2.25,0.0656828795639686,4
2020-04-12,2020-04-08,2020-04-16,6.173747236882537,7.4170966001486756,1251.4975925353467,1249.6818184396252,1253.5860372143798,3.904218774754554,4.25,0.0961796768999589,4
2020-04-12,2020-04-08,2020-04-16,6.369224533763615,9.379386067026656,2047.6327133894647,2044.4757801862431,2050.5910421563312,6.115261970087886,4.25,0.0956231312335697,4
2020-04-12,2020-04-08,2020-04-16,2.0526785187855037,6.089935315685031,2072.413353111593,2070.4665064825676,2074.2274317536503,3.7609252710826695,3.0,0.0563146800826156,4
2020-04-12,2020-04-08,2020-04-16,9.901808622598134,10.789523113543352,2067.937542587155,2066.0665933713317,2071.2142546731047,5.1476613017730415,5.0,0.0969867766809,4
2020-04-12,2020-04-08,2020-04-16,2.8104381612656852,16.527307667423173,1752.230037840117,1751.253830299247,1753.7561488891952,2.5023185899481177,2.5,0.0611207505926856,4
2020-04-12,2020-04-08,2020-04-16,3.182318022386487,12.998565501195523,1735.6084262773402,1734.733368707355,1736.481945944019,1.74857723666355,2.25,0.0431882237136291,4
2020-04-12,2020-04-08,2020-04-16,2.281832945368809,16.956268100964383,1739.3746352729977,1737.5816570958125,1741.2928516031243,3.7111945073120296,2.25,0.057820146820451,4
2020-04-12,2020-04-08,2020-04-16,2.0491657060431363,7.256854089066354,1916.2060100118272,1914.6519452179784,1918.0924320542256,3.440486836247146,2.75,0.0591628762044721,4
2020-04-12,2020-04-08,2020-04-16,7.524108760655116,9.657628058748791,1848.732650803539,1846.6546646147035,1851.8204421103,5.165777495596558,4.25,0.094269545381875,4
2020-04-12,2020-04-08,2020-04-16,5.237509171249984,7.784188142147853,937.630019590355,935.7308184755966,939.3882007496431,3.65738227404654,3.25,0.083606183928567,4
2020-04-12,2020-04-08,2020-04-16,33.207301362205925,10.30732176829937,655.1297902232479,651.0334579651244,661.1752977245487,10.141839759424329,8.75,0.180888358880726,4
2020-04-12,2020-04-08,2020-04-16,2.1091251511934956,3.728306084304699,653.7953530942766,653.1583885983564,654.5859215934761,1.427532995119691,0.75,0.0333628828695622,4
2020-04-12,2020-04-08,2020-04-16,3.8774155984742817,11.646553411864652,688.7255352231716,686.5279629444703,691.5838957130909,5.055932768620551,3.25,0.0753583170804845,4
2020-04-12,2020-04-08,2020-04-16,3.911224213346196,7.95282789950895,685.4608870507489,683.2987574203871,688.395857101772,5.0970996813848615,2.25,0.0766430721960533,4
2020-04-12,2020-04-08,2020-04-16,4.370096661992947,12.842072424226648,673.3896473514085,672.4163020388223,674.9758263514377,2.5595243126153946,4.25,0.0795698881518236,4
2020-04-12,2020-04-08,2020-04-16,3.4079485360335293,5.29746965732388,665.0385893094036,662.7033566995524,667.2126752077602,4.509318508207798,3.0,0.0707069749947093,4
2020-04-12,2020-04-08,2020-04-16,5.02623985542297,8.651588747159748,676.4318659040312,674.2574486285448,680.3222154220566,6.064766793511808,3.0,0.0904209897329821,4
2020-04-12,2020-04-08,2020-04-16,10.310825010313346,7.547156195390367,548.4245296254119,542.7000117967837,552.4257616032846,9.725749806500971,3.75,0.1110593687245761,4
2020-04-12,2020-04-08,2020-04-16,4.100967125529735,11.062928072064349,218.74029025757144,217.25174008356407,220.20658478699625,2.9548447034321725,5.75,0.0859895989511987,4
2020-04-12,2020-04-08,2020-04-16,3.160216187144518,7.7156166798753345,212.46846535101045,209.56116277724504,215.15183156682176,5.590668789576739,2.0,0.0701270934058863,4
2020-04-12,2020-04-08,2020-04-16,2.194693418259573,7.059990490047173,81.74290644397695,80.54391248244792,84.14642196102068,3.602509478572756,2.25,0.0540054107132806,4
2020-04-12,2020-04-08,2020-04-16,2.503993207237926,10.032043648021329,57.79784323857358,56.90031644422561,59.35474034305662,2.45442389883101,3.75,0.0617758817584543,4
2020-04-12,2020-04-08,2020-04-16,2.335648586515273,10.401434223577413,55.21380084615176,54.26031269552186,56.396929127164185,2.1366164316423237,4.25,0.0617191722502091,4
2020-04-12,2020-04-08,2020-04-16,16.201992280755466,8.837445698273388,30.887855017528754,25.95583931263536,37.17309830896557,11.217258996330202,4.75,0.1368541312159705,4
2020-04-12,2020-04-08,2020-04-16,6.0976617244097095,6.58571469620266,22.68046306343666,19.99188126437366,25.688367190305144,5.6964859259314835,3.5,0.0921024920836879,4
2020-04-12,2020-04-08,2020-04-16,5.40318048505482,8.046665939196188,174.77587348784058,172.35095299733803,177.46913757547736,5.118184578139335,3.5,0.0920136225745699,4
2020-04-12,2020-04-08,2020-04-16,3.594617430432305,7.6772575516162895,233.45681958407732,231.4924856671132,235.7674477030523,4.274962035939097,2.25,0.0668342792405919,4
2020-04-12,2020-04-08,2020-04-16,9.26422838767652,9.286399804486493,502.2742844773492,497.8277077553794,509.36968018487096,11.54197242949158,4.75,0.1265010819693114,4
2020-04-12,2020-04-08,2020-04-16,4.001783029464697,11.327961971496858,379.2759600274986,379.0521771190688,379.81051575532183,0.7583386362530291,0.75,0.2259354182165254,4
2020-04-12,2020-04-08,2020-04-16,8.00052282731776,8.517852435356385,930.5144603338268,928.3856227770448,932.811333143618,4.425710366573185,5.5,0.1002619865538321,4
2020-04-12,2020-04-08,2020-04-16,21.629117233239008,9.258735067582291,904.5126046395987,897.6889904793352,912.07627747301,14.387286993674934,6.0,0.1618919383787964,4
2020-04-12,2020-04-08,2020-04-16,13.342451277240189,8.297795182774708,891.181639404775,887.8800996555947,894.3990744859912,6.518974830396473,6.0,0.1375576156997144,4
2020-04-12,2020-04-08,2020-04-16,2.994580749656971,7.616348082881856,883.9631132642718,883.1263717804104,885.6495499382727,2.523178157862276,2.25,0.1687085280068561,4
2020-04-12,2020-04-08,2020-04-16,4.090739615385799,6.269896695966795,870.012471710958,868.421242645476,872.0851211766712,3.6638785311952233,2.5,0.1618113446416693,4
2020-04-12,2020-04-08,2020-04-16,3.3300725193563343,8.059823664848295,831.1842740411213,830.2664784593508,832.6625798447058,2.3961013853549957,2.75,0.068277114760542,4
2020-04-12,2020-04-08,2020-04-16,4.728625994881608,10.501686853901983,949.418482112978,947.44979494391,951.5900055435486,4.140210599638522,3.0,0.0806386032160641,4
2020-04-12,2020-04-08,2020-04-16,73.95339072490657,16.715000908208058,1083.7337509744607,1073.9865387449972,1091.980639086105,17.994100341107696,4.25,0.1520369999526578,4
2020-04-12,2020-04-08,2020-04-16,21.05236317849722,14.737396206026231,1073.6361075904208,1070.86382533703,1078.6682496261783,7.804424289148301,6.5,0.136260308021859,4
2020-04-12,2020-04-08,2020-04-16,3.4010271665135647,17.203028773240753,1050.219121903819,1048.947027365677,1052.3386791939847,3.3916518283076584,1.5,0.0507348870327922,4
2020-04-12,2020-04-08,2020-04-16,7.23475283110207,8.806881255905367,983.2728772203582,980.409913661424,987.520599053707,7.110685392282903,5.0,0.0967406163286861,4
2020-04-12,2020-04-08,2020-04-16,32.71471443569074,10.70912746682783,960.4960691669198,951.5880230274053,967.390044579748,15.80202155234292,9.0,0.1859185514791702,4
2020-04-12,2020-04-08,2020-04-16,9.799898601016592,12.05099721549212,816.5124224141324,814.6292993412353,818.6629465608858,4.033647219650447,6.5,0.1127418580268886,4
2020-04-12,2020-04-08,2020-04-16,9.453335461129038,6.7738136900744506,740.0318796066413,734.9545340430923,744.6423092214391,9.687775178346785,4.0,0.1206909709682496,4
2020-04-12,2020-04-08,2020-04-16,3.2837481598948974,6.440952319650877,771.0334399569774,768.0933868000284,773.7320782896131,5.638691489584744,2.25,0.0784946518962262,4
2020-04-12,2020-04-08,2020-04-16,17.32794437353661,13.473998965343576,807.8433675374201,805.5640561338514,809.9999058083631,4.435849674511701,7.75,0.1500014086084818,4
2020-04-12,2020-04-08,2020-04-16,22.120517788202147,8.153600610076632,797.5127295026624,791.2698001964018,803.2137852255255,11.943985029123724,7.25,0.1590029775002072,4
2020-04-12,2020-04-08,2020-04-16,8.25659111518755,10.505073630183077,779.7279652820619,778.0393524188548,782.5078928791918,4.468540460336953,4.0,0.1023198245182981,4
2020-04-12,2020-04-08,2020-04-16,38.5548430145986,3.773434478496747,772.5158171071723,757.9633766505867,783.9504532245919,25.987076574005187,3.75,0.2154794335726647,4
2020-04-12,2020-04-08,2020-04-16,5.88388204760511,18.56503850521958,1382.389562444726,1381.0341126252897,1384.0705288224854,3.036416197195649,4.25,0.0765199518108068,4
2020-04-12,2020-04-08,2020-04-16,8.070751975614266,3.380926070532972,1556.8601229485118,1554.0101626301184,1561.289898159448,7.279735529329628,2.75,0.0939512132795777,4
2020-04-12,2020-04-08,2020-04-16,6.121199593575828,5.268653777247664,1457.5329329117817,1453.51371524157,1461.353913789615,7.840198548045009,6.0,0.1038422448915107,4
2020-04-12,2020-04-08,2020-04-16,5.070088932972616,21.60205930464898,1378.8400627090214,1376.027401290834,1380.512740324717,4.485339033883065,3.75,0.0818054212700097,4
2020-04-12,2020-04-08,2020-04-16,2.7909307663705367,4.546027424435403,1379.242954191356,1378.4448927594349,1381.0392993385904,2.594406579155475,2.5,0.1262690386804494,4
2020-04-12,2020-04-08,2020-04-16,11.63928529958558,3.690687511777464,1245.8926666207185,1240.782175549306,1250.9902988686226,10.208123319316655,2.5,0.1173003754863664,4
2020-04-12,2020-04-08,2020-04-16,4.502191422438037,4.469090450538415,1367.9208411118905,1367.5079959807915,1368.6700851214118,1.1620891406200826,1.0,0.2365943639752375,4
2020-04-12,2020-04-08,2020-04-16,2.4470777909506967,12.89019886996934,1346.7573286127647,1345.5711911325343,1347.946128836833,2.3749377042986453,2.0,0.0527154576525832,4
2020-04-12,2020-04-08,2020-04-16,2.0723958361320696,3.5590223546735813,1252.1509326080393,1251.211082897149,1253.5860372143798,2.3749543172307312,1.75,0.0506385166914633,4
2020-04-12,2020-04-08,2020-04-16,2.079876446912468,3.342096295951202,1995.851213724388,1993.628101457376,1998.4290952668523,4.800993809476495,1.75,0.0602944637414352,4
2020-04-12,2020-04-08,2020-04-16,2.2387950405521138,3.740698508786539,1917.650417808636,1915.2481684656816,1920.1761347940192,4.927966328337789,2.25,0.0626767931172995,4
2020-04-12,2020-04-08,2020-04-16,6.433784365350007,3.4134963644734837,2098.738922845191,2090.8544784802943,2107.1329436590895,16.27846517879516,2.5,0.1014604528559656,4
2020-04-12,2020-04-08,2020-04-16,17.96515039087174,3.661725793845492,2060.407185830285,2044.2337078391577,2074.483429408632,30.249721569474787,3.75,0.1454088815277128,4
2020-04-12,2020-04-08,2020-04-16,2.2534305542135615,3.4976916265016844,1145.4037634240933,1143.6935114869848,1147.8303189543076,4.136807467322797,2.5,0.0575074951729567,4
2020-04-12,2020-04-08,2020-04-16,2.9662588195757102,13.950082988958792,1736.1875203557192,1735.228408101946,1737.8269652482122,2.598557146266103,1.0,0.037260310899868,4
2020-04-12,2020-04-08,2020-04-16,7.6743108810425715,4.783919418609347,1683.9456363530749,1677.953429876361,1687.3291823049076,9.375752428546548,4.25,0.1284344397485394,4
2020-04-12,2020-04-08,2020-04-16,4.425968905362094,4.111099237516382,1661.12476173036,1654.8824968803674,1666.7211507484317,11.838653868064284,2.5,0.0892324879866998,4
2020-04-12,2020-04-08,2020-04-16,2.6895785142005133,3.214865746274909,1849.0450730559849,1846.6546646147035,1851.8204421103,5.165777495596558,1.75,0.0701783052281446,4
2020-04-12,2020-04-08,2020-04-16,2.2896433729601102,4.309575908637299,1843.7637679803804,1842.3683634744957,1845.7896155552007,3.421252080705017,2.0,0.0714053638838616,4
2020-04-12,2020-04-08,2020-04-16,10.757358888183644,4.25658523779112,233.22153031912936,229.49738524015993,237.7507817251608,8.253396485000849,3.25,0.1166927569020191,4
2020-04-12,2020-04-08,2020-04-16,2.581527877621056,3.934005894696472,228.58982258434216,227.5224496233277,229.50967763131484,1.9872280079871416,2.5,0.0501369954048352,4
2020-04-12,2020-04-08,2020-04-16,3.0467081800986193,3.353580026436961,576.6138363932122,573.3248790069483,579.9638669588603,6.638987951911986,2.25,0.0672395215702991,4
2020-04-12,2020-04-08,2020-04-16,9.700875549753604,3.5184146924804067,547.6468937331481,541.4064996428788,554.2575178463012,12.851018203422427,2.75,0.1036349923648583,4
2020-04-12,2020-04-08,2020-04-16,50.05752411530056,3.7862594043725646,963.5410960264423,954.1706333123147,974.1587794292718,19.98814611695707,4.5,0.1930911747609028,4
2020-04-12,2020-04-08,2020-04-16,4.040465365381456,3.2438798111800127,829.2783188972226,825.8573588854633,832.9020225401036,7.044663654640317,1.75,0.0883604687222964,4
2020-04-12,2020-04-08,2020-04-16,17.690725387322672,4.332011519456403,809.5990770541973,804.5778677859344,818.9003304424696,14.322462656535208,6.5,0.1709870995258466,4
2020-04-12,2020-04-08,2020-04-16,18.251699811180217,3.8499137867508826,796.9695502210485,790.3231913950294,803.6563373827375,13.333145987708122,3.5,0.1557774295699733,4
2020-04-12,2020-04-08,2020-04-16,38.51000283078623,4.604103200081081,657.2908795920662,651.5095655084588,667.2126752077602,15.703109699301422,7.75,0.2071390783929063,4
2020-04-12,2020-04-08,2020-04-16,12.943207414373246,3.627276737503891,504.6651456848506,496.552967031952,512.6807353934273,16.12776836147532,3.0,0.1145637341390765,4
2020-04-12,2020-04-08,2020-04-16,11.315606282638,3.817666045467625,214.96661480058216,206.34365907264873,224.05957047827545,17.715911405626684,2.5,0.1390774042019758,4
2020-04-12,2020-04-08,2020-04-16,6.648364237347737,3.61401971083967,174.9419699254135,171.35212682699785,179.1866754987277,7.834548671729863,2.75,0.0914285869051342,4
2020-04-12,2020-04-08,2020-04-16,3.185337704415492,3.5850507752330874,82.02105721329357,78.32717958232388,85.3631883636117,7.036008781287819,2.75,0.0762009690515244,4
2020-04-12,2020-04-08,2020-04-16,7.008003957588237,3.3076364182569193,983.092435627226,977.5360066164284,988.995093583595,11.459086967166511,3.0,0.0897772121660667,4
2020-04-12,2020-04-08,2020-04-16,25.413033384117895,3.8306335503541353,28.812889754086825,18.35503719933331,38.15862116403878,19.803583964705467,4.0,0.1596740753497463,4
2020-04-12,2020-04-08,2020-04-16,12.831197074924788,4.031475048903511,1450.1550542721295,1445.1574660125189,1456.8752319440246,11.71776593150571,4.0,0.1311015485274498,4
2020-04-12,2020-04-08,2020-04-16,89.79812902985772,5.631250209236779,1083.1434147600378,1070.86382533703,1107.2500054487027,36.38618011167273,9.5,0.2897373507869576,4
2020-04-12,2020-04-08,2020-04-16,10.928453229313586,3.8762409252528434,651.6709216617273,648.8912707893178,655.3259234135039,6.434652624186128,3.5,0.1126610742101928,4
2020-04-12,2020-04-08,2020-04-16,2.8746584250421185,7.276608110270883,937.3411236740668,935.2049184874631,939.1439722431824,3.9390537557192142,1.75,0.0678040286463156,4
2020-04-12,2020-04-08,2020-04-16,4.077972736575257,3.754248079994453,936.5321406736792,932.566024991218,939.1439722431824,6.5779472519643605,2.75,0.0756154728046722,4
2020-04-12,2020-04-08,2020-04-16,4.802034336833219,3.2995490157827874,928.8446659962476,924.8986855251716,932.5664529553616,7.667767430189997,3.0,0.0926501844286275,4
2020-04-12,2020-04-08,2020-04-16,34.322971854395526,3.613166708874788,895.7831001810051,878.9368933113292,910.3038409454748,31.366947634145617,4.0,0.2142038973161776,4
2020-04-12,2020-04-08,2020-04-16,3.8850325392603766,4.301037792387821,869.9437915888649,868.421242645476,872.3302836525254,3.9090410070493817,3.5,0.1004562259407815,4
2020-04-12,2020-04-08,2020-04-16,2.442114900392456,17.467003682060835,1050.0282512382798,1045.9456974365748,1052.3386791939847,6.392981757409871,2.0,0.0541497213150604,4
2020-04-12,2020-04-08,2020-04-16,2.209707013110907,16.151707476757164,1091.4017935996987,1090.7291639796458,1091.980639086105,1.251475106459111,1.5,0.0303771111767974,4
2020-04-12,2020-04-08,2020-04-16,3.3026725799658685,17.729297055249013,1088.670846422335,1086.7891608537177,1091.4938002284616,4.704639374744147,1.0,0.040328249969266,4
2020-04-12,2020-04-08,2020-04-16,2.696848527932077,16.303658430371705,1086.8048585358836,1086.0611796551384,1088.0262725935318,1.9650929383933544,1.0,0.0264434364348919,4
2020-04-12,2020-04-08,2020-04-16,5.644126874523992,11.044379703232051,1088.9751445528984,1084.8202666058205,1092.4654686157592,7.645202009938657,4.25,0.0915120391465444,4
2020-04-12,2020-04-08,2020-04-16,6.08380285635876,17.63997347045874,1082.2351961332863,1080.105268263258,1084.8228600863367,4.717591823078692,1.0,0.0397102391500379,4
2020-04-12,2020-04-08,2020-04-16,2.8553997726135023,16.238728143623064,1081.5693180570809,1080.3554987595417,1083.6573058962822,3.3018071367405355,0.75,0.0243923408120501,4
2020-04-12,2020-04-08,2020-04-16,10.509493091659728,3.546765290571718,739.611727563117,732.0983207449317,745.5830654548481,13.484744709916413,2.5,0.121065522758365,4
2020-04-12,2020-04-08,2020-04-16,6.076822428901105,3.65838000586484,718.2450658301341,712.8083314741962,724.5354420980439,11.727110623847691,3.5,0.1026359633948028,4
2020-04-12,2020-04-08,2020-04-16,5.387322232907735,3.4698375506706114,690.3791340845216,685.103490173351,694.2862170785666,9.182726905215532,2.75,0.0925728659086841,4
2020-04-12,2020-04-08,2020-04-16,9.6490939424798,3.3524805458565523,676.845198061933,670.8085545659997,685.348798325751,14.54024375975132,2.25,0.1255460491086563,4
2020-04-12,2020-04-08,2020-04-16,3.0507528209153896,3.2841559977084223,707.797965791303,703.4316673018038,713.2933846390806,9.861717337276788,1.75,0.071886477204489,4
2020-04-12,2020-04-08,2020-04-16,2.8743939828538316,7.5477938840531635,828.6571698559482,827.2525616525672,830.6226101065986,3.370048454031348,2.25,0.06591887797001,4
2020-04-19,2020-04-16,2020-04-23,2.4184600805646808,16.542790572606954,1628.7939270726552,1627.728229530621,1629.9600491505116,2.2318196198903024,3.5,0.0601399327074617,4
2020-04-19,2020-04-16,2020-04-23,3.786774052181383,9.785444657029815,657.936028762188,656.417291927617,660.2230693954043,3.8057774677872658,2.5,0.079926747920545,4
2020-04-19,2020-04-16,2020-04-23,5.712200009469056,8.734378176558483,648.9341151602546,648.6528055821545,649.375044148881,0.7222385667264462,2.5,0.3366660077732786,4
2020-04-19,2020-04-16,2020-04-23,2.793896112643785,10.52963337623166,648.8912707893178,648.8912707893178,649.1365789417177,0.2453081523999571,1.25,0.2353637303614785,4
2020-05-07,2020-04-23,2020-05-22,2.6578839649859813,3.183217206432385,982.3488775019777,979.422664169222,987.2797688893044,7.857104720082134,1.25,0.0587012825933992,5
2020-05-07,2020-04-23,2020-05-22,8.344017959470284,3.3312923676754407,963.7358416905488,955.652764395345,970.2971118367276,14.644347441382706,2.75,0.1043545312614043,5
2020-05-07,2020-04-23,2020-05-22,2.6671671613972534,3.5840645574354255,652.4226989762992,649.8393274988048,655.087869642768,5.248542143963277,2.5,0.0746000823702035,5
2020-05-25,2020-05-22,2020-05-29,3.8214533270132023,4.053394893817794,1361.4204327602974,1360.6934449542314,1362.366859100759,1.673414146527648,1.0,0.0312777246224725,5
2020-05-25,2020-05-22,2020-05-29,5.449702133597824,5.362140705193706,1361.5950233926053,1360.7885499270633,1362.6036337437108,1.8150838166475296,1.5,0.0911165639823671,5
2020-05-25,2020-05-22,2020-05-29,3.35113320547248,5.867924406587042,1358.9351534445814,1357.863267100416,1360.4027730501257,2.5395059497095644,1.0,0.0294024635668035,5
2020-05-25,2020-05-22,2020-05-29,4.051947933360107,4.556315540141196,1358.874772268957,1357.863267100416,1360.4027730501257,2.5395059497095644,1.25,0.0323089135934009,5
2020-05-25,2020-05-22,2020-05-29,6.58412477820838,9.16191260727371,1359.3305113029012,1358.728175351862,1360.4027730501257,1.674597698263824,1.5,0.0654072130140909,5
2020-05-25,2020-05-22,2020-05-29,2.9285782608263147,5.131902379429679,1359.6221131166124,1359.447606555652,1360.166153602302,0.7185470466502011,1.5,0.0251043149072997,5
2020-05-25,2020-05-22,2020-05-29,4.843833312826219,6.613726448448508,1359.172379768385,1358.728175351862,1360.166153602302,1.43797825044021,1.5,0.0527749269699508,5
2020-05-25,2020-05-22,2020-05-29,2.3267913677106447,5.677295377445494,1358.9488713752346,1358.4916680445897,1359.446498118341,0.9548300737515092,1.0,0.0259550068785578,5
2020-05-25,2020-05-22,2020-05-29,2.702420702613842,9.22343797549706,1357.6921767182216,1357.3153694141656,1358.27194294706,0.9565735328942536,1.25,0.0385469448788658,5
2020-05-25,2020-05-22,2020-05-29,3.1208955594152146,5.379836641783286,1358.447326415767,1358.02663479466,1359.2099908110686,1.183356016408652,1.25,0.0263041263879193,5
2020-05-25,2020-05-22,2020-05-29,4.728152488820439,4.270337415980905,1354.449050433806,1352.326213343069,1356.0892773922533,3.7630640491843224,3.0,0.0930004279662078,5
2020-05-25,2020-05-22,2020-05-29,3.2500545945464583,4.185040897842947,1358.8596940644527,1358.5731776803732,1359.5210617249832,0.947884044609964,1.25,0.031893121847631,5
2020-06-04,2020-05-29,2020-06-10,8.176634578742812,3.340257076852333,1264.125228537591,1260.609967825003,1267.8209508159198,7.210982990916818,2.0,0.0806800844265557,6
2020-06-04,2020-05-29,2020-06-10,2.46187680249572,3.4564577725522914,1556.4381643131785,1555.0669715618717,1558.1781273423694,3.1111557804979384,2.0,0.067768739643312,6
2020-06-04,2020-05-29,2020-06-10,2.1450168615685525,3.317504663319924,1078.312580520575,1073.9865387449972,1081.327590433415,7.341051688417792,1.0,0.049825414782603,6
2020-06-04,2020-05-29,2020-06-10,3.704531734372582,3.6149234265358374,1450.6520626140589,1447.1442649937237,1454.325844975654,7.181579981930554,2.25,0.0836769227711325,6
2020-06-04,2020-05-29,2020-06-10,2.535577429110915,10.568037374610537,1948.950985810042,1947.6774826506153,1949.8408156386577,2.1633329880423844,1.0,0.156775902922828,6
2020-06-04,2020-05-29,2020-06-10,3.6314682956832463,11.472077673149276,1945.2201750686,1944.481174521148,1946.1555847120471,1.674410190898925,1.5,0.2296426423953402,6
2020-06-04,2020-05-29,2020-06-10,3.4993884377084137,3.5230597408886397,982.0882609866436,977.7775223110802,984.2746274773964,6.497105166316032,2.0,0.0642110203560291,6
2020-06-04,2020-05-29,2020-06-10,2.6170681840678,3.93250118280535,317.32708576962506,317.2066848031245,317.6981205432676,0.4914357401430607,0.75,0.0311731187182922,6
2020-06-04,2020-05-29,2020-06-10,2.40522803617015,4.890692177655617,44.90819752239154,44.76746504101902,45.260807749815285,0.4933427087962627,1.0,0.1412606435065126,6
2020-06-04,2020-05-29,2020-06-10,2.42250570261406,5.753415952283246,44.49613972443663,44.28670475911349,45.01277319341898,0.7260684343054891,0.75,0.1248703162419421,6
2020-06-21,2020-06-19,2020-06-24,2.0878471220543235,3.648058437079962,317.0625701100505,316.9605572158471,317.4519929555245,0.4914357396773994,1.0,0.0606300492199679,6
2020-06-21,2020-06-19,2020-06-24,2.696809278627692,3.775773731569603,317.45071454682363,317.2066848031245,317.94424813147634,0.7375633283518255,1.25,0.0410737127946811,6
2020-07-05,2020-07-02,2020-07-08,3.1197548765065544,3.2357842290241616,2133.1850388590074,2132.7052985634655,2133.6843035463244,0.9790049828588964,0.75,0.2100499422864113,7
2020-07-05,2020-07-02,2020-07-08,3.373282691823053,5.254435747630844,44.74521512246144,44.28670475911349,45.260807749815285,0.9741029907017946,1.25,0.1801372229112606,7
2020-07-05,2020-07-02,2020-07-08,2.699719614547766,3.2592919941775964,907.694746325932,904.8199198287912,910.3038409454748,5.483921116683632,1.5,0.0596655014147491,7
2020-07-05,2020-07-02,2020-07-08,3.4081293281418485,4.9740602141002555,303.80342656850064,303.25185445323586,304.82721047475934,1.5753560215234756,2.0,0.1053088696005584,7
2020-07-05,2020-07-02,2020-07-08,2.3381178583773323,3.9640667376604575,317.0981486145667,316.9605572158471,317.4519929555245,0.4914357396773994,1.0,0.0606293218000801,7
2020-07-05,2020-07-02,2020-07-08,2.0000568537438075,4.645349534249718,317.201347996354,316.9605572158471,317.6981205432676,0.7375633274205029,0.75,0.2417049748527454,7
2020-07-05,2020-07-02,2020-07-08,2.94330778883717,8.261653106536617,648.9954569770912,648.8912707893178,649.375044148881,0.4837733595632016,1.25,0.3289081879855522,7
2020-07-05,2020-07-02,2020-07-08,2.601117021457993,9.331116448463671,648.8912707893178,648.8912707893178,649.1365789417177,0.2453081523999571,1.25,0.2138070550412563,7
2020-07-05,2020-07-02,2020-07-08,5.863105734964633,5.023751066483376,962.6797687089928,960.2816149364226,964.9285663231276,4.646951386705041,3.5,0.0791999786896359,7
2020-07-05,2020-07-02,2020-07-08,3.690174829445223,11.117716242768449,648.8912707893179,648.8912707893178,649.1365789417177,0.2453081523999571,2.0,0.2382926518140097,7
2020-07-05,2020-07-02,2020-07-08,3.0550094079758336,19.516737261464904,1583.8528386894266,1583.2960568103008,1584.305577528197,1.009520717896521,2.5,0.2068647058462462,7
2020-07-05,2020-07-02,2020-07-08,2.2133559718778564,7.558670187578465,1949.7272611856556,1949.5955074862577,1950.128099930007,0.5325924437493086,1.0,0.1298454588729909,7
2020-07-05,2020-07-02,2020-07-08,2.1364156831479915,11.583148995706791,1944.7549531332231,1944.481174521148,1945.304210501723,0.8230359805747867,1.0,0.131038559082685,7
2020-07-05,2020-07-02,2020-07-08,3.0456245926624304,13.636183646980127,1814.066259095507,1813.8431468536144,1814.3378509324975,0.4947040788829326,1.75,0.1385421840010438,7
2020-07-05,2020-07-02,2020-07-08,4.327373610189856,18.458884012012827,1349.54830837996,1349.329274576623,1350.0476011191497,0.7183265425264835,1.5,0.1934080666449296,7
2020-07-15,2020-07-08,2020-07-23,2.901241733593244,4.633039889269636,1903.7734041481808,1903.1333299367689,1904.4950362714007,1.36170633463189,1.75,0.1065702741721882,7
2020-07-15,2020-07-08,2020-07-23,2.664146682116752,4.61660811070339,319.09560329919753,318.67145138280466,319.65585564030334,0.9844042574986815,1.0,0.0907514503739127,7
2020-07-15,2020-07-08,2020-07-23,3.4110074060398805,4.404111941108911,876.7347469977759,876.5155905866995,877.2519285287708,0.736337942071259,1.5,0.0648146911339497,7
2020-07-27,2020-07-23,2020-07-31,2.1512543732866645,3.6368381967250496,317.31849777984377,317.2066848031245,317.6981205432676,0.4914357401430607,0.5,0.0468647865958628,7
2020-07-27,2020-07-23,2020-07-31,4.942341891566585,10.767275941897111,2050.406223941225,2045.753956247121,2056.041642836295,10.287686589173973,4.25,0.0907338607030557,7
2020-07-27,2020-07-23,2020-07-31,3.4501745321928197,13.596208278837985,1814.183555917813,1814.0925427800976,1814.587246765848,0.4947039857506752,1.25,0.1771518770698372,7
2020-08-02,2020-07-31,2020-08-05,2.1133185100776584,19.59399751745635,1583.277317315442,1583.037336417474,1584.0508400052786,1.0135035878047347,1.5,0.1553471771554773,8
2020-08-02,2020-07-31,2020-08-05,2.312438387713723,11.283530208315929,1945.495942004068,1945.058902349323,1946.1555847120471,1.0966823627240956,1.5,0.2037201318122768,8
2020-08-02,2020-07-31,2020-08-05,2.8953377796353585,3.92344821509363,317.3319544501733,317.2066848031245,317.6981205432676,0.4914357401430607,0.75,0.0187786825283001,8
2020-08-02,2020-07-31,2020-08-05,3.396678772877085,19.639676366276532,1583.917990604386,1583.2960568103008,1584.5580222476274,1.2619654373265805,2.25,0.1212817821322726,8
2020-08-09,2020-08-05,2020-08-14,7.480210744129067,9.703131629441293,1832.9357724545084,1832.0329598812384,1834.374604181852,2.3416443006135523,4.75,0.0880403527963544,8
2020-08-09,2020-08-05,2020-08-14,5.44553140439072,5.796722143619156,1832.6317334063256,1831.0160461887715,1834.374604181852,3.358557993080467,2.75,0.0805888754765922,8
2020-08-17,2020-08-14,2020-08-20,2.5776372289969554,11.04659443332884,2152.78861464401,2151.161312554963,2154.645079626236,3.483767071273178,2.75,0.0783341297004625,8
2020-09-03,2020-08-20,2020-09-18,117.44707336657996,4.822054526682626,1405.7809375927286,1396.7392830555327,1414.5476211090572,17.808338053524494,7.25,0.2839094527247174,9
2020-09-03,2020-08-20,2020-09-18,87.64632492100151,17.497480724303124,1405.534704053754,1399.373614619486,1411.8441049400717,12.470490320585668,9.25,0.161877156036954,9
2020-09-03,2020-08-20,2020-09-18,10.85447276742354,19.432630010341747,1402.2992859581093,1399.373614619486,1404.553577087354,5.179962467867881,3.5,0.0650146548402179,9
2020-09-03,2020-08-20,2020-09-18,2.7380526316555067,11.604445755228069,1406.02791867415,1403.793314640876,1407.9205493647603,4.127234723884612,1.25,0.0467203663327933,9
2020-09-03,2020-08-20,2020-09-18,2.4764342468376666,14.197584296889683,1408.2697508476576,1407.6973884957845,1409.353413383942,1.6560248881578443,1.25,0.0339532005577818,9
2020-09-03,2020-08-20,2020-09-18,4.772496046278284,13.404671801257106,1411.0708988749136,1409.108105231542,1413.7056889939122,4.59758376237005,2.25,0.0523179574099241,9
2020-09-03,2020-08-20,2020-09-18,3.945249987260022,5.873273786298623,1861.1927281868195,1858.5110348518936,1863.95481708413,5.443782232236117,2.0,0.1090028905601015,9
2020-09-03,2020-08-20,2020-09-18,3.4253977955300434,5.895311465785903,1866.3807723470009,1864.310468835756,1867.8989090998657,3.588440264109522,2.0,0.1346465471051353,9
2020-09-03,2020-08-20,2020-09-18,12.894428010922592,10.037853089616783,1401.9671724118164,1399.099034936633,1404.553577087354,5.454542150720954,5.0,0.1148071748913075,9
2020-09-03,2020-08-20,2020-09-18,2.1017544997924102,7.191434977838862,1401.3184012702757,1400.433574838098,1402.6062760031782,2.1727011650800705,1.75,0.0457047236773585,9
2020-09-03,2020-08-20,2020-09-18,263.85358511272665,18.12230186099634,1406.0920635558618,1399.099034936633,1413.7056889939122,14.60665405727923,17.25,0.3352188004232485,9
2020-09-03,2020-08-20,2020-09-18,8.324676760848385,10.620552186075924,1832.8291493885936,1829.830147088971,1834.374604181852,4.544457092881203,3.25,0.0925000288801103,9
2020-09-03,2020-08-20,2020-09-18,2.6151983226761315,6.53464485661114,1859.8654750508597,1858.5110348518936,1861.7938299248929,3.2827950729988515,2.0,0.0662263024293652,9
2020-09-03,2020-08-20,2020-09-18,6.427816385964345,6.216816106138573,1865.0507574563271,1862.4042567042632,1867.8989090998657,5.494652395602316,2.0,0.0889456432960323,9
2020-10-04,2020-09-18,2020-10-20,2.1828108140113947,4.147311785813823,1691.8048093146424,1691.3330832715146,1692.5518765659072,1.218793294392526,1.0,0.1039688963702834,10
2020-10-04,2020-09-18,2020-10-20,3.1144465307426956,3.16581030997968,1719.2244160784926,1714.2493431014009,1723.3740416993387,9.124698597937822,1.25,0.0641006718556485,10
2020-10-04,2020-09-18,2020-10-20,6.311140898727619,5.97891743558344,1964.2371524674472,1959.8533499157056,1968.467673987616,8.614324071910232,3.5,0.087830833936383,10
2020-10-04,2020-09-18,2020-10-20,2.832736549664766,14.251109260977705,2064.3338199567247,2062.8151039402,2066.3119015237316,3.4967975835315883,1.0,0.0384730953110511,10
2020-10-04,2020-09-18,2020-10-20,3.4976696248115853,3.1011671455349874,1760.5979219913888,1756.2905154176988,1765.466119396966,9.17560397926718,1.25,0.0818759773437592,10
2020-10-04,2020-09-18,2020-10-20,4.684354619347609,3.044371718215946,1801.7540977690408,1798.4332264913246,1806.036266332492,7.603039841167629,1.5,0.1213651100908878,10
2020-10-04,2020-09-18,2020-10-20,2.6583618865938945,3.188088378548831,1796.1284764370885,1794.162509757094,1798.1706421584822,4.0081324013881385,1.75,0.0585007047839091,10
2020-10-04,2020-09-18,2020-10-20,26.40532325868715,3.513621012597546,1783.7584518561437,1763.2271321164444,1795.8959744935855,32.66884237714112,2.5,0.1829729322676043,10
2020-10-04,2020-09-18,2020-10-20,6.670767678963083,3.038647981858773,1695.379519843501,1690.358485134784,1701.2287055705674,10.870220435783269,1.75,0.0805365816629429,10
2020-10-04,2020-09-18,2020-10-20,3.154367366193883,3.1109692534965667,1702.331903557095,1697.4388145557605,1708.1989132938909,10.760098738130182,1.0,0.0570104663438272,10
2020-10-04,2020-09-18,2020-10-20,3.3517603357640904,3.1541278563664905,1711.7132846653808,1709.1983610917814,1715.2295635468329,6.031202455051243,1.5,0.0638569167410538,10
2020-10-04,2020-09-18,2020-10-20,6.143418318152416,3.4704634735607076,1966.7818212633156,1964.8402311070824,1970.994868932292,6.154637825209647,2.0,0.0777750983781749,10
2020-10-04,2020-09-18,2020-10-20,5.027172333037281,14.016235758451728,2061.122285278588,2059.0180912399665,2063.0604120926,4.042320852633566,1.5,0.0658602822875831,10
2020-10-04,2020-09-18,2020-10-20,2.67757018952423,14.3182509039002,2065.8277848990406,2063.320279506035,2069.0806425805204,5.760363074485213,1.0,0.0492826023650521,10
2020-10-04,2020-09-18,2020-10-20,2.084582622489223,4.5246204545175726,2091.7781203755894,2089.3717849096283,2093.872347003314,4.500562093686312,2.25,0.0553964532061374,10
2020-10-04,2020-09-18,2020-10-20,4.342207578146596,13.868265096259211,2092.212546041853,2088.8550121351145,2095.371188791003,6.516176655888557,1.75,0.0627834643091011,10
2020-10-04,2020-09-18,2020-10-20,3.2634723372123555,3.9727648609160138,1714.5421468535465,1713.003629100043,1716.463816145435,3.460187045391649,0.75,0.0271720790461655,10
2020-10-04,2020-09-18,2020-10-20,7.007754172562056,4.2834775724457606,1722.2756388462435,1719.9364471598528,1725.7040277076885,5.767580547835678,1.25,0.0473108814113343,10
2020-10-04,2020-09-18,2020-10-20,20.395664300774975,3.3348110630974683,1745.962694711464,1733.5144726610745,1758.2786226873286,24.764150026254356,2.0,0.1639254973337378,10
2020-10-04,2020-09-18,2020-10-20,2.2711266550384277,4.048917601687575,1782.1785584755437,1781.4112727344036,1783.536469827406,2.125197093002498,1.0,0.022857413568755,10
2020-10-04,2020-09-18,2020-10-20,6.257447911657355,4.149658133831363,1801.2518612513602,1799.8962237099186,1802.932754308451,3.0365305985324085,1.5,0.0726876845188005,10
2020-11-03,2020-10-20,2020-11-18,2.5430887647374023,19.56801273570778,1583.9926551670455,1583.8055318528786,1584.5580222476274,0.7524903947487473,2.5,0.0784907918188312,11
2020-11-03,2020-10-20,2020-11-18,2.017802384161383,13.462688112443349,1814.2262661062032,1814.0925427800976,1814.587246765848,0.4947039857506752,1.25,0.1067001862466393,11
2020-11-03,2020-10-20,2020-11-18,7.585514542672026,8.491631173440236,1506.722935947042,1501.8136852313764,1513.551620805636,11.737935574259607,3.75,0.1030674586372479,11
2020-11-03,2020-10-20,2020-11-18,9.522818688661134,4.494529104480812,1506.2525581316763,1499.6428285008296,1514.364424784202,14.721596283372492,4.75,0.1170346223170715,11
2020-12-02,2020-11-18,2020-12-17,5.510776688281956,3.5818229319956862,2095.505161866994,2089.621704442892,2102.1781341945753,12.556429751683028,1.0,0.0697917564929434,12
2020-12-02,2020-11-18,2020-12-17,2.1790661850650097,17.06483431085869,697.8384022482294,697.0896143359132,698.9801027365029,1.8904884005896747,2.75,0.0516103240740558,12
2020-12-02,2020-11-18,2020-12-17,4.235646697976663,4.064490907797821,1408.8253148515453,1407.1402355786413,1411.6095408862457,4.4693053076043725,1.75,0.054737158566739,12
2020-12-02,2020-11-18,2020-12-17,2.396687142228042,3.385358316919321,499.58784953440727,496.2982398476451,505.2067858930677,8.908546045422554,1.25,0.0519701264207157,12
2020-12-02,2020-11-18,2020-12-17,3.250531166959534,3.338171756925535,546.8666596367137,540.6112100104801,552.4257616032846,11.814551592804492,1.0,0.0608827124866571,12
2020-12-02,2020-11-18,2020-12-17,10.121606444305565,4.332056318162939,651.5165314816073,648.8912707893178,653.9033730062656,5.012102216947824,2.75,0.1073024899138157,12
2020-12-02,2020-11-18,2020-12-17,10.533096090140306,3.6600201652500863,964.862632360986,954.4137443853542,973.434232343454,19.020487958099693,2.75,0.1134156169903895,12
2020-12-02,2020-11-18,2020-12-17,10.356009545444657,3.5171105890935066,1081.9354798048043,1071.8062390489504,1092.2240585153922,20.41781946644187,1.5,0.0997308091991112,12
2020-12-02,2020-11-18,2020-12-17,2.519779829404511,3.552152640564117,1398.4647751994798,1396.9941354552284,1400.24950827891,3.2553728236816823,1.25,0.0554368195268511,12
2020-12-02,2020-11-18,2020-12-17,2.4821971486079226,4.181745055437018,1403.2351778472646,1402.3677997821942,1404.553577087354,2.185777305159718,1.0,0.0524415054742001,12
2020-12-02,2020-11-18,2020-12-17,3.1393120689566407,5.58280211796555,1506.029384251853,1503.7131187990308,1508.6096875718797,4.8965687728486955,2.75,0.0657293028432463,12
2020-12-02,2020-11-18,2020-12-17,2.842183550594803,3.6769966725001977,1557.3295236414897,1555.0669715618717,1559.9789736988023,4.912002136930823,2.25,0.0612837474782187,12
2020-12-02,2020-11-18,2020-12-17,3.369351076737501,3.810273255291509,1971.6527911065184,1968.222365835216,1974.342986337375,6.120620502158999,1.5,0.0461642154470468,12
2020-12-02,2020-11-18,2020-12-17,2.642154438291868,3.1764275581193493,1819.0023856769192,1818.4376472220756,1819.7011465821415,1.2634993600659072,1.0,0.0639755263919201,12
2020-12-02,2020-11-18,2020-12-17,3.767471428266449,18.26083181255776,1349.8127073455871,1349.5657837712206,1350.2841103142127,0.7183265429921448,1.5,0.1617795721106865,12
2020-12-02,2020-11-18,2020-12-17,2.2594622523918093,3.9713898955672255,1399.705691629574,1399.099034936633,1400.4043328207918,1.30529788415879,0.75,0.0449746463308788,12
2020-12-02,2020-11-18,2020-12-17,2.7527547464803312,3.176437032996886,2133.2739682772076,2132.954353590496,2133.6843035463244,0.7299499558284879,0.75,0.1190112378196831,12
2021-01-06,2020-12-17,2021-01-26,2.2092132078001265,3.562756676354237,958.7702641530324,956.652763753198,961.011921823956,4.359158070757985,1.25,0.0383913501303829,1
2021-01-06,2020-12-17,2021-01-26,3.3090788023657933,5.09276411002576,1007.3907826791764,1006.8558179922402,1008.0568351829425,1.2010171907022595,1.0,0.3290786454941566,1
2021-01-06,2020-12-17,2021-01-26,3.0167419494718217,3.843829348134179,966.721077254516,964.1981559512204,968.601679995656,4.403524044435471,2.0,0.0426246304816928,1
2021-01-06,2020-12-17,2021-01-26,4.038337623794577,4.1576888458208,1966.9882548876317,1966.8108913968315,1967.3377080578357,0.5268166610039771,1.75,0.295772260121013,1
2021-01-06,2020-12-17,2021-01-26,2.846282895129558,7.501803645859706,1949.7277746743105,1949.5955074862577,1950.128099930007,0.5325924437493086,1.25,0.1573200129989729,1
2021-01-06,2020-12-17,2021-01-26,5.337042524797001,10.17252774546621,1948.1369466884955,1947.3870130209252,1949.8408156386577,2.4538026177324355,1.5,0.3868592959734585,1
2021-01-06,2020-12-17,2021-01-26,3.3216545247985767,4.77563005684511,1904.97754099041,1904.524046140723,1905.6648268774152,1.1407807366922498,1.25,0.1088603966803533,1
2021-01-06,2020-12-17,2021-01-26,2.069215477263242,4.540753033905194,2127.01835013448,2125.707859270274,2129.70569081977,3.9978315494954586,2.5,0.067707979978103,1
2021-01-06,2020-12-17,2021-01-26,3.2399969602980603,19.429640312798472,1583.9137590386074,1583.5507943313569,1584.305577528197,0.7547831968404353,2.0,0.2773322025166566,1
2021-01-06,2020-12-17,2021-01-26,2.046905191418771,19.453389516935076,1583.0440699513008,1582.7826085281558,1583.5413649627008,0.7587564345449209,0.75,0.0947106688855499,1
2021-01-06,2020-12-17,2021-01-26,2.4909981918456525,4.568336366861514,1817.6139928616535,1817.2111552827992,1818.185618379619,0.974463096819818,1.0,0.1767915446936108,1
2021-01-06,2020-12-17,2021-01-26,4.880268932702185,3.90271149216672,317.2083025544717,316.9605572158471,317.6981205432676,0.7375633274205029,1.25,0.0370453418738018,1
2021-01-06,2020-12-17,2021-01-26,2.121104774815948,4.95293367870614,44.86277604688424,44.76746504101902,45.260807749815285,0.4933427087962627,0.75,0.209605170717168,1
2021-01-06,2020-12-17,2021-01-26,3.60744649485948,3.2202091185265656,1102.2081039537,1097.4702301416546,1107.0051368055863,9.534906663931906,1.0,0.1080715591595123,1
2021-01-06,2020-12-17,2021-01-26,3.6636517440455103,3.5255859498452486,1083.7583538610152,1080.3554987595417,1085.831167720724,5.475668961182237,1.5,0.0637738665910389,1
2021-01-06,2020-12-17,2021-01-26,2.946139319513285,3.2429970686187755,814.2613039544154,812.6336144153029,816.2913271780126,3.657712762709707,1.0,0.0813029532409145,1
2021-01-06,2020-12-17,2021-01-26,2.529665502638076,15.446408778635393,377.6890647473655,377.37189583620057,378.0867886734195,0.7148928372189403,1.75,0.1493794097736874,1
2021-01-06,2020-12-17,2021-01-26,4.511339576711412,11.14664398738479,648.8912707893177,648.8912707893178,649.1365789417177,0.2453081523999571,1.5,0.3696808695740637,1
2021-01-06,2020-12-17,2021-01-26,2.4839710331849645,3.1722473523088084,676.3978867906153,675.2297618538141,677.9522858839482,2.722524030134082,0.75,0.0597693945205468,1
2021-01-06,2020-12-17,2021-01-26,2.0473239324349173,3.3604549186088013,811.7536367334923,810.738854478579,812.8489587875083,2.1101043089292943,1.5,0.046403638940701,1
2021-01-06,2020-12-17,2021-01-26,2.2143145134833597,4.134976898998689,1400.9631060608351,1400.433574838098,1401.815365280956,1.381790442857891,0.5,0.034055653445309,1
2021-01-06,2020-12-17,2021-01-26,2.968052635440135,21.18576902184076,1382.729624879762,1379.2426810474135,1383.4953650617972,4.2526840143837035,1.5,0.2692263324171425,1
2021-01-06,2020-12-17,2021-01-26,2.390678809651309,3.1181144673784047,1352.6132627190786,1352.423199384939,1353.1415083212778,0.7183089363388717,0.5,0.2395420886835643,1
2021-01-06,2020-12-17,2021-01-26,7.7062219147015965,3.098080783989409,1351.5493393642976,1350.7679464397952,1352.4320071456025,1.66406070580706,1.75,0.2954488616671347,1
2021-01-06,2020-12-17,2021-01-26,6.489967536802321,4.907773122842264,1404.5377704255145,1403.793314640876,1405.9758443674073,2.182529726531357,1.5,0.0406278409571652,1
2021-01-06,2020-12-17,2021-01-26,3.21317558018503,4.683152409688799,1406.3225791908285,1405.7305362150073,1407.0888913567178,1.35835514171049,1.0,0.0291129413129807,1
2021-01-06,2020-12-17,2021-01-26,2.563091191484095,5.418342233373259,1406.2138921928763,1405.1715086726472,1407.6433300273493,2.471821354702115,1.0,0.0341941227557277,1
2021-01-06,2020-12-17,2021-01-26,8.761515508592497,6.984625144874063,1408.8142803848605,1407.1402355786413,1410.7740198946558,3.6337843160144985,2.5,0.074329153188038,1
2021-01-06,2020-12-17,2021-01-26,5.251713003890248,4.393269027703715,1408.46892198378,1407.1402355786413,1410.4578662524,3.3176306737586856,1.75,0.0754262266617774,1
2021-01-06,2020-12-17,2021-01-26,9.20571104782708,4.096133519321441,1432.4506584275728,1425.6370614767077,1439.112069861032,13.47500838432461,2.25,0.0970333754182411,1
2021-01-06,2020-12-17,2021-01-26,7.378933740234792,4.8156252864211995,1448.218761705664,1445.1574660125189,1451.201440475881,6.043974463362247,3.25,0.0933384113716072,1
2021-01-06,2020-12-17,2021-01-26,2.7103596716769993,4.361286579580403,1457.7236515562413,1454.922645344399,1459.7002794919536,4.777634147554636,2.0,0.0594640426595656,1
2021-01-06,2020-12-17,2021-01-26,2.810395722955321,4.175613063464569,1502.1052469759857,1500.4747524051927,1504.505758948624,4.031006543431431,2.5,0.0518371365194023,1
2021-01-06,2020-12-17,2021-01-26,2.6274091492322205,3.8592571200760735,1508.4051947248458,1505.629205206409,1513.2807286819443,7.651523475535214,1.75,0.0630540352643872,1
2021-01-06,2020-12-17,2021-01-26,3.540395375004352,3.763503311974449,1245.727247437939,1243.679071276449,1248.039970839396,4.360899562947452,1.5,0.0719660328147409,1
2021-01-06,2020-12-17,2021-01-26,4.18974249005325,4.0087541750142055,1259.763680550122,1257.61944967648,1262.249045279343,4.629595602862537,2.25,0.0660926399388087,1
2021-01-06,2020-12-17,2021-01-26,14.08475975645219,4.742019387512048,1401.0194156312473,1398.6016326383688,1404.2789172367193,5.677284598350525,2.5,0.0794354141677238,1
2021-01-06,2020-12-17,2021-01-26,5.038339189423794,4.931541738522984,1339.7419821064111,1337.6525257723406,1342.1624343222938,4.509908549953252,3.5,0.0851359881619482,1
2021-01-06,2020-12-17,2021-01-26,3.193427231357186,3.789390244982086,1369.368439377232,1368.0949455657974,1370.9652276220731,2.870282056275755,1.75,0.0641094886233349,1
2021-01-06,2020-12-17,2021-01-26,4.661850846697931,19.111866457746395,1371.0484956542575,1370.7291659791954,1371.698921635747,0.9697556565515696,1.75,0.3325417490207447,1
2021-01-06,2020-12-17,2021-01-26,3.11215308349887,8.51979832830954,2021.4686721962191,2021.1695043789225,2021.9368506935425,0.7673463146202266,0.75,0.1613124150168529,1
2021-01-06,2020-12-17,2021-01-26,21.234096595523788,3.676577190364813,2058.103951312798,2044.2337078391577,2072.97324199602,28.739534156862646,2.0,0.1441289588196404,1
2021-01-06,2020-12-17,2021-01-26,2.4594607625027325,4.333986318578536,2094.514773678089,2092.3710293495096,2098.685009876732,6.3139805272221565,1.25,0.0543749985023521,1
2021-01-06,2020-12-17,2021-01-26,4.8222637962749575,4.577067372128961,2153.182568445409,2150.912316125352,2155.947809181176,5.03549305582419,2.0,0.0760577879610278,1
2021-01-06,2020-12-17,2021-01-26,4.46701754504394,4.029102029613581,2160.958238842823,2157.943127311766,2164.028914731927,6.085787420161068,1.75,0.073802471946192,1
2021-01-06,2020-12-17,2021-01-26,9.015644758171645,4.053450231790443,2176.996515756564,2171.8544980776496,2182.1422003633343,10.287702285684643,2.0,0.093035439160611,1
2021-01-06,2020-12-17,2021-01-26,7.689625285015787,3.5718325683097074,2098.53419245284,2095.375534361694,2102.9266302241012,7.551095862407237,1.5,0.0777007918883201,1
2021-01-06,2020-12-17,2021-01-26,4.026880567863775,4.6601211475651025,1533.5299896155464,1531.5623798570596,1535.540268545505,3.9778886884450912,3.0,0.0709025522493922,1
2021-01-06,2020-12-17,2021-01-26,6.444524814840611,19.281799628794182,1583.0234243562809,1582.5278806397691,1583.5413649627008,1.0134843229316175,1.5,0.2631042789115927,1
2021-01-06,2020-12-17,2021-01-26,6.833589554596677,3.645489789529728,1621.9811724978829,1614.524023973383,1627.208049448673,12.684025475289673,1.75,0.1016733273513998,1
2021-01-06,2020-12-17,2021-01-26,2.530484463904864,3.778144448370023,1916.6952271374064,1913.732004115358,1919.878457701299,6.1464535859413445,1.5,0.0648892169463838,1
2021-01-06,2020-12-17,2021-01-26,2.0361085663612677,20.084359110901744,1386.824037608482,1386.663146095816,1387.1675080945715,0.5043619987554848,2.0,0.1100500169717898,1
2021-01-06,2020-12-17,2021-01-26,8.279049689810146,4.949457671938271,113.24314714579886,107.75612428970636,117.50043748877944,9.744313199073076,3.75,0.0890183852848217,1
2021-01-06,2020-12-17,2021-01-26,10.796798245058708,3.8603771360123145,231.96854082851917,227.5224496233277,237.7507817251608,10.228332101833075,2.5,0.118374054551651,1
2021-01-06,2020-12-17,2021-01-26,3.541717647272826,4.049942487032852,364.76476629505134,362.3887871480547,366.53393888426945,4.145151736214757,2.0,0.0748457455912378,1
2021-01-06,2020-12-17,2021-01-26,2.678059027344925,4.014241476599786,370.04788655018064,367.1542778266594,373.8788864864037,6.724608659744263,2.0,0.0576878550960149,1
2021-01-06,2020-12-17,2021-01-26,19.310249502831997,5.466369115597062,388.3034455908426,380.29620755277574,394.6625929130241,14.366385360248389,5.5,0.1382224555449918,1
2021-01-06,2020-12-17,2021-01-26,12.626506739764029,11.510808796662303,379.31172448194405,378.5649744300172,380.5415157051757,1.9765412751585243,1.0,0.337975041898372,1
2021-01-06,2020-12-17,2021-01-26,2.451482482808152,3.610933486993498,401.6890497485474,398.15739143360406,405.3143052686937,7.156913835089654,1.5,0.0575796157477715,1
2021-01-06,2020-12-17,2021-01-26,7.0825661677617,3.9954434328148896,355.47813790839666,352.11870688572526,360.1867898600176,8.068082974292338,2.75,0.0910467243623766,1
2021-01-06,2020-12-17,2021-01-26,5.098600118293452,3.8967060449446382,213.71811818783124,211.23275096947327,217.2447121408768,6.011961171403527,1.75,0.0815034506321256,1
2021-01-06,2020-12-17,2021-01-26,13.509863113713337,3.6729668568986207,504.81723096256025,497.8277077553794,512.6807353934273,14.853027638047934,2.5,0.1141403830750746,1
2021-01-06,2020-12-17,2021-01-26,7.166669822503873,3.976032114770757,652.1291173157443,649.8393274988048,654.8513132575899,5.011985758785158,2.25,0.0891452707076789,1
2021-01-06,2020-12-17,2021-01-26,12.907933512580009,3.943373323791644,658.8084543961229,654.8110657497309,663.4727890752256,8.661723325494677,2.75,0.11565124514836,1
2021-01-06,2020-12-17,2021-01-26,6.026237864083976,3.621948812791635,738.5465012658294,730.7821424575523,745.8251909315586,15.043048474006357,1.5,0.0787823592557055,1
2021-01-06,2020-12-17,2021-01-26,4.155152078099637,3.4758665056803504,762.4771464858247,760.0652655181475,765.9775563431904,5.912290825042874,1.5,0.0798636341929853,1
2021-01-06,2020-12-17,2021-01-26,16.06604648895289,3.683738579212991,776.3633718774324,765.7322481907904,783.9504532245919,18.218205033801496,2.0,0.1194393189406444,1
2021-01-06,2020-12-17,2021-01-26,6.796297012017339,3.77460502705432,797.8225858821509,792.21226540301,803.2137852255255,11.001519822515547,2.0,0.0811652771471575,1
2021-01-06,2020-12-17,2021-01-26,18.05720282700317,3.7012438465756903,810.8573137869698,804.5778677859344,817.2403079355136,12.662440149579195,2.5,0.1481282768095199,1
2021-01-06,2020-12-17,2021-01-26,5.870520357852036,3.667529588012541,829.8006223394166,827.2525616525672,832.0599578553811,4.807396202813834,1.75,0.0890348490997718,1
2021-01-06,2020-12-17,2021-01-26,32.32313921230302,3.8234615368692566,1091.2697704813882,1073.744871783536,1113.4281273372471,39.683255553711206,2.25,0.2103408078910321,1
2021-01-06,2020-12-17,2021-01-26,4.63355050373408,3.99150032531366,1191.233462184294,1189.562246251851,1193.429039391689,3.8667931398376822,2.5,0.0702246919536591,1
2021-01-06,2020-12-17,2021-01-26,4.45923330409791,4.070001292352603,9.789196002251485,5.701827655080706,13.980639807414263,8.278812152333558,1.75,0.075275851790681,1
2021-01-06,2020-12-17,2021-01-26,22.50696662314806,4.293675456097396,31.13590353884475,19.99188126437366,44.03579320991412,24.043911945540454,3.5,0.1337857498460376,1
2021-01-06,2020-12-17,2021-01-26,13.69958462276058,3.666686911917704,546.0867540837721,535.9187023625709,555.6368052004836,19.71810283791274,2.0,0.1180418612623442,1
2021-01-06,2020-12-17,2021-01-26,4.66446337852099,18.522799322208964,841.4256867452749,841.1746485731564,841.9019837109372,0.7273351377807558,0.75,0.4022283110939202,1
2021-01-06,2020-12-17,2021-01-26,21.307279499283343,3.537990633218676,895.9853513296646,879.6600050060079,911.830657849554,32.17065284354612,2.0,0.1694687146880925,1
2021-01-06,2020-12-17,2021-01-26,2.265682899174444,3.421109939797436,927.9328068235276,926.602887858171,930.134825865738,3.531938007567078,1.75,0.0539007243908213,1
2021-01-06,2020-12-17,2021-01-26,22.957914943874872,4.319477361821895,962.2825844298742,953.2495271335356,968.8437841120176,15.594256978482008,3.75,0.1387792570877235,1
2021-01-06,2020-12-17,2021-01-26,10.304630304867826,4.198995440764785,717.7410069591265,712.3352310224436,723.6151876938529,11.279956671409307,2.25,0.0917944242781002,1
2021-01-06,2020-12-17,2021-01-26,4.075004691912332,3.527500923516408,576.4204268062555,572.5136857097968,579.9638669588603,7.450181249063462,1.5,0.0744305898809478,1
2021-01-06,2020-12-17,2021-01-26,2.9895779351969267,4.460410500531691,633.3668197369483,630.5671909111552,635.2635838114657,4.696392900310457,2.75,0.0642635408030104,1
2021-01-06,2020-12-17,2021-01-26,6.659102908354234,3.721119500458057,175.91431687461423,171.10774748725817,182.87863023160023,11.770882744342089,1.75,0.0921869897627259,1
2021-01-06,2020-12-17,2021-01-26,2.662094495440812,8.015730932679261,658.7217846506334,656.417291927617,660.9380051689222,4.520713241305202,1.75,0.0518626620122524,1
2021-01-06,2020-12-17,2021-01-26,7.1751912144478665,3.6973801838791154,674.3412107306342,670.3354954356328,677.5406359564513,7.2051405208185315,2.0,0.0853723886593849,1
2021-01-06,2020-12-17,2021-01-26,7.169249299053396,3.6044274327782064,684.3569968324869,680.4593790611252,689.139524938073,8.68014587694779,1.5,0.0784784512683712,1
2021-01-06,2020-12-17,2021-01-26,6.873597842404195,3.658434929766976,704.6832457206099,697.0896143359132,710.783267294988,13.693652959074823,1.5,0.0859265729526707,1
2021-02-01,2021-01-26,2021-02-08,8.683458577152907,3.750443651168872,1465.607487453284,1459.7373929196035,1471.684159129858,11.946766210254282,2.75,0.1462805279437314,2
2021-02-01,2021-01-26,2021-02-08,3.503068979899985,3.612670208065606,1434.5535364882671,1432.1620297129266,1437.7625594856218,5.600529772695154,1.75,0.0578527491218587,2
2021-02-22,2021-02-08,2021-03-09,2.4132992876544894,3.7780459532351025,317.06839197326707,316.9605572158471,317.4519929555245,0.4914357396773994,1.0,0.0367521587605935,2
2021-02-22,2021-02-08,2021-03-09,2.1104049851516047,3.617071953817455,7.2182560148762445,4.455193977337331,9.6588625786826,5.203668601345271,1.5,0.0551240143535512,2
2021-02-22,2021-02-08,2021-03-09,3.8243571622672374,18.25193553404784,640.7904835891956,640.3573143873364,641.5251151295379,1.167800742201507,0.75,0.0190335828852977,2
2021-02-22,2021-02-08,2021-03-09,7.580108380282398,17.194152760878698,642.3716991920967,642.0675318245776,643.0141776944511,0.946645869873464,1.25,0.0227422509377594,2
2021-02-22,2021-02-08,2021-03-09,2.9799770647282973,7.05781193116419,644.413584169405,643.0072932061739,646.5465683778748,3.539275171700865,0.75,0.0527282770573412,2
2021-02-22,2021-02-08,2021-03-09,23.169484394226345,15.601679302426342,643.0365125464966,641.7282193172723,644.8979051224887,3.1696858052164316,1.75,0.0474145442284237,2
2021-02-22,2021-02-08,2021-03-09,22.647851326636975,17.480186420743124,642.6994078371671,641.7282193172723,644.1384950261563,2.410275708884001,1.25,0.0401246235759241,2
2021-02-22,2021-02-08,2021-03-09,5.252982780214109,5.3389366968165985,643.7529983605415,643.2471437575296,644.4417593660764,1.1946156085468829,0.75,0.0205990544531318,2
2021-02-22,2021-02-08,2021-03-09,48.787694314263064,15.702165210791312,633.7946718284064,629.1636913539842,638.3469912484288,9.183299894444644,7.5,0.1604729651554703,2
2021-02-22,2021-02-08,2021-03-09,2.5028447357954264,18.00268209109995,638.421126693003,638.1595552912913,638.9268904486671,0.7673351573757827,0.75,0.0166235914491237,2
2021-02-22,2021-02-08,2021-03-09,20.883088533241786,4.212871764776051,642.4930815663288,641.7282193172723,643.4976579598151,1.7694386425428092,1.5,0.047592126065478,2
2021-02-22,2021-02-08,2021-03-09,366.9296368037006,5.443944981022658,646.4318088187476,641.7282193172723,650.9725694097579,9.244350092485549,4.5,0.2728913881747175,2
2021-02-22,2021-02-08,2021-03-09,41.39905826863862,6.9408996340148725,646.4416115599479,643.7268448602408,649.7396675697528,6.0128227095119655,3.0,0.1567582986304657,2
2021-02-22,2021-02-08,2021-03-09,628.7873460335059,5.432969653760934,641.0384679947523,625.9608134194277,652.0273075294681,26.066494110040367,14.0,0.4868563262300337,2
2021-02-22,2021-02-08,2021-03-09,3.0382684144423364,5.731441883635465,642.9614272332941,642.7144283596426,643.4416884924285,0.7272601327858865,0.75,0.0217985424329471,2
2021-02-22,2021-02-08,2021-03-09,6.316768942341094,4.386281755281508,646.9176320185729,646.1759499381296,647.8229398233816,1.646989885251969,0.5,0.0181574622886621,2
2021-02-22,2021-02-08,2021-03-09,10.87472442725307,4.875844083037166,1473.8734451601067,1470.5906121870505,1478.1911488827318,7.600536695681512,5.5,0.1142466010002125,2
2021-02-22,2021-02-08,2021-03-09,3.5109128307270487,10.97086603403866,1507.260903102239,1505.1088783727027,1508.8833548882976,3.77447651559487,3.0,0.0716350457996201,2
2021-02-22,2021-02-08,2021-03-09,5.773129893670311,5.426604935924088,647.1465910727694,646.1759499381296,647.8229398233816,1.646989885251969,1.0,0.0222275099826662,2
2021-02-22,2021-02-08,2021-03-09,2.0021401332280644,5.994722399710355,650.1678341206793,647.7451981366612,650.9725694097579,3.227371273096651,0.75,0.0217620142573705,2
2021-02-22,2021-02-08,2021-03-09,2.544336156692356,14.625397102776708,646.2425600833766,646.1212508426979,646.6063957219012,0.4851448792032897,0.5,0.0150537873465051,2
2021-02-22,2021-02-08,2021-03-09,2.7640316849002335,6.297928838376263,647.7512230676745,647.3725142288022,648.3396279071458,0.967113678343594,0.75,0.0275399963282582,2
2021-02-22,2021-02-08,2021-03-09,3.882961279875587,16.593802835475902,643.6818588993968,643.4869943093508,644.201911712531,0.7149174031801522,0.75,0.0385517041788359,2
2021-02-22,2021-02-08,2021-03-09,4.617999561374915,5.323309887491832,646.5926795039805,646.1759499381296,647.1390477269888,0.9630977888591588,1.0,0.0198555819801235,2
2021-02-22,2021-02-08,2021-03-09,5.936947904383764,16.88459282807206,645.8013948910565,645.1345557528548,646.5465683778748,1.4120126250199974,0.5,0.0202634214547069,2
2021-02-22,2021-02-08,2021-03-09,4.93634300335372,11.49901347479812,1507.382986606165,1505.629205206409,1508.8833548882976,3.2541496818885207,2.25,0.0718253300693901,2
2021-02-22,2021-02-08,2021-03-09,15.172192397929772,12.356735452025209,1474.757590030776,1472.024866966065,1479.0682857525535,7.043418786488473,5.75,0.1267563588300701,2
2021-02-22,2021-02-08,2021-03-09,11.365954615704366,4.403731287112152,643.7760357772228,642.9554043500684,644.6205818741582,1.6651775240898132,1.5,0.0273676343685905,2
2021-02-22,2021-02-08,2021-03-09,11.889957360045916,13.931599088911112,646.5770300282643,645.6436082292348,647.8571109147742,2.2135026855394244,2.5,0.0528024665751538,2
2021-02-22,2021-02-08,2021-03-09,44.96921651381143,16.674136201392177,646.1117894987283,643.956603560131,647.8229398233816,3.86633626325056,4.5,0.0916465058198915,2
2021-02-22,2021-02-08,2021-03-09,11.854440419200689,18.281171513981775,641.0646857273882,639.6321254218929,642.3128399769776,2.680714555084706,1.5,0.0570581178295488,2
2021-02-22,2021-02-08,2021-03-09,3.0287927737855074,19.20669213056891,639.5540339631759,638.8956474834122,640.6026225397363,1.706975056324154,0.75,0.0294363068684722,2
2021-02-22,2021-02-08,2021-03-09,252.12197563690387,15.745974644025432,643.6444501776944,638.6539219417609,646.5465683778748,7.892646436113864,7.5,0.22372988111643,2
2021-03-30,2021-03-09,2021-04-21,3.9721252738395423,19.136760115399888,642.7345754926064,641.969251409173,643.6826644823886,1.7134130732156336,1.25,0.0311396427819438,3
2021-03-30,2021-03-09,2021-04-21,10.763353054214576,19.15528296670866,648.4131542250651,647.1332256956957,650.9725694097579,3.839343714062125,3.75,0.1072883289859479,3
2021-03-30,2021-03-09,2021-04-21,3.039842066239982,8.05321925171881,646.851657857065,646.3610875695013,647.3430794053711,0.9819918358698488,0.75,0.0275777947471063,3
2021-03-30,2021-03-09,2021-04-21,2.6384670274720294,19.53381187693066,642.6893808283444,641.7282193172723,643.4976579598151,1.7694386425428092,0.75,0.0238902182160173,3
2021-03-30,2021-03-09,2021-04-21,37.09137315208742,14.620821404275771,644.5841441666001,640.7962526250631,648.3396279071458,7.543375282082707,7.0,0.1750358820681029,3
2021-03-30,2021-03-09,2021-04-21,11.942909823131124,11.705377840824594,644.0584847677912,641.7282193172723,646.5465683778748,4.818349060602486,3.5,0.0952150230888268,3
2021-03-30,2021-03-09,2021-04-21,8.376828660778235,18.979134734151486,640.5030736485647,638.6539219417609,642.4267274704762,3.772805528715253,1.75,0.0885277460535015,3
2021-03-30,2021-03-09,2021-04-21,3.2385007645495345,11.02422588811652,644.5828204726455,643.4869943093508,645.8889163816348,2.4019220722839236,1.75,0.0494844924546414,3
2021-03-30,2021-03-09,2021-04-21,3.272224932089986,19.504329893545304,644.1436261064109,643.6521434513852,644.8979051224887,1.245761671103537,0.75,0.023618358740578,3
2021-03-30,2021-03-09,2021-04-21,8.730978384568028,9.618951834175716,647.9189194313363,646.1759499381296,650.254738102667,4.0787881645374,3.0,0.0930331801380446,3
2021-03-30,2021-03-09,2021-04-21,4.608477312169129,8.21942698693063,647.856368901885,647.3725142288022,648.3396279071458,0.967113678343594,0.75,0.0292427766245291,3
2021-03-30,2021-03-09,2021-04-21,17.370202382409794,19.074448916695907,645.5228717349241,643.0072932061739,647.8229398233816,4.815646617207676,2.5,0.0755268811041546,3
2021-03-30,2021-03-09,2021-04-21,3.106069134684161,8.49449273342109,319.6614022643286,319.4105474879034,320.1578200040385,0.7472725161351264,0.75,0.0483367554650919,3
2021-03-30,2021-03-09,2021-04-21,10.632990537287656,7.372148580013358,627.129007539481,624.5314169758931,629.5750635219738,5.0436465460807085,7.0,0.1094811307549406,3
2021-03-30,2021-03-09,2021-04-21,2.705988280401232,12.57784248483186,629.7014496117806,628.1872916389257,630.9385635415092,2.7512719025835395,2.75,0.055267641399959,3
2021-03-30,2021-03-09,2021-04-21,4.090067655029338,19.367958451124153,640.5970646464915,639.5369436242618,642.4267274704762,2.8897838462144136,2.0,0.1110391325612626,3
2021-03-30,2021-03-09,2021-04-21,107.46880979743146,19.48619599865377,644.97011885461,641.0380298011005,649.2609809474088,8.222951146308333,3.5,0.3012236836651928,3
2021-03-30,2021-03-09,2021-04-21,2.4404366246678113,4.345381977981903,319.24347585879946,318.67145138280466,319.65585564030334,0.9844042574986815,1.0,0.0801242990784413,3
2021-03-30,2021-03-09,2021-04-21,18.487459405075043,8.798981287242679,646.6161136987591,643.7268448602408,649.0574587304145,5.330613870173693,2.25,0.0851201018964568,3
2021-03-30,2021-03-09,2021-04-21,29.95260498547271,5.932586754548688,652.6370887634118,648.6528055821545,659.2718564108945,10.61905082874,5.25,0.1602604123331523,3
2021-03-30,2021-03-09,2021-04-21,2.498232758549194,4.507883957224619,651.0581157821549,649.8393274988048,652.5041247303598,2.664797231554985,1.75,0.0925459623389609,3
2021-03-30,2021-03-09,2021-04-21,3.189682418429686,4.443733906058004,647.1608163740351,646.8937395745888,647.6178223812021,0.7240828066132963,1.0,0.0198561942556573,3
2021-03-30,2021-03-09,2021-04-21,4.040164556259575,7.25320166468804,646.24542828327,646.1212508426979,646.6063957219012,0.4851448792032897,0.75,0.0209158001221058,3
2021-03-30,2021-03-09,2021-04-21,6.630841998675882,3.605254241729107,626.8145120581241,624.5314169758931,629.5750635219738,5.0436465460807085,3.0,0.0804218613324822,3
2021-03-30,2021-03-09,2021-04-21,176.80522512249942,5.7722297756886585,645.823083047997,639.6321254218929,650.9725694097579,11.340443987865,5.0,0.2171519290761154,3
2021-03-30,2021-03-09,2021-04-21,5.785652261579947,8.524593450756337,644.6699111045209,643.0072932061739,647.1031491979957,4.095855991821736,2.0,0.0435342562576875,3
2021-03-30,2021-03-09,2021-04-21,3.102156469653382,3.7622210991140848,646.9725728673286,646.6009242967702,647.5830096146092,0.982085317838937,0.75,0.0230370661764951,3
2021-03-30,2021-03-09,2021-04-21,3.6399179349926634,4.229491076883262,1817.974029579687,1817.459781808313,1818.6829553744756,1.2231735661625862,1.25,0.0589497896972113,3
2021-03-30,2021-03-09,2021-04-21,10.28862621702414,5.166346967476713,1835.5733425515705,1833.801183343399,1838.6875901184976,4.886406775098294,4.25,0.1159553139722524,3
2021-03-30,2021-03-09,2021-04-21,2.101438420238043,5.137051852997569,1904.6268982269032,1904.2497281190008,1905.36633601645,1.1166078974492848,1.0,0.0489465563091028,3
2021-03-30,2021-03-09,2021-04-21,2.438464224468439,11.27979403520729,1868.1252469640733,1867.7460050871596,1868.836427859031,1.09042277187109,1.75,0.128091492342096,3
2021-03-30,2021-03-09,2021-04-21,2.583216272306987,8.597369532486365,1868.4964321275304,1868.0283209299669,1869.1178272492252,1.089506319258362,1.25,0.0734334105313108,3
2021-03-30,2021-03-09,2021-04-21,21.83948810795786,5.159426955963195,1480.219173301202,1474.2420130856335,1487.2028351686895,12.960822083055971,6.75,0.1537534623224984,3
2021-03-30,2021-03-09,2021-04-21,3.3049146964788045,18.348127278135596,1349.610150632353,1349.329274576623,1350.2841103142127,0.9548357375897468,1.5,0.1620842989023168,3
2021-03-30,2021-03-09,2021-04-21,5.847409018235902,19.17729484181925,649.3680065720212,648.8121505780146,650.9725694097579,2.1604188317433,2.25,0.079031348869192,3
2021-03-30,2021-03-09,2021-04-21,14.880873757849374,9.924612886633197,1835.5736698666483,1833.801183343399,1837.954075460788,4.1528921173885465,4.5,0.1119178338535809,3
2021-03-30,2021-03-09,2021-04-21,2.6537889746709307,4.895620314313353,1904.9808069505273,1904.524046140723,1905.6648268774152,1.1407807366922498,1.0,0.040829986923097,3
2021-03-30,2021-03-09,2021-04-21,2.701784127958364,14.98757279195376,1938.7923175549745,1938.4999677152373,1939.3296746951528,0.8297069799154997,0.75,0.0219142204720039,3
2021-03-30,2021-03-09,2021-04-21,2.0495072976453534,5.489341117455746,2081.5871314787287,2080.085829807911,2083.405166123528,3.3193363156169653,2.0,0.0525575636723943,3
2021-03-30,2021-03-09,2021-04-21,2.880355032284188,9.747252514742703,1480.292454884796,1478.5431419005615,1483.872517118696,5.329375218134373,2.75,0.0644462584437957,3
2021-03-30,2021-03-09,2021-04-21,19.294644715333376,12.149309276536735,1481.6733822424023,1477.1062224046327,1487.7581015825272,10.651879177894443,5.0,0.132956842089965,3
2021-03-30,2021-03-09,2021-04-21,2.9875169787545377,15.487737551369698,1472.938359851317,1472.024866966065,1474.4873212380337,2.462454271968454,1.5,0.0516532235705599,3
2021-04-27,2021-04-21,2021-05-04,2.149476195816955,3.074433132317083,266.0361830466928,265.12323373695835,267.3462741090916,2.223040372133255,0.75,0.0637786551340195,4
2021-04-27,2021-04-21,2021-05-04,2.4483753484228163,11.166726241375924,919.193878896592,918.5871321875602,920.5625076279975,1.9753754404373467,3.75,0.0503440030212741,4
2021-06-08,2021-05-04,2021-07-14,2.139545692518538,14.409140035860432,651.7837705399605,651.0334579651244,652.5041247303598,1.4706667652353644,0.75,0.0600536146510158,6
2021-06-08,2021-05-04,2021-07-14,3.9590932782432953,8.632290991876022,639.1647454718122,638.6539219417609,639.8774335742928,1.223511632531881,0.5,0.0227663490061561,6
2021-06-08,2021-05-04,2021-07-14,14.650853393488095,17.51903618515635,640.099600689813,638.999169500079,641.1843986506574,2.1852291505783796,1.25,0.0548009960588103,6
2021-06-08,2021-05-04,2021-07-14,3.5775354585669725,18.179882205255577,641.8151827180002,641.18238176452,642.4267274704762,1.2443457059562206,0.5,0.0191319399236571,6
2021-06-08,2021-05-04,2021-07-14,3.2196553950306748,13.126396601356538,641.5792668998324,641.2798069771379,642.0710401390679,0.7912331619299948,0.5,0.0169439522852792,6
2021-06-08,2021-05-04,2021-07-14,2.3043812414481466,17.65326002806632,640.0777740823249,638.6539219417609,642.4267274704762,3.772805528715253,0.5,0.0155054209709471,6
2021-06-08,2021-05-04,2021-07-14,3.89977470064108,16.356174519156454,640.5038013556659,640.1155847320333,641.041560777463,0.9259760454297066,0.5,0.0190655144251505,6
2021-06-08,2021-05-04,2021-07-14,5.757796294334169,20.009333665293557,644.700215412112,643.4373563299887,645.8234402104281,2.3860838804394007,1.25,0.0309212230806305,6
2021-06-08,2021-05-04,2021-07-14,11.49333455346033,19.95858713884639,645.5626379132151,643.0072932061739,647.8229398233816,4.815646617207676,0.75,0.0431984551119518,6
2021-06-08,2021-05-04,2021-07-14,14.075132331376064,7.446432468716641,648.6098214363236,648.2221739781089,649.1365789417177,0.9144049636088312,1.5,0.0357445871760756,6
2021-06-08,2021-05-04,2021-07-14,2.3077111769629,4.517217508467008,652.4478871644276,651.0334579651244,654.1371510578319,3.103693092707545,2.5,0.0368603213459341,6
2021-06-08,2021-05-04,2021-07-14,2.141705140184115,5.433833347316602,653.3662534162083,652.4390430813655,654.6132591911592,2.1742161097936332,1.0,0.0465747215186564,6
2021-06-08,2021-05-04,2021-07-14,4.389310423029674,4.561573566492795,654.282609960123,652.9209089637734,655.80203095451,2.881121990736574,1.5,0.0448548267504502,6
2021-06-08,2021-05-04,2021-07-14,7.030112170842168,17.24768352368547,649.8002579382361,649.129735996481,650.56158870738,1.4318527108989656,0.75,0.0265199142182814,6
2021-06-08,2021-05-04,2021-07-14,3.673850123846349,3.3040567187070233,668.0553905054782,666.6128396214917,670.3442740235478,3.7314344020560384,1.25,0.0623301318485138,6
2021-06-08,2021-05-04,2021-07-14,4.757086217433784,3.4856726546571677,665.9803986827695,665.2110460326076,666.6215081722476,1.4104621396400034,0.75,0.1781167063390328,6
2021-06-08,2021-05-04,2021-07-14,10.426990195266043,3.7611681305474423,659.7115603628972,658.3147101523355,661.1752977245487,2.8605875722132623,2.25,0.0984929818047523,6
2021-06-08,2021-05-04,2021-07-14,3.1826807104898105,11.147038472077115,1216.028815124541,1215.7247412381694,1216.6838696817867,0.9591284436173736,1.0,0.1326394238317479,6
2021-06-08,2021-05-04,2021-07-14,2.7005085255658834,19.63166275118061,1349.5370518134218,1349.329274576623,1350.0476011191497,0.7183265425264835,1.75,0.1569889236333151,6
2021-06-08,2021-05-04,2021-07-14,40.79861548021698,18.305610171374305,638.4510556075395,637.5307028396055,640.2688569063321,2.738154066726566,2.0,0.1037883792660433,6
2021-06-08,2021-05-04,2021-07-14,19.281031032780753,3.0474972334810446,1541.1542868056863,1514.3881785431877,1569.9979246594012,55.6097461162135,4.25,0.1583822068718567,6
2021-06-08,2021-05-04,2021-07-14,3.618023201158356,9.79970706780598,1657.7090114422435,1653.6684932024218,1661.9742861874402,8.305792985018343,3.0,0.1025126529299876,6
2021-06-08,2021-05-04,2021-07-14,2.281869864245746,10.465939917736993,1675.0946765533006,1673.4451352912,1677.2165529360063,3.7714176448062062,2.0,0.0639436222673897,6
2021-06-08,2021-05-04,2021-07-14,2.805693349654928,6.145806269401222,2020.3343954962231,2019.0877828900705,2021.9368506935425,2.8490678034722805,3.75,0.0980324043882967,6
2021-06-08,2021-05-04,2021-07-14,3.83692000602202,4.866516169609477,1904.9532640874368,1904.2497281190008,1905.988093085587,1.7383649665862322,1.5,0.0753166238581663,6
2021-06-08,2021-05-04,2021-07-14,3.041559223306782,5.674153954382766,639.1994593524414,638.8956474834122,639.8774335742928,0.9817860908806324,0.75,0.1215937538797712,6
2021-06-08,2021-05-04,2021-07-14,10.921755519501572,18.96372605864505,636.7971078778613,635.727185969241,637.9162718742155,2.1890859049744904,0.75,0.0298493570820012,6
2021-06-08,2021-05-04,2021-07-14,1492.55061650434,7.341761708008676,625.4688209924234,604.8696641577408,642.4267274704762,37.55706331273541,16.0,0.5630860996469682,6
2021-06-08,2021-05-04,2021-07-14,3.900615800968622,5.524522245425863,640.6799046635158,638.6539219417609,642.4267274704762,3.772805528715253,0.75,0.2056668390258294,6
2021-06-08,2021-05-04,2021-07-14,6.353192848752783,3.1885341631187334,1874.3264245511943,1872.655455911532,1877.223400485236,4.567944573704153,0.75,0.101894477618825,6
2021-06-08,2021-05-04,2021-07-14,2.419394214009019,3.012433051241126,414.6306741676673,405.5721850800328,422.7102902061306,17.1381051260978,1.25,0.0644542125426704,6
2021-06-08,2021-05-04,2021-07-14,12.82316286497146,3.570250741184252,642.0410807491712,638.6539219417609,646.5465683778748,7.892646436113864,2.25,0.1369741299098388,6
2021-06-08,2021-05-04,2021-07-14,5.284949498823726,3.5572570828474115,657.3729166450574,656.0014174208045,659.03457704233,3.033159621525556,1.75,0.0490284696370818,6
2021-06-08,2021-05-04,2021-07-14,5.97676552642983,3.6593819011977833,651.9361746646298,650.31628055498,654.1371510578319,3.820870502851903,2.0,0.0583512620337745,6
2021-06-08,2021-05-04,2021-07-14,46.24293677949193,18.884891911063615,637.1684661657993,634.4967865287326,639.4153832737356,4.918596745003015,3.0,0.0999814217996842,6
2021-06-08,2021-05-04,2021-07-14,3.557897927696975,16.464470924496286,633.8082957726718,633.4665740579367,634.4502123328857,0.983638274949044,1.25,0.035938110109266,6
2021-06-08,2021-05-04,2021-07-14,3.018875578454358,14.476917615439854,632.321924169423,632.0502704777755,632.8179389005527,0.7676684227772057,0.75,0.022768226041897,6
2021-06-08,2021-05-04,2021-07-14,3.7164237216575904,17.959032545086362,633.4352458950909,631.3082389687188,635.0162399723195,3.708001003600657,2.0,0.0708238154434362,6
2021-06-08,2021-05-04,2021-07-14,2.8123296711018044,18.094382963348433,631.7784861308102,629.4133180235513,633.6785517884418,4.265233764890581,1.5,0.0609634231958265,6
2021-06-08,2021-05-04,2021-07-14,6.630926507334385,8.98052935133846,628.3985615384407,627.8254406116903,629.0684013417922,1.2429607301019132,0.75,0.0290797724282433,6
2021-06-08,2021-05-04,2021-07-14,10.08038719280372,16.343549388666528,640.1666064215271,638.6539219417609,642.4267274704762,3.772805528715253,1.25,0.0386713519565773,6
2021-06-08,2021-05-04,2021-07-14,60.53483719291216,18.23777058830111,623.6327452200072,620.356817280408,627.309649723582,6.952832443173975,5.75,0.1468791616130815,6
2021-06-08,2021-05-04,2021-07-14,4.7363045693409935,6.730254565683068,649.4189210161901,647.7451981366612,650.9725694097579,3.227371273096651,1.75,0.0466974836770234,6
2021-06-08,2021-05-04,2021-07-14,14.898110887121096,6.294494551854831,645.6073242746337,643.0072932061739,647.8229398233816,4.815646617207676,4.0,0.1004854543298448,6
2021-06-08,2021-05-04,2021-07-14,5.688867769861687,9.523302498415312,644.5035642203335,643.6521434513852,645.6208432964049,1.968699845019728,0.75,0.0262612031314691,6
2021-06-08,2021-05-04,2021-07-14,2.6069300887454148,7.666659942546294,1533.3502995634572,1532.3622286552563,1535.007036158815,2.6448075035586953,3.75,0.057035498360874,6
2021-06-08,2021-05-04,2021-07-14,7.511583387720612,19.17952794094643,651.666976412439,651.0334579651244,652.5041247303598,1.4706667652353644,1.0,0.0613101137076227,6
2021-06-08,2021-05-04,2021-07-14,2.564594685150154,7.589156907151923,653.9215277305402,652.9209089637734,655.80203095451,2.881121990736574,1.5,0.0332715423260511,6
2021-06-08,2021-05-04,2021-07-14,4.608672945420668,10.330868046092888,644.5179547450073,643.956603560131,645.4092164449394,1.4526128848083315,1.0,0.0285468514590172,6
2021-06-08,2021-05-04,2021-07-14,2.6917982463445425,4.662480645905043,1904.9990528259657,1904.524046140723,1905.6648268774152,1.1407807366922498,1.0,0.0615009024193249,6
2021-06-08,2021-05-04,2021-07-14,5.123283453877202,15.782815930788912,638.5720292291064,638.1595552912913,639.171136861667,1.0115815703757107,0.75,0.0272572803851454,6
2021-06-08,2021-05-04,2021-07-14,5.0102019150542505,18.98153995901414,635.0509324426891,634.4967865287326,635.7283352678642,1.23154873913154,0.75,0.0191099839057846,6
2021-06-08,2021-05-04,2021-07-14,6.031331442560409,18.835879826353658,636.7109602962438,636.1390173165128,637.6084912498482,1.4694739333353937,1.0,0.0693551510344013,6
2021-06-08,2021-05-04,2021-07-14,3.9429612008710926,18.460644156430742,635.2281155241361,634.6587077858858,636.1381684257649,1.4794606398791077,1.0,0.0876893928050152,6
2021-06-08,2021-05-04,2021-07-14,2.888712497055341,15.202184224122382,634.9762161756167,633.9587941402569,636.3843254689127,2.4255313286557794,1.25,0.0564776733127724,6
2021-06-08,2021-05-04,2021-07-14,3.996305298421606,7.9500735760814605,615.8542863879219,614.5089156832546,617.1065980484709,2.597682365216315,1.25,0.0361450299966732,6
2021-06-08,2021-05-04,2021-07-14,3.875323978512843,3.0442586106565988,1782.1285961361773,1779.428055134602,1785.3076935559511,5.879638421349227,1.0,0.0673168327794899,6
2021-06-08,2021-05-04,2021-07-14,2.267621508175823,3.4113229676585153,297.2971975267132,296.874266134575,298.0919705508277,1.217704416252673,0.75,0.0826129158315935,6
2021-07-27,2021-07-14,2021-08-09,4.788456837233072,4.025783234725927,613.7247217926225,613.2174379853532,614.3715458344668,1.1541078491136432,0.75,0.1123646451228114,7
2021-07-27,2021-07-14,2021-08-09,5.198322175136702,5.669449240999886,627.7090214947901,625.9608134194277,629.5750635219738,3.614250102546066,4.0,0.0809027480197778,7
2021-07-27,2021-07-14,2021-08-09,876.2153835361454,10.079553646068868,644.3096897213294,630.3198335166089,657.2043672986329,26.884533782023937,13.5,0.4231139324291192,7
2021-07-27,2021-07-14,2021-08-09,16.12914324139133,4.452866897790754,651.3334554351245,647.7451981366612,655.80203095451,8.056832817848772,2.5,0.1079303519722291,7
2021-07-27,2021-07-14,2021-08-09,2.8061526278432587,17.59662185840322,645.3125121950836,643.956603560131,646.8462324491702,2.889628889039159,1.25,0.0490632541981532,7
2021-07-27,2021-07-14,2021-08-09,2.4151476845828235,17.16074268469038,646.9015635152327,646.1212508426979,648.0963994483463,1.975148605648428,0.75,0.0372753673949345,7
2021-07-27,2021-07-14,2021-08-09,9.11635479359868,20.422664293473527,648.6459121442788,646.1759499381296,651.7888989280909,5.612948989961296,1.25,0.1469393875933476,7
2021-07-27,2021-07-14,2021-08-09,4.686062148069425,18.993605308029483,648.1260347011702,647.3725142288022,649.2609809474088,1.8884667186066508,1.0,0.0462228367171079,7
2021-07-27,2021-07-14,2021-08-09,2.9864730085849622,7.059401666734671,650.4359887007482,649.6008509714156,652.0273075294681,2.4264565580524504,1.5,0.0349410148332843,7
2021-07-27,2021-07-14,2021-08-09,7.379298697438527,6.350993789399042,651.6637302480672,651.0334579651244,652.5041247303598,1.4706667652353644,1.5,0.0510477580028658,7
2021-07-27,2021-07-14,2021-08-09,2.5253334219937313,5.87528930701364,654.2509731555859,653.6580648538657,655.087869642768,1.429804788902402,1.5,0.077163795174496,7
2021-07-27,2021-07-14,2021-08-09,3.1415272015728126,14.91886794957464,651.1316429549255,650.31628055498,652.0273075294681,1.7110269744880495,1.25,0.0275037313397768,7
2021-07-27,2021-07-14,2021-08-09,2.9090761400564418,5.4871939256916225,656.9623381334103,656.417291927617,657.8740427060984,1.4567507784813645,0.75,0.1162373116339182,7
2021-07-27,2021-07-14,2021-08-09,3.374715291433069,5.5617264645132725,660.0700528332906,659.5029262029566,660.9380051689222,1.4350789659656584,1.0,0.1476399770190452,7
2021-07-27,2021-07-14,2021-08-09,3.203412009084321,5.120268530209829,659.8273250333599,658.7187042273581,661.1752977245487,2.4565934971906245,2.0,0.0611418640463161,7
2021-07-27,2021-07-14,2021-08-09,2.844209427971397,8.234780198431404,647.0221058494211,646.8578410455957,647.5830096146092,0.7251685690134764,0.75,0.0157088847000428,7
2021-07-27,2021-07-14,2021-08-09,7.585112666591357,8.462347455806583,646.4354624207152,645.8814141168259,647.1031491979957,1.2217350811697545,1.0,0.0251369409686534,7
2021-07-27,2021-07-14,2021-08-09,6.39052537656096,4.07321209625991,659.473515767913,656.417291927617,661.8070477764122,5.389755848795176,1.25,0.0549078865731913,7
2021-07-27,2021-07-14,2021-08-09,3.203956286547459,19.46539171744464,633.7328664887926,633.4665740579367,634.2041022926569,0.7375282347202301,1.0,0.0163444486363647,7
2021-07-27,2021-07-14,2021-08-09,2.549990632259251,5.8143410835281655,641.5705090301759,640.7962526250631,642.3128399769776,1.5165873519144952,1.25,0.0475481116791959,7
2021-07-27,2021-07-14,2021-08-09,4.328599721662588,6.15912037504052,644.2962957872768,643.4373563299887,645.3798639052548,1.9425075752660632,1.0,0.0244402573125549,7
2021-07-27,2021-07-14,2021-08-09,2.1627154154749424,6.103091697772801,645.8387604153979,645.5781320580281,646.5465683778748,0.96843631984666,1.25,0.0327007882119019,7
2021-07-27,2021-07-14,2021-08-09,8.08162599539385,20.402872583797716,643.8391408579878,640.1155847320333,646.5465683778748,6.430983645841479,1.25,0.0743478175395334,7
2021-07-27,2021-07-14,2021-08-09,4.740991549554823,16.036938514134153,642.8560154333697,641.7282193172723,644.3795384508558,2.6513191335834563,1.25,0.0437279985134572,7
2021-07-27,2021-07-14,2021-08-09,5.653874561921834,6.617141959948888,644.3226390854044,643.4869943093508,645.6490664128214,2.162072103470564,1.75,0.0297921467872,7
2021-07-27,2021-07-14,2021-08-09,12.229040747731604,5.719034699288216,650.2669972057528,647.7451981366612,654.1371510578319,6.391952921170741,1.25,0.0627455215028884,7
2021-07-27,2021-07-14,2021-08-09,2.231492032874052,5.927867816029881,646.2943415640339,644.9240583246574,647.5830096146092,2.6589512899518013,1.25,0.0545345154696275,7
2021-07-27,2021-07-14,2021-08-09,6.561619043093483,5.990768639700312,654.6523362093538,653.891842905432,655.80203095451,1.9101880490779877,1.75,0.0964442676595838,7
2021-07-27,2021-07-14,2021-08-09,2.818691247417992,17.249177683825035,632.0592631334449,631.8029266418889,632.5706322775222,0.7677056356333196,0.75,0.0185705307790727,7
2021-07-27,2021-07-14,2021-08-09,2.319197853853104,16.50024684737428,634.3071169406616,634.0321022775024,634.7688961341046,0.7367938566021621,0.75,0.0154022900111124,7
2021-07-27,2021-07-14,2021-08-09,2.4798845060011723,16.75209473737575,633.9595016666383,633.7126840990968,634.4502123328857,0.7375282337889075,0.75,0.0149874614570032,7
2021-07-27,2021-07-14,2021-08-09,2.196831401461815,17.15794761844675,637.738573391738,637.1770692588761,638.6826440356672,1.505574776791036,1.75,0.0324562142930113,7
2021-07-27,2021-07-14,2021-08-09,4.737383679903401,12.99944428895654,645.133364424113,644.8935763617046,645.6208432964049,0.7272669347003102,0.75,0.0226480189915784,7
2021-07-27,2021-07-14,2021-08-09,5.720205886330782,17.86515044953674,630.817875236994,630.3198335166089,631.5535471211188,1.2337136045098305,1.0,0.0275854381389937,7
2021-07-27,2021-07-14,2021-08-09,3.9653774598374,6.838785868069256,651.1015624664848,650.5582013153471,652.0273075294681,1.469106214120984,1.0,0.0355074921571379,7
2021-07-27,2021-07-14,2021-08-09,2.4483388588351476,5.6553574979186,655.9886391580807,655.7638134742156,656.4843295207247,0.7205160465091467,0.75,0.1552453968571932,7
2021-07-27,2021-07-14,2021-08-09,18.750079015116903,15.60033454625056,636.5766312246492,634.4967865287326,639.4153832737356,4.918596745003015,3.0,0.0627159421976982,7
2021-07-27,2021-07-14,2021-08-09,3.4722635500838264,7.016842279995882,624.7160502750668,622.6064494606107,626.1265569343232,3.5201074737124145,1.25,0.0653446037284635,7
2021-07-27,2021-07-14,2021-08-09,2.164477709241784,11.513263295028448,617.580236829509,616.6185295777395,618.9322579260916,2.313728348352015,1.25,0.0238767207389517,7
2021-07-27,2021-07-14,2021-08-09,688.5357154161708,10.937787496968705,626.1314687079561,611.497978144791,638.3469912484288,26.849013103637844,9.75,0.33691191224915,7
2021-07-27,2021-07-14,2021-08-09,2.386346667679925,11.5572222656252,628.3159451197519,627.5720321144909,629.3217324325815,1.7497003180906177,0.75,0.0296782013965194,7
2021-07-27,2021-07-14,2021-08-09,5.431329656869754,14.358206729648456,622.0646689162525,619.2921283063479,624.4309371733107,5.1388088669627905,3.0,0.0647309903269497,7
2021-07-27,2021-07-14,2021-08-09,10.199383724451415,17.681961221292326,631.4713249351414,629.9125713636167,633.1375503605232,3.2249789969064295,1.0,0.0397143551037754,7
2021-07-27,2021-07-14,2021-08-09,4.300697145867856,16.118220539345185,629.7387455411141,629.1636913539842,630.9385635415092,1.774872187525034,1.0,0.0245603126647562,7
2021-07-27,2021-07-14,2021-08-09,11.83702292710991,17.164505912112936,629.9808921908501,629.1636913539842,631.1759843202308,2.012292966246605,1.75,0.0429586514591602,7
2021-07-27,2021-07-14,2021-08-09,2.108043342241412,17.822688573855665,629.8857730695242,629.1636913539842,630.9385635415092,1.774872187525034,0.75,0.0201125037602267,7
2021-07-27,2021-07-14,2021-08-09,61.62731428990866,15.930643005844056,628.1112623423772,625.9608134194277,630.687680110801,4.726866691373289,3.75,0.0990054728757199,7
2021-08-26,2021-08-09,2021-09-13,2.541622435256431,12.117232694917814,631.5765586799237,630.3198335166089,634.1775482748635,3.857714758254588,0.5,0.0316566738303022,8
2021-08-26,2021-08-09,2021-09-13,3.2093099529924736,4.481930077609524,667.5677176017507,667.1074700113386,668.295029675588,1.1875596642494202,1.25,0.1394954330380541,8
2021-08-26,2021-08-09,2021-09-13,3.1824942762939865,4.156945518753485,666.3327712783788,665.9208183130249,667.0947873750702,1.1739690620452166,0.75,0.1549375118204216,8
2021-08-26,2021-08-09,2021-09-13,5.602068853122058,20.499337381649,640.951326567727,638.0172577053308,643.4976579598151,5.480400254484266,1.25,0.0610795216031602,8
2021-08-26,2021-08-09,2021-09-13,14.48406267725682,17.913794737301686,640.3105443603608,637.5307028396055,643.0141776944511,5.483474854845554,4.25,0.1003728906714136,8
2021-08-26,2021-08-09,2021-09-13,28.19483592750244,4.253079442195858,659.867055619345,658.5519895209,661.1752977245487,2.623308203648776,1.0,0.3678009241536393,8
2021-08-26,2021-08-09,2021-09-13,2.9746158550575954,6.636652843107239,2015.2399135388227,2014.3613994433545,2016.987883964088,2.6264845207333565,0.75,0.169441738010843,8
2021-08-26,2021-08-09,2021-09-13,3.053761770712728,3.4630504387966545,645.4485304198198,643.0072932061739,646.5465683778748,3.539275171700865,0.5,0.1413255045039538,8
2021-08-26,2021-08-09,2021-09-13,3.2371434132152683,3.2973500201667405,645.9768487983783,645.6436082292348,646.6063957219012,0.9627874926663936,0.5,0.126651025506002,8
2021-08-26,2021-08-09,2021-09-13,2.294090257819778,3.4737295223135156,652.5226255522952,650.31628055498,655.80203095451,5.485750399529934,0.75,0.1002367205927008,8
2021-08-26,2021-08-09,2021-09-13,4.499003642997599,3.97471243176708,657.9650587285687,657.6287345536985,658.5600183047354,0.9312837510369718,0.75,0.2598261666698617,8
2021-08-26,2021-08-09,2021-09-13,2.829625183713801,3.1198757967312862,630.6274605160436,625.9608134194277,635.2635838114657,9.302770392037928,0.5,0.0578629110680313,8
2021-08-26,2021-08-09,2021-09-13,8.853331283683895,6.743492532450058,626.6636024251424,626.0381243680604,627.5630576247349,1.524933256674558,1.0,0.093515009912431,8
2021-08-26,2021-08-09,2021-09-13,2.493742576800626,9.702641183561871,628.025460442925,627.5720321144909,628.8150702505372,1.2430381360463798,0.75,0.0282542477229558,8
2021-08-26,2021-08-09,2021-09-13,278.35751223089443,9.489484573531165,629.2225523423319,617.6229639826342,637.3711438076571,19.748179825022817,8.25,0.2482941269661077,8
2021-08-26,2021-08-09,2021-09-13,9.638677483731485,4.302863292908816,667.2767345012711,665.6842275541276,671.0538627183996,5.36963516427204,1.5,0.1165440123287618,8
2021-08-26,2021-08-09,2021-09-13,7.945468134693523,4.988702737411304,657.185055298991,654.1030091890134,660.4634200562723,6.360410867258906,1.5,0.1067075335530446,8
2021-08-26,2021-08-09,2021-09-13,10.699201170085622,5.47751747859372,653.2432194589028,651.9627936994657,654.8513132575899,2.888519558124244,2.75,0.0618382132354813,8
2021-08-26,2021-08-09,2021-09-13,2.0650444414209477,4.880592894371662,650.7429953459365,650.31628055498,651.2804640261456,0.9641834711655974,1.75,0.0330466855070364,8
2021-08-26,2021-08-09,2021-09-13,3.029025019278792,16.990589222035183,648.8589780279385,647.1332256956957,650.9725694097579,3.839343714062125,2.25,0.0626574415550557,8
2021-08-26,2021-08-09,2021-09-13,3.906795419962767,16.05364702283002,646.2961935099662,645.1639082925394,647.8229398233816,2.659031530842185,3.75,0.0687620223617908,8
2021-08-26,2021-08-09,2021-09-13,3.0632475303308437,10.777392732402284,635.3812740981352,634.4967865287326,636.216652976349,1.7198664476163683,1.0,0.0252087179380941,8
2021-08-26,2021-08-09,2021-09-13,2.2392899497495797,13.372051979642828,635.424015537795,634.6587077858858,636.3843254689127,1.7256176830269396,1.0,0.022965797304363,8
2021-08-26,2021-08-09,2021-09-13,4.831436665344688,6.423603520673823,625.3041343504027,624.7848254814744,625.7767672366463,0.9919417551718652,1.0,0.0807098172575513,8
2021-08-26,2021-08-09,2021-09-13,3.0788196918451924,3.734737806080477,607.8361593094824,607.1706260126084,608.4854031740688,1.3147771614603698,1.0,0.2027181785411644,8
2021-08-26,2021-08-09,2021-09-13,2.777245576491486,3.803094962869839,609.0862081730502,608.5050282953307,610.8677297439426,2.362701448611915,0.75,0.1958113742255005,8
2021-08-26,2021-08-09,2021-09-13,2.410202762846745,3.723407512790192,620.0686506249588,617.3950120648369,622.9119004448876,5.516888380050659,0.75,0.0593269989459121,8
2021-08-26,2021-08-09,2021-09-13,2.2469643539703745,3.120535545286669,625.1722996305598,621.0884741689079,629.5750635219738,8.486589353065938,0.5,0.0459112707163809,8
2021-08-26,2021-08-09,2021-09-13,3.3108597395522175,3.356104878123324,1558.3119050553137,1548.6288752364926,1563.3586068339646,14.729731597471982,1.25,0.0573749366060491,8
2021-08-26,2021-08-09,2021-09-13,2.165908162405467,4.19490615730033,615.681092793374,614.5089156832546,616.8452832708135,2.336367587558925,1.0,0.0498463271905359,8
2021-08-26,2021-08-09,2021-09-13,7.044076337417536,6.145563967569109,638.500883056565,637.5307028396055,639.4877587691881,1.957055929582566,1.75,0.0426188074672134,8
2021-08-26,2021-08-09,2021-09-13,9.23418506896283,7.263453839145736,636.506904338978,634.7410828317516,637.8546579168178,3.113575085066259,1.5,0.0386595524018129,8
2021-08-26,2021-08-09,2021-09-13,377.5262673373503,7.997977577201546,643.9992990671908,633.9587941402569,660.7007126128301,26.74191847257316,14.0,0.3446587366649026,8
2021-08-26,2021-08-09,2021-09-13,2.3879458315254207,5.062924483644418,633.8035211123498,632.8199373707175,635.2635838114657,2.4436464407481253,1.75,0.0603562542227667,8
2021-08-26,2021-08-09,2021-09-13,5.149265266838644,5.929801996759802,632.0647572228677,631.1670155152678,633.1375503605232,1.9705348452553153,2.0,0.06585523786826,8
2021-08-26,2021-08-09,2021-09-13,2.6144243754553096,7.680131658146234,628.3862226532814,627.93639321113,628.9343966483139,0.9980034371837974,1.0,0.0227050702775096,8
2021-08-26,2021-08-09,2021-09-13,3.822689066830917,6.2486158983585725,625.0588372991631,624.5314169758931,626.1265569343232,1.5951399584300816,0.75,0.0279756203182581,8
2021-08-26,2021-08-09,2021-09-13,2.8910516329425504,6.146222758903769,623.2577634741275,622.6064494606107,624.125552654732,1.5191031941212714,0.75,0.0460510669284042,8
2021-08-26,2021-08-09,2021-09-13,10.247383477266707,5.08927022717834,624.6208900250346,622.6064494606107,626.5367651623674,3.9303157017566264,2.0,0.0759203165683447,8
2021-09-24,2021-09-13,2021-10-05,2.075609311601471,5.122397357595361,1218.495186583369,1218.226506934967,1219.1820761440322,0.9555692090652884,0.75,0.1887491140656539,9
2021-09-24,2021-09-13,2021-10-05,2.1513475903845767,4.039225288997238,628.9032025062286,628.1872916389257,629.9350298768841,1.7477382379584014,0.75,0.1108792902654945,9
2021-09-24,2021-09-13,2021-10-05,8.77862943184468,9.740886308466436,638.6788439030586,637.5307028396055,640.2688569063321,2.738154066726566,1.25,0.0682433317725826,9
2021-09-24,2021-09-13,2021-10-05,2.061453743340193,4.049035964332715,653.3576257220228,653.1819801814854,653.9033730062656,0.721392824780196,0.75,0.2286817316895609,9
2021-09-24,2021-09-13,2021-10-05,2.2354754079797607,4.259615804032239,657.3686648843559,656.6547094476409,658.3487592595629,1.6940498119220138,0.75,0.0696833892065287,9
2021-09-24,2021-09-13,2021-10-05,2.298918719510504,4.052481487996469,658.2536481094285,657.3913762774318,659.03457704233,1.6432007648982108,1.0,0.12298509245811,9
2021-09-24,2021-09-13,2021-10-05,2.2129305462145568,18.24587676348135,663.4585886654817,662.2727799066342,665.311770089902,3.0389901832677424,1.75,0.0526317568455832,9
2021-09-24,2021-09-13,2021-10-05,2.1046758745793412,4.7308398523378825,633.811906226895,633.4665740579367,634.4502123328857,0.983638274949044,0.75,0.0381062490542205,9
2021-09-24,2021-09-13,2021-10-05,3.720336693323559,3.784225137886805,638.1563216353084,637.5307028396055,639.4153832737356,1.884680434130132,0.5,0.1514164340253812,9
2021-09-24,2021-09-13,2021-10-05,2.192405429122138,4.047337424589665,638.4732452105411,638.2605351381935,639.244477652479,0.9839425142854452,0.75,0.0749491415658558,9
2021-09-24,2021-09-13,2021-10-05,4.695727289273984,3.989153959003836,622.8620164319161,621.0884741689079,625.157964812126,4.06949064321816,1.25,0.2206662078711986,9
2021-09-24,2021-09-13,2021-10-05,6.56080087907819,3.8927689526022298,645.5087517922717,643.0072932061739,646.5465683778748,3.539275171700865,0.75,0.0888089176001187,9
2021-09-24,2021-09-13,2021-10-05,11.46533017478235,3.745166776925567,328.06783139821465,326.8808479718864,329.1090109744109,2.228163002524525,1.25,0.370483063839982,9
2021-09-24,2021-09-13,2021-10-05,2.399156659398251,5.566699471123983,326.213240969855,325.913813887164,326.6353995236568,0.7215856364928186,1.0,0.2084516509222785,9
2021-09-24,2021-09-13,2021-10-05,2.0232814030722737,4.344213554512397,611.6766096033651,611.497978144791,612.0059218523093,0.5079437075182796,0.75,0.1487033113693411,9
2021-09-24,2021-09-13,2021-10-05,4.966432194691908,4.225795493484725,661.3107175240252,660.8774240929633,662.5180880590342,1.6406639660708606,1.0,0.2829107454277781,9
2021-09-24,2021-09-13,2021-10-05,9.88986880022341,3.735458357139216,648.5832356835082,647.3725142288022,649.7396675697528,2.3671533409506083,1.0,0.2553642096312815,9
2021-09-24,2021-09-13,2021-10-05,3.701790170461361,3.4143256037336394,651.7361306308516,651.0334579651244,652.5041247303598,1.4706667652353644,0.5,0.2014008978870906,9
2021-09-24,2021-09-13,2021-10-05,2.9057860671164537,3.983505431725803,660.1150219396698,659.6704563740641,660.8857535170391,1.2152971429750323,0.75,0.0737248463746376,9
2021-10-08,2021-10-05,2021-10-11,2.232577705429536,3.949402147429189,1818.1459075131995,1817.691641729325,1818.6829553744756,0.9913136451505123,1.0,0.197971964818352,10
2021-10-08,2021-10-05,2021-10-11,3.0212820514294014,13.616872058896067,1814.286909828205,1813.8431468536144,1814.587246765848,0.7440999122336507,1.5,0.1542640014225105,10
2021-10-08,2021-10-05,2021-10-11,7.137720884785077,10.38655321608797,1947.793768960775,1947.0965433898384,1949.8408156386577,2.7442722488194704,2.75,0.4008828694206688,10
2021-10-08,2021-10-05,2021-10-11,2.4740259340514803,3.907354879042732,1967.010192050898,1966.8108913968315,1967.3377080578357,0.5268166610039771,1.5,0.2713335837587168,10
2021-10-08,2021-10-05,2021-10-11,4.336557518126443,4.5155360829845,1816.5953939077715,1815.702478590887,1817.936949881725,2.234471290837974,1.0,0.1765834514304045,10
2021-10-08,2021-10-05,2021-10-11,2.609975712111536,19.786333612323045,1583.976811474225,1583.5507943313569,1584.5580222476274,1.0072279162704945,1.75,0.1613046656190522,10
2021-10-08,2021-10-05,2021-10-11,2.0208592917025148,3.933805628915239,649.7541440508975,647.9836860569194,650.9725694097579,2.9888833528384566,0.75,0.0642393349010122,10
2021-10-08,2021-10-05,2021-10-11,3.7895633898552847,3.984588774739126,644.5803294972251,643.0072932061739,646.5465683778748,3.539275171700865,1.25,0.122393177370438,10
2021-10-08,2021-10-05,2021-10-11,8.799976944518022,4.44208974889878,636.4846135700545,634.4967865287326,638.6826440356672,4.185857506934553,1.0,0.2681451890734103,10
2021-10-08,2021-10-05,2021-10-11,2.0530439666055416,4.181851541920793,656.975659211136,656.6547094476409,657.6793265687302,1.0246171210892498,0.75,0.0436291827253695,10
2021-10-08,2021-10-05,2021-10-11,6.965138627056754,19.540332841141925,1582.999566905989,1582.5278806397691,1583.5413649627008,1.0134843229316175,1.75,0.2050029495783955,10
2021-10-08,2021-10-05,2021-10-11,4.390986123018717,4.287637741507575,659.9539371496735,658.7892688899301,660.9380051689222,2.1487362789921463,1.0,0.0689502157563051,10
2021-10-08,2021-10-05,2021-10-11,3.6814773062478063,18.65643778449824,1370.9789135923418,1370.7291659791954,1371.698921635747,0.9697556565515696,1.75,0.231940821352917,10
2021-10-08,2021-10-05,2021-10-11,20.47238344420545,4.140748909742992,631.7152369374661,628.9370714402758,635.3963785371743,6.459307096898556,0.75,0.3173902141698818,10
2021-10-08,2021-10-05,2021-10-11,4.498197192446585,11.750085312831896,379.8039974445213,379.5652076029219,380.2978490544483,0.7326414515264332,0.75,0.2941576657784881,10
2021-10-08,2021-10-05,2021-10-11,2.9366697502332273,3.7701736332995033,669.2641792068603,668.7598689314909,669.929267485626,1.169398554135114,0.75,0.0843718244312745,10
2021-10-08,2021-10-05,2021-10-11,2.7402429268212476,4.090197025857574,668.317765054061,668.049721523188,669.0051770838909,0.9554555607028306,0.75,0.0586847931908148,10
2021-10-08,2021-10-05,2021-10-11,2.21460949653662,18.648058497757084,1385.744951357245,1383.3172756666318,1387.1675080945715,3.8502324279397726,1.25,0.0373206172984131,10
2021-10-08,2021-10-05,2021-10-11,6.877463653577867,4.350970742367385,664.6223968624324,664.0947326994501,665.311770089902,1.2170373904518783,0.75,0.431940818197213,10
2021-10-08,2021-10-05,2021-10-11,2.982347968021242,3.8604672443457497,669.4522703329288,669.2106558261439,669.929267485626,0.7186116594821215,0.75,0.1018973068800975,10
2021-10-08,2021-10-05,2021-10-11,2.636525413445784,4.788953226285169,44.885200919961626,44.76746504101902,45.260807749815285,0.4933427087962627,1.25,0.1604040393795601,10
2021-10-08,2021-10-05,2021-10-11,4.24303378502396,4.626751774177228,304.01709116512944,303.3878056774847,305.0743442014791,1.6865385239943862,1.75,0.2611717545581659,10
2021-10-08,2021-10-05,2021-10-11,6.150154418690281,4.009160334268838,307.7131515782204,307.5447382903658,308.28350074775517,0.7387624573893845,1.25,0.6011592127148382,10
2021-10-08,2021-10-05,2021-10-11,3.64588382925903,4.0700125282044395,308.8937632800141,308.7546972804703,309.2467985730618,0.492101292591542,1.0,0.47256412648774,10
2021-10-08,2021-10-05,2021-10-11,2.365410843413351,3.7988049915945994,317.0819803265181,316.9605572158471,317.4519929555245,0.4914357396773994,0.75,0.0475170080820798,10
2021-10-08,2021-10-05,2021-10-11,2.8948741472273225,4.285756488661525,318.924671734226,318.67145138280466,319.40980772674084,0.7383563439361751,1.25,0.0802094693467224,10
2021-10-08,2021-10-05,2021-10-11,9.711649790442202,3.7727805451647423,332.1263367003061,331.57871619425714,332.8168397597037,1.2381235654465854,1.25,0.7360672215774675,10
2021-10-08,2021-10-05,2021-10-11,3.9839049713177888,3.7100633158276177,333.3382438538769,332.7964443154633,333.79079506359994,0.9943507481366396,0.75,0.4150610506647555,10
2021-10-08,2021-10-05,2021-10-11,2.746088006822558,3.699799085573042,345.176240498075,344.8409422636032,345.6505786492489,0.8096363856457174,0.75,0.2543567586741821,10
2021-10-08,2021-10-05,2021-10-11,3.3351829627682443,4.332159173456172,628.4023195264435,626.9221142693423,630.9385635415092,4.016449272166938,0.75,0.1318307376174835,10
2021-10-08,2021-10-05,2021-10-11,3.7910111985707498,4.066616318573528,660.2625539326743,659.9777612430044,660.7007126128301,0.7229513698257506,0.75,0.2634416262815122,10
2021-10-08,2021-10-05,2021-10-11,3.688356482765559,3.9535246503216865,657.8078590401361,657.6287345536985,658.3487592595629,0.7200247058644891,0.75,0.1025040043096119,10
2021-10-08,2021-10-05,2021-10-11,9.475290479441794,3.988559654233549,654.3265986243975,653.8654049383476,655.0563739021309,1.1909689637832344,1.0,0.3830882635455829,10
2021-10-08,2021-10-05,2021-10-11,16.666525398999962,3.9134743661227462,650.2027183805502,647.1332256956957,653.4272883338854,6.294062638189644,1.5,0.2671855211955801,10
2021-10-08,2021-10-05,2021-10-11,2.499524489952694,3.874717903295851,328.6097782661873,328.3727828976698,329.1090109744109,0.7362280767410994,0.5,0.0254222522289543,10
2021-10-08,2021-10-05,2021-10-11,2.533319367568074,4.054754594469497,326.8658957634418,326.39009137125686,327.3860892383382,0.9959978670813144,0.75,0.0300690780972848,10
2021-10-08,2021-10-05,2021-10-11,2.590910362507012,3.2806425075696892,325.8661916077437,325.4229221646674,326.6353995236568,1.2124773589894176,0.5,0.1042722194974063,10
2021-10-08,2021-10-05,2021-10-11,5.822951366152361,5.849982443237788,325.1430439093921,324.67218123329803,325.9136761780828,1.2414949447847905,0.75,0.201055113908622,10
2021-10-08,2021-10-05,2021-10-11,3.883212598077721,3.648035925537796,326.4964070823857,324.91755953384563,328.8635510117747,3.945991477929056,0.75,0.2682825434940511,10
2021-10-08,2021-10-05,2021-10-11,3.652984273730246,5.710042106489581,324.6961757293401,324.36401726538315,325.10101607907563,0.7369988136924803,0.75,0.0160269700644384,10
2021-10-08,2021-10-05,2021-10-11,2.812867018609636,3.4933246734502417,335.58404929614466,335.2202327870764,336.2003268520348,0.9800940649583936,1.0,0.2520485493639803,10
2021-10-08,2021-10-05,2021-10-11,9.631026199804053,3.566826343008177,337.31569272758026,336.77863355353475,338.24056900758296,1.4619354540482163,1.0,0.225822306251646,10
2021-10-08,2021-10-05,2021-10-11,9.611059956009838,3.552505134217064,339.59956805044226,338.7322571268305,340.93935586931184,2.207098742481321,1.0,0.2548641833935687,10
2021-10-08,2021-10-05,2021-10-11,2.230314124453266,3.7088942615051055,341.59393129065126,340.41514305304736,342.88718313677236,2.4720400837250054,0.75,0.1143081575374594,10
2021-10-08,2021-10-05,2021-10-11,3.585352018862083,4.22049812096839,627.7971337052087,625.9608134194277,629.5750635219738,3.614250102546066,0.75,0.1327103381323768,10
2021-10-08,2021-10-05,2021-10-11,2.1157171945188633,4.124428576480489,631.9446521292577,630.3198335166089,634.1775482748635,3.857714758254588,0.75,0.1831682317136868,10
2021-10-08,2021-10-05,2021-10-11,2.8542388517822697,3.308430816685746,336.2998856904933,335.9550186996348,336.7105401298031,0.7555214301683009,1.25,0.1264184265999392,10
2021-10-08,2021-10-05,2021-10-11,3.7829503726828864,3.8921463642543137,329.2954138713757,328.6315128575079,330.3637819038704,1.7322690463624897,0.5,0.0383907433379136,10
2021-10-08,2021-10-05,2021-10-11,2.169096248481094,3.403244138353766,1351.6669910940263,1351.0044468319977,1352.2211699546317,1.2167231226339936,1.0,0.147209768469065,10
2021-10-08,2021-10-05,2021-10-11,2.6721601022041637,4.113051697982434,654.0217624509016,652.9209089637734,655.80203095451,2.881121990736574,1.25,0.0882385546112358,10
2021-10-08,2021-10-05,2021-10-11,2.035825848715626,4.0657969491707195,1228.7211554804403,1228.1597280688584,1229.3830102346838,1.223282165825367,0.75,0.110798930472452,10
2021-10-08,2021-10-05,2021-10-11,2.0841503281976563,17.361938783316955,810.9870863469743,810.738854478579,811.4033253383823,0.6644708598032594,1.0,0.2086086858890319,10
2021-10-08,2021-10-05,2021-10-11,2.917577416731939,4.026620167957005,644.2162674186742,643.0072932061739,646.5465683778748,3.539275171700865,1.25,0.1160780395768563,10
2021-10-08,2021-10-05,2021-10-11,8.924519096239981,3.9663788435399394,643.0752347188902,640.3573143873364,646.3055256553926,5.948211268056184,1.25,0.117140153031461,10
2021-10-08,2021-10-05,2021-10-11,2.184031222069585,3.7063415434761486,682.7203076608374,682.3459689109586,683.3075706674717,0.9616017565131189,1.25,0.0265449608568335,10
2021-10-11,2021-10-11,2021-10-12,9.316552432602316,4.101353257589146,636.1492719062609,634.9853791361675,637.6719760876149,2.6865969514474273,1.0,0.2940911379294445,10
2021-10-11,2021-10-11,2021-10-12,2.5672087501491663,3.010925101552255,652.9862038382336,652.4390430813655,653.9033730062656,1.4643299249000847,0.5,0.2257680750885465,10
2021-10-11,2021-10-11,2021-10-12,3.943128010414725,3.065497382215239,651.8203340287833,651.2736331517808,652.5041247303598,1.230491578578949,0.5,0.1487026826446139,10
2021-10-11,2021-10-11,2021-10-12,6.090236675925831,3.2082774337454563,648.4594929749958,647.9836860569194,649.1365789417177,1.152892884798348,1.0,0.2356183053899836,10
2021-10-11,2021-10-11,2021-10-12,3.957703362251797,3.302761305769407,649.5863861957212,649.0156727950089,650.254738102667,1.2390653076581657,1.25,0.2444754722955212,10
2021-10-11,2021-10-11,2021-10-12,3.041277118931522,3.06813451316798,650.7345054652674,650.31628055498,651.2804640261456,0.9641834711655974,0.5,0.0809339283797966,10
2021-10-11,2021-10-11,2021-10-12,2.492414294482419,3.4338206894695276,330.41255266826954,330.11847375147045,330.8546206583269,0.7361469068564475,0.75,0.3453349812843018,10
2021-10-11,2021-10-11,2021-10-12,4.522626204803334,3.474608365411892,311.19956836880965,310.97464716015384,311.94599871337414,0.971351553220302,1.25,0.571832450163956,10
2021-10-11,2021-10-11,2021-10-12,4.717437060761379,3.5610730548344485,650.4113592725175,648.8912707893178,652.5041247303598,3.612853941041976,0.75,0.1494291228916541,10
2021-10-19,2021-10-12,2021-10-27,5.225545063368172,3.983603329974879,660.2416613687922,659.2655086833984,660.9380051689222,1.6724964855238795,0.75,0.2478806307966675,10
2021-10-19,2021-10-12,2021-10-27,8.78092244979924,3.849973540651888,651.6240659774481,650.7966785938479,652.5041247303598,1.7074461365118625,1.0,0.4231093705194705,10
2021-10-19,2021-10-12,2021-10-27,16.80258366459042,3.824251626805415,649.1573107916677,647.7451981366612,651.0419867462479,3.296788609586656,1.25,0.4542298408526103,10
2021-10-19,2021-10-12,2021-10-27,7.890821818815994,4.2604723275601515,324.60377319013384,324.1814246335998,325.3468614090234,1.1654367754235864,0.75,0.2413589715516976,10
2021-10-19,2021-10-12,2021-10-27,9.68868526775528,4.083523996209488,313.767077991897,313.30268280534074,314.5157139869407,1.2130311815999448,1.0,0.556203347707497,10
2021-10-19,2021-10-12,2021-10-27,8.900828461421955,4.249777107300615,310.1264968167006,309.76199912047014,310.7263698191382,0.9643706986680628,0.75,0.0192027573568135,10
2021-10-19,2021-10-12,2021-10-27,8.530298469736772,3.934801754165115,310.9670513352803,310.48106166673824,311.69927508197725,1.2182134152390065,1.0,0.3078830482469303,10
2021-10-19,2021-10-12,2021-10-27,2.0641196910134374,3.7814221937524928,1966.9883895857736,1966.8108913968315,1967.3377080578357,0.5268166610039771,1.0,0.1912451804757485,10
2021-10-19,2021-10-12,2021-10-27,2.242891932005345,3.9237369466642873,640.3807382520602,638.6539219417609,642.4267274704762,3.772805528715253,1.25,0.2362406258978943,10
2021-10-19,2021-10-12,2021-10-27,3.4189011770759596,3.9339706829988206,636.9159744701335,636.6884566904046,637.4223774112761,0.7339207208715379,1.0,0.1430126215126889,10
2021-10-19,2021-10-12,2021-10-27,6.053810255105581,4.061930296101163,660.1591356001665,658.7187042273581,661.1752977245487,2.4565934971906245,1.25,0.2788193265761128,10
2021-10-19,2021-10-12,2021-10-27,5.8599033596891275,3.7805593170441423,652.7949300738388,651.9627936994657,653.9033730062656,1.9405793067999184,1.25,0.3082787061799237,10
2021-10-19,2021-10-12,2021-10-27,4.833878708001829,3.893715508226009,648.3071378161019,647.8510912959464,649.2609809474088,1.4098896514624355,1.0,0.2211058472920871,10
2021-10-19,2021-10-12,2021-10-27,4.65963080791871,3.7002136021513024,645.6416102675751,645.4037582604215,646.1267222692259,0.7229640088044107,1.0,0.2763952272150276,10
2021-10-19,2021-10-12,2021-10-27,6.25780606155986,3.9122530672309415,336.7167039508,336.46523197740316,337.20028266403824,0.735050686635077,1.0,0.3907592023489099,10
2021-10-19,2021-10-12,2021-10-27,2.106732783437215,10.035119349635528,638.041313944096,637.7739802720025,638.7579154195264,0.98393514752388,1.0,0.2752615926673247,10
2021-10-19,2021-10-12,2021-10-27,12.673035563570489,3.4440271489336944,332.9966347694902,332.30672433646396,333.79079506359994,1.484070727135986,1.5,0.6677485890526706,10
2021-10-19,2021-10-12,2021-10-27,8.332110333790563,3.390391202733742,332.8931415644304,332.3144651209004,333.5527503974736,1.2382852765731514,1.0,0.4801557874894155,10
2021-10-19,2021-10-12,2021-10-27,6.629075044054147,3.3988120183351795,331.65965852451654,331.0999195999466,332.3145236312412,1.2146040312945845,1.25,0.4552516793709094,10
2021-10-19,2021-10-12,2021-10-27,6.1696834007028425,3.2766641180346623,324.12977007282296,323.65276466775686,324.8551707486622,1.202406080905348,0.75,0.6470710902236885,10
2021-10-19,2021-10-12,2021-10-27,6.266856705842655,3.1894206727828744,313.51981089845225,313.0560850305483,314.2691994747147,1.213114444166422,0.75,0.5911501490014976,10
2021-10-19,2021-10-12,2021-10-27,5.673753721321945,3.2782627341005126,310.24945685310314,309.76199912047014,310.973162565846,1.2111634453758595,0.75,0.60454485150643,10
2021-10-19,2021-10-12,2021-10-27,24.723786284810764,3.666284334688283,335.09603593524076,334.0353904264048,336.4656688631512,2.4302784367464483,1.5,0.8278109677182524,10
2021-10-19,2021-10-12,2021-10-27,5.499501528346158,3.3028876557443723,307.7784877461368,307.5447382903658,308.3069963254966,0.7622580351307988,1.0,0.5527113228434566,10
2021-10-30,2021-10-27,2021-11-03,3.9146115509686106,17.690221392993514,1544.1104135773196,1543.3376252334565,1545.6920309420675,2.3544057086110115,1.25,0.0271611184002668,10
2021-10-30,2021-10-27,2021-11-03,8.746223611642268,16.522444238592673,1546.760609744049,1545.1836457247846,1548.0514469468037,2.8678012220188975,1.75,0.0407817651986694,10
2021-10-30,2021-10-27,2021-11-03,2.0782353353729124,18.201720238139153,1545.764455200048,1545.4467227896675,1546.2181850690397,0.7714622793719172,1.5,0.020432349188321,10
2021-10-30,2021-10-27,2021-11-03,16.06506041150728,15.892709007982294,1543.3046697263649,1541.747822524514,1546.2181850690397,4.470362544525415,2.5,0.0654853795813408,10
2021-10-30,2021-10-27,2021-11-03,6.6960864853156234,18.638741564550138,1541.414441561545,1540.4439179375768,1542.52966237301,2.0857444354332983,1.25,0.0297147606427947,10
2021-10-30,2021-10-27,2021-11-03,2.2388870311092632,19.99631307019356,1540.445108358383,1540.1801300989464,1540.953013932798,0.7728838338516653,0.75,0.0174386818827027,10
2021-10-30,2021-10-27,2021-11-03,2.3896366792928756,13.162243429547498,1542.076443717145,1541.4839636171237,1543.057225280907,1.5732616637833416,2.0,0.0613514267708035,10
2021-10-30,2021-10-27,2021-11-03,19.166608516942706,16.609448089219143,1535.2652574893164,1533.4677492114715,1539.8565054554492,6.388756243977696,3.5,0.0672734727055693,10
2021-10-30,2021-10-27,2021-11-03,5.310435176046941,17.535567142580145,1541.4355646478446,1540.707705780398,1542.52966237301,1.8219565926119683,1.25,0.0276926832248778,10
2021-10-30,2021-10-27,2021-11-03,3.8651550356902944,18.71178755655605,1558.8679556582358,1557.411791191902,1559.9789736988023,2.5671825069002807,1.75,0.0397004061877342,10
2021-10-30,2021-10-27,2021-11-03,2.744634556019588,15.506185750256904,1538.8489745090133,1536.0948089174926,1540.120325947646,4.0255170301534235,1.25,0.026096407800786,10
2021-10-30,2021-10-27,2021-11-03,16.145700560445718,16.15205581570461,1541.0199283133477,1540.1801300989464,1542.256989587564,2.076859488617629,3.25,0.144178978989218,10
2021-10-30,2021-10-27,2021-11-03,2.6297358970577345,18.250066172223143,1540.6683530503738,1540.1801300989464,1541.4654128635302,1.285282764583826,0.75,0.0186461733089729,10
2021-10-30,2021-10-27,2021-11-03,2.1427716173766735,19.503003284480172,1540.6997236123675,1540.4439179375768,1541.216801777482,0.772883839905262,0.75,0.0168641609032546,10
2021-10-30,2021-10-27,2021-11-03,5.0872090502556455,3.293138007048402,1549.0001327512502,1547.8061387944035,1550.158348696772,2.352209902368486,1.25,0.0387579039571078,10
2021-10-30,2021-10-27,2021-11-03,2.205514083516011,4.36331609903023,1549.3202829564843,1548.891992524732,1550.158348696772,1.2663561720401049,1.5,0.0336604158805926,10
2021-10-30,2021-10-27,2021-11-03,59.59966873215111,4.678646958229195,1556.3581261122345,1549.1551098087805,1562.31810991792,13.16300010913983,5.5,0.1742304272065063,10
2021-10-30,2021-10-27,2021-11-03,4.905536285669761,15.575495425790644,1546.4458045938777,1545.7097998550162,1547.2863865303807,1.576586675364524,1.75,0.0324424042812703,10
2021-10-30,2021-10-27,2021-11-03,2.3876290160465956,15.287343322700464,1547.7100262175015,1547.279830223415,1548.3146012295038,1.034771006088704,1.0,0.021344530072364,10
2021-10-30,2021-10-27,2021-11-03,3.996005409205297,16.74076132288811,1548.9992367599186,1548.3657579449937,1549.6320710503496,1.2663131053559482,1.75,0.0279812569085452,10
2021-10-30,2021-10-27,2021-11-03,2.072823837530969,16.232560102202665,1534.6646440182071,1534.2674999600276,1535.2736523537897,1.0061523937620225,1.25,0.0212277609034754,10
2021-10-30,2021-10-27,2021-11-03,8.167873520733924,3.5916574163493347,637.8527526966807,634.4967865287326,642.1833741823211,7.686587653588504,1.5,0.1004030694583204,10
2021-10-30,2021-10-27,2021-11-03,4.794743471908702,3.4683063264622485,309.12686883359345,308.7546972804703,309.7605689652264,1.00587168475613,0.75,0.059106850251599,10
2021-10-30,2021-10-27,2021-11-03,18.5755478454448,4.098855646623421,1528.424684039816,1521.9246195252051,1532.0743042365648,10.14968471135944,4.75,0.1160547694511963,10
2021-10-30,2021-10-27,2021-11-03,3.640992384700175,4.152740226140766,1534.421730567076,1533.4677492114715,1535.540268545505,2.0725193340331316,1.0,0.0429545610930569,10
2021-10-30,2021-10-27,2021-11-03,42.90588800291652,3.8706559149098543,1541.5003757736674,1535.0283442013897,1547.788292663172,12.759948461782187,3.5,0.1674022281032509,10
2021-10-30,2021-10-27,2021-11-03,11.043262780089082,18.730632198799945,1534.7693986362092,1532.8954610908404,1536.6067332508974,3.7112721600569785,2.5,0.0526049994909129,10
2021-10-30,2021-10-27,2021-11-03,4.198668579121666,16.724823731099075,1551.9942467279832,1549.913040544372,1554.2554707825184,4.342430238146335,1.5,0.0280471194790983,10
2021-10-30,2021-10-27,2021-11-03,2.124937162753854,16.864135337796863,1559.5437458326662,1558.953954842873,1560.760975043755,1.807020200882107,1.0,0.0338689660658389,10
2021-10-30,2021-10-27,2021-11-03,2.04664087188456,15.502780352247363,1559.501991392346,1558.953954842873,1559.9789736988023,1.0250188559293747,0.75,0.0247899141622357,10
2021-10-30,2021-10-27,2021-11-03,4.322660811292986,18.137562743490143,1557.777460759838,1556.8658207361586,1559.45916656591,2.5933458297513425,2.0,0.0347819072681568,10
2021-10-30,2021-10-27,2021-11-03,3.6790359995151216,16.64272944989235,1556.684420899231,1556.0844007004052,1557.657099344302,1.5726986438967288,1.5,0.0329872783310663,10
2021-10-30,2021-10-27,2021-11-03,5.858484865297876,15.623239427404869,1554.4095995756163,1553.2419298295863,1555.572794113774,2.3308642841875553,1.75,0.0362544902406078,10
2021-10-30,2021-10-27,2021-11-03,15.696618605469398,18.64602585511043,1553.35952274185,1549.3867628979497,1555.833308515139,6.446545617189258,2.5,0.0511350191464025,10
2021-11-12,2021-11-03,2021-11-22,13.997520695560118,3.64099107711864,1541.8825965374613,1530.1914564152248,1554.7762645445764,24.584808129351583,1.75,0.1094212556908014,11
2021-11-12,2021-11-03,2021-11-22,2.847143313474101,4.265723013045825,303.75367549542653,303.3878056774847,304.37457013502717,0.9867644575424492,0.75,0.0922090755464579,11
2021-11-12,2021-11-03,2021-11-22,2.08475991895637,4.105462662094113,302.31265553686484,301.9797059930861,303.00246110837907,1.0227551152929664,0.5,0.0251167413591032,11
2021-11-12,2021-11-03,2021-11-22,12.565846939838565,11.652597021351548,379.2778308614355,378.5649744300172,380.2978490544483,1.7328746244311333,1.0,0.2788088868213398,11
2021-11-12,2021-11-03,2021-11-22,2.346875972688391,15.7504754599183,1845.3946099754685,1845.146817298606,1845.8872496853585,0.740432386752218,0.75,0.2701643019811308,11
2021-11-12,2021-11-03,2021-11-22,2.536236081500109,4.123402405266283,649.5011697998775,649.2550161061808,649.9790108809248,0.7239947747439146,0.5,0.1209358373172459,11
2021-11-12,2021-11-03,2021-11-22,3.9171645955647136,5.249833068147177,649.4831242759516,648.2221739781089,650.8035094677471,2.5813354896381497,1.0,0.0368408381901428,11
2021-11-12,2021-11-03,2021-11-22,2.00062228903509,5.445711492698681,645.879554459184,645.1639082925394,646.8462324491702,1.6823241566307845,1.0,0.0277862297879986,11
2021-11-12,2021-11-03,2021-11-22,5.2702297831389675,6.987485262370534,939.7966152657556,938.8986640907824,941.101740439888,2.203076349105686,0.75,0.4924723586807042,11
2021-11-12,2021-11-03,2021-11-22,2.4001556768489,3.190662401477477,1161.4994114732922,1160.9066685242578,1162.3764509754255,1.469782451167703,0.75,0.3573076546713036,11
2021-11-12,2021-11-03,2021-11-22,4.86874742205434,3.7729114471740113,299.09706677399026,298.7861105124466,299.77326247422025,0.987151961773634,0.75,0.0823007247615156,11
2021-11-12,2021-11-03,2021-11-22,2.5124123670094063,4.495307921288731,318.7560578997198,318.42540382035077,319.163759812247,0.7383559918962419,1.0,0.040227664979039,11
2021-11-12,2021-11-03,2021-11-22,5.381643839795982,4.087375075780711,302.5511479051004,301.9797059930861,303.00246110837907,1.0227551152929664,1.0,0.0904501377037663,11
2021-11-12,2021-11-03,2021-11-22,2.650877780172324,4.650894314830191,302.2882749833382,301.9797059930861,302.719683513511,0.7399775204248726,0.5,0.0172347886468893,11
2021-11-12,2021-11-03,2021-11-22,4.5603680905908295,4.020364446851905,305.0636903454848,304.5819023223594,305.8580814464949,1.276179124135524,0.75,0.549197073291384,11
2021-11-12,2021-11-03,2021-11-22,5.071189201363166,4.360098484815504,304.3598062065801,303.88210988091305,305.0743442014791,1.1922343205660582,0.75,0.0979444414125063,11
2021-11-12,2021-11-03,2021-11-22,3.926188869221127,4.178014486605232,319.3753419376816,319.1644995743409,319.9019035534002,0.7374039790593088,0.75,0.0153515588708404,11
2021-11-12,2021-11-03,2021-11-22,5.581208154477156,4.094362540147878,329.65617874719743,329.1219846480526,330.3637819038704,1.2417972558178008,0.75,0.2116431015021894,11
2021-11-12,2021-11-03,2021-11-22,4.357226569777283,4.006951291242118,332.24954718619307,331.57871619425714,333.06214330578223,1.4834271115250883,0.75,0.1696924822049635,11
2021-11-12,2021-11-03,2021-11-22,8.092329587334557,4.2289615600017285,338.2600967826678,337.7506263954565,338.9775652792305,1.2269388837739823,0.75,0.2179852232837734,11
2021-11-12,2021-11-03,2021-11-22,4.2541646424391075,4.133330330048942,345.0253434572224,344.8409422636032,345.40625672461465,0.5653144610114396,0.75,0.0200903485243447,11
2021-11-12,2021-11-03,2021-11-22,3.948845530176787,4.01143225589828,645.0526276115623,644.6525969700888,645.6208432964049,0.968246326316148,0.75,0.3364458079036969,11
2021-11-12,2021-11-03,2021-11-22,4.036149475075169,4.197385104949529,645.6803841106944,645.4037582604215,646.3665589950979,0.9628007346764208,0.75,0.5528196974406239,11
2021-11-12,2021-11-03,2021-11-22,3.0952909077380877,4.766251772273987,44.99902849506504,44.76746504101902,45.50884230621159,0.7413772651925683,1.25,0.1701520361160493,11
2021-11-12,2021-11-03,2021-11-22,2.0703351863248716,5.193280489043935,45.90388198727825,45.76017227722332,46.2535147103481,0.4933424331247806,1.0,0.2203005971315645,11
2021-11-12,2021-11-03,2021-11-22,3.325763436351276,3.05311592464462,1346.147855833305,1345.8896868703887,1346.6081866282038,0.7184997578151524,1.25,0.2147031778571209,11
2021-11-12,2021-11-03,2021-11-22,3.225852492230679,13.567179561079088,1814.157225046632,1814.0925427800976,1814.587246765848,0.4947039857506752,1.5,0.1976235635904375,11
2021-11-12,2021-11-03,2021-11-22,2.985404507600146,7.460567589570021,1949.689559081908,1949.5955074862577,1950.128099930007,0.5325924437493086,1.25,0.2407584370866605,11
2021-11-12,2021-11-03,2021-11-22,7.818845953820321,10.303142976543182,1947.9396257147832,1947.3870130209252,1949.8408156386577,2.4538026177324355,1.75,0.3214818669656316,11
2021-11-12,2021-11-03,2021-11-22,2.669246454624033,11.346173984986487,1949.1001636707751,1947.967952280305,1949.8408156386577,1.8728633583523333,0.75,0.2906332981447588,11
2021-11-12,2021-11-03,2021-11-22,4.681986966387681,4.1776232183083595,1967.0400254286917,1966.8108913968315,1967.6192165683024,0.8083251714706421,1.75,0.2392761819884639,11
2021-11-12,2021-11-03,2021-11-22,2.950787847674226,3.2877560421659413,2133.32911796891,2133.203408617992,2133.6843035463244,0.4808949283324182,0.75,0.4202255417892361,11
2021-11-12,2021-11-03,2021-11-22,8.041266855601364,3.860854495009841,296.39006588349656,295.8413127954118,297.36725689144805,1.5259440960362554,1.25,0.0296842565273953,11
2021-11-12,2021-11-03,2021-11-22,2.0055327449757563,8.75646492016148,1947.862376531444,1947.6774826506153,1948.2132604327053,0.5357777820900083,1.25,0.1882407097054133,11
2021-11-12,2021-11-03,2021-11-22,5.716445741643757,3.180761334047444,1351.4329786947767,1350.7679464397952,1352.4320071456025,1.66406070580706,1.5,0.3456862190842414,11
2021-11-12,2021-11-03,2021-11-22,2.619864083734779,12.931212657621003,1505.6382169278902,1505.3825931348838,1506.14809477143,0.7655016365461051,0.75,0.124949769501657,11
2021-11-12,2021-11-03,2021-11-22,2.858406637291545,4.886245731533061,1529.5961898494224,1529.12235308066,1530.4367645676248,1.3144114869646728,1.0,0.2842584680558538,11
2021-11-12,2021-11-03,2021-11-22,2.5192343867276494,6.843597130288235,1531.5439179598598,1529.9240886713378,1532.340920462273,2.416831790935248,0.75,0.3482241029994491,11
2021-11-12,2021-11-03,2021-11-22,5.9195715014085115,5.441579592199549,1532.7402419076584,1532.095612309873,1533.4073854563758,1.3117731465026736,1.0,0.4279254896590472,11
2021-11-12,2021-11-03,2021-11-22,4.332715379189478,3.473653331559314,297.1166595462829,296.6265835301019,297.8443472906947,1.2177637605927885,0.75,0.0222418500239738,11
2021-12-03,2021-11-30,2021-12-06,2.1645661428307243,17.620568183807872,1383.487296034681,1383.080540004652,1384.1031487239525,1.0226087193004787,2.75,0.0420298093698456,12
2021-12-03,2021-11-30,2021-12-06,2.2136337833604496,17.170848783063622,1383.2028034652774,1382.0561608718708,1384.3274170402435,2.271256168372929,1.5,0.0680890748918332,12
2021-12-09,2021-12-06,2021-12-13,3.6071625506730776,4.1351988584538155,1966.9596683019288,1966.8108913968315,1967.3377080578357,0.5268166610039771,2.0,0.2291170870094011,12
2021-12-09,2021-12-06,2021-12-13,10.262072222797224,10.490911043731392,1948.2216812517115,1947.0965433898384,1949.8408156386577,2.7442722488194704,2.75,0.6398256079811242,12
2021-12-09,2021-12-06,2021-12-13,2.056946267366882,7.350818679207087,1949.472399128798,1947.967952280305,1950.128099930007,2.1601476497016847,1.0,0.1971304971892401,12
2021-12-09,2021-12-06,2021-12-13,2.2947363381661607,11.640247934016822,1944.8005155985709,1944.481174521148,1945.594778236933,1.1136037157848475,1.0,0.1576095772896233,12
2021-12-09,2021-12-06,2021-12-13,3.0522742220765746,3.745504054022096,1962.807746908405,1961.2579129002988,1963.9627965264951,2.7048836261965334,2.0,0.1968937019111608,12
2021-12-09,2021-12-06,2021-12-13,4.9081261264887255,19.379844296051044,1582.9541198506756,1582.5278806397691,1583.5413649627008,1.0134843229316175,1.5,0.2096927096693052,12
2021-12-09,2021-12-06,2021-12-13,3.444997303636419,4.751179456049217,644.0151666677232,643.6521434513852,644.6205818741582,0.9684384227730334,0.75,0.0176646188654203,12
2021-12-09,2021-12-06,2021-12-13,7.67776371594168,11.514926540280191,379.5106352937703,379.0521771190688,380.2978490544483,1.2456719353795052,0.75,0.3562671298692512,12
2021-12-09,2021-12-06,2021-12-13,3.563094167635187,18.70613851420373,1370.999700584593,1370.7291659791954,1371.698921635747,0.9697556565515696,1.5,0.2148187754778986,12
2021-12-09,2021-12-06,2021-12-13,2.6956771201773284,3.2329464478257677,1176.381665209905,1176.2207990125753,1176.7138200816698,0.4930210690945387,1.25,0.17569427382955,12
2021-12-09,2021-12-06,2021-12-13,2.4540847116888114,3.2050650511473338,875.2294188679369,874.7435484896414,875.7316585136577,0.9881100240163504,1.0,0.2196852657031797,12
2021-12-09,2021-12-06,2021-12-13,4.092109170800648,6.933730012669719,939.8575936638834,938.8986640907824,941.101740439888,2.203076349105686,1.0,0.1661005193523049,12
2021-12-09,2021-12-06,2021-12-13,2.789736299649463,14.84731558931182,1461.2667307688298,1460.8594068796374,1462.20108608203,1.3416792023926971,1.0,0.1742151184904736,12
2021-12-09,2021-12-06,2021-12-13,2.517381083636267,12.230970301694558,1553.1488034706526,1552.9814001582563,1553.4872379819865,0.5058378237299621,1.0,0.306870245818897,12
2021-12-09,2021-12-06,2021-12-13,2.035346884548066,19.37797569995067,1583.1019449413031,1582.7826085281558,1583.5413649627008,0.7587564345449209,1.0,0.0874795961364433,12
2021-12-09,2021-12-06,2021-12-13,2.4351721890632323,11.192538550824937,378.6246397497106,378.5649744300172,379.05388392694294,0.4889094969257712,1.0,0.0688278483785807,12
2021-12-09,2021-12-06,2021-12-13,8.05413878762817,4.053369650994708,664.904008614641,664.3560604909435,665.7390992054716,1.3830387145280838,0.75,0.5909498343791026,12
2021-12-09,2021-12-06,2021-12-13,2.4961185089106968,3.1182984289476217,2133.214962482843,2132.954353590496,2133.6843035463244,0.7299499558284879,0.75,0.2513552560694196,12
2021-12-09,2021-12-06,2021-12-13,5.451075859251265,4.614517086953352,642.6408044228809,641.7282193172723,643.6826644823886,1.95444516511634,1.0,0.1588410443291835,12
2021-12-09,2021-12-06,2021-12-13,3.7824327724813225,4.5958883725922535,644.6178964809129,643.8931868737563,645.8234402104281,1.93025333667174,0.5,0.1019148015111702,12
2021-12-09,2021-12-06,2021-12-13,2.8337868978463043,4.6387773576706435,44.99093521858736,44.76746504101902,45.50884230621159,0.7413772651925683,1.0,0.237317529005094,12
2021-12-09,2021-12-06,2021-12-13,6.617081928483313,4.597624308747091,304.12831706721,303.25185445323586,305.61092906445265,2.3590746112167835,2.5,0.2421735648540969,12
2021-12-09,2021-12-06,2021-12-13,2.78779652543436,4.317124680500869,318.8163959371857,318.67145138280466,319.163759812247,0.4923084294423461,1.0,0.039450064085009,12
2021-12-09,2021-12-06,2021-12-13,2.626243935508321,5.556925400229172,44.39179730897544,44.28670475911349,45.01277319341898,0.7260684343054891,1.0,0.1574273787122756,12
2021-12-09,2021-12-06,2021-12-13,4.500717733712494,3.8748283116769855,662.7151233485242,662.4665432521142,663.1854782998562,0.7189350477419794,0.5,0.3885336922725961,12
2021-12-09,2021-12-06,2021-12-13,2.563880715772594,18.694196867133293,1608.1592161775693,1607.9741290598176,1608.7202240312472,0.7460949714295566,1.75,0.2142477764535358,12
2021-12-09,2021-12-06,2021-12-13,3.651724003097291,13.283679225272811,1814.245505011177,1813.8431468536144,1814.587246765848,0.7440999122336507,1.5,0.163708733517898,12
2021-12-15,2021-12-13,2021-12-17,4.524147728618595,11.972468769846085,1848.8269553362877,1846.6546646147035,1851.8204421103,5.165777495596558,2.25,0.0625263451386766,12
2021-12-28,2021-12-21,2022-01-04,2.6662051241505784,3.7351364391715944,1536.2805618736932,1533.4677492114715,1540.120325947646,6.652576736174524,1.75,0.0603506176324796,12
2021-12-28,2021-12-21,2022-01-04,17.68844721051133,4.626909910334704,1553.3146348394123,1546.514689290896,1557.9176133419387,11.402924051042646,4.0,0.1181167160586472,12
2021-12-28,2021-12-21,2022-01-04,2.1981369314488868,10.924449984024715,923.6669046994468,922.6995334457606,925.3889755751006,2.689442129340023,1.25,0.067517125469627,12
2021-12-28,2021-12-21,2022-01-04,2.56062891090438,4.744747527582605,1556.8722290786584,1556.344874042552,1557.657099344302,1.3122253017500043,0.75,0.1484340417280253,12
2021-12-28,2021-12-21,2022-01-04,2.2768159643629633,4.592570101500816,1529.7152678967263,1529.389353195671,1530.1693968237378,0.7800436280667782,0.5,0.075118663298122,12
2022-01-27,2022-01-20,2022-02-03,3.1068786515870808,3.35843096135614,660.7451273092513,659.9074828322046,662.0440612039529,2.136578371748328,1.25,0.0449137148629828,1
2022-01-27,2022-01-20,2022-02-03,2.0311367833825016,10.59038124068532,379.0154355623557,378.808575774543,379.5410866159946,0.7325108414515853,1.25,0.0980117149583194,1
2022-01-27,2022-01-20,2022-02-03,2.1522221139478823,5.672614732699269,44.41841409865521,44.28670475911349,45.01277319341898,0.7260684343054891,0.75,0.1067235441013309,1
2022-01-27,2022-01-20,2022-02-03,2.8607131471944856,4.846576510525362,44.96835868300873,44.76746504101902,45.50884230621159,0.7413772651925683,1.0,0.2552705735114408,1
2022-01-27,2022-01-20,2022-02-03,2.014368131354822,3.704017085013758,48.33951513348132,48.23994875326753,48.73329146113247,0.4933427078649401,1.25,0.1121663555788983,1
2022-01-27,2022-01-20,2022-02-03,5.477099865214919,4.645875188618913,304.07321511701696,303.3878056774847,305.3214779281989,1.933672250714153,2.0,0.1232799204906627,1
2022-01-27,2022-01-20,2022-02-03,3.173722056764164,11.37940099646807,378.5933285401355,378.5649744300172,379.05388392694294,0.4889094969257712,1.0,0.22892417086868,1
2022-01-27,2022-01-20,2022-02-03,2.0506485938243944,9.933379378860884,1869.1682752489885,1868.9764189501293,1869.505555447191,0.5291364970616996,0.75,0.133733624179699,1
2022-01-27,2022-01-20,2022-02-03,2.1133653026077286,9.627900125302595,1947.761989177732,1947.6774826506153,1948.2132604327053,0.5357777820900083,1.25,0.2102682559818113,1
2022-01-27,2022-01-20,2022-02-03,3.506296744569263,3.890188110802597,1962.7181663879037,1961.5432981615888,1963.9627965264951,2.419498364906758,2.0,0.1319742038273331,1
2022-01-27,2022-01-20,2022-02-03,4.68907637199204,3.872015603416052,1966.858172318524,1966.2521541593596,1967.3377080578357,1.0855538984760642,1.25,0.2627418995246264,1
2022-01-27,2022-01-20,2022-02-03,2.0003855666680237,8.921332729174056,2014.0482026371435,2013.8478413010016,2014.3427701662297,0.4949288652278483,1.0,0.1281694103437561,1
2022-01-27,2022-01-20,2022-02-03,3.834447299845828,19.164662801413463,1583.9013080604848,1583.5507943313569,1584.305577528197,0.7547831968404353,2.0,0.1797475305524232,1
2022-01-27,2022-01-20,2022-02-03,2.4367875432467856,18.290558021518436,1608.374200878396,1608.2245224695653,1608.9890421107411,0.7645196411758661,2.25,0.1487665493796957,1
2022-01-27,2022-01-20,2022-02-03,3.045958825020075,13.509749741631696,1814.30111951945,1814.0925427800976,1814.587246765848,0.4947039857506752,1.75,0.1710391667061641,1
2022-01-27,2022-01-20,2022-02-03,2.7072219964266893,14.753942719761364,1347.355671810971,1347.2006903598085,1347.709556708578,0.5088663487695158,1.0,0.1768713342479472,1
2022-01-27,2022-01-20,2022-02-03,2.2396192759441766,9.326217000992354,1337.9760248246178,1337.6525257723406,1338.3709599636495,0.7184341913089156,0.75,0.2126672209753128,1
2022-01-27,2022-01-20,2022-02-03,2.032574289155565,14.14362048625359,1215.562947736939,1215.1642964673229,1216.1216938747093,0.957397407386452,1.25,0.1621098426720484,1
2022-01-27,2022-01-20,2022-02-03,3.6001307924845327,8.554865050496723,1549.322194932555,1548.6288752364926,1550.158348696772,1.5294734602794051,1.0,0.1961436333115811,1
2022-01-27,2022-01-20,2022-02-03,2.567314355308774,4.492041969694107,1552.265685965206,1548.891992524732,1555.0366614297964,6.144668905064464,3.5,0.0680504887393879,1
2022-01-27,2022-01-20,2022-02-03,3.114681719933809,8.492366858537853,1843.023435917845,1842.124079592526,1843.8192750927992,1.6951955002732575,3.25,0.1322075045656495,1
2022-01-27,2022-01-20,2022-02-03,2.336357588402748,4.450442101319177,1557.0314952421847,1555.327485961374,1558.1781273423694,2.850641380995512,2.5,0.0625243566139579,1
2022-01-27,2022-01-20,2022-02-03,3.2081899372956535,9.104514287837777,1549.2708902566433,1548.3657579449937,1550.4214875185862,2.0557295735925436,1.5,0.0658604723671518,1
2022-01-27,2022-01-20,2022-02-03,3.450546174043706,19.091549129933735,1370.9424481511935,1370.7291659791954,1371.457439134363,0.7282731551676989,1.5,0.312379278093897,1
2022-05-08,2022-05-03,2022-05-13,2.45151645798726,5.234695423179989,1533.9142956280791,1533.4677492114715,1534.5128081124276,1.0450589009560645,0.75,0.1630408377780161,5
2022-05-08,2022-05-03,2022-05-13,2.870082017477983,6.526485536132249,2014.8463917465629,2013.58383894898,2017.248961287085,3.665122338104993,1.75,0.1435126623719069,5
2022-05-21,2022-05-18,2022-05-25,3.3835347327822283,19.64613669907502,1583.9239053491362,1583.5507943313569,1584.5580222476274,1.0072279162704945,1.75,0.2185494233081789,5
2022-06-11,2022-06-07,2022-06-15,4.036124330989549,3.2351127351031623,1351.7313853496355,1351.266547864303,1352.2211699546317,0.9546220903284848,0.75,0.0665712383605272,6
2022-06-11,2022-06-07,2022-06-15,2.8842970729662176,3.1735598082217824,1352.6956846222542,1352.423199384939,1353.3780086981133,0.9548093131743371,0.75,0.0928865776153115,6
2022-06-23,2022-06-15,2022-07-01,2.7496063389983543,3.883664464971003,1818.1537037370836,1817.691641729325,1818.6829553744756,0.9913136451505123,1.0,0.1372047256696776,6
2022-07-09,2022-07-06,2022-07-12,2.081255324037108,3.852774983547453,2107.565163092695,2106.1393487048335,2109.580678279046,3.441329574212432,1.25,0.0425098333883294,7
2022-07-15,2022-07-12,2022-07-18,2.2054343583664813,14.77942485455424,1461.0667929205413,1460.5769014242103,1461.9186953119934,1.341793887782842,0.75,0.2136866177022294,7
2022-07-15,2022-07-12,2022-07-18,2.8845638455819533,18.63109499027973,1384.683893763062,1383.3172756666318,1387.1675080945715,3.8502324279397726,1.5,0.0588840916185925,7
2022-07-15,2022-07-12,2022-07-18,2.090327187475087,19.800368902142065,1582.868029523644,1582.5278806397691,1583.2826445698738,0.7547639301046729,1.25,0.1959608937385378,7
2022-07-15,2022-07-12,2022-07-18,2.482279940109358,9.163865611097506,1480.980961440128,1480.7441369807348,1481.549018362537,0.8048813818022609,0.75,0.1085992200422124,7
2022-07-15,2022-07-12,2022-07-18,2.7431683491926933,19.804422718164982,1480.905745974026,1480.7441369807348,1481.2692317496983,0.5250947689637542,0.75,0.0970770425437727,7
2022-07-15,2022-07-12,2022-07-18,2.0719180985052703,3.1420333664834077,1219.5762412417937,1217.815477871336,1221.344900763128,3.52942289179191,0.75,0.0964529089692068,7
2022-07-15,2022-07-12,2022-07-18,2.4090358319657788,14.668146614500005,1229.4878223719202,1229.3470952920616,1229.8288153116591,0.4817200195975601,0.75,0.1738014907274859,7
2022-07-15,2022-07-12,2022-07-18,2.101188757865938,3.1268854290561716,1202.2037015755773,1201.2647782876156,1203.9156768554822,2.650898567866534,0.75,0.0623539210376114,7
2022-07-15,2022-07-12,2022-07-18,3.5081807111796945,6.109140072445387,1910.585035097655,1910.1838220437055,1911.301016524434,1.117194480728358,1.5,0.2509273723387797,7
2022-07-15,2022-07-12,2022-07-18,2.1899511210573768,11.170018446128596,1949.4699279031888,1947.967952280305,1949.8408156386577,1.8728633583523333,1.5,0.2454498932721832,7
2022-07-15,2022-07-12,2022-07-18,2.1550529700265777,11.518550190464865,1945.296817967254,1944.7683346131817,1945.885345972143,1.117011358961463,1.0,0.0613640963051323,7
2022-07-15,2022-07-12,2022-07-18,2.5266745829899397,8.657982667965372,2014.09746201383,2014.0974620138295,2014.3427701662297,0.2453081523999571,1.25,0.1892988241783227,7
2022-07-15,2022-07-12,2022-07-18,4.478595231258685,4.292137461663714,1966.9585500791527,1966.5336522115392,1967.6192165683024,1.0855643567629158,1.75,0.2835464007485081,7
2022-07-15,2022-07-12,2022-07-18,2.0979384861736765,9.022320203174424,1948.596618310922,1947.6774826506153,1949.8408156386577,2.1633329880423844,1.5,0.1827663888839582,7
2022-07-15,2022-07-12,2022-07-18,5.988631879012911,10.1715432373491,1947.7113275476136,1947.0965433898384,1949.8408156386577,2.7442722488194704,2.5,0.3830270579244628,7
2022-07-15,2022-07-12,2022-07-18,2.985349435919932,10.395002943969548,1857.8453261889997,1857.072514771484,1858.9161162921228,1.843601520638913,2.25,0.1451419367057372,7
2022-07-15,2022-07-12,2022-07-18,3.0442103911638445,7.505548413987722,44.526296529662304,44.28670475911349,45.01277319341898,0.7260684343054891,0.75,0.0899639726530631,7
2022-07-15,2022-07-12,2022-07-18,2.3237421873763133,4.80667363138308,44.91895671451576,44.76746504101902,45.260807749815285,0.4933427087962627,0.75,0.1809573431426573,7
2022-07-15,2022-07-12,2022-07-18,2.501623714466856,12.015774353156155,977.0211979745884,976.8100865175948,977.5397990741768,0.7297125565819442,0.75,0.1082526099486952,7
2022-07-15,2022-07-12,2022-07-18,4.9638147567058,20.7681652610382,1345.817489022122,1345.5711911325343,1346.2893934929743,0.7182023604400456,0.75,0.0938426705350997,7
2022-07-15,2022-07-12,2022-07-18,4.7324436030033326,18.760413319098124,1370.9987728879985,1370.7291659791954,1371.698921635747,0.9697556565515696,2.0,0.2399455252573689,7
2022-07-15,2022-07-12,2022-07-18,8.00607678786921,11.658058564385032,379.75872242563383,379.2957784635946,380.5415157051757,1.2457372415810823,1.0,0.2634357191933774,7
2022-07-15,2022-07-12,2022-07-18,2.1683523515089416,19.12024354304074,1582.7722815781046,1582.5278806397691,1583.2826445698738,0.7547639301046729,1.0,0.1649925016818601,7
2022-07-15,2022-07-12,2022-07-18,2.4114036689068192,17.714025734733113,1654.6686801036656,1654.404295890592,1655.1278050327674,0.7235091421753168,0.75,0.0308692143863342,7
2022-07-15,2022-07-12,2022-07-18,5.164776714585275,11.30454130023216,1676.3508810065673,1675.9884573761374,1676.9704043930396,0.981947016902268,0.75,0.363242172750077,7
2022-07-15,2022-07-12,2022-07-18,2.697934568449789,12.026013074841554,979.4926964550256,977.7775223110802,979.9093190347776,2.1317967236973345,0.75,0.2880545325007762,7
2022-07-15,2022-07-12,2022-07-18,2.295737808698334,11.740389976051407,977.5087632891632,977.2944909217769,978.0228304634802,0.7283395417034626,1.0,0.2039161915766341,7
2022-07-15,2022-07-12,2022-07-18,2.77031132829352,3.3061927027432194,1176.6584181016703,1175.9730860963464,1178.947020619642,2.973934523295611,1.25,0.1315538940364304,7
2022-07-15,2022-07-12,2022-07-18,2.390038862008735,3.003578329583849,1153.5976130658048,1145.400475859642,1156.7924693115056,11.391993451863527,0.75,0.0622264288222849,7
2022-07-15,2022-07-12,2022-07-18,2.80763766207085,13.256729261228362,837.5925074990664,837.4716890444979,837.9567436338402,0.4850545893423259,0.75,0.1679774527426408,7
2022-07-15,2022-07-12,2022-07-18,2.619275344169019,6.119026686047001,389.6969466632091,388.8764096009545,391.0279594724998,2.151549871545285,0.5,0.0667514995884248,7
2022-07-15,2022-07-12,2022-07-18,2.8564337464758687,11.693023358918886,381.150649215812,381.0177844935097,381.50669575249776,0.4889112589880824,1.25,0.1615642996883857,7
2022-07-15,2022-07-12,2022-07-18,3.614800833268431,11.269374855580866,378.5331303250637,378.3286847691052,379.05388392694294,0.7251991578377783,1.25,0.1256040526201192,7
2022-07-15,2022-07-12,2022-07-18,6.288584875441482,3.719940575453133,317.2649116060189,316.9605572158471,317.94424813147634,0.9836909156292676,1.25,0.0902125821074122,7
2022-07-15,2022-07-12,2022-07-18,2.4405479945690014,17.634546425552074,778.7749914570936,778.4812125959434,779.4359082495794,0.9546956536360084,1.75,0.0805727479562636,7
2022-08-13,2022-08-10,2022-08-17,7.010928460054112,11.699480145048538,379.6708004674673,379.2957784635946,380.2978490544483,1.002070590853691,1.0,0.1551823196833967,8
2022-08-13,2022-08-10,2022-08-17,2.080306349449549,18.575688898964433,778.6752371379073,778.4812125959434,779.1994457491674,0.7182331532239914,0.75,0.1413027680632367,8
2022-08-13,2022-08-10,2022-08-17,3.7367367698522593,12.039603120300546,976.90797914074,976.5685956594534,977.5397990741768,0.9712034147232772,0.75,0.2178478834846379,8
2022-08-13,2022-08-10,2022-08-17,3.816317187572329,19.042887474398977,1370.9428301816438,1370.7291659791954,1371.457439134363,0.7282731551676989,1.75,0.2373807670154487,8
2022-08-13,2022-08-10,2022-08-17,3.098689038919208,19.35107918908772,1582.809789749447,1582.5278806397691,1583.2826445698738,0.7547639301046729,1.0,0.1773007971011579,8
2022-08-13,2022-08-10,2022-08-17,2.2877610008526688,18.36904739885075,1581.6629453035182,1581.5107103716582,1582.0107319676315,0.5000215959735215,1.0,0.0852236952613961,8
2022-08-13,2022-08-10,2022-08-17,3.1917847092957534,19.822848879178547,1581.6387256640353,1581.5107103716582,1582.2654454098083,0.7547350381501019,1.5,0.1679334712547456,8
2022-08-13,2022-08-10,2022-08-17,2.4811533624194606,19.77596246107667,1582.9027723877496,1582.5278806397691,1583.2826445698738,0.7547639301046729,0.75,0.1157196372393273,8
2022-08-13,2022-08-10,2022-08-17,4.52223003213721,19.41399632327713,1583.8480561963593,1583.2960568103008,1584.305577528197,1.009520717896521,2.5,0.2110936838196263,8
2022-08-13,2022-08-10,2022-08-17,3.1461531000566945,7.664168741340366,1812.6794066501725,1812.587593643926,1813.0824203104712,0.4948266665451228,1.25,0.2620622334729907,8
2022-08-13,2022-08-10,2022-08-17,2.716105831165854,13.555016405924016,1814.0925427800971,1814.0925427800976,1814.3378509324975,0.2453081523999571,1.75,0.221862305489476,8
2022-08-13,2022-08-10,2022-08-17,2.4222567148393743,14.508830904437431,1458.880885649987,1458.5930830799043,1459.41785791656,0.8247748366557062,0.75,0.1670818563009664,8
2022-08-13,2022-08-10,2022-08-17,3.103727668369503,11.26937622321523,378.489959525274,378.3286847691052,379.05388392694294,0.7251991578377783,1.25,0.1240287170192827,8
2022-08-13,2022-08-10,2022-08-17,4.20378693372149,3.927164287473245,317.16832312954443,316.70275972783566,317.6981205432676,0.9953608154319228,1.0,0.0742012442598109,8
2022-08-13,2022-08-10,2022-08-17,5.6934605517449945,4.8040644914797,303.9416148288458,303.25185445323586,305.3214779281989,2.06962347496301,2.25,0.1622456033486132,8
2022-08-13,2022-08-10,2022-08-17,2.3626719778918055,11.756980066334805,977.5198572700472,977.2944909217769,978.0228304634802,0.7283395417034626,1.25,0.1510420650040818,8
2022-08-13,2022-08-10,2022-08-17,2.326947629003723,3.358029481812026,297.1297341075368,296.6265835301019,297.59672403149307,0.9701405013911426,0.75,0.2020938256440192,8
2022-08-13,2022-08-10,2022-08-17,2.790030056161962,5.8974069053501,44.51476601153701,44.28670475911349,45.01277319341898,0.7260684343054891,1.0,0.2516877783425953,8
2022-08-13,2022-08-10,2022-08-17,3.725280756481104,12.373914301026192,1846.9932887946843,1846.0053168749437,1848.7138246535324,2.7085077785886824,2.75,0.0875504665725564,8
2022-08-13,2022-08-10,2022-08-17,2.293435591688061,14.795405677650043,1413.2406812465308,1412.5772378947586,1414.5476211090572,1.9703832142986355,0.75,0.2383311941019392,8
2022-08-13,2022-08-10,2022-08-17,3.116238997412282,13.028172259869727,1384.7892416192724,1384.3663846123964,1385.39904089598,1.032656283583492,0.75,0.0798520758930581,8
2022-08-13,2022-08-10,2022-08-17,2.2191722281712596,4.367252673488298,1902.9803362053224,1902.835262869019,1903.3786380891688,0.5433752201497555,1.0,0.0398325041772253,8
2022-08-13,2022-08-10,2022-08-17,2.1263541239691546,3.596824414340684,1934.4377733019317,1933.3212047787383,1936.1152926944196,2.7940879156813025,1.25,0.2004414785748502,8
2022-08-13,2022-08-10,2022-08-17,4.987915669408715,10.406164479733087,1948.2765851124204,1947.3870130209252,1949.8408156386577,2.4538026177324355,1.5,0.3055977069709932,8
2022-08-13,2022-08-10,2022-08-17,3.294821492548308,3.933249161523696,1962.4788604872672,1961.2579129002988,1963.6812823959624,2.423369495663792,2.0,0.2314966785084009,8
2022-08-13,2022-08-10,2022-08-17,4.771260735749834,4.260842409564594,1966.984859470643,1966.5336522115392,1967.6192165683024,1.0855643567629158,1.75,0.2465590806630507,8
2022-08-13,2022-08-10,2022-08-17,2.553488603858398,8.937431491616639,2014.0203398079216,2013.8478413010016,2014.3427701662297,0.4949288652278483,1.0,0.1760350572532113,8
2022-09-27,2022-09-26,2022-09-28,2.25565482455841,4.299988572828683,1967.0687990172132,1966.8108913968315,1967.3377080578357,0.5268166610039771,1.5,0.178878735329935,9
2022-09-27,2022-09-26,2022-09-28,2.9273626976041354,4.17125596165002,1962.7259222324687,1961.2579129002988,1964.2443106588908,2.98639775859192,2.0,0.1819243948806561,9
2022-09-27,2022-09-26,2022-09-28,2.1399131641308333,8.946608419856208,1948.367214296229,1947.3870130209252,1949.8408156386577,2.4538026177324355,1.25,0.1921760878526844,9
2022-09-27,2022-09-26,2022-09-28,11.3292381179939,10.3759776988418,1947.9890868781908,1947.0965433898384,1950.128099930007,3.031556540168822,3.0,0.5025704381182157,9
2022-09-27,2022-09-26,2022-09-28,6.197930634451698,11.526740861867262,1945.2455235871903,1944.481174521148,1946.1555847120471,1.674410190898925,1.75,0.1228824641125194,9
2022-09-27,2022-09-26,2022-09-28,2.1727488255432914,10.055941755610796,1857.4675900730267,1857.072514771484,1858.391996882856,1.3194821113720536,1.75,0.0689264850532287,9
2022-09-27,2022-09-26,2022-09-28,2.947377144450295,3.3804596629691703,1933.9462457415425,1932.165241123177,1936.40749208536,4.2422509621828794,1.5,0.1841405471935879,9
2022-09-27,2022-09-26,2022-09-28,2.2559911420353496,11.913883356929116,1944.2784003361403,1944.1906008282676,1944.726482673548,0.5358818452805281,1.0,0.2837440250139308,9
2022-09-27,2022-09-26,2022-09-28,3.297615491077105,8.954840848287168,1904.5210996288663,1901.3411819739267,1907.4512655586004,6.110083584673703,5.5,0.1072413281572114,9
2022-09-27,2022-09-26,2022-09-28,3.2463623388906107,12.192739185685214,1909.75347764629,1908.1306188851595,1912.5157607574947,4.385141872335225,5.5,0.2621987690893356,9
2022-09-27,2022-09-26,2022-09-28,2.171191486737781,19.456351449200135,1499.5351404385572,1499.0721353376284,1500.4371103141457,1.36497497651726,2.5,0.053082658480917,9
2022-09-27,2022-09-26,2022-09-28,2.9572959342844354,9.324871544947234,2014.7816855126512,2013.0558342435395,2017.7711159330793,4.715281689539552,3.0,0.1684648459997879,9
2022-09-27,2022-09-26,2022-09-28,2.8098996485441297,13.351987505686594,1629.540148873432,1629.2221891079098,1629.9600491505116,0.7378600426018238,1.0,0.1845928488380527,9
2022-09-27,2022-09-26,2022-09-28,3.2558066414309708,19.108594059517092,1576.1969344073814,1575.702437513508,1576.9895432651974,1.2871057516895237,2.25,0.2337574556554604,9
2022-09-27,2022-09-26,2022-09-28,2.5563887594901464,17.536454411264806,1576.3282701111712,1576.2162343333475,1576.7184408945031,0.5022065611556172,1.0,0.1245436133278695,9
2022-09-27,2022-09-26,2022-09-28,4.245571865822765,19.24642142819854,1581.6091386072285,1580.9778459402733,1582.0107319676315,1.0328860273584723,2.25,0.2684435555102419,9
2022-09-27,2022-09-26,2022-09-28,3.0883106642615465,19.76886306779888,1582.978753182377,1582.7826085281558,1583.5413649627008,0.7587564345449209,0.75,0.0702706619662729,9
2022-09-27,2022-09-26,2022-09-28,3.125488647933713,17.97889680979533,1569.1158630826988,1568.2207300527953,1570.5129706799053,2.2922406271100044,5.5,0.1153422196341762,9
2022-09-27,2022-09-26,2022-09-28,5.168798541743872,19.36342678447992,1583.8603351119511,1583.2960568103008,1584.5580222476274,1.2619654373265805,2.25,0.204934681770223,9
2022-09-27,2022-09-26,2022-09-28,2.3217699098310174,18.533481753133945,1608.1303268620209,1607.9741290598176,1608.4698306219652,0.4957015621475875,1.75,0.0917577827858577,9
2022-09-27,2022-09-26,2022-09-28,2.317880610401754,18.822415821857312,1602.070264536136,1600.919650110416,1602.927871003747,2.008220893330872,3.75,0.1242569440952654,9
2022-09-27,2022-09-26,2022-09-28,3.481778194736887,8.188559321660726,1812.7069372492529,1812.587593643926,1813.0824203104712,0.4948266665451228,2.0,0.1511290044745023,9
2022-09-27,2022-09-26,2022-09-28,2.589598577162053,13.482916469809512,1814.341938613448,1814.3419386134483,1814.587246765848,0.2453081523999571,1.5,0.1485289060543099,9
2022-09-27,2022-09-26,2022-09-28,4.039248882253705,12.775439192735089,1817.0874987414352,1815.702478590887,1818.9552561328744,3.252777541987598,3.0,0.4568296614642023,9
2022-09-27,2022-09-26,2022-09-28,3.2086788977704246,10.763903823732624,1816.443362024106,1815.5765970931388,1817.081750979647,1.5051538865081966,3.5,0.3968391166762304,9
2022-09-27,2022-09-26,2022-09-28,2.4831005572061735,14.489704723628163,1215.7910936346498,1215.6390226371586,1216.3670377265662,0.7280150894075632,2.25,0.1222322896370421,9
2022-09-27,2022-09-26,2022-09-28,2.5899128169052776,15.953401307290202,928.6889560245592,928.3856227770448,929.365174425766,0.9795516487210988,0.75,0.2501845121413052,9
2022-09-27,2022-09-26,2022-09-28,2.4074670863311813,11.844075115758752,977.4512689970958,977.0529752261936,978.0228304634802,0.969855237286538,1.25,0.2778502716918901,9
2022-09-27,2022-09-26,2022-09-28,2.7907292457233397,21.208369102668936,1382.5800558199307,1379.2426810474135,1383.4953650617972,4.2526840143837035,2.0,0.1366954293976147,9
2022-09-27,2022-09-26,2022-09-28,2.843661164250784,18.99977948534359,1346.2447443641242,1346.1262826733291,1346.6081866282038,0.4819039548747241,0.75,0.0331415534886973,9
2022-09-27,2022-09-26,2022-09-28,2.049405494762107,6.402649946959167,1324.152543800883,1324.152543800883,1324.397851953283,0.2453081523999571,1.0,0.1466634213026116,9
2022-09-27,2022-09-26,2022-09-28,4.209595830770321,8.983247734323827,1321.3745166320346,1321.1483450350352,1321.865427176468,0.7170821414329112,0.75,0.263763299397767,9
2022-09-27,2022-09-26,2022-09-28,2.4861000013126056,12.034437286622069,976.9986166230906,976.8100865175948,977.5397990741768,0.7297125565819442,0.75,0.1666515746434598,9
2022-09-27,2022-09-26,2022-09-28,2.3234729616790544,4.277732892368278,873.7177596420709,873.5177585650235,874.2384278401732,0.720669275149703,0.75,0.2568536731315832,9
2022-09-27,2022-09-26,2022-09-28,10.302377578777302,11.65896660168096,379.6023580152595,379.0521771190688,380.5415157051757,1.4893385861068964,1.0,0.2109660380784943,9
2022-09-27,2022-09-26,2022-09-28,3.4122517316429293,18.84647674120803,1370.9524572132848,1370.7291659791954,1371.698921635747,0.9697556565515696,2.0,0.264629565099841,9
2022-09-27,2022-09-26,2022-09-28,2.5438239532701448,19.926527450281164,1570.3857044471429,1569.2265360606834,1571.0367920682766,1.810256007593125,3.25,0.2641684613091951,9
2022-09-27,2022-09-26,2022-09-28,2.256744851333599,3.3474681597335545,2133.309359644079,2132.954353590496,2133.9333735425025,0.979019952006638,0.75,0.1646200626992582,9
2022-09-27,2022-09-26,2022-09-28,4.508059561405673,6.740223428670494,44.12560208287241,43.79048505751416,44.53201291151345,0.7415278539992869,1.5,0.2759290643835533,9
2022-09-27,2022-09-26,2022-09-28,2.0570193691962975,7.691862455690363,44.62504750215823,44.28670475911349,45.01277319341898,0.7260684343054891,0.75,0.1374316221886795,9
2022-09-27,2022-09-26,2022-09-28,5.566852108128329,19.17487472350047,1582.7222728460429,1582.2731527513824,1583.2826445698738,1.0094918184913697,1.25,0.1174893730636713,9
2022-09-27,2022-09-26,2022-09-28,3.167400097714589,14.955068124629143,1413.750043121995,1412.5772378947586,1414.832456903532,2.2552190087735653,1.25,0.3343391121793234,9
2022-09-27,2022-09-26,2022-09-28,2.9414237608997005,11.1548529344096,1816.6319606942943,1815.702478590887,1818.4342868765816,2.7318082856945693,2.75,0.2590841837627042,9
2022-09-27,2022-09-26,2022-09-28,4.483059839632364,11.221294151492314,1677.2636837029709,1676.9712447836064,1677.7076454479247,0.7364006643183529,0.75,0.1946690837466693,9
2022-09-27,2022-09-26,2022-09-28,2.2533153820360097,11.605795195436448,1674.8110654088553,1673.9363434272818,1675.1746519939045,1.238308566622436,1.5,0.128205920242451,9
2022-09-27,2022-09-26,2022-09-28,2.170385281494918,19.10162125697037,1608.5647431033058,1608.2245224695653,1609.2394621353596,1.0149396657943726,1.5,0.0782216757033208,9
2022-09-27,2022-09-26,2022-09-28,2.666102217380647,8.824593051126294,606.0487699850182,605.6678240192123,606.7135066324845,1.04568261327222,0.5,0.2788518155608546,9
2022-09-27,2022-09-26,2022-09-28,3.336877735466137,11.318791030155555,378.4915393634423,378.3286847691052,379.05388392694294,0.7251991578377783,1.5,0.1521731115453494,9
2022-09-27,2022-09-26,2022-09-28,2.217955377081279,17.642094923998847,778.8105661357469,778.4812125959434,779.4359082495794,0.9546956536360084,1.5,0.0749668628302604,9
2022-09-27,2022-09-26,2022-09-28,2.33409455936982,3.35857929979446,254.94290214923709,254.6130841160193,255.60262535512447,0.989541239105165,0.75,0.1446948841816695,9
2022-09-27,2022-09-26,2022-09-28,2.809659798498121,3.304287433989329,297.22147361807095,296.3789009251632,298.0919705508277,1.7130696256645024,1.0,0.1872199239354947,9
2022-09-27,2022-09-26,2022-09-28,6.561366927639853,4.7099742181006246,304.0901534752596,303.25185445323586,305.8580814464949,2.6062269932590425,2.0,0.184192906804011,9
2022-09-27,2022-09-26,2022-09-28,5.515769138472563,3.768940713418075,317.21640443513564,316.9605572158471,317.6981205432676,0.7375633274205029,1.25,0.0844667326220749,9
2022-09-27,2022-09-26,2022-09-28,2.6533443536447057,4.5692959908693975,317.1230667682156,316.9605572158471,317.6981205432676,0.7375633274205029,1.0,0.3309323599341011,9
2022-09-27,2022-09-26,2022-09-28,5.022618187187975,4.2512780083058495,319.0067358634235,318.67145138280466,319.40980772674084,0.7383563439361751,0.75,0.0536197246468912,9
2022-09-27,2022-09-26,2022-09-28,2.3599695406308916,7.419389096078203,2085.7356284094026,2083.159857971128,2088.850378164556,5.690520193427801,5.25,0.0745222009223067,9
2022-10-16,2022-10-13,2022-10-19,2.269475117902395,3.308046495565191,1727.622666198638,1727.4316886141896,1728.4360034400595,1.004314825870097,1.0,0.1136572739189759,10
2022-10-16,2022-10-13,2022-10-19,2.4196920181060326,8.145854322142258,1812.837112158071,1812.8371121580712,1813.0824203104712,0.2453081523999571,2.0,0.1726000855027902,10
2022-10-16,2022-10-13,2022-10-19,3.1451050209755658,4.408694109193581,1816.4314122412757,1815.702478590887,1817.2078369096853,1.505358318798244,0.75,0.1872032992839864,10
2022-10-16,2022-10-13,2022-10-19,3.5058104211571304,13.532360027373,1814.23219366555,1813.8431468536144,1814.587246765848,0.7440999122336507,1.5,0.1776763212213747,10
2022-10-16,2022-10-13,2022-10-19,2.758848936910403,13.486842140361912,1629.5743432912825,1629.4663422731685,1629.9600491505116,0.4937068773433566,0.75,0.1167996766594106,10
2022-10-16,2022-10-13,2022-10-19,2.398862902885752,16.354992763814007,1568.9691471247934,1568.9691471247934,1569.214455277193,0.2453081523999571,1.0,0.0437663507218179,10
2022-10-16,2022-10-13,2022-10-19,4.424601925682844,19.47324943510984,1581.6275913650231,1581.5107103716582,1582.0107319676315,0.5000215959735215,2.25,0.1596477127757187,10
2022-10-16,2022-10-13,2022-10-19,3.1637975021884426,19.369062076277963,1584.0217305047183,1583.8055318528786,1584.5580222476274,0.7524903947487473,1.5,0.216123437772912,10
2022-10-16,2022-10-13,2022-10-19,3.1175090803713323,9.653782977080182,2023.1253602102497,2022.6235391697849,2023.9036543788388,1.2801152090542018,1.0,0.2818880588621726,10
2022-10-16,2022-10-13,2022-10-19,4.411166152867746,19.179531895323382,1582.6591232502003,1582.2731527513824,1583.2826445698738,1.0094918184913697,1.25,0.2053893374770385,10
2022-10-16,2022-10-13,2022-10-19,3.0566806310910963,18.503675693136152,1371.0425418294042,1370.7291659791954,1371.698921635747,0.9697556565515696,1.5,0.0956542165538042,10
2022-10-16,2022-10-13,2022-10-19,3.949689390221042,12.02833271897959,977.0884639944296,976.8100865175948,977.5397990741768,0.7297125565819442,0.75,0.1436378370786458,10
2022-10-16,2022-10-13,2022-10-19,3.420162919557828,3.885197353380223,874.5533021944468,874.2382940137759,875.2339595849626,0.9956655711866916,1.0,0.2175985868195404,10
2022-10-16,2022-10-13,2022-10-19,2.388237993534929,18.32958887502805,842.9605754737844,842.6494148592465,843.346254249569,0.696839390322566,0.75,0.1662437808610805,10
2022-10-16,2022-10-13,2022-10-19,5.157451199884231,3.9928608766181073,317.28011988951715,316.9605572158471,317.6981205432676,0.7375633274205029,0.75,0.0593805209660053,10
2022-10-16,2022-10-13,2022-10-19,2.885966394943299,11.538525080309393,1945.371970073636,1944.7683346131817,1946.1555847120471,1.3872500988654792,1.25,0.0924691117071866,10
2022-10-16,2022-10-13,2022-10-19,8.495151944201668,10.251182789349254,1948.192341506666,1947.3870130209252,1949.8408156386577,2.4538026177324355,2.5,0.330788718266188,10
2022-10-16,2022-10-13,2022-10-19,2.018456191714567,9.294737807169756,1949.1290391828304,1947.967952280305,1950.128099930007,2.1601476497016847,1.25,0.2070822592233714,10
2022-10-16,2022-10-13,2022-10-19,3.1306330665247306,3.778634914826526,1962.838788548675,1961.5432981615888,1963.9627965264951,2.419498364906758,1.75,0.2021841573036656,10
2022-10-16,2022-10-13,2022-10-19,4.191241261537375,4.254186232952951,1966.9834450203905,1966.5336522115392,1967.6192165683024,1.0855643567629158,1.75,0.2217435642450622,10
2022-10-16,2022-10-13,2022-10-19,7.639804732439308,11.64314241032016,379.6945044478901,379.2957784635946,380.2978490544483,1.002070590853691,1.0,0.0743352795987521,10
2022-10-16,2022-10-13,2022-10-19,2.796734941237434,6.781204321060476,44.174239452291246,44.038594908080995,44.53201291151345,0.4934180034324527,1.0,0.2144311886158222,10
2022-10-16,2022-10-13,2022-10-19,2.2859604390140524,7.757791431879668,44.70773164143915,44.28670475911349,45.260807749815285,0.9741029907017946,0.75,0.1581150427273018,10
2022-10-16,2022-10-13,2022-10-19,2.3745808914393285,5.087611121930966,303.6290222480652,303.25185445323586,304.37457013502717,1.1227156817913055,1.75,0.0980295970592821,10
2022-10-16,2022-10-13,2022-10-19,5.123217833946436,3.727224312389499,317.270322016094,316.9605572158471,317.6981205432676,0.7375633274205029,1.25,0.0447410092979409,10
2022-10-16,2022-10-13,2022-10-19,2.636091831286417,4.443178558525149,317.12221362709033,316.9605572158471,317.6981205432676,0.7375633274205029,0.75,0.4529049277727781,10
2022-10-16,2022-10-13,2022-10-19,2.424158466290854,4.274292546266758,318.88436539039475,318.67145138280466,319.40980772674084,0.7383563439361751,1.25,0.0974076859535194,10
2022-10-16,2022-10-13,2022-10-19,2.4261105059135772,11.397421361008954,378.48701878726195,378.3286847691052,378.81028258241713,0.4815978133119643,1.0,0.1369984600946319,10
2022-10-16,2022-10-13,2022-10-19,3.158669948532903,13.012059574793602,1384.8298181746554,1384.104622006882,1385.39904089598,1.2944188890978694,0.75,0.2150346766249267,10
2022-10-16,2022-10-13,2022-10-19,2.58857257581464,18.714035608723385,1384.0713669168788,1383.3172756666318,1387.1675080945715,3.8502324279397726,1.75,0.1506189332626593,10
2022-10-16,2022-10-13,2022-10-19,2.039905936560419,14.74368467730419,1461.4918752015592,1460.8594068796374,1462.20108608203,1.3416792023926971,0.75,0.1056991541303598,10
2022-10-16,2022-10-13,2022-10-19,2.3565165830777097,8.962405475959788,1337.828738302179,1337.5230071702972,1338.3709599636495,0.8479527933523059,1.25,0.3804385836009714,10
2022-11-10,2022-11-07,2022-11-14,2.2292252628918,6.0383659660253945,2143.4687198423844,2141.7272749659605,2145.785477122292,4.05820215633139,2.25,0.0649681876964243,11
2022-11-17,2022-11-14,2022-11-21,5.853499713024804,3.862373683163269,2144.5358397064206,2142.2253404422663,2147.272129013203,5.046788570936769,2.0,0.0853225878123865,11
2022-11-24,2022-11-21,2022-11-28,2.8382729706833185,13.3944958226864,1814.3419386134483,1814.3419386134483,1814.587246765848,0.2453081523999571,1.5,0.1789034456738655,11
2022-11-24,2022-11-21,2022-11-28,2.545376876528912,19.542045868241807,1583.885574116806,1583.8055318528786,1584.305577528197,0.5000456753186882,1.25,0.3100654833686765,11
2022-11-24,2022-11-21,2022-11-28,2.5738255695979264,3.50295266573272,1934.4290373242288,1933.3212047787383,1936.1152926944196,2.7940879156813025,1.25,0.2717358506120987,11
2022-11-24,2022-11-21,2022-11-28,2.302289989448937,10.85872890550353,1947.560102750404,1947.3870130209252,1947.9227908030152,0.5357777820900083,1.0,0.2217638588943968,11
2022-11-24,2022-11-21,2022-11-28,5.540681407889539,11.545569074253814,379.88553884823995,379.5652076029219,380.5415157051757,0.9763081022538244,0.75,0.0732759003656356,11
2022-11-24,2022-11-21,2022-11-28,4.969740481762212,12.1184513694691,855.1603423129143,854.4574589468539,856.6832059668377,2.225747019983828,3.5,0.0642575532965964,11
2022-11-24,2022-11-21,2022-11-28,3.4444116304225636,11.989308711084286,976.8244381080652,976.5685956594534,977.2982833785936,0.7296877191402018,0.75,0.0973919605245861,11
2022-11-24,2022-11-21,2022-11-28,5.198521917299794,20.76991445159042,1345.8238355496062,1345.5711911325343,1346.2893934929743,0.7182023604400456,0.75,0.0578538311132497,11
2022-11-24,2022-11-21,2022-11-28,3.03387249235133,19.075210494600903,1582.7671438818925,1582.5278806397691,1583.2826445698738,0.7547639301046729,1.0,0.0794410873117741,11
2022-11-24,2022-11-21,2022-11-28,2.6285578046558333,8.95032869962941,2014.0145298624811,2013.8478413010016,2014.3427701662297,0.4949288652278483,1.0,0.0864053833862159,11
2022-11-24,2022-11-21,2022-11-28,4.31881388884705,7.014601639937775,44.190987476577206,43.79048505751416,44.53201291151345,0.7415278539992869,1.5,0.2015163639143208,11
2022-11-24,2022-11-21,2022-11-28,4.8289518164149525,3.812060984702859,1962.411980911575,1961.2579129002988,1963.9627965264951,2.7048836261965334,1.5,0.2124300016735802,11
2022-11-24,2022-11-21,2022-11-28,4.041004123411165,10.128869017357005,1948.2863940332545,1947.3870130209252,1949.8408156386577,2.4538026177324355,1.75,0.1884606025233839,11
2022-11-24,2022-11-21,2022-11-28,2.040125487356817,14.685862928071716,1413.553505767575,1412.8577721780166,1414.5476211090572,1.6898489310406148,1.0,0.1605247691486926,11
2022-11-24,2022-11-21,2022-11-28,4.4987828656604405,4.161440109873257,1966.9392725317343,1966.5336522115392,1967.6192165683024,1.0855643567629158,1.75,0.1915036009601433,11
2022-11-24,2022-11-21,2022-11-28,3.67745253539138,4.327295745391198,304.26649020369655,303.63495777966455,305.3214779281989,1.6865201485343275,1.25,0.1267848853868798,11
2022-11-24,2022-11-21,2022-11-28,4.816433618743907,3.808738908235074,317.23324385571664,316.9605572158471,317.6981205432676,0.7375633274205029,1.25,0.0408275085779513,11
2022-11-24,2022-11-21,2022-11-28,4.5395444948039785,11.565006090764207,378.45696197314805,378.3286847691052,378.81028258241713,0.4815978133119643,1.75,0.1046737041002555,11
2022-11-24,2022-11-21,2022-11-28,2.6159262746183782,3.384389707270014,834.4567958174136,833.6199846868403,835.0889016813599,1.4689169945195315,0.5,0.2186018121616126,11
2022-11-24,2022-11-21,2022-11-28,2.9518420594591643,4.109485631419738,1214.579512916036,1214.4778030929156,1214.9604027951136,0.4825997021980583,1.25,0.2205918575168279,11
2022-11-24,2022-11-21,2022-11-28,2.655834844661946,14.263098674320704,1347.413371520506,1347.2006903598085,1347.946128836833,0.745438477024436,1.0,0.2417886537274875,11
2022-11-24,2022-11-21,2022-11-28,2.514488900519472,5.4546227913205705,1317.511493878281,1317.361923058983,1317.8438479509205,0.4819248919375241,0.75,0.0965964190435723,11
2022-12-09,2022-12-06,2022-12-12,5.0435724095659795,11.737252281719734,379.8032322432524,379.5652076029219,380.2978490544483,0.7326414515264332,0.75,0.1256968260711481,12
2022-12-09,2022-12-06,2022-12-12,3.6171257412828015,6.241083134836972,866.7843526742967,866.5179062234238,867.2518542520702,0.7339480286464095,0.75,0.232680157767618,12
2022-12-09,2022-12-06,2022-12-12,5.383536024229517,13.413336045633072,924.3843596802748,920.5837572906166,926.600053934846,6.016296644229442,2.5,0.1323632820829485,12
2022-12-09,2022-12-06,2022-12-12,2.1256540758292437,16.15491778343941,928.5565707531814,926.8479515383953,930.134825865738,3.2868743273429573,3.0,0.0547120022668974,12
2022-12-09,2022-12-06,2022-12-12,3.5594488884905235,6.501416425958102,1321.380646666223,1321.1483450350352,1321.865427176468,0.7170821414329112,0.75,0.1732890654532921,12
2022-12-09,2022-12-06,2022-12-12,5.572270965214844,18.917574861407303,1371.0088313443484,1370.7291659791954,1371.698921635747,0.9697556565515696,2.25,0.1980598108221001,12
2022-12-09,2022-12-06,2022-12-12,3.076500916534632,19.223348162252577,1582.7534677700253,1582.5278806397691,1583.2826445698738,0.7547639301046729,1.25,0.1372375801920515,12
2022-12-09,2022-12-06,2022-12-12,3.5338896188215907,12.01367406593956,976.9219009164397,976.5685956594534,977.5397990741768,0.9712034147232772,0.75,0.1774150495434495,12
2022-12-09,2022-12-06,2022-12-12,2.042039504215918,14.157455625851036,1347.3505370343298,1347.2006903598085,1347.709556708578,0.5088663487695158,1.0,0.2265957546381752,12
2022-12-09,2022-12-06,2022-12-12,2.0312520782141292,20.245445704077454,1386.6371595825012,1383.3172756666318,1387.1675080945715,3.8502324279397726,1.25,0.1837417163939479,12
2022-12-09,2022-12-06,2022-12-12,2.6277188507746247,18.79690935136685,1384.999159477503,1383.3172756666318,1387.1675080945715,3.8502324279397726,1.25,0.0784686036845622,12
2022-12-09,2022-12-06,2022-12-12,2.041981488837875,21.2328853816099,1383.1142311579256,1382.9963542022742,1383.4953650617972,0.4990108595229685,1.25,0.1426231192334202,12
2022-12-09,2022-12-06,2022-12-12,2.623693957264123,14.7837598677575,1461.469909472586,1460.8594068796374,1462.20108608203,1.3416792023926971,0.75,0.1088022835076008,12
2022-12-09,2022-12-06,2022-12-12,3.709510018017388,11.709289586996288,378.4471410397749,378.3286847691052,378.81028258241713,0.4815978133119643,1.75,0.1940686954966851,12
2022-12-09,2022-12-06,2022-12-12,4.7095559230951505,4.188554507819088,319.04455157967845,318.91845165984705,319.40980772674084,0.4913560668937862,1.0,0.0359180165056291,12
2022-12-09,2022-12-06,2022-12-12,5.720919119783885,3.700022929625773,317.2757938976475,316.9605572158471,317.6981205432676,0.7375633274205029,1.25,0.1357378670165454,12
2022-12-09,2022-12-06,2022-12-12,4.339470123146926,4.732174303453531,304.0075137122493,303.25185445323586,305.3214779281989,2.06962347496301,2.0,0.1839033425133606,12
2022-12-09,2022-12-06,2022-12-12,2.309293537199956,7.026952582352753,44.2867047591135,44.28670475911349,44.53201291151345,0.2453081523999571,1.25,0.180033307873205,12
2022-12-09,2022-12-06,2022-12-12,2.963074106487178,14.126166359142273,1215.5399021745372,1215.1642964673229,1216.1216938747093,0.957397407386452,1.5,0.112503556733765,12
2022-12-09,2022-12-06,2022-12-12,3.1982528720041596,10.810009505131084,1816.4294067473245,1816.0882553267293,1817.081750979647,0.9934956529177724,1.0,0.3057262300024422,12
2022-12-09,2022-12-06,2022-12-12,3.0281494531558386,13.537337725790534,1814.3419386134483,1814.3419386134483,1814.587246765848,0.2453081523999571,1.75,0.2002400819610642,12
2022-12-09,2022-12-06,2022-12-12,2.377705688011637,4.031623314587325,1967.0057463527169,1966.8108913968315,1967.3377080578357,0.5268166610039771,1.0,0.2197301829674131,12
2022-12-09,2022-12-06,2022-12-12,3.193905888889556,3.9276164192948304,1962.752302777932,1961.2579129002988,1963.9627965264951,2.7048836261965334,2.0,0.1959381134333049,12
2022-12-09,2022-12-06,2022-12-12,7.956119782632958,10.214909414483602,1948.0066766582224,1947.0965433898384,1949.8408156386577,2.7442722488194704,2.5,0.2907483693913463,12
2022-12-09,2022-12-06,2022-12-12,2.337714939737015,11.567652719141694,1945.3380302657752,1944.7683346131817,1946.1555847120471,1.3872500988654792,1.25,0.1343503738940964,12
2022-12-09,2022-12-06,2022-12-12,3.160361286916663,4.496138123866026,1903.1227958224229,1902.835262869019,1903.8980192365125,1.0627563674934208,2.0,0.095085227986418,12
2022-12-09,2022-12-06,2022-12-12,3.4233472646841316,4.5734794515428865,1528.3030818749187,1525.913703662809,1530.4367645676248,4.523060904815793,3.75,0.2072866386242355,12
2022-12-09,2022-12-06,2022-12-12,3.3698864004530753,19.8598134485083,1584.0391931771803,1583.5507943313569,1584.5580222476274,1.0072279162704945,2.25,0.2341277160337749,12
2022-12-09,2022-12-06,2022-12-12,2.328106219407508,19.914532040466625,1581.6302637824813,1581.5107103716582,1582.0107319676315,0.5000215959735215,1.5,0.2099659709815636,12
2022-12-27,2022-12-20,2023-01-04,4.7640004730173295,3.737923270125211,1534.8164440788678,1531.5623798570596,1540.120325947646,8.557946090586483,2.25,0.072994143958807,12
2022-12-27,2022-12-20,2023-01-04,6.122894488927797,4.114061079337011,1557.9816304617602,1555.588000362739,1561.289898159448,5.7018977967090905,3.5,0.0727251521260916,12
2022-12-27,2022-12-20,2023-01-04,2.894126202670655,15.175660281586902,1389.5432242568734,1388.4466870906765,1391.8631517603062,3.416464669629931,3.25,0.0643179035596574,12
2022-12-27,2022-12-20,2023-01-04,4.156426637932468,13.76359534804553,2085.117499205359,2083.4138990538195,2088.1162385786884,4.702339524868876,2.75,0.0643377230100703,12
2022-12-27,2022-12-20,2023-01-04,3.8276340498940344,12.317778291591257,2089.2505051459457,2087.12113193376,2091.8664394351654,4.7453075014054775,2.75,0.0623502364182798,12
2022-12-27,2022-12-20,2023-01-04,3.262803197899647,4.135530394060417,2091.233189926018,2089.3717849096283,2093.3658922626637,3.994107353035361,2.25,0.0611751243154616,12
2022-12-27,2022-12-20,2023-01-04,9.22030749616526,4.653982203260931,2085.4188392636556,2081.4106614226475,2089.3671735282987,7.9565121056512,4.75,0.1074969778663549,12
2023-01-05,2023-01-04,2023-01-06,2.666774791007489,3.9568529404520736,1141.087770591549,1138.4238330642693,1144.186900417786,5.763067353516817,1.25,0.0597196960240854,1
2023-01-05,2023-01-04,2023-01-06,8.998076585548253,5.607236256279952,1435.1225031925385,1431.2406067447737,1439.112069861032,7.871463116258383,5.0,0.1101480687862264,1
2023-01-05,2023-01-04,2023-01-06,9.759677999003172,4.5199408741348,1458.4682141056676,1451.5634049745277,1465.096451174002,13.533046199474484,4.5,0.1266213292287695,1
2023-01-05,2023-01-04,2023-01-06,2.285772962258581,3.687451865499721,1480.5941045482532,1478.5431419005615,1484.4277792880312,5.884637387469411,1.75,0.0523703572294867,1
2023-01-05,2023-01-04,2023-01-06,3.245418761082405,3.7542379451891295,1269.2040068731562,1266.3659206698649,1272.6650197389536,6.299099069088697,2.0,0.0629553474144708,1
2023-01-05,2023-01-04,2023-01-06,2.5616676069486792,4.258598528386241,1372.853535562382,1371.7167717898265,1374.396081184037,2.679309394210577,2.25,0.0616048101466279,1
2023-01-05,2023-01-04,2023-01-06,2.2731397150640595,4.669024498686325,1379.6570845612064,1378.243711657822,1381.0392993385904,2.7955876807682216,2.75,0.0607001812700641,1
2023-01-05,2023-01-04,2023-01-06,3.290049390405595,4.586761669894147,1381.3947362186632,1379.2057698438875,1383.4953650617972,4.289595217909664,2.0,0.0777342020278947,1
2023-01-05,2023-01-04,2023-01-06,18.827068549458367,4.53459231873615,1079.718525836823,1071.8062390489504,1088.0262725935318,16.220033544581383,3.75,0.13701713175688,1
2023-01-05,2023-01-04,2023-01-06,2.0988780163973684,3.930467401133989,843.7255850347049,842.890482403338,845.0353906429373,2.1449082395993173,1.75,0.0726838390629108,1
2023-01-05,2023-01-04,2023-01-06,6.345938289434821,4.48385693291126,831.1307507080982,830.1383132077754,832.6625798447058,2.524266636930406,3.5,0.0818997299790935,1
2023-01-05,2023-01-04,2023-01-06,5.41418703256374,4.195362719228941,828.7599985161822,827.2525616525672,831.1005875989795,3.848025946412235,2.5,0.0994580961933009,1
2023-01-05,2023-01-04,2023-01-06,3.44635937715262,6.5797599882270035,1546.5683801046662,1545.7097998550162,1547.788292663172,2.0784928081557155,0.75,0.0650718907226533,1
2023-01-05,2023-01-04,2023-01-06,6.734469299978303,4.367214111364344,781.1433947102181,778.0393524188548,784.423384688329,6.384032269474119,2.5,0.0944057885681142,1
2023-01-05,2023-01-04,2023-01-06,3.5294251331019884,3.909997934523401,774.137093017505,770.875576867722,777.071479969658,6.195903101935983,2.0,0.0738288856954881,1
2023-01-05,2023-01-04,2023-01-06,2.3278114203353617,3.76506697268036,768.3549975709786,766.2050923351198,770.6241770084016,4.419084673281759,1.25,0.0621511646238339,1
2023-01-05,2023-01-04,2023-01-06,23.304888484301387,4.562847748074597,736.9574255735248,728.6011207732372,747.6951283332892,19.094007560051978,4.75,0.1530876428363669,1
2023-01-05,2023-01-04,2023-01-06,3.56253793139962,4.411451387671925,814.3371612574558,812.1591272559017,815.959430642426,3.80030338652432,2.25,0.070176294771168,1
2023-01-05,2023-01-04,2023-01-06,5.611715105598882,4.175636745927509,867.0695532288744,863.3427729890682,870.6195835825056,7.276810593437403,2.75,0.0899778411508253,1
2023-01-05,2023-01-04,2023-01-06,3.6753599955243703,4.032826545462269,873.6200736791174,870.8051856113598,875.724165469408,4.91897985804826,2.0,0.066727491076748,1
2023-01-05,2023-01-04,2023-01-06,13.06224368594163,5.247935017661079,1506.999706057682,1503.4394527957777,1512.1970211011358,8.75756830535829,4.5,0.1129922878586456,1
2023-01-05,2023-01-04,2023-01-06,7.032391083577963,4.126289616615704,1055.2814658836755,1049.9050267571583,1060.341843109578,10.436816352419555,2.25,0.1488919726520245,1
2023-01-05,2023-01-04,2023-01-06,5.1732123713300044,4.148989359928963,1033.6373815014392,1029.6413862751797,1038.051479354035,8.410093078855425,2.5,0.0827077362933622,1
2023-01-05,2023-01-04,2023-01-06,3.1204560285331513,3.7041991659837663,1015.0234916018924,1010.45302976761,1017.4711813409812,7.018151573371142,2.0,0.0673893335134421,1
2023-01-05,2023-01-04,2023-01-06,3.1397805462006865,3.8662819890467337,978.1356171863928,974.6365687325596,981.3790201912634,6.7424514587037265,2.5,0.0733683594543009,1
2023-01-05,2023-01-04,2023-01-06,14.237383620247176,4.771823613269755,929.572162204098,924.6537036267108,937.4340017661452,12.780298139434308,4.0,0.125559968781687,1
2023-01-05,2023-01-04,2023-01-06,29.198122598581552,4.5433206020297865,899.5008429509909,886.6315203909762,913.1034599170088,26.471939526032656,3.5,0.1766120072302248,1
2023-01-05,2023-01-04,2023-01-06,3.0697657359023385,3.851054648838355,882.1387698541338,880.17051339522,884.1382773658261,3.967763970606029,1.75,0.0875922402131536,1
2023-01-05,2023-01-04,2023-01-06,10.488491034192004,4.1958803336179695,1102.6075211669734,1094.1642737495713,1108.701931154821,14.537657405249774,2.25,0.1197681712159938,1
2023-01-05,2023-01-04,2023-01-06,2.405683512082119,6.089573581312748,1660.1413632243823,1659.0402551693842,1661.250249314122,2.2099941447377205,1.75,0.0512341419861011,1
2023-01-05,2023-01-04,2023-01-06,23.486593506909315,6.61818314882428,1533.2587176933862,1527.2794671249576,1540.6892260899767,13.409758965019137,6.25,0.1495909244691302,1
2023-01-05,2023-01-04,2023-01-06,3.2262272004334696,11.031922077566588,2085.871856703663,2084.9126061038114,2087.866305747535,2.9536996437236667,1.75,0.0396002379104078,1
2023-01-05,2023-01-04,2023-01-06,9.892069030369324,8.346224327928983,2084.837224836695,2082.408872109838,2087.6163729168475,5.207500807009637,3.5,0.0899134845953164,1
2023-01-05,2023-01-04,2023-01-06,5.499991408726502,5.480493232506173,2081.207690327422,2077.5889766016044,2084.1600856482983,6.571109046693891,4.5,0.0809252943809262,1
2023-01-05,2023-01-04,2023-01-06,2.098770142137351,4.458618438621435,2068.0744542882953,2065.814982475713,2070.963034654502,5.14805217878893,2.0,0.0577602644455591,1
2023-01-05,2023-01-04,2023-01-06,6.951398549478605,3.8463398507594913,2044.848370376776,2039.3492596163417,2049.8198246937245,10.470565077383071,2.25,0.095159592962294,1
2023-01-05,2023-01-04,2023-01-06,19.36004055710315,4.608402828162661,2097.830268061535,2090.10465211235,2106.8835147251375,16.778862612787634,4.0,0.1447410004093362,1
2023-01-05,2023-01-04,2023-01-06,3.9674561397938,3.764560080873751,2213.9964442036867,2209.865472020582,2218.600049666129,8.734577645547688,1.5,0.0666285473504891,1
2023-01-05,2023-01-04,2023-01-06,2.148625344490356,3.5340040158089794,2207.6956295426157,2205.385533759836,2210.381110446062,4.9955766862258315,1.5,0.0522116444450019,1
2023-01-05,2023-01-04,2023-01-06,2.017714625169862,3.5121639764969323,2202.408191907276,2200.4013938540593,2204.6302152490243,4.228821394965053,1.5,0.0499363152448081,1
2023-01-05,2023-01-04,2023-01-06,27.11608670400351,4.356614819001276,2170.974865895668,2158.690064407885,2185.1149739888497,26.424909580964595,3.0,0.1628434620781833,1
2023-01-05,2023-01-04,2023-01-06,8.653885514167367,5.140936059211436,2152.3482625108436,2148.7692548804916,2155.947809181176,7.178554300684482,4.75,0.1034255977876817,1
2023-01-05,2023-01-04,2023-01-06,2.8554436214457444,4.138675665270825,2149.5526837047205,2147.026820860803,2151.904613567516,4.87779270671308,2.25,0.0703150528563161,1
2023-01-05,2023-01-04,2023-01-06,2.8307431756183634,3.770590363016862,2112.9443048295843,2110.590026648715,2115.492761400994,4.902734752278775,2.25,0.0672935553430773,1
2023-01-05,2023-01-04,2023-01-06,6.165016413103433,5.417333125992458,1934.8906865292145,1931.280798864551,1939.6417374513112,8.360938586760312,3.5,0.0937108795972196,1
2023-01-05,2023-01-04,2023-01-06,19.63374962880944,4.771109845319425,1671.7865068181543,1664.4930925681256,1677.9531917045824,13.460099136456847,3.75,0.1437892281443595,1
2023-01-05,2023-01-04,2023-01-06,3.4818150522867857,4.196639696895181,1650.2058417892774,1647.2091285274364,1652.9247513967566,5.715622869320214,2.0,0.0723388519564802,1
2023-01-05,2023-01-04,2023-01-06,3.831162623685193,8.35181140791362,1546.839193841028,1546.2514947424645,1547.788292663172,1.5367979207076132,1.75,0.0409592885497025,1
2023-01-05,2023-01-04,2023-01-06,2.169298505052748,6.8478277893290835,1545.731215327159,1544.129178579431,1546.4968028948642,2.367624315433204,1.5,0.0511060978089501,1
2023-01-05,2023-01-04,2023-01-06,2.133546191035293,13.234457158953884,1541.7709102505296,1541.2201047111305,1542.52966237301,1.3095576618798077,1.25,0.0317749215989127,1
2023-01-05,2023-01-04,2023-01-06,39.13388702094304,4.707278170080524,1549.7953766466553,1540.971493625082,1561.8095224015417,20.838028776459396,5.25,0.1912843222453946,1
2023-01-05,2023-01-04,2023-01-06,5.7827752262415615,3.7843821933549857,1529.7704776021883,1528.0814253729768,1532.340920462273,4.2594950892962515,1.5,0.0788834596539939,1
2023-01-05,2023-01-04,2023-01-06,3.1300400340663033,4.550838401402864,1916.6299159481073,1914.3538335943597,1920.1761347940192,5.822301199659705,3.0,0.0655729697087465,1
2023-01-05,2023-01-04,2023-01-06,2.843454430805349,4.3857809123258615,1848.281769857902,1846.8469896046445,1850.338153942488,3.4911643378436565,1.75,0.0732542824700727,1
2023-01-05,2023-01-04,2023-01-06,3.6060487903341434,5.139489964244916,1841.7073392476848,1840.9080388084983,1842.6724161603488,1.7643773518502712,3.0,0.0754811231033674,1
2023-01-05,2023-01-04,2023-01-06,6.21274062353654,4.420587476055743,1825.504506319081,1822.819585377816,1828.405251476448,5.585666098631918,2.25,0.0902691380898519,1
2023-01-05,2023-01-04,2023-01-06,4.093485656170802,4.4094245500626865,1821.384871624831,1818.9585781297649,1823.3842712296173,4.425693099852651,2.0,0.0995238564133171,1
2023-01-05,2023-01-04,2023-01-06,4.651376188590452,10.686727672751324,1541.645326587955,1540.4439179375768,1543.057225280907,2.6133073433302343,1.0,0.1007279519949851,1
2023-01-05,2023-01-04,2023-01-06,2.686324992175232,4.048017576220845,341.8910149736383,340.41514305304736,344.1055928724818,3.690449819434434,2.5,0.0628379001732746,1
2023-01-05,2023-01-04,2023-01-06,2.6354261262878413,4.092211497995907,182.99678601139863,179.9248038576916,185.5619245627895,5.637120705097914,1.5,0.0651497941028081,1
2023-01-05,2023-01-04,2023-01-06,4.962142613684967,7.682532498193981,145.01351018580002,143.2105956687592,148.25223914906385,5.041643480304629,3.0,0.0814026645962009,1
2023-01-05,2023-01-04,2023-01-06,6.9385544599270945,4.346381186926827,346.9000673780582,344.352249160409,349.827364211902,5.475115051493049,2.75,0.0930245753821848,1
2023-01-05,2023-01-04,2023-01-06,52.700351924470766,5.5257679458326905,360.2952506125728,349.8991853147745,373.8788864864037,23.97970117162913,6.75,0.2238725723864995,1
2023-01-05,2023-01-04,2023-01-06,119.2517159063108,4.605443701704559,691.8584570724439,664.8296614550054,727.9279562900774,63.09829483507201,4.5,0.3336895371855628,1
2023-01-05,2023-01-04,2023-01-06,6.169703331990224,3.4808919939666003,613.1653748816598,609.1381880524568,617.1065980484709,7.968409996014088,1.75,0.0881356850108081,1
2023-01-05,2023-01-04,2023-01-06,26.627958007850047,4.527596516278804,392.7256464747639,383.4673016220331,404.582161473576,21.11485985154286,3.5,0.1894974134630941,1
2023-01-05,2023-01-04,2023-01-06,6.052522939248822,4.628547770906643,124.70571038098758,121.19732103170828,127.5896036438644,6.392282612156123,2.75,0.0792163474648017,1
2023-01-05,2023-01-04,2023-01-06,2.833529753575551,6.67361722400098,119.72134831557828,117.25512933637948,122.1789510510862,4.923821714706719,3.25,0.0627748961070045,1
2023-01-05,2023-01-04,2023-01-06,2.0825950745114405,3.631349524895432,1963.1110403462296,1961.5432981615888,1963.9627965264951,2.419498364906758,1.0,0.1894023736787461,1
2023-01-05,2023-01-04,2023-01-06,5.531509458725382,5.331145397194973,100.44624054742982,97.29547652881593,103.97919420711696,6.683717678301036,3.25,0.0829959846485371,1
2023-01-05,2023-01-04,2023-01-06,5.6026142957989205,6.267957394510149,27.149164125785976,24.946368463803083,30.073528407607228,5.127159943804145,3.75,0.0769615139596402,1
2023-01-05,2023-01-04,2023-01-06,33.8738459279329,4.740167791677017,10.274526663662185,0.0,20.733641611412168,20.733641611412168,4.25,0.1624461372935875,1
2023-01-05,2023-01-04,2023-01-06,3.233255830943071,3.871924570525152,2144.059627075984,2142.4743731799535,2146.5264213234186,4.052048143465072,1.5,0.0717931042717434,1
2023-01-05,2023-01-04,2023-01-06,9.13694479469741,4.846954966633446,1470.5329858868583,1465.3812200017271,1476.830518240109,11.449298238381743,3.25,0.1068643784402294,1
2023-01-05,2023-01-04,2023-01-06,15.254534924118826,5.1156488893533805,1343.396284540874,1339.521988910623,1346.6081866282038,7.086197717580944,5.75,0.1410910340452147,1
2023-01-05,2023-01-04,2023-01-06,8.973047242815543,3.972393232037564,795.2614584685125,789.4257596116513,799.3339895247482,9.908229913096877,2.5,0.1036492702647684,1
2023-01-05,2023-01-04,2023-01-06,4.114237928612343,3.8915341302644513,760.4254697932037,758.4143866440281,761.8570234370418,3.442636793013662,2.0,0.0683230555301453,1
2023-01-05,2023-01-04,2023-01-06,4.7623723628098515,4.252897701337909,217.81917187431316,214.41347354790196,220.7187366830185,6.305263135116547,1.75,0.0684536109508289,1
2023-01-05,2023-01-04,2023-01-06,4.470041765273765,4.506893067237938,113.99147976907928,109.9857429675758,117.00926553318276,7.0235225656069815,2.25,0.0686230449540634,1
2023-01-05,2023-01-04,2023-01-06,6.26671037952975,4.292233866862447,808.8691349150639,805.5640561338514,810.984162630979,5.420106497127563,2.25,0.0810855972541107,1
2023-01-05,2023-01-04,2023-01-06,2.0625650505976028,11.658410994453831,1544.0133887513953,1543.6014763466085,1545.4289538771843,1.8274775305762887,1.25,0.0296019045542577,1
2023-01-07,2023-01-06,2023-01-09,3.034423209153467,7.277439718816146,1541.8810326901137,1541.2201047111305,1542.7934438255616,1.5733391144312918,1.25,0.0476321743684517,1
2023-01-07,2023-01-06,2023-01-09,3.062492165202566,6.028914726122357,1539.1809616794667,1535.5615765475668,1542.7934438255616,7.231867277994752,2.25,0.0722086620734287,1
2023-01-07,2023-01-06,2023-01-09,4.253205364909147,4.071979697649951,1530.5483651644583,1528.0814253729768,1533.4073854563758,5.325960083398968,3.25,0.0749175883574523,1
2023-01-07,2023-01-06,2023-01-09,3.003272814747997,3.621915020208415,304.9489815704911,304.5819023223594,305.3214779281989,0.7395756058394909,1.0,0.3247471707687336,1
2023-01-07,2023-01-06,2023-01-09,2.056214451821235,3.3289114792689247,1540.9724319367065,1536.3614250984974,1543.057225280907,6.6958001824095845,2.0,0.055913009055574,1
2023-01-07,2023-01-06,2023-01-09,6.787124633563915,6.950692954793938,1542.5544799476377,1541.4839636171237,1543.8467844990082,2.362820881884545,1.25,0.2151996072045336,1
2023-01-07,2023-01-06,2023-01-09,2.1498095082690285,7.253043516958001,1540.8723472834874,1540.4439179375768,1541.4654128635302,1.0214949259534478,0.75,0.1110979329447634,1
2023-01-13,2023-01-09,2023-01-17,14.266622634856189,4.067231135434998,867.6157171265362,863.0895546330139,874.4836021661758,11.394047533161938,3.5,0.1243948102685911,1
2023-01-13,2023-01-09,2023-01-17,2.9243592672402263,3.670617655592213,896.9789202374358,893.1374752493575,901.093057275284,7.95558202592656,1.5,0.0615736444081144,1
2023-01-13,2023-01-09,2023-01-17,2.332566228253331,3.305667417074461,812.4722696880829,811.237513101194,814.3311354191974,3.0936223180033267,1.5,0.0576533300666623,1
2023-01-13,2023-01-09,2023-01-17,2.044637808166138,3.809848822918167,798.286099892848,797.0050734342076,800.0372950332239,3.0322215990163386,2.0,0.0482112956389999,1
2023-01-13,2023-01-09,2023-01-17,9.779379432646868,4.305570571077057,734.2171667399776,730.256228952203,737.1532176272012,6.896988674998283,3.0,0.0760462589041111,1
2023-01-13,2023-01-09,2023-01-17,11.41693995271548,4.004388506589761,723.3739532946959,717.4963438180275,729.3518896610476,11.855545843020082,3.0,0.1040141060646225,1
2023-01-13,2023-01-09,2023-01-17,2.5588260186383165,3.8692810086656513,711.764568608144,709.5937572666444,713.529797357507,3.9360400908626616,2.75,0.0595676798890208,1
2023-01-13,2023-01-09,2023-01-17,3.09483377599609,3.922623740929898,794.546202453376,793.6111261174083,795.8047444233671,2.1936183059588075,1.75,0.0446405266582508,1
2023-01-13,2023-01-09,2023-01-17,6.230038650557098,4.063638571727147,779.0439280625657,776.826171817258,781.5656322585419,4.739460441283882,2.25,0.0769305163684375,1
2023-01-13,2023-01-09,2023-01-17,3.239023454895261,3.644755664549476,775.485788488646,773.4867701372132,777.5495128203183,4.062742683105171,2.0,0.065377158509979,1
2023-01-13,2023-01-09,2023-01-17,8.790378527130915,3.781298875291717,740.915771166486,737.3807473722845,745.3465818208642,7.965834448579699,2.0,0.085467998682439,1
2023-01-13,2023-01-09,2023-01-17,11.5526126552174,3.829496269850138,936.2277770287042,929.3998991986736,942.8077278430574,13.4078286443837,3.0,0.1186496041294864,1
2023-01-13,2023-01-09,2023-01-17,2.169476598771391,4.391721465842549,1411.3780566656546,1409.655599818565,1412.679826358799,3.02422654023394,2.25,0.0572648074282477,1
2023-01-13,2023-01-09,2023-01-17,3.035219172780967,3.7304990060180825,1389.245888946001,1387.0712264585309,1391.8631517603062,4.791925301775336,2.75,0.074190658289985,1
2023-01-13,2023-01-09,2023-01-17,3.3956861334383985,11.769504757899163,1648.7374051286045,1647.7023815074936,1649.6711910525337,1.9688095450401304,2.0,0.041106464966518,1
2023-01-13,2023-01-09,2023-01-17,3.249909556101352,3.899780608209429,1460.5515756903092,1458.3105832077565,1463.3716686218977,5.0610854141414165,2.5,0.0699970936024035,1
2023-01-13,2023-01-09,2023-01-17,6.266231783324415,4.127628122623311,682.8173338249007,680.6958739422262,684.7522232127376,4.056349270511419,2.75,0.0679932820999631,1
2023-01-13,2023-01-09,2023-01-17,26.750599512007213,4.234807002978135,1046.540630214052,1035.6213934277184,1056.700677947607,21.07928451988846,4.0,0.142379027824204,1
2023-01-13,2023-01-09,2023-01-17,8.362821074659895,3.584742965059633,946.7934316375377,943.050337980967,951.5900055435486,8.539667562581599,3.0,0.094174914999675,1
2023-01-13,2023-01-09,2023-01-17,2.810127294509557,6.888414943775038,940.3031446810988,939.1428925972432,941.101740439888,1.9588478426449,0.75,0.0900849948523013,1
2023-01-13,2023-01-09,2023-01-17,2.5097529200022,3.727634234216844,1146.1710188846023,1144.9042173088528,1147.8303189543076,2.9261016454547644,2.0,0.0479323282843043,1
2023-01-13,2023-01-09,2023-01-17,2.0551701136894303,3.493049841953461,1092.339429608492,1091.491911505349,1094.1465189289302,2.654607423581183,1.5,0.0378175364662529,1
2023-01-13,2023-01-09,2023-01-17,24.473199959549692,4.307850508535894,1083.8365130896696,1077.6723358682357,1092.4654686157592,14.793132747523488,3.75,0.1258108738123657,1
2023-01-13,2023-01-09,2023-01-17,57.41746499448986,4.960842986732683,1067.1223013776305,1056.936974937562,1079.1528004333377,22.21582549577579,4.5,0.1642820573616009,1
2023-01-13,2023-01-09,2023-01-17,13.111892277503276,4.664580305981684,120.98222268303704,116.7639573807828,125.87609517620876,9.112137795425951,3.25,0.1052000929119958,1
2023-01-13,2023-01-09,2023-01-17,4.7485807705196965,4.913822983874822,115.269127054738,112.8385297935456,117.00926553318276,4.170735739637166,3.0,0.0667897055817327,1
2023-01-13,2023-01-09,2023-01-17,3.08995153049295,3.553283651963719,761.7039686844727,759.5879483195022,764.2162759723142,4.628327652812004,1.75,0.0697861345241616,1
2023-01-13,2023-01-09,2023-01-17,2.846165453851597,6.960292496374945,2025.159908955548,2024.1782549675552,2026.5010908367112,2.322835869155824,2.0,0.0444913141968244,1
2023-01-13,2023-01-09,2023-01-17,17.13212634363185,4.216031768080693,672.3070040336108,668.5231531281024,676.1844896445982,7.661336516495794,3.75,0.1105763838512722,1
2023-01-13,2023-01-09,2023-01-17,2.6468625150068035,3.759583942204362,584.6517448630249,583.2587508261204,585.936516600661,2.677765774540603,2.25,0.0390713159228769,1
2023-01-13,2023-01-09,2023-01-17,2.332075979910759,6.32191022976615,677.4167414229269,676.585772792343,678.9295331141911,2.3437603218480945,2.0,0.0510354101416532,1
2023-01-13,2023-01-09,2023-01-17,12.23780051787269,3.936075032042873,361.1545794083567,357.2588314120658,366.7777076885104,9.518876276444644,2.75,0.1134219334806723,1
2023-01-13,2023-01-09,2023-01-17,3.0595817066284163,4.681380770603416,214.56447714373036,211.9721227097325,217.2447121408768,5.272589431144297,2.0,0.089908937307173,1
2023-01-13,2023-01-09,2023-01-17,10.780390379996172,4.474775984794222,390.695943288806,387.41433308972046,394.6625929130241,7.24825982330367,3.0,0.0871986292909001,1
2023-01-13,2023-01-09,2023-01-17,3.9992784332286937,13.161047214698083,1651.8111763564275,1651.1900729094632,1652.6784153049812,1.488342395517975,2.25,0.0335101835691726,1
2023-01-13,2023-01-09,2023-01-17,2.871159594864438,8.246092909463382,733.9561481572272,732.8312093662098,735.436332817655,2.6051234514452517,2.0,0.0533772745016431,1
2023-01-13,2023-01-09,2023-01-17,2.864235894917025,4.337328622816936,1053.6108747766082,1052.0933710415848,1056.004482078366,3.9111110367812216,1.5,0.0321224199488758,1
2023-01-13,2023-01-09,2023-01-17,3.970630979229198,4.300571371366963,1056.3939309827936,1055.759173925966,1057.182283089962,1.4231091639958322,1.75,0.0436950526066753,1
2023-01-13,2023-01-09,2023-01-17,3.329182848014617,6.146496242004827,954.9073267716386,953.2495271335356,957.1411776668392,3.8916505333036184,3.25,0.0643679310399877,1
2023-01-13,2023-01-09,2023-01-17,2.136488233034063,11.813146135142455,7.008468111292281,5.701827655080706,8.672193497885019,2.9703658428043127,2.25,0.0557858312026111,1
2023-01-13,2023-01-09,2023-01-17,7.893471637478218,7.78412756270208,360.8719812029344,357.2588314120658,364.8278104579076,7.568979045841843,5.75,0.0961181934702384,1
2023-01-13,2023-01-09,2023-01-17,6.495703025386547,6.171802763983783,374.77431043590485,372.1783795030787,378.3303907974623,6.152011294383556,4.5,0.082339983503204,1
2023-01-13,2023-01-09,2023-01-17,6.887480995962234,8.959640798599821,353.4369530985844,351.3888352923095,355.2244221079163,3.8355868156068023,3.0,0.0745460778404359,1
2023-01-13,2023-01-09,2023-01-17,2.733713559728818,6.662571457747928,30.56887717555266,28.190187725238506,33.051023055333644,4.860835330095142,2.5,0.0623629498171245,1
2023-01-13,2023-01-09,2023-01-17,2.636514619887078,5.167024198331076,173.79265210353077,170.6170663894154,176.74740614928305,6.130339759867638,2.0,0.0605482601747839,1
2023-01-13,2023-01-09,2023-01-17,3.33519246845915,12.548938101328853,120.62669842024846,119.23456213669851,122.42482909793034,3.1902669612318277,2.0,0.0559555028053066,1
2023-01-13,2023-01-09,2023-01-17,10.254120497710142,8.616172704132174,118.66620721317504,113.80057292198762,122.9157602759078,9.115187353920192,3.25,0.1081151604882701,1
2023-01-13,2023-01-09,2023-01-17,2.36565296255977,9.202264595876414,42.73640125386978,41.553835143800825,44.28390306048095,2.7300679166801274,3.0,0.0555735671550225,1
2023-01-13,2023-01-09,2023-01-17,18.26934660506645,7.760366160755,389.763460977772,384.668467131909,393.9315053662285,9.263038234319538,5.0,0.1241317401455159,1
2023-01-13,2023-01-09,2023-01-17,2.050879183487651,13.882262344475512,677.0602702157264,676.585772792343,677.715769292321,1.129996499978006,1.5,0.0254085427400621,1
2023-01-13,2023-01-09,2023-01-17,6.717271603992074,4.814010803694539,1670.242143049083,1667.4632317586802,1671.9870487432927,4.523816984612495,3.0,0.0746689935246085,1
2023-01-13,2023-01-09,2023-01-17,6.75297841334726,13.136010898266347,1666.790134796453,1665.230327035766,1668.2001731814817,2.9698461457155645,2.75,0.0517073889368857,1
2023-01-13,2023-01-09,2023-01-17,6.303395171161514,4.5117791366431845,1666.708645484887,1665.4790173596705,1670.497343461495,5.018326101824641,3.0,0.0738413870825061,1
2023-01-13,2023-01-09,2023-01-17,11.501634554796784,13.841976244215417,1663.1696252167394,1661.4967110333964,1665.2298903656192,3.7331793322227895,3.0,0.0557290449314632,1
2023-01-13,2023-01-09,2023-01-17,2.70675198600669,3.0272231921457236,1665.442429419786,1663.7723606056534,1667.9543565465135,4.181995940860361,1.25,0.0516657834435992,1
2023-01-13,2023-01-09,2023-01-17,6.316924099747488,13.59250297804258,1659.9496965436654,1658.7943833144382,1661.4961342499591,2.701750935520977,2.0,0.0459901208390029,1
2023-01-13,2023-01-09,2023-01-17,4.322717477476189,12.231717595316788,1656.622791586925,1655.128899681382,1658.7772533921525,3.648353710770607,2.5,0.0497479463922304,1
2023-01-13,2023-01-09,2023-01-17,2.3941309086259572,13.464423489481607,1653.697472253256,1653.175571879372,1654.649604042992,1.4740321636199951,1.0,0.0253558157643187,1
2023-01-13,2023-01-09,2023-01-17,2.3751912794495373,11.693411063074748,1653.738458727888,1653.4220325411295,1654.4032679502852,0.981235409155488,1.75,0.0301123303376039,1
2023-01-13,2023-01-09,2023-01-17,2.360634693686124,12.352027768483053,1659.0736557622442,1658.5319452397523,1659.7773070330732,1.245361793320626,1.25,0.0282027964735485,1
2023-01-13,2023-01-09,2023-01-17,3.284383814644804,12.511670512198124,1670.896601776064,1670.252035309095,1671.495718327351,1.2436830182559788,2.75,0.0353540248376738,1
2023-01-13,2023-01-09,2023-01-17,3.876126381479344,12.599907561522809,1676.980124569745,1676.479549952317,1677.9531917045824,1.4736417522653935,1.75,0.0327172227838414,1
2023-01-13,2023-01-09,2023-01-17,2.052046850293074,12.61594199108686,1675.5477374236548,1674.6836781520396,1676.4793118173257,1.7956336652860043,1.0,0.0283817673536047,1
2023-01-13,2023-01-09,2023-01-17,3.5353920086009643,3.112668985826404,1677.6587337257702,1676.479549952317,1679.4252890390344,2.945739086717367,1.25,0.0407467722811477,1
2023-01-13,2023-01-09,2023-01-17,4.883258380501406,12.207622398674332,1672.054756948266,1671.4960753833875,1673.1998066329395,1.70373124955222,2.5,0.0438458039815329,1
2023-01-13,2023-01-09,2023-01-17,2.3169845610480757,9.006222935988651,1445.746211203191,1445.1574660125189,1446.5386047121135,1.381138699594885,1.25,0.0380406862245257,1
2023-01-13,2023-01-09,2023-01-17,5.58244064396185,4.834118688464749,1532.9508523963457,1529.9240886713378,1535.007036158815,5.082947487477213,4.25,0.0806694838352246,1
2023-01-13,2023-01-09,2023-01-17,5.481588575114571,3.7143935001617367,1539.3259172378137,1534.2674999600276,1543.057225280907,8.78972532087937,2.75,0.0765571269879921,1
2023-01-13,2023-01-09,2023-01-17,3.1031291778046852,6.946553705239028,1146.956457523355,1145.400475859642,1148.8228913312778,3.422415471635759,2.25,0.0555451283272446,1
2023-01-13,2023-01-09,2023-01-17,8.0353996365393,7.592459447499946,1373.1611121898814,1371.7167717898265,1375.321211008821,3.60443921899423,6.25,0.0983068281102252,1
2023-01-13,2023-01-09,2023-01-17,5.71285320375186,14.2719631877598,1389.1063866177883,1386.8066849894822,1391.3341870051809,4.527502015698701,3.5,0.0878771402436184,1
2023-01-13,2023-01-09,2023-01-17,2.933906844512747,4.3622037511098375,1549.127908910289,1547.279830223415,1550.4214875185862,3.141657295171171,3.25,0.0656278369073258,1
2023-01-13,2023-01-09,2023-01-17,2.078805370192052,5.01840610295086,1108.2447281368427,1106.7598286531866,1110.9989048009738,4.239076147787273,1.5,0.0486525909453618,1
2023-01-13,2023-01-09,2023-01-17,15.144984350841522,14.577016645256508,1668.784461410243,1666.4758425960315,1671.495718327351,5.019875731319189,2.25,0.0613759251029073,1
2023-01-13,2023-01-09,2023-01-17,14.132604965131469,14.018448724077286,1673.3616017153147,1671.7417405908927,1676.233765528537,4.492024937644601,2.25,0.0916675023014798,1
2023-01-13,2023-01-09,2023-01-17,2.810201745533811,14.771787212200978,1673.7603786539753,1673.1995312217623,1674.4376549264416,1.2381237046793103,1.25,0.026717172946072,1
2023-01-13,2023-01-09,2023-01-17,2.192280321964414,13.499105248861667,1676.9347029878018,1676.479549952317,1677.9531917045824,1.4736417522653935,1.0,0.0219051131018999,1
2023-01-13,2023-01-09,2023-01-17,5.25746701323998,14.465861330385724,1677.4475723062142,1676.2340036649257,1678.6898305416107,2.4558268766850233,2.5,0.0413522122612076,1
2023-01-13,2023-01-09,2023-01-17,38.72256338740044,14.544009424448529,1660.0027051840689,1654.404295890592,1665.2298903656192,10.825594475027174,4.0,0.1408947549582782,1
2023-01-13,2023-01-09,2023-01-17,13.73405299390837,13.523093575174496,1646.8965751031196,1641.51329141343,1649.190775604453,7.677484191022813,4.75,0.0860392608938968,1
2023-01-13,2023-01-09,2023-01-17,2.2669312723620068,13.645298018673529,1649.964137272639,1649.4258829001335,1651.188991712872,1.76310881273821,2.0,0.0256658099532276,1
2023-01-13,2023-01-09,2023-01-17,2.4376050326646577,15.222943236378317,1650.5151669756292,1649.4258829001335,1651.6817704094574,2.255887509323657,1.0,0.0250006466071458,1
2023-01-13,2023-01-09,2023-01-17,2.1252301220148575,5.643183597194764,1654.2177400703322,1652.679443244357,1655.867013436742,3.187570192385465,1.75,0.0569605997000551,1
2023-01-13,2023-01-09,2023-01-17,2.94658326594209,14.482390802348952,1653.4101072799551,1652.92911121808,1654.1569318575785,1.2278206394985318,1.25,0.0277111154599768,1
2023-01-18,2023-01-17,2023-01-20,4.581514450579201,3.847076074856526,797.4768159420138,794.6433809017763,801.2256379718892,6.5822570701129735,1.75,0.0797420636872989,1
2023-01-18,2023-01-17,2023-01-20,16.34120085496608,3.915075235953263,940.0076775136112,930.5945147271268,950.6398999206722,20.04538519354537,2.5,0.1426651853041232,1
2023-01-18,2023-01-17,2023-01-20,7.012592691887031,5.859407708277838,361.85034971696103,358.21167973894626,365.5490278317593,7.337348092813045,4.25,0.0995636634614536,1
2023-01-18,2023-01-17,2023-01-20,4.850883469126194,4.440596718450552,390.3264723813464,386.927059086971,395.1289547923952,8.20189570542425,2.25,0.0826116510713864,1
2023-01-18,2023-01-17,2023-01-20,2.389950551073871,4.00408741618839,583.2972120667539,581.0726537434384,585.6663954313844,4.593741687946022,2.0,0.0563825640762743,1
2023-01-18,2023-01-17,2023-01-20,5.690329622468876,4.373636283961882,1665.6469618990516,1661.4967110333964,1667.4586401837878,5.96192915039137,2.5,0.0809180128712946,1
2023-01-18,2023-01-17,2023-01-20,2.031970585792509,3.9634839661276695,1673.6963440515658,1671.250410174951,1676.724858104717,5.474447929766029,1.25,0.0613245634102199,1
2023-01-18,2023-01-17,2023-01-20,6.0619912206610795,4.944936057668704,1855.9122621823992,1853.6547015770336,1858.1956023601815,4.540900783147663,4.0,0.0914194557750842,1
2023-01-18,2023-01-17,2023-01-20,6.147007237749067,4.146324616670047,1531.2330839390984,1527.2794671249576,1535.2736523537897,7.994185228832066,2.75,0.0959391677595374,1
2023-01-18,2023-01-17,2023-01-20,5.094044255287081,3.977353174396074,1539.3627679715485,1535.0283442013897,1542.256989587564,7.228645386174321,2.5,0.079162752337182,1
2023-01-18,2023-01-17,2023-01-20,4.536340892987711,4.557892054056966,2087.7582670720076,2084.9126061038114,2091.3666003691033,6.45399426529184,3.25,0.0799094360582884,1
2023-01-18,2023-01-17,2023-01-20,2.51276892240892,4.066283808875954,2103.4208280596854,2100.9431781745516,2106.1351523138583,5.191974139306694,2.25,0.06200978928924,1
2023-01-18,2023-01-17,2023-01-20,3.525964816304234,4.237730821812426,2117.177088500076,2114.7489363527857,2119.579304694198,4.830368341412395,2.5,0.0670077926438008,1
2023-01-18,2023-01-17,2023-01-20,3.1519483825030683,4.468537683027336,2067.5635034578413,2065.814982475713,2069.5838366327807,3.7688541570678353,2.75,0.0632320667127289,1
2023-01-18,2023-01-17,2023-01-20,6.124256562444,4.193161011909414,26.193860557127195,22.722090265713632,30.589211975689977,7.867121709976345,3.0,0.0860266571563418,1
2023-01-18,2023-01-17,2023-01-20,2.2435827810895415,4.3956093647619765,201.51330070372205,200.73814562987536,203.42206916352737,2.6839235336519778,2.25,0.0674383301776498,1
2023-01-21,2023-01-20,2023-01-23,3.478927100735619,7.848816490285304,373.2206244245244,371.68926475569606,374.8406010470353,3.1513362913392484,4.25,0.0639459617082352,1
2023-01-21,2023-01-20,2023-01-23,22.949537915778564,8.260650668711461,397.248037072659,393.68619721382856,402.3889854149893,8.702788201160729,7.0,0.1268963012571462,1
2023-01-21,2023-01-20,2023-01-23,11.931398738079755,6.718615918085809,380.0672652910218,377.5978783988394,382.2504767430946,4.652598344255239,4.25,0.1267629823719639,1
2023-01-21,2023-01-20,2023-01-23,4.5116286723690155,3.69857076598528,669.7265023573711,666.3762000198476,672.9413818446919,6.5651818248443305,2.0,0.0747611163186522,1
2023-01-21,2023-01-20,2023-01-23,11.04412595815034,7.2483019173282175,22.754573920490405,19.99188126437366,25.936712477356195,5.944831212982535,4.75,0.0992986340566703,1
2023-01-21,2023-01-20,2023-01-23,8.352036837664087,4.170131667586127,1087.3904618871013,1083.1692544515245,1094.4095819019713,11.240327450446784,2.75,0.0963923320728139,1
2023-01-21,2023-01-20,2023-01-23,7.806362221944688,3.7214605547411903,902.0165101500633,893.1374752493575,910.3038409454748,17.166365696117282,1.5,0.099341380027369,1
2023-01-21,2023-01-20,2023-01-23,2.5614273889404418,6.009710645014006,1535.0150811234275,1533.4677492114715,1536.6067332508974,3.13898403942585,3.0,0.0611212294469837,1
2023-01-21,2023-01-20,2023-01-23,2.1862792873052164,5.278006227966567,1665.7273645418136,1664.4930925681256,1667.4586401837878,2.965547615662217,2.75,0.0613460241246009,1
2023-01-21,2023-01-20,2023-01-23,2.9773511022838934,3.776962856366789,1449.86661571662,1446.2932965597138,1453.4744044584222,7.181107898708433,2.25,0.071125873810352,1
2023-01-21,2023-01-20,2023-01-23,3.122352996475661,4.693196777925076,1065.1902952200378,1063.740483390633,1066.3913370124064,2.6508536217734218,3.0,0.0619000329598233,1
2023-01-21,2023-01-20,2023-01-23,9.355120577574134,5.144644825218129,1380.5164705005354,1378.4448927594349,1383.4953650617972,5.050472302362323,4.0,0.1049045338041788,1
2023-01-21,2023-01-20,2023-01-23,4.31988741864899,4.105588047429238,2177.732519957966,2174.8405032875016,2181.146519442089,6.306016154587269,2.25,0.0702048286387303,1
2023-01-21,2023-01-20,2023-01-23,2.3241830674532142,5.779671135386215,1058.1127545685235,1056.455369795207,1059.619644554332,3.1642747591249645,3.0,0.0584287706332866,1
2023-01-21,2023-01-20,2023-01-23,2.011167105274154,4.686702033357551,1036.3375390788206,1034.4453387837857,1038.529823423829,4.084484640043229,3.0,0.052729435811635,1
2023-01-21,2023-01-20,2023-01-23,2.6222679809742218,3.928996920350213,935.9740063904076,932.8109051794744,938.1518136835656,5.340908504091203,1.75,0.0570126851572541,1
2023-01-21,2023-01-20,2023-01-23,7.86426132392304,4.5660284772589135,2134.301424983,2131.452383584343,2138.0382852274925,6.585901643149555,3.5,0.0948677550275719,1
2023-01-21,2023-01-20,2023-01-23,2.8548324361840396,4.28101484976926,2128.3799693242736,2126.196523366496,2130.7032448565587,4.506721490062773,2.25,0.0645964505460761,1
2023-01-21,2023-01-20,2023-01-23,6.122987828679785,5.139526673213105,2083.9908130231465,2081.661100764293,2088.1162385786884,6.45513781439513,4.75,0.0844884601789274,1
2023-01-21,2023-01-20,2023-01-23,2.4103497024300324,5.308669273204986,1672.146849686365,1671.9874057988636,1672.9542026137933,0.966796814929694,0.5,0.1182015865860699,1
2023-01-21,2023-01-20,2023-01-23,10.1692761350018,4.2011182005402405,396.4840486466871,391.7204113532789,401.0834031384438,9.362991785164922,2.75,0.0999094474399222,1
2023-01-28,2023-01-23,2023-02-02,3.3708259306767676,4.676967433315456,1414.4023077906213,1414.0216689161025,1414.832456903532,0.8107879874296486,0.75,0.2953575065021183,1
2023-01-28,2023-01-23,2023-02-02,2.6179715313390135,3.116417986492913,1727.9699044815054,1727.4316886141896,1728.682948521804,1.2512599076144395,1.0,0.0290128424878044,1
2023-01-28,2023-01-23,2023-02-02,3.757341366786056,3.831488373836812,1447.4918609950323,1445.1574660125189,1451.201440475881,6.043974463362247,2.5,0.1471325522996586,1
2023-01-28,2023-01-23,2023-02-02,2.2369190464566344,4.271355508187059,1660.9782692783645,1660.516064506024,1661.4961342499591,0.9800697439350188,0.75,0.1626161269140228,1
2023-01-28,2023-01-23,2023-02-02,7.040724630804259,19.39420800871855,1583.0320824617509,1582.5278806397691,1584.0508400052786,1.5229593655094504,1.75,0.2980201995864329,1
2023-01-28,2023-01-23,2023-02-02,2.011373532084399,16.17138547145362,659.7898728295003,659.6704563740641,660.1527909846045,0.4823346105404198,1.25,0.1339038769872295,1
2023-01-28,2023-01-23,2023-02-02,3.6388128217661007,5.89288637178737,43.83386142893893,43.79048505751416,44.28390306048095,0.4934180029667914,1.5,0.2309172574969944,1
2023-01-28,2023-01-23,2023-02-02,3.8722278216673263,7.012214678567509,44.45521199312779,44.28670475911349,45.01277319341898,0.7260684343054891,1.25,0.1499288420777558,1
2023-01-28,2023-01-23,2023-02-02,2.995299625197579,4.0746900888631,46.177139960852806,46.00820655794814,46.99618891859427,0.9879823606461288,1.25,0.2326117145013821,1
2023-01-28,2023-01-23,2023-02-02,3.966928727266141,3.006085936693807,1161.5732648158978,1160.9066685242578,1163.0364730837755,2.129804559517652,1.0,0.1310449486804943,1
2023-01-28,2023-01-23,2023-02-02,2.1143385627023754,13.756353684906657,866.666457238805,866.0020070644096,867.2518542520702,1.2498471876606343,1.25,0.036112000016236,1
2023-01-28,2023-01-23,2023-02-02,21.760755536539524,4.222603309058824,867.3093953247899,862.6009078877978,871.786018055398,9.185110167600214,4.0,0.162486945914836,1
2023-01-28,2023-01-23,2023-02-02,3.35106574573057,8.91748326167062,920.906190761913,920.5837572906166,921.5653978819028,0.9816405912861228,1.25,0.3108823868689108,1
2023-01-28,2023-01-23,2023-02-02,2.4101158011067194,11.489968040224532,1945.6009315375995,1945.349470084533,1946.1555847120471,0.8061146275140345,1.25,0.0814355410508326,1
2023-01-28,2023-01-23,2023-02-02,2.0759312785514954,9.474309368517392,1947.775506404724,1947.6774826506153,1948.2132604327053,0.5357777820900083,1.25,0.1976342957753162,1
2023-01-28,2023-01-23,2023-02-02,2.4700191933442555,3.629798704127545,2127.8874167860095,2125.458748100791,2130.452672624029,4.993924523238093,2.0,0.0634085629030158,1
2023-01-28,2023-01-23,2023-02-02,2.0089600678270116,9.586184112800524,2159.5810078470936,2158.939374529291,2160.2869422235526,1.34756769426167,1.5,0.0472138531022677,1
2023-01-28,2023-01-23,2023-02-02,2.6706924235283545,11.320416123286185,2155.1644643395184,2153.16081817355,2157.4417546452023,4.28093647165224,1.25,0.0448230176657042,1
2023-01-28,2023-01-23,2023-02-02,29.340488963310975,4.037912905281071,2156.994568005241,2150.415981728118,2164.762471634429,14.346489906311035,4.0,0.1512650868241833,1
2023-01-28,2023-01-23,2023-02-02,30.08197179660904,10.71353253585086,2157.5992378461106,2152.91188490903,2162.023855170235,9.111970261204988,3.75,0.1384223315222283,1
2023-01-28,2023-01-23,2023-02-02,3.464672243999657,6.259440301109726,1322.284883922576,1321.8567591519095,1322.8119876161218,0.9552284642122686,0.75,0.1998064081143317,1
2023-01-28,2023-01-23,2023-02-02,3.200374787522419,5.98918916562455,1320.178977272369,1319.9641381232068,1320.6827265326865,0.7185884094797075,0.75,0.1677843172793404,1
2023-01-28,2023-01-23,2023-02-02,4.674863830912368,5.994055105162207,1319.3527812751886,1318.9928779592738,1319.9728061463684,0.9799281870946288,0.75,0.1986009819756828,1
2023-01-28,2023-01-23,2023-02-02,2.4161736859302363,12.019120489829731,976.8049146719889,976.5685956594534,977.2982833785936,0.7296877191402018,0.75,0.2134014544846696,1
2023-01-28,2023-01-23,2023-02-02,2.0896648554636075,15.093987460277772,931.5527785384272,931.3229157798924,932.05771959899,0.7348038190975785,1.0,0.1616249204492944,1
2023-01-28,2023-01-23,2023-02-02,38.92132027029798,12.795085624846267,866.1375772860575,862.3565845149569,869.6438473896123,7.2872628746554255,9.0,0.1996624593948077,1
2023-01-28,2023-01-23,2023-02-02,5.996662654652105,11.642631377585849,379.9247296878079,379.5652076029219,380.5415157051757,0.9763081022538244,1.0,0.3787078945064891,1
2023-01-28,2023-01-23,2023-02-02,7.212681107435808,7.919184408200611,2157.887286296217,2155.9438416231424,2161.0337076885626,5.08986606542021,4.25,0.0871945133371626,1
2023-02-11,2023-02-06,2023-02-17,3.9756061965220986,3.814095995268588,1212.574912321179,1211.916601204779,1213.4046648703516,1.488063665572554,0.75,0.1599428624813877,2
2023-02-11,2023-02-06,2023-02-17,3.769539375991181,4.547276559682649,1904.3972730283103,1903.35420256434,1905.36633601645,2.0121334521099925,1.25,0.0665162176361424,2
2023-02-11,2023-02-06,2023-02-17,3.909728078924709,4.100791173813697,1818.0910472618957,1817.691641729325,1818.6829553744756,0.9913136451505123,1.25,0.1878576847529856,2
2023-02-19,2023-02-17,2023-02-21,2.016136373844359,12.575970969330248,920.5537743578916,918.832527411636,923.4348257197998,4.602298308163881,2.25,0.0494632218198291,2
2023-02-26,2023-02-21,2023-03-03,2.086933349186634,8.959951092549481,920.9778816949,920.8292014370672,921.3199537359178,0.4907522988505661,1.25,0.0874569693570159,2
2023-02-26,2023-02-21,2023-03-03,2.8068054541638334,3.8585966605801487,932.5766519402458,929.889517713338,937.1897732587532,7.300255545414984,2.0,0.064250227922449,2
2023-02-26,2023-02-21,2023-03-03,6.26055314490451,3.937668647923136,2.9473972312688295,0.0,7.468574087601155,7.468574087601155,2.5,0.0851478900672496,2
2023-02-26,2023-02-21,2023-03-03,2.336743519453511,5.674179112977749,934.9267533230068,932.3211448029616,936.9455447508954,4.624399947933853,2.25,0.0577326955973456,2
2023-03-11,2023-03-06,2023-03-17,3.4136917518245555,4.139950329596124,1127.1770146221236,1125.0877180970274,1130.2544334041886,5.166715307161212,2.25,0.0575056930724304,3
2023-03-11,2023-03-06,2023-03-17,3.850677255170839,4.004557983403076,1268.5146320547503,1265.890999306459,1271.245169739239,5.354170432779938,2.0,0.0681023512186314,3
2023-03-11,2023-03-06,2023-03-17,12.102585131093884,4.442283742939073,974.8173664003566,964.1981559512204,982.8049518973568,18.606795946136117,2.75,0.1177799827919496,3
2023-03-11,2023-03-06,2023-03-17,2.459383735742879,6.390263979061394,1909.514114879306,1906.6383054093455,1912.2177311452103,5.579425735864788,1.75,0.056603345150691,3
2023-03-11,2023-03-06,2023-03-17,2.836382871369077,10.787797901929768,1907.4263548363856,1906.907470330596,1908.3759270375592,1.4684567069634795,1.25,0.0669361765109183,3
2023-03-11,2023-03-06,2023-03-17,10.156490858079826,4.340599177928928,893.4713068590685,889.0909512615763,898.180405464489,9.089454202912748,2.75,0.1006541060825467,3
2023-03-11,2023-03-06,2023-03-17,3.371675923424833,4.37829987365998,798.5899331414005,797.6631168648601,799.5704608978704,1.907344033010304,1.75,0.0367681546873745,3
2023-03-11,2023-03-06,2023-03-17,2.642294999863193,6.946996765882131,794.139160931749,793.1381254252046,795.0587217323482,1.920596307143569,1.75,0.0404276286853071,3
2023-03-11,2023-03-06,2023-03-17,4.854717206258939,8.282485043194752,979.7244851551566,976.327104801312,982.1056476542726,5.778542852960527,4.0,0.0795380059595511,3
2023-03-11,2023-03-06,2023-03-17,5.636724455717171,12.200471045575387,1907.3297104854344,1906.041291758418,1908.972940695472,2.9316489370539784,2.75,0.0490459496466492,3
2023-03-11,2023-03-06,2023-03-17,2.6570908224022336,12.570543780515331,1905.7554492836005,1904.8225370026191,1906.8836135617455,2.061076559126377,1.75,0.0425300805177719,3
2023-03-11,2023-03-06,2023-03-17,5.327606317425671,9.79316890402384,1269.2746463321191,1267.3389617768116,1271.4818692612462,4.142907484434545,3.75,0.0826027904391841,3
2023-03-11,2023-03-06,2023-03-17,3.0584596058123013,9.922271018037064,1128.4380518931696,1126.8109091655351,1130.5017348974943,3.690825731959194,3.25,0.0634612661188131,3
2023-03-11,2023-03-06,2023-03-17,6.094840251367844,8.416515593937595,895.0842235811772,892.1535808648914,898.6726191290654,6.519038264174014,3.25,0.0923570817336983,3
2023-03-11,2023-03-06,2023-03-17,2.327299768856494,14.353570779203665,803.4651287433868,802.7318698060699,804.395462364424,1.663592558354139,1.0,0.0281988614609389,3
2023-03-11,2023-03-06,2023-03-17,2.2116345219183904,17.397865288928028,801.8537850501095,801.4535478358157,802.4086830127053,0.9551351768895984,1.5,0.0311767302300974,3
2023-03-11,2023-03-06,2023-03-17,3.762139042303656,14.29425636949528,801.9802898445829,801.3056611283682,802.9771779584698,1.6715168301016092,1.75,0.0370762809789834,3
2023-03-11,2023-03-06,2023-03-17,3.746901726417332,13.6766629196233,796.2051713765945,795.322964752093,797.2503815866075,1.927416834514588,1.75,0.038635156420246,3
2023-03-11,2023-03-06,2023-03-17,2.354283052350108,12.16782142484082,798.1073490635595,797.6631168648601,798.8847413016483,1.221624436788261,1.5,0.0330413194145971,3
2023-03-11,2023-03-06,2023-03-17,2.145144973751144,13.192868076016367,799.5690074154664,799.0886813723482,800.2738918545656,1.1852104822173717,1.75,0.0290586205931614,3
2023-03-11,2023-03-06,2023-03-17,9.4707068966142,13.504523421845107,800.1923161828889,799.3251527454704,801.2256379718892,1.900485226418823,4.0,0.0553548221252167,3
2023-03-19,2023-03-17,2023-03-22,2.040078817480823,4.602570799254929,973.5604133620968,970.0518036843278,976.3309220946394,6.279118410311639,3.25,0.0595403157418812,3
2023-03-29,2023-03-22,2023-04-06,10.416636964694,4.830326105364925,506.744774111834,499.8650466580875,511.6307381899096,11.765691531822084,3.75,0.0870483421488353,3
2023-04-11,2023-04-06,2023-04-17,3.1364076204322258,4.8112234522752475,1904.604328608959,1903.9512196020223,1905.36633601645,1.4151164144277573,1.25,0.0343066791034063,4
2023-04-11,2023-04-06,2023-04-17,3.208982037319753,19.067985912475564,1371.125679883453,1370.9706484805793,1371.698921635747,0.7282731551676989,1.25,0.0922306130237416,4
2023-04-21,2023-04-17,2023-04-25,4.534097427279938,3.732976059840053,317.4050755218382,317.2066848031245,317.94424813147634,0.7375633283518255,1.25,0.0297141904040886,4
2023-04-21,2023-04-17,2023-04-25,2.7155863911531473,11.886982640856305,378.500423531058,378.3286847691052,379.05388392694294,0.7251991578377783,1.0,0.1759440237613112,4
2023-04-21,2023-04-17,2023-04-25,3.709226073830985,4.205908604970147,47.05984581641692,46.50427512032911,47.740293838083744,1.2360187177546322,0.75,0.0432618722357461,4
2023-04-21,2023-04-17,2023-04-25,2.159972625022959,3.991616970315066,46.12700963865035,46.00820655794814,46.50154899107292,0.4933424331247806,0.75,0.1422773352549516,4
2023-04-21,2023-04-17,2023-04-25,3.6999791830262687,18.972518868115294,1583.4396885120284,1583.037336417474,1583.7961024837568,0.7587660662829876,1.75,0.0635195255066184,4
2023-04-21,2023-04-17,2023-04-25,4.892773515770773,11.73623064044661,379.92781437910617,379.5652076029219,380.5415157051757,0.9763081022538244,0.75,0.3078104963377096,4
2023-04-21,2023-04-17,2023-04-25,2.1737264398576435,15.232167709649056,931.5648873054968,931.3229157798924,932.05771959899,0.7348038190975785,1.25,0.1817176906604519,4
2023-04-21,2023-04-17,2023-04-25,3.1997394394077037,11.919363471255018,976.815787685116,976.5685956594534,977.2982833785936,0.7296877191402018,1.0,0.2121790527783857,4
2023-04-21,2023-04-17,2023-04-25,3.66636951306595,6.01285024061662,1320.2025901443255,1319.9641381232068,1320.6827265326865,0.7185884094797075,0.75,0.2301561496609251,4
2023-04-21,2023-04-17,2023-04-25,9.37509859615966,4.921801996550559,1350.9905606681018,1349.374230614863,1353.1415083212778,3.767277706414461,5.0,0.1084769111505092,4
2023-04-21,2023-04-17,2023-04-25,2.4883954723486883,18.595843387553625,1371.002085615611,1370.7291659791954,1371.457439134363,0.7282731551676989,1.25,0.1556262285838283,4
2023-04-21,2023-04-17,2023-04-25,2.069106192481348,19.959699103912428,1583.0090151352313,1582.7826085281558,1583.5413649627008,0.7587564345449209,0.75,0.1568252651246678,4
2023-04-21,2023-04-17,2023-04-25,2.517010055055762,3.1479461371917155,1352.6282482321387,1352.423199384939,1353.1415083212778,0.7183089363388717,0.5,0.1456657082680316,4
2023-04-21,2023-04-17,2023-04-25,2.4083201454311514,11.906477876818304,977.5673510480406,977.0529752261936,979.667972321622,2.614997095428407,1.0,0.2635562588829412,4
2023-04-21,2023-04-17,2023-04-25,2.418096288574671,14.374415824890637,1065.7729500102066,1065.4222910255194,1066.3913370124064,0.9690459868870676,0.5,0.3041870533841738,4
2023-04-21,2023-04-17,2023-04-25,2.1226072872493975,11.610476338927656,1945.658993461327,1945.349470084533,1946.1555847120471,0.8061146275140345,1.25,0.1985413700986387,4
2023-04-21,2023-04-17,2023-04-25,6.485455706609305,19.19640036526976,1582.601749742127,1582.2731527513824,1583.0279166805558,0.7547639291733503,2.0,0.1283736581510726,4
2023-04-28,2023-04-25,2023-05-02,2.1854965089909077,3.9381899776334848,1967.0882598129344,1966.8108913968315,1967.3377080578357,0.5268166610039771,1.25,0.1145109870587633,4
2023-04-28,2023-04-25,2023-05-02,2.8311203982297166,4.172271339049582,1961.7785986197755,1961.2579129002988,1963.6812823959624,2.423369495663792,2.5,0.1542557695150355,4
2023-05-18,2023-05-15,2023-05-22,2.649330131038834,3.1668290585141654,1556.4853243424493,1553.5024595032446,1559.7190701337531,6.216610630508512,2.0,0.0665730514271825,5
2023-05-18,2023-05-15,2023-05-22,2.022534930364521,13.625850240352356,854.1329444675476,853.5829797443002,855.0131642059423,1.4301844616420567,1.5,0.0387990708052358,5
2023-05-18,2023-05-15,2023-05-22,4.399650468288523,3.9868229680198,853.2530812452238,850.6344048911706,855.4987054597586,4.864300568588078,2.0,0.0926208902427904,5
2023-05-18,2023-05-15,2023-05-22,2.8238626499057737,16.137754057277334,851.636357694496,850.6344048911706,852.5844760471955,1.9500711560249329,2.0,0.047197360044307,5
2023-05-18,2023-05-15,2023-05-22,4.523377522347096,13.125201263814535,853.3519801530852,851.8536259722896,855.0131642059423,3.159538233652711,3.5,0.0601887868119929,5
2023-05-18,2023-05-15,2023-05-22,3.1006366629951883,3.9731784655043336,1127.6799927645222,1125.7854820806533,1130.5017348974943,4.716252816841006,2.25,0.0609916646332831,5
2023-05-18,2023-05-15,2023-05-22,5.593109463471954,6.906290092945212,1556.0090047992696,1553.7629891783,1559.7190701337531,5.956080955453217,3.5,0.0830318146472363,5
2023-06-16,2023-06-12,2023-06-21,2.3822775573749526,18.56321264263794,1384.3463643945206,1383.3172756666318,1387.1675080945715,3.8502324279397726,1.25,0.1679991364349774,6
2023-06-16,2023-06-12,2023-06-21,5.1409468673907615,12.624680761493808,1372.8716988682834,1372.4413490155712,1373.6246656430883,1.1833166275173426,1.25,0.3308346005497702,6
2023-06-16,2023-06-12,2023-06-21,3.1592047203051346,18.71797990684485,1370.985634591336,1370.7291659791954,1371.457439134363,0.7282731551676989,1.25,0.2070279988172614,6
2023-07-09,2023-07-06,2023-07-12,2.5068776018208827,3.785333511101543,1393.2552189929786,1392.4767755190842,1394.393752860837,1.9169773417524991,1.0,0.025898962648803,7
2023-07-09,2023-07-06,2023-07-12,2.7530884882216715,3.325864431728471,1393.678138107518,1392.4767755190842,1395.1581440865991,2.6813685675151646,1.25,0.037454638015849,7
2023-07-09,2023-07-06,2023-07-12,6.718691570232242,4.478424716199275,1392.2885409499888,1390.3408866007812,1393.799341226928,3.458454626146704,3.0,0.0779545992877977,7
2023-07-09,2023-07-06,2023-07-12,3.710086492175527,13.515531412844494,1376.9518276812955,1376.279107348062,1377.766577872913,1.4874705248512328,0.75,0.0669545703645659,7
2023-07-09,2023-07-06,2023-07-12,2.108005196823714,8.505971400142284,919.793931776658,919.5806066016668,920.31697666971,0.7363700680434704,1.0,0.0806242083441117,7
2023-07-09,2023-07-06,2023-07-12,3.5102798130397814,13.45002390690298,1393.259334630514,1392.206948348787,1394.6184768858366,2.4115285370498896,1.5,0.0439461806153096,7
2023-07-09,2023-07-06,2023-07-12,3.2924846870885456,4.915863140585545,1855.420074953187,1854.706613432616,1856.286228494719,1.5796150621026754,1.0,0.0984812114929985,7
2023-07-09,2023-07-06,2023-07-12,3.228033894975896,5.204985657261069,1772.9529135339412,1772.6101255454123,1773.5989605900832,0.98883504467085,0.75,0.1881845192606057,7
2023-07-09,2023-07-06,2023-07-12,3.2447631137180775,4.714249552587068,1395.9627065342054,1394.818864909932,1397.7854271023534,2.9665621924214065,2.25,0.0501793977701597,7
2023-07-09,2023-07-06,2023-07-12,6.572337721485561,6.109181152553153,1320.3429740276886,1319.9641381232068,1320.9206228861583,0.9564847629517316,1.0,0.2005536693848967,7
2023-07-09,2023-07-06,2023-07-12,3.7125070703693344,18.66046851785591,1371.0793197189207,1370.7291659791954,1371.698921635747,0.9697556565515696,1.5,0.2972852350018119,7
2023-07-09,2023-07-06,2023-07-12,33.81293076222078,14.420068813274586,1395.8806238390375,1393.8786425623111,1397.5826455485076,3.704002986196429,9.25,0.1695630526401869,7
2023-07-09,2023-07-06,2023-07-12,5.091614784672749,16.496675623115156,1393.3387071891457,1392.206948348787,1394.393752860837,2.186804512050003,3.25,0.0583965192480057,7
2023-07-09,2023-07-06,2023-07-12,3.2722844193169434,14.281755302022528,1392.9963636621972,1392.206948348787,1393.8541485657915,1.6472002170048654,1.5,0.0376194735556717,7
2023-07-09,2023-07-06,2023-07-12,2.2348376067835205,12.591114116095168,1393.5068838370382,1392.206948348787,1394.8883104864508,2.6813621376641095,2.0,0.0380583416921565,7
2023-07-09,2023-07-06,2023-07-12,13.071871356325907,14.245126425277125,1392.2105231413168,1390.6378666991368,1393.799341226928,3.1614745277911425,6.0,0.0883249165321976,7
2023-08-11,2023-08-07,2023-08-15,2.1185235197823196,14.719287682130016,1413.4674669522276,1412.8577721780166,1414.2669770685025,1.409204890485853,1.0,0.0295582940870591,8
2023-08-11,2023-08-07,2023-08-15,2.539052832360041,4.874591413185644,1904.4901444710208,1903.6527110841123,1905.36633601645,1.7136249323375523,1.25,0.030543209649139,8
2023-08-11,2023-08-07,2023-08-15,4.2548215163441965,4.820917371055143,1855.1809563478,1854.450534345582,1856.020935352426,1.5704010068438947,1.5,0.0930969152795789,8
2023-08-26,2023-08-22,2023-08-31,2.4001624228230907,3.4248132845816377,1176.5800907519442,1176.46851192927,1176.961532997433,0.4930210681632161,1.0,0.1343806696530455,8
2023-10-01,2023-09-29,2023-10-03,4.116210083503563,11.735967462869311,380.0137269769969,379.8088742522523,380.5415157051757,0.7326414529234171,0.75,0.0997718517644442,10
2023-10-01,2023-09-29,2023-10-03,2.3583214378089923,14.170304635255278,1472.5328005889594,1472.024866966065,1473.3591038696468,1.3342369035817685,1.0,0.0512047966249955,10
2023-10-01,2023-09-29,2023-10-03,4.777138932351719,19.674426155702477,1583.5998423740182,1583.2960568103008,1584.305577528197,1.009520717896521,1.75,0.1477469625732104,10
2023-10-01,2023-09-29,2023-10-03,2.2681357353902913,10.451432122359044,1947.566671463544,1947.3870130209252,1947.9227908030152,0.5357777820900083,1.25,0.2467526986360255,10
2023-10-01,2023-09-29,2023-10-03,2.450421770357175,9.503600779144788,1986.0029466059136,1985.688548807986,1986.4818098037504,0.7932609957642853,0.75,0.0779250492256181,10
2023-10-01,2023-09-29,2023-10-03,4.243155825829778,18.726722163454045,1371.0203017979652,1370.7291659791954,1371.698921635747,0.9697556565515696,1.5,0.1859549151628123,10
2023-10-01,2023-09-29,2023-10-03,4.49813893176039,6.4899850368284895,1321.992354948479,1321.1483450350352,1322.575347563252,1.4270025282166898,0.75,0.1078890608413062,10
2023-10-01,2023-09-29,2023-10-03,7.797327522691798,6.101004523318122,1320.5202406995884,1319.9641381232068,1321.3936531874351,1.429515064228326,1.0,0.1683276085511894,10
2023-10-01,2023-09-29,2023-10-03,3.0097366232366976,11.958007475217938,976.7607840517488,976.5685956594534,977.2982833785936,0.7296877191402018,1.0,0.1970403263661518,10
2023-10-01,2023-09-29,2023-10-03,2.502449176399682,14.9410860044323,931.3239613295276,930.8392727961764,931.8129717661068,0.9736989699304104,1.0,0.0957162482899728,10
2023-10-15,2023-10-13,2023-10-18,2.2110324130583243,3.4418553104192693,851.0103123891014,850.023266592063,852.0198499839753,1.9965833919122815,1.5,0.0530907551394682,10
2023-10-15,2023-10-13,2023-10-18,2.1789380115553807,3.6164871132156353,1963.1478605690183,1961.5432981615888,1963.9627965264951,2.419498364906758,1.0,0.1650658431523662,10
2023-10-15,2023-10-13,2023-10-18,2.82710243467452,3.8774054073389728,2140.4580356048837,2137.7929770750925,2142.7196813323535,4.926704257261008,1.75,0.0636578376358553,10
2023-10-22,2023-10-18,2023-10-26,2.0995372207299057,3.285199985839094,831.4395032048377,830.1383132077754,834.1047214241698,3.966408216394484,0.75,0.0402150685522365,10
2023-10-22,2023-10-18,2023-10-26,2.6689024712673306,11.143973785949692,1839.7027251476595,1837.7876203893684,1841.9503837418745,4.162763352505863,2.75,0.0457582383866991,10
2023-10-22,2023-10-18,2023-10-26,2.015202914997438,3.3584938920464324,868.2154235474245,866.4590729130432,870.1334292036481,3.674356290604919,1.0,0.0654162198613461,10
2023-11-12,2023-11-09,2023-11-16,2.306327945618555,4.77147542455689,2061.0995389284813,2059.5231334934942,2062.2927312627435,2.76959776924923,1.5,0.0430592985907847,11
2023-11-12,2023-11-09,2023-11-16,3.2378151282635765,4.477444420240116,2065.0890596273466,2062.8151039402,2067.319645184558,4.504541244357824,2.25,0.0561960265672334,11
2023-11-12,2023-11-09,2023-11-16,3.909883236331101,3.8222946204386066,2060.88548656087,2059.784318621736,2062.2927312627435,2.508412641007453,1.75,0.0995453792690956,11
2023-11-12,2023-11-09,2023-11-16,2.486126310611951,3.995657502835122,2086.5037367478253,2085.1629347242415,2088.850378164556,3.6874434403143823,2.0,0.0578681711545573,11
2023-12-24,2023-12-21,2023-12-28,7.269115413109143,5.556690861341574,2154.602412445138,2151.9099847008474,2157.6907586548477,5.780773954000324,3.75,0.0847759555265801,12
2023-12-24,2023-12-21,2023-12-28,5.094528861542147,3.745620540580844,1310.576323372948,1308.2237437451258,1312.9330319166183,4.709288171492517,2.5,0.0814267169723935,12
2023-12-24,2023-12-21,2023-12-28,9.55498631464757,3.7414078418055654,586.01894516882,578.9081193166785,592.780417161528,13.872297844849529,1.75,0.114945801382908,12
2023-12-24,2023-12-21,2023-12-28,29.07942356439568,4.026675799015882,511.57423032678224,497.8277077553794,529.9588922578841,32.131184502504766,3.0,0.1266608072930372,12
2023-12-24,2023-12-21,2023-12-28,2.8815980700194372,4.345572254476733,2157.527534069272,2155.9438416231424,2160.2869422235526,4.343100600410253,2.75,0.0763826339439292,12
2023-12-24,2023-12-21,2023-12-28,3.913214521040693,3.648623778698164,725.6724990466779,720.8035389464349,730.5015371046029,9.697998158168048,1.25,0.0733259205352132,12
2023-12-24,2023-12-21,2023-12-28,2.732372889348914,3.531183864858683,672.2147292462821,669.1577185411006,674.9758263514377,5.8181078103370965,1.25,0.0573916124328259,12
2023-12-24,2023-12-21,2023-12-28,5.271361083010799,3.646085721182685,595.9610605393231,593.1136842593551,601.0932351993397,7.97955093998462,1.75,0.0723890256518633,12
2023-12-24,2023-12-21,2023-12-28,2.444323409688512,3.995396514405557,1442.2024073048983,1440.2923245579004,1443.654716159217,3.362391601316631,2.5,0.0538306288944883,12
2023-12-24,2023-12-21,2023-12-28,2.9795021481452504,4.70078169121551,1828.1646383260688,1826.9335206979888,1829.645535800606,2.7120151026174426,2.0,0.06550552070487,12
2023-12-24,2023-12-21,2023-12-28,4.400584847041014,4.599074518906988,2129.651955015119,2125.458748100791,2131.697691736743,6.238943635951728,3.25,0.076897369415958,12
2023-12-24,2023-12-21,2023-12-28,9.723909126685427,4.886484950381429,2085.5314910091975,2080.336366098374,2091.616519902367,11.280153803993016,3.0,0.107745484970167,12
2023-12-24,2023-12-21,2023-12-28,2.0014121199587795,3.651092433725205,2092.808672524508,2090.6045363578014,2094.621833764948,4.017297407146543,1.25,0.0550166340187433,12
2024-01-03,2023-12-28,2024-01-10,2.7126794895472073,3.7163640909809215,1818.0315081817716,1817.691641729325,1818.6829553744756,0.9913136451505123,0.75,0.0941161438591847,1
2024-01-03,2023-12-28,2024-01-10,3.011274214735941,3.789903352420034,1614.8690426266064,1613.5354089182802,1616.2745435498657,2.7391346315853298,2.25,0.0608471822288162,1
2024-01-03,2023-12-28,2024-01-10,2.0994919613757874,5.007451636091587,1584.2077390362542,1583.2960568103008,1585.3221625960432,2.026105785742402,1.75,0.0523828768933864,1
2024-01-03,2023-12-28,2024-01-10,4.520897088964105,5.406428545218597,1828.7878135066512,1826.6868494222872,1831.6194531931544,4.93260377086699,3.0,0.0770944015104166,1
2024-01-03,2023-12-28,2024-01-10,2.5011258002445227,4.335259341108079,2089.9253194872745,2088.105185768102,2091.616519902367,3.5113341342657804,2.0,0.0550941097198685,1
2024-01-03,2023-12-28,2024-01-10,3.414493970809941,5.726535644677358,2063.2552333843632,2061.037282350473,2066.3119015237316,5.274619173258543,2.5,0.062453054843439,1
2024-01-03,2023-12-28,2024-01-10,2.5527497357033697,6.543227278086787,1930.0670113799192,1927.4190885778517,1932.1157351923175,4.6966466144658625,2.25,0.0569102286143507,1
2024-01-03,2023-12-28,2024-01-10,2.157740136855005,5.0990978340052315,1840.3090662929503,1838.7891329824924,1842.1840751646089,3.3949421821162105,2.5,0.0591751217151477,1
2024-01-03,2023-12-28,2024-01-10,2.5042580173884414,4.197787507299284,1311.4632876399744,1310.3218603837304,1312.6964257154614,2.3745653317309916,1.25,0.0514000375850569,1
2024-01-03,2023-12-28,2024-01-10,5.298962481721423,3.621785721163622,673.6784132658439,670.3354954356328,677.097559963353,6.762064527720213,1.75,0.0759643053669926,1
2024-01-03,2023-12-28,2024-01-10,4.706398255230419,3.461340249072254,681.3772092515173,678.4477824959904,684.9886559857987,6.540873489808291,1.25,0.0733895387047052,1
2024-01-03,2023-12-28,2024-01-10,9.533816957019909,3.718472882855312,708.6217928768255,700.5958093875088,715.6596449427307,15.063835555221884,1.75,0.1057704412793734,1
2024-01-03,2023-12-28,2024-01-10,15.74630000699643,4.628682177204377,1381.2151035518614,1378.4448927594349,1384.0705288224854,5.625636063050479,3.25,0.1204177242774965,1
2024-01-03,2023-12-28,2024-01-10,4.724249697442793,4.769112922981504,1352.3659575080665,1351.266547864303,1354.0875098733231,2.8209620090201497,2.75,0.0762292251104863,1
2024-01-03,2023-12-28,2024-01-10,13.811508184450128,3.9125129225070863,723.3478070048709,715.1778990775347,729.8247181386687,14.64681906113401,2.75,0.1193273620746825,1
2024-01-03,2023-12-28,2024-01-10,8.380938676217621,3.753824933375051,738.6379775269446,732.8312093662098,744.6423092214391,11.81109985522926,2.0,0.1005206190500536,1
2024-01-03,2023-12-28,2024-01-10,4.032305373672987,3.60735019229711,1040.8987151799315,1036.1014273515902,1045.7105789505877,9.609151598997414,2.0,0.0699437909048896,1
2024-01-03,2023-12-28,2024-01-10,4.736869391361895,3.962412347626202,1057.8208145969782,1051.612469245214,1063.985791543033,12.37332229781896,2.5,0.0778062129414199,1
2024-01-03,2023-12-28,2024-01-10,2.9791549144555285,3.7386012211165496,1078.329081083633,1072.5324077052064,1084.1427924828604,11.610384777653962,1.5,0.0644229152106093,1
2024-01-03,2023-12-28,2024-01-10,2.2143830157849176,3.7352427151635497,1088.5175066642985,1085.8285992960446,1091.4938002284616,5.665200932417065,1.75,0.0556006534935617,1
2024-01-03,2023-12-28,2024-01-10,2.544799789100392,3.74762533630104,1107.3653550614963,1105.7635802864097,1110.7537037897855,4.9901235033757985,1.75,0.0788748256551235,1
2024-01-03,2023-12-28,2024-01-10,3.3754461257461057,4.084410407198229,1181.4891581535132,1180.195971465204,1182.874962227419,2.6789907622151077,2.5,0.0640450443387943,1
2024-01-03,2023-12-28,2024-01-10,2.0039096022583633,3.3906483845701927,1188.709065016828,1188.340771585703,1189.5626047328117,1.2218331471085548,1.25,0.0785355555572591,1
2024-01-03,2023-12-28,2024-01-10,2.3141810568283723,4.240011225891998,843.9155603287054,842.408347316552,845.0353906429373,2.6270433263853192,2.5,0.0535810397992852,1
2024-01-03,2023-12-28,2024-01-10,2.104055612915998,4.747023771702028,854.6893178905722,854.0686257821508,855.4987054597586,1.430079677607864,3.75,0.0518440488360254,1
2024-01-03,2023-12-28,2024-01-10,3.6312515046035623,4.312273741322702,859.3451927898682,857.1679618619382,860.7161568892188,3.548195027280599,3.25,0.0797055464778514,1
2024-01-03,2023-12-28,2024-01-10,4.399770791937273,6.651654218557562,869.5348656748439,867.4260751567781,871.3539996137843,3.927924457006157,5.25,0.0757953173196692,1
2024-01-03,2023-12-28,2024-01-10,11.507058869989688,4.422009942060236,891.5265322697029,886.8774965745397,896.4206623155624,9.543165741022676,3.5,0.1077492573185303,1
2024-01-03,2023-12-28,2024-01-10,2.627196037774823,3.826996215958243,529.7199286019177,527.3590228925459,534.2973489081487,6.938326015602797,2.0,0.0567551967938212,1
2024-01-03,2023-12-28,2024-01-10,4.17955931935786,3.554138365216191,769.4540330795702,764.9490038543008,774.4056694027968,9.456665548495948,1.5,0.0775784829966168,1
2024-01-03,2023-12-28,2024-01-10,5.779243402117384,3.6844062129366546,778.6391558926575,774.2285564942285,783.4793248013593,9.250768307130784,1.5,0.0858607396251281,1
2024-01-03,2023-12-28,2024-01-10,20.0781596900233,4.370940156328579,798.3814069795642,794.6433809017763,802.4086830127053,7.765302110929042,3.5,0.1122583467793945,1
2024-01-03,2023-12-28,2024-01-10,12.73223283629134,4.288669362091303,5.04905535798269,0.0,12.509237703401595,12.509237703401595,2.25,0.1136452477308795,1
2024-01-03,2023-12-28,2024-01-10,4.7313499579328955,3.8788098402822966,23.95914793214132,19.99188126437366,27.93897391622886,7.9470926518552,1.5,0.0738211289869347,1
2024-01-03,2023-12-28,2024-01-10,2.8148932026214215,4.650465795981408,41.11257275648348,37.91331301163882,43.78768335748464,5.8743703458458185,2.5,0.0643417731670341,1
2024-01-03,2023-12-28,2024-01-10,3.320043954123995,3.919875507576118,1457.2479945708103,1453.797126033809,1461.1047150320371,7.307588998228312,2.25,0.0799311928581514,1
2024-01-03,2023-12-28,2024-01-10,30.42419702978363,5.415936990706325,1440.8520511258837,1430.115221860353,1449.3737533562817,19.258531495928764,5.25,0.1674382408707661,1
2024-01-03,2023-12-28,2024-01-10,3.306553600244988,3.9490278240889,202.26194697688388,199.4896047804505,206.09632645267993,6.606721672229469,1.75,0.0773255821304668,1
2024-01-03,2023-12-28,2024-01-10,2.349857325318584,4.276870918372566,117.35092745210268,114.80082386638968,119.97075133631006,5.169927469920367,2.0,0.057140762232792,1
2024-01-03,2023-12-28,2024-01-10,5.4783916579454575,5.229957474788194,395.3711772150865,393.92989306198433,398.1589715778828,4.229078515898436,3.5,0.1087639970960139,1
2024-01-03,2023-12-28,2024-01-10,5.403512816274286,4.712838785825811,400.1682697067105,394.64002837613225,404.09460840094835,9.454580024816096,3.75,0.1094384140272525,1
2024-01-03,2023-12-28,2024-01-10,2.2863878884696103,3.808503646140257,507.4836568125005,506.2892678491771,509.1123360283673,2.823068179190159,2.25,0.0535857808223737,1
2024-01-03,2023-12-28,2024-01-10,11.574198116798565,4.0282406335348675,581.5628936619685,574.9471291075461,587.8256231392734,12.878494031727314,2.5,0.1030481582502726,1
2024-01-03,2023-12-28,2024-01-10,3.001150715248623,4.3853196768290745,1396.77836450081,1394.818864909932,1398.8469407907687,4.028075880836695,1.75,0.0623629425063718,1
2024-01-03,2023-12-28,2024-01-10,3.1885019342732996,4.432193220116848,390.1322058101042,386.927059086971,393.4430107874796,6.5159517005085945,2.0,0.0633301477701761,1
2024-01-03,2023-12-28,2024-01-10,3.404395922043435,4.103548100539355,122.45673722931384,120.2319251447916,125.63078597327694,5.39886082848534,2.0,0.0620633259308384,1
2024-01-03,2023-12-28,2024-01-10,3.549507714287478,4.009868098518152,366.021705631601,363.8511958909221,369.1284384015016,5.277242510579526,2.0,0.0722489516312396,1
2024-01-03,2023-12-28,2024-01-10,2.1881381098300268,4.095148065039665,890.9168870041117,889.3369274470024,892.6448626262136,3.3079351792111993,1.25,0.0361237557064845,1
2024-01-03,2023-12-28,2024-01-10,2.885628850925597,3.853120093445013,795.9075759566588,794.6433809017763,797.2503815866075,2.607000684831291,1.25,0.0701228677908591,1
2024-01-03,2023-12-28,2024-01-10,2.892240273595005,4.037984872733218,1378.4941210212962,1377.7730526854284,1379.300562162418,1.5275094769895077,1.0,0.0959018609888045,1
2024-01-03,2023-12-28,2024-01-10,2.267699086879019,3.5046557130552243,1818.1687096711344,1817.691641729325,1818.6829553744756,0.9913136451505123,0.75,0.101187666742629,1
2024-01-03,2023-12-28,2024-01-10,2.1884854661738253,3.854799167538426,579.2785753588296,576.8328567547724,581.8584298957139,5.02557314094156,1.75,0.0418979453244391,1
2024-01-03,2023-12-28,2024-01-10,3.1941599054813663,3.717329963267059,585.7095162073753,583.5288560772315,587.557243723888,4.028387646656483,1.25,0.0703672296979231,1
2024-01-03,2023-12-28,2024-01-10,2.033883008148619,7.175766571766109,1444.0229195286822,1443.409408006817,1444.8427973869257,1.433389380108565,0.5,0.1758022682675799,1
2024-01-14,2024-01-10,2024-01-19,2.3774984026228587,6.978300531836687,836.2229709162198,835.7967692399397,837.0097027677111,1.2129335277713835,1.0,0.1528678377474279,1
2024-01-14,2024-01-10,2024-01-19,4.654860177624913,3.1286742158499914,476.0877402575504,475.19119779765606,476.7002518000081,1.5090540023520589,0.5,0.1431361001248148,1
2024-01-14,2024-01-10,2024-01-19,2.1502627150805877,3.049291359961988,1304.0584043076349,1303.6473861592822,1304.5716394949704,0.9242533356882632,1.0,0.0262006554780868,1
2024-01-14,2024-01-10,2024-01-19,8.423496267671919,3.2619943027968135,1563.4369700536931,1559.995891078841,1568.957066344563,8.961175265721977,2.25,0.0870759256185542,1
2024-01-14,2024-01-10,2024-01-19,5.141360824897936,3.1245807247414388,1415.240108156799,1414.0216689161025,1416.4714993410744,2.4498304249718785,1.0,0.1058449963348181,1
2024-01-14,2024-01-10,2024-01-19,2.2022473148505006,4.560785047752301,1675.2051325074506,1674.6836781520396,1676.724858104717,2.0411799526773393,1.25,0.1568726241802837,1
2024-01-14,2024-01-10,2024-01-19,2.4873713108124185,4.105696670515368,1307.8125800002867,1306.698566890787,1308.9421157008037,2.243548810016364,1.0,0.0895992245822408,1
2024-01-14,2024-01-10,2024-01-19,2.4277951596501848,7.065503143907397,1382.1538378257378,1379.2426810474135,1383.4953650617972,4.2526840143837035,1.0,0.1291133308603951,1
2024-01-14,2024-01-10,2024-01-19,4.705140376351951,18.81522890660477,1371.0313012473912,1370.7291659791954,1371.698921635747,0.9697556565515696,1.75,0.1866232787908632,1
2024-01-14,2024-01-10,2024-01-19,22.518918158987063,5.5299756146862356,1376.862469599222,1373.856404966209,1380.512740324717,6.656335358507931,5.0,0.1582984841325987,1
2024-01-14,2024-01-10,2024-01-19,21.830889198637703,5.490159622833907,1382.0098124704575,1379.2426810474135,1384.8487006803043,5.6060196328908205,4.25,0.1456545520594997,1
2024-01-14,2024-01-10,2024-01-19,3.4896069591125793,5.343457731228184,1393.3979408737257,1391.6688372101637,1395.427977686748,3.7591404765844345,2.5,0.0728132320739242,1
2024-01-14,2024-01-10,2024-01-19,2.8749991580658016,3.964683129607342,1433.8917539172928,1431.2406067447737,1437.195068902336,5.954462157562375,3.5,0.0649277811665711,1
2024-01-14,2024-01-10,2024-01-19,3.028626945474485,4.302362003444943,1372.6594545096063,1370.7291659791954,1374.838246000465,4.1090800212696195,2.5,0.0705164421593495,1
2024-01-14,2024-01-10,2024-01-19,4.002766101885441,4.114363473026093,1106.959352916014,1105.5478277872317,1108.701931154821,3.154103367589414,1.75,0.2304130495087704,1
2024-01-14,2024-01-10,2024-01-19,2.9164087686939055,4.023802884633178,1188.5824494480769,1187.6207242617384,1190.5469776554964,2.9262533937580884,2.0,0.0610473250485241,1
2024-01-14,2024-01-10,2024-01-19,3.555528864215172,5.422245419827644,1365.9526338442415,1364.4146361309104,1367.034786793403,2.6201506624929607,1.75,0.0957670653315884,1
2024-01-14,2024-01-10,2024-01-19,2.599870794716763,4.482369794045788,1367.1895667113731,1365.7968853479251,1369.6355913705193,3.838706022594124,1.5,0.0491154091075023,1
2024-01-14,2024-01-10,2024-01-19,6.897107317151675,4.065502295037771,1443.6947020858288,1440.2923245579004,1448.2460710373707,7.953746479470283,3.0,0.0966118374208946,1
2024-01-14,2024-01-10,2024-01-19,4.500682777300778,4.6497607416066575,1836.2714168407608,1833.801183343399,1838.6875901184976,4.886406775098294,2.0,0.0768614955527429,1
2024-01-14,2024-01-10,2024-01-19,8.861825385095935,5.659985550976544,1842.0523546972688,1838.7891329824924,1845.0567639074288,6.267630924936384,4.0,0.1000605022110144,1
2024-01-14,2024-01-10,2024-01-19,4.651248689678243,6.661999011357104,1908.9459549655112,1906.907470330596,1912.2177311452103,5.310260814614594,3.75,0.0801122948226029,1
2024-01-14,2024-01-10,2024-01-19,6.158981893881432,6.00829694085516,1515.9476021851376,1513.5772473099642,1519.44083625637,5.863588946405798,3.75,0.0882653704519273,1
2024-01-14,2024-01-10,2024-01-19,9.770086914525804,6.4103675100226924,1563.6124169159164,1559.995891078841,1568.957066344563,8.961175265721977,3.75,0.1130339810809638,1
2024-01-14,2024-01-10,2024-01-19,5.821360236148856,4.433654168934947,1822.0153603406611,1819.680812356528,1824.8604094586335,5.1795971021056175,2.25,0.0866924839532259,1
2024-01-14,2024-01-10,2024-01-19,2.907345368387184,5.09017197290304,1827.56246029245,1826.6868494222872,1829.152193248272,2.465343825984746,2.25,0.0577244381022362,1
2024-01-14,2024-01-10,2024-01-19,2.1948028256955427,4.5643276505398305,191.3757303616542,189.2281904979609,195.1376988445409,5.909508346579969,1.25,0.0625809930146767,1
2024-01-14,2024-01-10,2024-01-19,4.445256749460846,4.173318327632525,200.7933476688777,198.75156678026545,203.42206916352737,4.670502383261919,2.0,0.0774703350327815,1
2024-01-14,2024-01-10,2024-01-19,4.2361871731634375,4.7342629844312505,8.43510172362709,4.958620624616742,12.254329931922255,7.295709307305515,1.75,0.0770194882280925,1
2024-01-14,2024-01-10,2024-01-19,4.381591188744027,4.978248739753146,44.68207402803025,44.28670475911349,45.260807749815285,0.9741029907017946,1.25,0.2610918626532924,1
2024-01-14,2024-01-10,2024-01-19,7.4258895228805075,4.285637828110523,1044.3452356478267,1038.284515271429,1049.9098249250092,11.625309653580189,2.5,0.0904106230857355,1
2024-01-14,2024-01-10,2024-01-19,2.0297111750548296,4.825196356027102,120.2710060253812,119.23456213669851,121.68806980550288,2.4535076688043773,1.75,0.0574390665282261,1
2024-01-14,2024-01-10,2024-01-19,3.225015562141728,4.2026450299961935,801.0300459785927,799.555390058551,802.4086830127053,2.8532929541543126,2.25,0.0671651712159284,1
2024-01-14,2024-01-10,2024-01-19,7.849653162120584,4.925512722356176,864.5585379652703,861.1863469262607,867.2518542520702,6.065507325809449,3.75,0.1037487696082281,1
2024-01-14,2024-01-10,2024-01-19,3.1046351245522685,4.626912885242521,890.8004199706996,888.8449750766158,892.3988890172914,3.5539139406755567,3.0,0.060616114925432,1
2024-01-14,2024-01-10,2024-01-19,2.259219029358705,4.811387625474112,160.3372150604717,158.8221090408042,161.7800383456051,2.9579293048009276,2.25,0.0639164189568083,1
2024-01-14,2024-01-10,2024-01-19,2.0559640535246726,4.447406589025358,181.4802165032826,179.6795311793685,183.8817199640907,4.202188784722239,2.0,0.0529981754233843,1
2024-01-14,2024-01-10,2024-01-19,2.1722622568230063,4.561651944449268,215.56450374372747,213.92534932075068,218.23727832408625,4.3119290033355355,1.75,0.0950611682994727,1
2024-01-14,2024-01-10,2024-01-19,2.692280154209932,4.951880852825457,1855.5796464664088,1854.9719834630375,1856.551521638874,1.5795381758362057,1.25,0.036467375702171,1
2024-01-14,2024-01-10,2024-01-19,3.86899288173459,3.735444542034944,1909.2995101323831,1905.742784933187,1912.2177311452103,6.474946212023497,1.75,0.0753803370674426,1
2024-01-14,2024-01-10,2024-01-19,4.534702725145984,3.980275607035477,1966.926476144969,1966.5336522115392,1967.3377080578357,0.8040558462962508,1.5,0.2631770355218874,1
2024-01-21,2024-01-19,2024-01-23,2.649129652951284,8.241004170103942,441.1892578217716,439.6177366385237,443.0730272694491,3.4552906309254467,3.0,0.0585370684675511,1
2024-01-21,2024-01-19,2024-01-23,3.247041658491644,5.721696872631267,672.0666757236977,669.6308032362722,673.8714416888542,4.240638452582061,2.75,0.0642265191516305,1
2024-01-21,2024-01-19,2024-01-23,3.7522711539111384,13.666573421546794,405.6809707797685,403.8493002485484,408.3617772483267,4.5124769997783005,3.0,0.0514747607878123,1
2024-01-21,2024-01-19,2024-01-23,23.71102409572889,16.088753938404363,409.8229227787798,405.5721850800328,412.5053981170058,6.933213036973029,4.0,0.0875108788469991,1
2024-01-21,2024-01-19,2024-01-23,4.249215673118514,7.597135300958168,435.3147323201636,433.5599301769398,437.022411250975,3.4624810740351677,3.75,0.0774926766928559,1
2024-01-21,2024-01-19,2024-01-23,2.7142472539491957,12.715886400903925,425.19270854573216,422.9365153731778,427.3253404679708,4.388825094792992,2.25,0.0506450890580886,1
2024-01-21,2024-01-19,2024-01-23,5.831991339530528,5.147504566831092,801.735103007009,800.5071118026972,803.8930220231414,3.3859102204442024,2.5,0.1015298318985397,1
2024-01-21,2024-01-19,2024-01-23,3.3069345638056653,5.255638568968394,829.4522577944225,827.2525616525672,832.0599578553811,4.807396202813834,2.5,0.0687174633244369,1
2024-01-21,2024-01-19,2024-01-23,2.352992976776637,4.241504857152403,846.0675005231421,843.75702854665,847.8382966751233,4.081268128473312,2.0,0.0545108871170881,1
2024-01-21,2024-01-19,2024-01-23,2.5051802533873895,5.401858474577535,724.351038396672,722.6382808517665,726.425560452044,3.787279600277543,2.0,0.0646027377933484,1
2024-01-21,2024-01-19,2024-01-23,4.58082114841348,10.42904024003331,402.6068739918901,399.3586172000505,404.582161473576,5.2235442735254765,2.75,0.0640788711912696,1
2024-01-21,2024-01-19,2024-01-23,4.697094452934347,11.246670388735229,397.3951810774016,394.64002837613225,399.3823485681787,4.7423201920464635,3.75,0.0695483596052282,1
2024-01-21,2024-01-19,2024-01-23,3.874133927338512,3.964032729776783,2061.144777993425,2059.2706123664975,2062.797801661305,3.527189294807613,2.5,0.0593036045374572,1
2024-01-21,2024-01-19,2024-01-23,12.812895982869064,4.272384736097532,1855.8243206471511,1853.6547015770336,1858.1956023601815,4.540900783147663,4.75,0.1277598473592374,1
2024-01-21,2024-01-19,2024-01-23,3.7238260791373734,6.302636252843094,158.46126818439376,155.94245373504236,161.28982193861157,5.347368203569204,3.75,0.0774031565267527,1
2024-01-21,2024-01-19,2024-01-23,2.6754585769483716,5.804551497114626,2.0695629467381167,0.0,4.947998069226742,4.947998069226742,1.75,0.060122233375315,1
2024-01-21,2024-01-19,2024-01-23,2.492255641434855,4.8947281295936715,129.04917641228633,126.35027419729158,131.7240043040365,5.373730106744915,1.5,0.0612394772155942,1
2024-01-21,2024-01-19,2024-01-23,2.286054269382346,6.064511420749562,1434.280594812803,1433.262305568438,1435.5283040227368,2.265998454298824,3.0,0.0580296181605303,1
2024-01-21,2024-01-19,2024-01-23,4.83666804567573,7.073004740916816,1446.264603411026,1444.8810637681745,1447.962496060878,3.081432292703539,4.75,0.0772621101760276,1
2024-01-21,2024-01-19,2024-01-23,2.5723334827609534,7.280729767472633,1420.7445762720663,1419.7924133297056,1422.0115072531626,2.219093923456967,2.5,0.059955606701095,1
2024-01-21,2024-01-19,2024-01-23,7.850860752827812,9.545583578557306,1851.1076144223164,1849.7461660639383,1853.5328687075528,3.7867026436142623,5.25,0.1091618774978104,1
2024-01-21,2024-01-19,2024-01-23,26.35645039283043,10.934041272968402,1855.7321919263047,1853.6547015770336,1858.1956023601815,4.540900783147663,8.0,0.1497423301563492,1
2024-01-21,2024-01-19,2024-01-23,2.465577337301711,6.786017131433762,1908.924966249908,1907.2059574062005,1910.7271614437925,3.521204037591815,1.75,0.0475023536784086,1
2024-01-21,2024-01-19,2024-01-23,5.2167256220190135,4.944851452505665,1081.2009233631811,1077.4301434620284,1086.791808606591,9.36166514456272,2.75,0.0803795759392,1
2024-01-21,2024-01-19,2024-01-23,10.291114868230238,12.350009065466466,872.6336042431033,870.1329119573347,874.7287764931098,4.595864535775036,5.5,0.1057934993932067,1
2024-01-21,2024-01-19,2024-01-23,8.593235955857269,5.983351827403491,892.5409310309354,888.1259892391972,896.9665994173847,8.84061017818749,3.25,0.127525830167162,1
2024-01-21,2024-01-19,2024-01-23,56.68485587696967,12.281349797032306,1389.3062369396578,1386.2409492828883,1392.717996956315,6.4770476734265685,8.0,0.1910577912640248,1
2024-01-21,2024-01-19,2024-01-23,4.633917116767843,9.002028271899675,1392.686725392419,1391.173688387964,1394.393752860837,3.220064472872764,4.75,0.0781951084282193,1
2024-01-21,2024-01-19,2024-01-23,4.544096923496217,4.656809432804207,1395.238407250424,1392.4767755190842,1397.5826455485076,5.105870029423386,2.25,0.0921104242503046,1
2024-01-21,2024-01-19,2024-01-23,2.0456703715066276,5.453322079237646,1379.4774506066606,1378.4448927594349,1380.4580143569035,2.013121597468853,2.0,0.0546792318181789,1
2024-01-21,2024-01-19,2024-01-23,9.73179541582286,4.906325663752952,1381.8162688760187,1379.2426810474135,1384.3274170402435,5.084735992830247,4.25,0.1102518302984764,1
2024-01-21,2024-01-19,2024-01-23,2.3141941808145257,4.139276917104144,1847.195386482451,1844.6384402927945,1848.8447219305672,4.206281637772918,1.75,0.0668711035016504,1
2024-01-21,2024-01-19,2024-01-23,3.875841946676635,3.483633248913972,725.546072057993,722.6382808517665,728.3734508785419,5.7351700267754495,1.5,0.0998746482573456,1
2024-01-21,2024-01-19,2024-01-23,19.66005782426765,4.223388231684821,871.8226022861231,869.1556898760609,875.2339595849626,6.078269708901644,5.0,0.1325859237439127,1
2024-01-21,2024-01-19,2024-01-23,6.03173485181703,4.049392659229406,928.8855574331265,924.150104708504,932.3024674318732,8.152362723369151,2.5,0.1273044751986629,1
2024-01-21,2024-01-19,2024-01-23,5.855205156627326,3.408221822671861,891.2364823343656,886.1575971678831,895.4903874085285,9.332790240645409,2.5,0.0887304732242684,1
2024-01-21,2024-01-19,2024-01-23,11.146407437601653,3.3695292371138663,905.3065165821156,895.9293063832447,915.022921714466,19.093615331221372,2.25,0.121185631113523,1
2024-01-21,2024-01-19,2024-01-23,2.2079295102386167,3.9400195683383066,2.128274277573833,0.0,4.956193074584007,4.956193074584007,1.5,0.0598120966267296,1
2024-01-21,2024-01-19,2024-01-23,2.942609580508402,4.278505574612948,9.492311621158349,7.223265935201198,11.510526544880122,4.287260609678924,2.75,0.065445272792346,1
2024-01-21,2024-01-19,2024-01-23,3.1912660665345425,11.240918095104636,419.1534169217392,416.9326830497011,421.97529682610184,5.042613776400685,2.25,0.0628461320807497,1
2024-01-21,2024-01-19,2024-01-23,2.0019656578046696,3.2230963134373924,679.525985203726,677.7069777315482,681.3213314716704,3.6143537401221697,1.5,0.0481888406622595,1
2024-01-21,2024-01-19,2024-01-23,5.001252828346549,9.387836292087645,421.95398090699945,417.45446668192744,424.6393121117726,7.184845429845154,3.25,0.0635049551766026,1
2024-01-21,2024-01-19,2024-01-23,220.09647708505784,4.782411223892943,416.396980436564,393.92989306198433,441.8473317939788,47.91743873199448,7.75,0.3294735723518858,1
2024-01-21,2024-01-19,2024-01-23,2.1390068731617915,3.446343364883065,1420.9648294408903,1419.7924133297056,1422.0115072531626,2.219093923456967,2.0,0.0610214376734183,1
2024-01-21,2024-01-19,2024-01-23,2.7337892372938333,3.3006278979764243,1436.729812457154,1433.0133396559395,1440.001119248569,6.987779592629522,1.75,0.0647054611787233,1
2024-01-21,2024-01-19,2024-01-23,2.7686183954067696,3.270132859894521,1455.472252229921,1452.1302819857374,1458.8383912323045,6.708109246566892,1.75,0.0672994989849753,1
2024-01-21,2024-01-19,2024-01-23,3.5692025859380982,3.857423575710125,1850.4303124801024,1849.4495124323296,1851.7083464371972,2.258834004867822,2.0,0.084153971313291,1
2024-01-21,2024-01-19,2024-01-23,2.382265353294371,5.199036652338882,1812.3380751293157,1812.3380751293153,1812.5833832817152,0.2453081523999571,1.0,0.1790961132489968,1
2024-01-21,2024-01-19,2024-01-23,2.9996464856581064,13.1558546623242,1814.2384092824157,1814.0925427800976,1814.587246765848,0.4947039857506752,1.0,0.1830577954842744,1
2024-01-21,2024-01-19,2024-01-23,17.970087953363247,4.950167887490792,1388.669391675977,1383.3172756666318,1391.8631517603062,8.545876093674451,4.75,0.1565245738684961,1
2024-01-21,2024-01-19,2024-01-23,3.5419392831885195,5.957013056615177,1392.1422853172369,1390.0730175920762,1393.799341226928,3.726323634851724,3.25,0.0723981129173975,1
2024-01-21,2024-01-19,2024-01-23,2.0079833120911936,4.529195356307402,1206.4167901687958,1204.733182101976,1208.5427301148884,3.8095480129122734,1.5,0.0546132705524651,1
2024-01-26,2024-01-23,2024-01-29,2.329535752665619,3.655301923420172,1396.4556018135206,1395.9205370768905,1397.5124353538267,1.5918982769362628,1.0,0.0552886159492893,1
2024-01-26,2024-01-23,2024-01-29,2.30155332906728,3.0651588878392175,1328.435065486711,1326.9657317022793,1330.0891133607363,3.1233816584572196,2.0,0.0639009055397016,1
2024-01-26,2024-01-23,2024-01-29,5.06912014975175,13.477979883829088,1331.24664786855,1329.607223247178,1333.1632312675938,3.556008020415902,1.75,0.0601175727705056,1
2024-01-26,2024-01-23,2024-01-29,3.535887040452508,5.529556028184283,1389.7468449301284,1388.4466870906765,1391.8631517603062,3.416464669629931,2.75,0.0824703196013083,1
2024-01-26,2024-01-23,2024-01-29,2.344735659058702,13.85566499473888,1328.627243124983,1327.6983051043935,1329.6190984882414,1.920793383847922,1.5,0.0343736126992215,1
2024-01-26,2024-01-23,2024-01-29,2.4412447923758926,14.276756230501226,1331.664235916075,1331.0531361903995,1332.458435591776,1.4052994013763964,1.25,0.0324791700563076,1
2024-01-26,2024-01-23,2024-01-29,3.9459862183524126,13.666618303719908,1391.0127971997713,1389.8051485838369,1393.2635714998469,3.458422916010022,3.5,0.0585942019994496,1
2024-01-26,2024-01-23,2024-01-29,3.2636957516121536,14.583322459797492,1390.3713289841248,1388.4466870906765,1391.8631517603062,3.416464669629931,3.5,0.0567591482556242,1
2024-02-03,2024-01-29,2024-02-08,2.9863980056173656,4.2910495506123985,46.933171758328584,46.50427512032911,47.740293838083744,1.2360187177546322,0.75,0.1063453369348944,2
2024-02-03,2024-01-29,2024-02-08,2.3286696309065333,3.6930398974363214,2059.6481358427377,2057.0615047891624,2063.0604120926,5.998907303437591,2.0,0.0650432179507908,2
2024-02-03,2024-01-29,2024-02-08,4.281568629414087,10.2603161768866,1947.764782007756,1947.3870130209252,1949.8408156386577,2.4538026177324355,1.75,0.319780420881718,2
2024-02-03,2024-01-29,2024-02-08,3.0263286533946503,11.457450324617028,1945.670759718929,1945.349470084533,1946.1555847120471,0.8061146275140345,1.5,0.1544514052557395,2
2024-02-03,2024-01-29,2024-02-08,12.919032357281267,4.000161289848643,2218.8829492786963,2215.1165025378577,2222.592464387417,7.475961849559099,3.25,0.1131724686682641,2
2024-02-03,2024-01-29,2024-02-08,2.708613016304874,11.555654732834702,2091.232575417015,2089.871623977553,2092.6163375019096,2.7447135243564844,1.5,0.0366102204980461,2
2024-02-03,2024-01-29,2024-02-08,2.528675990878333,13.996568356213867,2090.3195248800384,2088.605070012156,2092.116358968895,3.5112889567390084,1.75,0.0434879243628179,2
2024-02-03,2024-01-29,2024-02-08,20.146933302397542,5.087076530598128,2092.4739721187852,2088.105185768102,2097.3693381412886,9.264152373187244,6.25,0.1504356965584363,2
2024-02-03,2024-01-29,2024-02-08,16.07547766750709,3.9567686803779503,792.9667398329345,783.941610803362,798.8847413016483,14.943130498286337,3.0,0.1429723538871359,2
2024-02-03,2024-01-29,2024-02-08,11.361859993351544,4.178922049108515,974.0242711648356,967.386840873398,981.3790201912634,13.99217931786552,3.0,0.113368923213264,2
2024-02-03,2024-01-29,2024-02-08,5.961747638685828,3.8097235167103456,1018.0823534313344,1010.9332401696591,1023.5886352201924,12.655395050533116,2.0,0.0841367764230766,2
2024-02-03,2024-01-29,2024-02-08,3.00083255057496,3.811540390839138,1103.7640078321394,1099.6119114100002,1107.7397427340038,8.127831324003637,2.0,0.1276496012093937,2
2024-02-03,2024-01-29,2024-02-08,11.248184747472749,15.825311355006392,1391.457510378091,1389.8051485838369,1393.5314563629215,3.726307779084891,3.0,0.0973679154591461,2
2024-02-03,2024-01-29,2024-02-08,2.523296015133973,3.7392052345515614,1668.8857800421506,1667.4632317586802,1670.7429475300014,3.2797157713212073,1.0,0.1479104456237943,2
2024-02-03,2024-01-29,2024-02-08,2.494977090077579,18.85367166750854,1582.6110891891192,1582.5278806397691,1583.0279166805558,0.5000360407866538,1.25,0.1327575509729399,2
2024-02-03,2024-01-29,2024-02-08,2.0096761223238677,3.704508045542633,1675.9146984828817,1674.9293438415043,1677.2165529360063,2.287209094502032,1.0,0.1903197707847994,2
2024-02-03,2024-01-29,2024-02-08,2.1010324352458216,11.615553709513394,1816.311585093672,1815.702478590887,1817.081750979647,1.3792723887600005,0.5,0.3465462560250644,2
2024-02-03,2024-01-29,2024-02-08,2.4143975935798223,16.919972434556044,1403.471986058283,1402.3609678507785,1404.553577087354,2.192609236575663,2.25,0.0593125967632071,2
2024-02-03,2024-01-29,2024-02-08,6.058035442722516,19.70271228374804,1533.7352419022968,1532.8954610908404,1535.007036158815,2.111575067974627,3.75,0.0649217863494046,2
2024-02-03,2024-01-29,2024-02-08,2.2717124509063584,14.048708214047227,1564.3939030055235,1562.8525111516938,1567.169118261896,4.3166071102023125,1.5,0.1575391454986688,2
2024-02-03,2024-01-29,2024-02-08,3.226500105753015,8.544169008682152,921.320939366372,920.5837572906166,922.9448415981606,2.3610843075439334,1.25,0.1199640628330403,2
2024-02-03,2024-01-29,2024-02-08,4.646900357368801,6.277588728579833,424.6918166486673,420.7158495262265,429.78863244503736,9.072782918810844,3.5,0.0936064016312106,2
2024-02-03,2024-01-29,2024-02-08,3.4291209600130936,3.8409902688565496,317.3492190859451,317.2066848031245,317.6981205432676,0.4914357401430607,1.0,0.0275314793014301,2
2024-02-03,2024-01-29,2024-02-08,3.118108000225418,4.24063984247797,356.8004634640618,355.4469860494137,358.1317113013938,2.684725251980126,3.0,0.0682643721186868,2
2024-02-03,2024-01-29,2024-02-08,6.984127563171806,3.930687926646054,367.33631698106103,365.0600147591904,370.81083120498806,5.750816445797682,3.25,0.110046763686864,2
2024-02-03,2024-01-29,2024-02-08,3.164351224015447,4.643036062517099,394.05218810426527,391.7204113532789,397.91524356929585,6.194832216016948,3.0,0.0733789381133741,2
2024-02-03,2024-01-29,2024-02-08,2.860123242415002,3.5136784171427333,506.13210012359417,504.1895210938528,508.33460626378655,4.145085169933736,1.75,0.0582449856226155,2
2024-02-03,2024-01-29,2024-02-08,10.744654562951965,4.126566886279886,892.2119788515812,886.8774965745397,899.1628882959485,12.285391721408814,3.0,0.124942312533962,2
2024-02-03,2024-01-29,2024-02-08,2.84192088689062,3.448327532530293,674.9525224402512,672.4163020388223,677.30411761906,4.887815580237657,2.0,0.07140065575916,2
2024-02-03,2024-01-29,2024-02-08,7.619860075762507,3.8461610625521354,719.8828259219289,714.4378499607556,724.5354420980439,10.097592137288302,3.0,0.118084541436269,2
2024-02-03,2024-01-29,2024-02-08,5.7729607536992305,3.8141603229276657,736.7056946784072,733.777296686545,740.699722004123,6.922425317578018,2.5,0.0979378324921178,2
2024-02-03,2024-01-29,2024-02-08,5.639324906113725,7.3499470713665636,721.8154998102457,718.226168800611,725.7433277945966,7.517158993985504,3.25,0.0846522429703696,2
2024-02-03,2024-01-29,2024-02-08,2.7963344143516036,4.630359862446481,697.4804591992512,696.1435042493977,698.9801027365029,2.836598487105221,2.75,0.0640820075041531,2
2024-02-03,2024-01-29,2024-02-08,2.3634161201721113,9.458701546482253,678.0401892324396,676.585772792343,680.0856861867942,3.499913394451142,2.0,0.057140250480107,2
2024-02-03,2024-01-29,2024-02-08,2.270368468866397,4.7643774248104656,682.2059398080805,680.2228841800243,684.2793576656841,4.056473485659808,3.25,0.0575329731459146,2
2024-02-03,2024-01-29,2024-02-08,16.94708279972384,7.228965057170114,738.7048442921881,734.7180434213951,744.6423092214391,9.92426580004394,6.75,0.1385537496117236,2
2024-02-03,2024-01-29,2024-02-08,2.527612764018794,4.797326663190288,812.4392161807065,810.738854478579,814.1201492100954,3.381294731516391,2.0,0.0680300259427425,2
2024-02-03,2024-01-29,2024-02-08,6.777442688750917,5.153472061318762,827.5733615105506,825.5911116153002,830.3836213601753,4.792509744875133,4.25,0.0934566920386046,2
2024-02-03,2024-01-29,2024-02-08,4.985868450222862,4.238229286098772,832.2609353942264,830.2664784593508,835.0889016813599,4.822423222009093,2.75,0.087888874001609,2
2024-02-03,2024-01-29,2024-02-08,2.9372003517668688,4.595761259665396,844.3505186454079,843.5153926135972,845.6936039952561,2.1782113816589117,2.0,0.1099674127776861,2
2024-02-03,2024-01-29,2024-02-08,4.945158029156136,4.672770194419596,862.960984735324,860.2270012041554,866.5188944381662,6.291893234010786,2.75,0.0920405115227877,2
2024-02-03,2024-01-29,2024-02-08,5.167420584524803,13.014753322484149,733.3592167515131,732.0983207449317,734.7320393449627,2.6337186000309885,5.0,0.0787700625697614,2
2024-02-03,2024-01-29,2024-02-08,2.592246310704982,4.9963717455518,741.1916402788928,738.7995116901584,743.9328955821693,5.133383892010897,1.75,0.0618997770834808,2
2024-02-03,2024-01-29,2024-02-08,2.6586312349452297,4.080187481929773,758.7730331812977,757.253908444196,761.1477878345177,3.893879390321672,1.75,0.0705833647890357,2
2024-02-03,2024-01-29,2024-02-08,10.074521016301304,4.95217641926766,770.5220849742423,764.7125289952382,775.4454718809575,10.73294288571924,3.0,0.1029272749553346,2
2024-02-03,2024-01-29,2024-02-08,4.5436045900343505,5.5529474842617805,801.7485984103789,799.791986880824,803.8930220231414,4.101035142317414,3.25,0.077705675471085,2
2024-02-03,2024-01-29,2024-02-08,49.43336119375558,7.783703593917937,788.6381630555521,777.06772817811,798.8847413016483,21.817013123538345,8.25,0.2270057708893578,2
2024-02-03,2024-01-29,2024-02-08,2.86361152434213,6.897131926336491,40.7127878751944,38.664530456997454,42.295088310260326,3.630557853262871,4.75,0.0924351459504112,2
2024-02-03,2024-01-29,2024-02-08,2.4617048414808873,14.452900574859198,2091.7697437439765,2089.121865375899,2096.619982898701,7.498117522802204,1.0,0.0399458464308129,2
2024-02-03,2024-01-29,2024-02-08,18.344111071811565,8.507803281771672,2218.6753223626574,2215.365415073931,2222.8414393952116,7.47602432128042,5.0,0.1340551657024062,2
2024-02-03,2024-01-29,2024-02-08,5.757322849600038,12.108242817911515,2094.3144616958816,2092.8707325239666,2096.619982898701,3.7492503747344017,3.0,0.0750092651955849,2
2024-02-03,2024-01-29,2024-02-08,2.0273077684316907,10.493348244098646,2091.914246540761,2090.8544784802943,2093.3658922626637,2.5114137823693454,1.5,0.0406528656634593,2
2024-02-03,2024-01-29,2024-02-08,9.949688849016166,11.95835883313248,2090.070746988033,2088.105185768102,2092.116358968895,4.011173200793564,3.75,0.0825799662694353,2
2024-02-03,2024-01-29,2024-02-08,2.9383774016091215,5.43462070352363,133.8151232582293,133.18320358311755,134.6628023055382,1.4795987224206328,4.0,0.0722178516894999,2
2024-02-03,2024-01-29,2024-02-08,12.947563841851718,13.392942665851484,394.3800182527693,391.2699226276018,398.402699586004,7.132776958402246,5.0,0.1071458424169523,2
2024-02-03,2024-01-29,2024-02-08,2.526946507076875,13.341080005836265,505.0453081958251,500.6292313709855,506.5345760015771,5.905344630591571,2.0,0.0467259554031883,2
2024-02-03,2024-01-29,2024-02-08,2.7555632795171583,12.3530417857329,367.9063144677213,366.203405872453,370.10271282400936,3.899306951556355,2.5,0.0581081758530466,2
2024-02-03,2024-01-29,2024-02-08,6.468779781063233,6.596373241608449,252.21139931141153,249.4905151934363,254.8583922684193,5.367877074982971,5.25,0.0860767796764564,2
2024-02-03,2024-01-29,2024-02-08,5.0975095395749195,16.282502866334376,871.2558874581863,869.6433301442303,873.2728608325124,3.6295306882821023,4.75,0.0877121219349797,2
2024-02-03,2024-01-29,2024-02-08,2.4746284722008123,4.424617091450112,1511.5086024105303,1507.817044774536,1513.551620805636,5.734576031100005,3.0,0.0688933088577386,2
2024-02-03,2024-01-29,2024-02-08,8.11806124730759,8.751241763056397,1438.6268724093738,1434.9992254576646,1442.5185112748295,7.519285817164928,6.0,0.1118727849958,2
2024-02-03,2024-01-29,2024-02-08,2.8763525231425926,11.080150473117635,1445.2188448060847,1443.409408006817,1447.1059169988148,3.696508991997689,2.75,0.0793213225619904,2
2024-02-03,2024-01-29,2024-02-08,2.470940018821327,16.073683308670795,1440.3763361444812,1438.866761708632,1441.666988848243,2.800227139610797,1.25,0.047942936186388,2
2024-02-03,2024-01-29,2024-02-08,3.300137320210814,17.21034366149181,1438.7756722097524,1437.5172513332218,1440.2849980620667,2.7677467288449407,1.5,0.0532918702892775,2
2024-02-03,2024-01-29,2024-02-08,2.331040718180593,3.543871198368851,1455.341410272672,1452.1302819857374,1457.7224553222768,5.5921733365394175,1.5,0.0509441609825501,2
2024-02-03,2024-01-29,2024-02-08,2.4429468629913194,4.558491602205351,1467.8556643248064,1464.2870403900745,1470.8359203394502,6.548879949375987,2.25,0.0669982521116028,2
2024-02-03,2024-01-29,2024-02-08,2.1843556421011336,3.617784879338202,1432.7215509149898,1430.6816823668778,1435.2445336100643,4.562851243186742,1.75,0.0586794417198807,2
2024-02-03,2024-01-29,2024-02-08,3.6547836703551377,10.004348004574412,1856.471970003217,1853.6547015770336,1858.1956023601815,4.540900783147663,3.0,0.068101561657346,2
2024-02-03,2024-01-29,2024-02-08,3.459083511017605,7.353088368550467,1997.15524720784,1995.2540050558744,1998.6977061461655,3.4437010902911425,2.75,0.1110149120377591,2
2024-02-03,2024-01-29,2024-02-08,2.6344244104475165,6.8917711593838495,2059.7691205186393,2057.812873301562,2061.7876609000377,3.974787598475814,2.5,0.0666198621763502,2
2024-02-03,2024-01-29,2024-02-08,8.228608262299945,8.35340935910358,1018.0927810664814,1015.0690332255326,1021.9091599998064,6.840126774273813,4.75,0.0984397010394963,2
2024-02-03,2024-01-29,2024-02-08,2.8363980191474876,6.732103412282114,1085.5103937612903,1083.1692544515245,1087.5407860102132,4.37153155868873,1.75,0.0557607991855644,2
2024-02-03,2024-01-29,2024-02-08,2.4982578413077765,5.417483056901641,1108.2860544361097,1106.4979723743163,1110.9989048009738,4.500932426657528,2.5,0.059199693154778,2
2024-02-03,2024-01-29,2024-02-08,2.555879254457612,7.143503608604448,978.5937823699952,976.327104801312,981.3790201912634,5.0519153899513185,2.5,0.0596924780919987,2
2024-02-03,2024-01-29,2024-02-08,7.148289189279734,11.731798703308195,971.9103981600194,968.1142677259631,975.365119870752,7.250852144788951,4.25,0.0909006701460917,2
2024-02-03,2024-01-29,2024-02-08,2.0602291037163742,3.773189833107798,877.4297316209677,877.1986933685839,877.9350307071581,0.7363373385742307,0.75,0.0448290271043761,2
2024-02-03,2024-01-29,2024-02-08,14.743943421777136,8.912195266903788,891.6757067255477,886.6315203909762,898.4265122963116,11.794991905335335,6.75,0.1379433456306197,2
2024-02-03,2024-01-29,2024-02-08,12.273227798588216,7.199021054406132,900.2232436371656,894.7530106799677,906.3631804157048,11.610169735737143,3.5,0.1223806979156779,2
2024-02-03,2024-01-29,2024-02-08,8.514083048919796,4.363154727724328,1410.2483720625594,1406.8435832043178,1415.11302271951,8.269439515192062,3.25,0.122578599989701,2
2024-02-03,2024-01-29,2024-02-08,2.80762926026663,8.14105529919522,972.0680623618952,968.1142677259631,975.6066358601674,7.492368134204298,2.0,0.0602274606934698,2
2024-02-03,2024-01-29,2024-02-08,2.8047197215980524,18.358254241609384,1370.9408408983134,1370.7291659791954,1371.457439134363,0.7282731551676989,1.25,0.2198239506808014,2
2024-02-03,2024-01-29,2024-02-08,2.800063036941044,4.414048104897011,1396.3046961320329,1394.818864909932,1398.3011779310182,3.4823130210861564,2.5,0.0548413404472661,2
2024-02-03,2024-01-29,2024-02-08,7.318578674361651,5.9958835029577315,1332.3412617081622,1330.3169691301882,1333.9827653882094,3.665796258021146,4.75,0.0851725784789222,2
2024-02-10,2024-02-08,2024-02-12,2.840069730245572,4.576664084516256,1682.382080519845,1679.9146510427818,1684.351960774511,4.437309731729329,2.0,0.0573411170643265,2
2024-02-10,2024-02-08,2024-02-12,5.230281902463978,4.543235239515315,783.9859636102989,780.3675456591882,787.2607738054357,6.893228146247566,2.5,0.0876397381730697,2
2024-02-10,2024-02-08,2024-02-12,5.802413370381941,4.414081558219802,899.4285927762436,895.6832586037926,903.7853756425902,8.102117038797587,2.75,0.0910856833632066,2
2024-02-10,2024-02-08,2024-02-12,2.337373777424065,4.127277930543188,907.0051209483328,903.5400674901904,910.3038409454748,6.763773455284536,1.5,0.059401192119101,2
2024-02-10,2024-02-08,2024-02-12,2.492712711849814,3.808758553407676,738.3189055453463,735.9107540715486,740.699722004123,4.788967932574451,1.5,0.0568220792143679,2
2024-02-10,2024-02-08,2024-02-12,2.9072952028700185,4.107321080449486,971.1635099445664,967.628945318982,975.1233677426352,7.494422423653305,1.75,0.0672770403528587,2
2024-02-10,2024-02-08,2024-02-12,5.108914958139642,6.45919364622103,1391.9926176733647,1389.8051485838369,1393.799341226928,3.9941926430910826,5.75,0.0930000185640598,2
2024-02-10,2024-02-08,2024-02-12,7.2435322258953505,6.316028886087508,1396.6376272311334,1394.818864909932,1399.1198222241364,4.300957314204425,4.0,0.1004296440441746,2
2024-02-10,2024-02-08,2024-02-12,13.671325491566332,6.10094145281474,1380.876675598016,1378.4448927594349,1383.4953650617972,5.050472302362323,4.75,0.1233776652534883,2
2024-02-10,2024-02-08,2024-02-12,4.153578855591258,4.060684192701236,1018.3482588345238,1014.8290854506196,1023.1368900598028,8.307804609183222,1.75,0.0649098186473294,2
2024-02-10,2024-02-08,2024-02-12,3.838047135655259,4.305371843012574,1374.9483158346036,1373.3621191978457,1377.992126616649,4.630007418803871,2.25,0.0701321232037041,2
2024-02-10,2024-02-08,2024-02-12,3.5257605359403232,5.560738050934365,1378.2743705025553,1376.027401290834,1380.0557064618915,4.028305171057582,2.5,0.0652479775107922,2
2024-02-16,2024-02-12,2024-02-21,2.504761205736052,19.3427782915376,1581.915332448066,1581.7654238152318,1582.2654454098083,0.5000215945765376,1.0,0.1593875230891845,2
2024-02-16,2024-02-12,2024-02-21,2.3344670597992394,16.614793777207773,1533.162077303976,1533.1620773039758,1533.4073854563758,0.2453081523999571,1.0,0.1318314686927477,2
2024-02-16,2024-02-12,2024-02-21,2.175326891570939,3.06652400852112,629.9020463039177,628.9370714402758,630.9385635415092,2.001492101233453,1.0,0.064566564189275,2
2024-02-16,2024-02-12,2024-02-21,2.51661701006858,3.022623964351701,627.6614209699576,626.8109336709604,628.8150702505372,2.0041365795768797,0.75,0.0554007299964331,2
2024-02-16,2024-02-12,2024-02-21,2.5520851959185182,3.2988096223332155,328.5270938451482,324.42680293368176,331.8240243466571,7.397221412975341,0.75,0.095031252699661,2
2024-02-16,2024-02-12,2024-02-21,2.454736740757891,4.094735389795735,304.2986787736973,303.88210988091305,304.82721047475934,0.9451005938462912,1.5,0.1209898345362608,2
2024-02-16,2024-02-12,2024-02-21,2.5477651353736412,5.466139136917602,1396.0125654210794,1394.818864909932,1397.5826455485076,2.763780638575554,4.25,0.0629618247413117,2
2024-02-16,2024-02-12,2024-02-21,2.315594951691768,6.369393695786029,1374.8763091117678,1373.3621191978457,1377.992126616649,4.630007418803871,2.25,0.0619358337155119,2
2024-03-02,2024-02-26,2024-03-08,4.452164075089085,4.926045069193759,1213.3799028279304,1211.916601204779,1215.970049390569,4.05344818579033,2.75,0.0761840519699104,3
2024-03-02,2024-02-26,2024-03-08,2.5767057939422924,13.850753121086296,931.583641551856,931.5676636137068,932.05771959899,0.4900559852831065,1.0,0.0604119073272551,3
2024-03-02,2024-02-26,2024-03-08,6.808627364970685,7.869934799818818,1213.888915276525,1211.916601204779,1215.7035851646217,3.7869839598424737,3.0,0.068238462811323,3
2024-03-11,2024-03-08,2024-03-14,8.49593631701897,11.586970905963636,379.4653055467486,378.5649744300172,380.5415157051757,1.9765412751585243,1.0,0.1070017621038807,3
2024-03-11,2024-03-08,2024-03-14,2.7884411952588675,16.809559646305427,430.7547441721906,428.5631545567885,433.8052383293398,5.242083772551268,3.0,0.0673124097741414,3
2024-03-11,2024-03-08,2024-03-14,2.0723460999041703,14.81008113821966,1447.6004738550398,1447.1442649937237,1448.2460710373707,1.1018060436472297,0.75,0.0310509414201366,3
2024-03-11,2024-03-08,2024-03-14,3.856646461097263,10.978670999017911,1949.1573298188848,1947.967952280305,1949.8408156386577,1.8728633583523333,1.25,0.260222234005003,3
2024-03-11,2024-03-08,2024-03-14,5.687663306833403,10.10810756825625,1947.6023543043068,1947.3870130209252,1948.2132604327053,0.8262474117800593,2.75,0.2824882424110828,3
2024-03-11,2024-03-08,2024-03-14,2.2932798210112866,19.616290075992932,1582.4892387648688,1582.2731527513824,1582.773188792169,0.5000360407866538,1.0,0.0956932705944186,3
2024-03-11,2024-03-08,2024-03-14,2.5692110166160926,4.152384993797383,47.078976352072864,46.50427512032911,47.740293838083744,1.2360187177546322,0.5,0.0922682999536119,3
2024-03-11,2024-03-08,2024-03-14,3.960088616071658,3.8028342678528535,317.34384749779616,317.2066848031245,317.6981205432676,0.4914357401430607,1.0,0.0226556879711,3
2024-03-23,2024-03-21,2024-03-25,2.2292567236623455,4.570593005704381,303.97636187295734,303.3878056774847,304.58007674850523,1.1922710710205138,1.5,0.1554602306343355,3
2024-03-23,2024-03-21,2024-03-25,2.4856247167673313,18.533976447453963,1370.9514429160604,1370.7291659791954,1371.457439134363,0.7282731551676989,1.25,0.2648158430771631,3
2024-03-30,2024-03-25,2024-04-04,5.669793957125904,4.284508956247052,2115.097323306297,2111.088505933527,2118.227559160907,7.139053227379918,2.5,0.079992347304003,3
2024-03-30,2024-03-25,2024-04-04,2.805498574981922,3.7630799566830446,1668.9177045903823,1667.7090483941138,1670.497343461495,2.7882950673811138,0.75,0.0446476436759479,3
2024-03-30,2024-03-25,2024-04-04,3.134799625493244,3.93310650986548,1672.9718736826928,1672.463290443644,1673.6904434436,1.2271529999561608,1.0,0.1713395801537354,3
2024-03-30,2024-03-25,2024-04-04,8.011279651127534,4.151536435555066,1636.9484787732397,1634.549185104668,1639.7662471956571,5.217062090989202,3.5,0.0864315851236854,3
2024-03-30,2024-03-25,2024-04-04,2.120553690051581,5.187664683004359,1623.5623907968763,1622.4907635254783,1624.704674589913,2.213911064434797,2.25,0.063153307974515,3
2024-04-06,2024-04-04,2024-04-09,5.6975580564686075,4.3909336112488155,1197.8304585748178,1195.041766917333,1201.593156637624,6.551389720290899,3.75,0.0969692235638062,4
2024-04-06,2024-04-04,2024-04-09,4.159484526706211,5.151430503638176,1194.4360490153765,1193.183731239289,1196.1239977777004,2.940266538411379,4.5,0.088042853073758,4
2024-04-06,2024-04-04,2024-04-09,6.943486625639248,5.3926329904576935,1588.8949172747768,1587.1360618956387,1591.194950250443,4.058888354804367,3.5,0.095791856093798,4
2024-04-12,2024-04-09,2024-04-16,9.976576830292574,6.806412486200678,424.1151719084061,421.48558215703815,427.0808116337285,5.595229476690292,2.5,0.0647300545506115,4
2024-04-12,2024-04-09,2024-04-16,3.6819365231090986,4.813184219671441,1587.9183156350189,1584.8221409935504,1589.896557059605,5.074416066054255,2.75,0.093512334176964,4
2024-04-12,2024-04-09,2024-04-16,7.120531529276031,3.946745103720223,1817.8953560046457,1816.962528757285,1818.9552561328744,1.9927273755893111,1.25,0.1958240218275714,4
2024-04-12,2024-04-09,2024-04-16,2.5590025178539686,7.247241424348415,427.55885613768095,426.8355034813285,428.80846270918846,1.972959227859974,1.25,0.0285697980838728,4
2024-04-12,2024-04-09,2024-04-16,17.791195879338893,6.445326172970015,431.62896548043426,428.07396135805175,435.7708080294542,7.696846671402454,4.75,0.1881512845790944,4
2024-04-12,2024-04-09,2024-04-16,4.19138538007691,14.0340625302693,426.8911689579631,426.1183610446751,428.0746484482661,1.9562874035909772,1.25,0.1154395623056064,4
2024-04-21,2024-04-16,2024-04-26,2.0446876057210748,7.162882730186991,417.057655812038,416.68868929799646,417.6997748343274,1.0110855363309383,1.0,0.0208321651118795,4
2024-04-21,2024-04-16,2024-04-26,3.5820883778755164,18.110696253578816,1388.190441713425,1387.6480569993146,1388.9408621443436,1.2928051450289786,1.25,0.0238143581912259,4
2024-04-21,2024-04-16,2024-04-26,2.2009936675376616,16.588443818448035,1393.1781822924756,1392.74660269171,1393.8541485657915,1.107545874081552,1.25,0.0242861941667505,4
2024-04-21,2024-04-16,2024-04-26,2.7391605045987832,19.65131464792977,1392.5227066025354,1392.206948348787,1393.799341226928,1.5923928781412542,1.5,0.0250642464997562,4
2024-04-21,2024-04-16,2024-04-26,2.0920394383788388,18.478900320231325,1392.7745961020337,1392.206948348787,1393.799341226928,1.5923928781412542,1.25,0.0208616603434143,4
2024-04-21,2024-04-16,2024-04-26,3.037720763992104,17.676483612789333,1392.383586804166,1391.6688372101637,1393.2635714998469,1.5947342896834016,1.25,0.0287214614751224,4
2024-04-21,2024-04-16,2024-04-26,2.1054130255773034,17.82903373374024,1390.6972184893118,1390.3408866007812,1391.418996540364,1.078109939582646,0.75,0.0215553337971124,4
2024-04-21,2024-04-16,2024-04-26,2.225442917816983,16.825716722166927,1390.4753685593405,1390.0730175920762,1391.1510856961831,1.0780681041069329,1.0,0.0221310354631122,4
2024-04-21,2024-04-16,2024-04-26,3.801050434707717,18.11196202614359,1389.719493243242,1388.9826019452885,1390.5861947531812,1.60359280789271,1.0,0.0667312561143587,4
2024-04-21,2024-04-16,2024-04-26,2.442171443921583,19.293641595998206,1389.2417007251952,1388.7146445177495,1389.7825877289288,1.0679432111792266,1.25,0.021565700444359,4
2024-04-21,2024-04-16,2024-04-26,4.3520137715387825,16.71579587574156,1390.4788678847217,1388.4466870906765,1391.8631517603062,3.416464669629931,1.25,0.0277480000347446,4
2024-04-21,2024-04-16,2024-04-26,3.093416753453752,17.89348127685794,1391.0626829055554,1390.5103131295182,1391.8631517603062,1.3528386307880282,1.0,0.0230949618543564,4
2024-04-21,2024-04-16,2024-04-26,2.079292797490871,15.064128733192774,1390.1028415154342,1388.6955539919436,1391.0697046257555,2.3741506338119507,1.25,0.0434708866537853,4
2024-04-21,2024-04-16,2024-04-26,2.4370874324630942,21.38272329337279,1387.0659694737717,1386.8066849894822,1387.5810760823078,0.774391092825681,1.0,0.0215508833764415,4
2024-04-21,2024-04-16,2024-04-26,2.650502458699153,21.39320937593636,1391.5398820418677,1391.173688387964,1392.1820958927274,1.0084075047634542,1.0,0.023474296704388,4
2024-04-21,2024-04-16,2024-04-26,2.6911432735776346,19.34898046663494,1393.1485631131682,1392.7503784853034,1393.799341226928,1.048962741624564,1.0,0.0239515517753086,4
2024-04-21,2024-04-16,2024-04-26,6.386953444553866,21.025779748199156,1393.3320244780855,1392.206948348787,1394.8883104864508,2.6813621376641095,1.5,0.0409054009919772,4
2024-04-21,2024-04-16,2024-04-26,3.940047369309848,17.5278342451885,1396.3371335181564,1394.818864909932,1397.5826455485076,2.763780638575554,3.0,0.0509217389041966,4
2024-04-21,2024-04-16,2024-04-26,2.25987314354708,19.1192441615282,1390.0684608545366,1389.8051485838369,1390.5861947531812,0.7810461693443358,1.0,0.020141253294992,4
2024-04-21,2024-04-16,2024-04-26,10.226674256405913,21.009477748886,1389.1370366956908,1388.4466870906765,1390.3183257444762,1.8716386537998917,2.75,0.0422292576680525,4
2024-04-21,2024-04-16,2024-04-26,3.105703012266704,22.8794008727202,1391.0204871675912,1388.4466870906765,1391.8631517603062,3.416464669629931,1.5,0.0279222646177875,4
2024-04-21,2024-04-16,2024-04-26,2.961796664283555,21.59474533865948,1389.1056698544314,1388.6955539919436,1389.734551506117,1.0389975141733885,1.0,0.0225310122232289,4
2024-04-21,2024-04-16,2024-04-26,2.9765709610322237,22.664113803704176,1387.7543697172098,1387.0712264585309,1388.6868594731204,1.615633014589548,1.0,0.0238871495275957,4
2024-04-21,2024-04-16,2024-04-26,4.55792114177064,17.976238018954398,1393.4879513749408,1392.74660269171,1394.6184768858366,1.871874194126576,1.75,0.033003760422898,4
2024-04-21,2024-04-16,2024-04-26,4.031586130170149,19.4442388041947,1394.0180838321833,1393.339038261678,1394.6184768858366,1.2794386241585016,2.0,0.0346585639049547,4
2024-04-21,2024-04-16,2024-04-26,2.512531341463321,6.918354837599486,403.6738311889559,403.3617471698672,404.09460840094835,0.7328612310811877,0.75,0.0517967044019148,4
2024-04-21,2024-04-16,2024-04-26,2.331574018103911,3.2258398407457207,1612.2683731375107,1610.227798637934,1614.0307879950851,3.802989357151091,1.75,0.0538713680635867,4
2024-04-21,2024-04-16,2024-04-26,2.467002148377888,6.820796311133397,409.1700128894055,408.60450378246605,410.06559755047783,1.4610937680117786,1.0,0.0270114270845424,4
2024-04-21,2024-04-16,2024-04-26,2.004836683093321,7.9143770393666,414.67615345628974,414.28346896823496,415.2607419178821,0.9772729496471584,1.0,0.0207197056316734,4
2024-05-05,2024-05-01,2024-05-10,3.640451173588942,5.030928947365096,1390.1271503630044,1388.4415513207205,1391.3341870051809,2.8926356844604015,2.0,0.0501090500528606,5
2024-05-05,2024-05-01,2024-05-10,2.232151482514742,5.021926225173096,1395.3713125948236,1395.0917766583152,1395.8829083112068,0.7911316528916359,1.25,0.0312499730054429,5
2024-05-05,2024-05-01,2024-05-10,2.7413861241384696,3.2728399296026285,1013.5366628720218,1009.7566744945944,1017.4711813409812,7.714506846386939,1.25,0.0576696915310755,5
2024-05-05,2024-05-01,2024-05-10,5.112355834266319,4.17233257108523,976.1019156263357,970.2939076614566,981.3790201912634,11.085112529806793,1.5,0.075205960995422,5
2024-05-05,2024-05-01,2024-05-10,2.657442839600928,4.669843317874511,1389.875638251886,1389.5372795765288,1390.5861947531812,1.048915176652372,0.5,0.0921993814884544,5
2024-05-05,2024-05-01,2024-05-10,2.8932741248032943,4.731099263021858,1395.7680792428437,1395.443151564803,1396.2281458750367,0.784994310233742,0.75,0.0201964896865798,5
2024-05-05,2024-05-01,2024-05-10,8.276529761814619,4.722787633481507,381.86506006719793,377.37189583620057,387.4160042405129,10.044108404312285,2.25,0.0809172013777513,5
2024-05-05,2024-05-01,2024-05-10,4.529953497988482,4.86257378087332,394.0429511843334,392.2076237704605,397.67151556070894,5.463891790248454,2.5,0.0634932652831278,5
2024-05-19,2024-05-14,2024-05-24,11.588515097824123,4.712682441416336,1595.0710256836703,1589.3970928005874,1598.121408005245,8.724315204657614,5.25,0.1213476154598152,5
2024-05-19,2024-05-14,2024-05-24,2.0122081930729396,3.1468320486566896,1631.8281896543072,1629.9631397225894,1633.2945148558356,3.3313751332461834,1.0,0.0201079052968148,5
2024-05-19,2024-05-14,2024-05-24,3.6768521436883814,3.1028102740012775,1628.3437267379063,1627.211212734226,1629.4674972603098,2.2562845260836184,1.25,0.0444819637441951,5
2024-05-19,2024-05-14,2024-05-24,4.171981505222074,3.135817280483657,1625.8905532111194,1623.9618444368243,1627.208049448673,3.2462050118483603,1.5,0.0400454664016912,5
2024-05-19,2024-05-14,2024-05-24,3.992772247756666,3.215963472312865,1622.7316957635226,1621.4778171130456,1623.9583915881813,2.480574475135654,1.5,0.0364836604036814,5
2024-05-19,2024-05-14,2024-05-24,9.193522360331746,4.803860067548765,1585.0383910250944,1583.037336417474,1588.1440049931407,5.106668575666845,3.75,0.2034974609083021,5
2024-05-19,2024-05-14,2024-05-24,5.054032410511351,10.22040120876346,1583.7935244815565,1582.2731527513824,1585.3221625960432,3.049009844660759,2.5,0.0573278114945178,5
2024-05-19,2024-05-14,2024-05-24,2.2889752762070485,6.850276215783483,1585.4813201793106,1584.3127140952274,1586.844168395735,2.531454300507903,1.0,0.1243180912303644,5
2024-05-19,2024-05-14,2024-05-24,2.7426854600946946,9.472189034693391,1591.4192477127294,1589.1429366925731,1594.5839925226755,5.441055830102414,2.25,0.0480608111066138,5
2024-05-19,2024-05-14,2024-05-24,2.216144512300263,3.799705284131003,1835.7773380607523,1835.3525113179348,1836.3334830519743,0.9809717340394856,1.25,0.0373899963409871,5
2024-05-19,2024-05-14,2024-05-24,2.5057583833755577,3.0748655435345253,1850.9274272128544,1849.990940264892,1852.2991332919337,2.3081930270418525,0.75,0.0253359743816479,5
2024-05-19,2024-05-14,2024-05-24,2.261613666215395,3.292100319321147,1210.031104207432,1209.2477419385689,1211.374922274612,2.127180336043238,1.75,0.0338363674198076,5
2024-05-19,2024-05-14,2024-05-24,3.487937269173269,3.0752886009482663,1209.8730528163512,1208.6303120423108,1212.0926654683426,3.4623534260317683,1.5,0.036877260359806,5
2024-05-19,2024-05-14,2024-05-24,3.4271842521498965,3.0798786910110163,1276.6752016995897,1275.56566532515,1277.8896042848935,2.3239389597438276,1.5,0.0340825021843873,5
2024-05-19,2024-05-14,2024-05-24,2.1860425036111115,3.08104072344748,1278.7822261990725,1277.9074998176657,1280.525021505542,2.617521687876433,1.25,0.0348598508574511,5
2024-05-26,2024-05-24,2024-05-29,2.870589866680489,3.2733392760623743,612.8772525682643,611.7606136999093,614.1089088651352,2.3482951652258635,1.25,0.0515424547019024,5
2024-05-26,2024-05-24,2024-05-29,3.802784150074804,3.5162445241183926,610.5940632719112,609.6634943392128,611.4806507434696,1.817156404256821,1.75,0.0328150114111829,5
2024-06-02,2024-05-29,2024-06-07,2.7216877568466766,3.1117870051935004,1214.406497057079,1213.2666767071933,1216.6838696817867,3.4171929745934904,1.75,0.0949009823983305,6
2024-06-02,2024-05-29,2024-06-07,3.950034661445545,15.442509589058115,931.8304459671468,931.3229157798924,932.5664529553616,1.2435371754691005,1.25,0.0538551564696028,6
2024-06-02,2024-05-29,2024-06-07,3.3454518686628973,3.86925833270548,405.5274238950583,404.82522045774385,406.548604961019,1.723384503275156,0.75,0.1902654226496576,6
2024-06-02,2024-05-29,2024-06-07,4.814740992492347,3.2821860399415255,423.13045321894026,422.46498205373064,423.91484293621033,1.4498608824796977,1.0,0.1868526463442582,6
2024-06-02,2024-05-29,2024-06-07,4.835573174064532,3.8432473617914553,408.3478370153716,407.87245175242424,409.09272260032594,1.220270847901702,0.5,0.0779668374877207,6
2024-06-09,2024-06-07,2024-06-11,8.85301974233035,3.191128097024103,1627.330509019393,1626.2558451648802,1628.7218898190183,2.4660446541383862,1.5,0.1308833518040921,6
2024-06-09,2024-06-07,2024-06-11,2.0122492821884665,3.6998814907329014,550.2968710436124,549.2309550461359,551.6236651954241,2.3927101492881775,0.75,0.0238944584525497,6
2024-06-09,2024-06-07,2024-06-11,8.432908680152467,3.282486537613051,1627.3779688093516,1626.4657984199002,1628.4703339114783,2.004535491578281,1.25,0.1240533542556867,6
2024-06-09,2024-06-07,2024-06-11,3.4721480099440463,3.920267739749883,336.17146267542967,335.4651614250615,337.20028266403824,1.735121238976717,0.75,0.1690101550393661,6
2024-06-16,2024-06-11,2024-06-21,6.636209831666699,4.169497315317283,368.8710779913043,368.6395073211752,369.3717690724879,0.7322617513127625,1.0,0.1506961494320657,6
2024-06-16,2024-06-11,2024-06-21,3.2278382617243566,3.8125104971766866,2108.3233862281195,2107.6387019478716,2109.580678279046,1.9419763311743736,1.0,0.0220288256581104,6
2024-06-16,2024-06-11,2024-06-21,2.6057194930133214,3.3625238468063605,2116.4362228438035,2114.2438602414913,2118.476744623389,4.2328843818977475,1.25,0.0445087466864997,6
2024-06-16,2024-06-11,2024-06-21,2.7883122244977434,6.588041744080267,2125.039239860492,2124.202408745885,2126.6908948565833,2.4884861106984317,1.5,0.0620542971513254,6
2024-06-16,2024-06-11,2024-06-21,7.903748945177091,16.247175444817486,366.44829236399784,366.203405872453,366.9360100463964,0.7326041739434004,0.75,0.0180937472516976,6
2024-06-16,2024-06-11,2024-06-21,2.097533114451836,3.476619198290647,1626.9598186216724,1626.7142698583193,1627.456520886626,0.7422510283067822,0.75,0.0236111393723438,6
2024-06-16,2024-06-11,2024-06-21,13.221592611407624,6.956319564726216,2119.123770876805,2115.247453248594,2123.565253595356,8.317800346761942,4.25,0.1073664809316925,6
2024-06-16,2024-06-11,2024-06-21,12.56901270287232,6.532568287397621,2126.9094481303987,2124.451459911652,2130.9522510091774,6.500791097525507,6.0,0.1672714972245039,6
2024-06-16,2024-06-11,2024-06-21,3.2481871862363145,3.296097886132751,397.92947990787854,396.9215253856965,399.13863239623606,2.217107010539621,1.25,0.0387812800886811,6
2024-06-16,2024-06-11,2024-06-21,2.508433468777479,3.28136538853182,399.8788450098601,399.1370404157787,400.8396751298569,1.702634714078158,1.25,0.0286314569716567,6
2024-06-16,2024-06-11,2024-06-21,2.367454873593224,3.7030280332723975,614.2010409804918,613.2174379853532,615.5080428207293,2.2906048353761435,1.25,0.0303438929444797,6
2024-06-16,2024-06-11,2024-06-21,3.2818078950634897,3.763749123347628,616.6383044149107,615.5241740904748,617.8921217904426,2.367947699967772,1.25,0.0350574641567449,6
2024-06-16,2024-06-11,2024-06-21,2.750439896100209,3.743922369979156,616.9283739425391,615.5924715441652,618.4147540284321,2.822282484266907,1.25,0.0453332350926001,6
2024-06-16,2024-06-11,2024-06-21,5.774637312266808,4.055331932334028,370.5661488973154,370.32182772504166,371.0545265320689,0.7326988070271909,1.0,0.2335279272655074,6
2024-06-24,2024-06-21,2024-06-27,2.285274802728095,3.8777361048568935,317.2966097140752,317.2066848031245,317.6981205432676,0.4914357401430607,0.5,0.0175335480366754,6
2024-06-24,2024-06-21,2024-06-27,2.175710982810559,3.7630094364858087,337.35771430465115,336.71010324405506,338.4852034668438,1.7751002227887511,1.25,0.0623935964922004,6
2024-06-24,2024-06-21,2024-06-27,2.1359308315847723,3.145197117685172,468.6468492231456,467.4577045845799,470.1784071591683,2.7207025745883584,1.0,0.0406172805749736,6
2024-06-24,2024-06-21,2024-06-27,2.4808033690130245,3.061268675915497,1217.0898640990451,1216.5943782441318,1218.0432525458746,1.4488743017427623,1.75,0.0916090820771163,6
2024-06-24,2024-06-21,2024-06-27,2.36564327288775,3.877904756621195,2004.6804051820711,2003.8635800103657,2005.7063065073453,1.8427264969795945,1.5,0.0477236538162629,6
2024-06-24,2024-06-21,2024-06-27,3.3048055343509857,3.124316896287,408.1193736269568,407.87245175242424,408.6057945913635,0.7333428389392793,0.5,0.0306969803648377,6
2024-06-30,2024-06-27,2024-07-03,3.189427911221571,6.733875739132977,836.524237458371,836.0365398502909,837.0097027677111,0.973162917420268,0.75,0.0873683849672509,6
2024-06-30,2024-06-27,2024-07-03,5.827271855986504,3.203324534448781,616.6855242272491,615.5924715441652,618.4147540284321,2.822282484266907,0.75,0.2002413394105187,6
2024-06-30,2024-06-27,2024-07-03,3.472324018543393,3.1020402936852993,616.6516166839112,616.3386603370309,617.3679128247313,1.0292524877004323,0.5,0.2329977661054037,6
2024-06-30,2024-06-27,2024-07-03,3.2653035625700215,3.3251803814543988,351.05414650211054,350.90060743968934,351.6341434447095,0.7335360050201416,0.75,0.1503785118512694,6
2024-06-30,2024-06-27,2024-07-03,2.2331113733150825,3.362723566824546,526.5672358790207,526.048544798512,527.3756114216521,1.3270666231401265,2.0,0.0532723176813361,6
2024-06-30,2024-06-27,2024-07-03,2.4170749480821536,3.427122636267397,526.1663471533583,523.8673841408454,527.3756114216521,3.50822728080675,1.25,0.0636714137035118,6
2024-07-05,2024-07-03,2024-07-08,2.6921552923603604,4.369354826658374,844.4134980216386,843.5153926135972,845.6936039952561,2.1782113816589117,2.0,0.0482847577369245,7
2024-07-05,2024-07-03,2024-07-08,2.6409429226542027,6.897629765569136,844.6009422245976,843.5153926135972,845.6936039952561,2.1782113816589117,3.0,0.0521409860207155,7
2024-07-05,2024-07-03,2024-07-08,5.574780099651667,9.61759398401038,849.9761418281848,848.328088617418,852.0198499839753,3.69176136655733,4.75,0.076124140352008,7
2024-07-13,2024-07-08,2024-07-18,2.0880831084969325,3.5025759414676685,1841.796660906052,1841.284186183475,1842.49274769146,1.2085615079849958,1.5,0.0424721428030828,7
2024-07-13,2024-07-08,2024-07-18,2.992283561463822,3.3309384699288245,1842.527247129286,1841.0391060872937,1845.7896155552007,4.75050946790725,1.25,0.0574763075021852,7
2024-07-13,2024-07-08,2024-07-18,2.308588705551073,4.085210432649945,275.16360028329694,274.00370689388365,277.45627923030406,3.452572336420417,1.75,0.0467735959227809,7
2024-07-26,2024-07-23,2024-07-29,2.149341582968326,4.091029071928978,2127.508639185429,2127.191316985525,2128.183778635226,0.9924616497009991,1.0,0.0514299385633633,7
2024-07-26,2024-07-23,2024-07-29,2.3716815330590753,20.87902884438605,1386.9221999421711,1386.9221999421716,1387.1675080945715,0.2453081523999571,1.0,0.0213627173972496,7
2024-07-26,2024-07-23,2024-07-29,3.175412843204581,3.7330305040620257,2126.033233025847,2125.458748100791,2126.6908948565833,1.2321467557922006,0.75,0.0976950862613877,7
2024-07-26,2024-07-23,2024-07-29,2.1125036577224243,4.184391287017879,46.99565590534682,46.50427512032911,47.492258864920586,0.9879837445914744,0.5,0.041490495147434,7
2024-07-26,2024-07-23,2024-07-29,4.087538466651055,3.2771052455091403,380.9647298175503,380.0525409020483,382.0067972061224,1.9542563040740788,0.75,0.2101028575140353,7
2024-07-26,2024-07-23,2024-07-29,2.628460294665254,3.199869609537904,372.30250558215255,371.93481980171055,373.1477967337705,1.2129769320599737,0.75,0.1444581181466007,7
2024-08-02,2024-07-29,2024-08-07,4.155032306394228,3.3402059216041975,1612.946997542388,1609.7270118175074,1616.0244687609377,6.2974569434300065,2.0,0.1016932125985865,8
2024-08-10,2024-08-07,2024-08-14,2.3472130260897885,10.167248743824285,862.2176164062353,861.6742354067974,863.1233340878971,1.4490986810997128,3.75,0.0452624194871319,8
2024-08-17,2024-08-14,2024-08-21,2.1336804972487315,13.625486320930424,1384.978188574679,1384.8623683280312,1385.4121791464277,0.5498108183965087,1.0,0.2018736842604587,8
2024-08-17,2024-08-14,2024-08-21,3.2600134922635156,21.059059339307368,1386.9221999421718,1386.9221999421716,1387.1675080945715,0.2453081523999571,1.25,0.0637844744931227,8
2024-08-17,2024-08-14,2024-08-21,2.8394412507591236,4.498735366897487,317.17411775736696,316.9605572158471,317.6981205432676,0.7375633274205029,0.75,0.2883082156174589,8
2024-08-17,2024-08-14,2024-08-21,3.3352403035488676,3.706979424284493,317.06684354745295,316.70275972783566,317.4519929555245,0.7492332276888192,1.0,0.0713420966304964,8
2024-08-17,2024-08-14,2024-08-21,3.707099865420058,19.670257560004003,1583.6946241132994,1583.2960568103008,1584.305577528197,1.009520717896521,1.75,0.1249633236370555,8
2024-08-24,2024-08-21,2024-08-27,2.015310114660037,20.250941902257615,1349.6650874146767,1349.374230614863,1350.2841103142127,0.9098796993494034,0.75,0.0911128647415302,8
2024-08-24,2024-08-21,2024-08-27,2.741534474243634,11.54275496649928,1945.1549653831912,1944.7683346131817,1945.885345972143,1.117011358961463,1.25,0.1200375358970939,8
2024-08-24,2024-08-21,2024-08-27,3.226516173436998,15.455621571362473,931.7419506936042,931.3229157798924,932.5664529553616,1.2435371754691005,1.25,0.0775840391686249,8
2024-08-31,2024-08-27,2024-09-05,5.300285551241391,13.543020306139654,1385.0975532555544,1384.6033925279044,1385.671200022567,1.067807494662702,1.25,0.211021205017932,8
2024-08-31,2024-08-27,2024-09-05,2.6217750342419746,4.1540053594419,47.07079494495813,46.50427512032911,47.740293838083744,1.2360187177546322,0.5,0.1455802748126554,8
2024-08-31,2024-08-27,2024-09-05,4.636273178917567,4.482090577184909,317.31596417772505,316.9605572158471,317.94424813147634,0.9836909156292676,0.75,0.3289102934823131,8
2024-08-31,2024-08-27,2024-09-05,4.993386654477615,3.66424489884647,317.3337183275869,316.9605572158471,318.17861684644595,1.218059630598873,1.0,0.0976738265927043,8
2024-08-31,2024-08-27,2024-09-05,3.173426460440522,14.02952897192361,931.5383873590126,931.3229157798924,931.8129717661068,0.4900559862144291,1.25,0.1706598848590891,8
2024-08-31,2024-08-27,2024-09-05,3.7027315404961954,19.536484614459656,1583.7641971846397,1583.2960568103008,1584.305577528197,1.009520717896521,1.75,0.107845898157707,8
2024-09-08,2024-09-05,2024-09-11,2.2023667799207196,16.678751283699192,1371.394875588771,1371.2121309819631,1371.698921635747,0.486790653783828,1.25,0.1372053982589207,9
2024-09-14,2024-09-11,2024-09-17,3.2050276699030653,19.770325336650007,1583.779191083332,1583.2960568103008,1584.305577528197,1.009520717896521,1.75,0.0670326199597735,9
2024-09-14,2024-09-11,2024-09-17,2.489006289648165,20.846772047556545,1386.9221999421711,1386.9221999421716,1387.1675080945715,0.2453081523999571,1.0,0.038265744089238,9
2024-09-20,2024-09-17,2024-09-24,2.343351507808785,3.3472483129088837,317.45600014994244,317.2066848031245,318.17861684644595,0.9719320433214308,0.5,0.0855330205164383,9
2024-09-20,2024-09-17,2024-09-24,2.376167605896089,3.587077090082446,317.9282416286294,317.6989399790764,318.6707119727507,0.971771993674338,0.5,0.0168284679811674,9
2024-09-20,2024-09-17,2024-09-24,3.2045296330266555,3.7908716050286673,1352.7144398541518,1351.502985843923,1354.0875098733231,2.5845240294001997,2.0,0.0878633667856405,9
2024-09-28,2024-09-24,2024-10-03,2.3997999800279204,18.49147042295417,1228.676189414826,1228.4282775116153,1229.1465353784151,0.7182578667998314,0.75,0.0517353489103656,9
2024-10-06,2024-10-03,2024-10-09,2.0277805385684027,18.609958683543432,1166.0050861578331,1164.039903207682,1167.7726635397412,3.732760332059115,1.25,0.0373168851591893,10
2024-10-13,2024-10-09,2024-10-18,2.297116440514822,14.021785078982928,1065.8167945674604,1065.4222910255194,1066.3913370124064,0.9690459868870676,0.75,0.4109311772541925,10
2024-10-13,2024-10-09,2024-10-18,2.927265862210975,4.444236902827995,317.14389243994873,316.9605572158471,317.6981205432676,0.7375633274205029,0.75,0.3286308472733195,10
2024-10-13,2024-10-09,2024-10-18,5.351145290478475,3.725937698876259,317.26810470912403,316.9605572158471,317.94424813147634,0.9836909156292676,1.25,0.1210480793025609,10
2024-10-13,2024-10-09,2024-10-18,2.319280032084158,4.138399126558805,47.06416989558419,46.750880766194314,47.492258864920586,0.7413780987262726,0.5,0.0493667966478554,10
2024-10-13,2024-10-09,2024-10-18,3.057466230449157,18.798012931873988,1370.9634702347105,1370.7291659791954,1371.457439134363,0.7282731551676989,1.25,0.2684964561163605,10
2024-10-13,2024-10-09,2024-10-18,3.656697012616819,7.961415899861437,1323.3425401754837,1323.0399597212672,1323.9246838036925,0.8847240824252367,0.75,0.6357431667337035,10
2024-10-13,2024-10-09,2024-10-18,2.2017980329693803,11.942977237337296,977.3749019214684,977.0529752261936,978.0228304634802,0.969855237286538,0.75,0.2579978351630908,10
2024-10-13,2024-10-09,2024-10-18,4.634617348888868,13.419511474925226,1385.1553421304525,1384.8623683280312,1385.671200022567,0.8088316945359111,1.5,0.4366222440301106,10
2024-10-13,2024-10-09,2024-10-18,2.043231824490657,11.14391464088794,1372.2900144085172,1371.958297531586,1372.9002496488392,0.9419521172530948,1.25,0.3883734113316696,10
2024-10-13,2024-10-09,2024-10-18,2.248936079572327,19.350793061039724,1583.5504379051313,1583.2960568103008,1584.0508400052786,0.7547831949777901,1.0,0.2161770402112843,10
2024-10-25,2024-10-21,2024-10-29,2.0876502622620223,11.306126504680938,1945.491106498569,1945.349470084533,1945.885345972143,0.5358758876100183,1.0,0.1520980008727039,10
2024-11-01,2024-10-29,2024-11-04,2.5591190392263585,20.51823148382242,1349.8669185615238,1349.6107935947366,1350.3292277059518,0.7184341112151742,1.25,0.0437682734497628,11
2024-11-01,2024-10-29,2024-11-04,2.2800748831675968,20.302346085621036,1346.3118900756529,1345.8076382363215,1346.736470927019,0.9288326906971632,1.5,0.132525770871173,11
2024-11-08,2024-11-04,2024-11-12,8.01001772466455,9.77299195910903,1373.0771714765212,1371.7167717898265,1375.0797285046428,3.3629567148163915,5.25,0.0881758502858241,11
2024-11-08,2024-11-04,2024-11-12,8.864482992291999,18.00219034698323,1241.423171725717,1239.389882399235,1244.1608486110345,4.770966211799532,1.5,0.0557463238953329,11
2024-11-08,2024-11-04,2024-11-12,2.332103515750866,17.754347728331176,1240.249377947131,1239.626344759483,1241.2888688999228,1.6625241404399276,1.25,0.0290825907233868,11
2024-11-08,2024-11-04,2024-11-12,5.630902434682186,4.055408950609217,1373.3969633331435,1371.0080463904887,1375.5626935134642,4.554647122975439,3.25,0.0843063858843746,11
2024-11-15,2024-11-12,2024-11-19,4.1747002554751225,5.191015716538096,1390.331450001447,1388.4466870906765,1392.450046424754,4.003359334077686,3.25,0.0723348456640323,11
2024-11-15,2024-11-12,2024-11-19,5.059901960000865,16.431367348561402,1245.107590551394,1243.679071276449,1246.4033471038565,2.724275827407837,2.0,0.0626126558843699,11
2024-11-15,2024-11-12,2024-11-19,2.336989931492597,3.865720020579942,1352.3744593736262,1351.502985843923,1353.1415083212778,1.6385224773548543,1.75,0.0529052082374103,11
2024-11-15,2024-11-12,2024-11-19,2.144657607779363,3.740654333283969,1394.3723451167543,1393.339038261678,1395.688459717203,2.349421455524862,1.75,0.0482202074464706,11
2024-11-15,2024-11-12,2024-11-19,6.544811264415495,4.642117536390821,1397.0221807164723,1394.818864909932,1400.24950827891,5.430643368978053,4.25,0.0896718422882353,11
2024-11-15,2024-11-12,2024-11-19,6.6888489749142535,4.187247133143786,1595.7716997301768,1590.6954308226705,1598.6261253817938,7.930694559123367,3.5,0.089890755465352,11
2024-11-15,2024-11-12,2024-11-19,2.998319552534737,4.479343458688625,1585.3778736036866,1583.8055318528786,1587.0983389024625,3.2928070495836437,3.0,0.0606918470120521,11
2024-11-15,2024-11-12,2024-11-19,5.305888512096283,3.3927923288781336,849.0248303941364,844.4579884321429,852.3417050857097,7.883716653566808,1.75,0.0835626045320672,11
2024-11-15,2024-11-12,2024-11-19,2.677516589692931,3.5322110226599888,269.5617887246653,257.59130247635767,276.98875263892114,19.397450162563473,1.0,0.0539744642973464,11
2024-11-15,2024-11-12,2024-11-19,8.990319389826022,3.2699113581559316,836.6921086584496,830.2664784593508,844.0692967637442,13.80281830439344,1.75,0.0893391957322647,11
2024-11-15,2024-11-12,2024-11-19,7.977741304512527,3.4711421945464505,896.3589609111073,885.6658170749433,909.0715247243644,23.405707649420947,1.25,0.097177265651744,11
2024-11-15,2024-11-12,2024-11-19,8.041413304568348,4.126697491840095,874.963565345988,870.3742754301056,878.93673497485,8.562459544744343,2.75,0.1347950284912974,11
2024-11-15,2024-11-12,2024-11-19,19.26236424759684,7.859171640585844,846.760508334413,841.4156620665453,852.0198499839753,10.604187917429954,6.0,0.1427940446301938,11
2024-11-15,2024-11-12,2024-11-19,2.299449321044146,17.21693821048052,1245.178854103685,1244.8300571269356,1245.606763964519,0.7767068375833333,1.0,0.0380362595638008,11
2024-11-22,2024-11-19,2024-11-26,3.052446612380673,8.168910525450814,1323.0322789531645,1322.8033195924943,1323.5219080019742,0.7185884094797075,0.75,0.3534432493106825,11
2024-11-22,2024-11-19,2024-11-26,9.100905224833497,17.371588979012845,604.4135286256605,602.7456258609891,605.9131321716122,3.167506310623139,2.25,0.0581138197540863,11
2024-11-22,2024-11-19,2024-11-26,3.893728467954802,17.60094474480094,602.3213207156067,601.7112809242681,603.1986854146235,1.4874044903554022,1.75,0.0391467117148754,11
2024-11-22,2024-11-19,2024-11-26,7.575687988703188,6.418277208592672,34.76819621873369,31.591055813245475,38.15862116403878,6.567565350793302,4.5,0.0879238998175176,11
2024-11-22,2024-11-19,2024-11-26,6.286305962705687,17.308065737316866,606.4334342704985,606.1195882973261,606.979562045075,0.8599737477488816,2.0,0.0385123284651052,11
2024-11-22,2024-11-19,2024-11-26,2.1131239807128055,20.077201255374696,1346.4222002880797,1346.2805324448273,1346.9729801216165,0.6924476767890155,0.75,0.0876241882021998,11
2024-11-22,2024-11-19,2024-11-26,2.8065926493416264,20.888118942338536,1386.9221999421711,1386.9221999421716,1387.1675080945715,0.2453081523999571,1.0,0.0395742957046571,11
2024-11-22,2024-11-19,2024-11-26,2.8161198047104596,10.136237576413263,1574.7900144851576,1574.4352276478894,1575.6944782598875,1.2592506119981408,0.75,0.3233329787776354,11
2024-11-22,2024-11-19,2024-11-26,2.0215440080829015,3.166325226751901,1145.1349971383795,1144.6560880206523,1145.893913300708,1.2378252800554037,0.5,0.1751211839299316,11
2024-11-22,2024-11-19,2024-11-26,2.949889345239023,3.556738562114739,34.4898669183985,31.591055813245475,38.15862116403878,6.567565350793302,2.0,0.065434343217146,11
2024-11-22,2024-11-19,2024-11-26,4.705930268602678,3.920192578354076,317.3127704282807,317.2066848031245,317.6981205432676,0.4914357401430607,1.0,0.057124868656548,11
2024-11-29,2024-11-26,2024-12-03,3.970626441028379,15.95969113193396,1371.699487183247,1371.440413228236,1372.4012045785785,0.9607913503423332,1.0,0.0333782208286054,11
2024-12-08,2024-12-03,2024-12-13,3.84615647123026,14.01532495709594,931.5282831235638,931.3229157798924,931.8129717661068,0.4900559862144291,1.25,0.1063065095276119,12
2024-12-08,2024-12-03,2024-12-13,2.4939259446445456,3.138555516019398,1728.227331834655,1727.678665061947,1728.682948521804,1.0042834598571062,1.0,0.1490149979974867,12
2024-12-08,2024-12-03,2024-12-13,3.4733996947916665,15.75787673959913,1370.9082231991974,1370.480842793826,1371.446620275732,0.965777481906116,1.0,0.0222417129473618,12
2024-12-08,2024-12-03,2024-12-13,2.5481047031836,19.626070862550527,1583.7714570860333,1583.2960568103008,1584.305577528197,1.009520717896521,1.5,0.1620008247286486,12
2024-12-08,2024-12-03,2024-12-13,3.999777022048447,13.388180739323326,1385.0981698543153,1384.8623683280312,1385.671200022567,0.8088316945359111,1.5,0.3212997122527997,12
2024-12-08,2024-12-03,2024-12-13,2.676034744471321,20.9003323671471,1386.9221999421716,1386.9221999421716,1387.1675080945715,0.2453081523999571,1.0,0.0489926871582748,12
2024-12-08,2024-12-03,2024-12-13,3.336559754773589,9.391481746090026,1371.4840500527048,1370.5567033067346,1372.713175773155,2.1564724664203823,3.25,0.0681196338378774,12
2024-12-08,2024-12-03,2024-12-13,3.9520743987327513,16.99891799075177,1371.332086596813,1370.9622110193595,1371.924822484143,0.9626114647835492,0.75,0.0345036234688332,12
2024-12-08,2024-12-03,2024-12-13,2.2674231152075692,16.364085141313918,980.6520158381918,980.409913661424,981.1377540654504,0.7278404040262103,1.0,0.1379191031748583,12
2024-12-08,2024-12-03,2024-12-13,2.689499892937669,17.072748554824127,606.6556363288087,605.4017707295716,608.2104982221499,2.8087274925783277,2.25,0.0552703317569313,12
2024-12-08,2024-12-03,2024-12-13,5.2597661025713105,16.9910288428406,602.1628833584984,599.2508968892507,605.1149723101407,5.864075420890003,2.25,0.0862720206365177,12
2024-12-08,2024-12-03,2024-12-13,3.7496780014321183,4.444183268776313,317.18249871783445,316.9605572158471,317.6981205432676,0.7375633274205029,0.75,0.136426627644468,12
2024-12-08,2024-12-03,2024-12-13,4.836326270092401,3.72728519739228,317.22236250329996,316.9605572158471,317.6981205432676,0.7375633274205029,1.25,0.0884772799280127,12
2024-12-15,2024-12-13,2024-12-17,2.805134905645989,15.90874844421552,1372.2209663667718,1371.9168201172724,1372.6402808874846,0.7234607702121139,1.0,0.0190972924391978,12
2024-12-15,2024-12-13,2024-12-17,3.4184794923619837,16.80343467559354,1372.0477493959895,1371.6795143317431,1372.6402808874846,0.9607665557414292,0.75,0.0205798984535212,12
2024-12-22,2024-12-17,2024-12-27,2.25405320763139,20.796670161916975,1386.820245937584,1383.3172756666318,1387.1675080945715,3.8502324279397726,1.25,0.1525489573386825,12
2024-12-22,2024-12-17,2024-12-27,2.273422739344891,15.110638100720571,931.6198499496207,931.3229157798924,932.3024674318732,0.979551651980728,1.0,0.0727826804386327,12
2024-12-22,2024-12-17,2024-12-27,2.299992923909864,3.730137037821354,34.03643904477658,31.83931775437668,37.17309830896557,5.333780554588884,1.75,0.0586372915755224,12
2024-12-28,2024-12-27,2024-12-30,3.4101915111249985,3.843313114350916,280.0890504206839,277.2109710779041,283.6798512185924,6.46888014068827,1.5,0.0582259009028432,12
2024-12-28,2024-12-27,2024-12-30,7.981826789136672,6.003178128355144,108.5679529221886,105.68612079881132,110.47679502516984,4.790674226358533,3.75,0.1364772619172675,12
2024-12-28,2024-12-27,2024-12-30,5.2571118070353045,4.246425690790588,289.2440437224843,285.99571815738454,292.155202628579,6.159484471194446,2.0,0.0768266598164031,12
2024-12-28,2024-12-27,2024-12-30,2.0345824430181496,5.077260293565111,1394.4638088960005,1393.339038261678,1395.688459717203,2.349421455524862,2.75,0.0549594895207159,12
2024-12-28,2024-12-27,2024-12-30,6.804065001298276,18.84743965667282,1371.0673286912497,1370.7291659791954,1371.698921635747,0.9697556565515696,2.5,0.207855108128184,12
2024-12-28,2024-12-27,2024-12-30,2.6269166931162777,12.719682424658966,1384.8129676311385,1384.628833989147,1385.39904089598,0.7702069068327546,0.75,0.2741855376074315,12
2024-12-28,2024-12-27,2024-12-30,3.3281570306483195,9.678401297241518,1372.7242452387602,1372.467867620755,1373.1940108402632,0.7261432195082307,1.0,0.322893602543842,12
2024-12-28,2024-12-27,2024-12-30,2.0805595074628256,9.723526209433052,1449.7046522403818,1448.284337863326,1451.201440475881,2.917102612555027,1.25,0.0542805545443444,12
2024-12-28,2024-12-27,2024-12-30,3.176036539182058,13.54712907416547,1818.688431469883,1818.1889787241817,1819.2038862821648,1.0149075579829514,0.75,0.6169349981123093,12
2024-12-28,2024-12-27,2024-12-30,4.43368298817654,19.678659548772796,1583.822677149749,1583.2960568103008,1584.5580222476274,1.2619654373265805,1.75,0.1344970568351086,12
2024-12-28,2024-12-27,2024-12-30,2.3300460549496487,4.41146884670415,1465.7312693667925,1464.2870403900745,1467.3137094224803,3.026669032406062,2.25,0.2648413722253895,12
2024-12-28,2024-12-27,2024-12-30,2.0313483616639463,4.121520151579512,304.49166912807414,304.3347685961053,304.82721047475934,0.4924418786540627,1.0,0.0248557767327889,12
2024-12-28,2024-12-27,2024-12-30,3.3937039822399684,4.419742170859309,317.1308379903476,316.9605572158471,317.6981205432676,0.7375633274205029,0.75,0.1250379225570161,12
2024-12-28,2024-12-27,2024-12-30,5.656980776401598,3.696153197781725,317.32285751774896,316.9605572158471,317.94424813147634,0.9836909156292676,1.25,0.0336692692020422,12
2024-12-28,2024-12-27,2024-12-30,2.3873702159458143,9.40366777459502,1949.3290604369995,1947.967952280305,1950.128099930007,2.1601476497016847,1.5,0.2379741369428964,12
2024-12-28,2024-12-27,2024-12-30,3.569455621297299,13.919653537013676,931.5676636137068,931.5676636137068,931.8129717661068,0.2453081523999571,1.5,0.0543374541321583,12
2024-12-28,2024-12-27,2024-12-30,3.2844410327713516,3.340502847048461,847.153339191947,846.417209118139,848.3214625795372,1.9042534613981843,1.75,0.1435957856294482,12
2024-12-28,2024-12-27,2024-12-30,2.4261504911424185,3.350485032403996,1148.3399798060298,1147.8331538829952,1149.0896642603911,1.256510377395898,0.75,0.2184543542808203,12
2024-12-28,2024-12-27,2024-12-30,2.0084537518004586,3.1137546568858703,1144.8065307132422,1144.4079587324522,1145.645784012042,1.2378252795897424,0.5,0.3194703864836695,12
2024-12-28,2024-12-27,2024-12-30,3.195439800766513,4.01706892882072,1967.0226413768096,1966.8108913968315,1967.3377080578357,0.5268166610039771,1.5,0.1648847850524306,12
2024-12-28,2024-12-27,2024-12-30,2.1776795807335687,4.3613078436657,46.78145722359672,46.50427512032911,47.492258864920586,0.9879837445914744,0.75,0.1867909143489478,12
2024-12-28,2024-12-27,2024-12-30,3.878107367464049,4.904301640530338,108.5245470073818,105.68612079881132,110.72253892989828,5.036418131086975,2.75,0.0886640477257618,12
2024-12-28,2024-12-27,2024-12-30,2.013301654162263,10.6667380213921,1949.5955074862577,1949.5955074862577,1949.8408156386577,0.2453081523999571,1.0,0.2726124390969034,12
2025-01-04,2024-12-30,2025-01-10,3.821183488045563,14.889789361930914,1947.8915351806968,1946.2008231421933,1950.9941761922091,4.793353050015867,1.5,0.0345171081520817,1
2025-01-12,2025-01-10,2025-01-14,2.4585126464937064,21.04378044509457,1350.1712918625462,1349.84735657461,1350.5402538082562,0.692897233646363,1.25,0.1442655236789958,1
2025-01-12,2025-01-10,2025-01-14,2.408651924707273,14.029108136796625,931.5984414145807,931.5676636137068,932.05771959899,0.4900559852831065,1.0,0.0863470874446473,1
2025-01-12,2025-01-10,2025-01-14,2.6988974642749968,19.73640983015014,1583.8407106799225,1583.2960568103008,1584.305577528197,1.009520717896521,1.75,0.094374228048958,1
2025-01-12,2025-01-10,2025-01-14,2.4728239241047203,13.657582711835154,1385.1005810054994,1384.8623683280312,1385.671200022567,0.8088316945359111,1.0,0.1710947138047391,1
2025-01-12,2025-01-10,2025-01-14,2.363631684711033,14.728544328234427,1450.704433264298,1450.1059149755165,1451.8087131269276,1.702798151411116,1.25,0.1916477105162254,1
2025-01-12,2025-01-10,2025-01-14,2.188319821843917,15.187785204015718,1455.36565344909,1454.922645344399,1456.8752319440246,1.952586599625647,1.0,0.1031325755110316,1
2025-01-12,2025-01-10,2025-01-14,6.145303449976572,3.5291209959138956,317.63172681167043,316.9605572158471,319.163759812247,2.203202596399933,1.25,0.1392298772590806,1
2025-01-12,2025-01-10,2025-01-14,7.028481055609823,12.89151277052083,315.13845147053075,312.06851592613384,317.6981205432676,5.629604617133737,5.5,0.1016511099741203,1
2025-01-12,2025-01-10,2025-01-14,2.692528038097932,4.317101899990934,304.1911674964626,303.63495777966455,304.82721047475934,1.192252695094794,1.5,0.1153117703494216,1
2025-01-12,2025-01-10,2025-01-14,10.381144738645126,3.258098772005951,412.75327433746463,389.363683603704,435.03488357272,45.671199969016016,0.75,0.1435942942359092,1
2025-01-12,2025-01-10,2025-01-14,2.894472209819615,3.411914247006282,331.17354343063073,326.8808479718864,335.24107282655314,8.36022485466674,1.0,0.0794275770408914,1
2025-01-12,2025-01-10,2025-01-14,9.74846784572776,3.333926094123326,219.54634011028227,196.85951814753935,242.82150752982125,45.9619893822819,1.0,0.1341891133123158,1
2025-01-12,2025-01-10,2025-01-14,2.501983213564198,3.0937163703993633,144.64001051415713,137.66300629498437,151.19386286614463,13.530856571160257,1.0,0.0721866786402338,1
2025-01-12,2025-01-10,2025-01-14,2.2905802047941255,3.575625330486409,317.93758804285613,317.6989399790764,318.6707119727507,0.971771993674338,0.5,0.0142534171133711,1
2025-01-12,2025-01-10,2025-01-14,15.25618449878964,4.703250891056294,1389.536270714657,1385.4534918339923,1393.5314563629215,8.077964528929442,4.0,0.1286710449470501,1
2025-01-12,2025-01-10,2025-01-14,6.495818258891138,11.75303661120795,336.23483250613,334.5060221408494,337.99593454785645,3.4899124070070684,7.75,0.0852314739022074,1
2025-01-12,2025-01-10,2025-01-14,5.6191868239587555,5.851081600982142,337.84193211979033,336.71010324405506,340.93935586931184,4.229252625256777,4.25,0.0737023584995103,1
2025-01-12,2025-01-10,2025-01-14,8.397818636819453,11.888788010540267,328.51818646939233,325.66836802568287,330.3637819038704,4.695413878187537,6.25,0.1003448612457836,1
2025-01-19,2025-01-14,2025-01-24,3.04571627658439,18.92067033012061,1583.44562118645,1582.7826085281558,1583.7961024837568,1.0134939556010067,1.5,0.10863908557637,1
2025-01-19,2025-01-14,2025-01-24,2.984937808840205,18.43269730973121,1349.4619022487936,1349.329274576623,1349.8110919236206,0.481817346997559,1.0,0.1190014414111426,1
2025-01-19,2025-01-14,2025-01-24,3.5158927702018823,16.364508973739735,335.68782372554807,334.0353904264048,337.20028266403824,3.1648922376334667,1.75,0.0533832583526807,1
2025-01-26,2025-01-24,2025-01-28,5.4028360110818126,13.298700997607686,1385.1607919988598,1384.8623683280312,1385.671200022567,0.8088316945359111,1.5,0.3089951306958441,1
2025-01-26,2025-01-24,2025-01-28,7.830831219530278,3.530938189909787,1352.2930660661805,1350.2949456558565,1354.0875098733231,3.792564217466861,2.5,0.0984532917286581,1
2025-01-26,2025-01-24,2025-01-28,2.134361840642022,3.1088663460999717,1144.0963243079989,1143.6935114869848,1144.6532668848522,0.9597553978674114,0.5,0.2719836558836571,1
2025-01-26,2025-01-24,2025-01-28,2.0074539370983144,7.657523272655697,1135.5660002400402,1135.4193360474892,1136.1596900606528,0.7403540131635964,1.0,0.2703671607454453,1
2025-01-26,2025-01-24,2025-01-28,2.541458692064704,3.160384997205671,1145.4468343602557,1144.9042173088528,1146.1420425898395,1.2378252809867265,0.5,0.0687984591529593,1
2025-01-26,2025-01-24,2025-01-28,2.4249048163445317,4.4551033685672055,317.22310285360993,316.9605572158471,317.6981205432676,0.7375633274205029,0.75,0.4662933722734488,1
2025-01-26,2025-01-24,2025-01-28,3.73465839653105,4.301039436481873,46.76310899546208,45.76017227722332,47.740293838083744,1.9801215608604252,0.75,0.1405845597236716,1
2025-01-26,2025-01-24,2025-01-28,2.7973359462108136,4.195718661306256,45.73753155916239,45.51156870927662,46.2535147103481,0.7419460010714829,0.75,0.1576095334251075,1
2025-01-26,2025-01-24,2025-01-28,2.073875596234384,3.3607872569319386,318.3696636172084,317.933308694046,319.163759812247,1.2304511182010174,1.0,0.1297617215122277,1
2025-01-26,2025-01-24,2025-01-28,2.0259889918043883,3.363420145163643,1148.0971990048834,1147.5850108019076,1148.8228913312778,1.237880529370159,0.5,0.3157446222361542,1
2025-01-26,2025-01-24,2025-01-28,5.428583554757712,3.70585724356237,317.301379302508,316.9605572158471,317.94424813147634,0.9836909156292676,1.25,0.1226263903797227,1
2025-01-26,2025-01-24,2025-01-28,3.6756292825486674,13.56384578331586,1814.3645762318888,1814.0925427800976,1814.8366425996649,0.7440998195670545,1.25,0.2824742057660099,1
2025-01-26,2025-01-24,2025-01-28,3.3921238911033225,4.966829385895966,1353.5559713226305,1352.5627287467942,1355.140384370461,2.577655623666942,2.0,0.2030014994490584,1
2025-01-26,2025-01-24,2025-01-28,4.480565607665799,7.299904658075186,1351.1463558315568,1349.84735657461,1352.2211699546317,2.373813380021602,3.25,0.0694627433810359,1
2025-01-26,2025-01-24,2025-01-28,2.929192757748077,4.706231727671434,1812.7774232778029,1812.587593643926,1813.0824203104712,0.4948266665451228,1.0,0.2993331815179531,1
2025-01-26,2025-01-24,2025-01-28,2.9548900132527343,17.00030861827427,1371.4459912693192,1371.2013121233322,1371.924822484143,0.7235103608109057,0.75,0.0209193513202017,1
2025-01-26,2025-01-24,2025-01-28,7.037170912927476,10.373302043969993,1948.2774452994863,1947.3870130209252,1949.8408156386577,2.4538026177324355,2.75,0.3367694987876809,1
2025-01-26,2025-01-24,2025-01-28,3.8702445052551737,3.8550693577658337,1966.9558119873564,1966.8108913968315,1967.3377080578357,0.5268166610039771,1.5,0.1663436603636776,1
2025-02-03,2025-01-28,2025-02-10,2.488369469684534,14.477179039194334,934.4921354541252,933.055785369128,935.6944037042558,2.6386183351278305,1.75,0.0493596796301583,2
2025-02-03,2025-01-28,2025-02-10,5.5722909578292645,13.16586972827422,943.0665277459432,940.856432287488,945.4912784420884,4.634846154600382,3.75,0.0718153508920335,2
2025-02-03,2025-01-28,2025-02-10,3.1714341902808063,14.940369380328226,936.3592441825498,935.2049184874631,937.6782302721404,2.4733117846772075,1.5,0.0653676691530495,2
2025-02-03,2025-01-28,2025-02-10,2.346202295174863,14.631599253474342,935.8071254066672,935.2049184874631,936.4646029523574,1.2596844648942351,1.25,0.0793778931659353,2
2025-02-03,2025-01-28,2025-02-10,15.75784163291277,10.968422556910646,935.4532568885356,930.8392727961764,939.1439722431824,8.304699447005987,4.5,0.1081903515791947,2
2025-02-15,2025-02-10,2025-02-20,2.3097854413725565,8.194908421863326,936.7146027959316,934.7165643568152,938.6404617447406,3.923897387925535,2.75,0.0688948587372987,2
2025-02-15,2025-02-10,2025-02-20,3.159264207532091,10.438560891840696,945.1055407240364,943.7832693643868,947.69510309631,3.911833731923252,1.0,0.0475185872046505,2
2025-02-15,2025-02-10,2025-02-20,13.993493778257358,10.630523384551047,933.5423164646078,930.8392727961764,937.4340017661452,6.594728969968855,5.25,0.283705979857181,2
2025-02-15,2025-02-10,2025-02-20,2.563442166123141,16.404688718725946,318.9602902327663,315.96461703581735,321.9023197120987,5.937702676281333,0.75,0.0434962330331957,2
2025-02-15,2025-02-10,2025-02-20,2.9146989095446396,3.529986580510425,832.5207431502533,830.2664784593508,835.0889016813599,4.822423222009093,2.25,0.060599618212095,2
2025-02-15,2025-02-10,2025-02-20,2.783321982080509,3.5003179856616664,842.4117215761283,840.4692406547256,844.5533636542968,4.084122999571264,2.75,0.065309680263092,2
2025-02-15,2025-02-10,2025-02-20,21.557217965713928,4.6064215870368335,936.6973100356896,926.8479515383953,948.939144251868,22.091192713472992,4.5,0.1694042046067781,2
2025-02-15,2025-02-10,2025-02-20,2.258853152249401,3.471517311367324,867.5857182656313,866.0020070644096,869.8886382966302,3.886631232220679,2.0,0.060923981685322,2
2025-02-15,2025-02-10,2025-02-20,5.069038523464038,3.751312133366094,872.00548531021,869.1556898760609,875.4790625269525,6.323372650891542,2.5,0.0962365399340096,2
2025-02-15,2025-02-10,2025-02-20,2.025893750914219,3.2186612919245334,903.0658953903078,900.847749122884,905.871387518011,5.023638395126909,1.5,0.0515095416935074,2
2025-02-15,2025-02-10,2025-02-20,2.6426425401881053,3.408152420787028,916.1931106508188,912.8581517646088,919.8259147540666,6.967762989457697,2.25,0.0631439355896278,2
2025-02-15,2025-02-10,2025-02-20,3.38590900906227,5.659202875601751,1660.2954727739727,1655.375302482862,1664.263498479966,8.888195997104049,2.0,0.0646280622405008,2
2025-02-15,2025-02-10,2025-02-20,7.204130094532412,3.672323164414616,1390.289570259531,1388.4466870906765,1392.717996956315,4.271309865638614,3.0,0.0862704999999681,2
2025-02-15,2025-02-10,2025-02-20,3.688589096221072,4.956830187297078,1584.4329335478346,1582.5278806397691,1587.381370048039,4.853489408269525,3.5,0.1039967284055921,2
2025-02-15,2025-02-10,2025-02-20,4.8480712564670805,3.120260038631925,1406.106177085566,1404.070534450933,1409.353413383942,5.28287893300876,1.75,0.1184769533950893,2
2025-02-15,2025-02-10,2025-02-20,15.942887813883424,10.512008434394634,1658.4651031836966,1653.175571879372,1662.71213684557,9.536564966198055,4.25,0.1170549754524272,2
2025-02-15,2025-02-10,2025-02-20,3.4352343458060908,5.6646552205074325,1406.893878888347,1406.0077747679316,1407.9205493647603,1.912774596828967,2.75,0.0546853984380326,2
2025-02-15,2025-02-10,2025-02-20,13.26402405314455,7.690413592234867,1390.4516749721777,1388.4466870906765,1393.5314563629215,5.084769272245467,6.0,0.1116779973024024,2
2025-02-15,2025-02-10,2025-02-20,2.382942955738338,9.99607660983018,1371.6416468321413,1370.7291659791954,1373.4344283752143,2.705262396018952,2.75,0.0752262848877672,2
2025-02-15,2025-02-10,2025-02-20,15.180207228539055,16.46539025956113,1654.0786533345172,1652.679443244357,1655.620610635262,2.9411673909053206,4.5,0.1114427957683991,2
2025-02-15,2025-02-10,2025-02-20,2.2340181549004288,10.742372209656166,1676.2994592025668,1674.1923467740417,1677.9531917045824,3.7608449305407703,2.5,0.0599721472789479,2
2025-02-15,2025-02-10,2025-02-20,2.092667243267869,15.506113912294602,1666.1976113503265,1664.4930925681256,1667.4586401837878,2.965547615662217,2.25,0.0531381982687394,2
2025-02-15,2025-02-10,2025-02-20,5.111298985418742,15.549851121155497,1672.5179794594158,1671.250410174951,1674.1816515796818,2.9312414047308266,5.25,0.0812491826552315,2
2025-02-15,2025-02-10,2025-02-20,2.0251199263474735,13.122827247361268,905.1425592008076,904.0821220874786,906.3631804157048,2.2810583282262087,2.5,0.0463210822664895,2
2025-02-15,2025-02-10,2025-02-20,4.0491389097069765,6.973519055848642,843.6397226564828,842.1672797724605,845.0353906429373,2.868110870476812,4.25,0.07830803031353,2
2025-02-15,2025-02-10,2025-02-20,3.4063614536145397,7.822464069742796,832.8484126698397,831.4629105976783,834.1047214241698,2.6418108264915645,3.25,0.0724976926791363,2
2025-02-15,2025-02-10,2025-02-20,2.908808140899945,7.190066834435677,1319.8566152476922,1318.9928779592738,1321.157138036564,2.164260077290237,2.5,0.1433457725105918,2
2025-02-15,2025-02-10,2025-02-20,3.2722767534371804,16.51091713088326,942.1963665795475,941.586583122611,943.295646133367,1.7090630107559264,3.0,0.0538980486553543,2
2025-02-15,2025-02-10,2025-02-20,2.6010366830380818,12.467450915483523,933.2341686143154,932.566024991218,935.2060495740734,2.640024582855403,1.25,0.1591917411334276,2
2025-02-15,2025-02-10,2025-02-20,5.151203139915565,12.22494061863624,936.0095342674182,935.2049184874631,937.1897732587532,1.9848547712899745,1.75,0.1050822508901569,2
2025-02-15,2025-02-10,2025-02-20,3.491081751724808,11.014083316460448,940.6635667642762,937.4329221197404,943.5396052775905,6.106683157850057,2.25,0.0699284310135884,2
2025-02-22,2025-02-20,2025-02-25,2.5278597280012223,4.432609720656579,1812.7122396866537,1812.587593643926,1813.0824203104712,0.4948266665451228,1.0,0.0794858802932126,2
2025-02-22,2025-02-20,2025-02-25,2.9435599656178377,12.375530399840391,204.04567825757857,201.4760109866038,207.34381150268015,5.867800516076386,3.75,0.0710801084988121,2
2025-02-22,2025-02-20,2025-02-25,4.564904083636857,5.368101826087537,1322.6662136710297,1322.0933992806822,1323.2852678736672,1.1918685929849744,1.5,0.1989667389303698,2
2025-03-02,2025-02-25,2025-03-07,2.47296853326056,3.0547749918795817,428.8677287085874,426.5909746470861,433.0693548610434,6.47838021395728,1.25,0.0519502704165396,3
2025-03-02,2025-02-25,2025-03-07,3.6212444038345586,11.612837847301035,1627.1568660444364,1625.5104881906882,1629.218961447477,3.708473256789148,3.25,0.0673648863566068,3
2025-03-02,2025-02-25,2025-03-07,6.056862072502549,12.97349086259481,1444.343832631916,1440.860048595816,1448.529646015726,7.669597419910133,2.75,0.0883481939686102,3
2025-03-02,2025-02-25,2025-03-07,3.561580432353765,3.311815901060843,283.30151722678585,279.2248271270655,287.2533546658233,8.028527538757771,1.25,0.0563624266081215,3
2025-03-02,2025-02-25,2025-03-07,3.164432788976121,4.604955073138673,1309.8631519850342,1309.135343071539,1310.803774737753,1.668431666214019,1.5,0.1191310171909722,3
2025-03-02,2025-02-25,2025-03-07,3.1240887969620426,6.176837730540856,27.794346581396617,25.95583931263536,30.073528407607228,4.117689094971865,3.25,0.0583104570679023,3
2025-03-02,2025-02-25,2025-03-07,3.776745180313853,14.211236606193513,735.1391545782857,733.777296686545,736.629043656867,2.851746970321983,3.75,0.0636644977315123,3
2025-03-02,2025-02-25,2025-03-07,5.3452214052332065,11.176525512855513,934.8656650468364,932.3211448029616,935.9761266279966,3.6549818250350654,2.0,0.1287127162371104,3
2025-03-02,2025-02-25,2025-03-07,3.7219654781284577,12.644178312142657,1022.617658820326,1020.7020506029947,1025.0082571748644,4.306206571869552,3.5,0.0698594759946676,3
2025-03-02,2025-02-25,2025-03-07,2.8473958582169963,16.42739923701421,843.608920869961,842.408347316552,845.0353906429373,2.6270433263853192,2.75,0.0579110706510615,3
2025-03-02,2025-02-25,2025-03-07,2.8688211949016855,19.663862527378704,1583.7573775439528,1583.2960568103008,1584.305577528197,1.009520717896521,1.75,0.1214212054959111,3
2025-03-02,2025-02-25,2025-03-07,11.684576175800956,5.965079003741951,1446.0851548134397,1438.299080027267,1451.8087131269276,13.509633099660276,7.25,0.1340147957263163,3
2025-03-02,2025-02-25,2025-03-07,12.767332078680068,9.871395581717744,933.333151434445,930.8392727961764,937.1897732587532,6.350500462576747,4.75,0.2376115236118456,3
2025-03-02,2025-02-25,2025-03-07,7.318529060787827,4.432424875703153,931.9281548061203,927.3380788974464,937.9074896522798,10.56941075483337,4.5,0.1091279556055508,3
2025-03-02,2025-02-25,2025-03-07,2.1617489626815254,14.640978410347367,842.3151327084743,840.9511290127411,843.346254249569,2.39512523682788,3.75,0.0625854891275516,3
2025-03-02,2025-02-25,2025-03-07,3.1206259044286884,5.554648430432132,842.6064039987817,841.1746485731564,844.3123501604423,3.1377015872858465,3.5,0.0696312342971796,3
2025-03-02,2025-02-25,2025-03-07,2.8350292609841343,3.569774836696544,27.078134148756487,24.24270432395861,30.34108656598255,6.098382242023945,1.75,0.0595569842579053,3
2025-03-02,2025-02-25,2025-03-07,3.6995848501712847,12.126168058919024,938.774080109783,938.3951535923406,939.3882007496431,0.9930471573024988,1.25,0.0366068319641964,3
2025-03-02,2025-02-25,2025-03-07,2.715818207357165,20.834370121707092,1386.580327856863,1383.3172756666318,1387.1675080945715,3.8502324279397726,1.25,0.0629060510094048,3
2025-03-02,2025-02-25,2025-03-07,2.5234555267600713,21.09954676490831,1350.2945101936034,1350.0839195535518,1350.7767541999929,0.6928346464410424,1.25,0.1082272050832638,3
2025-03-08,2025-03-07,2025-03-10,3.7781012437803208,11.4847326469261,1945.1799400763264,1944.481174521148,1945.885345972143,1.4041714509949088,1.5,0.1410882413377054,3
2025-03-14,2025-03-10,2025-03-18,5.472373083753363,6.973028516372479,110.10479607565962,108.2474949909374,111.4587244093418,3.2112294184044003,5.25,0.1013819353725889,3
2025-03-14,2025-03-10,2025-03-18,21.70962405719662,7.735995612523877,22.222686571494716,15.13367332983762,31.085462793707848,15.951789463870227,5.25,0.1446476713411065,3
2025-03-14,2025-03-10,2025-03-18,3.285832604592878,17.350630328862746,676.317308329342,674.2574486285448,678.1888024769723,3.931353848427534,2.75,0.0696467769572968,3
2025-03-14,2025-03-10,2025-03-18,2.4182814962297328,13.386953753941858,776.4387930868008,774.9379859319888,778.2846605712548,3.3466746392659843,2.5,0.0559263329022644,3
2025-03-14,2025-03-10,2025-03-18,2.6151420857821934,16.016069859590758,1660.9912191826709,1659.778035722673,1662.466186625883,2.688150903210044,2.75,0.1417171561444993,3
2025-03-14,2025-03-10,2025-03-18,4.29946753875395,13.41394094844168,1814.200662107277,1813.8431468536144,1814.8366425996649,0.99349574605003,1.75,0.1289467188076804,3
2025-03-14,2025-03-10,2025-03-18,2.228033985176708,21.140573437595048,1350.1846614478022,1350.0839195535518,1350.5402538082562,0.4563342547044158,1.0,0.0715033864552875,3
2025-03-14,2025-03-10,2025-03-18,2.4215465477381763,13.54253998717007,1384.9399567695425,1384.8623683280312,1385.4121791464277,0.5498108183965087,1.0,0.1268855983152781,3
2025-03-14,2025-03-10,2025-03-18,2.0710876690823583,17.858980210948975,1576.3186751145856,1576.2162343333475,1576.7184408945031,0.5022065611556172,1.75,0.0967481025393917,3
2025-03-14,2025-03-10,2025-03-18,2.6686337975134142,19.772715777160876,1583.7007471717775,1583.2960568103008,1584.305577528197,1.009520717896521,1.75,0.1098188144194817,3
2025-03-14,2025-03-10,2025-03-18,3.101398590116543,3.5534862718648954,736.0639231740058,733.777296686545,739.2812387915328,5.5039421049878,1.5,0.06036073205876,3
2025-03-14,2025-03-10,2025-03-18,12.42100020305319,3.9874005871003506,20.681152230356947,14.88440833101049,28.187234942801297,13.302826611790806,3.5,0.1129841656124601,3
2025-03-14,2025-03-10,2025-03-18,3.128263021810319,4.964230067114525,109.98732085067998,108.2474949909374,111.4587244093418,3.2112294184044003,3.0,0.0960089488935067,3
2025-03-14,2025-03-10,2025-03-18,2.9672585729508167,9.160644123321129,931.7659335709056,931.5676636137068,932.3024674318732,0.734803818166256,1.5,0.182447932498866,3
2025-03-14,2025-03-10,2025-03-18,2.0532310753987844,5.248379287593231,376.24462916583286,374.10805271798745,378.3303907974623,4.222338079474866,1.5,0.0499980911046343,3
2025-03-14,2025-03-10,2025-03-18,3.42009441725627,13.254030688995808,1845.4475341104987,1844.068600123748,1847.99824148044,3.929641356691718,2.5,0.0666368742977485,3
2025-03-14,2025-03-10,2025-03-18,5.138818819168692,8.375672807224506,1446.719005372236,1443.1255535823293,1449.6574257616885,6.531872179359198,3.25,0.1192323369118398,3
2025-03-14,2025-03-10,2025-03-18,11.989989670374912,4.898129665152192,1150.490700561411,1145.648605148308,1155.583052392583,9.93444724427536,5.25,0.1427304264607017,3
2025-03-14,2025-03-10,2025-03-18,10.586697454615653,3.356269686530227,1147.871333199286,1144.9042173088528,1153.8056596587412,8.901442349888384,2.0,0.1040303944215092,3
2025-03-14,2025-03-10,2025-03-18,2.811636184954969,3.1366711490055965,1143.8827499385077,1143.4454307085834,1144.6532668848522,1.2078361762687564,0.5,0.0615979087961337,3
2025-03-21,2025-03-18,2025-03-24,4.39049280832424,11.457226084336584,1945.1433471645028,1944.481174521148,1945.885345972143,1.4041714509949088,1.5,0.1870642195257221,3
2025-03-21,2025-03-18,2025-03-24,2.27152650732684,3.577813424349533,318.1963005928351,317.933308694046,318.9167595352046,0.9834508411586284,0.5,0.0803648593941313,3
2025-03-21,2025-03-18,2025-03-24,2.0669658788516583,11.611684996346128,378.56714774150487,378.3286847691052,379.2974852714688,0.9688005023635924,0.5,0.081109554590519,3
2025-03-28,2025-03-24,2025-04-01,3.8012172442513497,20.88016101420509,1350.19799594724,1349.84735657461,1350.7767541999929,0.9293976253829896,1.5,0.1132489830054169,3
2025-03-28,2025-03-24,2025-04-01,2.143439468821583,17.610371757922593,1576.3368127784995,1576.2162343333475,1576.7184408945031,0.5022065611556172,1.25,0.0599440191581572,3
2025-03-28,2025-03-24,2025-04-01,3.6061641464928096,19.62846234978663,1583.6308996386945,1583.037336417474,1584.305577528197,1.2682411107234657,1.75,0.0911118193039023,3
2025-03-28,2025-03-24,2025-04-01,2.618134845241473,3.3228885957564764,298.7946171738303,296.874266134575,301.5183903281577,4.644124193582684,1.0,0.0580041109445618,3
2025-03-28,2025-03-24,2025-04-01,2.735535831338921,3.5021683100363896,1406.2724509024322,1405.1715086726472,1407.9205493647603,2.74904069211334,2.0,0.0842514236460109,3
2025-03-28,2025-03-24,2025-04-01,3.842896755174131,3.961810042510849,1390.1821339187468,1388.4466870906765,1391.8631517603062,3.416464669629931,2.25,0.0656389711835998,3
2025-03-28,2025-03-24,2025-04-01,2.3087845227837263,18.48182210099107,1228.6790853603798,1228.4282775116153,1229.1465353784151,0.7182578667998314,0.75,0.1111267007564103,3
2025-03-28,2025-03-24,2025-04-01,2.547959419430341,3.4290011673744303,20.130779625181436,17.11845627054572,23.69999271631241,6.581536445766687,1.25,0.0601643725535444,3
2025-03-28,2025-03-24,2025-04-01,8.406649607651774,3.388550485508689,232.607784044563,222.55876176897436,241.8657470787875,19.30698530981317,1.5,0.0876408859612345,3
2025-03-28,2025-03-24,2025-04-01,2.9606779364545353,3.451965804416764,250.9820645762904,246.8109801155515,255.60262535512447,8.791645239572972,1.0,0.0526260105940065,3
2025-03-28,2025-03-24,2025-04-01,2.73371319176659,3.3907668469745107,210.7313467661919,207.344866537489,214.90530663356185,7.560440096072853,1.0,0.0574506357942823,3
2025-03-28,2025-03-24,2025-04-01,2.220964388205656,3.193530401813409,175.5556827770415,172.59623325429857,179.6774705518037,7.08123729750514,1.0,0.0467106832409188,3
2025-03-28,2025-03-24,2025-04-01,3.394259666532193,3.26700593426501,87.00080018631425,82.00575954699889,92.47474361630157,10.468984069302678,1.25,0.0673798953317811,3
2025-03-28,2025-03-24,2025-04-01,3.972943744490025,3.432840589923521,308.5928254681853,304.3347685961053,313.05323633691296,8.718467740807682,1.0,0.071238810317168,3
2025-03-28,2025-03-24,2025-04-01,14.37085229032682,3.890163167871475,939.8506300536932,929.644708456006,948.1817551599815,18.537046703975648,3.0,0.110617309444563,3
2025-03-28,2025-03-24,2025-04-01,3.680471297514814,4.133901696081991,1309.7459306928731,1308.6968075484035,1310.803774737753,2.106967189349234,1.5,0.0779042720666091,3
2025-03-28,2025-03-24,2025-04-01,7.807062208757561,3.122262659576678,506.88370507140314,492.6715510669165,522.513047747314,29.84149668039754,1.0,0.0956832036880303,3
2025-03-28,2025-03-24,2025-04-01,2.198993118227801,3.277153802417944,344.2191244168748,340.41514305304736,347.8682720856741,7.453129032626748,0.75,0.0555786773711194,3
2025-04-04,2025-04-01,2025-04-08,2.7984251144074697,17.87726270721029,1518.1131517586691,1517.8447849964723,1518.630222816486,0.7854378200136125,1.0,0.0183073619608368,4
2025-04-04,2025-04-01,2025-04-08,8.340805281252381,3.6105186487149217,1521.6715546859143,1521.0886102947406,1522.4401675350964,1.35155724035576,1.0,0.0432402579955596,4
2025-04-04,2025-04-01,2025-04-08,4.730546941696014,3.4954983315270094,1520.1351010098133,1519.764550389722,1521.3339184471406,1.5693680574186146,0.75,0.0265962567527471,4
2025-04-04,2025-04-01,2025-04-08,473.8853081868981,18.183414092852693,1522.9031580866413,1508.0907120988704,1535.8068846999668,27.716172601096332,11.75,0.328824348274252,4
2025-04-04,2025-04-01,2025-04-08,3.5137706707025087,13.936248569262364,1345.668768466503,1344.470612088684,1346.6081866282038,2.1375745395198464,3.25,0.0711639628316176,4
2025-04-04,2025-04-01,2025-04-08,5.517406570389832,21.438274055083564,1528.2770178770616,1527.546786540188,1529.36766123306,1.8208746928721664,1.25,0.0244804664520868,4
2025-04-04,2025-04-01,2025-04-08,3.6118411904097254,3.4900974212306837,1526.4581139807906,1526.1814436558634,1526.9614863102324,0.7800426543690264,0.75,0.0211829679220369,4
2025-04-04,2025-04-01,2025-04-08,47.54923323188666,18.36658594204425,1531.9045129159686,1529.389353195671,1533.7130573638717,4.323704168200493,8.0,0.1157048768297428,4
2025-04-04,2025-04-01,2025-04-08,6.853428360805719,20.41656751122909,1522.5569726307483,1521.0886102947406,1525.6242764452472,4.535666150506586,1.5,0.0260883166252993,4
2025-04-04,2025-04-01,2025-04-08,4.12531297842282,13.268057547067125,1526.4908641179666,1525.6463359761983,1527.792094692588,2.145758716389537,1.5,0.054275199418034,4
2025-04-04,2025-04-01,2025-04-08,3.847420053523272,3.3294949819493125,1344.9904928683832,1342.7945909262637,1346.6081866282038,3.8135957019403577,3.25,0.0747623737681067,4
2025-04-04,2025-04-01,2025-04-08,269.30742191523314,4.969323158788454,1523.5104008614912,1506.1763680293225,1540.4254382513463,34.249070222023875,10.5,0.3516399498209583,4
2025-04-04,2025-04-01,2025-04-08,2.3563637560987645,12.947724447945363,1514.6381567250749,1513.5772473099642,1515.984154321719,2.406907011754811,1.5,0.0370376180636353,4
2025-04-04,2025-04-01,2025-04-08,11.147029968365404,15.989264056064872,1514.7270233769568,1513.0354205295444,1516.5260387379676,3.490618208423257,2.75,0.0561393792003857,4
2025-04-04,2025-04-01,2025-04-08,165.24060911009582,17.57517689021935,1522.2439547887973,1511.9517129487358,1530.4367645676248,18.485051618888978,6.75,0.1763506039587519,4
2025-04-11,2025-04-08,2025-04-15,6.551559569033941,3.889465641590076,1231.7287687261116,1230.0443684314378,1233.8105080993846,3.7661396679468457,1.25,0.0694398461037607,4
2025-04-11,2025-04-08,2025-04-15,2.8398300641806773,9.889364423827152,932.0678265606736,931.81241144659,932.811333143618,0.9989216970279812,0.75,0.1747213442464269,4
2025-04-11,2025-04-08,2025-04-15,2.318274268659318,19.1554006115577,1371.1347439309152,1370.9706484805793,1371.698921635747,0.7282731551676989,1.0,0.0972324399019343,4
2025-04-11,2025-04-08,2025-04-15,2.572554566733304,3.7229167903312974,1231.1014917784908,1230.5170522145927,1231.9466395508498,1.4295873362571,0.75,0.0313800349503231,4
2025-04-18,2025-04-15,2025-04-21,3.7076695936040065,19.20511926260732,1582.6017612133662,1582.2731527513824,1583.2826445698738,1.0094918184913697,2.75,0.1956080621945222,4
2025-04-18,2025-04-15,2025-04-21,2.268213007458297,19.303858360283066,1581.918947327455,1581.7654238152318,1582.2654454098083,0.5000215945765376,1.25,0.1440374281965606,4
2025-04-18,2025-04-15,2025-04-21,2.102050402751243,5.28736716793073,1234.6041383426516,1234.0105811129324,1235.4599223700352,1.4493412571027875,1.25,0.0397130574451815,4
2025-04-18,2025-04-15,2025-04-21,2.863073011620574,15.437451497076276,1652.5802417077373,1652.4331071525812,1652.9247513967566,0.4916442441754043,1.0,0.0832460854964251,4
2025-04-18,2025-04-15,2025-04-21,2.522463255283614,18.921884504613757,1511.566899947197,1511.4098153766245,1511.926072312519,0.5162569358944893,1.25,0.1941797604508247,4
2025-04-18,2025-04-15,2025-04-21,2.152117428693846,5.268452902991474,1238.0774216261325,1237.2347905486822,1239.1604547509924,1.925664202310145,1.0,0.045756871275955,4
2025-04-18,2025-04-15,2025-04-21,19.990361878487096,3.5755401981333663,1247.9203360051986,1246.3415267434902,1249.6905372785404,3.3490105350501835,1.5,0.140213524405577,4
2025-04-18,2025-04-15,2025-04-21,5.138894864695937,3.456795566271133,1250.1964652691336,1249.6818184396252,1250.9902988686226,1.3084804289974272,0.75,0.021668038187532,4
2025-04-18,2025-04-15,2025-04-21,2.1266846767045133,4.187110337499827,1250.0166022980522,1249.6818184396252,1250.7536649298854,1.0718464902602136,0.75,0.084017355278667,4
2025-04-18,2025-04-15,2025-04-21,2.2512990716773578,6.510561593327939,1254.341358763432,1253.1041071992368,1256.7079516113736,3.603844412136823,1.75,0.1027104672749789,4
2025-04-18,2025-04-15,2025-04-21,2.8353349149420244,6.528890431629058,1249.547217057474,1249.2086398112588,1250.1637159069069,0.95507609564811,1.75,0.1200182866853871,4
2025-04-18,2025-04-15,2025-04-21,3.0674232883550716,3.8952964834086967,1966.9308830612977,1966.5336522115392,1967.3377080578357,0.8040558462962508,1.5,0.1895320956736285,4
2025-04-18,2025-04-15,2025-04-21,3.915341955992382,11.624299166792628,1945.3401542890624,1944.7683346131817,1945.885345972143,1.117011358961463,1.5,0.1586784824334326,4
2025-04-18,2025-04-15,2025-04-21,38.33778044011747,3.659615092793046,1248.743665284637,1245.9215136021376,1251.6930129113607,5.771499309223145,1.25,0.2122079594943328,4
2025-04-18,2025-04-15,2025-04-21,3.244882701442372,5.897032768740685,1253.230052016802,1252.4013788797893,1254.5380266821012,2.136647802311927,2.0,0.0851915352605233,4
2025-04-18,2025-04-15,2025-04-21,4.816358186487045,5.874660122461598,1249.2042316518782,1247.7946626869962,1250.2803970505483,2.485734363552183,1.75,0.0661579322706557,4
2025-04-18,2025-04-15,2025-04-21,2.446152181964654,4.085629318918615,47.38576013076815,46.99891573982313,47.98918779287487,0.99027205305174,0.5,0.1052603262030145,4
2025-04-18,2025-04-15,2025-04-21,2.886022815818351,3.8281228252288857,318.4905202725117,318.17935625696555,319.163759812247,0.9844035552814604,0.5,0.0183533868040955,4
2025-04-18,2025-04-15,2025-04-21,27.064382368797716,6.100345303009841,1230.9785764722772,1228.1597280688584,1233.5741034261882,5.414375357329845,4.0,0.1259297466503271,4
2025-04-18,2025-04-15,2025-04-21,56.76520220806858,6.77607549685749,1239.590344484753,1233.0923906015232,1248.039970839396,14.9475802378729,4.0,0.175274826707459,4
2025-04-25,2025-04-21,2025-04-29,5.008705351343497,9.103815289603885,1240.44653517414,1237.7078424990175,1242.2690446204506,4.561202121432871,1.75,0.0625878212576445,4
2025-04-25,2025-04-21,2025-04-29,33.79245182438806,7.855828421665913,1247.4482281403575,1242.4916097959504,1253.8226590771228,11.331049281172454,4.0,0.1505598331383001,4
2025-04-25,2025-04-21,2025-04-29,4.227168050978225,3.571991692874217,1521.842659660452,1518.9253236255608,1527.5247752773575,8.599451651796699,1.75,0.0956479366172846,4
2025-04-25,2025-04-21,2025-04-29,7.367971409520345,6.432978975764571,1254.6236399709524,1253.8194504482672,1255.498456351459,1.6790059031918645,1.5,0.0464471306081692,4
2025-04-25,2025-04-21,2025-04-29,2.237682568080979,8.850856932610165,1245.7234733806574,1245.361455812119,1246.3164303526282,0.9549745405092837,1.0,0.0391309168337921,4
2025-04-25,2025-04-21,2025-04-29,2.3003600275599307,3.4742825126393906,1516.2088636137437,1514.1191166318022,1518.0900931488725,3.970976517070085,1.75,0.0539096764074316,4
2025-04-25,2025-04-21,2025-04-29,7.961296581900092,6.247030560071248,1642.5888105787458,1639.27363210544,1647.2022660886869,7.928633983246982,2.75,0.0815305004169016,4
2025-04-25,2025-04-21,2025-04-29,22.05177808967997,3.3777995777741676,1659.4721898589669,1654.8824968803674,1662.71213684557,7.829639965202659,2.0,0.0847344670053359,4
2025-04-25,2025-04-21,2025-04-29,4.66211197722616,6.119328190930819,1683.613212496126,1678.934434567578,1687.5747123169713,8.640277749393135,2.75,0.0952098324544509,4
2025-04-25,2025-04-21,2025-04-29,17.683528966036828,6.665582800134739,1664.6244523407383,1658.0400448027067,1673.1998066329395,15.159761830233036,3.5,0.1149192341078065,4
2025-04-25,2025-04-21,2025-04-29,3.21330890516586,4.733763175838958,303.9260131586145,303.3878056774847,304.82721047475934,1.4394047972746191,1.75,0.1173831697600388,4
2025-04-25,2025-04-21,2025-04-29,79.24266837944421,6.09360480912141,1253.9456770394452,1234.9781981138512,1275.81097347755,40.8327753636986,5.0,0.2170453383025928,4
2025-04-25,2025-04-21,2025-04-29,3.2279444801543464,3.016089533468001,1211.5776411169184,1208.6303120423108,1213.5570444362238,4.926732393912971,0.75,0.0776714465272145,4
2025-04-25,2025-04-21,2025-04-29,3.446809517612273,14.47113755754732,1814.2287601740015,1814.0925427800976,1814.587246765848,0.4947039857506752,0.75,0.2280430497172371,4
2025-04-25,2025-04-21,2025-04-29,2.1152376170809215,14.11202524360625,1734.3788226783615,1734.2567894784734,1734.7311571626924,0.4743676842190325,0.75,0.0597364742013991,4
2025-04-25,2025-04-21,2025-04-29,2.2905139715929774,10.111431057236343,1574.6865878270428,1574.4352276478894,1575.1806619414128,0.7454342935234308,0.75,0.3046567253769163,4
2025-04-25,2025-04-21,2025-04-29,2.989689427752192,19.83801241601528,1583.7731901811162,1583.2960568103008,1584.305577528197,1.009520717896521,1.75,0.095038504966282,4
2025-04-25,2025-04-21,2025-04-29,28.671195842390436,3.2403384971205145,1662.0090157740524,1651.1900729094632,1685.822777019348,34.6327041098848,2.25,0.1510922898747334,4
2025-05-02,2025-04-29,2025-05-05,2.422757756740651,8.736601119741687,1868.2270271391671,1868.0283209299669,1868.836427859031,0.808106929063797,1.25,0.0455060466635553,5
2025-05-02,2025-04-29,2025-05-05,4.49299911269723,11.512413404376073,1945.2816464859873,1944.481174521148,1946.1555847120471,1.674410190898925,1.75,0.1474427767772757,5
2025-05-02,2025-04-29,2025-05-05,2.906572218417858,5.655453437561458,1683.0085061048765,1680.6512528066523,1683.8609519675374,3.209699160885066,1.5,0.0477491281338445,5
2025-05-02,2025-04-29,2025-05-05,40.09734699357446,5.654775085175624,1658.489660296452,1639.0183133594692,1680.8965609590523,41.87824759958312,3.75,0.1837927308258848,5
2025-05-02,2025-04-29,2025-05-05,3.7167619402727112,19.575122307179537,1582.4706803890492,1582.2731527513824,1583.0279166805558,0.7547639291733503,2.5,0.1848866533652355,5
2025-05-02,2025-04-29,2025-05-05,9.602613383052326,3.094467839593226,1680.9918388288595,1672.7088944613934,1689.6201673252508,16.911272863857448,1.75,0.1006732968082323,5
2025-05-02,2025-04-29,2025-05-05,2.0887584418404894,4.37955836783684,1772.357610491005,1771.5512104928491,1773.1055983887054,1.5543878958560526,0.5,0.035193923010187,5
2025-05-02,2025-04-29,2025-05-05,3.597543343420055,5.632725159699394,1807.9988628474184,1804.568051018752,1810.7630845513197,6.195033532567322,1.75,0.0852660245191942,5
2025-05-02,2025-04-29,2025-05-05,30.8658127858335,7.066793179236423,1797.0894468246652,1788.5050430265255,1806.2865724978035,17.78152947127819,5.25,0.1808162309951585,5
2025-05-02,2025-04-29,2025-05-05,2.1171435387709927,9.225670871440707,1785.0313276444358,1782.1790790907107,1788.048226469662,5.869147378951311,2.0,0.0565193665350906,5
2025-05-02,2025-04-29,2025-05-05,5.427046269893661,5.883434360678084,1781.6009302767975,1777.8999038776385,1786.042523542419,8.142619664780796,3.25,0.0799447396827973,5
2025-05-02,2025-04-29,2025-05-05,61.50537448972142,6.900071064547353,1757.037707516206,1735.989198854193,1777.3556202328764,41.3664213786833,5.0,0.2684177631749204,5
2025-05-02,2025-04-29,2025-05-05,11.05634917276812,3.829064167582998,1659.828973376336,1655.375302482862,1662.71213684557,7.336834362708032,1.75,0.0487538192818214,5
2025-05-02,2025-04-29,2025-05-05,5.501888192687896,8.366721833884684,1667.7774087551825,1662.220878473483,1673.4448393741625,11.22396090067923,2.0,0.0906174954532505,5
2025-05-02,2025-04-29,2025-05-05,19.1827091948714,8.079433540515277,1684.3347434917812,1679.1799808866344,1687.5747123169713,8.394731430336833,5.5,0.1307536736737256,5
2025-05-09,2025-05-05,2025-05-14,6.878123348526708,5.777556107772337,1644.9434037145247,1636.035964579787,1654.1569318575785,18.12096727779135,3.0,0.1011964688888101,5
2025-05-09,2025-05-05,2025-05-14,18.085238911759845,6.006302700923729,1669.424259187322,1654.6506319823677,1683.155125610996,28.504493628628552,3.5,0.1486349412106317,5
2025-05-09,2025-05-05,2025-05-14,3.324549774267277,19.480688866925,1583.8799346519,1583.5507943313569,1584.305577528197,0.7547831968404353,2.5,0.0606571099708729,5
2025-05-09,2025-05-05,2025-05-14,2.215002664177879,4.87927715083839,2195.517615445553,2195.1560981972143,2196.884825941641,1.7287277444265785,1.0,0.0382966100868932,5
2025-05-09,2025-05-05,2025-05-14,3.2436166047407977,3.481970153911625,2192.3418879789338,2190.4031675350852,2193.8851663228124,3.481998787727207,1.75,0.0466079159910281,5
2025-05-09,2025-05-05,2025-05-14,9.334640290546565,5.76518766616137,1854.7466513872832,1851.795716051478,1858.1956023601815,6.399886308703572,2.0,0.0903821696364522,5
2025-05-09,2025-05-05,2025-05-14,2.39104738515029,13.5372383168665,1814.3077052453505,1814.0925427800976,1814.587246765848,0.4947039857506752,1.25,0.0853499446487735,5
2025-05-09,2025-05-05,2025-05-14,25.260675618341224,6.609622434650389,1847.4607296073025,1843.8955452800728,1851.8204421103,7.924896830227226,5.0,0.159291839958604,5
2025-05-09,2025-05-05,2025-05-14,4.993724750438661,6.083866921686913,1843.4974878793132,1841.0391060872937,1845.9383694059215,4.899263318628073,2.5,0.070950218356619,5
2025-05-09,2025-05-05,2025-05-14,2.2457839311410264,5.803290213128138,1842.034947626241,1840.9080388084983,1843.574927193113,2.66688838461414,1.5,0.0444404788783272,5
2025-05-09,2025-05-05,2025-05-14,24.740812265090312,6.168945471161305,1833.3995845417824,1826.9335206979888,1840.9956307066604,14.06211000867188,3.0,0.1325177144217614,5
2025-05-09,2025-05-05,2025-05-14,2.42378130500654,19.517050277780378,1371.1228806148936,1370.9706484805793,1371.698921635747,0.7282731551676989,0.75,0.0737054948123938,5
2025-05-09,2025-05-05,2025-05-14,3.429741712292741,3.827392495172413,1830.0139337982391,1828.6602138206365,1831.6194531931544,2.9592393725179136,1.0,0.0403204238085626,5
2025-05-09,2025-05-05,2025-05-14,6.9197081705026635,3.8121355507005887,318.65497383535194,317.933308694046,319.65585564030334,1.7225469462573528,0.75,0.1922084744868892,5
2025-05-09,2025-05-05,2025-05-14,5.172201088471735,5.835473118518241,2197.552710863342,2194.891922794748,2201.1445523840375,6.252629589289427,1.75,0.0827814140584899,5
2025-05-09,2025-05-05,2025-05-14,3.4664471711363474,3.831977073723176,2188.660155226205,2185.907813833561,2191.146426997613,5.238613164052367,1.25,0.0555389105321224,5
2025-05-09,2025-05-05,2025-05-14,10.981438318383065,3.5257359887649735,2209.961003432652,2205.385533759836,2218.351124636829,12.965590876992792,2.25,0.0976437501563345,5
2025-05-16,2025-05-14,2025-05-19,4.15774866489279,5.21448791283553,1839.509304102428,1837.7876203893684,1841.9503837418745,4.162763352505863,1.5,0.0656129449041938,5
2025-05-16,2025-05-14,2025-05-19,3.5431021664849713,4.999563033653605,1835.6378593960148,1833.801183343399,1837.4502034261825,3.649020082782954,1.0,0.0637077920086592,5
2025-05-16,2025-05-14,2025-05-19,3.560471210215651,5.551057174382746,1830.1473983840008,1828.8395317653192,1831.6194531931544,2.779921427834779,0.75,0.0311362798357284,5
2025-05-16,2025-05-14,2025-05-19,2.3707361154397253,5.541033170109201,1852.3082431309304,1851.797379059717,1853.0256483489648,1.2282692892476916,1.0,0.0410421449647723,5
2025-05-16,2025-05-14,2025-05-19,5.861486026561375,5.115470309821921,1846.7236050956096,1843.8955452800728,1848.959423508495,5.063878228422254,1.5,0.0757862008111244,5
2025-05-16,2025-05-14,2025-05-19,4.933272849172358,3.964426451796301,1829.8932464573663,1828.6602138206365,1831.6194531931544,2.9592393725179136,1.25,0.0476808347380379,5
2025-05-16,2025-05-14,2025-05-19,2.9057522145914225,7.09150897280946,1852.2067056937349,1849.990940264892,1854.632918868214,4.641978603322059,2.0,0.0673815621833835,5
2025-05-16,2025-05-14,2025-05-19,8.326990691322935,6.224056520172116,1854.8626811704328,1852.0538251395335,1858.1956023601815,6.141777220647782,2.5,0.0840578641590572,5
2025-05-16,2025-05-14,2025-05-19,12.865964538037396,8.731866047489719,1855.550548721651,1853.00414771121,1858.1956023601815,5.191454648971558,3.5,0.0906095486651285,5
2025-05-16,2025-05-14,2025-05-19,3.0176613030999784,5.000239299842193,303.7753646511086,303.3878056774847,304.58007674850523,1.1922710710205138,1.75,0.1489483385548955,5
2025-05-16,2025-05-14,2025-05-19,3.357889605259955,3.60633002409695,318.03595344086307,317.6989399790764,318.9167595352046,1.2178195561282337,0.5,0.0809506261388312,5
2025-05-23,2025-05-19,2025-05-27,2.0773397153085,14.951638430631748,1457.5282858047285,1457.194739374332,1457.990891625639,0.7961522513069212,1.25,0.0996576797404317,5
2025-05-23,2025-05-19,2025-05-27,4.491284163403801,8.07099189532062,1855.783212968125,1853.6547015770336,1858.1956023601815,4.540900783147663,2.25,0.0650140919122644,5
2025-05-23,2025-05-19,2025-05-27,56.03875547664483,6.1263444166943035,1844.83848648292,1837.0832583918236,1853.2792585287243,16.196000136900693,3.0,0.2178905051725416,5
2025-05-23,2025-05-19,2025-05-27,4.188673743760281,5.670542236346843,1829.7216676151616,1825.5178758120164,1833.7570619373585,8.239186125341803,1.25,0.0731828929705221,5
2025-05-23,2025-05-19,2025-05-27,30.49325207193571,6.454056844962092,1830.027946658206,1822.819585377816,1838.443085232284,15.62349985446781,2.5,0.1637808760249707,5
2025-05-23,2025-05-19,2025-05-27,5.285261714774696,3.3479691213869556,1837.9671416921344,1830.5672556487843,1841.9503837418745,11.383128093089908,1.75,0.0832172226449939,5
2025-05-23,2025-05-19,2025-05-27,2.9731421663320536,3.767596026990032,317.0703604108555,316.9605572158471,317.4519929555245,0.4914357396773994,1.0,0.0349724949341614,5
2025-05-23,2025-05-19,2025-05-27,11.542641001476415,7.87667466859842,1836.9089892714555,1834.0456763822583,1838.6875901184976,4.641913736239076,4.0,0.1323746283710491,5
2025-05-30,2025-05-27,2025-06-02,2.009742294197977,4.985220844248379,1841.9231594500443,1838.2759613851083,1845.7896155552007,7.513654170092195,1.0,0.0605055617239774,5
2025-05-30,2025-05-27,2025-06-02,3.991720182418061,5.987475248342367,1838.2028874766936,1835.9970374256372,1841.4616440008392,5.464606575202197,2.5,0.071999106659694,5
2025-05-30,2025-05-27,2025-06-02,10.46336730914766,6.150872787688499,1828.6167521266573,1822.819585377816,1834.6003747829236,11.780789405107498,2.75,0.1256202824909847,5
2025-05-30,2025-05-27,2025-06-02,2.127373563323491,6.420458658954097,1844.212384275696,1841.284186183475,1846.0483702993952,4.764184115920216,1.75,0.0612260510183669,5
2025-05-30,2025-05-27,2025-06-02,18.83891570667852,5.945367147664124,1850.6528617579456,1843.8955452800728,1855.594688814599,11.699143534526227,4.25,0.1601014034631855,5
2025-05-30,2025-05-27,2025-06-02,35.034951046915175,3.852823705932397,2011.008394751988,2004.3940399889832,2019.071953141596,14.677913152612746,1.5,0.1215089783921328,5
2025-05-30,2025-05-27,2025-06-02,30.460732674058736,3.936987051856326,2052.667665567341,2047.289439188782,2058.3112602895126,11.021821100730447,1.5,0.1943719893807975,5
2025-05-30,2025-05-27,2025-06-02,2.3414762496377635,4.936273666151547,2048.4147144755143,2041.938785945531,2056.80082562659,14.862039681058375,0.75,0.0585698754700328,5
2025-05-30,2025-05-27,2025-06-02,4.241117928353716,3.2125730018728738,276.204206386363,275.0387125229463,277.70453125750646,2.665818734560162,0.75,0.0817883725948482,5
2025-05-30,2025-05-27,2025-06-02,4.298549166358402,8.32217087598933,2074.7202613397058,2072.47671382362,2077.8342847540043,5.3575709303840995,3.0,0.0711390624081185,5
2025-05-30,2025-05-27,2025-06-02,2.6935106812294083,9.831205965978072,2058.2492921901794,2055.2903469116427,2061.535125701688,6.24477879004553,1.5,0.0553220772641325,5
2025-05-30,2025-05-27,2025-06-02,26.91946308212627,8.00983886824043,2036.1113393407663,2024.6912629753351,2048.043636152521,23.352373177185655,3.75,0.1572389513736767,5
2025-05-30,2025-05-27,2025-06-02,2.461712262052498,7.354331664795458,2021.1138245142188,2019.3489207918756,2023.6491136010736,4.300192809198052,2.75,0.0625355055117372,5
2025-05-30,2025-05-27,2025-06-02,27.845189693428484,3.896467797772693,2011.858980303344,2008.1190418461335,2017.7711159330793,9.652074086945504,1.25,0.0726317426395828,5
2025-05-30,2025-05-27,2025-06-02,6.215679905818596,3.8305574003179585,2006.7358552795677,2005.9956358028576,2007.8178725093603,1.8222367065027356,1.0,0.0561256825053106,5
2025-05-30,2025-05-27,2025-06-02,2.4964672144493334,5.209652518625092,937.183970206938,934.9607414216734,939.1439722431824,4.183230821508914,2.75,0.0596937611290874,5
2025-05-30,2025-05-27,2025-06-02,8.938718635987577,4.061098523468209,2055.08824192084,2054.025812020991,2056.5478319684044,2.522019947413355,1.0,0.1151107904485362,5
2025-05-30,2025-05-27,2025-06-02,16.89584307815869,4.058847066383578,2050.6760158867837,2048.3098318804987,2053.7651328579523,5.455300977453589,1.0,0.1136179566912664,5
2025-05-30,2025-05-27,2025-06-02,13.366881086848432,5.848424578014426,2034.1009350135344,2029.5143262376075,2037.29821121227,7.7838849746622145,2.25,0.0842639762082974,5
2025-05-30,2025-05-27,2025-06-02,102.5202948488638,6.073601246609997,2060.3652087418136,2045.4989976761865,2077.8342847540043,32.335287077818066,3.5,0.1725635317395795,5
2025-05-30,2025-05-27,2025-06-02,2.6960003749951533,7.262719501176496,2052.3699367718145,2051.104901225306,2054.0181265161373,2.9132252908311784,0.75,0.028489800173086,5
2025-06-07,2025-06-02,2025-06-13,5.025229983086578,5.504478157761021,1982.7914428150757,1977.7179054380397,1987.2847214466892,9.566816008649766,2.0,0.077042604827947,6
2025-06-07,2025-06-02,2025-06-13,2.4966708202158245,5.60829786483026,1993.869831963784,1991.48090862995,1997.63381270878,6.1529040788300335,1.25,0.051237055321029,6
2025-06-07,2025-06-02,2025-06-13,25.198209798470756,5.892177118497731,1914.4958591883671,1904.8225370026191,1924.6985442670991,19.876007264479995,3.0,0.1314974842690436,6
2025-06-07,2025-06-02,2025-06-13,6.525663981888068,5.466772336420239,1946.2975446016592,1938.4999677152373,1953.5828295913525,15.082861876115205,2.25,0.0887164219576902,6
2025-06-07,2025-06-02,2025-06-13,2.1046837244402186,4.178765349579642,2138.475282906592,2136.282424169593,2140.7217231276445,4.43929895805195,2.25,0.0759170121081505,6
2025-06-07,2025-06-02,2025-06-13,4.182949232715877,13.416586335530852,2064.178923241187,2062.0474231103435,2066.5635124193504,4.516089309006929,1.25,0.0408910646060459,6
2025-06-07,2025-06-02,2025-06-13,2.5340135896393656,9.565018896564544,2057.4024255651993,2057.0615047891624,2058.058181453962,0.9966766647994518,0.75,0.0196553825020827,6
2025-06-07,2025-06-02,2025-06-13,40.1606486396472,10.470649036375764,2063.2175217594504,2050.091371258255,2071.2142546731047,21.12288341484964,3.5,0.2258403930536827,6
2025-06-07,2025-06-02,2025-06-13,3.0768472916458207,10.958690881199466,2046.8270609418585,2042.6941625955517,2050.8454049015418,8.151242305990309,1.5,0.0525692170121059,6
2025-06-07,2025-06-02,2025-06-13,2.0942607036988203,11.275216287066176,2034.3959537665955,2033.6368373888545,2035.2374068931676,1.600569504313171,0.75,0.0192076793210298,6
2025-06-07,2025-06-02,2025-06-13,3.172551323606835,11.260356079610002,2022.6679604408291,2021.4305234597996,2023.3890248420648,1.95850138226524,0.75,0.0401637214810544,6
2025-06-07,2025-06-02,2025-06-13,214.4921688138125,7.776556798097195,2027.891664475624,2011.7372090090064,2046.2542229709215,34.51701396191493,5.25,0.2226062622998468,6
2025-06-07,2025-06-02,2025-06-13,2.04282633011474,5.434625523523155,1999.2898928293007,1999.007639318239,2000.8423940711657,1.8347547529265285,1.25,0.0458120967014138,6
2025-06-07,2025-06-02,2025-06-13,3.174340846578593,3.612962745796197,317.92432771742045,317.6989399790764,318.6707119727507,0.971771993674338,0.5,0.0162418001862044,6
2025-06-07,2025-06-02,2025-06-13,2.231073966455325,4.557625576072968,304.0070556475767,303.3878056774847,304.82721047475934,1.4394047972746191,1.5,0.096621553411156,6
2025-06-07,2025-06-02,2025-06-13,145.02958905288378,5.694949143137806,2043.625728160037,2013.0558342435395,2073.7250136556104,60.66917941207066,6.0,0.2777471315936146,6
2025-06-07,2025-06-02,2025-06-13,2.9136415087537193,4.520650732359976,2212.704780629249,2210.3847273350693,2216.8555355784483,6.470808243378997,2.0,0.0653259393769681,6
2025-06-07,2025-06-02,2025-06-13,5.101273241230155,3.635980998701021,1351.6871636191006,1349.374230614863,1353.8510094825178,4.476778867654502,3.25,0.0914264375438574,6
2025-06-07,2025-06-02,2025-06-13,35.671432853257386,8.92752984716221,2022.569310900499,2019.3489207918756,2025.981199859176,6.63227906730026,2.75,0.1448367274044326,6
2025-06-07,2025-06-02,2025-06-13,106.66478497608163,13.954668237004608,2033.5416577413591,2018.3102609645575,2044.4790159915576,26.16875502699986,4.25,0.1627873447409021,6
2025-06-07,2025-06-02,2025-06-13,12.376125614772434,7.394757594904437,2027.140677392596,2025.735891706776,2030.0173073597252,4.281415652949363,1.5,0.0379895328882885,6
2025-06-07,2025-06-02,2025-06-13,18.2146163938008,13.413409319251633,2065.1699192141855,2059.0180912399665,2071.4699100200087,12.451818780042233,3.75,0.1523709258903408,6
2025-06-07,2025-06-02,2025-06-13,8.805747389513959,12.53773645312262,2018.8443532910285,2014.889274305664,2020.9040943174623,6.014820011798292,2.25,0.0710438179226965,6
2025-06-07,2025-06-02,2025-06-13,8.238819030162478,8.73689525403603,2017.309741694195,2014.889274305664,2019.5942289442755,4.704954638611525,1.5,0.0390742329131811,6
2025-06-07,2025-06-02,2025-06-13,4.559947877725769,10.766922922248478,2016.9820323138267,2014.3613994433545,2018.8166310782544,4.455231634899974,2.0,0.0739324351959115,6
2025-06-07,2025-06-02,2025-06-13,5.012122064617163,3.9561419270341025,2021.0489204540725,2020.3977086241357,2021.9368506935425,1.5391420694068074,0.75,0.0378368039548413,6
2025-06-07,2025-06-02,2025-06-13,3.664773783534588,3.9776306488784408,2023.9347756416705,2023.4038054486737,2025.1966159348376,1.792810486163944,0.75,0.0294210219123856,6
2025-06-07,2025-06-02,2025-06-13,2.3792541957236617,5.419242015384508,2207.5598173437284,2206.636183565948,2208.873280120082,2.237096554134041,1.5,0.0430412081333717,6
2025-06-07,2025-06-02,2025-06-13,12.142766422475882,3.993777708619602,2027.2832244657411,2024.6912629753351,2030.2749803299084,5.583717354573309,1.0,0.0598513919221811,6
2025-06-07,2025-06-02,2025-06-13,2.3736084899232153,8.908160156423692,1352.400896893034,1351.502985843923,1353.8510094825178,2.3480236385948956,2.25,0.0512278730157105,6
2025-06-07,2025-06-02,2025-06-13,14.827107484968575,14.191402456429737,1351.56209889838,1349.84735657461,1353.1415083212778,3.2941517466679215,5.75,0.1009575681139698,6
2025-06-07,2025-06-02,2025-06-13,3.980099628603684,6.9095179915620415,1988.8841254526037,1987.313364493195,1991.72621678235,4.412852289155126,2.0,0.0774079085159701,6
2025-06-14,2025-06-13,2025-06-16,3.360638896377978,19.123102804539897,1349.599021728095,1349.329274576623,1350.0476011191497,0.7183265425264835,1.25,0.1160503610673531,6
2025-06-14,2025-06-13,2025-06-16,2.4618929928337785,18.38335336969605,1349.4135235773897,1349.329274576623,1349.8110919236206,0.481817346997559,1.0,0.083365418911803,6
2025-06-14,2025-06-13,2025-06-16,2.0487848651365352,3.6818697610987696,1214.7905929594067,1214.3219529869966,1215.970049390569,1.6480964035727084,0.75,0.0381950344896831,6
2025-06-14,2025-06-13,2025-06-16,2.2209671479223703,5.379794956186553,1210.609750594258,1208.8686273833737,1213.4046648703516,4.536037486977875,1.75,0.05325792646476,6
2025-06-14,2025-06-13,2025-06-16,16.545897506811766,5.675560927562928,2028.6644566219736,2018.5713229258545,2038.0685540935956,19.49723116774112,6.75,0.2179185492196769,6
2025-06-14,2025-06-13,2025-06-16,7.805194187177035,5.771727194908052,1214.6231097093355,1212.3924806392752,1216.6838696817867,4.291389042511582,2.75,0.0873943600713885,6
2025-06-14,2025-06-13,2025-06-16,3.46395655746503,3.8136248115595137,2033.6543409682351,2031.821691713296,2036.0079711028377,4.186279389541596,1.0,0.1159147977811096,6
2025-06-14,2025-06-13,2025-06-16,5.62849639099641,7.1772471083958855,2066.184018103837,2062.8151039402,2069.3322396064177,6.517135666217655,4.25,0.0824329031692858,6
2025-06-14,2025-06-13,2025-06-16,12.050798740311109,3.952416821837114,1213.00026177376,1211.4906437033787,1214.805130509194,3.3144868058152497,1.25,0.0726993232370069,6
2025-06-14,2025-06-13,2025-06-16,2.5656718332473427,10.689717861931976,2066.729564182503,2066.3182042669505,2067.319645184558,1.0014409176073968,1.0,0.0291776286800467,6
2025-06-14,2025-06-13,2025-06-16,2.485000407519473,11.509293821123006,1945.0371805114669,1944.7683346131817,1945.594778236933,0.8264436237514019,1.25,0.1209787806782659,6
2025-06-14,2025-06-13,2025-06-16,3.4504180005340768,10.358860790091605,2067.003114164292,2066.0665933713317,2067.8228392363526,1.756245865020901,0.5,0.0801493822707565,6
2025-06-14,2025-06-13,2025-06-16,2.8480883631312217,11.649435229524608,2064.29999338903,2063.0676917233504,2065.55558664212,2.487894918769598,1.0,0.1215272114092223,6
2025-06-21,2025-06-16,2025-06-27,27.69757520608662,7.764503809003746,1212.7378138834697,1209.1069427244363,1216.6838696817867,7.576926957350224,4.25,0.207419606593291,6
2025-06-21,2025-06-16,2025-06-27,11.910109240784458,3.7711757063410705,1755.5463621667425,1750.012019190006,1760.0425245394,10.030505349393934,1.75,0.1394859436811246,6
2025-06-21,2025-06-16,2025-06-27,3.9367254676370855,3.3477619522456967,297.33166727916176,296.3789009251632,298.0919705508277,1.7130696256645024,0.5,0.0885505263587345,6
2025-06-21,2025-06-16,2025-06-27,3.150021609620042,3.375292566902472,279.3489057040253,278.4768861136399,279.9665406481363,1.489654534496367,0.5,0.0610320528862547,6
2025-06-21,2025-06-16,2025-06-27,2.624060692951961,6.486735763937498,2034.096489525843,2033.6368373888545,2035.2374068931676,1.600569504313171,0.75,0.1549913774458889,6
2025-06-21,2025-06-16,2025-06-27,9.21276138810817,3.708619003546616,1777.8000247029213,1774.1041335398331,1781.907047171611,7.80291363177821,1.75,0.1475636966259769,6
2025-06-21,2025-06-16,2025-06-27,2.6903853940407947,3.722241198334642,1761.8835750060307,1760.046315831598,1763.7219008659013,3.675585034303367,1.5,0.0556565661297689,6
2025-06-21,2025-06-16,2025-06-27,8.626820175096777,3.2336171074226208,1614.8678956660528,1598.1284585413523,1634.0375542989932,35.9090957576409,0.75,0.0801186186236383,6
2025-06-21,2025-06-16,2025-06-27,12.903496010757168,4.2163347535853095,1321.7167030438357,1318.9928779592738,1324.6344360290095,5.6415580697357655,2.75,0.2196660238022256,6
2025-06-21,2025-06-16,2025-06-27,6.286530971608475,4.42293911267232,937.5898095352892,932.8109051794744,941.589657357894,8.778752178419381,3.0,0.0833179721271554,6
2025-06-21,2025-06-16,2025-06-27,2.424018150027682,9.809360668643892,44.87165802620328,42.77772567421198,46.50154899107292,3.723823316860944,2.5,0.0530952658738484,6
2025-06-21,2025-06-16,2025-06-27,3.0432620911737045,3.516580859869669,1838.7391319552364,1835.7525325398892,1841.9503837418745,6.197851201985031,1.0,0.0535095625707029,6
2025-06-21,2025-06-16,2025-06-27,6.700837613611307,3.9791504341933215,1777.4144719342055,1774.3705139313824,1780.401657840703,6.031143909320235,1.25,0.0589512591584923,6
2025-06-21,2025-06-16,2025-06-27,17.410121684685027,3.8705573556357704,1757.0159191781077,1750.5046790009364,1762.9723399016077,12.467660900671037,1.25,0.1217225912735839,6
2025-06-21,2025-06-16,2025-06-27,96.99462550264968,6.936739858797079,2040.6285746087092,2018.826644989196,2067.8228392363526,48.99619424715638,6.0,0.2719341182237539,6
2025-06-21,2025-06-16,2025-06-27,2.7144659461670604,10.850129422120125,2065.3956835493123,2064.8073316095397,2066.060290628113,1.252959018573165,0.5,0.0222264846496082,6
2025-06-21,2025-06-16,2025-06-27,84.27684560942735,7.061409557919317,1765.7170377471168,1743.511433981359,1787.5469889328815,44.0355549515225,5.75,0.2396111460530221,6
2025-06-21,2025-06-16,2025-06-27,4.530619754930401,4.094909556549351,1212.764866099202,1210.7698366893455,1214.805130509194,4.035293819848448,1.5,0.0547333423538598,6
2025-06-21,2025-06-16,2025-06-27,15.255821197415935,7.490886645482165,1823.8493135137037,1819.929480853956,1827.7638588808477,7.8343780268915,3.25,0.1127451259333197,6
2025-06-21,2025-06-16,2025-06-27,7.379702290676263,6.543349571055741,1824.90453263001,1820.9064081092365,1828.6519200159237,7.74551190668717,2.75,0.0833069255799131,6
2025-06-21,2025-06-16,2025-06-27,3.818774500661957,3.2686847290785166,1539.803779949634,1532.3622286552563,1547.2863865303807,14.924157875124363,1.25,0.0539554526851005,6
2025-06-29,2025-06-27,2025-07-01,37.5693170830425,6.899877807450661,1791.2868358065605,1784.310344173573,1797.6664636028,13.356119429226965,3.75,0.1342871797482576,6
2025-06-29,2025-06-27,2025-07-01,34.03662094970939,8.850850970643213,1739.2751649211718,1735.494320976548,1742.2804499659687,6.786128989420831,5.25,0.1254008283181726,6
2025-06-29,2025-06-27,2025-07-01,29.21736309820689,3.4992654154499947,1786.1703078523956,1784.310344173573,1788.2988452389836,3.9885010654106736,1.5,0.1577457619898414,6
2025-06-29,2025-06-27,2025-07-01,17.04785066654781,3.8344537424118585,1757.1068766017231,1751.5024333642796,1763.7219008659013,12.219467501621692,1.25,0.0641034426308999,6
2025-06-29,2025-06-27,2025-07-01,32.098997044543616,7.206475821723685,1750.9147070468978,1745.5086822411977,1757.2832815288566,11.77459928765893,3.25,0.1635221192459544,6
2025-06-29,2025-06-27,2025-07-01,2.6454012756699954,4.124309711825189,1792.3799301335098,1792.0123842544854,1792.996222594753,0.983838340267539,0.5,0.0180710382263029,6
2025-06-29,2025-06-27,2025-07-01,4.231107515924655,6.38136686681877,1750.0470503746778,1748.2249616933989,1751.499138451647,3.274176758248359,1.25,0.0827025237267284,6
2025-06-29,2025-06-27,2025-07-01,2.0282286552358,19.61604674782613,1349.3742238394316,1349.1084169461392,1349.8110919236206,0.7026749774813652,1.25,0.1258068967629284,6
2025-06-29,2025-06-27,2025-07-01,7.027912553966636,3.298778028290773,1775.6321924411177,1772.8602902363054,1778.1452120300382,5.284921793732792,1.5,0.0802271028820952,6
2025-06-29,2025-06-27,2025-07-01,10.505150278783717,3.859018053686176,1783.0078296485344,1781.4112727344036,1785.0570131465793,3.6457404121756554,1.0,0.1090613180952176,6
2025-06-29,2025-06-27,2025-07-01,3.4448685168564093,3.1465970205849523,1782.9441072916468,1782.1790790907107,1783.7870882768184,1.6080091861076653,0.5,0.0215300257991534,6
2025-06-29,2025-06-27,2025-07-01,24.416080324225582,3.4942024965618574,1786.0355037741465,1784.310344173573,1788.048226469662,3.737882296089083,1.75,0.235062483488106,6
2025-06-29,2025-06-27,2025-07-01,10.866683839287782,4.1576483988758435,1790.0127911725665,1788.5050430265255,1791.5071121249348,3.0020690984092653,1.5,0.1513722185934015,6
2025-06-29,2025-06-27,2025-07-01,3.1523264636929538,3.21711389751465,938.4706907761142,932.3211448029616,943.0516869882122,10.73054218525067,1.75,0.0901667875528617,6
2025-06-29,2025-06-27,2025-07-01,3.7832745474062826,4.124725717989755,1794.3302912070217,1793.660981498193,1795.6654890072532,2.004507509060204,1.0,0.0859405438009698,6
2025-07-06,2025-07-01,2025-07-11,225.41112831099304,9.415980035656064,1767.1442350399957,1743.511433981359,1796.6480053937994,53.13657141244039,9.75,0.425330289443125,7
2025-07-06,2025-07-01,2025-07-11,2.463284625982343,3.6375330089558497,1772.984776124041,1770.8016264564358,1774.8660435457714,4.06441708933562,1.25,0.0398951536719922,7
2025-07-06,2025-07-01,2025-07-11,2.997959256185899,3.121915615139826,1766.577644715867,1765.4702579854056,1767.798588898033,2.32833091262728,0.75,0.0569313091695943,7
2025-07-06,2025-07-01,2025-07-11,4.867508063941378,3.207638961955892,1752.317464832076,1751.253830299247,1754.2532484037802,2.999418104533106,1.0,0.0844926931047072,7
2025-07-06,2025-07-01,2025-07-11,2.2799051299261364,4.128140512116064,2204.415185955725,2203.388996166177,2205.1283156252466,1.7393194590695202,0.75,0.1249341537340134,7
2025-07-06,2025-07-01,2025-07-11,2.5045947641546484,5.994299684456229,1734.8292023717518,1734.2567894784734,1735.2261965568175,0.9694070783443748,2.25,0.0601396951080008,7
2025-07-06,2025-07-01,2025-07-11,2.746270761396096,3.2960851481942575,317.7388095434547,316.9605572158471,318.9167595352046,1.956202319357544,0.5,0.1352322992283299,7
2025-07-06,2025-07-01,2025-07-11,15.351828736888509,3.0731566182792984,1754.9848963865131,1746.9844083958303,1765.2166726561263,18.23226426029578,1.5,0.1575269511632617,7
2025-07-06,2025-07-01,2025-07-11,4.684944769435243,5.942698894045133,1735.6978352519775,1735.228408101946,1736.481945944019,1.2535378420725465,1.0,0.0294176352062241,7
2025-07-06,2025-07-01,2025-07-11,2.658609893135971,8.604477888231854,1752.1999066044657,1751.7510364302434,1753.23683788348,1.4858014532364905,1.0,0.1110263460548915,7
2025-07-06,2025-07-01,2025-07-11,4.71045129785141,8.11693958706772,1754.5676001380275,1753.2622909802012,1756.0387195721269,2.776428591925651,1.0,0.1004702187213386,7
2025-07-06,2025-07-01,2025-07-11,4.501315672333969,3.644583680467802,318.2930553193424,317.6989399790764,319.163759812247,1.4648198331706226,0.5,0.1082081532618783,7
2025-07-06,2025-07-01,2025-07-11,3.5801809843365295,3.0788328557489004,1321.1384599246123,1319.2294546393678,1323.5219080019742,4.292453362606466,1.75,0.0737735944732554,7
2025-07-06,2025-07-01,2025-07-11,7.338140772974786,6.725873129044112,1757.6859681927017,1755.544245392084,1761.4506079889834,5.906362596899271,3.0,0.1397522012923518,7
2025-07-06,2025-07-01,2025-07-11,2.032790037675601,4.098320216800951,2201.4530184182695,2200.152468665503,2203.634304318577,3.4818356530740857,1.25,0.0444425405105723,7
2025-07-06,2025-07-01,2025-07-11,6.357944222356618,12.646991809083918,1762.60584078771,1758.2824665736407,1765.466119396966,7.183652823325247,2.5,0.0828684193256841,7
2025-07-06,2025-07-01,2025-07-11,3.740940738314013,8.792586696100614,1768.6873606607555,1768.0370671870187,1769.547804162372,1.5107369753532112,0.75,0.0783216941102181,7
2025-07-06,2025-07-01,2025-07-11,6.4554440939743145,7.664802416546578,1770.4147767859224,1769.0526343672536,1772.8554336978125,3.802799330558628,1.25,0.100391657373446,7
2025-07-12,2025-07-11,2025-07-14,3.0682456839359924,6.205615212045041,1780.9354571035926,1780.4068399248645,1781.907047171611,1.500207246746868,0.75,0.0236468816420113,7
2025-07-12,2025-07-11,2025-07-14,4.340122213543044,6.363940683106879,1782.6937012342898,1781.6617390192114,1784.2883251751773,2.6265861559659243,1.5,0.0466618583793982,7
2025-07-12,2025-07-11,2025-07-14,2.86250696305891,6.075667686460522,1793.6919093458464,1793.0015504616313,1794.407817909494,1.406267447862774,1.0,0.0607433658859213,7
2025-07-12,2025-07-11,2025-07-14,17.661861326224606,3.9630934610287434,1759.0713776646885,1753.7593904943203,1764.7138137100264,10.9544232157059,2.0,0.097564267653609,7
2025-07-12,2025-07-11,2025-07-14,2.8543516935323736,3.2399402425106016,1728.1901855540011,1727.678665061947,1728.682948521804,1.0042834598571062,1.0,0.1044248753233271,7
2025-07-12,2025-07-11,2025-07-14,10.780971331028091,4.234499067804927,1759.1747071972795,1756.2905154176988,1762.9723399016077,6.681824483908713,0.75,0.0605434533549216,7
2025-07-12,2025-07-11,2025-07-14,7.086371633129881,3.6205876835110606,1321.0307871725308,1318.9928779592738,1322.8119876161218,3.8191096568480134,1.25,0.1526591011379892,7
2025-07-12,2025-07-11,2025-07-14,2.966873316497472,6.55201993058814,1793.0034652316438,1792.750914442353,1793.4974946323782,0.74658019002527,1.25,0.0305330842567296,7
2025-07-12,2025-07-11,2025-07-14,2.6527541422300316,7.733039739627452,1758.7493398250108,1757.78416257957,1760.291623983998,2.507461404427886,1.75,0.0452138834003406,7
2025-07-18,2025-07-14,2025-07-22,3.106151926185595,6.173365830861747,1797.0309761767237,1796.4026972413994,1798.4212797619402,2.0185825205408037,1.25,0.0767138402816293,7
2025-07-18,2025-07-14,2025-07-22,3.6486610855064256,11.892658356532143,2061.0965477840305,2053.2668310487643,2068.8180458792485,15.55121483048424,0.75,0.0720048017360023,7
2025-07-18,2025-07-14,2025-07-22,5.759799358052591,6.9556261755557,1794.0757991983426,1791.2618039725348,1796.6480053937994,5.386201421264559,4.0,0.1001505999265763,7
2025-07-18,2025-07-14,2025-07-22,6.487158758457343,9.208355216853889,1784.20480764378,1780.657330160495,1787.0475311349146,6.390200974419713,1.75,0.2114788727548361,7
2025-07-18,2025-07-14,2025-07-22,4.026690883334932,7.18655916233537,1782.2726154479308,1780.4068399248645,1784.037706726231,3.63086680136621,1.5,0.0682470602564301,7
2025-07-18,2025-07-14,2025-07-22,4.539167333519663,7.425535250870896,1778.8729656366274,1777.8999038776385,1779.9237787430177,2.0238748653791845,1.25,0.0338077494785899,7
2025-07-18,2025-07-14,2025-07-22,5.133431852141989,7.30017268804988,1776.3707802190945,1775.606144592166,1778.3956879512407,2.7895433590747416,1.25,0.031328654980754,7
2025-07-18,2025-07-14,2025-07-22,3.721283582791823,7.342854312992581,1774.7686869825204,1774.3705139313824,1775.366486471612,0.995972540229559,1.0,0.0255493204206275,7
2025-07-18,2025-07-14,2025-07-22,5.385703689718201,7.713715932925982,1773.4380510301785,1772.8602902363054,1774.349441692233,1.4891514559276402,1.25,0.0295986092325043,7
2025-07-18,2025-07-14,2025-07-22,8.324020070924412,7.401960817539608,1769.8158894477956,1768.536873118952,1771.2967959539965,2.759922835044563,0.75,0.0915893869094984,7
2025-07-18,2025-07-14,2025-07-22,2.7206368567217956,8.477904628032297,1781.7123306650062,1781.1608064491302,1782.6748128631152,1.5140064139850438,1.5,0.139225066783842,7
2025-07-18,2025-07-14,2025-07-22,3.195363755239269,11.452454356862004,1945.2466355909385,1944.7683346131817,1945.885345972143,1.117011358961463,1.5,0.1889181386667405,7
2025-07-18,2025-07-14,2025-07-22,3.38500167553358,11.188973788999949,2060.9141428308417,2053.7728183637373,2069.0806425805204,15.307824216783048,0.75,0.071856671265967,7
2025-07-18,2025-07-14,2025-07-22,9.370730577870988,12.79720508304048,2057.983735902677,2044.4757801862431,2068.8180458792485,24.342265693005174,1.75,0.1116438926413268,7
2025-07-18,2025-07-14,2025-07-22,2.079364979414714,12.652617097419142,2038.9641086197223,2034.9920987407677,2043.713948150631,8.721849409863353,0.75,0.0543241010424574,7
2025-07-18,2025-07-14,2025-07-22,3.054485429762307,12.692781836428797,2027.770160398833,2021.1695043789225,2033.8821455412544,12.712641162332147,0.75,0.064615063722303,7
2025-07-18,2025-07-14,2025-07-22,2.96467756322534,11.955897593890011,2025.7875011010144,2018.5713229258545,2033.3679673410952,14.796644415240737,0.75,0.0675941808024753,7
2025-07-18,2025-07-14,2025-07-22,3.5630709860147856,13.576010285594132,2022.9054384417232,2017.525807780679,2029.7596343900077,12.23382660932839,1.0,0.0709122024428798,7
2025-07-18,2025-07-14,2025-07-22,95.76091873757493,8.87185484387088,1760.680626156582,1751.9996394948105,1771.5466572991572,19.54701780434698,5.25,0.1626049122194698,7
2025-07-18,2025-07-14,2025-07-22,20.19272503653308,9.733705651349696,1785.2067160106008,1780.657330160495,1791.5071121249348,10.8497819644399,4.75,0.2025526338583355,7
2025-07-18,2025-07-14,2025-07-22,4.238728749603417,11.32322697742873,1775.5611932785432,1773.3536524376832,1779.1725323754365,5.818879937753081,3.5,0.0783342686047627,7
2025-07-18,2025-07-14,2025-07-22,16.46190276888926,8.052084181636099,1774.5031483753696,1773.3536524376832,1776.1016136212274,2.7479611835442483,1.0,0.0432837606291568,7
2025-07-18,2025-07-14,2025-07-22,7.867815593743163,11.8536804529203,1766.0800934540675,1764.9713645037264,1767.548727256246,2.577362752519548,1.0,0.0533035894257629,7
2025-07-18,2025-07-14,2025-07-22,2.5465629414457664,3.2728431851125284,1728.3328270472955,1728.1906952876598,1728.682948521804,0.4922532341443002,0.75,0.0983054390672232,7
2025-07-25,2025-07-22,2025-07-28,96.429391793342,11.236814761208832,2044.290933281445,2014.3613994433545,2073.976222705096,59.61482326174155,6.25,0.2994598329967257,7
2025-07-25,2025-07-22,2025-07-28,7.994178667880392,6.664078631826047,1809.469385125385,1807.320880762767,1812.5357496337965,5.214868871029466,4.25,0.1158099031022,7
2025-07-25,2025-07-22,2025-07-28,8.025392535770298,6.496622654041265,1798.9498796001014,1795.9013433079235,1802.932754308451,7.0314110005274415,4.0,0.0930683814120166,7
2025-07-25,2025-07-22,2025-07-28,2.1059569964052502,15.478146918821263,1448.0440752357415,1447.717187908478,1448.529646015726,0.8124581072479486,0.75,0.1488480935146663,7
2025-07-25,2025-07-22,2025-07-28,2.517278544828564,3.531474550097672,2002.475683648584,1995.2540050558744,2008.083179455716,12.829174399841577,1.25,0.0622743508058542,7
2025-08-01,2025-07-28,2025-08-05,3.823882490992344,8.73936850535289,1808.4974277757112,1807.320880762767,1811.7864364087584,4.465555645991117,2.5,0.0598856025891701,8
2025-08-01,2025-07-28,2025-08-05,169.82473670576843,7.322158602974776,2048.1895202184055,2011.9973481362688,2074.2274317536503,62.23008361738175,5.75,0.2957949526972142,8
2025-08-01,2025-07-28,2025-08-05,5.792307839716786,4.198700083587529,1314.4528346150123,1313.3150970544666,1316.1607823981903,2.845685343723744,2.0,0.0648685494486644,8
2025-08-01,2025-07-28,2025-08-05,4.1765020438545,9.523734007328876,1779.232657286128,1776.359861723613,1780.9026383128949,4.542776589281857,1.5,0.0793683087692215,8
2025-08-01,2025-07-28,2025-08-05,2.40479230756445,10.361921195218017,1787.3872048510707,1785.5465971720405,1789.2517973822542,3.705200210213661,1.0,0.039727602187563,8
2025-08-01,2025-07-28,2025-08-05,33.93048966544134,10.062189282067088,1798.703095738519,1791.7616755184715,1807.566188915167,15.804513396695256,4.5,0.1382463909491422,8
2025-08-01,2025-07-28,2025-08-05,3.010885891930691,8.477419856822113,1794.6334515170058,1793.9117456274107,1795.6654890072532,1.75374337984249,0.75,0.1230769301328007,8
2025-08-01,2025-07-28,2025-08-05,2.0375706029495717,10.23837099059223,1794.2770715478734,1793.660981498193,1795.1641856990757,1.5032042008824646,0.75,0.0259748153628417,8
2025-08-01,2025-07-28,2025-08-05,3.396843926590688,8.536578781603065,1794.1748207989388,1793.2521864799785,1795.1641856990757,1.911999219097197,0.75,0.0519182822183539,8
2025-08-01,2025-07-28,2025-08-05,2.0471327147301217,8.627129119047925,1792.4399484499438,1792.0123842544854,1792.996222594753,0.983838340267539,0.75,0.0220684316605493,8
2025-08-01,2025-07-28,2025-08-05,2.1692207423684375,8.227652612169845,1791.01795655141,1790.5096363509074,1791.7562749357894,1.246638584882021,1.25,0.0245163604198716,8
2025-08-01,2025-07-28,2025-08-05,2.5655142227594254,8.167838718552886,1786.8303570867,1786.3010343699716,1787.5469889328815,1.2459545629099011,1.0,0.0242953380906177,8
2025-08-01,2025-07-28,2025-08-05,3.191289186827906,4.358765637602155,1322.2878094164628,1321.620119024068,1323.2852678736672,1.6651488495990634,0.75,0.0568519728819217,8
2025-08-01,2025-07-28,2025-08-05,5.826131786348226,4.326380856081245,1320.872329516722,1320.2007782510482,1321.6301683383062,1.4293900872580707,0.75,0.1418496123608698,8
2025-08-01,2025-07-28,2025-08-05,2.74754943014048,4.3203307471161745,1319.4933406550565,1318.756301278714,1320.2094462756068,1.4531449968926609,1.0,0.0596269810590776,8
2025-08-01,2025-07-28,2025-08-05,80.31165035222013,5.84950408647425,1800.7311682371185,1789.7435462032445,1813.0824203104712,23.33887410722673,3.75,0.2372505040248708,8
2025-08-09,2025-08-05,2025-08-13,2.8293056698453003,13.93734377682023,1806.1288051375632,1804.8183111129329,1807.290324093774,2.4720129808411,3.0,0.1345933686904163,8
2025-08-09,2025-08-05,2025-08-13,19.87577985102295,8.546361060678608,1806.4233382779903,1798.9342649849132,1812.832901796326,13.89863681141287,3.0,0.141646943676124,8
2025-08-09,2025-08-05,2025-08-13,17.961747230873495,10.12353171113421,1779.4930929171574,1773.8539731721394,1786.2931417608634,12.439168588723987,3.5,0.0960022961086024,8
2025-08-09,2025-08-05,2025-08-13,4.8033842675958764,12.022840448175286,1770.010760051974,1768.286970153451,1771.7965186452493,3.5095484917983413,2.75,0.070239035650343,8
2025-08-09,2025-08-05,2025-08-13,4.270138496053011,12.645560856350455,1765.1279546102485,1763.72605330823,1767.798588898033,4.07253558980301,1.25,0.0714689089458271,8
2025-08-09,2025-08-05,2025-08-13,4.975491976703381,6.875821813525841,2039.935857972417,2037.05290305987,2042.6845121784136,5.631609118543565,3.0,0.0772592078072287,8
2025-08-09,2025-08-05,2025-08-13,59.85387905607462,6.711105807482957,2058.1206101150487,2044.7307433071544,2073.224462014623,28.49371870746836,4.5,0.2282799034813376,8
2025-08-09,2025-08-05,2025-08-13,18.10877855941007,3.5294309164294435,2034.9835557055949,2029.7719992073253,2043.968970764894,14.19697155756876,1.5,0.1522256904783517,8
2025-08-09,2025-08-05,2025-08-13,4.144676254778435,3.4442788131603153,1826.104720929029,1825.2706934758464,1827.269625522662,1.998932046815753,0.75,0.2677016310891056,8
2025-08-09,2025-08-05,2025-08-13,2.4898274586883233,3.4340487911332205,1824.4987011302976,1824.0567587716505,1825.268819292076,1.2120605204254389,0.75,0.1649328605618054,8
2025-08-09,2025-08-05,2025-08-13,4.263923307376769,3.3569012892357537,1807.107119027345,1799.3952362276614,1812.285978558939,12.89074233127758,1.5,0.0858113116265145,8
2025-08-09,2025-08-05,2025-08-13,3.970385425768646,19.41996992177623,1583.8659825452564,1583.5507943313569,1584.305577528197,0.7547831968404353,2.5,0.0741650414127269,8
2025-08-09,2025-08-05,2025-08-13,29.580188880730766,13.214868326164757,1781.5314141926972,1774.3705139313824,1787.5469889328815,13.176475001499057,5.75,0.1724124769684873,8
2025-08-09,2025-08-05,2025-08-13,3.6153987718899057,9.94348598886872,1781.1955335510804,1780.1563496883027,1782.6748128631152,2.5184631748124957,1.25,0.0886128432142562,8
2025-08-09,2025-08-05,2025-08-13,5.599381747620669,6.467214198330036,1792.258376214238,1786.8022229825146,1797.6664636028,10.864240620285273,2.75,0.0789084478065247,8
2025-08-09,2025-08-05,2025-08-13,2.2660930544052564,13.55083233692265,1790.8778540992878,1789.7435462032445,1792.7455865754746,3.002040372230113,4.0,0.0601057512834833,8
2025-08-09,2025-08-05,2025-08-13,25.754668528531887,9.199340830390163,1805.1816314701105,1797.9253340060825,1808.3169682128355,10.391634206753224,4.0,0.1112480153857542,8
2025-08-09,2025-08-05,2025-08-13,13.70737751081898,14.190021304239268,1808.861423332179,1806.54437492555,1812.285978558939,5.741603633388877,4.25,0.1115035627443607,8
2025-08-09,2025-08-05,2025-08-13,12.034393696292325,7.142102769909102,1824.7740701188209,1821.6508945920505,1828.405251476448,6.754356884397566,3.75,0.108815355133325,8
2025-08-09,2025-08-05,2025-08-13,11.1387426003988,8.07790264099191,2017.5625632399565,2012.2613420905543,2025.4566607405432,13.19531864998862,5.0,0.0848183798241625,8
2025-08-09,2025-08-05,2025-08-13,62.431343220170056,8.436818639328513,2027.9495643512464,2017.525807780679,2040.1082011419348,22.582393361255527,6.75,0.1979722718699629,8
2025-08-09,2025-08-05,2025-08-13,2.2085127916979865,3.2678210244974335,1749.2752151134357,1744.482675485313,1754.0046986467205,9.52202316140756,0.75,0.0540139094632271,8
2025-08-09,2025-08-05,2025-08-13,3.1531218140500727,16.165567440292374,1773.5945133218763,1771.5512104928491,1775.366486471612,3.815275978762657,2.0,0.0441319980152152,8
2025-08-09,2025-08-05,2025-08-13,4.087150082518768,14.560939405544502,1768.164911739282,1764.2190483636225,1770.792877099011,6.573828735388815,3.0,0.0765088394667907,8
2025-08-09,2025-08-05,2025-08-13,2.308119737690722,4.235157109170016,2013.236885269095,2011.9973481362688,2014.6067075957544,2.6093594594858587,1.25,0.04460178698,8
2025-08-09,2025-08-05,2025-08-13,4.396450730075656,3.696990087129589,2032.9462112660292,2032.3496851893144,2033.8821455412544,1.5324603519402444,0.75,0.0794613234750876,8
2025-08-09,2025-08-05,2025-08-13,7.613012360015299,3.568783776286675,2037.7750850570824,2036.0092761483977,2040.1082011419348,4.098924993537366,1.0,0.0973893140321296,8
2025-08-09,2025-08-05,2025-08-13,2.988639999476225,12.052134312829129,1381.4834186657445,1381.29091179464,1382.0501046562567,0.7591928616166115,0.75,0.3372133492020913,8
2025-08-09,2025-08-05,2025-08-13,38.95192687785662,7.364100713878167,1760.4491085758182,1741.2918322761543,1780.401657840703,39.10982556454837,3.25,0.1796391705767612,8
2025-08-09,2025-08-05,2025-08-13,2.610659937875618,14.230623552175656,1749.5411067363416,1747.4801848493516,1751.7477415166795,4.267556667327881,2.25,0.0617137549825012,8
2025-08-09,2025-08-05,2025-08-13,3.1401112829171605,14.5199783568147,1756.7436282825563,1753.7593904943203,1758.527774726041,4.76838423172012,2.25,0.0586991551643803,8
2025-08-09,2025-08-05,2025-08-13,2.8339766437021856,3.7988699859106783,2006.8476001411325,2001.6903687175363,2010.9225836535916,9.232214936055245,1.25,0.0546437381141013,8
2025-08-17,2025-08-13,2025-08-21,12.46321712281084,7.6998464614325,2018.8232704444983,2012.2613420905543,2027.2768504996784,15.015508409123868,4.5,0.1222236263951612,8
2025-08-17,2025-08-13,2025-08-21,13.257952983007842,15.675332094628851,1771.571173418819,1769.5523576522246,1774.8660435457714,5.31368589354679,2.75,0.0769963204529695,8
2025-08-17,2025-08-13,2025-08-21,9.347838850378292,16.052336111014508,1767.004205247053,1763.9695911686867,1769.547804162372,5.578212993685156,2.5,0.0792262316023739,8
2025-08-17,2025-08-13,2025-08-21,2.090032695038131,19.275090024629613,1583.2382056001095,1582.7826085281558,1583.7961024837568,1.0134939556010067,1.25,0.0636243105242384,8
2025-08-17,2025-08-13,2025-08-21,19.324656266641338,13.657193887903794,1767.4618027558984,1764.2190483636225,1770.2929299720563,6.0738816084340215,2.0,0.0621173377713587,8
2025-08-17,2025-08-13,2025-08-21,193.63455804660603,12.912955758810009,1749.2323521228584,1734.4858490102924,1764.7138137100264,30.227964699734,5.0,0.2007764280179031,8
2025-08-17,2025-08-13,2025-08-21,2.820909446386069,14.255385419436276,1741.8370266233603,1740.7997847078368,1743.756742133759,2.9569574259221554,0.75,0.0277808399356132,8
2025-08-17,2025-08-13,2025-08-21,2.561033056085459,14.310414734007884,1753.4579207958695,1752.742915308103,1754.0046986467205,1.2617833386175334,1.25,0.0249808161906039,8
2025-08-17,2025-08-13,2025-08-21,61.78529764621727,12.127480742176964,1769.8706706373978,1759.5481169428676,1781.40611460153,21.857997658662494,3.75,0.1651102779069252,8
2025-08-17,2025-08-13,2025-08-21,3.0238151034110836,7.334144801787776,1826.316649441762,1823.8096555648372,1827.7638588808477,3.9542033160105343,3.25,0.061996242464594,8
2025-08-17,2025-08-13,2025-08-21,47.603265602785775,11.815300097812106,1806.6048639640496,1799.64572996879,1812.5357496337965,12.890019665006548,8.0,0.1868496928001907,8
2025-08-17,2025-08-13,2025-08-21,8.49605897109517,13.101937266975474,1758.685434306747,1758.0333145349286,1759.544325650204,1.5110111152753234,1.0,0.0312785324606394,8
2025-08-17,2025-08-13,2025-08-21,2.6218467868765516,12.465097215585088,1756.835749450535,1756.5396680701524,1757.2832815288566,0.7436134587042034,0.75,0.0191043729031317,8
2025-08-17,2025-08-13,2025-08-21,2.031023328362017,3.134972549596275,1772.4998964595632,1770.8016264564358,1774.349441692233,3.547815235797316,0.75,0.0461603407481465,8
2025-08-17,2025-08-13,2025-08-21,10.29340481983289,14.082997352668375,1764.244066111787,1763.4765927135013,1765.2166726561263,1.740079942625016,1.5,0.0415804795463299,8
2025-08-23,2025-08-21,2025-08-25,2.0539302036331244,3.2210060902147197,1728.319099963472,1727.678665061947,1728.682948521804,1.0042834598571062,0.75,0.1197042094411276,8
2025-08-23,2025-08-21,2025-08-25,2.7976977757356036,18.684055735596235,1422.9246438861844,1422.848373115994,1423.3765426003374,0.5281694843433797,1.0,0.0966302897605634,8
2025-08-23,2025-08-21,2025-08-25,90.8789805442227,11.327397571549453,1792.0855673095832,1778.9272242230363,1805.7859601671807,26.858735944144428,5.25,0.2307527509410407,8
2025-08-23,2025-08-21,2025-08-25,2.634894114232324,16.736186082322583,1782.1997758440386,1781.6617390192114,1783.536469827406,1.8747308081947267,0.75,0.0249606348579353,8
2025-08-23,2025-08-21,2025-08-25,2.58805129599079,17.07351314500524,1782.3298268655465,1781.9286534702403,1782.9252384821884,0.9965850119479,1.0,0.0237593612267872,8
2025-08-23,2025-08-21,2025-08-25,4.135731093001171,3.772797143332504,2201.2236998129824,2200.4013938540593,2203.1439648629166,2.7425710088573396,1.75,0.0586380372722919,8
2025-08-23,2025-08-21,2025-08-25,2.252696653548619,3.7326588265656695,1966.9458808321024,1966.8108913968315,1967.3377080578357,0.5268166610039771,0.75,0.1072291265110517,8
2025-08-23,2025-08-21,2025-08-25,4.191484055281213,3.829583170321891,2195.3143687189167,2193.888858824037,2197.133876423817,3.2450175997801125,1.75,0.0552301335835284,8
2025-08-23,2025-08-21,2025-08-25,2.371306211585903,11.58783989632388,1945.0445600149712,1944.7683346131817,1945.594778236933,0.8264436237514019,1.0,0.124027912836492,8
2025-08-30,2025-08-25,2025-09-05,5.801425023835922,15.48381886884672,1782.706977255531,1776.1064663464203,1787.7976077017374,11.691141355317086,0.75,0.0676459847956976,8
2025-08-30,2025-08-25,2025-09-05,23.839648297760867,8.105469853242568,1794.914074805652,1785.0623854035512,1807.0400035851635,21.977618181612343,6.0,0.1646662958989672,8
2025-08-30,2025-08-25,2025-09-05,11.400554288040732,15.758248818518087,1793.4966303768,1787.5522995493377,1799.430092384573,11.877792835235596,2.25,0.1001317162525016,8
2025-08-30,2025-08-25,2025-09-05,11.063815984964949,16.18038030141887,1776.682494397152,1764.9713645037264,1787.7976077017374,22.82624319801107,0.75,0.0890086400515497,8
2025-08-30,2025-08-25,2025-09-05,3.5450088854265385,12.728206920748418,1384.3391470126066,1383.3172756666318,1387.1675080945715,3.8502324279397726,2.25,0.0777194708613208,8
2025-08-30,2025-08-25,2025-09-05,2.3568822762059,20.93584323672225,1386.9182709778695,1386.663146095816,1387.1675080945715,0.5043619987554848,1.0,0.0646512811908923,8
2025-08-30,2025-08-25,2025-09-05,2.3154569045290048,15.14557563071616,1455.4025248824553,1454.922645344399,1456.8752319440246,1.952586599625647,1.0,0.0974257435125455,8
2025-08-30,2025-08-25,2025-09-05,4.166867443514915,19.53160466630157,1583.7988161293365,1583.2960568103008,1584.5580222476274,1.2619654373265805,2.25,0.1264478450685712,8
2025-08-30,2025-08-25,2025-09-05,2.028182659957225,17.573715763288067,1660.189766433287,1660.024045318365,1660.761372658424,0.7373273400589824,1.0,0.0913361278164689,8
2025-08-30,2025-08-25,2025-09-05,3.2766484513481378,14.304911274941931,1368.655377623404,1368.0949455657974,1369.3286758377217,1.233730271924287,0.75,0.1329022161462228,8
2025-08-30,2025-08-25,2025-09-05,2.181578140545585,16.361940465287304,1758.584857817509,1756.788820724003,1761.2010987987742,4.412278074771166,0.5,0.039362766387709,8
2025-08-30,2025-08-25,2025-09-05,3.824550771726519,16.367714227717634,1752.3999803338284,1747.9767027464695,1756.7849762225524,8.808273476082832,0.5,0.0538299563052453,8
2025-08-30,2025-08-25,2025-09-05,2.0360153492633555,16.450972648226724,1742.0878653025486,1740.3042672220618,1744.5014864909465,4.19721926888451,0.75,0.0375480255700999,8
2025-08-30,2025-08-25,2025-09-05,58.53066590818223,8.080318995356146,1755.6458852156911,1740.552025964018,1776.605169876013,36.053143911994994,5.5,0.2265720093135935,8
2025-08-30,2025-08-25,2025-09-05,2.024921717360334,10.77654728268772,1802.6699514899624,1801.4250050741248,1804.0364854638465,2.6114803897216916,2.25,0.0530044882582908,8
2025-08-30,2025-08-25,2025-09-05,3.00124086599463,3.240570794881342,1780.7887901284912,1774.3705139313824,1788.2988452389836,13.928331307601184,0.75,0.0629404407898334,8
2025-08-30,2025-08-25,2025-09-05,7.841811335085777,5.737892089954368,1804.967504457473,1800.4373270911165,1811.5125078512356,11.07518076011911,2.75,0.0979425040630561,8
2025-08-30,2025-08-25,2025-09-05,4.736116847277368,13.720063788257674,1737.061724723224,1734.733368707355,1739.3080326700583,4.574663962703198,2.25,0.0545434382432273,8
2025-08-30,2025-08-25,2025-09-05,4.086894287442853,13.12956105946572,1798.9987167660663,1796.6688640424982,1801.183673735708,4.514809693209827,1.75,0.0635127411281665,8
2025-09-08,2025-09-05,2025-09-11,25.081317336173232,7.596036097663403,1751.9477270814857,1741.5396021222696,1761.9496263707988,20.410024248529226,4.75,0.1641186766615541,9
2025-09-08,2025-09-05,2025-09-11,4.193481047622863,7.0356318209546,1780.9214981349942,1777.8999038776385,1784.2883251751773,6.3884212975390255,3.25,0.0721591463457834,9
2025-09-08,2025-09-05,2025-09-11,2.6902301139803253,11.470562291201007,1945.3577493567625,1944.7683346131817,1945.885345972143,1.117011358961463,1.25,0.1369854177119183,9
2025-09-08,2025-09-05,2025-09-11,5.820491661308247,15.338879805808215,1798.7275406161143,1796.1520202751271,1801.183673735708,5.031653460580856,4.5,0.085036254874404,9
2025-09-08,2025-09-05,2025-09-11,7.362706483299459,12.95362503014207,1739.3060060661844,1734.2567894784734,1751.247215225827,16.990425747353584,3.0,0.0938183476610592,9
2025-09-08,2025-09-05,2025-09-11,4.0141695579849435,12.604480920404486,1758.1293083490018,1751.001907073427,1764.7138137100264,13.711906636599451,1.75,0.0743292189848117,9
2025-09-08,2025-09-05,2025-09-11,8.623759771914472,12.369648663299294,1780.2487532667762,1767.303419103846,1792.996222594753,25.69280349090695,1.75,0.1077678704947573,9
2025-09-13,2025-09-11,2025-09-15,4.892111551721523,7.564065787619029,1806.9800917209957,1805.2903458504009,1808.5169627540745,3.2266169036738575,2.75,0.0640357158184229,9
2025-09-13,2025-09-11,2025-09-15,2.1740980817085296,14.340939536355789,1368.638080445925,1368.0949455657974,1369.3286758377217,1.233730271924287,0.5,0.2369810589254916,9
2025-09-19,2025-09-15,2025-09-23,3.0986963981637805,20.93729868600033,1350.2460731478295,1349.84735657461,1350.7767541999929,0.9293976253829896,1.5,0.1175549358933662,9
2025-09-19,2025-09-15,2025-09-23,3.0933407692535466,11.83259138699638,1393.362108280095,1392.4767755190842,1394.8883104864508,2.411534967366606,2.0,0.095036706521132,9
2025-09-19,2025-09-15,2025-09-23,13.700254497997744,6.4362891492228504,1798.626017300826,1793.2521864799785,1804.2868059705943,11.034619490616024,2.75,0.107657105281476,9
2025-09-19,2025-09-15,2025-09-23,4.4324876015498935,14.773317134325668,834.5282655235853,833.6344460146502,835.8023067824543,2.167860767804086,3.25,0.0877471916154041,9
2025-09-19,2025-09-15,2025-09-23,35.217089099739134,6.56704625778796,1743.16309889072,1734.0093505382538,1753.23683788348,19.22748734522611,3.0,0.1370405115438296,9
2025-09-19,2025-09-15,2025-09-23,7.020194362240639,10.122410598661116,1751.8959452013369,1751.5024333642796,1752.739609036129,1.2371756718493998,2.0,0.0437260063333622,9
2025-09-19,2025-09-15,2025-09-23,2.7404353097397673,19.817855141333347,1583.8240074813218,1583.2960568103008,1584.5580222476274,1.2619654373265805,1.75,0.0973094221272562,9
2025-09-19,2025-09-15,2025-09-23,2.079820639307797,9.548319553217588,1758.1934211825076,1758.0333145349286,1758.527774726041,0.4944601911120116,0.75,0.0182994334495964,9
2025-09-26,2025-09-23,2025-09-30,2.0711851177458995,6.977646271677473,1761.4681849135643,1758.2824665736407,1764.2148993210867,5.932432747446001,1.25,0.0423607269328164,9
2025-09-26,2025-09-23,2025-09-30,14.512630160798636,7.607384549458051,1765.1806187656662,1756.5396680701524,1774.6158220837824,18.076154013630003,1.5,0.0811967718695399,9
2025-09-26,2025-09-23,2025-09-30,4.1809863382074095,7.30689602281344,1754.162631885173,1751.5024333642796,1757.5311668217182,6.028733457438648,0.75,0.0357587042394276,9
2025-09-26,2025-09-23,2025-09-30,7.328150598468296,7.291867754140305,1746.7801893175022,1741.0475434507243,1751.499138451647,10.45159500092268,0.75,0.0539329319115863,9
2025-09-26,2025-09-23,2025-09-30,8.905192125490922,6.84529914187936,1742.9939184897694,1734.9808884044178,1750.257327342406,15.276438937988132,1.0,0.0631300670918656,9
2025-09-26,2025-09-23,2025-09-30,3.323017211585159,7.984632424468751,1777.4103653871496,1775.8563054688277,1779.4229478319176,3.566642363090068,0.75,0.0368467525890303,9
2025-09-26,2025-09-23,2025-09-30,23.14191316841847,5.801679480179877,1743.397928823567,1734.733368707355,1751.9963445826434,17.262975875288248,2.5,0.1090134034224009,9
2025-09-26,2025-09-23,2025-09-30,2.991737076227313,6.106428699238629,1798.522259880708,1795.6506663411856,1802.4216132699512,6.770946928765625,2.25,0.0659592552568526,9
2025-09-26,2025-09-23,2025-09-30,2.6835579775431992,7.004897492933544,1775.1584199501788,1770.2975953831335,1779.6733632870018,9.375767903868107,1.0,0.0492915141725228,9
2025-09-26,2025-09-23,2025-09-30,2.747136699174068,11.14230965510113,1816.6214930036392,1816.3376511605456,1817.081750979647,0.7440998191013932,1.0,0.2578144230008045,9
2025-09-26,2025-09-23,2025-09-30,94.87380019514634,9.178259467915698,1755.2468261670815,1734.733368707355,1778.6461638705805,43.91279516322538,4.75,0.2754693935004253,9
2025-09-26,2025-09-23,2025-09-30,2.1354154391565805,15.898927789758392,1652.886867315704,1652.4331071525812,1653.420880031772,0.987772879190743,1.5,0.159589563049203,9
2025-09-26,2025-09-23,2025-09-30,2.0467291828194236,19.864664150337347,1582.5278806397691,1582.5278806397691,1582.773188792169,0.2453081523999571,1.25,0.1501309112807849,9
2025-09-26,2025-09-23,2025-09-30,2.5703394341171326,18.991263184466696,1511.4898868903724,1511.4098153766245,1511.926072312519,0.5162569358944893,1.25,0.1354342807023273,9
2025-09-26,2025-09-23,2025-09-30,2.153682310725043,14.7853872758663,1447.667841376915,1447.1442649937237,1448.2460710373707,1.1018060436472297,0.75,0.1315655766191526,9
2025-09-26,2025-09-23,2025-09-30,2.1804006614140654,12.720724181420422,1373.290537747179,1373.137885492295,1373.6246656430883,0.4867801507934928,0.75,0.2330649373006798,9
2025-09-26,2025-09-23,2025-09-30,2.1162188496905214,18.79818202683447,1422.8775838025192,1422.5655117868446,1423.3765426003374,0.8110308134928346,1.0,0.127848643760829,9
2025-10-03,2025-09-30,2025-10-07,35.30260622005544,6.364830668961448,1825.147594461627,1819.933929328341,1831.6194531931544,11.685523864813147,3.25,0.1243461206559944,10
2025-10-03,2025-09-30,2025-10-07,31.088905647971004,9.399353090005109,1786.770806627372,1773.6038128063085,1796.914172194898,23.31035938858986,3.75,0.1620013218598283,10
2025-10-03,2025-09-30,2025-10-07,2.2657212899002945,20.23694055201124,1346.358502426113,1346.0440853405744,1346.736470927019,0.6923855864442885,1.5,0.148027739339185,10
2025-10-03,2025-09-30,2025-10-07,4.893741869702372,3.233011229304792,1786.1137431554548,1778.9272242230363,1793.4974946323782,14.570270409341902,1.25,0.0670441490166902,10
2025-10-03,2025-09-30,2025-10-07,83.70324223126795,7.562884467856138,1772.6960653962828,1740.552025964018,1795.6654890072532,55.11346304323524,4.5,0.2030019819587328,10
2025-10-12,2025-10-08,2025-10-17,2.5471952232085777,14.145183463818856,1065.852038466208,1065.4222910255194,1066.3913370124064,0.9690459868870676,1.0,0.1907486780208093,10
2025-10-12,2025-10-08,2025-10-17,2.8217545329710862,5.036290638945537,1728.0606543537083,1727.4316886141896,1728.9298936021514,1.498204987961799,0.75,0.1084138705304759,10
2025-10-12,2025-10-08,2025-10-17,2.5686394486210005,20.886507267999527,1386.9221999421716,1386.9221999421716,1387.1675080945715,0.2453081523999571,1.25,0.0760390797450165,10
2025-10-12,2025-10-08,2025-10-17,35.95452201809515,15.399468098009695,870.8239507866532,866.7038777470589,875.4790625269525,8.775184779893607,8.5,0.1680349298799134,10
2025-10-12,2025-10-08,2025-10-17,2.34160675357484,5.680817860845959,1716.366699095238,1716.218507993035,1716.9564190288074,0.737911035772413,0.75,0.0540147611659099,10
2025-10-12,2025-10-08,2025-10-17,24.07720324069607,5.535095943503473,870.2328179885835,866.0020070644096,875.724165469408,9.72215840499848,6.75,0.1528764644355457,10
2025-10-12,2025-10-08,2025-10-17,2.5014630376270346,13.795205179545126,1812.757918241857,1812.587593643926,1813.3402675031684,0.7526738592423499,0.75,0.1160592948070818,10
2025-10-19,2025-10-17,2025-10-22,2.993252528665801,21.02825369549771,1350.2048928752406,1349.84735657461,1350.7767541999929,0.9293976253829896,1.25,0.0902898567628397,10
2025-10-19,2025-10-17,2025-10-22,2.051409662367215,20.486527636648127,1346.2046242635518,1345.8076382363215,1346.736470927019,0.9288326906971632,1.25,0.0811267714129913,10
2025-10-31,2025-10-27,2025-11-05,2.110598839919039,20.799471574847004,1386.205410631594,1383.3172756666318,1387.1675080945715,3.8502324279397726,1.5,0.11472848926062,10
2025-10-31,2025-10-27,2025-11-05,2.830172282220691,13.668680693018352,1814.372633871908,1814.3419386134483,1814.8366425996649,0.4947039862163365,1.5,0.1035754755275985,10
2025-10-31,2025-10-27,2025-11-05,3.74725680996793,3.6049202287618334,317.74714959358147,317.4528123908676,318.6707119727507,1.2178995818831029,0.5,0.0763234899550542,10
2025-10-31,2025-10-27,2025-11-05,12.610254768032338,15.453937688951608,834.8329689498154,833.1411275160499,837.7169971968979,4.575869680847973,5.0,0.1306807562268728,10
2025-10-31,2025-10-27,2025-11-05,5.664944214952958,10.141691075573387,835.407500229333,833.6344460146502,838.1964900712483,4.562044056598097,3.0,0.0920855896235793,10
2025-11-07,2025-11-05,2025-11-10,4.890049368738371,11.556262349153004,1945.3434183010688,1944.7683346131817,1946.1555847120471,1.3872500988654792,1.75,0.1882384141290836,11
2025-11-07,2025-11-05,2025-11-10,2.64784515813828,10.968157003155932,1816.5617803686089,1816.0882553267293,1817.081750979647,0.9934956529177724,1.25,0.2545304913999703,11
2025-11-07,2025-11-05,2025-11-10,4.128161312707373,3.5049695540535346,26.49492183555933,19.99188126437366,32.802823981735855,12.810942717362195,1.25,0.0677604126960526,11
2025-11-07,2025-11-05,2025-11-10,2.319289844410254,17.699303566333732,1652.74842446714,1652.4331071525812,1653.420880031772,0.987772879190743,1.25,0.1341710557532897,11
2025-11-07,2025-11-05,2025-11-10,2.177082255382475,3.6660334426774424,2136.517100456377,2132.954353590496,2139.26530078426,6.31094719376415,1.75,0.0514842538001182,11
2025-11-07,2025-11-05,2025-11-10,4.222946297675423,4.120390990471561,1308.757199701782,1306.46196411876,1310.330562335439,3.868598216678947,2.0,0.0728836053788576,11
2025-11-07,2025-11-05,2025-11-10,3.529045886698378,3.373363515610074,1301.1826841808463,1297.931944005191,1306.2293660771102,8.297422071918845,1.0,0.0537864829146587,11
2025-11-07,2025-11-05,2025-11-10,3.2137278301631205,3.3202377234635767,1506.64331123625,1499.6428285008296,1508.8833548882976,9.24052638746798,1.25,0.0555502750971046,11
2025-11-07,2025-11-05,2025-11-10,13.287108899480222,4.201901534074031,1530.1429653117698,1521.0886102947406,1536.6067332508974,15.51812295615673,2.75,0.1232963989271181,11
2025-11-07,2025-11-05,2025-11-10,8.007630385725394,3.0326865550567725,840.0092170467009,827.2525616525672,852.0198499839753,24.767288331408057,0.75,0.0926701574048458,11
2025-11-07,2025-11-05,2025-11-10,5.673006819324925,3.2258443000370223,956.6169404130133,945.0020111449994,968.1163579174316,23.114346772432327,1.25,0.0792388280291763,11
2025-11-07,2025-11-05,2025-11-10,13.40610083160006,3.5777756241248637,996.967347505429,970.2939076614566,1018.2159689180552,47.92206125659868,1.75,0.1146091850882527,11
2025-11-07,2025-11-05,2025-11-10,7.910363924814707,3.0967555446317654,1453.5707307799769,1439.4719322798774,1467.031692247372,27.559759967494756,1.5,0.0922845152029722,11
2025-11-07,2025-11-05,2025-11-10,2.309352043194304,3.2278319424742867,1215.920453283821,1213.2666767071933,1218.0432525458746,4.77657583868131,0.75,0.0415973454526754,11
2025-11-07,2025-11-05,2025-11-10,4.90678968767445,4.511105928370299,939.1044127774156,936.9444651063532,943.295646133367,6.3511810270138085,4.0,0.0790478784809159,11
2025-11-07,2025-11-05,2025-11-10,2.0599128401808926,3.234151574342099,1067.7590672160093,1058.405955849681,1073.2610728382133,14.855116988532243,0.75,0.0500207398163197,11
2025-11-07,2025-11-05,2025-11-10,3.769342148236652,3.270422169125757,902.5486123338992,894.3997886134312,910.0579345775768,15.65814596414566,1.0,0.0699178231115047,11
2025-11-07,2025-11-05,2025-11-10,8.147327859083742,3.424086047683237,870.9338743643627,865.2688183169812,876.2227074410766,10.95388912409544,2.0,0.1021233699732982,11
2025-11-07,2025-11-05,2025-11-10,3.76678002723891,3.2586913481788926,81.22063898928755,68.26359027205035,91.49456141702832,23.230971144977957,0.75,0.0507782909712286,11
2025-11-13,2025-11-10,2025-11-17,2.5170603432270044,13.320450700285846,1814.314515501358,1814.0925427800976,1814.8366425996649,0.7440998195670545,1.5,0.0965642224889362,11
2025-11-13,2025-11-10,2025-11-17,10.852433888714868,3.241034477731185,1334.9700812585086,1331.0531361903995,1338.6075229835697,7.554386793170124,3.0,0.0957924701970199,11
2025-11-13,2025-11-10,2025-11-17,4.6267758898162885,16.44787472499416,867.4477382905986,866.4590729130432,868.9113665418699,2.4522936288267374,3.75,0.0763025007842186,11
2025-11-13,2025-11-10,2025-11-17,12.6526901346997,6.718456243691051,1335.2450163253316,1331.0531361903995,1338.3709599636495,7.317823773249984,5.25,0.1039810468411746,11
2025-11-13,2025-11-10,2025-11-17,2.6890889404553606,3.2469533283607395,1335.7618537171088,1334.9170440123416,1336.7919206521474,1.8748766398057344,1.0,0.0331930687071903,11
2025-11-13,2025-11-10,2025-11-17,2.525554138003853,3.5905595538216697,317.91108968357486,317.6989399790764,318.6707119727507,0.971771993674338,0.5,0.0155790914253221,11
2025-11-13,2025-11-10,2025-11-17,2.4117740842169435,3.337578356952726,318.5426780324252,317.933308694046,319.163759812247,1.2304511182010174,0.5,0.1091761480869679,11
2025-11-13,2025-11-10,2025-11-17,3.757372704902524,3.5023465833602643,317.2899620720347,316.9605572158471,317.94424813147634,0.9836909156292676,0.75,0.1111644681045597,11
