mid_date,start_date,end_date,volume,elevation,alongshore_centroid_m,alongshore_start_m,alongshore_end_m,width,height,vol_unc,month
2017-12-31,2017-10-05,2018-03-29,2.1155873711285182,6.511986251581216,3305.363929623795,3305.295013751369,3305.7961187483743,0.5011049970053136,0.75,0.2827054198824541,12
2017-12-31,2017-10-05,2018-03-29,2.7849513413194567,5.677832154305532,3305.1961940467895,3305.049459642265,3305.5339031699114,0.4844435276463628,1.25,0.2271562076076883,12
2017-12-31,2017-10-05,2018-03-29,2.4723138926000146,6.6836980024925605,3504.4915945227112,3503.2392988880165,3505.10750474222,1.868205854203552,0.75,0.2269975433340199,12
2017-12-31,2017-10-05,2018-03-29,3.153233242577622,5.671883521537011,3291.718279824452,3291.627525941003,3292.354911042843,0.7273851018399,1.5,0.1094556947111713,12
2017-12-31,2017-10-05,2018-03-29,3.984855982242692,8.464003342804226,3258.8286806696856,3258.654397387523,3259.134651266504,0.480253878980875,3.0,0.2163075183170981,12
2017-12-31,2017-10-05,2018-03-29,3.198419355261978,5.623694911810909,3258.7906332023585,3258.654397387523,3259.134651266504,0.480253878980875,2.75,0.2115612737081407,12
2017-12-31,2017-10-05,2018-03-29,5.239110115889087,6.907978637424188,3290.8874654221777,3290.6523718559183,3291.3797097741626,0.7273379182443023,2.0,0.2721837700819129,12
2017-12-31,2017-10-05,2018-03-29,2.40960440495261,9.439457639427191,3270.936758572572,3270.7793373716995,3271.2611749800853,0.4818376083858311,2.75,0.1612334302892826,12
2017-12-31,2017-10-05,2018-03-29,2.225657462392561,7.241174838475274,3664.879812209264,3664.3626689971425,3665.529055321589,1.1663863244466484,1.0,0.1332280824705933,12
2017-12-31,2017-10-05,2018-03-29,6.80113814858282,7.176438631016866,3663.1711737800624,3662.279171857051,3664.601558415685,2.3223865586332977,1.0,0.1357074484686893,12
2017-12-31,2017-10-05,2018-03-29,2.8770473927323708,7.215397257134649,3662.005738397482,3661.8157636225224,3662.575915422756,0.7601518002338707,0.75,0.1396082287881728,12
2017-12-31,2017-10-05,2018-03-29,2.688410752274562,7.402781619077131,3661.904628710633,3661.641809364315,3662.575915422756,0.9341060584411024,0.75,0.0924742033637837,12
2017-12-31,2017-10-05,2018-03-29,4.762798059834168,9.866018790204263,3704.65939176024,3704.3915710849687,3705.3487557489425,0.9571846639737488,1.0,0.2485923874599649,12
2017-12-31,2017-10-05,2018-03-29,3.052336086929124,9.633023696324525,3706.2566651509446,3705.961676096078,3706.671558451373,0.7098823552951217,0.75,0.206615214349799,12
2017-12-31,2017-10-05,2018-03-29,2.037020463600624,22.85787205289852,3531.457058338432,3526.7370438915677,3536.1426308671944,9.405586975626647,1.0,0.0554408505419573,12
2017-12-31,2017-10-05,2018-03-29,2.4838896974319686,5.421676237855465,3069.111380539887,3069.0895986780524,3069.5954703120515,0.5058716339990497,4.75,0.1422818136405124,12
2017-12-31,2017-10-05,2018-03-29,3.0481607776718405,6.213466943167105,3066.173544435727,3066.161548463162,3066.6509252404794,0.4893767773173749,5.75,0.1730879283354491,12
2017-12-31,2017-10-05,2018-03-29,5.429715682934523,7.831887100404629,3105.0725157818993,3063.851749924943,3110.507060936652,46.65531101170927,8.75,0.2335875001220744,12
2017-12-31,2017-10-05,2018-03-29,5.11423228484963,6.814155626794838,3061.4378391901596,3060.881103115622,3107.2722451058216,46.391141990199685,7.75,0.2026807162702826,12
2017-12-31,2017-10-05,2018-03-29,3.372509660690613,7.268675773161884,3058.6826843210065,3058.666083530057,3059.1427872213535,0.4767036912962794,6.75,0.1062046789793491,12
2017-12-31,2017-10-05,2018-03-29,5.98176780830537,11.021944731294932,3057.04046760805,3056.855309558101,3058.0013237954117,1.1460142373107374,2.0,0.1554448113809292,12
2017-12-31,2017-10-05,2018-03-29,3.4662359532180145,8.862767715962038,3071.553277424411,3071.30410022242,3072.043687911704,0.7395876892842352,6.25,0.1605025181026231,12
2017-12-31,2017-10-05,2018-03-29,3.631533336373652,5.955116661446593,3126.3112012313513,3126.2834527129307,3126.8554097735323,0.5719570606015623,5.75,0.1924927412960131,12
2017-12-31,2017-10-05,2018-03-29,3.037637639062693,7.721587165609535,3056.634836915689,3056.6054644184187,3057.0941989766434,0.488734558224678,4.5,0.098844304124056,12
2017-12-31,2017-10-05,2018-03-29,2.0471394610359517,5.534279295393075,3081.328233311326,3081.0823560194112,3081.570949300658,0.4885932812467217,4.25,0.1442080830715819,12
2017-12-31,2017-10-05,2018-03-29,2.7624220983132073,8.815808669863607,3076.790099238976,3076.790099238977,3077.028988657519,0.2388894185423851,6.75,0.193089380477136,12
2017-12-31,2017-10-05,2018-03-29,2.258373129372522,7.4931407726383314,3118.2768427742694,3074.3111974135973,3119.9600818105973,45.648884397000074,4.75,0.1749300172777879,12
2017-12-31,2017-10-05,2018-03-29,3.914990263451077,8.556516213248543,3055.0336435279564,3054.9515691800043,3055.4402522030286,0.4886830230243504,1.5,0.1278219066858565,12
2017-12-31,2017-10-05,2018-03-29,2.2198694703930526,7.369478199049901,2990.403610910026,2990.090217022691,2991.030142023228,0.9399250005371868,1.0,0.1770351417695725,12
2017-12-31,2017-10-05,2018-03-29,11.694325636398702,9.62669096145666,2987.0016041345557,2986.4027413078584,2987.808327373583,1.405586065724492,4.0,0.4788702217431329,12
2017-12-31,2017-10-05,2018-03-29,2.7253514175108635,15.849567611122398,2978.578581157822,2978.412164750509,2978.8843998261727,0.4722350756637752,1.25,0.122828346293955,12
2017-12-31,2017-10-05,2018-03-29,2.0889371662077028,8.804229707833397,2989.0087454599775,2988.4880280117504,2989.811240029987,1.323212018236518,1.5,0.1355078188252512,12
2017-12-31,2017-10-05,2018-03-29,4.000067743747215,10.565598408605368,3055.090519026985,3054.9515691800043,3055.4402522030286,0.4886830230243504,2.5,0.1904496272961808,12
2017-12-31,2017-10-05,2018-03-29,7.6282680352310095,6.987157543711186,3086.939551481234,3054.451981574297,3101.059849301353,46.607867727056146,8.0,0.1405540062615284,12
2017-12-31,2017-10-05,2018-03-29,2.1250208753773383,6.7536796759319815,3009.916453327334,3009.2101794662885,3012.2274910523556,3.0173115860670805,1.5,0.1303974138645869,12
2017-12-31,2017-10-05,2018-03-29,2.6713104504717515,6.776855000869684,3235.3918232630517,3234.759120365139,3235.9775734264404,1.2184530613012612,1.75,0.0713542841399239,12
2017-12-31,2017-10-05,2018-03-29,6.98993006716268,5.81551656978704,3090.8926862036296,3088.97994312644,3091.4883260759525,2.508382949512452,6.5,0.3401180794779579,12
2017-12-31,2017-10-05,2018-03-29,2.461661455093082,5.189068403533895,3214.218150423887,3213.928274236154,3214.885535878595,0.9572616424411536,4.0,0.1336082758450185,12
2017-12-31,2017-10-05,2018-03-29,2.6348610613246817,5.664919637124612,3198.6548696373543,3198.6487687788904,3199.1263965321705,0.4776277532801032,4.5,0.1749835413740563,12
2017-12-31,2017-10-05,2018-03-29,6.819290817996663,7.483933272034776,3196.242232804994,3195.971316592768,3196.686933156103,0.7156165633350611,7.75,0.3805039822027867,12
2017-12-31,2017-10-05,2018-03-29,4.095931081290543,5.409525635260577,3188.131863194737,3187.948674690444,3188.6653662482277,0.7166915577836335,4.25,0.2937461067559344,12
2017-12-31,2017-10-05,2018-03-29,7.121572470144649,7.332847476537105,3185.682421439703,3185.440798694268,3186.141770622693,0.7009719284251332,8.25,0.2194812736747908,12
2017-12-31,2017-10-05,2018-03-29,2.223172415216174,10.20299512721648,3183.3020793559867,3183.0559103372507,3183.7726331758313,0.7167228385806084,2.5,0.1094882591187706,12
2017-12-31,2017-10-05,2018-03-29,2.374562611981947,5.211096797462175,3214.885068728589,3214.8850687285885,3215.123958147131,0.2388894185423851,2.75,0.0722021690456165,12
2017-12-31,2017-10-05,2018-03-29,3.850126411304901,6.618013974261907,3232.8436936885128,3232.843693688512,3233.0825831070542,0.2388894185423851,3.25,0.1191104648881635,12
2017-12-31,2017-10-05,2018-03-29,2.155798432504665,5.928966762066998,3232.126515350305,3232.1265153503045,3232.365404768847,0.2388894185423851,1.75,0.0408397113101366,12
2017-12-31,2017-10-05,2018-03-29,2.236376430602558,8.78401037541306,3216.4396557963832,3216.3162011806853,3216.7938624056987,0.4776612250134349,1.75,0.0786363947773027,12
2017-12-31,2017-10-05,2018-03-29,3.3483091473122406,5.4657500910512375,3183.2959579940793,3183.294827102218,3183.7726331758313,0.4778060736134648,4.0,0.1630871097116326,12
2017-12-31,2017-10-05,2018-03-29,2.4836048815227114,5.25369675021672,3181.7308267725343,3181.612183046993,3182.089959337376,0.4777762903831899,0.75,0.0263565041445121,12
2017-12-31,2017-10-05,2018-03-29,3.376710889449809,7.743145446200621,3100.9275950100277,3100.9275950100273,3101.1664844285697,0.2388894185423851,1.75,0.2003037850549893,12
2017-12-31,2017-10-05,2018-03-29,7.092107013148666,6.2838617946535935,3105.07590692311,3104.835641778074,3105.8935587937012,1.0579170156270266,6.75,0.3269400169613101,12
2017-12-31,2017-10-05,2018-03-29,10.109463358633596,6.762142432557416,3099.2197640203003,3098.976327378303,3099.9353336212225,0.9590062429197131,7.25,0.3915910309963122,12
2017-12-31,2017-10-05,2018-03-29,5.596500630499423,6.74239419118664,3096.7248126570385,3096.4902014606632,3096.9778944109567,0.4876929502934217,5.5,0.2954920545176387,12
2017-12-31,2017-10-05,2018-03-29,3.144021845765691,5.97117675585637,3135.433350952342,3135.433350952342,3135.6722403708845,0.2388894185423851,1.75,0.173884026292983,12
2017-12-31,2017-10-05,2018-03-29,5.83947386365179,5.3881751816531125,3092.26917855618,3091.7469348888844,3092.53537273081,0.78843784192577,3.25,0.2477211364883036,12
2017-12-31,2017-10-05,2018-03-29,20.071046104671577,6.837210285242397,3114.0190487171126,3093.7913479385898,3135.0163597255014,41.22501178691164,9.25,0.5752741389096716,12
2017-12-31,2017-10-05,2018-03-29,3.485646255975775,6.99001613660982,3087.0081552695488,3087.0081552695483,3087.2470446880907,0.2388894185423851,4.75,0.2044476521984939,12
2017-12-31,2017-10-05,2018-03-29,3.1218558938426897,8.864636774905199,3106.3956492897128,3106.3956492897123,3106.6345387082547,0.2388894185423851,2.25,0.253541123735066,12
2017-12-31,2017-10-05,2018-03-29,7.927772896500211,9.14399292893582,3144.7709596577506,3144.607197706122,3145.1666971459053,0.5594994397833943,4.75,0.4110061671731024,12
2017-12-31,2017-10-05,2018-03-29,2.1768317499720022,6.770214616536799,4524.913083737715,4524.660907525569,4525.569738873281,0.9088313477113844,3.75,0.0778530691300516,12
2017-12-31,2017-10-05,2018-03-29,2.321546480548382,10.003552720804931,4498.1959634148525,4498.088348198682,4498.564357811119,0.4760096124373376,1.0,0.1020586902369236,12
2017-12-31,2017-10-05,2018-03-29,5.883393742973162,10.153901156281602,4596.345439172753,4594.285573727451,4598.0958659346215,3.810292207170278,3.0,0.0920020621703499,12
2017-12-31,2017-10-05,2018-03-29,8.685501286219369,8.424608564563258,4596.641990382515,4593.621826592367,4598.697383094579,5.075556502211839,3.0,0.1161865740799039,12
2017-12-31,2017-10-05,2018-03-29,2.2405534120857715,5.710925838358724,4570.2304904661205,4570.047266060952,4570.763708062004,0.7164420010522008,0.75,0.1918653602889142,12
2017-12-31,2017-10-05,2018-03-29,2.6707544353500934,7.990781763932566,4454.601206365988,4454.011138157919,4455.195476892404,1.184338734485209,1.25,0.2017632600066843,12
2017-12-31,2017-10-05,2018-03-29,3.726122318313763,8.01800038553794,4647.560833886902,4646.2965424014255,4697.740857303608,51.44431490218267,2.0,0.2479432066679798,12
2017-12-31,2017-10-05,2018-03-29,3.416216629817709,6.162537210471588,4643.452419058577,4636.55603028927,4684.132629485335,47.57659919606522,0.75,0.180150873532614,12
2017-12-31,2017-10-05,2018-03-29,5.884609630391188,5.176595595902196,4707.512265634252,4678.261261339299,4733.895131052937,55.63386971363798,0.75,0.4156611545506194,12
2017-12-31,2017-10-05,2018-03-29,6.611112366156186,20.15479331276376,4738.880668860082,4738.222234068904,4739.741436867975,1.5192027990706265,0.5,0.3165513301857636,12
2017-12-31,2017-10-05,2018-03-29,2.037973990714736,11.031080856543198,4732.456068457225,4731.541403085459,4733.30617791554,1.7647748300805688,1.0,0.1187993729873193,12
2017-12-31,2017-10-05,2018-03-29,5.852464670232125,5.246537154008784,4680.804562801238,4680.378051420208,4681.673996598925,1.2959451787173748,1.0,0.3494262316513685,12
2017-12-31,2017-10-05,2018-03-29,2.515143719504578,5.423189573970292,4722.875016775358,4721.641348291654,4723.333561554551,1.6922132628969848,1.25,0.1049683136484125,12
2017-12-31,2017-10-05,2018-03-29,2.638293543935008,11.44653985604847,4599.56441844417,4598.695233267732,4601.037205453031,2.3419721852988005,2.25,0.05725740198319,12
2017-12-31,2017-10-05,2018-03-29,2.071050798773179,14.491597810057172,4597.151032188881,4596.485217693262,4598.223904017359,1.738686324097216,1.5,0.0488176209600865,12
2017-12-31,2017-10-05,2018-03-29,2.11023768148968,20.40334047100178,4596.564853802723,4594.997947867494,4598.0958659346215,3.097918067127466,1.0,0.1214735985910109,12
2017-12-31,2017-10-05,2018-03-29,3.171042329285247,5.050849021699303,4622.452205939419,4621.847315329127,4623.826926771551,1.979611442424357,1.75,0.1770382031371431,12
2017-12-31,2017-10-05,2018-03-29,2.8488799413920383,5.183696850052838,4030.217613813312,4029.949222297408,4030.6533540482633,0.7041317508555949,1.25,0.1262904255211183,12
2017-12-31,2017-10-05,2018-03-29,4.525254603998205,5.833652486817049,4020.3582304048846,4020.35733220214,4020.672617089934,0.3152848877944052,1.5,0.1421613523863407,12
2017-12-31,2017-10-05,2018-03-29,3.4726408174185552,18.757689033795113,4056.619522271202,4054.830413172487,4058.603945436887,3.7735322644002736,2.0,0.0752594215686008,12
2017-12-31,2017-10-05,2018-03-29,2.2522595908178946,27.02328677983791,3962.858852551901,3962.7817339599137,3963.257014798001,0.4752808380872011,1.0,0.3786114874874258,12
2017-12-31,2017-10-05,2018-03-29,2.100617962939106,13.85287774222658,4289.4264333291485,4289.322330020834,4289.797719398979,0.4753893781453371,1.0,0.1662216510865843,12
2017-12-31,2017-10-05,2018-03-29,2.513694795458764,22.761844946314632,4313.827049428728,4313.528421465773,4314.4766416614875,0.9482201957143844,1.25,0.2201941451511624,12
2017-12-31,2017-10-05,2018-03-29,3.802437513904832,10.583811434148524,2968.0224497610266,2967.5617293762043,2968.9692518813536,1.4075225051492453,1.75,0.0455247606052505,12
2017-12-31,2017-10-05,2018-03-29,3.4401533495556564,6.509434105569138,2969.3179877873195,2969.1969990716316,2969.66920997994,0.4722109083086252,1.25,0.2397778986059551,12
2017-12-31,2017-10-05,2018-03-29,13.35891367426105,7.665274972724872,896.106950829724,895.5385666103102,896.767041423358,1.2284748130477965,2.5,0.3638563792654548,12
2017-12-31,2017-10-05,2018-03-29,2.9271550454951822,9.395685395546298,896.3567068642542,896.0191456051543,896.9918715176173,0.97272591246292,0.75,0.2329279676360252,12
2017-12-31,2017-10-05,2018-03-29,6.788542106766625,10.832254287824686,896.3045581788776,895.0841808412224,896.9918715176173,1.90769067639485,1.5,0.0837302185168697,12
2017-12-31,2017-10-05,2018-03-29,2.452299020446278,6.068932064607227,918.9775292175664,918.7771978708917,919.284821223002,0.5076233521103859,1.25,0.0994903452344164,12
2017-12-31,2017-10-05,2018-03-29,3.44658891104648,6.945578284101535,627.323751298675,616.218447281979,645.5499496827833,29.33150240080431,2.5,0.1741797401613798,12
2017-12-31,2017-10-05,2018-03-29,2.419509656080697,6.808769573834135,751.0158458457843,750.7754081049934,751.3208528622054,0.5454447572119534,1.0,0.0200886957778531,12
2017-12-31,2017-10-05,2018-03-29,4.004440614553634,8.820231443402369,750.9926608288896,750.4740960411727,751.6274081682786,1.1533121271058917,2.25,0.2612473690506967,12
2017-12-31,2017-10-05,2018-03-29,2.6742696931439447,9.289398877181103,737.5281818396605,737.2931120051071,737.8266208223067,0.5335088171996176,0.75,0.1872463831373783,12
2017-12-31,2017-10-05,2018-03-29,2.067244812556962,9.841011015548364,731.756994274226,729.6862782477401,733.8917695279233,4.205491280183196,1.75,0.0558196449425973,12
2017-12-31,2017-10-05,2018-03-29,2.0407522746523843,5.222627833351771,710.0290926823628,709.6276307548396,710.4826651667245,0.8550344118848443,0.75,0.0836911896400749,12
2017-12-31,2017-10-05,2018-03-29,2.298929326236108,10.046330410900612,1151.2550006680087,1150.871936247684,1152.186242215801,1.3143059681169689,0.75,0.1221072589613592,12
2017-12-31,2017-10-05,2018-03-29,4.053135355850477,9.462770275150694,1183.7040024603618,1182.769765522797,1185.415828899946,2.646063377149403,2.0,0.1790314097261158,12
2017-12-31,2017-10-05,2018-03-29,2.698752215480907,9.064455902742454,1169.6133843356622,1168.4506796859205,1171.1852795481682,2.7345998622477055,2.5,0.1356795117097431,12
2017-12-31,2017-10-05,2018-03-29,2.3171885403306227,5.636894883548306,943.9438903505104,943.855592682492,944.3502919240856,0.4946992415934801,1.0,0.0296878522972235,12
2017-12-31,2017-10-05,2018-03-29,2.3442726281578654,9.4486313095737,922.569285070334,922.4602140751668,922.947435604874,0.4872215297073126,0.75,0.0639225295840206,12
2017-12-31,2017-10-05,2018-03-29,6.698659365816507,20.466497857811845,116.98785656898669,42.924370903056115,216.058647565078,173.13427666202188,1.25,0.190482433765402,12
2017-12-31,2017-10-05,2018-03-29,2.0555985353465376,11.26597863207238,1876.567116194037,1875.7111684097908,1878.0997247612104,2.3885563514195383,1.25,0.0640150113624893,12
2017-12-31,2017-10-05,2018-03-29,2.578371836079638,7.3993814416083215,1877.707024021828,1876.6633631000295,1878.5744495722463,1.9110864722169936,2.0,0.0493662358273788,12
2017-12-31,2017-10-05,2018-03-29,2.3385267404183745,5.014131638976174,2583.545897853164,2583.181943643838,2584.1514747547917,0.9695311109535396,0.75,0.1904892542075709,12
2017-12-31,2017-10-05,2018-03-29,8.19930715130996,8.309720335912735,2968.005826718911,2967.5617293762043,2968.735930399969,1.1742010237649083,2.25,0.2491654185134972,12
2017-12-31,2017-10-05,2018-03-29,2.146570970379338,7.874663170379002,2950.120727877339,2949.842262946535,2950.7755861040205,0.9333231574855744,1.0,0.1524560480580117,12
2017-12-31,2017-10-05,2018-03-29,2.8331156286624255,7.48985109229689,2866.6336307354786,2866.5105867437087,2866.9999762168154,0.4893894731067121,1.25,0.1119716262530867,12
2017-12-31,2017-10-05,2018-03-29,2.424095735693164,7.245774761009151,2540.157619645326,2539.8958122236654,2540.62495161267,0.7291393890045583,1.0,0.1303760270083498,12
2017-12-31,2017-10-05,2018-03-29,3.5346317256949846,25.200533417589774,2546.4502514371247,2546.2985664359294,2546.7944982554764,0.4959318195469677,0.75,0.1588140101398938,12
2017-12-31,2017-10-05,2018-03-29,2.8405803257683293,24.569528163639458,2546.053768247832,2546.0537682478316,2546.292657666374,0.2388894185423851,1.25,0.1072504848582078,12
2017-12-31,2017-10-05,2018-03-29,3.496501032820214,16.086605019402374,2549.9628420816207,2548.481526757125,2552.137757829856,3.656231072731316,2.0,0.1335500386665833,12
2017-12-31,2017-10-05,2018-03-29,4.67187913603112,19.93490676577698,1868.479281339114,1868.2911593094468,1869.0065452740528,0.7153859646059573,1.5,0.5602889297577462,12
2017-12-31,2017-10-05,2018-03-29,2.1385718179218007,9.33001236575663,1414.2173712136512,1412.483380746562,1418.9549333062023,6.4715525596402586,1.5,0.0988425954537841,12
2017-12-31,2017-10-05,2018-03-29,3.1961404696537925,9.845824436102616,1410.1581424580452,1409.278713687323,1411.2454768200405,1.9667631327174604,0.75,0.1604745386269201,12
2017-12-31,2017-10-05,2018-03-29,4.081803161077946,9.488897609995682,1362.1012672955064,1361.4715548842214,1362.9684173078276,1.496862423606217,1.25,0.1903755422009734,12
2017-12-31,2017-10-05,2018-03-29,2.475355432676896,5.962462108892841,1448.231902053737,1447.340852162335,1449.5615780861117,2.2207259237766266,2.0,0.1283729670874756,12
2017-12-31,2017-10-05,2018-03-29,4.781810850599473,9.264170719494125,1260.6737835219462,1259.9256683099084,1261.764464680571,1.8387963706627488,2.5,0.1656208826189709,12
2017-12-31,2017-10-05,2018-03-29,2.9447701539949516,9.536155024157498,1279.2338741609035,1278.9801609874703,1279.753325846512,0.7731648590415716,1.5,0.1275811692834594,12
2017-12-31,2017-10-05,2018-03-29,3.87566996099432,9.553358135271097,1836.7772889581288,1836.5559365814552,1837.4076598943211,0.8517233128659427,1.25,0.2574238206275048,12
2017-12-31,2017-10-05,2018-03-29,3.8697301547693286,12.504985235203185,1837.0479071346383,1835.123837464489,1850.8591172024608,15.735279737971725,1.0,0.0531336864697051,12
2017-12-31,2017-10-05,2018-03-29,5.234692990817884,9.120702261079488,1836.2356722849108,1835.834438231308,1836.7948259999976,0.960387768689543,1.0,0.1961197641600942,12
2017-12-31,2017-10-05,2018-03-29,3.1113662594744933,10.009551716618828,1832.932280035879,1832.7860977174712,1833.493415250443,0.7073175329715014,0.75,0.1728601768271187,12
2017-12-31,2017-10-05,2018-03-29,2.849417442583759,8.614398870115467,1843.1566101210528,1833.9647234478032,1850.323876321316,16.359152873512357,1.0,0.0853444206811482,12
2017-12-31,2017-10-05,2018-03-29,2.989733323129453,10.950014722174393,1837.4512624763256,1837.1687704757787,1837.8813472827896,0.7125768070109189,1.0,0.1027734056532969,12
2017-12-31,2017-10-05,2018-03-29,6.1937469310725,9.563928532311571,1831.5983537272937,1830.9163901507857,1832.5517162117176,1.6353260609321296,1.25,0.2916967276317717,12
2017-12-31,2017-10-05,2018-03-29,3.9629090919164938,9.705657884782491,1830.03345715011,1829.4951081108304,1831.1897234474309,1.694615336600691,0.75,0.1352367098087703,12
2017-12-31,2017-10-05,2018-03-29,2.3370821163820943,15.473787241182514,1844.5509140125464,1843.862502258271,1845.5049311355688,1.6424288772977889,1.0,0.0505681643328764,12
2017-12-31,2017-10-05,2018-03-29,3.0985402865929528,15.8989797507518,1846.3220993710045,1846.214822633192,1846.691802323796,0.4769796906039119,1.0,0.0651061112424733,12
2017-12-31,2017-10-05,2018-03-29,2.0325482147960923,7.36622583358823,1619.2297509823454,1618.873316717334,1619.65667358879,0.7833568714559078,1.25,0.0572743000202335,12
2017-12-31,2017-10-05,2018-03-29,3.2718635180986486,13.22061426237351,1626.908115619819,1626.6413461137563,1627.6608058027923,1.0194596890360117,0.75,0.0434413682634871,12
2017-12-31,2017-10-05,2018-03-29,2.5291363685839254,13.8006690231442,1629.6753395905466,1628.7498299051076,1630.0419342359528,1.2921043308451772,1.25,0.1486039648412784,12
2017-12-31,2017-10-05,2018-03-29,4.69765112372702,7.827601157006322,1773.1163262162593,1772.8442676793784,1773.920258812141,1.075991132762283,1.0,0.0327083773086855,12
2017-12-31,2017-10-05,2018-03-29,4.720407132513822,8.078865929817102,1767.6530131937286,1767.386592529714,1768.244923938997,0.8583314092829823,0.75,0.0546766833601303,12
2017-12-31,2017-10-05,2018-03-29,6.2118833560058855,8.294571720568738,1766.3076261448905,1766.1075994018463,1766.7354589099996,0.6278595081530511,1.25,0.0307898075730289,12
2017-12-31,2017-10-05,2018-03-29,3.0927322876046413,7.047873792825244,1766.3912888498603,1766.1075994018463,1766.7354589099996,0.6278595081530511,1.25,0.0186712843725506,12
2017-12-31,2017-10-05,2018-03-29,3.83616989425011,8.284100250025686,1766.7932439865542,1766.7932439865544,1767.0321334050968,0.2388894185423851,1.25,0.0240036491612694,12
2017-12-31,2017-10-05,2018-03-29,2.2324687969387513,7.354831251559958,1767.7093214215706,1767.709321421571,1767.9482108401137,0.2388894185423851,1.0,0.1681871487393138,12
2017-12-31,2017-10-05,2018-03-29,2.1926710142566823,6.885768898369877,1764.2354721617885,1764.2354721617885,1764.4743615803309,0.2388894185423851,1.25,0.0327002362067857,12
2017-12-31,2017-10-05,2018-03-29,2.223489899253417,15.624628670846436,1628.6136301089884,1628.4761421359144,1628.98871932365,0.5125771877355874,0.75,0.2896523321292354,12
2017-12-31,2017-10-05,2018-03-29,3.423150395190902,6.458272648223744,1763.1760446759713,1763.161611282267,1763.6976795699447,0.5360682876780629,1.5,0.1485937270585657,12
2017-12-31,2017-10-05,2018-03-29,16.310341676350774,6.363439915791415,1761.6307288179949,1760.9645315166565,1762.6278270073235,1.663295490667224,1.75,0.1209671344834895,12
2017-12-31,2017-10-05,2018-03-29,4.728239659601926,6.470369355072565,3290.970292729906,3290.6523718559183,3291.3797097741626,0.7273379182443023,2.75,0.2152481427484964,12
2017-12-31,2017-10-05,2018-03-29,16.36530690655023,9.131546784794114,3445.2584789523553,3442.188750265166,3448.406433843542,6.217683578375727,6.25,0.1342254333083237,12
2017-12-31,2017-10-05,2018-03-29,4.355099882295345,10.807176253877737,3234.9741505731877,3234.041927715298,3236.4559282069094,2.4140004916116595,1.25,0.1457956513379965,12
2017-12-31,2017-10-05,2018-03-29,2.2747276781329977,13.096612401121089,3006.028157133044,3004.4932935414836,3007.080314454157,2.5870209126733243,3.5,0.0608226884545082,12
2017-12-31,2017-10-05,2018-03-29,2.777452483026702,6.182846180879841,2995.08626047133,2993.608638713602,2996.560021883808,2.9513831702060997,2.75,0.0663059252685094,12
2017-12-31,2017-10-05,2018-03-29,2.7136661416028627,12.687851619007253,2987.750808302781,2987.335764036048,2988.275675214827,0.939911178778857,0.75,0.0722451990586314,12
2017-12-31,2017-10-05,2018-03-29,5.031406098433836,7.006890823017416,2948.833342073146,2947.904489892535,2950.3156505203806,2.4111606278456748,3.5,0.0887598318515092,12
2017-12-31,2017-10-05,2018-03-29,2.4067222638402503,8.424883970913472,4603.806797734023,4601.992015635595,4604.706190016121,2.7141743805259466,2.0,0.0716047680823306,12
2017-12-31,2017-10-05,2018-03-29,3.4812709962751716,7.297235915988288,4569.035661240595,4568.173317959532,4570.037740691565,1.8644227320328357,1.25,0.1166434653911607,12
2017-12-31,2017-10-05,2018-03-29,4.01046743624933,6.943102525046811,5440.31522967502,5439.458627461921,5442.169667083304,2.7110396213829517,4.0,0.1043436380359108,12
2017-12-31,2017-10-05,2018-03-29,11.261880067880108,6.264300723670083,5102.669948794202,5098.297928510234,5112.180874662474,13.882946152240038,3.5,0.0796570333669477,12
2017-12-31,2017-10-05,2018-03-29,2.275700555290012,16.042940807332556,5035.956131949139,5033.3585783937015,5038.64479508996,5.286216696258634,1.5,0.0598534310038323,12
2017-12-31,2017-10-05,2018-03-29,5.955000786458886,18.298179737085288,4998.139214076239,4996.823030570056,4999.380113616586,2.557083046529442,0.75,0.0995575386928604,12
2017-12-31,2017-10-05,2018-03-29,3.1119650955244245,7.2634643370925644,4961.884918072407,4959.149575727526,4964.657736776397,5.508161048870534,3.25,0.0635497902836568,12
2017-12-31,2017-10-05,2018-03-29,3.8420812129119417,23.750365057223128,5043.485312697503,5043.241486897692,5043.967665143311,0.7261782456189394,1.25,0.0174975115493777,12
2017-12-31,2017-10-05,2018-03-29,5.5017830066074245,19.239708296461306,4056.0489225905926,4054.5938906352967,4058.366542245727,3.77265161043033,1.75,0.3466850404119359,12
2017-12-31,2017-10-05,2018-03-29,2.517486269142805,6.975496590825386,4409.955279375903,4407.46538906917,4412.866304766852,5.400915697682649,1.0,0.0988370921116166,12
2017-12-31,2017-10-05,2018-03-29,17.196564444016705,7.983984587602615,4275.536175142667,4272.369762278628,4279.865999417845,7.4962371392175555,6.5,0.1321533573473821,12
2017-12-31,2017-10-05,2018-03-29,4.557570250646816,11.739331946800158,4294.780206161737,4292.869569304865,4297.810211186297,4.940641881432384,1.5,0.1158046791546663,12
2017-12-31,2017-10-05,2018-03-29,4.82181282401204,16.463895208986315,2551.2592865139723,2548.745879511349,2553.8153067892417,5.069427277892828,2.0,0.1308114531493154,12
2017-12-31,2017-10-05,2018-03-29,2.4371036825892793,6.181224327004626,461.2886644688471,442.3428505393677,514.3229818758555,71.98013133648783,1.75,0.075556011130512,12
2017-12-31,2017-10-05,2018-03-29,2.548147188511527,10.26624482533814,731.8617654813287,729.9926319094375,733.8917695279233,3.899137618485838,1.75,0.0616013650947278,12
2017-12-31,2017-10-05,2018-03-29,3.237852652413705,12.861842654610143,958.432257204514,956.7077972055412,986.7843296988868,30.07653249334544,3.25,0.0666773118715746,12
2017-12-31,2017-10-05,2018-03-29,11.456789108355874,13.523722134287196,917.7706495276212,914.2505074236542,921.44212408131,7.191616657655686,4.25,0.1094758143036234,12
2017-12-31,2017-10-05,2018-03-29,3.7683651341946143,12.244121376967062,888.0931818569826,886.3528436650522,889.6065030950122,3.253659429959953,3.25,0.0741517191091412,12
2017-12-31,2017-10-05,2018-03-29,2.5702004443513324,10.462122668096544,909.2328626526232,908.263571124524,910.2185292714277,1.954958146903664,4.0,0.1128547951998948,12
2017-12-31,2017-10-05,2018-03-29,3.0935348366062345,12.632834370761469,985.5594178616336,970.9995481306688,1001.0331999589688,30.033651828300208,2.25,0.0658651666524035,12
2017-12-31,2017-10-05,2018-03-29,2.779558472418217,22.29349653354423,975.8492399355764,970.9995481306688,1001.0331999589688,30.033651828300208,4.0,0.051476810265385,12
2017-12-31,2017-10-05,2018-03-29,5.668969527284895,7.981393499952118,1766.67465544405,1766.4965694914572,1767.0321334050968,0.5355639136396348,1.25,0.0293252119501127,12
2017-12-31,2017-10-05,2018-03-29,3.534616197882779,14.001573859145376,1638.8996510993877,1638.3709936388768,1639.6546914852224,1.2836978463456037,0.75,0.0200584042576884,12
2017-12-31,2017-10-05,2018-03-29,3.1027569237196446,5.439859593158618,1309.0055962049073,1307.6359506566075,1310.6136797573415,2.977729100733995,3.0,0.0609818154930419,12
2017-12-31,2017-10-05,2018-03-29,4.105859922748712,8.677039876722803,1513.7237184806563,1512.897593380883,1514.470374217257,1.5727808363735676,1.25,0.1019434902632976,12
2017-12-31,2017-10-05,2018-03-29,2.1212138141587373,7.500550919085351,1772.5526580296907,1772.252158086747,1773.0831570979208,0.8309990111738443,0.75,0.0400625048382968,12
2017-12-31,2017-10-05,2018-03-29,9.56481101216916,9.15529068096818,1836.4651844951725,1836.0822865674272,1837.0316508379765,0.9493642705492676,1.0,0.3081162800434756,12
2017-12-31,2017-10-05,2018-03-29,2.880432694682535,10.984592257322218,1169.0452193175204,1167.2025033053942,1171.1852795481682,3.98277624277398,3.25,0.0735409050842206,12
2017-12-31,2017-10-05,2018-03-29,2.2668510162248183,9.852772296575043,1206.888504095951,1204.8073945054784,1209.0181584409438,4.210763935465366,2.0,0.0682923256542322,12
2017-12-31,2017-10-05,2018-03-29,4.886705820667277,15.144901118538597,4800.075512530352,4774.081243327353,4810.906793263741,36.82554993638769,1.0,0.2569051822442958,12
2017-12-31,2017-10-05,2018-03-29,2.2765653947074895,22.39434201707016,5137.1469951390645,5136.736952190753,5137.702107322868,0.9651551321148872,1.25,0.0301480096605105,12
2017-12-31,2017-10-05,2018-03-29,2.0494496411579664,22.499161039844346,5137.857368182674,5137.383313843515,5138.456882515922,1.0735686724074185,0.75,0.0989975291306921,12
2017-12-31,2017-10-05,2018-03-29,2.563773184267804,22.33997838250847,5137.743236129235,5137.446509711444,5138.379222068004,0.9327123565599322,1.0,0.0514393975058891,12
2017-12-31,2017-10-05,2018-03-29,2.525510863323417,21.469484207282857,5131.735777385583,5131.690208049491,5132.180646258872,0.4904382093809545,1.25,0.4126484556049759,12
2017-12-31,2017-10-05,2018-03-29,4.852213174747489,21.017708863358255,5125.775664497538,5125.536518132314,5126.273846166208,0.7373280338943005,2.0,0.5307046709353536,12
2017-12-31,2017-10-05,2018-03-29,2.2826451304093935,22.343275808162797,5072.784923251381,5072.542695288081,5073.504522527568,0.9618272394873202,0.75,0.1756597618730948,12
2017-12-31,2017-10-05,2018-03-29,3.115687769055925,23.825923326140117,5078.885619735709,5077.286793837789,5080.1869483082555,2.9001544704660773,0.5,0.1946449823705465,12
2017-12-31,2017-10-05,2018-03-29,3.1584095582209524,21.080030861372855,5115.049166022274,5114.994349914603,5115.328767803963,0.3344178893603384,1.0,0.3595676453607277,12
2017-12-31,2017-10-05,2018-03-29,4.010900781654566,5.712631657472581,5123.510891897302,5122.536213961896,5124.522560333833,1.9863463719375432,1.0,0.1370717789640751,12
2017-12-31,2017-10-05,2018-03-29,2.092506054676017,5.156872026680873,5440.078716749525,5439.714450370055,5440.885255340021,1.1708049699664116,2.0,0.1471726971879894,12
2017-12-31,2017-10-05,2018-03-29,2.187543133442961,21.435680667713065,5196.18998303165,5180.190318460576,5209.539398984052,29.349080523476005,1.5,0.1429277906757375,12
2017-12-31,2017-10-05,2018-03-29,2.2230711858250665,5.58414225473818,4793.309254113857,4792.774415769149,4795.308707021177,2.534291252028197,1.75,0.1266050059571011,12
2017-12-31,2017-10-05,2018-03-29,5.648484759644884,19.94723861738121,4993.70588540786,4993.55322834244,4994.273570114747,0.7203417723067105,1.5,0.1513901795423766,12
2017-12-31,2017-10-05,2018-03-29,2.6986262610349803,19.868764412586145,5000.210005082035,5000.077764682006,5000.560341777746,0.4825770957395434,1.75,0.2569298440518874,12
2017-12-31,2017-10-05,2018-03-29,2.2215078934701253,19.25190022065873,5003.987503546755,5003.95385572454,5004.436427182518,0.482571457978338,1.25,0.3656676551872229,12
2017-12-31,2017-10-05,2018-03-29,4.862151571782398,18.79402264440918,5012.475359642417,5012.3574606711045,5012.840374551248,0.4829138801433146,1.5,0.2156735162126954,12
2017-12-31,2017-10-05,2018-03-29,5.106482891279179,19.563995965789086,5008.50376339397,5008.474258246832,5008.956922322046,0.4826640752144158,2.0,0.4948029455165237,12
2017-12-31,2017-10-05,2018-03-29,3.560394755037688,17.471100436830653,5012.493261096216,5012.3574606711045,5012.840374551248,0.4829138801433146,1.0,0.117755589034949,12
2017-12-31,2017-10-05,2018-03-29,3.865003249844629,20.034373006198297,5013.930261116887,5013.800193177536,5014.283025438432,0.4828322608955204,2.25,0.3742619533988556,12
2018-07-04,2018-03-29,2018-10-10,2.4319436114264095,8.24740020008435,4477.076082148206,4475.874709402211,4478.459071568213,2.5843621660023928,2.0,0.0538741102542117,7
2018-07-04,2018-03-29,2018-10-10,3.073207258203626,6.841708990630072,4651.263835786187,4645.791829279158,4698.084248649422,52.292419370263815,2.0,0.0895053175716964,7
2018-07-04,2018-03-29,2018-10-10,4.616374135190473,20.871935764446793,4597.1392135446495,4596.021494027693,4598.32396666985,2.302472642157227,2.0,0.1263114421654632,7
2018-07-04,2018-03-29,2018-10-10,2.9773287511822213,8.45747042856298,4603.739831511823,4601.992015635595,4604.706190016121,2.7141743805259466,1.5,0.0494093263557993,7
2018-07-04,2018-03-29,2018-10-10,2.0451542302455104,21.295859651895444,4609.4754083229645,4607.7375347921625,4610.819495879579,3.0819610874168575,3.25,0.064881079367659,7
2018-07-04,2018-03-29,2018-10-10,2.691127104130452,12.39152028223838,4613.680856299112,4612.4394800015725,4614.871935728937,2.432455727364868,2.75,0.0732607543542174,7
2018-07-04,2018-03-29,2018-10-10,2.365425688946247,13.767320026944704,4403.996006471169,4403.410467950627,4404.831097397953,1.420629447326064,1.25,0.0773768128890461,7
2018-07-04,2018-03-29,2018-10-10,2.1619779642611645,9.656663394886936,4298.825039476096,4295.7892052871175,4302.074169989675,6.284964702557772,2.25,0.0739098568321483,7
2018-07-04,2018-03-29,2018-10-10,2.12525743562405,9.53099500677619,4419.226922139711,4417.969766515773,4420.810599970631,2.8408334548585117,1.5,0.0416035011606119,7
2018-07-04,2018-03-29,2018-10-10,3.182381155814007,12.221843550525517,4410.26193670166,4408.373648875859,4413.102705372963,4.729056497104466,2.75,0.0816344703532023,7
2018-07-04,2018-03-29,2018-10-10,3.5207142670601237,9.542272516374686,4411.919174741877,4410.500582675915,4413.8124247868545,3.311842110939324,1.75,0.0769679708097281,7
2018-07-04,2018-03-29,2018-10-10,2.3534334401354196,6.431623582965541,1778.0983268539271,1777.739888503682,1778.568121004384,0.8282325007021427,1.0,0.0315163697699544,7
2018-07-04,2018-03-29,2018-10-10,2.875846197013585,14.359703850368644,4773.470379993742,4773.340393392369,4774.0677463109605,0.7273529185913503,1.5,0.066459036363794,7
2018-07-04,2018-03-29,2018-10-10,9.816126502706446,12.557807157128195,4695.742074824238,4680.657194815576,4743.406941190362,62.7497463747859,4.5,0.1437734543100766,7
2018-07-04,2018-03-29,2018-10-10,2.1324976961212325,9.762341214330837,4698.534632678534,4677.203179384582,4733.895131052937,56.691951668355614,2.5,0.066428080954034,7
2018-07-04,2018-03-29,2018-10-10,2.0070053220525756,15.983629125339723,568.069132469927,551.192743644584,594.5244406736456,43.331697029061615,3.25,0.0744419581132083,7
2018-07-04,2018-03-29,2018-10-10,3.562282578667719,20.22020150420664,5023.297495641746,5023.297495641746,5023.536385060288,0.2388894185423851,1.25,0.0939570942176637,7
2018-07-04,2018-03-29,2018-10-10,3.591739435644634,11.878149452067506,1836.8842996209112,1836.5559365814552,1837.4076598943211,0.8517233128659427,1.25,0.1032821337489287,7
2018-07-04,2018-03-29,2018-10-10,2.3479951225223017,9.88509590951892,1835.810980449451,1835.3607043018565,1836.3211759859696,0.9604716841131448,0.5,0.1757325085099226,7
2018-07-04,2018-03-29,2018-10-10,2.1951172419025564,13.52296174681414,1544.8383371913055,1544.3916704133153,1545.4215015000664,1.0298310867510736,0.75,0.0984529189593497,7
2018-07-04,2018-03-29,2018-10-10,3.1554400433037615,13.801122464704278,1642.135590859093,1641.5322449388914,1642.818184397649,1.285939458757639,1.0,0.1010870762451643,7
2018-07-04,2018-03-29,2018-10-10,4.009003402447794,16.21822219259363,1628.959900931019,1628.4761421359144,1629.5360947554,1.059952619485557,1.25,0.0210233241776844,7
2018-07-04,2018-03-29,2018-10-10,2.802577797066607,10.927673068554885,1619.2652541252166,1619.1455503730103,1619.65667358879,0.5111232157796621,0.5,0.1526553502063143,7
2018-07-04,2018-03-29,2018-10-10,2.587188527849783,9.103578769245896,1619.1278770187798,1618.873316717334,1619.65667358879,0.7833568714559078,1.5,0.1004175053212674,7
2018-07-04,2018-03-29,2018-10-10,2.313539325295323,22.851587753828927,1571.7663995703983,1570.9091821177865,1572.985335374717,2.076153256930411,1.0,0.0673305436359961,7
2018-07-04,2018-03-29,2018-10-10,2.72312795424778,7.954750818374936,3052.9946873661747,3026.0134767917916,3063.345635741949,37.33215895015746,0.75,0.1231366188888505,7
2018-07-04,2018-03-29,2018-10-10,3.43359290862129,11.131278250270544,3982.042623442901,3978.7429141453463,3986.4114553947,7.668541249353439,3.5,0.0975383318379163,7
2018-07-04,2018-03-29,2018-10-10,2.620172169034993,6.410613664310805,4273.798964413529,4272.133499309886,4276.30338666169,4.169887351803482,3.25,0.0670839113211607,7
2018-07-04,2018-03-29,2018-10-10,2.2025443736473935,23.386689039299128,4125.217217877774,4124.143275714945,4126.5105304108,2.367254695855081,4.25,0.06947143629214,7
2018-07-04,2018-03-29,2018-10-10,2.85007205931292,21.541445705653217,3487.827131033074,3486.1352474056184,3489.3964552935213,3.261207887902856,4.0,0.0806282842662742,7
2018-07-04,2018-03-29,2018-10-10,2.515934025423471,20.83913138227596,3483.098662796375,3482.1607550531626,3484.976189197041,2.8154341438785195,2.5,0.1429750496476756,7
2018-07-04,2018-03-29,2018-10-10,3.87676311897357,18.16884798937114,3482.681477123975,3480.9690596740693,3484.743397546001,3.7743378719314937,3.0,0.0887675707039492,7
2018-07-04,2018-03-29,2018-10-10,2.291348708039858,16.464359507848005,4686.029351486511,4683.6206131326035,4688.988017369993,5.3674042373895645,2.5,0.0783356260926848,7
2018-07-04,2018-03-29,2018-10-10,3.2565317743836624,7.0952502430271736,4147.95007755385,4146.661691326182,4149.327733013313,2.666041687130928,2.5,0.0568391123811601,7
2018-07-04,2018-03-29,2018-10-10,2.28586297087716,15.113329177425472,3784.0478538382094,3783.6174718001857,3784.58136138739,0.9638895872049034,1.5,0.0530969536185882,7
2018-07-04,2018-03-29,2018-10-10,2.3652536885648963,7.317618610014707,4473.0410480558685,4471.432961880695,4474.200707591604,2.7677457109093666,2.25,0.0511949722234883,7
2018-07-04,2018-03-29,2018-10-10,3.718201879919637,8.69850065435635,4596.54463743536,4594.523031741381,4598.32396666985,3.80093492846936,2.5,0.0791892635216262,7
2018-07-04,2018-03-29,2018-10-10,2.2495302792110476,22.93480965962566,1585.3329847414548,1585.0721590062603,1585.8445158451796,0.7723568389192224,0.75,0.0837687917482588,7
2018-07-04,2018-03-29,2018-10-10,2.5638926289770754,22.826663048390177,1576.9568909657708,1576.7539912411012,1577.526681539137,0.7726902980357409,0.75,0.0400132666566271,7
2018-07-04,2018-03-29,2018-10-10,2.3955538251892663,10.998842165253814,1538.245011878987,1537.9976171529852,1538.7559486054815,0.7583314524963498,0.75,0.1531520748932857,7
2018-07-04,2018-03-29,2018-10-10,3.2969140597505495,5.861280120541946,3556.3735600851255,3555.8083103443496,3557.213260166347,1.404949821997434,1.0,0.0699441684007096,7
2018-12-19,2018-10-10,2019-02-28,2.7688455361660385,27.02959199073586,3548.7851082798215,3546.4881848832592,3550.9479997740127,4.459814890753478,2.0,0.0948245576368889,12
2018-12-19,2018-10-10,2019-02-28,5.957213141364008,8.455326444926511,3246.741112140245,3246.1937507763505,3247.152488438878,0.9587376625277102,3.25,0.1734074923930584,12
2018-12-19,2018-10-10,2019-02-28,2.6692028485766612,25.28499449472888,2557.0273532672627,2556.859699516557,2557.33417586796,0.4744763514026999,1.25,0.1421408198652396,12
2018-12-19,2018-10-10,2019-02-28,2.2853714558985083,27.319124118683135,2546.157217945988,2546.0537682478316,2546.537455854472,0.4836876066401601,0.75,0.0898271812147133,12
2018-12-19,2018-10-10,2019-02-28,2.7828529963893347,5.094434223124675,2935.6502319088245,2934.1934836809523,2938.173798415344,3.980314734391868,1.75,0.0469878380034355,12
2018-12-19,2018-10-10,2019-02-28,4.541216358832242,5.373088533495195,2933.8210496326433,2932.3681112336926,2935.6495776679367,3.2814664342440665,1.5,0.0808566053313619,12
2018-12-19,2018-10-10,2019-02-28,2.8343405341560017,26.013518302892077,2546.090304795034,2546.0537682478316,2546.537455854472,0.4836876066401601,1.25,0.1606516423006065,12
2018-12-19,2018-10-10,2019-02-28,2.678681980704423,24.7679879493225,2546.3183365610244,2546.2985664359294,2546.7944982554764,0.4959318195469677,1.75,0.22837982910618,12
2018-12-19,2018-10-10,2019-02-28,2.604522344059218,10.269578652026771,2542.086684999586,2541.9231423437595,2542.4070356604643,0.4838933167047798,1.0,0.0972944903511918,12
2018-12-19,2018-10-10,2019-02-28,3.0964111846501945,11.141255665492755,3057.1228042614425,3056.855309558101,3057.7512720883824,0.8959625302813947,2.0,0.1359952312592405,12
2018-12-19,2018-10-10,2019-02-28,3.5242089206416254,8.030511378442243,3024.139750730207,3020.2685098536313,3059.2998158158734,39.031305962242186,1.0,0.1585317235720507,12
2018-12-19,2018-10-10,2019-02-28,3.22243550573159,8.208807708517199,2989.6364384423,2989.4351365854964,2990.1415066584013,0.7063700729049742,0.75,0.2061059594141667,12
2018-12-19,2018-10-10,2019-02-28,2.404524421467306,7.982734528322999,2987.302624415424,2987.1037625628524,2987.808327373583,0.7045648107305169,1.25,0.1597832675905697,12
2018-12-19,2018-10-10,2019-02-28,3.8723502939119,10.52628243774099,2967.9519832760657,2967.3283425597474,2968.735930399969,1.4075878402218225,1.5,0.0374951280822771,12
2018-12-19,2018-10-10,2019-02-28,3.2471091993257404,8.729976487067889,2988.8172875769,2988.4880280117504,2989.343161604367,0.8551335926167667,0.75,0.1765180411896083,12
2018-12-19,2018-10-10,2019-02-28,3.636104186785687,7.236418440013356,3018.560828571705,3018.3657121779397,3019.0890193246305,0.7233071466907859,0.75,0.2815421856391564,12
2018-12-19,2018-10-10,2019-02-28,2.3096414263753218,6.197980217712729,3007.0138831011827,3006.259245220106,3007.67687734589,1.4176321257837117,1.25,0.0621268808757813,12
2018-12-19,2018-10-10,2019-02-28,2.597039371912796,6.288332075357844,4651.875844840625,4636.306903628632,4685.133666421752,48.82676279312,1.75,0.1128919587783094,12
2018-12-19,2018-10-10,2019-02-28,2.915023106096862,6.797973465496458,4649.856130674854,4648.583320598118,4650.824281825684,2.240961227566004,2.75,0.0936022034021821,12
2018-12-19,2018-10-10,2019-02-28,2.710435759440623,21.71993374748865,5195.746251146636,5180.190318460576,5209.539398984052,29.349080523476005,1.0,0.1965690874859382,12
2018-12-19,2018-10-10,2019-02-28,2.147879248279985,22.005470477619404,5164.772864397193,5164.71996160876,5165.214708500076,0.4947468913160264,0.75,0.1184282213264165,12
2018-12-19,2018-10-10,2019-02-28,2.3452395330794156,24.67898521328762,4313.050741607498,4312.818846701179,4313.530786157586,0.7119394564069808,0.75,0.0809852254860821,12
2018-12-19,2018-10-10,2019-02-28,3.252642475482729,20.224568709647865,5004.05914569563,5003.710173669737,5004.436427182518,0.7262535127811134,1.0,0.4280270006535014,12
2018-12-19,2018-10-10,2019-02-28,2.566433576277401,5.575821149525795,5003.969388638042,5002.011025593616,5005.466515643522,3.455490049906075,2.0,0.0640589170690186,12
2018-12-19,2018-10-10,2019-02-28,2.922440562820248,5.261622083967354,4300.326432177954,4300.180020829197,4300.655418467708,0.4753976385109126,1.25,0.1302439040795722,12
2018-12-19,2018-10-10,2019-02-28,2.7964520751516333,11.299962295146036,3799.4476219760154,3798.915304475464,3800.202558564488,1.287254089023918,1.25,0.0274139450000038,12
2018-12-19,2018-10-10,2019-02-28,4.392539587526982,5.393277348645576,3706.709430807448,3705.515218359418,3707.884170663543,2.368952304124832,3.5,0.1043384977861761,12
2018-12-19,2018-10-10,2019-02-28,9.866373368277914,9.633567288993108,4230.094720965601,4228.487182701472,4231.7982615455985,3.311078844126314,2.25,0.0890260497993367,12
2018-12-19,2018-10-10,2019-02-28,4.391902529170085,9.551947227220726,4232.981031659336,4232.268531086389,4233.92517079832,1.6566397119313478,1.25,0.1203843640094071,12
2018-12-19,2018-10-10,2019-02-28,4.878187024002057,10.63810877156512,4232.768020059939,4232.504993348382,4233.452245904133,0.9472525557503104,1.5,0.0877086792585912,12
2018-12-19,2018-10-10,2019-02-28,3.344251789705362,9.26846378310131,4235.661561553864,4235.311782401521,4236.444007046986,1.1322246454656124,0.75,0.0743194678130887,12
2018-12-19,2018-10-10,2019-02-28,2.1807126280209337,8.438843705829655,4233.7859931242465,4233.21335648559,4234.397412599064,1.184056113474071,1.25,0.119518566543697,12
2018-12-19,2018-10-10,2019-02-28,2.2107819974669907,5.017529597965166,4060.5234464006658,4059.7831786954775,4061.913477383088,2.1302986876107752,2.5,0.1355590789334093,12
2018-12-19,2018-10-10,2019-02-28,3.37602073791964,11.101387697702158,4024.741169189602,4022.002927853726,4027.2049905741583,5.2020627204328775,2.75,0.079847720969296,12
2018-12-19,2018-10-10,2019-02-28,40.80615820945437,5.947818361352038,3715.0014224901392,3706.6681653140113,3736.5156952952966,29.847529981285337,5.75,0.1720331092209059,12
2018-12-19,2018-10-10,2019-02-28,4.404370406813231,5.722372557396369,3589.7268795585933,3588.1499126031995,3591.9265287322924,3.776616129092872,4.5,0.0801892841566564,12
2018-12-19,2018-10-10,2019-02-28,14.877398735413516,6.193606779279045,3578.506686257602,3575.768922444433,3581.224510445725,5.455588001292199,6.25,0.1242662635223856,12
2018-12-19,2018-10-10,2019-02-28,30.44864515780202,6.031423122055708,3559.044860893029,3555.5755270873196,3568.430245521944,12.854718434624374,6.5,0.1796278353234548,12
2018-12-19,2018-10-10,2019-02-28,9.999237212856888,7.369453913631792,3571.0487118584974,3569.367644744925,3572.887272348162,3.519627603236586,6.5,0.0976657488039867,12
2018-12-19,2018-10-10,2019-02-28,3.7711112875054686,19.312140186797333,2692.360461560328,2689.587438022252,2696.4590921434574,6.871654121205211,3.75,0.0708999843119129,12
2018-12-19,2018-10-10,2019-02-28,2.1498853221721945,5.409534453302961,2780.274068162073,2775.322336185258,2785.874389393255,10.552053207997233,1.75,0.0523208150656684,12
2018-12-19,2018-10-10,2019-02-28,10.380709214192803,5.722418033374702,2892.0076184738577,2886.5964884180576,2898.0531823355705,11.456693917512894,2.5,0.090873734636816,12
2018-12-19,2018-10-10,2019-02-28,2.738887489189021,5.256555391870187,2923.315858808359,2922.2402569130063,2924.80401643971,2.5637595267035067,1.25,0.0448759749432658,12
2018-12-19,2018-10-10,2019-02-28,2.821537315491578,5.305450705621453,1930.200331737378,1923.6229207725264,1934.6037829318084,10.980862159281967,2.25,0.0646486646133781,12
2018-12-19,2018-10-10,2019-02-28,5.625217826114176,19.733899633276472,2017.0901752708007,2015.784129225649,2018.872779201716,3.088649976067245,4.25,0.0795791393609257,12
2018-12-19,2018-10-10,2019-02-28,35.27777259664277,5.68878196148038,2057.6157486953753,2053.427671409212,2061.716194944922,8.288523535709828,4.25,0.136532608059765,12
2018-12-19,2018-10-10,2019-02-28,3.1544241063290563,5.429921784268577,2075.571262990733,2071.6197805372067,2086.08251193678,14.462731399573386,2.5,0.0659211256038094,12
2018-12-19,2018-10-10,2019-02-28,30.06679200839882,5.997251092613109,2935.177242451671,2929.106634994503,2940.7190855047666,11.612450510263445,3.75,0.1727727071481144,12
2018-12-19,2018-10-10,2019-02-28,3.146569004190899,11.216177560830433,3057.0309315118147,3056.6054644184187,3057.501220313832,0.8957558954134583,1.75,0.1337390603154165,12
2018-12-19,2018-10-10,2019-02-28,3.3964515165510587,13.32162147144689,3242.853088187751,3242.591701409314,3243.551123660058,0.9594222507439554,1.0,0.0541570233344879,12
2018-12-19,2018-10-10,2019-02-28,10.663758715366908,5.270886995434093,2945.844107555502,2942.0291292895563,2950.8972280626185,8.86809877306223,2.5,0.1080804002482072,12
2018-12-19,2018-10-10,2019-02-28,2.34239441982693,9.052756300061793,2950.4687973175573,2949.607764921151,2951.4794714786112,1.8717065574601293,1.5,0.0819421805108,12
2018-12-19,2018-10-10,2019-02-28,3.0594343276669833,6.915944173987065,3026.486403674311,3025.884506616276,3027.877309413161,1.9928027968853712,1.75,0.0916117093272661,12
2018-12-19,2018-10-10,2019-02-28,3.1178610655411148,12.640593415345728,2987.676239423586,2987.335764036048,2988.275675214827,0.939911178778857,1.25,0.1248781383467667,12
2018-12-19,2018-10-10,2019-02-28,2.1476806714508214,6.059642450999463,3757.196006427244,3745.5892465482466,3783.166781175416,37.57753462716937,2.0,0.0520675865716374,12
2018-12-19,2018-10-10,2019-02-28,2.7464593281991405,5.312971387382261,4848.991572515035,4848.230330962688,4850.188398587983,1.9580676252953708,4.25,0.0613113111966068,12
2018-12-19,2018-10-10,2019-02-28,18.384148243733904,5.921449863565537,4881.311418894284,4870.590037542395,4898.817845445592,28.227807903196663,5.0,0.1419597720110088,12
2018-12-19,2018-10-10,2019-02-28,4.763031693685503,6.827779272812006,5003.923359082607,5002.011025593616,5005.466515643522,3.455490049906075,3.5,0.0653630382956971,12
2018-12-19,2018-10-10,2019-02-28,2.1261998543801996,5.4231587462259565,4737.625318308189,4728.801062570885,4774.432156763505,45.63109419262037,3.25,0.059240064652693,12
2018-12-19,2018-10-10,2019-02-28,3.3258260696861237,5.822555910346923,4626.512341649838,4624.161530594807,4640.167964497581,16.006433902774006,4.0,0.0982455433440121,12
2018-12-19,2018-10-10,2019-02-28,5.7377942257128565,7.381259509484104,5084.010676006337,5082.601688699331,5085.37545108702,2.773762387689203,4.0,0.078326256884027,12
2018-12-19,2018-10-10,2019-02-28,4.565237645424354,5.569033348443456,4644.921666032213,4636.306903628632,4685.133666421752,48.82676279312,3.0,0.0992450798557986,12
2018-12-19,2018-10-10,2019-02-28,3.375870595920086,8.351147603017933,4649.889971265394,4649.173312748782,4650.824281825684,1.6509690769016745,1.5,0.0501088274872929,12
2018-12-19,2018-10-10,2019-02-28,2.7906315344688486,7.231860476065636,5098.534591938133,5097.071834310424,5100.249137117993,3.177302807569504,3.25,0.0552554740563709,12
2018-12-19,2018-10-10,2019-02-28,5.334880883782729,5.177056297216417,5443.801640962972,5440.646365921479,5460.850715995766,20.204350074287504,2.75,0.0676698641936246,12
2018-12-19,2018-10-10,2019-02-28,71.22187658175278,6.913180716446916,5468.192485388538,5448.620136828627,5492.130438688211,43.510301859583706,7.75,0.2516609599235009,12
2018-12-19,2018-10-10,2019-02-28,4.783749378508589,5.517701392982047,5480.842508764392,5478.104087888263,5484.169183560647,6.0650956723839045,3.0,0.0731435751708597,12
2018-12-19,2018-10-10,2019-02-28,3.796290053052772,6.120184706374258,5602.466655229709,5599.968578652013,5604.732407736126,4.76382908411324,4.5,0.0722104703353543,12
2018-12-19,2018-10-10,2019-02-28,6.286534149295613,7.597800569630272,5423.034195739493,5417.013691662345,5436.16483050352,19.151138841174543,4.0,0.0911417182105911,12
2018-12-19,2018-10-10,2019-02-28,2.2371573003894176,5.834968610594514,4069.197535930528,4067.603353482671,4071.155310763512,3.5519572808407247,3.75,0.0590333831846534,12
2018-12-19,2018-10-10,2019-02-28,4.16311514691431,11.751957707184072,3947.231171948169,3946.9891004967503,3947.700762491208,0.7116619944572449,0.75,0.1275493880164013,12
2018-12-19,2018-10-10,2019-02-28,3.1773178348656463,7.307770391475741,3765.274544044799,3754.3528417921625,3792.235421625432,37.88257983326912,2.75,0.0646489778695946,12
2018-12-19,2018-10-10,2019-02-28,3.8848391938238778,6.780618635750902,3771.661960399264,3760.696632455103,3801.594888630789,40.898256175685674,2.25,0.069412821782353,12
2018-12-19,2018-10-10,2019-02-28,2.1439460534483943,6.081184110155751,4217.224535608918,4215.295103833079,4219.170057604555,3.8749537714757025,2.75,0.0604311893784503,12
2018-12-19,2018-10-10,2019-02-28,99.797550641065,14.390836490302764,4229.8971100894305,4225.074533134233,4234.161633104552,9.087099970318375,6.25,0.1871837461329928,12
2018-12-19,2018-10-10,2019-02-28,3.863833587529092,6.953957622660416,4411.501410230801,4407.70180273708,4415.466496936977,7.764694199897349,1.25,0.1004820503407899,12
2018-12-19,2018-10-10,2019-02-28,2.764860741220042,7.265734554999605,4569.421062287133,4568.6510310722515,4570.2861554794945,1.6351244072429836,0.75,0.0606459834705519,12
2018-12-19,2018-10-10,2019-02-28,113.99080221239991,9.335978599859544,4619.131445597096,4614.556843421888,4622.108280034736,7.551436612848192,11.0,0.2634738518485457,12
2018-12-19,2018-10-10,2019-02-28,4.320678246255219,14.942285228169933,4305.28734170618,4304.2003200692125,4306.385901750997,2.1855816817842424,1.5,0.0441798804731269,12
2018-12-19,2018-10-10,2019-02-28,12.750051853490184,10.25917990453334,4230.158809276915,4227.542426842265,4232.271186133381,4.728759291116148,2.75,0.0952895580124779,12
2018-12-19,2018-10-10,2019-02-28,39.74431857325296,10.821071898684677,4234.25562604075,4232.268531086389,4236.916938379407,4.648407293017954,5.0,0.1236457599131313,12
2018-12-19,2018-10-10,2019-02-28,25.011511301475856,18.3436960261389,4231.906954414305,4230.377670250367,4233.92517079832,3.54750054795295,3.0,0.0681198638681179,12
2018-12-19,2018-10-10,2019-02-28,4.136373865402676,15.836304249519854,4235.956389897045,4235.548246546648,4236.680472857319,1.1322263106703758,1.5,0.0255063143138173,12
2018-12-19,2018-10-10,2019-02-28,3.039286274662409,5.494266737121534,4249.219571607636,4245.626149530988,4253.44066856103,7.814519030041993,1.25,0.0680370360766857,12
2018-12-19,2018-10-10,2019-02-28,4.256065108553805,5.9485183287291505,4276.831611714593,4272.606279532891,4280.812303890474,8.206024357583374,3.0,0.0811202887516193,12
2018-12-19,2018-10-10,2019-02-28,2.500080845830161,6.151698648307049,4283.803205439391,4281.755549299531,4287.184222660027,5.428673360496759,3.25,0.0592053964448213,12
2018-12-19,2018-10-10,2019-02-28,9.73777561093527,6.580816603344363,4289.898362351945,4286.472333572339,4292.635459098965,6.163125526625663,4.5,0.1062186117615249,12
2018-12-19,2018-10-10,2019-02-28,2.8094715484621933,14.951545271788891,4303.542318874655,4303.018403768074,4304.439209487755,1.4208057196810842,1.0,0.0301779647862154,12
2018-12-19,2018-10-10,2019-02-28,2.483560686980281,24.26584274996507,1458.3869385790117,1458.3225264265202,1458.8108535176143,0.4883270910941064,0.75,0.0629009369868072,12
2018-12-19,2018-10-10,2019-02-28,7.969590489216055,14.575443401318651,1538.6531234801068,1537.9976171529852,1539.5563539471475,1.5587367941625416,1.75,0.2942151937012571,12
2018-12-19,2018-10-10,2019-02-28,2.8721435901932413,13.0184607602991,1631.8101623034415,1631.1447315365076,1632.6783032030798,1.533571666572243,1.0,0.0184895103334542,12
2018-12-19,2018-10-10,2019-02-28,2.9166265915964726,14.03839459600139,1546.7967384690023,1546.5060584312305,1547.516432147473,1.0103737162426114,0.75,0.033606511359292,12
2018-12-19,2018-10-10,2019-02-28,2.2493582788296975,19.035836931636094,1545.2885095673355,1545.182612081524,1545.682981298305,0.5003692167811096,0.75,0.0397376261041959,12
2018-12-19,2018-10-10,2019-02-28,2.116172650203947,20.245635910752284,1880.4786484770416,1880.2346995286644,1880.9488805974831,0.7141810688190162,0.75,0.0958766784762943,12
2018-12-19,2018-10-10,2019-02-28,3.59605622716005,6.250323481341646,1906.6553917757212,1905.3515394944695,1908.4274380914867,3.0758985970169306,2.0,0.0516970044674919,12
2018-12-19,2018-10-10,2019-02-28,8.33522985544866,8.971073843526586,1791.4839546943222,1791.0458727418445,1792.154273434542,1.1084006926976144,0.75,0.0265869503682505,12
2018-12-19,2018-10-10,2019-02-28,4.352283794107214,7.190539861056879,1777.781140390556,1777.4452169905417,1778.568121004384,1.1229040138423445,1.5,0.2029331295862046,12
2018-12-19,2018-10-10,2019-02-28,2.958058377901372,7.748049572614024,1777.0865184473805,1777.0865184473805,1777.325407865923,0.2388894185423851,1.75,0.4940303987309047,12
2018-12-19,2018-10-10,2019-02-28,3.882578941590339,8.175139185251362,1768.095564778899,1767.386592529714,1768.8383501223288,1.45175759261474,0.75,0.1432971909496116,12
2018-12-19,2018-10-10,2019-02-28,4.620196007553021,7.089265653023964,1765.455743332618,1765.218129787594,1766.049998786766,0.8318689991720021,1.5,0.2535530844269695,12
2018-12-19,2018-10-10,2019-02-28,2.4383024894138794,8.29994035853461,1764.6517453786787,1764.5323623847216,1765.0681420215406,0.5357796368189156,1.5,0.3781259973074924,12
2018-12-19,2018-10-10,2019-02-28,7.054104723336361,8.042596438656638,1766.7617501153456,1766.4965694914572,1767.3288076021709,0.8322381107136607,2.25,0.5050812237146651,12
2018-12-19,2018-10-10,2019-02-28,3.673593282404607,9.638848737659826,1836.908150285428,1836.792761419434,1837.4076598943211,0.6148984748870134,1.0,0.2160293610357455,12
2018-12-19,2018-10-10,2019-02-28,2.337216969458862,9.543583836282007,1850.301812903083,1849.8173664677888,1850.8591172024608,1.0417507346719503,1.0,0.0581964764854581,12
2018-12-19,2018-10-10,2019-02-28,3.812870412036125,9.581346867101262,1831.8290323146143,1831.608044696506,1832.3200887688436,0.7120440723374486,1.25,0.0616682951331715,12
2018-12-19,2018-10-10,2019-02-28,2.0607753884910607,9.795531231878115,1830.1408798135683,1829.4951081108304,1831.1897234474309,1.694615336600691,0.75,0.1779946313218605,12
2018-12-19,2018-10-10,2019-02-28,2.910471605727729,8.891230587993402,1830.2389964895444,1829.4951081108304,1831.1897234474309,1.694615336600691,1.0,0.0771578681520757,12
2018-12-19,2018-10-10,2019-02-28,5.487040304476209,8.107735364974156,1830.6346987987952,1829.4951081108304,1831.1897234474309,1.694615336600691,1.0,0.1478511674362193,12
2018-12-19,2018-10-10,2019-02-28,2.666474134193361,8.208738149482707,1831.731600613842,1830.242028045468,1833.429402159527,3.187374114058912,0.75,0.1020933335266871,12
2018-12-19,2018-10-10,2019-02-28,6.114464848347846,9.700855676967452,1830.268768972947,1829.731715867296,1830.953454699833,1.2217388325370848,0.75,0.0747131383242838,12
2018-12-19,2018-10-10,2019-02-28,59.72571330137628,5.297360049065559,3702.517709741337,3694.102185292635,3718.826834222302,24.724648929666728,6.25,0.2238986134953191,12
2018-12-19,2018-10-10,2019-02-28,3.6975483369054274,13.709570715350583,1631.983429439684,1631.6191710243002,1632.6783032030798,1.0591321787796917,1.25,0.0226798960251123,12
2018-12-19,2018-10-10,2019-02-28,3.2282417130492624,9.243540090161424,1830.2275724895132,1829.4951081108304,1831.1897234474309,1.694615336600691,0.75,0.1326810516830323,12
2018-12-19,2018-10-10,2019-02-28,9.743215959108444,5.8194783810818285,1898.8096728181793,1892.6004856401123,1907.3942206264471,14.79373498633504,4.75,0.0985019364377759,12
2018-12-19,2018-10-10,2019-02-28,6.092331504830476,5.421924470507104,1312.0384594502607,1305.6425792723894,1319.2628541179,13.62027484551072,2.5,0.103949590193364,12
2018-12-19,2018-10-10,2019-02-28,6.3324161468561835,5.076805558952101,1312.7392327641164,1310.1248614317738,1329.1411269181408,19.016265486367047,2.5,0.0877992743803013,12
2018-12-19,2018-10-10,2019-02-28,4.358830080843531,6.530380184805349,1361.436868297891,1354.134621440433,1369.6342476187274,15.49962617829442,4.25,0.1067634568750297,12
2018-12-19,2018-10-10,2019-02-28,2.779011953150947,5.9140189296914665,1690.413298696904,1690.054004485719,1690.8703438756056,0.8163393898867071,0.5,0.0295652374065633,12
2018-12-19,2018-10-10,2019-02-28,2.425708836491872,5.3850851059534275,1679.3380555177978,1677.37852221122,1681.3755068709145,3.996984659694135,0.75,0.03695565104121,12
2018-12-19,2018-10-10,2019-02-28,4.1060140064236705,5.48461092822273,1690.964471803575,1689.765279347077,1692.1548107103445,2.3895313632674515,0.75,0.037669850296772,12
2018-12-19,2018-10-10,2019-02-28,2.471618007723801,5.087701104792687,1656.1497285498665,1654.6155094900168,1657.8040678249672,3.1885583349503577,0.75,0.021593096298646,12
2018-12-19,2018-10-10,2019-02-28,17.692338522388496,5.207013964012284,1655.930611996473,1649.268166956026,1666.4069706182927,17.138803662266582,2.25,0.0926504882996315,12
2018-12-19,2018-10-10,2019-02-28,38.67697671651897,5.0868703831787165,1501.6365355066243,1485.1464875778183,1521.0288077048026,35.88232012698427,4.0,0.1683748604076052,12
2019-03-10,2019-02-28,2019-03-20,4.692982985599283,29.771150399250413,3671.7752516155383,3668.178585436195,3675.248781720176,7.070196283981204,1.5,0.1020674258136888,3
2019-03-10,2019-02-28,2019-03-20,4.101426732364111,19.562160920510983,1617.493116136648,1617.314392367378,1617.8249377380123,0.5105453706346452,1.5,0.3948451935292185,3
2019-03-10,2019-02-28,2019-03-20,5.357693628806436,9.376887414583118,1832.516854587025,1832.0811993503012,1833.261622719001,1.1804233686998489,1.5,0.2344406534277721,3
2019-03-10,2019-02-28,2019-03-20,3.659743489197549,10.78805078355183,3795.558665645936,3795.071005233098,3796.270922544878,1.1999173117801547,1.25,0.1015412052061481,3
2019-03-10,2019-02-28,2019-03-20,2.3455626907403486,6.4465695077443605,4235.901071393813,4235.311782401521,4236.680472857319,1.3686904557980597,1.0,0.0349400501924856,3
2019-03-10,2019-02-28,2019-03-20,2.3330806588991546,16.86807044332012,4125.913372276168,4125.798584650271,4126.274002192542,0.475417542271316,1.0,0.1050413806609162,3
2019-03-10,2019-02-28,2019-03-20,4.194067451651301,21.51636546331997,4174.3223236365775,4173.970616806764,4174.918809475843,0.9481926690787076,1.25,0.0454514515311249,3
2019-03-10,2019-02-28,2019-03-20,12.404923353566566,9.000655062712374,4234.1301875163845,4230.377670250367,4236.916938379407,6.539268129039556,3.5,0.0966717156343677,3
2019-03-10,2019-02-28,2019-03-20,2.5482071497555823,13.851705311951282,1639.690271036469,1639.41580206668,1640.2071620831266,0.7913600164465606,1.0,0.1727087316853492,3
2019-03-10,2019-02-28,2019-03-20,3.7748463832867336,13.875561076780125,1641.945620291246,1641.5322449388914,1642.6004212764092,1.068176337517798,1.0,0.0688647515537099,3
2019-03-10,2019-02-28,2019-03-20,4.572888377664947,7.340187269871336,2059.396107114378,2057.1811551284045,2061.716194944922,4.535039816517383,3.0,0.0819123214977979,3
2019-03-10,2019-02-28,2019-03-20,5.357542531249206,11.523926123671504,3233.4584743294863,3233.0818302044645,3234.0378847694956,0.9560545650310814,1.25,0.131656575704735,3
2019-03-10,2019-02-28,2019-03-20,18.49951576757648,7.164423533429238,3560.6439772784215,3558.141779216472,3563.5547734834254,5.412994266953319,5.75,0.1061554123198416,3
2019-04-07,2019-03-20,2019-04-25,2.4125376684005375,21.817001246909022,3839.7636452499128,3839.5602890583687,3840.277730928734,0.7174418703652918,0.5,0.1335843402222924,4
2019-04-07,2019-03-20,2019-04-25,2.815001241277903,25.62536862360719,3795.307288846001,3795.307288846001,3795.5461782645434,0.2388894185423851,1.0,0.0750549008565093,4
2019-04-07,2019-03-20,2019-04-25,2.1531503433001227,5.009398125020977,4022.580477284946,4022.4756601783447,4022.950964226853,0.4753040485084057,1.0,0.2017392816672014,4
2019-04-07,2019-03-20,2019-04-25,2.7453596007608807,27.081866067157424,3963.0117194220174,3962.7817339599137,3963.493406399153,0.7116724392399192,0.75,0.4255834597754404,4
2019-04-07,2019-03-20,2019-04-25,2.083758760281959,8.884406818858412,3258.895761847962,3258.8957618479617,3259.134651266504,0.2388894185423851,3.75,0.1727920008832684,4
2019-04-07,2019-03-20,2019-04-25,2.056180947748944,19.207868947689448,2553.4408858727447,2553.372171655763,2553.8153067892417,0.4431351334787905,0.75,0.2302585832647707,4
2019-04-07,2019-03-20,2019-04-25,3.4972646428465843,20.94128500418042,2553.522845820268,2553.372171655763,2553.8153067892417,0.4431351334787905,2.25,0.2571945170770107,4
2019-04-07,2019-03-20,2019-04-25,2.1322779775785285,25.119526888081115,2557.104760410202,2556.859699516557,2557.5769896917045,0.7172901751473546,1.25,0.1732131169107065,4
2019-04-07,2019-03-20,2019-04-25,2.892170884596742,24.602271999841413,2546.2985664359294,2546.2985664359294,2546.537455854472,0.2388894185423851,1.75,0.1556159347086638,4
2019-04-07,2019-03-20,2019-04-25,2.8066287643815393,7.272158870985418,2540.1716720953973,2539.8958122236654,2540.62495161267,0.7291393890045583,1.0,0.212989294887913,4
2019-04-07,2019-03-20,2019-04-25,2.3573978100361304,7.358774955906145,2541.533201154865,2541.213689278811,2542.162031762302,0.9483424834907056,0.75,0.2705964723549581,4
2019-04-07,2019-03-20,2019-04-25,2.4324903695830984,10.322093754475356,2542.08990604221,2541.9231423437595,2542.4070356604643,0.4838933167047798,1.0,0.1234054212004642,4
2019-04-07,2019-03-20,2019-04-25,4.0103304331677965,20.691860871186513,2546.500151937874,2546.2985664359294,2546.7944982554764,0.4959318195469677,1.25,0.3525909737733768,4
2019-04-07,2019-03-20,2019-04-25,8.78931982056722,9.93877538158675,2987.03646992628,2986.6364151705056,2987.5746534545906,0.938238284084946,3.25,0.3033231466744723,4
2019-04-07,2019-03-20,2019-04-25,4.596162179266438,6.695224617777424,3007.3193576275867,3006.498746557627,3008.1513177822344,1.6525712246075273,2.75,0.1139394306106833,4
2019-04-07,2019-03-20,2019-04-25,5.576982170557417,8.990378935642934,2967.8626293456714,2967.5617293762043,2968.267392121721,0.7056627455167472,1.75,0.2946538663157394,4
2019-04-07,2019-03-20,2019-04-25,4.737045183291752,10.552681561097454,2967.8476595152893,2967.3283425597474,2968.735930399969,1.4075878402218225,1.75,0.0383252463768712,4
2019-04-07,2019-03-20,2019-04-25,2.2419730124554595,12.936440078604305,2968.777527504962,2968.497040981427,2969.435888490174,0.9388475087471306,1.0,0.1730855361970684,4
2019-04-07,2019-03-20,2019-04-25,3.831725356618128,14.556544812588982,2978.3422226049775,2978.1788190905936,2978.6510541690513,0.4722350784577429,1.0,0.1041353440103021,4
2019-04-07,2019-03-20,2019-04-25,2.116918582413346,10.746540935507532,3077.761367665836,3054.7017754488625,3101.059849301353,46.358073852490634,1.25,0.2185940039193301,4
2019-04-07,2019-03-20,2019-04-25,6.154244594878816,8.159689463085732,3246.7323559041433,3246.1937507763505,3247.152488438878,0.9587376625277102,3.5,0.1513479469088219,4
2019-04-07,2019-03-20,2019-04-25,2.446307673829235,7.589081924565943,3232.9351033764005,3232.843693688512,3233.320719623007,0.4770259344950318,1.5,0.124849261819171,4
2019-04-07,2019-03-20,2019-04-25,2.0057806554484183,11.67910648743237,3077.834676509875,3054.451981574297,3101.059849301353,46.607867727056146,1.0,0.1115035431515487,4
2019-04-07,2019-03-20,2019-04-25,2.5983798998849466,10.561824572960257,3185.6797158629633,3185.6797158629633,3185.9186052815057,0.2388894185423851,2.5,0.1280213085065917,4
2019-04-07,2019-03-20,2019-04-25,2.0034843309126793,9.938260880970496,3116.489860219645,3094.0399346845224,3135.0163597255014,40.97642504097894,1.25,0.2200215836926156,4
2019-04-07,2019-03-20,2019-04-25,2.0200925205132925,5.209819043640555,3119.2608718274805,3094.0399346845224,3135.0163597255014,40.97642504097894,1.5,0.256810607344744,4
2019-04-07,2019-03-20,2019-04-25,8.72957536866041,20.46945232552579,4977.377238652933,4977.180582435336,4977.9055247497745,0.7249423144385219,1.75,0.4172346690040474,4
2019-04-07,2019-03-20,2019-04-25,4.497559735650103,19.511175434526645,4991.807736815176,4991.617335462011,4992.337420952041,0.7200854900293052,1.0,0.0352334858338532,4
2019-04-07,2019-03-20,2019-04-25,2.1232103324742058,17.45200491683157,4998.964637216326,4998.897585820872,4999.380113616586,0.4825277957133949,0.75,0.3647194286198107,4
2019-04-07,2019-03-20,2019-04-25,3.5382670254216526,19.457561253413147,4998.443674726372,4997.066372944508,4999.380113616586,2.3137406720779836,0.75,0.497428260433681,4
2019-04-07,2019-03-20,2019-04-25,2.0824241448229177,19.402091132893315,5000.128110656949,5000.077764682006,5000.560341777746,0.4825770957395434,1.25,0.0411714674420821,4
2019-04-07,2019-03-20,2019-04-25,5.93894383419156,19.882211424363977,5003.839455556692,5003.710173669737,5004.192745143082,0.4825714733451605,1.5,0.0483079780139134,4
2019-04-07,2019-03-20,2019-04-25,8.42985694025103,19.53266668097761,5010.307598746357,5010.128884911537,5010.855805225205,0.726920313667506,2.0,0.2912048299383185,4
2019-04-07,2019-03-20,2019-04-25,8.165633298872226,19.589181562209777,5012.682595445864,5012.3574606711045,5013.318082888145,0.960622217040509,2.25,0.2598995129845161,4
2019-04-07,2019-03-20,2019-04-25,2.023327083240356,22.260811378412928,5043.485131238587,5043.485131238587,5043.72402065713,0.2388894185423851,1.25,0.0320868805348356,4
2019-04-07,2019-03-20,2019-04-25,5.395630462918058,21.990925476538663,5074.780088709969,5074.474863283336,5075.18989858171,0.7150352983735502,1.25,0.0481581205116049,4
2019-04-07,2019-03-20,2019-04-25,2.393003680646326,5.858590010534379,5123.015471457256,5122.536213961896,5123.524982538074,0.9887685761786996,0.5,0.152236412733473,4
2019-04-07,2019-03-20,2019-04-25,2.2694733650945125,23.597036346985817,5043.556316179511,5043.241486897692,5043.967665143311,0.7261782456189394,1.0,0.14518958599254,4
2019-04-07,2019-03-20,2019-04-25,2.15499456961127,13.32026803072314,4644.678513935688,4644.468692190014,4644.957114288118,0.4884220981039107,0.75,0.1074810912697843,4
2019-04-07,2019-03-20,2019-04-25,2.1535304163650237,5.86596315225749,140.9417847180557,81.95659690024331,246.05967294657603,164.10307604633272,1.25,0.2892897238196923,4
2019-04-07,2019-03-20,2019-04-25,2.7654018257530404,8.265462008927896,1766.6779366784308,1766.4965694914572,1767.0321334050968,0.5355639136396348,0.75,0.163546101263432,4
2019-04-07,2019-03-20,2019-04-25,5.543407457228377,11.976405236003933,2543.165546793556,2541.9231423437595,2544.6037682532333,2.680625909473747,2.25,0.0883548556386815,4
2019-04-07,2019-03-20,2019-04-25,3.3689296638643373,12.601497947344663,2987.7015788742683,2987.335764036048,2988.275675214827,0.939911178778857,1.25,0.0956782377825871,4
2019-04-07,2019-03-20,2019-04-25,2.0923744863287546,15.512606882311792,2989.5090899632323,2989.104272185825,2990.0452789380215,0.9410067521966994,0.75,0.0800140030645935,4
2019-04-07,2019-03-20,2019-04-25,10.592166363580422,12.477266993710211,1092.756966300001,1088.1492384104058,1096.1868225010112,8.037584090605378,6.75,0.104157506887621,4
2019-04-07,2019-03-20,2019-04-25,3.2936956220592375,13.873464033538996,1640.8323892593412,1640.4180048014969,1641.4862890783695,1.0682842768728733,1.0,0.0214223485223982,4
2019-04-07,2019-03-20,2019-04-25,3.466207226765435,8.256252424029556,1765.116151869617,1764.8292526029982,1765.7535090777092,0.9242564747110008,1.25,0.3768788958316804,4
2019-04-07,2019-03-20,2019-04-25,2.039827175379078,12.637449908754666,3245.9879789993975,3245.71357678622,3246.432640194893,0.7190634086728096,1.0,0.1124619149487005,4
2019-04-07,2019-03-20,2019-04-25,4.605948045407608,7.343582588156947,4569.7619475466745,4568.88988781115,4570.763708062004,1.873820250853896,1.0,0.0870283081146838,4
2019-04-07,2019-03-20,2019-04-25,2.2043849568949083,23.990103574723214,5043.470886914013,5043.241486897692,5043.967665143311,0.7261782456189394,0.75,0.0884115550138719,4
2019-04-07,2019-03-20,2019-04-25,3.287078385165613,12.544533109323824,3245.679746602457,3245.4734896705486,3246.192553335335,0.7190636647865176,1.0,0.1151312637226575,4
2019-04-07,2019-03-20,2019-04-25,33.852407228061665,10.972949096171996,3562.72994938924,3558.612376085017,3568.430245521944,9.81786943692714,9.5,0.1522524742340292,4
2019-04-07,2019-03-20,2019-04-25,2.3886066820086356,20.057233450545773,103.17574031687624,56.19984851544723,229.98865869967267,173.78881018422544,2.25,0.1418998546401395,4
2019-04-07,2019-03-20,2019-04-25,8.710780325600105,17.70117041489599,73.94890811989677,18.77207542071119,200.05283490614968,181.28075948543847,3.25,0.1083338886025087,4
2019-04-07,2019-03-20,2019-04-25,8.96442964631184,17.504798889912973,86.04219929916641,26.64078446198255,213.15002744225785,186.5092429802753,2.5,0.1453789778532654,4
2019-04-07,2019-03-20,2019-04-25,2.198146479174383,20.59867743497462,46.941408633156186,46.3903426155448,47.88110680645332,1.4907641909085214,1.5,0.0530748512566747,4
2019-04-07,2019-03-20,2019-04-25,3.158662482392835,20.6534410814021,102.82249027475196,47.533380032517016,226.01070494391024,178.47732491139325,1.75,0.0678142753094412,4
2019-04-07,2019-03-20,2019-04-25,9.622688722437127,15.927089034115166,97.40994640706084,60.720761069562286,235.1914723981172,174.4707113285549,2.25,0.1233700232479972,4
2019-04-07,2019-03-20,2019-04-25,2.0038366928050295,23.700668116333368,1573.8201704956589,1573.820170495659,1574.0590599142015,0.2388894185423851,1.0,0.0432796355027886,4
2019-04-07,2019-03-20,2019-04-25,3.044442583316937,21.612632070400927,1552.267488905229,1552.267488905229,1552.506378323771,0.2388894185423851,1.0,0.1523442155887133,4
2019-04-07,2019-03-20,2019-04-25,2.7288087446207183,21.600170534702457,1535.9626867799996,1535.8126655989329,1536.3108411044814,0.4981755055487156,1.0,0.1358958151272515,4
2019-04-07,2019-03-20,2019-04-25,2.2552927697651275,7.490602139800594,1619.195724350163,1618.873316717334,1619.6911448207684,0.8178281034342945,1.5,0.0712975705258145,4
2019-04-07,2019-03-20,2019-04-25,4.2086757187622315,9.08795207250197,1277.2052731699814,1274.7404653495178,1279.753325846512,5.012860496994108,1.5,0.1619865836673151,4
2019-04-07,2019-03-20,2019-04-25,2.6670893341684616,9.646924605527134,1260.7766244473771,1260.4179827724583,1261.272137047723,0.854154275264591,1.5,0.1118783613340768,4
2019-04-07,2019-03-20,2019-04-25,2.537603445690032,5.194309144667182,1364.7666977334038,1364.728576982394,1365.2196607654914,0.4910837830975652,1.75,0.1559136705035491,4
2019-04-07,2019-03-20,2019-04-25,2.5015406990668736,9.404711029917513,1361.5401130957302,1361.2286706874147,1362.2145264423452,0.985855754930526,1.0,0.1919873878241684,4
2019-04-07,2019-03-20,2019-04-25,2.3165871362194417,18.641481873342325,1907.1735412415776,1906.7704744003713,1907.7190333395265,0.9485589391551912,0.75,0.2643418848245282,4
2019-04-07,2019-03-20,2019-04-25,2.7095243963088835,8.362266545996048,1777.2129948521415,1777.0865184473805,1777.6207780283876,0.5342595810070634,1.0,0.3227520091691138,4
2019-04-07,2019-03-20,2019-04-25,4.081004673196468,8.218661092489056,1766.7206242185582,1766.4965694914572,1767.0321334050968,0.5355639136396348,1.25,0.1886305342079186,4
2019-04-07,2019-03-20,2019-04-25,2.299172694831248,7.150988280076026,1766.7341011900176,1766.4965694914572,1767.0321334050968,0.5355639136396348,1.0,0.0959517958931244,4
2019-04-07,2019-03-20,2019-04-25,3.068633123062085,7.987872518691012,1764.9109602029996,1764.5323623847216,1765.3650322491303,0.8326698644086719,1.5,0.2671437338586147,4
2019-04-07,2019-03-20,2019-04-25,3.420677889708988,6.780118981066179,1764.5323623847216,1764.5323623847216,1764.771251803264,0.2388894185423851,1.5,0.1367484700707866,4
2019-04-07,2019-03-20,2019-04-25,5.403419452409633,7.763973951668327,1765.7912428695809,1765.218129787594,1766.7354589099996,1.5173291224054992,1.25,0.2736920133309528,4
2019-04-07,2019-03-20,2019-04-25,2.298866916375514,5.505708634159787,1829.9382163951148,1829.4951081108304,1831.1897234474309,1.694615336600691,1.25,0.4278162076976199,4
2019-04-07,2019-03-20,2019-04-25,4.01224095129259,9.89160820320338,1836.8529756315936,1833.7279909057545,1850.0562558863312,16.328264980576932,1.0,0.2078160393390793,4
2019-04-07,2019-03-20,2019-04-25,2.526078225692454,9.7164905550106,1830.89434257766,1830.242028045468,1833.429402159527,3.187374114058912,0.75,0.1112359867453416,4
2019-04-07,2019-03-20,2019-04-25,5.846357163635315,11.086707595160089,1836.6153898609464,1835.7675867704677,1837.8813472827896,2.113760512322187,1.0,0.1092156550158018,4
2019-04-07,2019-03-20,2019-04-25,2.934472945053391,11.42314279267358,1229.048565781119,1226.945241412148,1231.8890135791153,4.943772166967392,2.0,0.0781169874924714,4
2019-04-07,2019-03-20,2019-04-25,5.23925882455213,9.357252442323016,751.0938739774285,750.7754081049934,751.6274081682786,0.8520000632852316,3.25,0.248508861961505,4
2019-04-07,2019-03-20,2019-04-25,2.0955204210815395,11.950359308186176,1037.6104411082338,1028.9105094484985,1049.8706335909665,20.960124142467976,1.75,0.0784420762506266,4
2019-04-07,2019-03-20,2019-04-25,2.3561988240444656,10.552116702537612,998.9322805339868,981.490483301226,1007.4887986602262,25.998315359000117,0.75,0.191546194921035,4
2019-04-07,2019-03-20,2019-04-25,2.140794385349564,7.261672712938594,903.2208638124724,903.112665173132,903.596555796452,0.4838906233198941,0.75,0.3177621224182969,4
2019-04-07,2019-03-20,2019-04-25,2.4408036616260187,6.412522835055659,896.2223070619015,896.0191456051543,896.767041423358,0.7478958182036877,1.5,0.0799410143661438,4
2019-04-07,2019-03-20,2019-04-25,2.6073113780207,5.943684960628496,916.6565569016548,912.4736359808594,919.284821223002,6.811185242142528,1.25,0.0874274036539923,4
2019-06-12,2019-04-25,2019-07-30,3.5871676893972797,9.668865263376258,3795.171852404776,3794.829506809823,3795.78775969008,0.958252880256623,1.5,0.1454692953160563,6
2019-06-12,2019-04-25,2019-07-30,6.2947684286633505,22.74858617897025,3840.5938766336303,3839.799565263093,3841.2276448276825,1.428079564590007,1.5,0.2079278290916208,6
2019-06-12,2019-04-25,2019-07-30,2.225207155838609,23.413319260746334,3865.6717633097537,3865.5461383941583,3866.071704433299,0.5255660391412675,0.75,0.1315825618041222,6
2019-06-12,2019-04-25,2019-07-30,5.585253537507383,5.765322659780976,3888.350341874689,3883.6806364776567,3892.771622503176,9.090986025519667,2.5,0.0850308440889502,6
2019-06-12,2019-04-25,2019-07-30,3.61278523508409,6.433553236411729,4216.589724735142,4213.876980828121,4219.170057604555,5.293076776433736,3.25,0.0910284974466968,6
2019-06-12,2019-04-25,2019-07-30,2.11072029783749,5.342019098123873,4239.190338358304,4238.565974674653,4240.458929783665,1.892955109011382,1.25,0.0561813241626801,6
2019-06-12,2019-04-25,2019-07-30,2.4294364669788076,6.178893551945892,4148.259324791173,4146.661691326182,4150.036264625378,3.3745732991956174,2.75,0.0694976643808142,6
2019-06-12,2019-04-25,2019-07-30,2.752414602513984,5.392569603383525,3291.7711458891245,3291.627525941003,3292.11066311365,0.4831371726468205,1.5,0.0572265889626194,6
2019-06-12,2019-04-25,2019-07-30,3.1269999594145177,8.121820579567357,3245.4199163854846,3245.2294886275195,3245.712379089091,0.4828904615715146,1.75,0.085640974645762,6
2019-06-12,2019-04-25,2019-07-30,2.380905962157212,21.45377272687139,3549.9812665096815,3546.9536383086815,3552.7272665770724,5.773628268390894,2.75,0.0532411831881884,6
2019-06-12,2019-04-25,2019-07-30,18.15227381296702,6.345051983294469,3559.186090319486,3550.243740216829,3566.557813614607,16.314073397777975,7.75,0.1386639891180618,6
2019-06-12,2019-04-25,2019-07-30,2.7027016547929588,5.218574773405102,3557.311009867855,3557.207154148724,3557.9151013866067,0.7079472378827631,1.5,0.0576303050311216,6
2019-06-12,2019-04-25,2019-07-30,6.661893507912225,11.781930372106068,3233.911063915582,3233.0818302044645,3234.9980097836815,1.916179579216987,1.25,0.173894192881101,6
2019-06-12,2019-04-25,2019-07-30,5.05213596661727,5.764344806482495,4237.131005687863,4235.968651836272,4237.859650165774,1.890998329501599,2.75,0.0523833203600537,6
2019-06-12,2019-04-25,2019-07-30,2.099971767061949,5.885558343268232,4838.083692932949,4837.717085555196,4838.702429401688,0.9853438464924692,1.0,0.0520567436348701,6
2019-06-12,2019-04-25,2019-07-30,2.6298078334542554,20.10744562472717,4608.203179595675,4606.901108612772,4610.204010079149,3.3029014663770795,3.0,0.0832910261818464,6
2019-06-12,2019-04-25,2019-07-30,2.1094846423200795,7.03154405847426,4461.786570221338,4460.959124838933,4462.853754131123,1.894629292190075,1.0,0.1082851274246232,6
2019-06-12,2019-04-25,2019-07-30,6.729912671220861,7.394084557125041,1775.3752871794975,1773.6813693935983,1777.325407865923,3.6440384723246098,2.25,0.0579123780151807,6
2019-06-12,2019-04-25,2019-07-30,2.139211265172884,13.792919569945472,4741.441161911223,4726.983804142103,4774.432156763505,47.44835262140259,3.0,0.0722189140142814,6
2019-06-12,2019-04-25,2019-07-30,2.1126081811898763,13.146333393509654,4761.188620835572,4760.727988363244,4761.969443102367,1.2414547391235828,1.25,0.0514552703407694,6
2019-06-12,2019-04-25,2019-07-30,5.43307757372167,14.291794196384696,4773.427486944848,4773.088012150489,4774.0677463109605,0.9797341604717076,1.25,0.1010873183067861,6
2019-06-12,2019-04-25,2019-07-30,3.2884048783844246,8.293180820166292,106.7528527647637,71.23192408308387,241.8558153938502,170.62389131076634,3.0,0.1602290311866805,6
2019-06-12,2019-04-25,2019-07-30,6.1620034245812985,6.81326771156693,70.86589557601707,18.857424784917384,200.05283490614968,181.19541012123227,4.5,0.1809720462263886,6
2019-06-12,2019-04-25,2019-07-30,4.471298681592095,7.994424313557024,83.61068856511673,24.87573009543121,206.46612088475376,181.59039078932256,4.75,0.1176990106905695,6
2019-06-12,2019-04-25,2019-07-30,2.2118678095966207,7.3256662316106524,3100.732612613346,3099.9453733027913,3101.663502966054,1.7181296632625165,2.75,0.1828157584054857,6
2019-06-12,2019-04-25,2019-07-30,2.318318248390909,7.129007301614142,73.5536698442924,28.52821071492508,206.46612088475376,177.93791016982868,2.75,0.0872616982349117,6
2019-06-12,2019-04-25,2019-07-30,5.0849639713463,8.195997856862506,75.85484344716845,33.1166371749714,216.5739450599067,183.4573078849353,3.75,0.1359956584268085,6
2019-06-12,2019-04-25,2019-07-30,3.34615334947696,9.701718045587164,1763.7258364981838,1763.4587901514024,1764.2920377007686,0.8332475493662059,0.75,0.0933125553132507,6
2019-06-12,2019-04-25,2019-07-30,2.3851651216004046,10.436368671496204,1761.903177034666,1761.5588799612597,1762.3307566624137,0.7718767011538148,0.75,0.1090981269789304,6
2019-06-12,2019-04-25,2019-07-30,3.5509392729623617,6.624628852267073,1309.860750593701,1305.39698507078,1319.2628541179,13.865869047120214,3.0,0.088516346337758,6
2019-06-12,2019-04-25,2019-07-30,6.65304641746357,10.670027540493864,1761.049162808759,1760.44057023013,1761.797769379802,1.357199149671942,1.0,0.1479163959238505,6
2019-06-12,2019-04-25,2019-07-30,2.7204506010894667,8.019318792763286,3021.5073966938685,3019.9755311114714,3022.7611162303947,2.7855851189233363,1.0,0.0546135479935822,6
2019-06-12,2019-04-25,2019-07-30,2.842408904822562,12.631387019396133,3050.3887048122374,3031.991856884677,3072.7618315187283,40.76997463405132,1.25,0.1121137093056579,6
2019-06-12,2019-04-25,2019-07-30,2.452169422936719,7.2372692646693855,2541.947671593817,2541.678138558287,2542.4070356604643,0.7288971021771431,0.75,0.1064762436412358,6
2019-06-12,2019-04-25,2019-07-30,3.124299314537895,5.609030252151956,2934.3574733230516,2932.3681112336926,2935.6495776679367,3.2814664342440665,2.75,0.0716763756056437,6
2019-06-12,2019-04-25,2019-07-30,5.367529243669016,7.919398712601119,949.0350388170071,946.8793822284788,970.5290992949158,23.64971706643701,3.25,0.0838641782661897,6
2019-06-12,2019-04-25,2019-07-30,2.054506691259089,9.881204346122145,762.4392730225513,759.548465797212,764.3915617750026,4.843095977790654,2.25,0.0764808075568201,6
2019-06-12,2019-04-25,2019-07-30,3.135583674279228,9.67261586932324,1205.7663662172151,1203.0715250209903,1208.2730358345434,5.201510813552886,2.25,0.0811597020792254,6
2019-06-12,2019-04-25,2019-07-30,4.667361617681775,10.943532413367263,1235.2314858142954,1232.1398030268028,1237.5573232849129,5.417520258110017,2.75,0.1037199805061128,6
2019-06-12,2019-04-25,2019-07-30,3.6959862389975786,10.21478327604318,1172.7055181976002,1169.948422704823,1175.7732424652204,5.824819760397077,3.5,0.0876401971779838,6
2019-06-12,2019-04-25,2019-07-30,2.839475521929925,11.647974898348608,1038.179928959497,1029.6362527189776,1049.8706335909665,20.234380871988833,2.25,0.0744175953229142,6
2019-08-28,2019-07-30,2019-09-26,3.991293335404154,23.82905889514133,4560.420245577846,4559.434797541238,4561.8232446806505,2.3884471394121647,0.75,0.0393933646416977,8
2019-08-28,2019-07-30,2019-09-26,2.8907405342032204,20.137731057523514,4877.036886320133,4876.907078920864,4877.391820387915,0.484741467051208,1.25,0.1330396873341932,8
2019-08-28,2019-07-30,2019-09-26,2.0607240272660743,20.820905884265706,5215.299625510298,5215.2318067061715,5215.72554071201,0.4937340058386326,1.0,0.1675012030586442,8
2019-08-28,2019-07-30,2019-09-26,3.6938616759537712,23.216384586269783,4560.310633736205,4558.957102890592,4561.584456288721,2.627353398129344,1.25,0.2172792818175062,8
2019-08-28,2019-07-30,2019-09-26,2.6517239070454615,21.85541017673982,5216.283154947112,5200.914242725819,5228.684758499265,27.770515773445368,0.5,0.1650547289632831,8
2019-08-28,2019-07-30,2019-09-26,5.47582504349919,21.688461978079363,5194.891541311343,5180.446889970452,5209.539398984052,29.092509013600647,1.25,0.1055084456797506,8
2019-08-28,2019-07-30,2019-09-26,5.130479333371762,20.43037175380252,5022.910040139687,5022.821912326384,5023.304859988391,0.4829476620070636,1.0,0.0866772689267736,8
2019-08-28,2019-07-30,2019-09-26,2.2703196308596993,20.62513261362682,5019.217152065597,5019.2171520655975,5019.45604148414,0.2388894185423851,1.0,0.0212354004161346,8
2019-08-28,2019-07-30,2019-09-26,3.316015657657198,19.138449623279072,4993.9972314999595,4993.796500897966,4994.273570114747,0.4770692167803645,1.75,0.2501682370960978,8
2019-08-28,2019-07-30,2019-09-26,2.0250149564270674,21.706032019439437,4176.762574379273,4176.035247840919,4177.692090123426,1.6568422825075686,1.75,0.0854209975871689,8
2019-08-28,2019-07-30,2019-09-26,2.233147840110958,22.19177522774827,4193.76810732108,4193.3795886780135,4194.327692460734,0.9481037827208638,0.75,0.1636320616170294,8
2019-08-28,2019-07-30,2019-09-26,2.3198244461748194,12.16726074096439,1228.6064016365851,1225.957344908733,1231.147135243751,5.189790335018188,1.5,0.0752449121102083,8
2019-08-28,2019-07-30,2019-09-26,9.688354466638993,8.292785235778473,1766.8175660127918,1766.4965694914572,1767.3288076021709,0.8322381107136607,1.25,0.0937270716017635,8
2019-08-28,2019-07-30,2019-09-26,8.677664698011148,8.637865535683352,1770.4119568110666,1769.9769642585889,1771.1046017054468,1.1276374468579888,1.0,0.1096867069319373,8
2019-08-28,2019-07-30,2019-09-26,5.012921850507054,6.855943783387349,1814.103590892283,1813.8065992840568,1814.5794595810585,0.7728602970018983,1.0,0.0622391689904855,8
2019-08-28,2019-07-30,2019-09-26,8.876174040913769,6.815890090549317,1823.9034684261596,1823.0097660114989,1825.170916348696,2.1611503371968865,0.75,0.1023013214155388,8
2019-08-28,2019-07-30,2019-09-26,8.798444201908447,7.071857984179737,1822.2941334848315,1821.5877638501115,1823.4846542146988,1.896890364587307,0.75,0.0605664163915553,8
2019-08-28,2019-07-30,2019-09-26,3.323216979179159,6.584429145122136,1822.1707904573911,1821.5877638501115,1822.7766584539784,1.1888946038670838,0.5,0.0318629023400224,8
2019-08-28,2019-07-30,2019-09-26,2.1278071621105075,6.782174475248903,1825.359174724362,1825.167989868205,1825.8415352487937,0.6735453805886209,0.5,0.0305253516914194,8
2019-08-28,2019-07-30,2019-09-26,2.433746868202277,6.238497833919248,1836.2563827484423,1836.0822865674272,1837.0316508379765,0.9493642705492676,0.75,0.1666207822231902,8
2019-08-28,2019-07-30,2019-09-26,9.448644940722753,5.809184132019162,2981.6755345034367,2977.0275902175345,2985.477118598763,8.449528381228447,2.25,0.1203527536093762,8
2019-08-28,2019-07-30,2019-09-26,3.601802055177186,6.640883400534346,1820.3320534373568,1819.3228929098696,1821.665870027151,2.342977117281407,1.0,0.0639459098889083,8
2019-08-28,2019-07-30,2019-09-26,12.068465285366589,6.5047480979697845,1826.1207980493516,1824.9320269301536,1827.285470586736,2.3534436565823853,0.75,0.167649387487978,8
2019-08-28,2019-07-30,2019-09-26,16.308848557762534,5.702926504762346,4992.38751875505,4989.193543374073,4995.484594986308,6.291051612235606,4.25,0.0988989673338391,8
2019-08-28,2019-07-30,2019-09-26,2.679607677201275,23.693594006831187,4560.826626855619,4560.160631145816,4561.584456288721,1.423825142905116,0.75,0.1471826217144856,8
2019-08-28,2019-07-30,2019-09-26,5.037810484855539,12.687789534061448,4142.285738653735,4141.68161431374,4143.575554586016,1.8939402722753584,2.75,0.1223110463691257,8
2019-08-28,2019-07-30,2019-09-26,2.879097063943465,21.28208552600054,5144.173352501561,5143.974233764224,5144.466399975587,0.4921662113629281,1.0,0.217184151600116,8
2019-08-28,2019-07-30,2019-09-26,2.3346158220250626,10.1840315283598,1107.9677772410753,1105.4940383122305,1109.3803698513657,3.8863315391354263,2.25,0.068437135459779,8
2019-08-28,2019-07-30,2019-09-26,4.996291085856389,9.603693181512556,1178.347964976287,1177.530661971774,1179.267261155881,1.7365991841070354,1.0,0.1928576847882612,8
2019-08-28,2019-07-30,2019-09-26,4.029615378703177,6.819636983848822,2042.12513139138,2041.7968081384895,2042.7498225034217,0.9530143649317324,0.5,0.1150572925388015,8
2019-08-28,2019-07-30,2019-09-26,2.3122901128034106,14.270189150439869,1545.0055347664263,1544.6596522019245,1545.960632121656,1.300979919731617,0.75,0.1632644839247787,8
2019-08-28,2019-07-30,2019-09-26,5.049069402873795,13.656352518861253,1626.01953009423,1625.8603001856245,1626.3732675178908,0.5129673322662711,1.25,0.5589946689824288,8
2019-08-28,2019-07-30,2019-09-26,3.172014310606942,7.142043152407296,1766.9485767353046,1766.7932439865544,1767.3288076021709,0.535563615616411,1.0,0.0441861206793492,8
2019-08-28,2019-07-30,2019-09-26,3.688830067575723,8.394626513284262,1766.6548269301663,1766.4965694914572,1767.0321334050968,0.5355639136396348,1.0,0.0301745296470229,8
2019-08-28,2019-07-30,2019-09-26,7.452795037847851,7.063043154414299,1779.107079602673,1778.557136323303,1779.633286725264,1.0761504019610584,3.0,0.347770188423806,8
2019-08-28,2019-07-30,2019-09-26,3.8094274182913823,10.12533103072448,1768.7232904125542,1768.5994607037865,1769.086115038488,0.4866543347015977,1.5,0.1302128489973797,8
2019-08-28,2019-07-30,2019-09-26,2.1175385004544633,11.327895995022615,3077.562332842319,3054.451981574297,3101.059849301353,46.607867727056146,1.25,0.0948190400558024,8
2019-08-28,2019-07-30,2019-09-26,2.977108256248906,20.226572516470895,3018.506843127048,3014.360442731064,3043.6030535991304,29.24261086806655,2.75,0.0728455759559743,8
2019-08-28,2019-07-30,2019-09-26,4.458184966405918,10.9202596708122,3547.117428576482,3543.2060701865703,3550.7153148576617,7.509244671091437,2.5,0.0823474343825469,8
2019-08-28,2019-07-30,2019-09-26,11.069828503184231,17.80452369937088,3548.1199188589353,3540.1300764633343,3554.6186299957335,14.488553532399235,5.75,0.1192505616115435,8
2019-08-28,2019-07-30,2019-09-26,2.086268472790811,22.675139890057448,3816.715975516974,3816.439893700648,3817.390319381841,0.950425681192428,0.5,0.0939606041111806,8
2019-08-28,2019-07-30,2019-09-26,3.1894078491710127,7.283006518997108,4017.072831812826,4016.5885179592296,4018.008858473506,1.4203405142761767,0.75,0.0630511291037105,8
2019-12-16,2019-09-26,2020-03-06,2.251617575505562,23.08836265318389,5043.485131238587,5043.485131238587,5043.72402065713,0.2388894185423851,1.0,0.1989440964471756,12
2019-12-16,2019-09-26,2020-03-06,5.227762271284779,19.610160567676058,5010.379901852042,5010.128884911537,5010.855805225205,0.726920313667506,2.0,0.2160217147362786,12
2019-12-16,2019-09-26,2020-03-06,2.2031012248820163,18.653309979071025,5004.151438136454,5003.95385572454,5004.68010925781,0.72625353327021,1.25,0.1737812497761259,12
2019-12-16,2019-09-26,2020-03-06,2.1824375887898726,18.67024402171028,5000.182928515597,5000.077764682006,5000.560341777746,0.4825770957395434,1.0,0.1666748189205402,12
2019-12-16,2019-09-26,2020-03-06,5.903038635139931,5.087096645819051,4854.436902560292,4849.949509169441,4857.158643755596,7.209134586155415,2.75,0.0950123049024775,12
2019-12-16,2019-09-26,2020-03-06,2.0801558897938577,20.37009021419195,5263.084709492047,5263.084709492046,5263.323598910589,0.2388894185423851,1.0,0.1945889807023837,12
2019-12-16,2019-09-26,2020-03-06,5.235665927697252,21.83292169883754,5125.873849321003,5125.786131916102,5126.273846166208,0.4877142501063645,2.25,0.1269754599109762,12
2019-12-16,2019-09-26,2020-03-06,2.105292431636434,21.8562736498169,5129.258447218499,5128.5346631384455,5130.137202364858,1.6025392264127731,0.5,0.0334746020142984,12
2019-12-16,2019-09-26,2020-03-06,3.7349964032667136,6.016522369217351,5597.347526012611,5595.512898267712,5599.464666581713,3.951768314000219,3.0,0.0706603077089762,12
2019-12-16,2019-09-26,2020-03-06,2.213947521152096,15.408093041595391,4221.807118613071,4220.821941172238,4223.187965707388,2.366024535149336,2.0,0.0963661484340694,12
2019-12-16,2019-09-26,2020-03-06,2.490274375476642,11.375737031154726,4221.263262979617,4220.349044368602,4222.715068742633,2.3660243740305305,1.5,0.0737901715990585,12
2019-12-16,2019-09-26,2020-03-06,2.0058129055199214,8.817222276312815,4311.290096603238,4310.927025127225,4311.8754893364385,0.9484642092138528,0.75,0.1163948538665937,12
2019-12-16,2019-09-26,2020-03-06,2.041804642263418,5.402622524367342,4591.228182762768,4589.895946349949,4592.893175965175,2.997229615226388,3.0,0.1433982445572779,12
2019-12-16,2019-09-26,2020-03-06,2.2464130111884884,13.114858790043376,4568.608253102603,4566.26099661598,4570.524931578431,4.263934962451458,3.0,0.0641716679485882,12
2019-12-16,2019-09-26,2020-03-06,3.2931121346544474,23.568535823850254,4558.957700715106,4558.048125506379,4560.399520564359,2.351395057979971,0.75,0.169499905870325,12
2019-12-16,2019-09-26,2020-03-06,2.337872302856278,23.515022640300405,4552.993309468116,4552.465523723979,4553.420655778144,0.9551320541650056,1.0,0.1202707089584853,12
2019-12-16,2019-09-26,2020-03-06,2.8916947779855873,12.002724743121329,4542.370390050231,4538.860226484947,4545.313796796836,6.453570311889052,2.75,0.0672466479256439,12
2019-12-16,2019-09-26,2020-03-06,2.234831711899908,10.279825031055958,4544.943135358511,4543.8342648865655,4546.490468829405,2.6562039428390563,2.0,0.0690106791143929,12
2019-12-16,2019-09-26,2020-03-06,3.078532521399418,5.63443494354624,4293.474897212874,4292.160069725942,4295.017396319192,2.857326593250036,3.25,0.0652921996740063,12
2019-12-16,2019-09-26,2020-03-06,2.370293956684368,12.19752783264596,1787.5086956113164,1785.0759827904403,1788.786127067171,3.710144276730716,2.5,0.0648896298384782,12
2019-12-16,2019-09-26,2020-03-06,2.4444650002993087,10.34540025373752,1786.7209138248124,1785.0759827904403,1788.7011045143008,3.6251217238605022,3.25,0.0679084088025061,12
2019-12-16,2019-09-26,2020-03-06,6.203344552351861,17.38762841626855,1770.8926051075591,1768.8472256199457,1772.7871022406034,3.939876620657742,2.0,0.0764243288848731,12
2019-12-16,2019-09-26,2020-03-06,2.8216874574911315,17.89774924754092,1765.29916137105,1764.2354721617885,1766.7354589099996,2.499986748211086,1.75,0.0592150005956415,12
2019-12-16,2019-09-26,2020-03-06,2.7411723470326694,20.150432073110387,1906.3315667671363,1904.87842651736,1907.4824769184925,2.604050401132554,2.25,0.0709538501422357,12
2019-12-16,2019-09-26,2020-03-06,2.5754981755416377,21.695425885850337,2468.8458932321087,2466.842871838715,2470.126997694373,3.2841258556582034,3.0,0.0575972849781164,12
2019-12-16,2019-09-26,2020-03-06,7.43151960595482,7.961193219120127,2059.5912875790177,2057.1811551284045,2061.716194944922,4.535039816517383,4.75,0.0938720949910942,12
2019-12-16,2019-09-26,2020-03-06,9.13667357542456,22.14393653979297,2009.8383825588191,2007.4022433203645,2013.6138602052815,6.211616884917021,4.25,0.1053021735806303,12
2019-12-16,2019-09-26,2020-03-06,8.655775857813657,7.184918990489437,1776.5164565309412,1775.9156842813827,1777.325407865923,1.4097235845401883,1.0,0.0276452153011755,12
2019-12-16,2019-09-26,2020-03-06,11.000018027570658,6.662800184422328,1777.2955460427395,1777.0865184473805,1777.916148077231,0.8296296298503876,2.0,0.1528596359762435,12
2019-12-16,2019-09-26,2020-03-06,16.433893014171424,13.015932493632189,1195.6051272257498,1192.403888136614,1198.8980267927982,6.494138656184077,6.5,0.1351018672464765,12
2019-12-16,2019-09-26,2020-03-06,2.99390558654665,10.73931996873514,1105.9778723585996,1102.211931520607,1108.8857794618234,6.673847941216081,2.0,0.059239744277017,12
2019-12-16,2019-09-26,2020-03-06,3.7214617649250665,7.105176094893,1777.6772586586883,1777.6772586586883,1777.916148077231,0.2388894185423851,1.5,0.0408551320593408,12
2019-12-16,2019-09-26,2020-03-06,2.489684617224615,13.501016068308,1641.8407782666966,1641.5322449388914,1642.323992417194,0.7917474783025682,0.75,0.0494997434910227,12
2019-12-16,2019-09-26,2020-03-06,4.692277903480455,8.069056564869756,1777.3845427216409,1777.0865184473805,1777.916148077231,0.8296296298503876,0.75,0.1356348726988887,12
2019-12-16,2019-09-26,2020-03-06,4.281435284247714,9.285161853305508,1418.548839607102,1417.2726948135532,1419.792068305891,2.5193734923377633,4.0,0.0707010096587457,12
2019-12-16,2019-09-26,2020-03-06,5.0466191738301625,10.77386067698356,1374.6369341778252,1373.468367036432,1376.2041457756422,2.735778739210218,6.75,0.082012656040058,12
2019-12-16,2019-09-26,2020-03-06,2.690869163280781,9.351473136484268,1372.1159581849404,1371.4666735329663,1373.2073699128814,1.7406963799148798,4.75,0.0601475073965518,12
2019-12-16,2019-09-26,2020-03-06,4.7536376061907415,18.14027738977483,2861.187014355736,2859.1905361884274,2863.170790469274,3.980254280846566,4.25,0.0775702913195053,12
2019-12-16,2019-09-26,2020-03-06,21.23255811047261,9.405597000898243,4085.06533725742,4081.330528579652,4089.7753124819137,8.444783902261406,9.0,0.1406662516594758,12
2019-12-16,2019-09-26,2020-03-06,3.4353952695618384,21.758523755027795,3746.318764857421,3735.602725550998,3773.822047984693,38.2193224336952,2.25,0.0607684595317525,12
2019-12-16,2019-09-26,2020-03-06,2.1334329481948253,6.237939029439667,4144.7734088713805,4143.572250877041,4146.41089363629,2.8386427592486143,2.75,0.0636336290383332,12
2019-12-16,2019-09-26,2020-03-06,3.600274835124444,6.257016210627849,4149.099434655214,4146.661691326182,4150.981505780481,4.319814454298466,2.5,0.0790651499847483,12
2019-12-16,2019-09-26,2020-03-06,2.4237633807896173,6.80825761254075,4161.8173921878415,4160.690097786952,4163.527988501359,2.837890714406967,3.0,0.0543065035054446,12
2019-12-16,2019-09-26,2020-03-06,2.051300436928123,18.488103206425663,4155.5261487375665,4155.4685380728915,4155.943892181385,0.4753541084937751,0.75,0.0780946822259631,12
2019-12-16,2019-09-26,2020-03-06,2.6282454966569877,8.83409893361017,4221.604638408711,4220.349044368602,4224.133143573068,3.784099204465747,3.25,0.0712380945614321,12
2019-12-16,2019-09-26,2020-03-06,4.3177676773020535,6.759309716006859,4216.243340571284,4212.45911008073,4219.170057604555,6.710947523824871,3.0,0.0859999093142205,12
2019-12-16,2019-09-26,2020-03-06,8.897593881460308,6.405141073586985,4233.752544608375,4228.72364505427,4236.916938379407,8.193293325137347,5.0,0.1103070823909213,12
2019-12-16,2019-09-26,2020-03-06,2.8053644421339032,12.643729094569188,3245.952956399631,3245.71357678622,3246.432640194893,0.7190634086728096,1.0,0.100097877188523,12
2019-12-16,2019-09-26,2020-03-06,3.6567878895889874,12.577661345820802,3015.1777589100843,3014.47553242743,3016.709208780434,2.2336763530038297,2.5,0.0672270124564355,12
2019-12-16,2019-09-26,2020-03-06,3.4358714358953475,5.991179481203642,2932.381275827536,2930.494234823622,2934.0511923190206,3.556957495398819,2.75,0.0629494133863139,12
2019-12-16,2019-09-26,2020-03-06,14.02499781218011,12.041948475317216,3572.433839324072,3570.2965460899286,3576.473933229689,6.177387139759958,5.75,0.109924795895413,12
2019-12-16,2019-09-26,2020-03-06,96.22057857288404,8.919705647905207,3559.911272777477,3549.2847319934517,3570.072235512547,20.78750351909548,18.0,0.2373154057267945,12
2019-12-16,2019-09-26,2020-03-06,24.622346224749908,16.50473716139754,4555.138932355292,4549.328318564687,4560.638311708812,11.309993144124746,4.5,0.1403474137867322,12
2019-12-16,2019-09-26,2020-03-06,24.95848459918552,15.831004591379736,4565.6421268858285,4562.056364930235,4570.2861554794945,8.229790549259633,5.0,0.1701110260320026,12
2019-12-16,2019-09-26,2020-03-06,4.88276468276252,18.70789468015988,4564.521037039731,4563.489690855611,4566.270259195007,2.780568339396268,2.75,0.0636243950994053,12
2019-12-16,2019-09-26,2020-03-06,2.214532083559269,20.41530380358062,4565.244774278379,4564.586661702022,4566.270259195007,1.6835974929854274,2.0,0.052155785995237,12
2019-12-16,2019-09-26,2020-03-06,2.386410332694556,6.110903424335453,4591.189901388948,4590.13339621434,4592.65574909281,2.522352878469974,2.25,0.054412544294467,12
2019-12-16,2019-09-26,2020-03-06,2.731449906032123,13.488431896813267,4597.149055403451,4596.2037502694875,4598.0958659346215,1.8921156651340425,1.5,0.0833907342116735,12
2019-12-16,2019-09-26,2020-03-06,2.75241519973753,18.046107566475037,4599.937007134989,4599.166969375219,4600.843693266157,1.6767238909378648,1.25,0.0538972947739641,12
2019-12-16,2019-09-26,2020-03-06,32.8282307184206,5.311485266055798,4619.2171935642045,4615.260158119723,4622.108280034736,6.848121915012598,4.75,0.1460832205447637,12
2019-12-16,2019-09-26,2020-03-06,3.8214657130376337,17.35912149589439,4542.956508006171,4541.5181307955645,4545.075015013106,3.556884217541665,2.25,0.061781579972201,12
2019-12-16,2019-09-26,2020-03-06,3.458772032502722,8.095275503618335,4992.553684414073,4991.130591504276,4994.035390316509,2.9047988122329116,3.0,0.0620523187767896,12
2019-12-16,2019-09-26,2020-03-06,8.137570481097214,7.995398767276693,4919.874125607966,4916.971064776182,4922.558847104665,5.587782328482717,4.5,0.0933830877981845,12
2019-12-16,2019-09-26,2020-03-06,3.3280296454051137,6.966368251362262,4905.561115933352,4901.406545658596,4919.053025708534,17.646480049937963,1.75,0.0649133233995824,12
2019-12-16,2019-09-26,2020-03-06,6.473263496635779,14.127783748334984,4625.253155583231,4622.8764753644355,4627.587163490243,4.710688125807792,5.25,0.1108169780779055,12
2019-12-16,2019-09-26,2020-03-06,4.581524409312317,16.280223769469576,4684.75380339038,4665.473042883445,4722.952713670209,57.47967078676447,1.25,0.0736470847027026,12
2019-12-16,2019-09-26,2020-03-06,2.1280962780292985,13.685172969919789,4620.3332153760975,4619.13851398509,4620.783029035199,1.644515050109476,1.25,0.0572550490018364,12
2019-12-16,2019-09-26,2020-03-06,35.030685627980745,6.9632540194160875,4858.058366616027,4849.205065627117,4881.62937653251,32.42431090539321,6.5,0.1629825818077468,12
2019-12-16,2019-09-26,2020-03-06,6.390724873357556,7.021330795542645,4891.632592883957,4888.714008896612,4895.163853021804,6.449844125192612,3.25,0.087047986300649,12
2019-12-16,2019-09-26,2020-03-06,3.570491177422963,17.30047283645639,648.7596591816275,645.4884283281863,669.0890826419927,23.600654313806444,2.5,0.0761558896656922,12
2019-12-16,2019-09-26,2020-03-06,3.0915436335803284,12.032619647262711,1024.1053004519863,1018.2725891862063,1039.9990385523995,21.726449366193265,2.0,0.0793020784763309,12
2019-12-16,2019-09-26,2020-03-06,6.744693177602561,12.222428657915133,1013.3022236709818,1003.171660143882,1030.13990034163,26.968240197747942,3.25,0.0967258876014476,12
2019-12-16,2019-09-26,2020-03-06,7.160791125153815,12.641813474782056,987.4826988669984,978.3713005157188,1007.4887986602262,29.117498144507408,3.5,0.0884382245090331,12
2019-12-16,2019-09-26,2020-03-06,3.537872857881058,12.184658602227229,978.9287647704308,970.9995481306688,1001.0331999589688,30.033651828300208,2.0,0.0713737487421051,12
2019-12-16,2019-09-26,2020-03-06,2.0687208505517805,10.138086907607242,128.8265913920255,64.32818373478949,235.1914723981172,170.8632886633277,3.25,0.0641058627847401,12
2019-12-16,2019-09-26,2020-03-06,13.89086976479821,13.28358427770434,1641.6137042033902,1639.6920373868195,1643.595822640695,3.9037852538749576,2.25,0.3378170417005766,12
2019-12-16,2019-09-26,2020-03-06,7.396002661930678,15.53272516978996,1643.3529604755038,1643.1310431323946,1643.8715377403423,0.7404946079477668,1.25,0.0343952335568187,12
2019-12-16,2019-09-26,2020-03-06,2.112699795281887,19.028654832063896,1545.2752990188276,1545.182612081524,1545.682981298305,0.5003692167811096,0.75,0.0885312544858807,12
2019-12-16,2019-09-26,2020-03-06,2.344236197521538,9.682715941816316,1833.8862015433936,1833.7279909057545,1834.2036128663456,0.4756219605915248,1.0,0.1419602703731715,12
2019-12-16,2019-09-26,2020-03-06,2.452957758017909,6.331317232935071,1765.521884629039,1765.218129787594,1766.346488820389,1.1283590327948332,0.75,0.2236714030659081,12
2019-12-16,2019-09-26,2020-03-06,3.192930870870967,6.646858307937222,1762.5906784239364,1762.091867243871,1763.400500700809,1.3086334569379687,1.0,0.0209081081852746,12
2019-12-16,2019-09-26,2020-03-06,23.49093177734632,7.456426973847223,1777.4243699259448,1777.0865184473805,1778.2734496099874,1.1869311626069248,2.75,0.2498071665897994,12
2019-12-16,2019-09-26,2020-03-06,6.488125524031557,7.620920631557205,1776.1756631432938,1775.9156842813827,1776.74555267673,0.8298683953471482,1.0,0.036778515329956,12
2019-12-16,2019-09-26,2020-03-06,21.715287034921353,7.148534325804996,1777.249210655929,1775.9156842813827,1778.568121004384,2.6524367230013013,2.25,0.0795496434403564,12
2019-12-16,2019-09-26,2020-03-06,2.4104730666007845,8.74844095782794,1275.6113810886236,1274.7404653495178,1279.753325846512,5.012860496994108,0.75,0.0932886054516057,12
2019-12-16,2019-09-26,2020-03-06,3.878305030725552,8.760265277445264,1418.6208162102646,1417.2726948135532,1420.0356776737608,2.7629828602075577,4.75,0.0673310633565371,12
2019-12-16,2019-09-26,2020-03-06,2.6417874211259,8.528822638863499,1878.0447812443108,1877.1387663665228,1879.5244989679195,2.3857326013967395,1.75,0.059048839531155,12
2019-12-16,2019-09-26,2020-03-06,2.0177155707987957,24.67449695766722,2546.2985664359294,2546.2985664359294,2546.537455854472,0.2388894185423851,1.25,0.091049549688339,12
2019-12-16,2019-09-26,2020-03-06,5.171201618103589,10.417256812396545,2987.086155469682,2986.8700888110325,2987.5746534545906,0.7045646435581148,2.5,0.2838425684262669,12
2019-12-16,2019-09-26,2020-03-06,2.7684219852269627,5.72039124476026,2988.942851517614,2988.253934049513,2990.3002162198536,2.046282170340419,0.75,0.1607571526898987,12
2019-12-16,2019-09-26,2020-03-06,3.660450004652888,9.117710689574606,2967.8062964048054,2967.5617293762043,2968.267392121721,0.7056627455167472,1.0,0.1195331614356032,12
2019-12-16,2019-09-26,2020-03-06,2.6758953356371262,21.695021090002385,2959.6513370656276,2959.251258771401,2960.1939056501724,0.942646878771484,0.75,0.215710494685164,12
2019-12-16,2019-09-26,2020-03-06,5.6837691448200784,13.461540438367903,2947.9635532194734,2943.8712539183907,2950.8972280626185,7.025974144227803,1.5,0.0821716691672402,12
2019-12-16,2019-09-26,2020-03-06,3.842562754257368,21.419009234207483,2944.8166808457495,2942.581403614022,2948.0840150201693,5.50261140614748,1.25,0.069105823570702,12
2019-12-16,2019-09-26,2020-03-06,6.369775167186707,17.38913598101283,2949.1465003032167,2945.484720265493,2952.4160475372337,6.931327271740884,1.5,0.0839045171235264,12
2019-12-16,2019-09-26,2020-03-06,3.961957535640085,21.073003658282143,2949.4071682542644,2947.904489892535,2951.0102146635763,3.105724771041423,1.75,0.0768409169360906,12
2019-12-16,2019-09-26,2020-03-06,3.0991564421257283,5.044973654020215,1812.306205450143,1802.963821101468,1822.378674859181,19.41485375771299,0.75,0.0692204682264896,12
2019-12-16,2019-09-26,2020-03-06,6.752023678577598,5.346976424877775,1812.5142044140548,1802.963821101468,1822.378674859181,19.41485375771299,0.5,0.0683638833413291,12
2019-12-16,2019-09-26,2020-03-06,2.1002357398694382,5.1597201724588,1819.2792123769057,1817.4910481343975,1821.1498480490409,3.658799914643168,0.5,0.0481064937512842,12
2019-12-16,2019-09-26,2020-03-06,3.6502010513738727,8.701519081223,1171.326721117837,1170.9463901296258,1171.9334023003466,0.9870121707208456,0.75,0.1108568541703769,12
2019-12-16,2019-09-26,2020-03-06,2.5943581965237854,7.929511511425331,896.3689524781945,896.0191456051543,896.7472594217397,0.7281138165853918,1.0,0.1224282469108617,12
2019-12-16,2019-09-26,2020-03-06,3.161185453264415,6.301554834411962,896.2812682199875,896.0191456051543,896.767041423358,0.7478958182036877,1.75,0.1461919346908158,12
2019-12-16,2019-09-26,2020-03-06,3.5244365225351415,6.060777380638289,3291.8242250200074,3291.627525941003,3292.354911042843,0.7273851018399,1.0,0.1324873454298702,12
2019-12-16,2019-09-26,2020-03-06,2.125894673148012,5.6778926049526985,3308.017028530334,3306.0482736439444,3311.2222361019813,5.17396245803684,2.25,0.0411512695355759,12
2019-12-16,2019-09-26,2020-03-06,2.7408708685864696,10.78757597745217,3057.26233089529,3057.26233089529,3057.501220313832,0.2388894185423851,2.0,0.1474064575201095,12
2019-12-16,2019-09-26,2020-03-06,2.0679193765525703,5.662716404504766,3057.2491594215767,3057.0122790713795,3057.501220313832,0.4889412424527108,1.5,0.1443142342122261,12
2019-12-16,2019-09-26,2020-03-06,2.3694700868021696,10.37112632187315,3016.3428367309384,3014.816151813604,3018.1234688656405,3.307317052036524,3.75,0.1106212000620388,12
2019-12-16,2019-09-26,2020-03-06,2.2043179484130073,12.636528883622905,3016.229124634905,3015.989302237518,3016.709208780434,0.7199065429158509,1.0,0.322271701955672,12
2019-12-16,2019-09-26,2020-03-06,2.6865850398933517,25.848800855759908,3795.3072888460006,3795.307288846001,3795.5461782645434,0.2388894185423851,1.0,0.1526205645273615,12
2019-12-16,2019-09-26,2020-03-06,2.158724827881809,13.788185334978882,3848.133389295536,3847.950268923305,3848.4861154858954,0.53584656259045,0.75,0.1802292303035013,12
2019-12-16,2019-09-26,2020-03-06,2.65352692493191,13.595253769604811,3845.03148532895,3844.547390714288,3845.4961774852127,0.9487867709249258,1.5,0.0275314570180915,12
2019-12-16,2019-09-26,2020-03-06,3.34304599536527,7.147039684181528,3890.821583540756,3888.304496137891,3893.0086312065832,4.704135068692267,1.75,0.088397130988993,12
2019-12-16,2019-09-26,2020-03-06,2.4091543970104308,5.085971562676936,3557.6966790938036,3557.443428328261,3558.1478848992847,0.7044565710239112,0.75,0.0161550253354997,12
2020-03-26,2020-03-06,2020-04-15,2.559540063771233,12.21100199452509,3611.6164807552454,3611.4021575548686,3612.107115465682,0.7049579108133912,0.75,0.034049950451887,3
2020-03-26,2020-03-06,2020-04-15,2.014096396107879,14.11488960640582,3665.430478926479,3664.595032549929,3666.457161057275,1.8621285073459148,1.0,0.0787000925811487,3
2020-03-26,2020-03-06,2020-04-15,2.3251955164166165,23.25023007868305,3653.199336771998,3651.807312985882,3654.397525874432,2.5902128885500133,3.5,0.0690370211144186,3
2020-03-26,2020-03-06,2020-04-15,9.940202023633727,17.949915734912224,3559.4575585149723,3557.443428328261,3563.7876122640446,6.3441839357838035,6.5,0.1098866284732136,3
2020-03-26,2020-03-06,2020-04-15,2.6323782238754165,23.545494215761337,3471.52993752969,3470.3055041907355,3473.1070036501624,2.80149945942685,3.75,0.0688726968704744,3
2020-03-26,2020-03-06,2020-04-15,11.35827905522216,11.298991338241924,3436.8081942275994,3434.6182210445404,3439.086227153428,4.468006108887494,5.25,0.1079558524243018,3
2020-03-26,2020-03-06,2020-04-15,6.809800637233295,11.169515013797586,3559.450750795693,3557.6762119680643,3563.0890962076373,5.412884239573032,5.5,0.1021581490856693,3
2020-03-26,2020-03-06,2020-04-15,3.9232963290890863,28.043005672753708,3678.8643516441953,3676.540386333596,3680.719669399783,4.179283066187054,3.0,0.0956293270960528,3
2020-03-26,2020-03-06,2020-04-15,5.364260698922164,22.611916396552303,3735.596035813412,3734.388859845698,3737.298348323908,2.9094884782098234,2.25,0.1577490671539894,3
2020-03-26,2020-03-06,2020-04-15,2.157023158831177,21.034458224246148,3733.946965509111,3733.418492678087,3734.805459469557,1.3869667914696038,1.5,0.0546078559857388,3
2020-03-26,2020-03-06,2020-04-15,8.264441724889698,22.819563209608127,3734.118350597832,3731.4713646303862,3764.485025354661,33.013660724274814,3.5,0.0812220471857727,3
2020-03-26,2020-03-06,2020-04-15,10.31533401924624,17.492663593816054,3736.6814944090847,3731.4713646303862,3764.485025354661,33.013660724274814,6.75,0.1389174276361471,3
2020-03-26,2020-03-06,2020-04-15,2.7023166844949777,6.976871764234935,3734.007348235075,3733.418492678087,3734.805459469557,1.3869667914696038,2.75,0.0835871814567301,3
2020-03-26,2020-03-06,2020-04-15,2.391582885829546,9.821049096741618,3233.3403471189818,3233.0818302044645,3234.0378847694956,0.9560545650310814,0.75,0.126663314330131,3
2020-03-26,2020-03-06,2020-04-15,5.780993136769068,20.30060922349379,2877.349486952291,2873.958929029759,2880.0292139505036,6.070284920744598,3.25,0.089022682295009,3
2020-03-26,2020-03-06,2020-04-15,2.75934944288956,26.22676018925023,2862.9271153162813,2861.413018964231,2865.10637259949,3.6933536352589726,3.0,0.0668519949290424,3
2020-03-26,2020-03-06,2020-04-15,3.0969343524768016,10.648883156724075,3234.407433317363,3234.041927715298,3234.9980097836815,0.9560820683836936,1.0,0.1917172185763371,3
2020-03-26,2020-03-06,2020-04-15,4.618089600105025,8.872428613255208,3232.5335053105005,3232.1265153503045,3233.5597745720297,1.4332592217251658,1.5,0.1766504916135214,3
2020-03-26,2020-03-06,2020-04-15,4.660241638006829,8.867491392609525,3233.7481390350877,3232.3655747012235,3234.9980097836815,2.6324350824579597,3.0,0.2361418482672705,3
2020-03-26,2020-03-06,2020-04-15,7.885553969561215,12.623686853727014,3243.586460214644,3242.831879023928,3244.5152655970305,1.6833865731023252,1.25,0.2198957401270873,3
2020-03-26,2020-03-06,2020-04-15,2.3246227790356615,14.912858909310826,2988.832190999088,2988.4880280117504,2989.195105041843,0.7070770300924778,0.75,0.184225126601456,3
2020-03-26,2020-03-06,2020-04-15,2.521940660963301,12.239985199306144,2978.5263347605,2977.312018596567,2979.564176362008,2.252157765440643,0.75,0.1031919159585703,3
2020-03-26,2020-03-06,2020-04-15,4.445643451099507,15.635412391885945,2946.8309201463553,2945.24940476194,2948.5489063295536,3.2995015676133335,3.5,0.0754498101536516,3
2020-03-26,2020-03-06,2020-04-15,13.111068649751637,7.970417582065289,4883.098793672867,4877.694025225472,4898.817845445592,21.12382022012025,6.25,0.1372924964464528,3
2020-03-26,2020-03-06,2020-04-15,8.669814493106072,9.01175739268526,4852.794177527022,4848.230330962688,4856.938395964913,8.70806500222534,3.25,0.1059043588206776,3
2020-03-26,2020-03-06,2020-04-15,7.521282484139186,14.108087091297383,4743.41421846614,4726.983804142103,4774.432156763505,47.44835262140259,4.0,0.0886007688881107,3
2020-03-26,2020-03-06,2020-04-15,2.946277546225954,10.041223090225165,4645.154244736906,4644.768402170856,4645.764198400546,0.9957962296903132,1.25,0.0932970918472897,3
2020-03-26,2020-03-06,2020-04-15,3.253607648455994,14.025273288878072,4619.948500461203,4618.66967440024,4621.72580634756,3.056131947319954,2.0,0.0667517244619175,3
2020-03-26,2020-03-06,2020-04-15,2.286005587860029,14.163355550029788,4617.811670830217,4617.027266099118,4618.52185478108,1.494588681962341,2.75,0.0600769820310775,3
2020-03-26,2020-03-06,2020-04-15,2.6554007138086018,8.945201071466522,4597.304690060273,4596.485217693262,4598.697383094579,2.212165401317179,1.75,0.0888481060294332,3
2020-03-26,2020-03-06,2020-04-15,4.467491262039365,6.039723935666353,5592.426347257945,5589.963034702465,5595.504256547429,5.541221844963729,3.0,0.0789054676283762,3
2020-03-26,2020-03-06,2020-04-15,3.402444654838741,16.407356395459868,5191.333368648182,5190.965353306383,5191.973246216774,1.0078929103910923,1.0,0.184261378889059,3
2020-03-26,2020-03-06,2020-04-15,5.737532104298361,8.170921174927157,5117.758761108525,5110.55845551705,5131.415030896664,20.856575379613787,4.5,0.0913366988469976,3
2020-03-26,2020-03-06,2020-04-15,16.695564599891938,8.956742272002643,4080.3277438229247,4077.7833198499866,4084.17078919895,6.38746934896335,7.75,0.1435452471563403,3
2020-03-26,2020-03-06,2020-04-15,4.833344494023919,11.675978425987616,3947.076638974476,3946.752714351751,3947.700762491208,0.9480481394566596,1.0,0.1290238707886515,3
2020-03-26,2020-03-06,2020-04-15,2.9230682447674683,15.679513074967478,4186.5671162202125,4185.806086750235,4187.700169283431,1.8940825331956148,1.0,0.0325957083028999,3
2020-03-26,2020-03-06,2020-04-15,2.4587393597254716,13.819437031998786,3784.737931213417,3771.4313334575854,3809.083635922987,37.65230246540159,3.0,0.064011679455459,3
2020-03-26,2020-03-06,2020-04-15,5.893185163293314,9.04607308720416,4423.028160784606,4421.275829319842,4425.062645201106,3.7868158812634647,2.25,0.0846880349961831,3
2020-03-26,2020-03-06,2020-04-15,2.409315766812656,6.796118249587489,4408.464368334655,4407.46538906917,4410.030270605814,2.564881536643952,1.5,0.1054057545964071,3
2020-03-26,2020-03-06,2020-04-15,14.87046120753198,5.741611769488483,4401.918853323162,4395.903293219395,4407.17015677318,11.266863553784788,4.0,0.1365854486879247,3
2020-03-26,2020-03-06,2020-04-15,16.927541215607608,17.07614020616929,4378.544932734738,4375.203547323588,4381.187899793033,5.984352469444275,7.25,0.1458698788223933,3
2020-03-26,2020-03-06,2020-04-15,33.392599265543225,6.2976868058683,4377.339954246603,4374.258103951346,4380.789048531093,6.530944579746574,8.5,0.1697872045376325,3
2020-03-26,2020-03-06,2020-04-15,4.274751158316899,11.790519139020358,761.1003400032812,758.9337373184972,762.5546895931475,3.6209522746503353,2.5,0.0666620335115597,3
2020-03-26,2020-03-06,2020-04-15,8.800547503794004,13.36287280022151,1050.8136856566025,1046.397220122628,1059.991074054502,13.593853931874037,4.5,0.1087285558380291,3
2020-03-26,2020-03-06,2020-04-15,2.262475099578314,21.228241817881372,1374.9172510255712,1374.71576652769,1375.4577270699665,0.7419605422765017,0.75,0.3455973293946579,3
2020-03-26,2020-03-06,2020-04-15,3.2895934726863825,10.253111410861184,753.004961265531,752.3233280670829,754.9381075594574,2.6147794923745096,3.25,0.0856490623517158,3
2020-03-26,2020-03-06,2020-04-15,2.4188465587771777,11.547908027023276,1236.230884995589,1235.1011055111885,1237.5573232849129,2.4562177737243474,2.5,0.0665268420957521,3
2020-03-26,2020-03-06,2020-04-15,4.318650075091795,18.90880862710151,1138.833945191909,1137.385639116168,1140.1220664610155,2.7364273448474705,4.0,0.0732831094569419,3
2020-03-26,2020-03-06,2020-04-15,2.8922641709146837,18.30731883364883,19.18646329078397,18.77207542071119,19.927885885816067,1.155810465104878,1.25,0.0422957440031795,3
2020-03-26,2020-03-06,2020-04-15,6.076820414884519,6.99013178578577,124.7029816907272,21.110366859473288,200.05283490614968,178.94246804667637,2.75,0.1006272730749857,3
2020-03-26,2020-03-06,2020-04-15,4.033332498055697,6.725839686608605,1824.580496516288,1824.310699349735,1825.0320592941716,0.7213599444366992,0.75,0.0263974036592817,3
2020-03-26,2020-03-06,2020-04-15,19.092655678489525,6.295138766656865,1811.9224028498104,1803.2434195969256,1820.4145755735224,17.17115597659722,1.25,0.1154448687926934,3
2020-03-26,2020-03-06,2020-04-15,5.2110167202685025,7.014031814458105,1779.9881531645988,1779.6884972411208,1780.515587033704,0.8270897925831378,0.75,0.0787275665752296,3
2020-03-26,2020-03-06,2020-04-15,3.074475104070185,5.61922995942324,1659.384932358418,1656.4505724189803,1663.180800084025,6.730227665044367,2.5,0.0753650957054608,3
2020-03-26,2020-03-06,2020-04-15,5.219193128674598,6.295445934462754,1820.658982072557,1820.388360802084,1821.1305182757787,0.7421574736945331,0.75,0.0947102831929935,3
2020-03-26,2020-03-06,2020-04-15,2.242120586393764,9.87250905316365,92.28237516149814,35.53488192241639,212.6381183094345,177.10323638701811,3.0,0.076287756293929,3
2020-03-26,2020-03-06,2020-04-15,4.120667065300579,18.9061982464384,660.9660180314978,648.846463994123,669.4492927994579,20.602828805334862,3.5,0.1865834333107852,3
2020-03-26,2020-03-06,2020-04-15,3.0034204326424843,21.28824012717191,611.6659959938361,597.6682162145153,632.1663607014343,34.498144486919045,3.5,0.0715258915909022,3
2020-03-26,2020-03-06,2020-04-15,6.793007547222729,7.1289498319590825,88.10418658092397,87.75779035594314,88.68135726405308,0.9235669081099332,1.0,0.1437869100884681,3
2020-03-26,2020-03-06,2020-04-15,2.829286828506738,6.373776174694981,79.76805876644582,78.47961889905855,81.80796952918172,3.328350630123168,3.25,0.0988771319516557,3
2020-03-26,2020-03-06,2020-04-15,2.2227952088242957,18.864132888543946,2230.322069400824,2227.9021867723204,2234.228552373126,6.32636560080573,2.75,0.0651142701430218,3
2020-03-26,2020-03-06,2020-04-15,2.9750034015821294,13.923106351841554,2640.393499522347,2639.436800691765,2642.3193787699565,2.8825780781917274,4.5,0.0682159552125361,3
2020-03-26,2020-03-06,2020-04-15,3.092788784952127,12.677360284173462,2592.680293628282,2591.202206066344,2594.5368596930057,3.3346536266617477,4.25,0.0752939153497156,3
2020-03-26,2020-03-06,2020-04-15,8.439066724559385,20.2600230501414,2580.7162057500113,2579.238986575976,2582.7093484965153,3.4703619205392897,4.25,0.1093137754061679,3
2020-03-26,2020-03-06,2020-04-15,3.948814018998947,11.339264397372457,2542.385236926102,2541.678138558287,2543.383123454638,1.704984896350652,1.5,0.0802358098242694,3
2020-03-26,2020-03-06,2020-04-15,2.589960063161356,22.3449209285738,2467.1117472099454,2464.939645248931,2469.096021875739,4.156376626808196,3.0,0.0628905283370673,3
2020-03-26,2020-03-06,2020-04-15,5.154902193076443,9.015143872202165,1808.4456438892591,1808.0576507109215,1809.1325741992332,1.0749234883114696,0.75,0.3604250561031863,3
2020-03-26,2020-03-06,2020-04-15,3.317767911542207,9.171552358820014,1810.468911233603,1810.2642488288693,1811.0600056415424,0.7957568126730621,0.75,0.0383353666885027,3
2020-03-26,2020-03-06,2020-04-15,3.6040906158068218,9.456755200677144,1811.1285788791945,1810.821116223,1811.6553635876624,0.8342473646625876,0.75,0.0254595465845824,3
2020-03-26,2020-03-06,2020-04-15,2.5439579042232596,7.707470887804864,1777.9587430770923,1777.739888503682,1778.568121004384,0.8282325007021427,1.0,0.1450158996593975,3
2020-03-26,2020-03-06,2020-04-15,7.78441475920938,7.250142124572475,1765.816596464963,1765.5146196591668,1766.346488820389,0.8318691612221301,0.75,0.0240505913172611,3
2020-03-26,2020-03-06,2020-04-15,2.5716195072198285,6.895787650506577,1764.532362384722,1764.5323623847216,1764.771251803264,0.2388894185423851,1.0,0.1496897108877437,3
2020-03-26,2020-03-06,2020-04-15,5.472293660669587,6.875045154967485,1764.9776324280242,1764.8292526029982,1765.3650322491303,0.5357796461321414,1.0,0.0144360923627406,3
2020-03-26,2020-03-06,2020-04-15,6.656593328105378,13.84722798044375,1640.4817292921423,1639.41580206668,1641.4862890783695,2.0704870116896927,1.25,0.0360206025932702,3
2020-03-26,2020-03-06,2020-04-15,2.3358259163746884,13.826276346622777,1583.9393903768264,1582.0640213666484,1585.8445158451796,3.780494478531182,2.25,0.0691909438280824,3
2020-03-26,2020-03-06,2020-04-15,4.9048560414645825,6.54785529573235,1825.687899651806,1825.3666069209576,1826.3136130650528,0.9470061440952122,0.75,0.0519208117952779,3
2020-03-26,2020-03-06,2020-04-15,2.0263224579371037,25.08499499470145,2055.618849558781,2054.3029519235715,2057.5913789733313,3.2884270497597754,2.25,0.0631029943659233,3
2020-03-26,2020-03-06,2020-04-15,9.027264371736916,20.3397157048435,2057.5705764301633,2054.3029519235715,2060.639968687203,6.337016763631254,4.5,0.1230437811374085,3
2020-03-26,2020-03-06,2020-04-15,2.906060572336698,8.710342537145513,2059.792415491419,2058.5291120014153,2061.716194944922,3.187082943506539,3.25,0.0723014356689566,3
2020-03-26,2020-03-06,2020-04-15,3.4163808662929576,6.504752345056033,1826.6035864513233,1826.338574317284,1827.0494682178833,0.7108939005993307,0.75,0.0417502972953498,3
2020-03-26,2020-03-06,2020-04-15,6.58411171045837,14.54562500265884,2020.790951883947,2019.1130487243645,2022.3381306938827,3.2250819695182145,6.25,0.0984953082210127,3
2020-03-26,2020-03-06,2020-04-15,2.4580939402389244,7.886155885035313,1894.422440840503,1890.941831259057,1907.1307522710413,16.18892101198435,3.25,0.0545998928703256,3
2020-03-26,2020-03-06,2020-04-15,2.6996976800771435,20.175897605838752,1882.2508900362625,1882.1360831391064,1882.6126912925392,0.4766081534326076,1.0,0.1104593533899889,3
2020-03-26,2020-03-06,2020-04-15,5.181699016377888,11.363228065512612,1837.411092681464,1837.1687704757787,1837.8813472827896,0.7125768070109189,1.0,0.1006497278501428,3
2020-03-26,2020-03-06,2020-04-15,5.117472401755675,6.554774797368864,1820.8828697543008,1820.6376622207465,1821.3485452402383,0.7108830194920301,0.75,0.0264577392983947,3
2020-03-26,2020-03-06,2020-04-15,2.5359563031491823,19.62825261060189,585.709759188394,585.0589491371065,586.6887567387894,1.6298076016828418,1.5,0.0349380496243756,3
2020-03-26,2020-03-06,2020-04-15,3.4269389424795658,8.564984516873617,1172.7659866706135,1172.4427725630812,1173.448909010738,1.0061364476568997,1.0,0.1927599203708685,3
2020-03-26,2020-03-06,2020-04-15,2.2212499526204548,7.309660583433306,1538.0524407642988,1537.9976171529852,1538.4962275582366,0.4986104052513838,1.0,0.0628964374884244,3
2020-03-26,2020-03-06,2020-04-15,2.00464951405162,20.746506674134505,1375.0036566981894,1374.71576652769,1375.4577270699665,0.7419605422765017,0.75,0.4951549885482187,3
2020-03-26,2020-03-06,2020-04-15,3.9495500970198303,9.81822619371557,1411.2632882015496,1409.5201213601977,1418.395527599845,8.875406239647418,1.0,0.2651342521853017,3
2020-03-26,2020-03-06,2020-04-15,2.8491071849514262,5.686114446071893,1448.1594322193782,1447.340852162335,1449.3141518733464,1.9732997110113504,2.0,0.1050317195544203,3
2020-03-26,2020-03-06,2020-04-15,3.164403293732181,5.263678337589865,750.8103627014343,750.4740960411727,751.3208528622054,0.8467568210326135,1.0,0.2974519277973897,3
2020-03-26,2020-03-06,2020-04-15,3.1848301306881943,9.897633612221291,805.0220740755025,803.4212681893259,806.8175201429985,3.3962519536726177,0.75,0.1308632970531498,3
2020-03-26,2020-03-06,2020-04-15,9.34642642797794,16.287153184927224,640.5470410294023,627.4197861654684,655.349377992563,27.929591827094555,2.75,0.0724933193404953,3
2020-03-26,2020-03-06,2020-04-15,4.383667413689382,14.172263905097468,643.8822155790743,630.8278852626681,656.4926524693146,25.664767206646506,1.5,0.0487510504543459,3
2020-03-26,2020-03-06,2020-04-15,10.62232191238422,20.657584031281825,634.9416790026793,633.6523599140346,636.9185148100369,3.266154896002263,2.75,0.0614944948886775,3
2020-03-26,2020-03-06,2020-04-15,5.7311942485797225,7.394163846076814,896.2713724522553,896.0388447553851,896.767041423358,0.7281966679729521,1.5,0.2886834876072086,3
2020-03-26,2020-03-06,2020-04-15,3.4037776577942074,9.072608677572264,1619.4522554022258,1619.452255402226,1619.6911448207684,0.2388894185423851,1.75,0.0659168681670485,3
2020-03-26,2020-03-06,2020-04-15,3.1117144408020194,5.765890924535838,917.8382363567036,912.4736359808594,919.284821223002,6.811185242142528,1.5,0.2477328693575042,3
2020-03-26,2020-03-06,2020-04-15,2.269104878166411,12.695549890075414,1619.7237438759769,1619.7237438759769,1619.962633294519,0.2388894185423851,1.0,0.3109490275316462,3
2020-03-26,2020-03-06,2020-04-15,3.349948525946988,5.21470923760533,1497.80365617255,1496.1237997114658,1500.438014111016,4.31421439955011,3.75,0.0947441291032968,3
2020-03-26,2020-03-06,2020-04-15,2.1106205017828934,16.0421341844653,67.42089960096827,17.40021131746471,197.2830385407433,179.88282722327858,1.0,0.042317273248606,3
2020-03-26,2020-03-06,2020-04-15,2.492395116289752,6.2793467153778755,89.3690330419422,19.146918522194028,197.76830175798383,178.62138323578984,1.0,0.1324611458190339,3
2020-03-26,2020-03-06,2020-04-15,8.365045643776936,9.31069128908696,1836.2466566092385,1835.834438231308,1837.0316508379765,1.1972126066684723,1.0,0.2587330322677017,3
2020-03-26,2020-03-06,2020-04-15,4.176341856795457,9.785147325248118,1836.7969165037855,1836.5559365814552,1837.170816164464,0.6148795830085874,0.75,0.2488495423358916,3
2020-03-26,2020-03-06,2020-04-15,3.511468410449568,10.96196035311596,1837.1446705198205,1836.9319267459216,1837.6445035678337,0.71257682191208,0.75,0.1059311564661091,3
2020-03-26,2020-03-06,2020-04-15,8.85818327880334,11.989489406681672,1836.855446562168,1835.7675867704677,1837.8813472827896,2.113760512322187,1.75,0.200259131805216,3
2020-03-26,2020-03-06,2020-04-15,2.061293061861042,8.08874884621284,1850.0257764466787,1848.8086819220337,1850.9574921131136,2.148810191079974,1.0,0.0429466156667879,3
2020-03-26,2020-03-06,2020-04-15,2.491292343011405,10.769575714192907,1851.5583879398723,1850.956860085018,1852.273352658376,1.3164925733581183,1.25,0.0342604087931736,3
2020-03-26,2020-03-06,2020-04-15,6.374165118586552,9.654193639331108,1832.1957778049596,1831.8446218683384,1832.5517162117176,0.7070943433791399,1.25,0.4546251303529791,3
2020-03-26,2020-03-06,2020-04-15,2.7241898774355557,19.990205377965182,1882.6929268657177,1882.1360831391064,1883.4188221078368,1.2827389687299728,1.5,0.2329707271095804,3
2020-03-26,2020-03-06,2020-04-15,5.610682300831192,14.9301051347528,1832.4458957587176,1832.396382969804,1832.722035303712,0.325652333907783,1.0,0.015263711727062,3
2020-03-26,2020-03-06,2020-04-15,4.069182633096352,9.70998378219711,1830.4779563377135,1829.4951081108304,1831.1897234474309,1.694615336600691,0.75,0.2377638889564215,3
2020-03-26,2020-03-06,2020-04-15,2.3830354224340993,13.70165261553961,1638.7963077884683,1638.3709936388768,1639.378456058912,1.0074624200351536,0.75,0.0194655704276502,3
2020-03-26,2020-03-06,2020-04-15,7.382160811796784,6.811750857549674,1764.7492110422268,1764.5323623847216,1765.3650322491303,0.8326698644086719,1.25,0.0986284848297913,3
2020-03-26,2020-03-06,2020-04-15,6.61299660644494,7.9912172962819135,1764.769428135046,1764.5323623847216,1765.3650322491303,0.8326698644086719,1.5,0.2047357909620184,3
2020-03-26,2020-03-06,2020-04-15,4.363876619810239,7.717884914889133,1769.307265245872,1769.143867566716,1769.67939865496,0.53553108824417,1.25,0.2179922956830671,3
2020-03-26,2020-03-06,2020-04-15,4.282716925978194,7.501150669114474,1768.7649351189102,1768.5994607037865,1769.086115038488,0.4866543347015977,1.5,0.0149210681617276,3
2020-03-26,2020-03-06,2020-04-15,2.7814886391976845,8.242940161885494,1768.2464673362929,1768.0060345204547,1768.5416371840984,0.5356026636436582,1.25,0.1942916008804718,3
2020-03-26,2020-03-06,2020-04-15,2.211980445957463,10.02987251108532,1774.9581511491244,1774.518449684605,1775.644632534124,1.1261828495189548,0.75,0.0826946931374805,3
2020-03-26,2020-03-06,2020-04-15,2.8173950326964072,8.072261839467874,1777.9686815623336,1777.739888503682,1778.568121004384,0.8282325007021427,1.25,0.096754208811205,3
2020-03-26,2020-03-06,2020-04-15,4.303599444500077,7.907273108520093,1779.1145776576564,1778.557136323303,1779.633286725264,1.0761504019610584,2.25,0.090302632956799,3
2020-03-26,2020-03-06,2020-04-15,3.9569338703352024,5.28793991260196,1830.16838235587,1829.4951081108304,1831.1897234474309,1.694615336600691,1.25,0.1418949991687834,3
2020-03-26,2020-03-06,2020-04-15,3.1615246762387454,13.426836625168312,1627.0229476320192,1626.6413461137563,1627.6608058027923,1.0194596890360117,1.25,0.0717080358418909,3
2020-03-26,2020-03-06,2020-04-15,2.25403035863284,5.26968684869993,3440.2205999208777,3439.786975419149,3440.7359551829286,0.9489797637797892,1.25,0.0260284679301378,3
2020-03-26,2020-03-06,2020-04-15,4.818647778105772,6.1842057689740235,3286.415489126108,3286.0539946081117,3286.7892338293605,0.7352392212487757,5.5,0.2448674862671396,3
2020-03-26,2020-03-06,2020-04-15,2.261595389294531,5.745273114930117,3305.0835362310963,3304.803905343637,3305.5339031699114,0.7299978262744844,0.75,0.1590479698168789,3
2020-03-26,2020-03-06,2020-04-15,2.712872192620337,7.864825323365665,3277.6854480189936,3277.585791046731,3278.06747137662,0.481680329889059,2.0,0.2385061210836325,3
2020-03-26,2020-03-06,2020-04-15,3.115758241434395,5.612838916158335,3281.3390043481313,3281.12323923409,3281.6054347823374,0.4821955482475459,4.25,0.2683318007765312,3
2020-03-26,2020-03-06,2020-04-15,3.2796707826307414,15.364596564316072,3679.134819964256,3677.927366923541,3680.719669399783,2.7923024762421846,3.75,0.0816168710494014,3
2020-03-26,2020-03-06,2020-04-15,9.62094023106046,11.90524092275404,3677.4847433091672,3673.1546730916016,3680.719669399783,7.564996308181435,5.75,0.1683309618205353,3
2020-03-26,2020-03-06,2020-04-15,2.166294636331871,8.114497628523445,3658.952129565502,3658.595979603939,3659.490317866206,0.8943382622674108,1.0,0.0588270149728303,3
2020-03-26,2020-03-06,2020-04-15,5.234791353535969,8.655917096637223,3669.252607839771,3667.3513444303535,3672.8283831602894,5.4770387299358845,3.75,0.1197817017655755,3
2020-03-26,2020-03-06,2020-04-15,3.771204275211636,9.379765968989195,3666.6085651773647,3663.430445241742,3669.688147698529,6.257702456787229,3.25,0.10754505961309,3
2020-03-26,2020-03-06,2020-04-15,2.729989455571864,12.877810981298955,2968.52994487816,2968.2637197072618,2969.202573266346,0.9388535590842366,0.75,0.1877109563453993,3
2020-03-26,2020-03-06,2020-04-15,2.032810395932943,9.343636596266254,2974.9395954461593,2974.745018230751,2975.4528042767197,0.7077860459685326,0.5,0.0483271400390672,3
2020-03-26,2020-03-06,2020-04-15,2.14604212892904,8.362569210546914,3072.610402943689,3072.3306017802097,3073.320984091144,0.9903823109343648,2.75,0.3703776902253342,3
2020-03-26,2020-03-06,2020-04-15,4.842434833623003,11.256630596386763,3065.8642145668614,3054.451981574297,3101.059849301353,46.607867727056146,1.25,0.1171799166619547,3
2020-03-26,2020-03-06,2020-04-15,2.717360566460621,9.384690435515337,3080.246263411214,3054.451981574297,3101.059849301353,46.607867727056146,1.75,0.454676646761678,3
2020-03-26,2020-03-06,2020-04-15,3.643838231710997,15.507565645468492,3048.947145421224,3048.072751376778,3049.766957009211,1.6942056324332952,1.5,0.0380118940476464,3
2020-03-26,2020-03-06,2020-04-15,2.2562568080136556,10.925743929844806,3018.7947596898316,3017.884579447098,3019.570389113389,1.6858096662908792,1.5,0.0572615526280589,3
2020-03-26,2020-03-06,2020-04-15,2.6220424940151164,8.313270618284902,2989.8114352939715,2989.3597869900987,2991.030142023228,1.6703550331294537,0.5,0.2783272655668289,3
2020-03-26,2020-03-06,2020-04-15,2.901632040295759,6.0802464328811485,3000.850853623503,3000.758682162501,3001.2334612514824,0.4747790889814496,1.5,0.1488467526480019,3
2020-03-26,2020-03-06,2020-04-15,3.5438976490166967,10.404590108957686,3012.7457129157265,3009.311414722819,3034.2141185393557,24.902703816536818,1.0,0.1418601992509116,3
2020-03-26,2020-03-06,2020-04-15,3.0933432472925633,6.858024554304052,3018.6094451262616,3018.6094451262616,3018.848334544804,0.2388894185423851,1.0,0.2877233857814065,3
2020-03-26,2020-03-06,2020-04-15,3.832073836557427,6.3779944468007885,3007.071717692158,3006.259245220106,3007.914097610861,1.654852390754968,2.25,0.0758024512199417,3
2020-03-26,2020-03-06,2020-04-15,2.936877844829857,21.09439783249877,2553.4909642346565,2553.372171655763,2553.8153067892417,0.4431351334787905,1.25,0.2792580352196294,3
2020-03-26,2020-03-06,2020-04-15,3.5201724061365143,10.220066221212882,3091.28832382111,3069.857061092742,3116.052596658468,46.19553556572646,2.0,0.4357706658480875,3
2020-03-26,2020-03-06,2020-04-15,2.534219278464606,5.901786772878736,3089.708073610579,3069.857061092742,3115.7167945601977,45.85973346745595,2.0,0.3235882893558761,3
2020-03-26,2020-03-06,2020-04-15,2.2206085345316677,5.298698839767415,3232.1751398970364,3232.1265153503045,3232.604464119766,0.4779487694613635,2.0,0.2358411792550852,3
2020-03-26,2020-03-06,2020-04-15,2.52777195166992,8.381425309961704,3201.441486730462,3201.270051029511,3201.74730183417,0.4772508046589792,2.0,0.2124966994874322,3
2020-03-26,2020-03-06,2020-04-15,2.635751760521717,6.501547466749687,3264.2540881605823,3264.172002095729,3264.6522687212564,0.4802666255272925,1.5,0.1607184370693204,3
2020-03-26,2020-03-06,2020-04-15,3.982552371579688,7.268478370894563,3263.5897010956023,3263.4579939362593,3263.9382866583765,0.4802927221171558,3.5,0.2882204949191891,3
2020-03-26,2020-03-06,2020-04-15,3.4181877661324567,5.380980392208251,3261.269435981927,3261.0466589303687,3261.7657118467614,0.719052916392684,4.5,0.2698076647239178,3
2020-03-26,2020-03-06,2020-04-15,4.151585806074263,5.259135191569572,3249.1514997930913,3249.075202986598,3249.549846064765,0.4746430781669914,4.0,0.2569786265881513,3
2020-03-26,2020-03-06,2020-04-15,4.50227541277213,6.184356552217318,3198.803938054282,3198.6487687788904,3199.1263965321705,0.4776277532801032,4.5,0.238405338015426,3
2020-03-26,2020-03-06,2020-04-15,2.2978148473762534,9.730401328095155,3196.409105777903,3196.2096802126616,3196.686933156103,0.4772529434412718,3.25,0.2142507919107661,3
2020-03-26,2020-03-06,2020-04-15,2.4119935380274526,7.253040147123394,3135.4333509523417,3135.433350952342,3135.6722403708845,0.2388894185423851,2.75,0.2316917731721157,3
2020-03-26,2020-03-06,2020-04-15,2.232407880137022,6.795277632794424,3120.6707237498745,3094.0399346845224,3135.0163597255014,40.97642504097894,1.0,0.2366656980948089,3
2020-03-26,2020-03-06,2020-04-15,5.065473879522747,5.529803851699674,3092.2964833122674,3092.296483312268,3092.53537273081,0.2388894185423851,6.5,0.3220755750862913,3
2020-03-26,2020-03-06,2020-04-15,2.810739692940526,8.609570019992585,3086.436867855435,3069.6068210043013,3116.052596658468,46.44577565416694,1.75,0.3399746935643044,3
2020-03-26,2020-03-06,2020-04-15,2.0754754488610665,9.13872526154557,3078.7851203406058,3074.5618341406807,3119.9600818105973,45.3982476699166,3.5,0.270459778733203,3
2020-03-26,2020-03-06,2020-04-15,3.9310604740811312,9.445059169343043,3185.7033130000304,3185.6797158629633,3186.141770622693,0.4620547597296536,3.75,0.1963516307159962,3
2020-03-26,2020-03-06,2020-04-15,4.691668795185526,5.75451918322107,3185.6995041128807,3185.6797158629633,3186.141770622693,0.4620547597296536,4.75,0.2183646718909981,3
2020-03-26,2020-03-06,2020-04-15,2.25121803295305,6.64650476339796,3137.999735327777,3137.986559036188,3138.5535391075537,0.5669800713658333,1.5,0.2122382061531258,3
2020-03-26,2020-03-06,2020-04-15,3.2437520863269644,21.78143941985498,3735.100177456324,3733.9635629742406,3736.320573616773,2.3570106425322592,2.0,0.0633880717618773,3
2020-03-26,2020-03-06,2020-04-15,2.0228586808129494,5.480921493215133,4883.726485075539,4877.694025225472,4898.817845445592,21.12382022012025,1.75,0.0743152388541656,3
2020-03-26,2020-03-06,2020-04-15,2.178034558194363,19.26968873301364,5014.088582901473,5013.800193177536,5014.526968344115,0.7267751665785909,1.75,0.4209761158206726,3
2020-03-26,2020-03-06,2020-04-15,8.707295347040052,19.793162101220027,5012.58765411864,5012.3574606711045,5013.074082448613,0.7166217775084078,2.0,0.3569462888630337,3
2020-03-26,2020-03-06,2020-04-15,2.0470977748324164,19.924953416162666,5003.984178815986,5003.95385572454,5004.436427182518,0.482571457978338,1.5,0.3289229003340566,3
2020-03-26,2020-03-06,2020-04-15,6.321436251678785,19.368901756090175,5003.807015206208,5003.710173669737,5004.436427182518,0.7262535127811134,2.25,0.2827051920597512,3
2020-03-26,2020-03-06,2020-04-15,3.371778420180455,19.877848245655674,5000.148732570071,5000.077764682006,5000.560341777746,0.4825770957395434,1.25,0.4525453653758138,3
2020-03-26,2020-03-06,2020-04-15,4.948342276768946,18.139508794679134,4998.950325819163,4998.653947321698,4999.380113616586,0.7261662948876619,1.5,0.4750570392529241,3
2020-03-26,2020-03-06,2020-04-15,5.63001024646191,19.744042096015335,4993.874607596988,4993.796500897966,4994.273570114747,0.4770692167803645,1.5,0.2838137773321847,3
2020-03-26,2020-03-06,2020-04-15,3.355933482272085,19.957631568410232,4987.3996397221545,4987.224601134658,4987.706804717425,0.4822035827673971,1.5,0.1683092474691627,3
2020-03-26,2020-03-06,2020-04-15,2.543829262271374,8.128527576582158,4787.3849622265625,4783.652646927163,4819.545157436281,35.89251050911844,1.5,0.0475251507288249,3
2020-03-26,2020-03-06,2020-04-15,8.000367807453964,20.56826972137444,4977.296796327448,4977.180582435336,4977.9055247497745,0.7249423144385219,2.0,0.0645754979284418,3
2020-03-26,2020-03-06,2020-04-15,4.334520693612658,14.770309085993988,4631.580041621697,4631.409394525457,4632.128820549231,0.719426023773849,1.5,0.0587005021781122,3
2020-03-26,2020-03-06,2020-04-15,2.910410091702454,10.930803856330314,4623.373803973749,4622.656803105492,4624.303799202666,1.6469960971735418,1.0,0.0328417105455725,3
2020-03-26,2020-03-06,2020-04-15,2.0443379451023507,9.86696049502232,4732.071990180436,4728.801062570885,4774.432156763505,45.63109419262037,1.75,0.0677373353109878,3
2020-03-26,2020-03-06,2020-04-15,2.7646358268324844,10.390454606176506,4697.613510999494,4671.47453290876,4727.240852219518,55.76631931075826,1.5,0.0620634963281518,3
2020-03-26,2020-03-06,2020-04-15,2.1750941280638796,10.109181880335312,4703.596959768381,4668.588437907398,4722.952713670209,54.3642757628113,1.5,0.0271925671877606,3
2020-03-26,2020-03-06,2020-04-15,4.111870977742784,12.302691344837992,4661.360701649488,4661.144206822384,4661.913758721203,0.7695518988184631,2.5,0.301454060741837,3
2020-03-26,2020-03-06,2020-04-15,7.210845087519809,8.643981360145844,4686.437737664652,4665.473042883445,4722.952713670209,57.47967078676447,2.25,0.080272880849711,3
2020-03-26,2020-03-06,2020-04-15,3.040235740656406,9.835444669171666,4686.743854527244,4666.247976550832,4722.2324359109625,55.98445936013013,1.0,0.0596631420912141,3
2020-03-26,2020-03-06,2020-04-15,2.261547611410823,5.273216428041954,5146.149494400892,5145.734580792021,5146.754872044548,1.020291252527386,0.75,0.1187295310899538,3
2020-03-26,2020-03-06,2020-04-15,2.587155322220605,5.990582769082917,4079.2631145594696,4078.019839696586,4080.387367927004,2.36752823041752,2.25,0.0693956211682822,3
2020-03-26,2020-03-06,2020-04-15,2.666707648599986,27.29697654627198,4145.806746019342,4145.462619136553,4146.41089363629,0.9482744997367264,1.0,0.0254813356902794,3
2020-03-26,2020-03-06,2020-04-15,2.023660333979223,12.783996842801436,4182.333406765705,4181.707823334262,4182.908423268702,1.2005999344401062,0.75,0.2319973118945761,3
2020-03-26,2020-03-06,2020-04-15,2.3775302157837896,12.390254879963988,3845.611417443394,3845.2572880666703,3846.2148423278704,0.95755426120013,1.25,0.3600323467190192,3
2020-03-26,2020-03-06,2020-04-15,3.3022476243536363,6.716733973463633,3779.6306293680623,3767.0117673180066,3809.083635922987,42.07186860498041,2.5,0.0723421091408882,3
2020-03-26,2020-03-06,2020-04-15,3.0286060065382165,14.5236811996822,3903.2126698338593,3903.090083187912,3903.565716494341,0.4756333064287901,0.75,0.3054512385424957,3
2020-03-26,2020-03-06,2020-04-15,2.9539888966565018,12.739694812364151,4523.511773577573,4521.565451683011,4525.569738873281,4.004287190269679,5.0,0.0894320369754086,3
2020-03-26,2020-03-06,2020-04-15,3.5671714506181886,7.688233846900808,4597.622581695628,4596.248444540892,4599.169168932363,2.9207243914715946,1.5,0.0649558550504347,3
2020-03-26,2020-03-06,2020-04-15,2.164037728550192,7.430200093997593,4478.777592825819,4478.693387243431,4479.168535373174,0.4751481297425926,1.5,0.090755252592376,3
2020-03-26,2020-03-06,2020-04-15,2.1722471634184,7.894752378381101,4326.2437243982895,4323.8478680038825,4328.720342918765,4.872474914882332,1.0,0.0776488545547171,3
2020-03-26,2020-03-06,2020-04-15,2.077087355212681,21.40589797424082,4346.474584138489,4346.116550448351,4347.064116565045,0.947566116694361,0.75,0.0482713341560397,3
2020-03-26,2020-03-06,2020-04-15,2.100064814490471,9.105934546660745,4447.415315857796,4446.138859400526,4448.8648335412145,2.725974140688777,1.5,0.0559730692940985,3
2020-03-26,2020-03-06,2020-04-15,2.093991170468741,5.406881219322288,4427.28199892812,4427.194348108955,4427.774011058267,0.5796629493124783,1.0,0.117963306384341,3
2020-03-26,2020-03-06,2020-04-15,2.250683099822578,10.26735020799494,4413.507566891244,4412.62741534831,4414.75729539711,2.12988004880026,1.5,0.0468647852660181,3
2020-03-26,2020-03-06,2020-04-15,15.977393849266862,6.1420849718822925,2074.967586593324,2070.206280977931,2086.08251193678,15.876230958849192,6.0,0.1658293261532284,3
2020-03-26,2020-03-06,2020-04-15,2.176800395735819,15.936278676286404,2074.056905176791,2071.3372382447124,2074.983204375021,3.645966130308807,0.75,0.1242627322704903,3
2020-03-26,2020-03-06,2020-04-15,2.784475593042429,16.858397736952263,2549.330761343688,2548.7256240886636,2550.4422840531915,1.7166599645279348,1.5,0.1439534769621442,3
2020-03-26,2020-03-06,2020-04-15,3.1826717647916634,7.345729204841407,2540.1218781585817,2539.8958122236654,2540.62495161267,0.7291393890045583,1.0,0.2075876897961537,3
2020-03-26,2020-03-06,2020-04-15,2.7746964158049785,10.33958929770234,2540.436124921818,2540.1409371853806,2540.8700766661204,0.7291394807398319,1.25,0.1380036592525524,3
2020-03-26,2020-03-06,2020-04-15,3.0917373131764117,10.640735555263229,2541.526572675005,2540.723736663814,2542.4070356604643,1.6832989966496823,1.25,0.1320674824272982,3
2020-03-26,2020-03-06,2020-04-15,2.4081277697342447,19.935697589780283,2311.2479036750156,2310.9472815459594,2311.668500932399,0.7212193864397705,1.0,0.1014918673520459,3
2020-06-30,2020-04-15,2020-09-15,4.883686377861612,5.779388269296926,4250.61968730088,4247.287846581545,4255.055864976253,7.768018394708633,3.0,0.0906687725182375,6
2020-06-30,2020-04-15,2020-09-15,5.361753853086336,5.973227780011373,4232.080393851393,4228.487182701472,4235.314207674004,6.8270249725319445,3.5,0.0941031926453739,6
2020-06-30,2020-04-15,2020-09-15,8.43371375019104,6.186007548584004,4216.579335991832,4211.513282387052,4218.933609373402,7.420326986350119,3.75,0.110222787990839,6
2020-06-30,2020-04-15,2020-09-15,4.448734919064865,7.319918618912427,3662.774458762264,3662.047467792406,3663.906425132416,1.8589573400095103,0.75,0.0324735099006184,6
2020-06-30,2020-04-15,2020-09-15,2.882283609897401,6.8945172078149595,4144.622343973846,4142.863710558973,4147.137044049799,4.2733334908261895,2.75,0.0764241010621702,6
2020-06-30,2020-04-15,2020-09-15,5.851567939077271,6.819832413966082,4162.853628868901,4160.453640973661,4165.5391779355705,5.0855369619093835,4.5,0.0952806942854422,6
2020-06-30,2020-04-15,2020-09-15,4.437048627876835,7.998480205890595,4179.0387788064645,4175.798826660495,4182.656502693426,6.857676032930613,3.0,0.0897325849567831,6
2020-06-30,2020-04-15,2020-09-15,5.3898015013832685,22.02423934879892,4055.5760431000303,4055.307689218782,4056.2561486526392,0.9484594338573517,1.5,0.2309714832189802,6
2020-06-30,2020-04-15,2020-09-15,3.05513109312607,21.912446630933836,5041.550032794373,5041.074843051843,5042.275119466241,1.200276414398104,0.5,0.0498718313608453,6
2020-06-30,2020-04-15,2020-09-15,2.2469703999243027,5.7465601982287335,5444.033458402796,5434.781326784287,5454.9325476069935,20.15122082270682,2.75,0.0624574872150229,6
2020-06-30,2020-04-15,2020-09-15,2.480646534685837,5.357395859502701,5348.967173889186,5347.010497718118,5350.916958576068,3.906460857950151,2.75,0.0691451372258755,6
2020-06-30,2020-04-15,2020-09-15,4.40264890994086,9.394659288131711,103.12672108129492,64.32818373478949,241.3053892222233,176.97720548743382,3.0,0.1037096145731297,6
2020-06-30,2020-04-15,2020-09-15,6.901353036051961,11.29445528759966,258.46287067651207,198.8002348630689,346.95904275402427,148.15880789095536,4.5,0.1253143476282736,6
2020-06-30,2020-04-15,2020-09-15,5.5217259133238255,12.65970042528386,4454.399167553595,4451.645913544577,4457.971479685046,6.325566140469164,4.0,0.1093219414261759,6
2020-06-30,2020-04-15,2020-09-15,3.775559587645791,18.895859484684017,4608.692146100893,4606.901108612772,4610.204010079149,3.3029014663770795,3.5,0.0974879830205699,6
2020-06-30,2020-04-15,2020-09-15,2.349253114200346,5.791360240189683,4658.423609711465,4648.583320598118,4704.010212311521,55.426891713403165,3.0,0.0796358600944946,6
2020-06-30,2020-04-15,2020-09-15,2.5890656014559785,7.082136917352723,4465.275030777318,4464.25479501579,4466.401811909862,2.1470168940722942,0.75,0.1020528024439448,6
2020-06-30,2020-04-15,2020-09-15,2.909738036045739,9.143177024149727,4658.116400313865,4656.501611378975,4713.8315555900335,57.32994421105832,3.0,0.0808543840600084,6
2020-06-30,2020-04-15,2020-09-15,3.02517107531135,5.027591559309878,1073.4400508268727,1071.7411406966858,1074.9570279982872,3.2158873016014695,2.75,0.0637023389416435,6
2020-06-30,2020-04-15,2020-09-15,5.17844779111388,5.712409179097262,1084.2452934887972,1082.2162843695842,1086.4114800943062,4.195195724721998,3.5,0.0996410499524014,6
2020-06-30,2020-04-15,2020-09-15,3.4610304930656213,10.244502369287968,1092.489009561289,1088.396485388279,1095.9398922109976,7.54340682271868,3.25,0.0771863744677792,6
2020-06-30,2020-04-15,2020-09-15,2.645916863614824,10.55706568464622,1108.0779513557538,1106.9054318172855,1109.3803698513657,2.474938034079969,2.5,0.0618944091658246,6
2020-06-30,2020-04-15,2020-09-15,2.3255647200129737,10.0794885050443,1196.1067075622352,1194.0918496381491,1198.3998610582205,4.308011420071125,3.5,0.0718126491792903,6
2020-06-30,2020-04-15,2020-09-15,3.414806644747118,9.287928155483351,1206.069600463204,1203.0715250209903,1208.769784297794,5.698259276803583,2.5,0.0786216218989099,6
2020-06-30,2020-04-15,2020-09-15,2.7530002399235407,10.791911525406858,1235.9293523959398,1233.8982843169942,1237.5573232849129,3.6590389679186046,2.5,0.087904257929593,6
2020-06-30,2020-04-15,2020-09-15,3.244895649973526,7.31727880245043,1255.7682678135427,1254.2642676341347,1256.7186283678748,2.4543607337400317,2.25,0.1032982806829985,6
2020-06-30,2020-04-15,2020-09-15,4.118345179597055,10.34654326023807,762.8156473657234,760.7782966555096,764.6991981700994,3.9209015145897865,3.25,0.0694549832213131,6
2020-06-30,2020-04-15,2020-09-15,2.6253881403218022,6.238846707760187,3402.323207630677,3402.195873770863,3402.677052779123,0.4811790082603693,0.75,0.1158335200849647,6
2020-06-30,2020-04-15,2020-09-15,2.476469433757914,5.684985807656727,2934.0927915179045,2932.1627583242953,2935.6495776679367,3.4868193436414003,3.0,0.0753491338773371,6
2020-06-30,2020-04-15,2020-09-15,3.970096378685115,5.519145845143694,2938.788913862651,2937.4383720713668,2940.7190855047666,3.2807134333997965,2.75,0.0826727011271888,6
2020-06-30,2020-04-15,2020-09-15,6.072041670955997,15.615345308802878,1630.67706890911,1630.0766506162472,1631.38362095505,1.306970338802785,1.0,0.0228610471115053,6
2020-06-30,2020-04-15,2020-09-15,2.518230708293337,8.102635962038276,1765.742561195393,1765.218129787594,1766.346488820389,1.1283590327948332,0.75,0.0385535496433103,6
2020-06-30,2020-04-15,2020-09-15,2.981163762462791,7.415290266552208,1777.6772586586883,1777.6772586586883,1777.916148077231,0.2388894185423851,1.75,0.1420400367970331,6
2020-06-30,2020-04-15,2020-09-15,8.422409861239744,7.365124304840484,1777.1474234633815,1777.0865184473805,1777.6207780283876,0.5342595810070634,3.0,0.2529354855571775,6
2020-06-30,2020-04-15,2020-09-15,5.896706393322629,7.352847177398404,1824.892972655717,1824.7744246665388,1825.4834341756068,0.7090095090679824,1.0,0.209969704305506,6
2020-06-30,2020-04-15,2020-09-15,2.3831672296707795,17.789718173620575,3160.17965629751,3155.0563158257864,3165.5965651301667,10.540249304380268,4.5,0.0803840440898195,6
2020-06-30,2020-04-15,2020-09-15,9.967678965109764,5.261529633191015,2674.4195981640287,2667.632319833152,2683.015593498014,15.383273664861916,2.0,0.0826612174390695,6
2020-06-30,2020-04-15,2020-09-15,5.251222406632732,11.511850052173816,3233.415938152118,3233.0818302044645,3234.0378847694956,0.9560545650310814,1.25,0.1529056419233154,6
2020-06-30,2020-04-15,2020-09-15,13.64800654022308,5.262277344530792,3559.0664229631034,3555.5755270873196,3563.0890962076373,7.5135691203176975,5.75,0.1273342949070022,6
2020-06-30,2020-04-15,2020-09-15,6.7540697664474125,5.66999967283028,3734.379629572216,3727.2922958945855,3764.485025354661,37.1927294600755,2.5,0.0714890127908662,6
2020-06-30,2020-04-15,2020-09-15,2.5586806590880267,10.930364706615538,1871.8162350829307,1865.183404850308,1886.4042559671216,21.22085111681372,1.0,0.0435315290981697,6
2020-06-30,2020-04-15,2020-09-15,13.74486037301804,6.306071854895547,1080.375316254526,1073.230826480314,1086.4114800943062,13.180653613992035,2.5,0.0916983389100534,6
2020-06-30,2020-04-15,2020-09-15,4.165376235260815,12.116745115969906,1851.5046234613692,1850.956860085018,1852.511639806442,1.5547797214239836,1.75,0.0528869188851399,6
2020-06-30,2020-04-15,2020-09-15,5.614941699163802,6.738456820023353,1811.1228670717771,1810.2642488288693,1811.933743630536,1.6694948016665876,1.0,0.1733573002038202,6
2020-06-30,2020-04-15,2020-09-15,4.975092516633775,16.24970898648067,1630.8711575582934,1630.5978516233154,1631.38362095505,0.7857693317346275,0.75,0.0204477550368523,6
2020-06-30,2020-04-15,2020-09-15,2.961063726231344,11.608232210563784,1229.0157148385151,1226.945241412148,1231.3957821857184,4.450540773570538,1.75,0.0679067001322342,6
2020-06-30,2020-04-15,2020-09-15,2.6731493017709815,8.259775275075004,4439.812096894373,4439.2326193721965,4440.653324861545,1.4207054893486202,0.75,0.0318094850356459,6
2020-06-30,2020-04-15,2020-09-15,4.605154813093338,12.818029813953418,4523.636309847042,4522.0359914069995,4524.899796944112,2.863805537112057,4.75,0.0845732835485035,6
2020-06-30,2020-04-15,2020-09-15,2.908088086554222,11.282451893950444,4722.222328408801,4721.633407605812,4722.952713670209,1.3193060643970966,1.25,0.0299353620854381,6
2020-06-30,2020-04-15,2020-09-15,2.7448570371466223,8.858946145798239,4785.144712404944,4783.652646927163,4786.505682989024,2.853036061860621,1.0,0.0479833413414343,6
2020-06-30,2020-04-15,2020-09-15,4.3570409782657125,8.188997783193386,4215.424906058341,4212.45911008073,4218.247130489908,5.788020409177989,3.0,0.0861902907798117,6
2020-06-30,2020-04-15,2020-09-15,2.3747089914731587,5.413214953815382,4297.377120332088,4296.025708715897,4298.763683488127,2.7379747722297907,2.5,0.0466173769301009,6
2020-06-30,2020-04-15,2020-09-15,22.088752597672464,7.060694740042258,4356.297163276858,4349.661849171389,4363.329931579065,13.668082407675683,5.5,0.1823084257239093,6
2020-06-30,2020-04-15,2020-09-15,3.226300318467124,8.464152073428778,4342.114271008759,4341.105318249669,4342.998338841833,1.893020592164248,1.75,0.058204535713574,6
2020-06-30,2020-04-15,2020-09-15,3.804044941079849,13.160979709004538,4339.828973969357,4338.269241534639,4341.344207668211,3.074966133572161,2.25,0.0639985725305813,6
2020-06-30,2020-04-15,2020-09-15,4.052203209339325,8.979945326719868,4337.751516736692,4336.850871203002,4338.980797852855,2.129926649853587,2.75,0.0582499827830779,6
2020-06-30,2020-04-15,2020-09-15,2.0920992857185934,7.02670536626707,47.22183637460105,5.998190599028021,182.7916363608092,176.7934457617812,3.0,0.0623730077089945,6
2020-06-30,2020-04-15,2020-09-15,4.203703474404691,6.526876585945302,44.87913482645302,21.69456036388874,203.65962087083608,181.96506050694737,5.25,0.1021846263554249,6
2020-06-30,2020-04-15,2020-09-15,2.276289596873782,7.621497339912242,101.12131234660288,18.857424784917384,200.05283490614968,181.19541012123227,2.0,0.0652842187599445,6
2020-06-30,2020-04-15,2020-09-15,2.5543254063762255,5.603925227504649,1693.839953573411,1692.2041990482248,1695.3978547747247,3.1936557264998555,1.0,0.0465696338349191,6
2020-06-30,2020-04-15,2020-09-15,2.905322284588693,5.481647809412223,1698.3519421924736,1696.0225273179822,1702.462512634229,6.439985316246748,0.75,0.0497385159226071,6
2020-06-30,2020-04-15,2020-09-15,2.1237236461122984,5.205284534326473,1722.253556441316,1720.611022592988,1723.9146969928406,3.3036743998527527,1.0,0.0416830967174464,6
2020-06-30,2020-04-15,2020-09-15,3.496887675344124,5.053427140861569,1797.117696249451,1795.5778820235282,1801.0637986944057,5.4859166708774865,2.0,0.0529367764597832,6
2020-06-30,2020-04-15,2020-09-15,11.728447346773846,5.6964349179051865,1685.2694013594346,1679.7934962077998,1692.7313662208617,12.93787001306191,1.5,0.0975491961330621,6
2020-06-30,2020-04-15,2020-09-15,2.781449700222462,5.806707046922973,1782.3932736403438,1781.9660910833627,1783.0443930835463,1.078302000183612,1.0,0.2624712610886481,6
2020-06-30,2020-04-15,2020-09-15,8.022585896992561,5.716416225791127,1668.2321597716734,1663.7522497102618,1674.599258731119,10.847009020857511,2.0,0.0901380096955573,6
2020-11-20,2020-09-15,2021-01-26,2.792976234111842,5.22888177759873,4030.317729538118,4029.949222297408,4030.6533540482633,0.7041317508555949,1.25,0.360098500736381,11
2020-11-20,2020-09-15,2021-01-26,3.1765980013252233,5.344740204961775,4035.588221757429,4035.14106909791,4036.325242451858,1.184173353947699,1.25,0.2233801175012995,11
2020-11-20,2020-09-15,2021-01-26,2.4751308766234668,6.364669725093837,4579.204231898431,4578.633941407315,4580.076941785868,1.4430003785528245,1.0,0.3219653943315892,11
2020-11-20,2020-09-15,2021-01-26,2.7675994889589215,5.117266276254394,4443.533430392089,4443.25142923696,4443.962989942636,0.7115607056766748,2.0,0.1292079088158582,11
2020-11-20,2020-09-15,2021-01-26,4.546515463636704,5.244771086891402,3249.213741217883,3248.835267154034,3249.7897692155093,0.9545020614750684,4.25,0.2592117447222231,11
2020-11-20,2020-09-15,2021-01-26,3.5587273068962624,8.438260578580937,3246.54323142245,3245.9536639167927,3246.912487096153,0.9588231793604792,1.75,0.2118970701333333,11
2020-11-20,2020-09-15,2021-01-26,2.565819929083521,6.640613676527124,3246.351443543472,3245.9536639167927,3246.912487096153,0.9588231793604792,2.5,0.2271544846984974,11
2020-11-20,2020-09-15,2021-01-26,2.2727461501285435,10.16457790262566,3258.8784858121185,3258.654397387523,3259.134651266504,0.480253878980875,2.25,0.2652162683583547,11
2020-11-20,2020-09-15,2021-01-26,2.4463167516271396,7.933687791450565,3659.5704788568687,3659.059884123504,3660.186037544161,1.1261534206569197,0.75,0.2227216814120081,11
2020-11-20,2020-09-15,2021-01-26,2.2824140048969532,5.866870912168068,3669.887171847084,3669.318250583019,3670.261475069914,0.9432244868949056,1.0,0.1057533052491788,11
2020-11-20,2020-09-15,2021-01-26,2.804964003746072,6.161949356283761,3441.656206980904,3441.374090220779,3442.3174150395207,0.9433248187415302,1.0,0.0319534867825432,11
2020-11-20,2020-09-15,2021-01-26,3.104675564084668,8.286292335407323,752.9364530816673,752.9364530816674,753.1753425002098,0.2388894185423851,1.25,0.289903791437589,11
2020-11-20,2020-09-15,2021-01-26,3.166428478777874,8.28250665089878,750.9429727693006,750.7754081049934,751.6274081682786,0.8520000632852316,2.0,0.3003337426002028,11
2020-11-20,2020-09-15,2021-01-26,2.164883994315378,7.621968824639702,751.1896772714225,751.081963443663,751.6274081682786,0.5454447246156633,1.0,0.2834257952691033,11
2020-11-20,2020-09-15,2021-01-26,2.358477590207942,6.57520308578982,591.2675042221146,589.8627112237737,593.3512270250358,3.4885158012621105,0.75,0.3574671200397583,11
2020-11-20,2020-09-15,2021-01-26,2.9316491526815107,5.823815285089197,4708.4483059161785,4707.181747040711,4709.6445832881145,2.462836247403174,0.75,0.1922648901152501,11
2020-11-20,2020-09-15,2021-01-26,5.240543452400342,5.448380307387801,4728.255338721349,4711.468886231072,4761.283546153922,49.81465992284939,0.75,0.2896200667389337,11
2020-11-20,2020-09-15,2021-01-26,2.549888931262121,5.610552591688347,4726.201227895779,4725.948576287832,4726.965495857876,1.016919570043683,0.5,0.3370027748824844,11
2020-11-20,2020-09-15,2021-01-26,2.779833135527186,19.437822289119097,5003.9538557245405,5003.95385572454,5004.192745143082,0.2388894185423851,1.25,0.1757475732861535,11
2020-11-20,2020-09-15,2021-01-26,3.761000949811564,5.158067176437036,5125.883853915032,5125.286904542241,5127.022855065763,1.7359505235217512,2.0,0.1467592416989371,11
2020-11-20,2020-09-15,2021-01-26,4.0257477590169755,5.1669032493607565,5144.104931416086,5143.720956923906,5144.716741492506,0.9957845686003566,1.0,0.5177868958567977,11
2020-11-20,2020-09-15,2021-01-26,9.338067328889018,5.322740382502997,5146.154407178576,5145.237682695501,5147.018387824297,1.7807051287963986,1.25,0.5503602454972434,11
2020-11-20,2020-09-15,2021-01-26,5.085989165285975,5.617873344186559,5147.786515207836,5147.222463716753,5148.410155869089,1.1876921523362398,1.25,0.3755205883990031,11
2020-11-20,2020-09-15,2021-01-26,4.630370248166387,7.467944738513037,1254.320323966932,1253.0337881827727,1255.734033133369,2.700244950596243,2.25,0.2872958764793676,11
2020-11-20,2020-09-15,2021-01-26,2.9280246029786765,9.090699198487046,1619.452255402226,1619.452255402226,1619.6911448207684,0.2388894185423851,1.25,0.353256443888621,11
2020-11-20,2020-09-15,2021-01-26,2.599366513183526,16.41387741250955,1625.5622902827245,1625.3121443665586,1625.8251116005704,0.5129672340117395,1.75,0.16085587111486,11
2020-11-20,2020-09-15,2021-01-26,3.2020480855296363,5.132874694794815,1634.613242117609,1633.4491482093,1636.2799885091372,2.8308402998372912,1.0,0.0928918664533806,11
2020-11-20,2020-09-15,2021-01-26,4.792634750986565,6.304933955848942,1758.380298318073,1758.1732065211982,1758.9376046527177,0.764398131519556,0.75,0.1967114624363475,11
2020-11-20,2020-09-15,2021-01-26,2.0760971585728227,14.882131036105594,1548.0200265057474,1547.8164845784197,1548.5781463747844,0.7616617963649333,1.0,0.0437093447178027,11
2020-11-20,2020-09-15,2021-01-26,2.5123468619146383,6.171220461781187,1771.5243300423845,1771.4207635521889,1771.9558172863908,0.5350537342019379,0.75,0.2445243852765344,11
2020-11-20,2020-09-15,2021-01-26,3.143814609195106,5.2352244469562415,931.3326590680624,924.998970432207,940.413240164984,15.41426973277703,0.75,0.499348919730691,11
2020-11-20,2020-09-15,2021-01-26,5.58171671994351,11.973291619648885,970.2779297941128,958.2410189802758,991.19447181141,32.9534528311342,2.25,0.1584083718173357,11
2020-11-20,2020-09-15,2021-01-26,56.2460835948512,8.24508191451453,895.8436311165211,894.5689999763854,896.9918715176173,2.4228715412318707,6.25,0.6277729760592976,11
2020-11-20,2020-09-15,2021-01-26,2.3576097049503772,9.132449456593658,904.2439861213752,903.8469260646962,905.315255862195,1.4683297974988818,1.0,0.3112045306929767,11
2020-11-20,2020-09-15,2021-01-26,3.755013186535798,7.696532775608553,909.1298275785408,908.7792356531136,909.748660356272,0.9694247031584382,1.5,0.3089906635773021,11
2020-11-20,2020-09-15,2021-01-26,2.735670245944802,10.431427700060713,1145.083613167312,1144.6483695083298,1145.6346243722364,0.9862548639066516,0.75,0.1552742718488708,11
2020-11-20,2020-09-15,2021-01-26,2.2608103986652006,6.658355929437285,1775.9600687661407,1774.814214034937,1776.74555267673,1.931338641792536,1.25,0.2240857271290153,11
2020-11-20,2020-09-15,2021-01-26,7.934108243879955,7.149264086707185,1777.5566036159298,1777.4452169905417,1777.916148077231,0.4709310866892338,2.0,0.4411503857214471,11
2020-11-20,2020-09-15,2021-01-26,2.6340586317677985,10.88547325738288,3024.02399159663,3017.884579447098,3053.0346337482333,35.15005430113524,1.0,0.0655086454807041,11
2020-11-20,2020-09-15,2021-01-26,3.5585837940780727,6.980658594260675,3077.3644037708896,3054.451981574297,3101.059849301353,46.607867727056146,1.5,0.1634441790817109,11
2020-11-20,2020-09-15,2021-01-26,3.157237208399456,10.867475184549397,3080.6718014787066,3054.451981574297,3101.059849301353,46.607867727056146,1.0,0.1973300437915459,11
2020-11-20,2020-09-15,2021-01-26,2.490258190718535,10.455690721264284,3088.153978263777,3063.851749924943,3110.507060936652,46.65531101170927,1.75,0.2968791530443981,11
2020-11-20,2020-09-15,2021-01-26,4.429631529487577,9.120652157646155,2967.8818327618774,2967.5617293762043,2968.502609125804,0.9408797495998442,1.25,0.1524903496137208,11
2020-11-20,2020-09-15,2021-01-26,2.0611092364534738,10.76736695457053,2967.949110930516,2967.5617293762043,2968.502609125804,0.9408797495998442,0.75,0.0359734931299809,11
2020-11-20,2020-09-15,2021-01-26,8.8304679256876,7.824142270453266,2970.0866840083995,2969.430320561398,2971.068641605787,1.6383210443891585,2.0,0.4760210425425137,11
2020-11-20,2020-09-15,2021-01-26,2.7019665323297497,7.862865099410659,2986.072797923892,2985.9372992445715,2986.4098622463644,0.4725630017928779,1.0,0.1135443148492165,11
2020-11-20,2020-09-15,2021-01-26,3.3039326308673247,9.13069579227187,2987.383485916834,2987.335764036048,2987.808327373583,0.472563337534666,1.25,0.2312904492419942,11
2020-11-20,2020-09-15,2021-01-26,4.486315210719314,9.395732041986948,2987.0584476444883,2986.8700888110325,2987.3426519813947,0.4725631703622639,2.0,0.307238080479375,11
2020-11-20,2020-09-15,2021-01-26,2.146342592095211,10.752462527839086,2987.053099790601,2986.8700888110325,2987.3426519813947,0.4725631703622639,0.75,0.4064802983124682,11
2020-11-20,2020-09-15,2021-01-26,3.926966387226153,5.7802537301697505,2988.495914919446,2988.253934049513,2988.961011179723,0.7070771302096546,0.75,0.3609424984172049,11
2020-11-20,2020-09-15,2021-01-26,2.2262135969589276,7.309326910478609,3232.908676783012,3232.843693688512,3233.320719623007,0.4770259344950318,1.75,0.21719157007688,11
2020-11-20,2020-09-15,2021-01-26,2.8709993098784237,7.51568331043733,2950.148991215667,2949.607764921151,2951.0102146635763,1.4024497424252331,1.25,0.1601206018190071,11
2020-11-20,2020-09-15,2021-01-26,2.0531948300171643,6.573827845487072,3127.4953801021807,3108.597879959736,3145.1666971459053,36.568817186169326,1.5,0.208321164988221,11
2020-11-20,2020-09-15,2021-01-26,2.3041015210369697,6.531290212479093,3114.6005207970898,3113.2585763777606,3115.0240098866634,1.7654335089027882,2.5,0.1751368802920438,11
2020-11-20,2020-09-15,2021-01-26,3.9114741695442614,5.6536844057863584,3183.4766808670765,3183.294827102218,3183.7726331758313,0.4778060736134648,4.25,0.2189412626742637,11
2020-11-20,2020-09-15,2021-01-26,3.123228731608698,10.016986844662323,3183.3877757998416,3183.294827102218,3184.011549755931,0.7167226537130773,2.5,0.1972341161946955,11
2020-11-20,2020-09-15,2021-01-26,2.4811191176780687,5.428207475657026,3185.789680368099,3185.6797158629633,3186.141770622693,0.4620547597296536,2.75,0.2442800454276472,11
2020-11-20,2020-09-15,2021-01-26,16.096026812293847,7.952934458720868,1777.1967267861617,1776.5066632581877,1777.9787779222245,1.4721146640367806,1.5,0.401436218236193,11
2020-11-20,2020-09-15,2021-01-26,3.23556964596305,6.707024271986232,1777.990481113091,1777.739888503682,1778.568121004384,0.8282325007021427,1.75,0.1476169941754501,11
2020-11-20,2020-09-15,2021-01-26,11.629712618141994,11.564684066585857,1836.9002434308975,1835.7675867704677,1837.8813472827896,2.113760512322187,1.75,0.4025346653983463,11
2020-11-20,2020-09-15,2021-01-26,2.1602220673125236,5.506340078869639,1881.0587290580736,1880.709991178941,1881.9014831809327,1.191492001991719,0.75,0.1787510454123286,11
2020-11-20,2020-09-15,2021-01-26,2.146447106215823,19.29486368137499,2781.694638442018,2779.157817098312,2783.857993474696,4.700176376383752,0.75,0.3462338090709549,11
2020-11-20,2020-09-15,2021-01-26,4.255277072084388,5.903975994411756,2938.6203059637046,2937.4383720713668,2940.7190855047666,3.2807134333997965,2.25,0.0673801876268553,11
2020-11-20,2020-09-15,2021-01-26,6.021142099770717,5.280477742764502,2582.754441790099,2581.9942352394573,2583.8969524474815,1.9027172080241144,0.75,0.5728073316380744,11
2020-11-20,2020-09-15,2021-01-26,2.3680224169258026,10.045468130052267,2542.168146241922,2542.168146241922,2542.4070356604643,0.2388894185423851,1.0,0.178505751555873,11
2020-11-20,2020-09-15,2021-01-26,2.1573654873679486,10.57741454817644,3558.0023073419757,3556.741587363649,3559.0839855261147,2.3423981624655426,2.0,0.0491929659826151,11
2020-11-20,2020-09-15,2021-01-26,19.611839546264317,5.4422818345882975,3558.978687112074,3556.041093579028,3563.321934898384,7.280841319356114,5.5,0.1187507541986232,11
2020-11-20,2020-09-15,2021-01-26,3.480739945097752,6.517454707478607,3441.642415000214,3440.9529796587303,3442.3174150395207,1.3644353807903826,1.75,0.0392686032340083,11
2020-11-20,2020-09-15,2021-01-26,2.5059296949090437,13.602317976361103,3243.0719571750196,3242.831879023928,3243.551123660058,0.7192446361295879,1.0,0.1703634535868436,11
2020-11-20,2020-09-15,2021-01-26,4.387712886547688,5.679868243020772,2933.835139465802,2931.9234245554544,2935.6495776679367,3.726153112482279,2.75,0.0920286035152406,11
2020-11-20,2020-09-15,2021-01-26,8.86027720427922,5.609842803278002,2075.4866450548357,2070.912444218062,2086.08251193678,15.1700677187182,2.75,0.0988866221911244,11
2020-11-20,2020-09-15,2021-01-26,2.0993411587193513,5.100353657340029,1924.7938198843276,1921.499480795581,1933.38039909862,11.880918303038923,1.25,0.0542181723718449,11
2020-11-20,2020-09-15,2021-01-26,3.3709876962050793,11.739749500038268,1837.178843223056,1836.9319267459216,1837.6445035678337,0.71257682191208,0.75,0.1509136598813709,11
2020-11-20,2020-09-15,2021-01-26,3.4358157149384727,6.923213547898038,1778.0285032009083,1777.739888503682,1778.568121004384,0.8282325007021427,1.25,0.2429294554890315,11
2020-11-20,2020-09-15,2021-01-26,2.2558302709568476,5.211520382395851,2948.155315465966,2947.139281893149,2949.9415278388187,2.80224594566971,2.0,0.0652306448274597,11
2020-11-20,2020-09-15,2021-01-26,2.130840579947159,10.160500519183325,3235.6410944644276,3234.5200561480597,3236.4559282069094,1.9358720588497815,1.0,0.0897846994000772,11
2020-11-20,2020-09-15,2021-01-26,3.027056211435422,10.48738593380195,3234.8167642671506,3234.280991921667,3236.2167507279664,1.9357588062994184,1.25,0.1208035293049514,11
2020-11-20,2020-09-15,2021-01-26,2.253429910079334,8.926011242092406,3230.81580915406,3230.451532314997,3231.168540001847,0.7170076868496835,1.25,0.1056351578193337,11
2020-11-20,2020-09-15,2021-01-26,6.114681043271627,5.784741641681757,3144.519305421499,3144.2865874795243,3145.1666971459053,0.8801096663810313,1.75,0.2598751074774652,11
2020-11-20,2020-09-15,2021-01-26,3.2806152319469493,10.936408348566047,2978.1807310423683,2977.781919882633,2978.7209348618053,0.939014979172498,0.75,0.1053390096639095,11
2020-11-20,2020-09-15,2021-01-26,2.690293798116222,9.487606189845732,2974.1672445351965,2973.814658238087,2974.9839076492935,1.1692494112066925,0.75,0.1379219705746348,11
2020-11-20,2020-09-15,2021-01-26,2.2839823139296844,5.847526150958573,5455.848493893857,5449.940772548784,5471.381390626077,21.44061807729304,1.75,0.0659746781779158,11
2020-11-20,2020-09-15,2021-01-26,2.1229999306188243,5.989500602948247,5440.8932440470635,5435.036951757036,5454.9325476069935,19.895595849957317,2.5,0.0642339276216219,11
2020-11-20,2020-09-15,2021-01-26,17.40511221889825,5.0365027849498745,5562.702988318632,5551.4453979842365,5573.711160540115,22.26576255587861,3.25,0.1681302927360151,11
2020-11-20,2020-09-15,2021-01-26,6.683757443887833,5.58083062209559,5532.683695726871,5528.3220978453755,5540.763941525482,12.441843680106103,3.75,0.0994163099754252,11
2020-11-20,2020-09-15,2021-01-26,5.537430443976447,11.536276622753602,3947.230300618776,3946.9891004967503,3947.700762491208,0.7116619944572449,0.75,0.0356479273680415,11
2020-11-20,2020-09-15,2021-01-26,4.080522116571013,8.549359698745128,3792.687417196302,3792.4256234923378,3793.147309477441,0.7216859851032495,1.0,0.1254131657256674,11
2020-11-20,2020-09-15,2021-01-26,2.4326894839134536,5.801787112097308,4217.667602702908,4217.001184167806,4218.483578035142,1.4823938673362136,1.25,0.0880760504865174,11
2020-11-20,2020-09-15,2021-01-26,2.890607353352383,6.275152755865816,4805.431264171422,4788.7333803623915,4823.776240597945,35.042860235553235,2.25,0.1301580433984073,11
2020-11-20,2020-09-15,2021-01-26,5.35921535440255,7.448255066278118,4570.449092216492,4569.321180757135,4571.4711221088655,2.1499413517303765,1.25,0.2088548823865799,11
2020-11-20,2020-09-15,2021-01-26,5.385993006828158,6.6391303665403845,4418.484787551976,4417.246129981708,4420.3357300926,3.0896001108922064,1.0,0.2544423618699998,11
2020-11-20,2020-09-15,2021-01-26,7.856413581341514,5.330258721393608,4857.510644267798,4852.623654899187,4881.62937653251,29.005721633322537,3.0,0.0744778045916216,11
2020-11-20,2020-09-15,2021-01-26,2.3213418717614007,6.556528184208174,4414.786422753904,4413.809935770463,4415.712976610754,1.9030408402904868,1.0,0.1434014625529567,11
2020-11-20,2020-09-15,2021-01-26,4.69311049282643,6.11043279859224,4250.337541517634,4247.287846581545,4254.15032743616,6.862480854615569,2.25,0.0951694313729012,11
2020-11-20,2020-09-15,2021-01-26,3.0611388036682827,9.777133175631326,1171.2991729854357,1169.4488174798898,1173.1811678009108,3.732350321020931,1.75,0.1591239059715476,11
2020-11-20,2020-09-15,2021-01-26,2.9338732728904957,10.199062748046003,1091.0068342260709,1088.396485388279,1095.199610740412,6.8031253521330655,2.25,0.0675353491264663,11
2020-11-20,2020-09-15,2021-01-26,7.594606007819492,12.209119260397738,970.2876196023008,958.2410189802758,991.19447181141,32.9534528311342,2.25,0.1122216901473849,11
2020-11-20,2020-09-15,2021-01-26,8.272791089234817,10.389323990267862,1259.5516715904628,1255.741300911177,1261.764464680571,6.023163769394159,4.75,0.1239792638723757,11
2020-11-20,2020-09-15,2021-01-26,6.128701702135299,9.472736022315516,1254.216909910534,1251.300569143612,1256.472471118439,5.171901974827051,4.5,0.1107334027432294,11
2020-11-20,2020-09-15,2021-01-26,2.579851039359253,9.530054174544262,1250.4147735465433,1249.085241292603,1252.2779507576488,3.192709465045482,3.0,0.069625423080939,11
2020-11-20,2020-09-15,2021-01-26,2.885560575496256,10.264361972707489,908.7718665754842,908.5339028681628,909.508790853899,0.9748879857361316,2.25,0.1947469187911865,11
2020-11-20,2020-09-15,2021-01-26,9.563541314909608,6.977319810188207,138.22540865058156,87.75779035594314,250.69818992028013,162.940399564337,1.5,0.5074435742769712,11
2020-11-20,2020-09-15,2021-01-26,7.328072066873963,7.042929502642697,81.10372035232865,80.55752859683707,81.80796952918172,1.2504409323446453,1.5,0.40922843814434,11
2020-11-20,2020-09-15,2021-01-26,2.554342427247297,5.352861764556659,3441.339678699398,3440.9529796587303,3441.896645691246,0.9436660325154662,1.25,0.0407361872500355,11
2020-11-20,2020-09-15,2021-01-26,6.032914391149422,6.9567231179784095,1303.712358229549,1302.653259826824,1305.3860029629432,2.7327431361190975,4.25,0.1045076775014763,11
2020-11-20,2020-09-15,2021-01-26,2.656866001779586,6.531177900220649,152.48970355720095,88.7834236077033,251.2581852292642,162.4747616215609,1.0,0.3964002828215474,11
2020-11-20,2020-09-15,2021-01-26,4.014153858311568,10.480415009821677,896.1293759690308,895.7941910400987,896.767041423358,0.972850383259356,0.75,0.1871181474334693,11
2020-11-20,2020-09-15,2021-01-26,3.1089976708896456,9.2376801660932,895.3122292301364,895.0491700856946,895.7774560288526,0.7282859431579709,0.75,0.2195750939116392,11
2020-11-20,2020-09-15,2021-01-26,3.457791749773733,10.24713477787922,747.7271693373449,747.4155706171878,748.2674799347296,0.8519093175418675,0.75,0.2495272294435802,11
2021-02-17,2021-01-26,2021-03-11,6.402254751698794,8.378488904420767,1171.439292818142,1168.700519490987,1174.5136770587417,5.813157567754388,2.0,0.100675863385844,2
2021-02-17,2021-01-26,2021-03-11,2.2114805698491637,8.037258813006758,3020.940057258259,3020.5109284701757,3021.691308536567,1.1803800663910806,0.75,0.0458403128474504,2
2021-02-17,2021-01-26,2021-03-11,6.413885321929949,9.299623206100994,1171.5986646841727,1169.1990147186443,1174.1981988004409,4.999184081796557,1.75,0.0678963057214132,2
2021-06-12,2021-03-11,2021-09-14,3.6940257929843106,12.405017949077523,3984.3781026435768,3980.3969722706825,3988.059366933536,7.66239466285333,3.0,0.0917361574787389,6
2021-06-12,2021-03-11,2021-09-14,2.69736689574278,8.590282138782646,4024.146823914095,4022.002927853726,4026.4957955298014,4.492867676075548,2.25,0.0753067517351335,6
2021-06-12,2021-03-11,2021-09-14,4.194478938674741,11.06571094164024,4019.624491076603,4015.170125408564,4022.4781348798424,7.308009471278638,3.75,0.1034187276982512,6
2021-06-12,2021-03-11,2021-09-14,2.8097701602353715,13.143511804419433,1627.2427397918746,1626.9153155637905,1627.934617741499,1.019302177708596,1.0,0.1043988850413701,6
2021-06-12,2021-03-11,2021-09-14,6.3758206222570495,13.402767824032162,1628.539448624482,1627.9695403198712,1629.5360947554,1.5665544355288148,1.25,0.2606427275971335,6
2021-06-12,2021-03-11,2021-09-14,3.5748159120115455,7.515042705770813,1765.6993617977,1765.218129787594,1766.346488820389,1.1283590327948332,1.0,0.3720441848193934,6
2021-06-12,2021-03-11,2021-09-14,2.5603242182875987,7.503077411130511,1769.5991679087915,1769.4405092364177,1769.9760404820554,0.5355312456376851,0.75,0.0201951049989029,6
2021-06-12,2021-03-11,2021-09-14,5.418177443463635,6.29361529084705,1772.854952908756,1771.7169278678484,1774.2162188487127,2.499290980864316,1.25,0.8084484540821535,6
2021-06-12,2021-03-11,2021-09-14,4.200046256573871,7.375760882857312,1779.0953321323873,1778.557136323303,1779.633286725264,1.0761504019610584,1.5,0.0979181692393682,6
2021-06-12,2021-03-11,2021-09-14,3.4120883817758783,7.649724116823422,1823.1189802738947,1822.1919853542931,1824.2677006213928,2.07571526709944,0.75,0.5394453167557778,6
2021-06-12,2021-03-11,2021-09-14,4.085266460423266,8.97217280607026,1831.7984165634896,1830.242028045468,1833.429402159527,3.187374114058912,1.5,0.2950449809409861,6
2021-06-12,2021-03-11,2021-09-14,3.3883716791924092,12.169334313321135,1830.560033616159,1830.242028045468,1831.1897234474309,0.9476954019628464,0.75,0.0994960408019896,6
2021-06-12,2021-03-11,2021-09-14,2.031492323566135,9.827807659483396,1829.9484347149564,1829.731715867296,1830.4438210478984,0.7121051806025207,0.5,0.1672115834475507,6
2021-06-12,2021-03-11,2021-09-14,4.260066625759098,9.350379266068602,1835.7607288872375,1835.5975713380612,1836.3211759859696,0.7236046479083598,1.0,0.2791346977038333,6
2021-06-12,2021-03-11,2021-09-14,2.334663301296998,11.996311644724807,1837.2320190575224,1835.7675867704677,1837.8813472827896,2.113760512322187,0.75,0.1763382463602436,6
2021-06-12,2021-03-11,2021-09-14,4.225923355613928,12.488790867486468,1626.8406549861268,1626.367376670707,1627.4281744412149,1.0607977705076337,0.75,0.0335281973051615,6
2021-06-12,2021-03-11,2021-09-14,5.230625958189554,13.821889288690258,1626.6404275094767,1626.367376670707,1627.4281744412149,1.0607977705076337,1.25,0.0411427582217838,6
2021-06-12,2021-03-11,2021-09-14,13.0634606761421,10.076913872927792,1619.3478076412437,1618.873316717334,1620.234121796675,1.3608050793409348,2.75,0.1619420158510554,6
2021-06-12,2021-03-11,2021-09-14,4.5437525880665515,11.776984302443951,1539.463373187175,1538.77678020671,1540.0764852198772,1.299705013167113,1.75,0.2986219682439373,6
2021-06-12,2021-03-11,2021-09-14,5.5782608261701645,14.307689351321148,1546.745622791769,1546.5060584312305,1547.516432147473,1.0103737162426114,1.25,0.2522267576062154,6
2021-06-12,2021-03-11,2021-09-14,4.121761178837502,22.98096360270869,2057.804843930346,2055.24117462337,2060.639968687203,5.398794063832611,2.25,0.0704347133968641,6
2021-06-12,2021-03-11,2021-09-14,4.766730239385728,6.263324993656258,3101.025157884545,3100.9275950100273,3101.4149938779883,0.4873988679610193,5.5,0.3312120058973722,6
2021-06-12,2021-03-11,2021-09-14,4.174728278217912,5.214717302035619,3112.21979559332,3111.800591475796,3148.3490115916356,36.54842011583969,4.25,0.1955222706438353,6
2021-06-12,2021-03-11,2021-09-14,2.051970223135361,8.135363466880607,3077.381736719245,3054.451981574297,3101.059849301353,46.607867727056146,2.25,0.1329818346065692,6
2021-06-12,2021-03-11,2021-09-14,3.336740270273425,8.144671058137696,3443.168857553484,3440.554443738889,3445.241221612785,4.686777873896062,3.25,0.0869376916345954,6
2021-06-12,2021-03-11,2021-09-14,2.344403420114517,6.9601384306320915,3118.525716327131,3118.525716327131,3118.764605745673,0.2388894185423851,1.75,0.1369679202893792,6
2021-06-12,2021-03-11,2021-09-14,2.098958875927329,8.224628385376358,3111.800591475796,3111.800591475796,3112.0394808943383,0.2388894185423851,1.75,0.1409502041808341,6
2021-06-12,2021-03-11,2021-09-14,2.8117392062677076,8.335220309268145,2989.474144719669,2988.253934049513,2990.3002162198536,2.046282170340419,0.5,0.0962136638512178,6
2021-06-12,2021-03-11,2021-09-14,2.5521333570716807,7.961111598890992,3706.963249766633,3706.6681653140113,3707.393802483566,0.7256371695548296,0.75,0.1772907873200924,6
2021-06-12,2021-03-11,2021-09-14,7.932842727185227,20.686311924681934,3486.1724374914747,3482.441754483152,3489.6292468826286,7.187492399476469,6.0,0.1294434490128448,6
2021-06-12,2021-03-11,2021-09-14,2.0066137822955854,19.15949441561425,3480.2457865631477,3478.644707053434,3482.131853593514,3.487146540079266,2.75,0.0639358856899796,6
2021-06-12,2021-03-11,2021-09-14,4.244868899007915,10.499786980172424,3546.1179488406074,3543.438854348846,3548.8213164904155,5.382462141569704,2.25,0.09040989473312,6
2021-06-12,2021-03-11,2021-09-14,3.0623634105500854,14.001828955582123,3556.9721291263086,3555.8083103443496,3558.3806686350144,2.5723582906648517,2.25,0.0685417345582595,6
2021-06-12,2021-03-11,2021-09-14,2.6591354512557386,8.723601660731418,3557.281451340976,3557.207154148724,3557.682317746803,0.4751635980792343,1.25,0.1061706693214781,6
2021-06-12,2021-03-11,2021-09-14,2.1707909532453216,22.92092007034106,4558.418680036659,4557.799913442694,4559.195992309134,1.3960788664408028,1.25,0.1504680101966116,6
2021-06-12,2021-03-11,2021-09-14,3.2441141232407653,22.96034448129812,4560.137479594065,4559.195950252935,4561.345667737536,2.149717484600842,1.0,0.1946535257219062,6
2021-06-12,2021-03-11,2021-09-14,3.1276023788057272,23.952280679577093,4560.061031341855,4559.434797541238,4560.877102919854,1.4423053786158562,0.75,0.2733786716809172,6
2021-06-12,2021-03-11,2021-09-14,3.0399411302809884,10.833289333084249,4579.173910100513,4575.3440288412385,4582.575428712647,7.231399871408939,3.0,0.0900003620662337,6
2021-06-12,2021-03-11,2021-09-14,4.57746848504195,6.919402460778874,4216.772426783018,4214.113410629798,4219.406506027095,5.293095397297293,2.75,0.1022158807824824,6
2021-06-12,2021-03-11,2021-09-14,2.5159935088886876,10.077717937902358,4282.703208383085,4280.573414471932,4285.351946273353,4.778531801421195,2.5,0.0692771248849233,6
2021-06-12,2021-03-11,2021-09-14,2.9748747596302443,10.956933807339338,4395.059835874483,4392.121031535324,4398.325681314338,6.204649779014289,4.0,0.0898865147899063,6
2021-06-12,2021-03-11,2021-09-14,2.3447360736298375,20.57774853727438,4893.231727245581,4891.4395611998625,4894.196675973013,2.7571147731505334,0.75,0.0756105319511057,6
2021-06-12,2021-03-11,2021-09-14,3.0460759897162206,20.040477698295916,5004.136106552839,5003.95385572454,5004.436427182518,0.482571457978338,1.25,0.3680171337668136,6
2021-06-12,2021-03-11,2021-09-14,5.689046391242743,20.03675246361889,5012.557852568222,5012.3574606711045,5013.074082448613,0.7166217775084078,1.5,0.2269628715664184,6
2021-06-12,2021-03-11,2021-09-14,2.187042719833469,18.896051483268685,4625.529780398543,4622.560411821585,4649.69842787087,27.138016049284488,2.5,0.0739093513505262,6
2021-06-12,2021-03-11,2021-09-14,3.3526682222547386,11.523030149182071,4608.640144100477,4607.26738792425,4611.054499405902,3.787111481651664,3.0,0.0926582841077472,6
2021-06-12,2021-03-11,2021-09-14,2.368293078637011,12.020572366164089,4612.722132977626,4611.242958396673,4614.79336106265,3.550402665976435,4.0,0.0867408314608897,6
2021-06-12,2021-03-11,2021-09-14,4.876356175498348,9.75370147756961,4662.956584192801,4655.762770246714,4714.544747104403,58.78197685768828,3.75,0.1669152715445587,6
2021-06-12,2021-03-11,2021-09-14,2.1217536445222893,6.520421759149156,1776.1880272579583,1775.4057431155816,1777.6207780283876,2.2150349128060043,1.25,0.0674845375442545,6
2021-06-12,2021-03-11,2021-09-14,3.813171830759971,6.742717259093922,3612.415073139717,3608.7857950450857,3616.4564613737166,7.670666328631341,5.0,0.1120058922114985,6
2021-06-12,2021-03-11,2021-09-14,21.12162049228513,10.86371364034144,3777.328427973369,3763.611749206204,3801.594888630789,37.983139424584806,7.0,0.1019013644216348,6
2021-06-12,2021-03-11,2021-09-14,3.652675945749972,7.737146986761979,3706.928113987761,3706.6681653140113,3707.393802483566,0.7256371695548296,0.75,0.186161050019562,6
2021-06-12,2021-03-11,2021-09-14,21.67436211224025,13.083667791347246,3563.273048255874,3559.307272455655,3566.557813614607,7.250541158951819,6.0,0.1072160124354715,6
2021-06-12,2021-03-11,2021-09-14,5.913397298384411,16.375356511079328,3561.6468078286744,3558.379656274803,3565.354179977905,6.974523703102022,1.0,0.0520152870223972,6
2021-06-12,2021-03-11,2021-09-14,3.8131797738331374,6.185126028901249,4837.638170027881,4836.988297378644,4838.4536113129,1.4653139342553914,1.0,0.0476586477132795,6
2021-06-12,2021-03-11,2021-09-14,17.726818984947936,5.717328753074624,4916.699369514464,4915.274446099065,4918.664237028919,3.389790929853916,5.75,0.0948752125909924,6
2021-06-12,2021-03-11,2021-09-14,3.284871644161828,11.01933931768044,4617.789678599835,4617.027266099118,4619.142502480652,2.115236381534487,2.25,0.0645465786840893,6
2021-06-12,2021-03-11,2021-09-14,3.350958371241521,7.457745583921682,3564.571235992491,3562.850206789095,3566.3249012581073,3.47469446901232,4.25,0.05784434090079,6
2021-06-12,2021-03-11,2021-09-14,2.2782849804645124,10.465809368803974,805.141536938827,803.7445659372024,807.13188839145,3.3873224542476237,1.25,0.0466805585731355,6
2021-06-12,2021-03-11,2021-09-14,4.830201784278285,6.613199989396326,1820.6192795236411,1820.388360802084,1821.1305182757787,0.7421574736945331,0.75,0.1262982854043692,6
2021-06-12,2021-03-11,2021-09-14,2.0830546934431604,14.2912877636495,1546.9468296846085,1546.754627013579,1547.516432147473,0.7618051338940859,0.75,0.1005351615084093,6
2021-06-12,2021-03-11,2021-09-14,3.1119796677789555,5.521433465436642,2893.7423660654495,2891.5323580773547,2897.0558428140357,5.5234847366809845,1.5,0.0574484242001333,6
2021-06-12,2021-03-11,2021-09-14,2.0622756737618615,5.819033418646888,2937.3004243783407,2935.3332960708067,2940.481450688094,5.148154617287219,1.75,0.0527853882736895,6
2021-06-12,2021-03-11,2021-09-14,5.835916800209695,12.278320783204968,1832.7869937153296,1832.549462404102,1833.261622719001,0.7121603148989379,0.75,0.3380045397850839,6
2021-06-12,2021-03-11,2021-09-14,4.085392474591545,9.320747599421225,1830.6070657796952,1830.4782967111096,1830.953454699833,0.4751579887233674,1.25,0.4092443572557069,6
2021-06-12,2021-03-11,2021-09-14,3.628483017110639,13.673639423423518,1629.0107833039697,1628.4761421359144,1629.5360947554,1.059952619485557,1.0,0.1413526387466324,6
2021-06-12,2021-03-11,2021-09-14,7.170034174813702,7.668660393989079,1765.8443003159862,1765.218129787594,1766.346488820389,1.1283590327948332,1.25,0.2858568628541791,6
2021-06-12,2021-03-11,2021-09-14,2.7459466715069487,8.151417541748826,1770.510139146087,1770.2732134195976,1771.1046017054468,0.8313882858492434,0.5,0.0298691689110491,6
2021-06-12,2021-03-11,2021-09-14,3.590246376778744,8.71755506306015,1804.705689143051,1804.4562245002016,1805.3092251936905,0.8530006934888661,0.75,0.3615067298188368,6
2021-06-12,2021-03-11,2021-09-14,8.784758227120154,6.922081172289969,1824.3207150172195,1823.4879124765284,1825.4068792867472,1.9189668102189896,0.75,0.0403429439064084,6
2021-06-12,2021-03-11,2021-09-14,5.84004242046792,7.0322580438984765,1821.9756691939097,1821.5877638501115,1822.5346463839523,0.9468825338408352,0.75,0.0304393664197138,6
2021-06-12,2021-03-11,2021-09-14,3.5340751133497808,6.609572644430728,1821.3297389956128,1820.6376622207465,1822.2986488770696,1.6609866563230753,0.5,0.0271598959882693,6
2021-06-12,2021-03-11,2021-09-14,3.390068391287606,7.474865719901465,909.3101480568572,909.0245685670524,909.9939648346044,0.9693962675519288,1.0,0.096171673279285,6
2021-06-12,2021-03-11,2021-09-14,2.028175045377901,5.69429574855054,840.7589259006079,838.3141127470881,843.4267745120451,5.112661764957011,3.0,0.0590816175225383,6
2021-06-12,2021-03-11,2021-09-14,6.250367007996551,11.466886175952403,1233.6401404728972,1229.6752601601183,1237.5573232849129,7.882063124794513,3.0,0.1016031089062086,6
2021-06-12,2021-03-11,2021-09-14,2.016304212114047,12.081194204973992,1228.3830181089995,1227.4395308177918,1229.2847013063729,1.8451704885810616,2.5,0.0623582134722233,6
2021-06-12,2021-03-11,2021-09-14,5.486089046811573,10.998374750429708,1251.9567843999594,1249.3313912856393,1253.7431096564978,4.41171837085858,3.75,0.0893583505699313,6
2021-06-12,2021-03-11,2021-09-14,3.457025810575532,12.459658373233598,977.6327821701468,971.2608157331124,1001.0331999589688,29.772384225856513,2.0,0.0765889735044933,6
2021-06-12,2021-03-11,2021-09-14,2.111130470969127,13.684054930081212,493.32754453804336,456.3173785954714,527.8012176901102,71.48383909463882,2.75,0.0782150794049996,6
2021-06-12,2021-03-11,2021-09-14,2.314659836112996,7.019738216899041,201.16442787146875,171.72721208212897,314.30178432771936,142.5745722455904,2.0,0.0620319784810941,6
2021-06-12,2021-03-11,2021-09-14,2.0365198111017144,12.130869489786608,218.87482342877905,177.70094376755878,319.87671724008396,142.17577347252518,3.25,0.0703033949670062,6
2021-06-12,2021-03-11,2021-09-14,3.6620106095018703,11.912800057686866,739.2715100038166,735.46746307984,743.6890958091244,8.221632729284465,4.0,0.0817930349544382,6
2021-10-10,2021-09-14,2021-11-06,7.870600387795782,7.372027621492808,2970.3976172025286,2969.6636419435963,2971.5526679838076,1.88902604021132,2.0,0.4549340294603077,10
2021-10-10,2021-09-14,2021-11-06,2.8894965175561604,9.054445533229604,2987.222208844489,2987.1037625628524,2987.5746534545906,0.4708908917382359,1.0,0.1259498021024074,10
2021-10-10,2021-09-14,2021-11-06,2.4298607345861387,5.003979383546408,3000.7182690247564,3000.522792365402,3001.2334612514824,0.7106688860803843,0.75,0.2138545512747036,10
2021-10-10,2021-09-14,2021-11-06,2.352739466374554,6.8732770489980615,3005.394098098907,3005.1099675861187,3006.0237607127056,0.9137931265868248,1.0,0.2399577646299144,10
2021-10-10,2021-09-14,2021-11-06,7.541216970003582,5.412389406742279,3077.636470728554,3054.451981574297,3101.059849301353,46.607867727056146,4.75,0.4038917767618333,10
2021-10-10,2021-09-14,2021-11-06,2.145094992106874,8.886572016262694,3056.8553095581005,3056.855309558101,3057.0941989766434,0.2388894185423851,1.5,0.1963069347494661,10
2021-10-10,2021-09-14,2021-11-06,4.41314995127879,5.54938033903498,2580.510129856944,2579.715319860261,2581.521662592888,1.8063427326269448,0.75,0.5563902567982648,10
2021-10-10,2021-09-14,2021-11-06,3.126409126160108,8.6077985927541,2677.1488933369696,2676.476227368228,2677.933854901232,1.457627533003688,1.0,0.2694295075149,10
2021-10-10,2021-09-14,2021-11-06,11.454288951423766,5.2030633838727205,2583.093704611563,2581.2827731743455,2584.8653096472844,3.582536472938955,1.25,0.9248489963968608,10
2021-10-10,2021-09-14,2021-11-06,3.9963309160176665,6.269446116545189,3122.05432258437,3094.0399346845224,3135.34430004796,41.30436536343768,1.75,0.4193400925131296,10
2021-10-10,2021-09-14,2021-11-06,4.365302670194227,6.408926734685506,3099.447790002744,3099.198585622944,3099.9353336212225,0.7367479982785881,6.25,0.4612185471983343,10
2021-10-10,2021-09-14,2021-11-06,2.148612041571364,10.699724515992026,3099.4264887555905,3098.976327378303,3099.9353336212225,0.9590062429197131,2.25,0.2689214344095392,10
2021-10-10,2021-09-14,2021-11-06,5.582789273710408,5.582772659608081,3198.7853389552033,3198.4103332664818,3199.3647579643875,0.9544246979057788,4.5,0.4287813785785621,10
2021-10-10,2021-09-14,2021-11-06,3.1889116758487,9.221418297443618,3185.6558798897454,3185.440798694268,3186.141770622693,0.7009719284251332,3.5,0.1968978926019349,10
2021-10-10,2021-09-14,2021-11-06,2.3558802650048394,9.90098292122561,3118.113729843333,3094.0399346845224,3135.0163597255014,40.97642504097894,1.25,0.2637521942358445,10
2021-10-10,2021-09-14,2021-11-06,3.4603825055178263,10.432639379328958,3087.249578280686,3063.851749924943,3110.170646672137,46.31889674719423,1.5,0.3251111702135789,10
2021-10-10,2021-09-14,2021-11-06,3.7289599065495658,10.459070488191056,3066.2916541558343,3066.161548463162,3066.6509252404794,0.4893767773173749,2.75,0.3039964197172917,10
2021-10-10,2021-09-14,2021-11-06,2.0077873265641744,9.559018584602793,3071.564882603156,3071.30410022242,3072.043687911704,0.7395876892842352,1.5,0.181952851440319,10
2021-10-10,2021-09-14,2021-11-06,3.428084058907348,8.09060545798066,3058.8741782017833,3058.666083530057,3059.1427872213535,0.4767036912962794,2.25,0.3169003830444827,10
2021-10-10,2021-09-14,2021-11-06,3.5094133642265577,10.39112598690245,1193.9932922153737,1193.3445580657572,1194.9089360092769,1.5643779435195029,1.5,0.0321876885211502,10
2021-10-10,2021-09-14,2021-11-06,2.0722241638747048,6.862775642025117,3201.352874559982,3201.270051029511,3201.74730183417,0.4772508046589792,1.5,0.3556409502087865,10
2021-10-10,2021-09-14,2021-11-06,369.7323509115284,8.154865956371125,1182.771268569718,1163.5361685776152,1201.6255956352688,38.089427057653666,8.25,0.5239773512963541,10
2021-10-10,2021-09-14,2021-11-06,2.617289191809669,6.411593185330142,2079.5701613223528,2079.225946381688,2080.178878487088,0.9529321053996682,0.5,0.4304588940958753,10
2021-10-10,2021-09-14,2021-11-06,2.913476834612992,9.119054903390868,2234.3284530529772,2233.7440041247755,2234.9676218410023,1.2236177162267268,0.5,0.2104007163816024,10
2021-10-10,2021-09-14,2021-11-06,2.0047797087847257,11.968980881682228,2349.528857410051,2349.1513738008216,2350.1127758105285,0.9614020097069442,0.75,0.284942126224097,10
2021-10-10,2021-09-14,2021-11-06,3.1195691248836925,9.046314861069872,1619.4391022183293,1619.1807669568807,1619.6911448207684,0.5103778638876975,1.25,0.0756244647332815,10
2021-10-10,2021-09-14,2021-11-06,6.718792966011258,7.2384254705780355,1777.5596028864782,1777.4452169905417,1777.916148077231,0.4709310866892338,1.75,0.1117153328317555,10
2021-10-10,2021-09-14,2021-11-06,6.667314087986014,8.193665267806358,1777.0861255062978,1776.7911481126212,1777.6207780283876,0.829629915766418,1.0,0.0463772340025692,10
2021-10-10,2021-09-14,2021-11-06,4.250534340735711,9.308780414879084,1830.6699323813937,1830.242028045468,1831.1897234474309,0.9476954019628464,1.25,0.1860475373578296,10
2021-10-10,2021-09-14,2021-11-06,5.154028455028124,9.336568952287502,1832.123606986464,1831.8446218683384,1832.5517162117176,0.7070943433791399,1.0,0.4177520543623902,10
2021-10-10,2021-09-14,2021-11-06,3.812317383032199,9.56089735706718,1836.338182659081,1836.0822865674272,1836.7948259999976,0.7125394325703382,0.75,0.2585314661312887,10
2021-10-10,2021-09-14,2021-11-06,5.251231364985928,9.05954969668158,1836.5891282934897,1836.3191116219384,1837.0316508379765,0.7125392160378397,1.0,0.0489218534064045,10
2021-10-10,2021-09-14,2021-11-06,5.038091836868226,11.501541070639425,1836.369379017578,1835.7675867704677,1837.8813472827896,2.113760512322187,1.25,0.3445141748314384,10
2021-10-10,2021-09-14,2021-11-06,3.28517443649983,12.979732790740163,4661.288737282399,4661.144206822384,4661.640174548142,0.4959677257575094,0.75,0.1045299400512278,10
2021-10-10,2021-09-14,2021-11-06,3.0099093261959964,13.535330259688951,4680.894243121621,4660.887128171977,4714.90134286508,54.014214693102986,0.75,0.1180774526779659,10
2021-10-10,2021-09-14,2021-11-06,2.999753181456086,5.330384073811435,4725.868944167764,4711.468886231072,4761.283546153922,49.81465992284939,0.75,0.3807214959284044,10
2021-10-10,2021-09-14,2021-11-06,6.340302364341105,5.254970565677577,4721.264136133849,4718.521213145927,4770.5019643921405,51.98075124621391,2.75,0.1054669677088993,10
2021-10-10,2021-09-14,2021-11-06,3.814823333032709,5.245936695755852,4749.727007621866,4726.983804142103,4773.726701941341,46.74289779923856,0.75,0.4186669333816617,10
2021-10-10,2021-09-14,2021-11-06,3.9356936149090527,5.020756689242342,4825.362213822787,4825.056955711916,4825.766761051957,0.7098053400404751,0.75,0.1687540285798672,10
2021-10-10,2021-09-14,2021-11-06,3.9172352267618287,5.56353146182001,4872.748232133326,4870.590037542395,4890.31463094987,19.724593407474455,1.0,0.33702618366521,10
2021-10-10,2021-09-14,2021-11-06,2.78234326609252,5.276447975732792,4918.135277542063,4917.938103468157,4918.420615063515,0.4825115953572094,1.0,0.1189777581637097,10
2021-10-10,2021-09-14,2021-11-06,6.367859035160579,5.088801477673304,4979.919071253633,4979.316662676632,4980.7683351151645,1.451672438532114,1.0,0.3085914327682637,10
2021-10-10,2021-09-14,2021-11-06,2.0005585327590816,6.029890231105764,4990.260892072739,4989.9237757558,4990.644198948052,0.7204231922514737,1.0,0.1922902923466263,10
2021-10-10,2021-09-14,2021-11-06,3.2915659228929317,5.879643358631589,5128.212878157348,5126.034956747666,5151.1144330049865,25.079476257320493,1.25,0.1903222744052457,10
2021-10-10,2021-09-14,2021-11-06,2.9319919589971195,5.210477829033495,5144.357355964249,5143.974233764224,5144.716741492506,0.7425077282823622,1.0,0.3559875539734491,10
2021-10-10,2021-09-14,2021-11-06,7.762863350315579,5.237511707341617,5146.091602812586,5145.481293000281,5147.008519461844,1.5272264615632594,1.25,0.3753862299599531,10
2021-10-10,2021-09-14,2021-11-06,2.470522102516237,6.769804775763361,3505.75014070973,3505.333724584896,3506.5063485298306,1.1726239449344575,0.75,0.1620701661214507,10
2021-10-10,2021-09-14,2021-11-06,3.5586174177637324,6.496802815492628,3557.792435424629,3557.6762119680643,3558.1478848992847,0.4716729312203824,1.25,0.1010488945840459,10
2021-10-10,2021-09-14,2021-11-06,2.5031090080996043,5.43633887369451,3216.514660775942,3216.3162011806853,3216.7938624056987,0.4776612250134349,4.0,0.2665368996115358,10
2021-10-10,2021-09-14,2021-11-06,4.167278631145376,6.3653055079303895,3244.7398387912317,3244.5087819471955,3245.2281424850225,0.7193605378270149,1.75,0.2440355916674086,10
2021-10-10,2021-09-14,2021-11-06,7.020191384256537,8.777884368593263,3258.913743689842,3258.654397387523,3259.579412437044,0.92501504952088,4.75,0.4377282893786471,10
2021-10-10,2021-09-14,2021-11-06,9.267416500023362,5.2892515960786,3249.0994123647833,3249.075202986598,3249.7897692155093,0.7145662289112806,4.0,0.3282869332588412,10
2021-10-10,2021-09-14,2021-11-06,2.490767383514158,9.638367991199305,3256.039728188237,3255.840734380298,3256.5620183222927,0.7212839419953525,1.0,0.2606519828944398,10
2021-10-10,2021-09-14,2021-11-06,3.5364669936529363,6.319931029451427,3256.081931509543,3256.081931509543,3256.3208209280856,0.2388894185423851,2.75,0.2299570883952872,10
2021-10-10,2021-09-14,2021-11-06,3.238465164882848,5.867975468592241,3284.704437791142,3284.473637243267,3284.9569485466927,0.4833113034255802,2.75,0.248966244515465,10
2021-10-10,2021-09-14,2021-11-06,3.2828984175646676,5.054785313049056,3287.0507115184787,3287.039236678276,3287.7254735571332,0.6862368788570166,2.0,0.1994069894627625,10
2021-10-10,2021-09-14,2021-11-06,8.57100194624613,10.641069940825968,3782.702837813445,3761.909139223397,3801.594888630789,39.685749407391995,5.75,0.1119126272924886,10
2021-10-10,2021-09-14,2021-11-06,3.8753902812075616,9.507959802874126,2973.8824675854585,2973.347931332886,2974.7506097536534,1.402678420767188,1.0,0.1960092559102566,10
2021-10-10,2021-09-14,2021-11-06,10.651301587747596,5.348005304042715,4746.019200346949,4742.072193047032,4749.232284699101,7.160091652069241,3.5,0.1396974356152869,10
2021-10-10,2021-09-14,2021-11-06,9.429699397328768,5.922354173073592,4720.956623570464,4718.933161410503,4723.590569695458,4.657408284954727,4.0,0.1407517990844242,10
2021-10-10,2021-09-14,2021-11-06,6.369064053110062,6.782809996106975,4418.893972792012,4417.496970456094,4420.3357300926,2.8387596365064383,1.25,0.2980087264833386,10
2021-10-10,2021-09-14,2021-11-06,716.3892493891125,9.506799517287874,1179.3327543346545,1164.1690976298414,1201.6255956352688,37.45649800542742,12.75,0.6904280923496486,10
2021-10-10,2021-09-14,2021-11-06,2.270557325831149,8.787855533680268,1513.9379124152792,1513.7218881757,1514.470374217257,0.7484860415570438,0.75,0.0402450762568534,10
2021-10-10,2021-09-14,2021-11-06,3.7537218100615126,5.646077497773093,1184.0543502526014,1182.270324902609,1185.1663036425598,2.895978739950806,1.25,0.129213447755323,10
2021-10-10,2021-09-14,2021-11-06,5.769642425491736,7.659682925858785,1197.4867030044102,1195.6650844137184,1199.933685418684,4.268601004965603,2.25,0.0489641536748242,10
2021-10-10,2021-09-14,2021-11-06,3.1103350335770004,5.846257673279907,1197.2894742030182,1196.162448611576,1198.8980267927982,2.735578181222081,1.5,0.0366334065071116,10
2021-10-10,2021-09-14,2021-11-06,3.4503999139404855,11.941425348526094,895.2135440800494,895.0841808412224,895.5676054134965,0.4834245722740888,1.25,0.0463217484952177,10
2021-10-10,2021-09-14,2021-11-06,15.88030668123234,6.761389393439438,896.2861830861908,896.0191456051543,896.767041423358,0.7478958182036877,4.25,0.1601550600028245,10
2021-11-14,2021-11-06,2021-11-22,2.211763773254845,5.393788696429037,1180.0975074506302,1178.7785872798413,1181.7611397933215,2.9825525134801865,1.5,0.0670011262464853,11
2021-11-14,2021-11-06,2021-11-22,2.7298769386557304,13.388634429682464,1186.7851805675732,1184.4982175268233,1188.915477905888,4.417260379064828,1.0,0.040818797897954,11
2021-11-14,2021-11-06,2021-11-22,4.718111464923984,5.691835750164482,1187.1971142051484,1182.5200453149157,1192.3933771471493,9.873331832233816,2.0,0.0826713626688091,11
2021-11-14,2021-11-06,2021-11-22,4.227461445135214,13.518479932060416,1176.2457654344687,1173.4597828756089,1179.0174766983837,5.557693822775036,2.0,0.0480316931504004,11
2021-11-14,2021-11-06,2021-11-22,2.5075881846972745,7.406883619692846,1078.2351147914876,1076.7836385904811,1080.5350525616668,3.751413971185684,0.5,0.3749554172287217,11
2021-11-14,2021-11-06,2021-11-22,5.357226002769638,9.918297256733643,946.322797980516,937.3901647338644,960.0412465184928,22.65108178462833,1.25,0.431785107005278,11
2021-11-14,2021-11-06,2021-11-22,4.6060901846116415,5.557968739343606,3244.708750442775,3244.5087819471955,3244.9879069225863,0.4791249753907323,1.75,0.4072564048278204,11
2021-11-14,2021-11-06,2021-11-22,3.5235114232618354,11.29695838178114,926.9619461316696,926.739288316574,927.7398198121228,1.0005314955487847,1.25,0.3856039357969543,11
2021-11-14,2021-11-06,2021-11-22,4.75308541329978,7.584927010743172,909.0298389955236,908.7792356531136,909.748660356272,0.9694247031584382,1.5,0.2977954844334007,11
2021-11-14,2021-11-06,2021-11-22,2.11526427318994,7.952351750366336,534.9613559632203,505.1584286405705,558.9669626276009,53.80853398703039,0.75,0.3811171954855474,11
2021-11-14,2021-11-06,2021-11-22,39.566925920224755,7.420505664404326,895.5559045147393,894.5689999763854,896.767041423358,2.1980414469726384,6.5,0.5983264360608231,11
2021-11-14,2021-11-06,2021-11-22,10.265894719354156,9.820436930574584,896.233059337109,896.0191456051543,896.767041423358,0.7478958182036877,1.25,0.1318287527124706,11
2021-11-14,2021-11-06,2021-11-22,5.7355868277631705,5.43708414690425,908.824586247858,908.5339028681628,909.508790853899,0.9748879857361316,2.25,0.503422332703316,11
2021-11-14,2021-11-06,2021-11-22,20.597029541688695,13.766163707272677,1188.4993412649503,1184.9274142240174,1192.8921780847013,7.964763860683888,4.0,0.1094751806717309,11
2021-11-14,2021-11-06,2021-11-22,25.871576752813777,13.620619683629132,1178.7469281189683,1173.2100195921955,1183.701107852161,10.49108825996518,4.5,0.1270557531748384,11
2021-11-14,2021-11-06,2021-11-22,2.3901459062546584,6.4767722395158005,908.9744902666142,908.7792356531136,909.508790853899,0.7295552007853985,0.75,0.1869138474246212,11
2021-11-14,2021-11-06,2021-11-22,3.1693865270029753,10.27434467938528,747.3742142256626,747.1090605380014,747.960970079992,0.851909541990608,0.75,0.1649237024312633,11
2021-11-14,2021-11-06,2021-11-22,8.345185571966415,7.1252954652167775,173.05520580002357,88.7834236077033,251.2581852292642,162.4747616215609,1.25,0.5960044101169348,11
2021-12-02,2021-11-22,2021-12-13,4.553892727215421,13.646888519238647,1184.430980700907,1183.2124938289635,1186.4126930758357,3.2001992468722165,1.75,0.057068458648411,12
2021-12-02,2021-11-22,2021-12-13,9.547568272550544,14.275531827752763,1176.8566426059404,1173.7095461366698,1179.5156129552051,5.806066818535328,2.0,0.0575124566185741,12
2021-12-02,2021-11-22,2021-12-13,4.873676493168203,13.25692961013137,1177.3142660704302,1175.2845444865525,1179.5156129552051,4.231068468652666,2.0,0.0568042234700449,12
2021-12-15,2021-12-13,2021-12-17,4.122124111586623,6.097450995675837,687.4910081699426,678.4937553899363,692.9290774031542,14.435322013217956,0.75,0.5445155679650515,12
2021-12-15,2021-12-13,2021-12-17,2.0080321882181797,6.595211313516816,590.8454184447609,589.5041986936703,593.3512270250358,3.847028331365436,0.5,0.2585589472448291,12
2021-12-15,2021-12-13,2021-12-17,2.311744847705588,7.96403081259268,750.8646936679824,750.7754081049934,751.3208528622054,0.5454447572119534,1.25,0.1740912737580502,12
2021-12-15,2021-12-13,2021-12-17,2.6877741119741465,5.338609380975098,750.8696548848114,750.4740960411727,751.3208528622054,0.8467568210326135,1.25,0.3139977509421898,12
2021-12-15,2021-12-13,2021-12-17,2.1620728630826807,11.419398186346804,1358.147435635333,1357.9132293346338,1358.6572222919203,0.7439929572865367,0.75,0.0834167558360232,12
2021-12-15,2021-12-13,2021-12-17,2.6879674929584563,9.564066753158478,1267.2747003807206,1265.345415276941,1268.971629673615,3.626214396674186,2.25,0.070146902128475,12
2021-12-15,2021-12-13,2021-12-17,3.2677910507360473,11.280487853911389,926.876390593742,926.739288316574,927.474885086529,0.7355967699550092,1.25,0.2693960460554079,12
2021-12-15,2021-12-13,2021-12-17,2.2777395361996255,5.264929805098796,929.8629495348364,924.998970432207,940.1168982861564,15.117927853949368,0.75,0.3302404559807481,12
2021-12-15,2021-12-13,2021-12-17,4.789107130665305,5.438318170317586,908.9245386403156,908.5339028681628,909.508790853899,0.9748879857361316,1.75,0.3368060499785086,12
2021-12-15,2021-12-13,2021-12-17,47.70841586001199,7.94781557202133,895.7121141352972,894.5689999763854,896.767041423358,2.1980414469726384,6.25,0.7182374984049034,12
2021-12-15,2021-12-13,2021-12-17,3.68989097548347,15.251000937393515,1190.231921265476,1187.170965786092,1193.0868580993265,5.915892313234508,2.0,0.0564906184000091,12
2021-12-15,2021-12-13,2021-12-17,2.0479551489555647,10.622605323174714,921.1557393819114,920.5145445526578,922.1968577974476,1.6823132447898388,3.0,0.0489938524999883,12
2021-12-15,2021-12-13,2021-12-17,91.27997374521463,9.750013536820138,3767.1830996242943,3737.315850859508,3809.083635922987,71.7677850634791,10.25,0.3772562271834001,12
2021-12-15,2021-12-13,2021-12-17,3.731641738884477,10.524200870746546,1267.3144958803246,1265.8375987359325,1268.7861126102507,2.9485138743184507,3.0,0.0655663771775172,12
2021-12-15,2021-12-13,2021-12-17,3.882902517307755,15.986395162149416,1190.660393036184,1187.928255952429,1192.8921780847013,4.963922132272273,1.5,0.0594365759728848,12
2021-12-15,2021-12-13,2021-12-17,3.7730467695744982,12.371917366306253,921.7632281515508,920.4635620764456,923.1962687247432,2.732706648297608,2.25,0.0649684920909876,12
2021-12-15,2021-12-13,2021-12-17,4.34574192682514,10.506324953704183,896.2132314729674,895.7941910400987,896.767041423358,0.972850383259356,0.75,0.2592623498401103,12
2021-12-15,2021-12-13,2021-12-17,5.566646022640635,6.8470879879839615,1778.99245122386,1778.8512993645854,1779.38435167633,0.5330523117445409,1.0,0.2930854778731273,12
2021-12-19,2021-12-17,2021-12-21,2.1402587355508373,8.60203276039266,3767.2346350292887,3758.968274541199,3800.676418467425,41.7081439262256,2.75,0.0578438923748436,12
2021-12-19,2021-12-17,2021-12-21,2.1363600602402255,10.362540682141898,3762.198831670473,3756.302863673307,3792.235421625432,35.932557952124625,4.25,0.063213061209274,12
2021-12-19,2021-12-17,2021-12-21,27.78096696121685,8.290298436557574,3773.3984827946265,3750.4359271200374,3809.083635922987,58.64770880294964,8.0,0.220814378220957,12
2021-12-19,2021-12-17,2021-12-21,6.3889360096691545,7.651757668281315,5567.468241841661,5558.906736912206,5574.2064164076,15.29967949539423,3.5,0.1300465099464065,12
2021-12-19,2021-12-17,2021-12-21,3.226202851584358,8.057511811222732,5639.881538533348,5637.261605285108,5642.77155522909,5.509949943982065,2.5,0.0624696828490889,12
2021-12-19,2021-12-17,2021-12-21,4.430231619706954,7.217775498905657,5578.141191201537,5573.719899098389,5582.24613967631,8.526240577921271,3.5,0.0964042375422147,12
2021-12-19,2021-12-17,2021-12-21,7.355006729369909,7.640231711805628,5587.40632307232,5582.95043718582,5595.255907851737,12.3054706659168,4.5,0.1284109850010262,12
2021-12-19,2021-12-17,2021-12-21,74.61978442792163,7.607241927432979,5620.74580998367,5588.730666564312,5653.569721171632,64.83905460732058,9.0,0.3779715050370713,12
2021-12-19,2021-12-17,2021-12-21,2.011423820737935,14.23982819114728,1186.0371596200391,1185.4264645772057,1186.911742103286,1.4852775260806084,2.0,0.0376542408818919,12
2021-12-19,2021-12-17,2021-12-21,7.239505009396468,11.0961907071767,1836.734341378656,1835.7675867704677,1837.8813472827896,2.113760512322187,1.25,0.2833979439436707,12
2021-12-19,2021-12-17,2021-12-21,3.417974258714635,19.384431961520203,1882.901679759647,1882.6115206768736,1883.4188221078368,0.8073014309629798,1.75,0.2145821030764949,12
2021-12-19,2021-12-17,2021-12-21,2.174824183020927,7.991877240455871,3290.9803489832034,3290.6523718559183,3291.3797097741626,0.7273379182443023,0.75,0.1037424708785672,12
2021-12-19,2021-12-17,2021-12-21,3.1382388107216173,8.507904493295143,3054.926270036698,3054.451981574297,3055.4402522030286,0.9882706287316978,1.25,0.0900166513894928,12
2021-12-19,2021-12-17,2021-12-21,5.376173158667199,14.938278792857243,1186.3599249949466,1184.9274142240174,1188.1671453709714,3.239731146954,4.0,0.06647736897192,12
2021-12-19,2021-12-17,2021-12-21,4.450650214978029,8.468866319969779,3060.750491921787,3054.451981574297,3101.059849301353,46.607867727056146,1.25,0.1286870918780525,12
2021-12-19,2021-12-17,2021-12-21,4.992203568460419,5.621678737459654,3244.8696500129354,3244.749017504044,3245.2281424850225,0.4791249809786677,1.0,0.185418177140999,12
2021-12-28,2021-12-21,2022-01-04,2.1888016028998414,6.436850095580802,3077.636470728555,3054.451981574297,3101.059849301353,46.607867727056146,1.5,0.1221086401364957,12
2021-12-28,2021-12-21,2022-01-04,2.5923324739769007,7.644376689972523,2970.1363879765377,2969.8969632200897,2970.6019988614134,0.705035641323775,1.0,0.1148060681726104,12
2021-12-28,2021-12-21,2022-01-04,6.1671799791140485,7.650191010086943,5600.647172313174,5597.492892999202,5603.9832138414495,6.490320842247456,3.25,0.0945701722306946,12
2021-12-28,2021-12-21,2022-01-04,2.45736622334769,5.778393638089222,4773.271557285338,4748.48417357076,4790.72782007698,42.2436465062201,2.25,0.0651534841257628,12
2021-12-28,2021-12-21,2022-01-04,2.240180744592845,12.522151960068166,3778.325612264217,3761.667847862933,3799.718277642969,38.05042978003621,2.75,0.0539081305912719,12
2021-12-28,2021-12-21,2022-01-04,2.2771563474066094,6.574984549180289,2078.072675187434,2073.035433682613,2086.08251193678,13.04707825416699,2.0,0.0569534437807311,12
2021-12-28,2021-12-21,2022-01-04,3.389772467020387,5.034423091339669,1190.1973499228934,1187.4204897633754,1192.6427775551565,5.2222877917811275,1.5,0.0537213693708193,12
2021-12-28,2021-12-21,2022-01-04,3.04964559485279,5.270850615662158,908.9105668771532,908.7792356531136,909.508790853899,0.7295552007853985,1.5,0.2530788714708309,12
2022-01-07,2022-01-04,2022-01-11,2.4033905925645493,7.094840297862494,3503.7996721755117,3503.472019435838,3504.6420635338873,1.1700440980494022,0.5,0.214616005942474,1
2022-01-07,2022-01-04,2022-01-11,2.3474970380846414,9.24324894852906,3766.7314563484415,3766.528651162982,3767.250656736549,0.722005573567003,0.75,0.1286567202639688,1
2022-01-07,2022-01-04,2022-01-11,2.530464235416893,6.914590810533845,3005.324858908832,3005.1099675861187,3005.786573744379,0.676606158260256,1.0,0.1920079915398642,1
2022-01-07,2022-01-04,2022-01-11,2.0803195290455596,6.8753603604379485,4459.436645437951,4457.732590266503,4460.3001298964955,2.5675396299920976,0.5,0.1238033277900418,1
2022-01-07,2022-01-04,2022-01-11,4.394686785343196,6.857923710024109,3219.3252811319408,3218.9473425759934,3220.095952190459,1.1486096144653857,1.0,0.2263746760642226,1
2022-01-07,2022-01-04,2022-01-11,6.270472180350497,9.503167141806196,1836.3390599461884,1836.0822865674272,1836.7948259999976,0.7125394325703382,0.75,0.1784541781914983,1
2022-01-07,2022-01-04,2022-01-11,2.6018551437011923,9.749979743308115,1830.478206707539,1830.242028045468,1830.953454699833,0.7114266543649137,0.75,0.0159884940591209,1
2022-01-07,2022-01-04,2022-01-11,2.529609608522058,6.966162477901679,3975.697273527913,3975.449084718246,3976.160767949652,0.7116832314059138,0.75,0.2153554899583309,1
2022-01-07,2022-01-04,2022-01-11,4.788856893999381,13.605101917454157,3782.2321437657984,3763.611749206204,3801.594888630789,37.983139424584806,4.25,0.0637770220714462,1
2022-01-07,2022-01-04,2022-01-11,3.8635902189339504,19.53178995318316,1882.9384148467852,1882.6115206768736,1883.4188221078368,0.8073014309629798,1.5,0.22457093253057,1
2022-01-12,2022-01-11,2022-01-14,2.783545417368981,14.578252950200778,3773.0176147268826,3763.611749206204,3801.594888630789,37.983139424584806,2.75,0.0615613537325265,1
2022-01-12,2022-01-11,2022-01-14,5.181842588918432,16.23737331434239,1190.1164872825534,1187.928255952429,1193.0868580993265,5.158602146897465,2.25,0.0644227784034279,1
2022-01-12,2022-01-11,2022-01-14,6.103815158069227,17.135496754064135,1189.8769084330356,1187.4204897633754,1193.336227803491,5.915738040115684,2.5,0.0681130790232464,1
2022-01-12,2022-01-11,2022-01-14,4.159957387135307,14.50515907370024,3766.519386594428,3765.555578929838,3767.981808345765,2.4262294159270823,3.75,0.084096415033984,1
2022-01-24,2022-01-14,2022-02-03,4.442142765560187,6.513713180577011,751.0814316458441,750.7754081049934,751.6274081682786,0.8520000632852316,2.25,0.0965741363229211,1
2022-01-24,2022-01-14,2022-02-03,3.4154298475177405,14.580126331767666,3776.5353699826583,3764.094544965774,3801.594888630789,37.50034366501495,2.75,0.0658444347864373,1
2022-01-24,2022-01-14,2022-02-03,8.502459376221466,5.697898097069867,3580.189542195983,3578.3923016884364,3583.0807194355875,4.688417747151107,3.25,0.1086797021071706,1
2022-01-24,2022-01-14,2022-02-03,2.703670172218084,15.74785196397419,3770.508016349267,3765.555578929838,3801.594888630789,36.03930970095098,1.75,0.0571915861401528,1
2022-01-24,2022-01-14,2022-02-03,4.9121901257808975,5.729636988095006,1181.5381572647825,1178.279018545989,1185.1663036425598,6.887285096570849,2.5,0.077317294207907,1
2022-02-12,2022-02-10,2022-02-15,4.1957283303337185,7.278458348931516,896.0204706470292,895.7941910400987,896.5223878291436,0.7281967890448868,1.5,0.2756080876960665,2
2022-02-12,2022-02-10,2022-02-15,4.681478907315247,8.066862708002231,751.2048515299917,751.081963443663,751.6274081682786,0.5454447246156633,2.0,0.2695706721572,2
2022-02-12,2022-02-10,2022-02-15,5.155402666408289,9.654757148253829,896.2670525489343,896.0191456051543,896.767041423358,0.7478958182036877,1.5,0.4569018195789853,2
2022-02-12,2022-02-10,2022-02-15,5.8360353490836445,5.801668475501473,9.631168701872248,8.62490700604394,10.64442836586386,2.019521359819919,1.25,0.5025685101684285,2
2022-03-14,2022-03-11,2022-03-18,3.491177501572706,16.821280788293627,3767.235373048179,3765.555578929838,3801.594888630789,36.03930970095098,1.75,0.0411138069398636,3
2022-03-14,2022-03-11,2022-03-18,2.264478665131629,17.578565728492467,3767.805881729894,3767.2533252886496,3768.464918926358,1.2115936377085743,2.0,0.0340310482870037,3
2022-03-14,2022-03-11,2022-03-18,7.652154588191061,16.24771143206381,3770.839022643918,3763.853147184476,3801.594888630789,37.74174144631252,5.0,0.0669498305410298,3
2022-03-20,2022-03-18,2022-03-22,2.5010706841358914,9.083612575009017,3184.102655703263,3184.0094338729978,3184.487240066286,0.4778061932884156,1.0,0.1349229694690046,3
2022-03-20,2022-03-18,2022-03-22,3.6923387559105647,6.208386096449222,3232.9817617908607,3232.843693688512,3233.320719623007,0.4770259344950318,2.25,0.2484024118035632,3
2022-03-20,2022-03-18,2022-03-22,5.144470489392242,6.132185472263803,3249.1163945163935,3249.075202986598,3249.549846064765,0.4746430781669914,2.25,0.2514999747060464,3
2022-03-20,2022-03-18,2022-03-22,2.7848725078113374,7.673746770341701,3087.1149672639367,3087.0081552695483,3087.497117740568,0.4889624710194766,2.5,0.2859702900823979,3
2022-03-20,2022-03-18,2022-03-22,2.053340074783638,7.956470174075356,3081.4633038060124,3081.3320598821156,3081.820653066039,0.4885931839235127,6.25,0.1568431586536456,3
2022-03-20,2022-03-18,2022-03-22,2.0205989660806023,6.77723647859603,3667.9778645148767,3667.359696380328,3668.777102913707,1.4174065333791075,0.75,0.1298735497981296,3
2022-03-20,2022-03-18,2022-03-22,2.584028618066013,6.285735251700126,3667.991490770027,3667.715307746548,3668.649113537278,0.9338057907298208,0.75,0.0834737471090518,3
2022-03-20,2022-03-18,2022-03-22,2.9483905231329612,10.6593712279684,1762.3949224883056,1762.091867243871,1762.9248976139352,0.8330303700640798,1.0,0.277328974960449,3
2022-03-20,2022-03-18,2022-03-22,4.191299917737488,6.510885511846365,896.3347736161062,896.0191456051543,896.767041423358,0.7478958182036877,1.25,0.0470983533727326,3
2022-03-20,2022-03-18,2022-03-22,2.0025353426975196,5.177471276365725,896.2674287365693,896.0388447553851,896.767041423358,0.7281966679729521,1.25,0.0836217820297369,3
2022-03-20,2022-03-18,2022-03-22,3.806291875228304,6.462267325442952,4617.598928632683,4615.963548803702,4619.013321645558,3.0497728418558836,3.25,0.0586791829567401,3
2022-03-20,2022-03-18,2022-03-22,4.902992465110534,5.230499116916596,1724.5714211926677,1723.6758075742982,1725.8118983218446,2.1360907475464046,1.0,0.3579814013137739,3
2022-03-20,2022-03-18,2022-03-22,2.3780427530312727,10.272976004853245,3099.008460650376,3083.789119529538,3127.521545047872,43.73242551833391,3.75,0.1544867741983724,3
2022-03-20,2022-03-18,2022-03-22,3.0757720347234514,6.46024098280457,3087.7810723348266,3063.851749924943,3110.507060936652,46.65531101170927,2.5,0.356202077526091,3
2022-03-20,2022-03-18,2022-03-22,2.4476108753297385,6.873372633457922,3073.8945264090585,3059.4041349343024,3106.2635342283174,46.85939929401502,1.25,0.2656357184322777,3
2022-03-20,2022-03-18,2022-03-22,2.6615846650193444,5.071058534123682,3000.788284732276,3000.758682162501,3001.2334612514824,0.4747790889814496,1.5,0.1238196028743821,3
2022-03-20,2022-03-18,2022-03-22,3.116945521844551,5.465584319781723,3018.609445126262,3018.6094451262616,3018.848334544804,0.2388894185423851,1.25,0.2298863209681911,3
2022-03-20,2022-03-18,2022-03-22,2.064788073776672,6.557969458873525,3018.541406804249,3018.3657121779397,3019.0890193246305,0.7233071466907859,0.75,0.2103450279696561,3
2022-03-20,2022-03-18,2022-03-22,3.043742637320607,9.326371513089017,3058.9478126271674,3054.451981574297,3101.059849301353,46.607867727056146,1.5,0.1996701104457221,3
2022-03-26,2022-03-22,2022-03-31,2.145146413054215,16.219282657636555,1177.0498008897443,1175.784161567688,1178.517907964531,2.733746396843344,2.5,0.0437866727267971,3
2022-03-26,2022-03-22,2022-03-31,8.181448972826823,9.74034966793536,896.3308484783165,896.0191456051543,896.767041423358,0.7478958182036877,1.75,0.4004886751368897,3
2022-03-26,2022-03-22,2022-03-31,7.09303712909976,7.0109258162650905,895.9926872247298,895.5385666103102,896.5223878291436,0.9838212188333272,2.25,0.2557077176398836,3
2022-03-26,2022-03-22,2022-03-31,3.6960805405955472,15.663032537164115,1178.629566818167,1177.032076020725,1180.264842515811,3.2327664950862527,3.75,0.0613622509290889,3
2022-03-26,2022-03-22,2022-03-31,3.2985043466097856,7.949864348866594,4360.5017671853675,4359.611671092454,4362.450547800865,2.8388767084106803,1.75,0.0465218587021698,3
2022-03-26,2022-03-22,2022-03-31,3.0284028908100997,7.590354729622798,4366.2998048487,4364.160030500032,4368.417321647983,4.257291147951037,2.5,0.0632179095611706,3
2022-03-26,2022-03-22,2022-03-31,5.216294026413523,6.303562774617469,4371.167479023294,4368.178432229441,4374.969783090521,6.791350861079991,3.0,0.0897583929973488,3
2022-03-26,2022-03-22,2022-03-31,2.24356347848176,6.057761169567798,4376.05300638859,4373.78513068147,4378.751780437771,4.966649756301194,2.5,0.0662699577592851,3
2022-03-26,2022-03-22,2022-03-31,45.88408730548107,6.188044678366765,4358.347383948323,4352.497259713709,4368.180912763812,15.683653050102292,4.0,0.1857426536256401,3
2022-03-26,2022-03-22,2022-03-31,15.591710406649105,9.020197566153168,4039.1942982918936,4037.540043067187,4041.895836755168,4.355793687980622,5.0,0.1393259706981675,3
2022-03-26,2022-03-22,2022-03-31,9.26154292588966,5.40242524835492,4321.219159873351,4317.228525070939,4325.759308191482,8.530783120542765,2.75,0.1183574538993204,3
2022-03-26,2022-03-22,2022-03-31,2.3445688510368576,10.504822989361864,896.1413262901101,896.0191456051543,896.5026471880265,0.4835015828721225,0.75,0.270959336965042,3
2022-04-07,2022-03-31,2022-04-15,4.699117964479225,6.893902084435784,4352.837856774137,4351.788591333665,4354.349422611296,2.560831277631223,2.0,0.0557986282982525,4
2022-04-07,2022-03-31,2022-04-15,2.924423106104732,6.00728600741038,3578.4328136958848,3577.4533321675844,3579.568454700522,2.1151225329376757,3.25,0.0819133680583394,4
2022-04-07,2022-03-31,2022-04-15,20.701240033850016,5.234619722482169,4332.217942652601,4328.481453500222,4337.326275134925,8.844821634702384,3.75,0.1644320752772698,4
2022-04-07,2022-03-31,2022-04-15,3.9652352776295503,6.299338808084827,3118.33467756905,3094.0399346845224,3135.0163597255014,40.97642504097894,1.25,0.215573359656922,4
2022-04-07,2022-03-31,2022-04-15,2.517133011415135,5.943028133508117,3091.0706076334172,3091.0006872578524,3091.4883260759525,0.4876388181000948,1.5,0.1579648152536594,4
2022-04-07,2022-03-31,2022-04-15,3.397939797628578,7.374572660351122,3116.0415015109393,3093.7913479385898,3135.0163597255014,41.22501178691164,1.0,0.3668094456186077,4
2022-04-07,2022-03-31,2022-04-15,2.0202286874818616,5.21427551533523,3289.3950287092584,3289.2046708557755,3289.678901924286,0.4742310685105622,1.5,0.2241541736123253,4
2022-04-07,2022-03-31,2022-04-15,2.7256822793555444,6.0383169260305225,3287.061905885254,3286.794790538028,3287.5225720573217,0.7277815192937851,2.0,0.1513884566331858,4
2022-04-07,2022-03-31,2022-04-15,3.8160739191387782,5.0674500926570625,3244.840434714415,3244.5087819471955,3245.2281424850225,0.7193605378270149,0.75,0.1872700909374014,4
2022-04-07,2022-03-31,2022-04-15,2.4886478371481413,7.761645587299728,3105.2571187572703,3105.082818943076,3105.8935587937012,0.8107398506253958,1.5,0.2738584662932775,4
2022-04-07,2022-03-31,2022-04-15,5.644520927245365,7.854988539688197,3099.435678775042,3099.198585622944,3099.9353336212225,0.7367479982785881,3.25,0.4238356894321127,4
2022-04-07,2022-03-31,2022-04-15,4.097286181517224,9.883672273257115,3114.308646939068,3093.7913479385898,3135.0163597255014,41.22501178691164,1.0,0.3622621614238985,4
2022-04-07,2022-03-31,2022-04-15,3.0707622250048443,8.114855797562301,752.9364530816674,752.9364530816674,753.1753425002098,0.2388894185423851,1.0,0.151109487733454,4
2022-04-07,2022-03-31,2022-04-15,2.410989664968383,9.772316712150143,751.3286034312351,751.081963443663,751.6274081682786,0.5454447246156633,0.75,0.0226965395414799,4
2022-04-07,2022-03-31,2022-04-15,9.409799251818283,8.081570179896962,751.0465005202004,750.7754081049934,751.6274081682786,0.8520000632852316,2.75,0.2126539825859641,4
2022-04-07,2022-03-31,2022-04-15,2.412401859766096,16.18858282581089,4364.552324163575,4363.923621703405,4365.580611771438,1.6569900680333376,2.0,0.0391387371738816,4
2022-04-07,2022-03-31,2022-04-15,3.455566017061174,5.335170037900806,4319.459789894601,4316.801733136177,4322.66908678785,5.867353651672602,1.75,0.0728726868576223,4
2022-04-07,2022-03-31,2022-04-15,5.643956969050541,5.534178864694354,4333.179149761214,4329.190817795228,4337.326275134925,8.135457339696586,2.0,0.1041384623335484,4
2022-04-07,2022-03-31,2022-04-15,39.2298150866886,5.967572361966137,4359.310953507165,4352.733702356461,4368.417321647983,15.683619291521609,4.5,0.1744780739908602,4
2022-04-22,2022-04-15,2022-04-29,2.8336489492893215,9.66046390881286,1619.2827708181878,1619.1455503730103,1619.65667358879,0.5111232157796621,1.5,0.0714472215637984,4
2022-05-01,2022-04-29,2022-05-03,8.400938778912929,9.681892755329146,896.264276265157,896.0191456051543,896.767041423358,0.7478958182036877,1.5,0.212223112899057,5
2022-05-01,2022-04-29,2022-05-03,3.1991169123641217,8.646648072330294,896.2134454604417,896.0388447553851,896.767041423358,0.7281966679729521,1.0,0.1513510652320682,5
2022-05-01,2022-04-29,2022-05-03,14.25227469664244,6.442431024670782,895.8136198413604,895.2938684150577,896.5223878291436,1.2285194140858948,4.25,0.2573384155917457,5
2022-05-01,2022-04-29,2022-05-03,3.593116513697822,7.244088513837202,3691.365707241614,3688.778301181272,3700.226560492069,11.448259310796857,2.25,0.0523684157716608,5
2022-05-01,2022-04-29,2022-05-03,3.047129790663765,7.909170063185991,3689.5978112911575,3688.587753923144,3691.485612392891,2.897858469747007,2.25,0.0462835668340994,5
2022-05-01,2022-04-29,2022-05-03,2.8517585588854737,6.574555238116977,3694.1922087961566,3692.78129195515,3695.819320198614,3.0380282434634864,1.75,0.0499205569414334,5
2022-05-01,2022-04-29,2022-05-03,4.039422804614372,6.249289143288589,3679.685484730443,3677.927366923541,3680.719669399783,2.7923024762421846,3.25,0.0612705380522426,5
2022-05-01,2022-04-29,2022-05-03,3.619330387095669,7.303765368542646,3680.00582603796,3678.391214447096,3681.7637496478856,3.372535200789571,2.0,0.0526956902038722,5
2022-05-01,2022-04-29,2022-05-03,3.2830768082379644,5.09505763690884,3679.681868335106,3677.927366923541,3681.7637496478856,3.8363827243447304,2.75,0.0563820858001734,5
2022-05-01,2022-04-29,2022-05-03,2.314601188760744,5.849187256732999,3683.828519075907,3682.454346280545,3684.997037667781,2.5426913872361183,2.0,0.0455944529939672,5
2022-05-07,2022-05-03,2022-05-12,4.311405574307433,6.86045633754221,3061.297759735913,3060.881103115622,3061.620521338191,0.7394182225689292,4.5,0.2708131602232777,5
2022-05-07,2022-05-03,2022-05-12,2.6784306690361164,9.186135093701528,3058.8022560947916,3058.666083530057,3059.1427872213535,0.4767036912962794,1.5,0.2107771079646725,5
2022-05-07,2022-05-03,2022-05-12,16.29199664123265,7.729436670240061,3016.110198040088,3014.47553242743,3017.6647252202965,3.189192792866379,5.0,0.133569816524981,5
2022-05-07,2022-05-03,2022-05-12,7.091161011051238,6.023214034736179,3016.2306140862656,3014.47553242743,3018.364035159815,3.88850273238495,3.25,0.0976331274407116,5
2022-05-07,2022-05-03,2022-05-12,3.2081926797086746,7.412958965164598,3078.245032242741,3054.451981574297,3101.059849301353,46.607867727056146,1.25,0.1997852748220507,5
2022-05-18,2022-05-12,2022-05-25,2.662669222979527,11.947528806774963,1837.1971231444445,1836.9319267459216,1837.6445035678337,0.71257682191208,0.75,0.0618025752581674,5
2022-05-18,2022-05-12,2022-05-25,2.9762850433126093,11.703037562084432,3233.2694094139,3233.0818302044645,3233.798829620704,0.7169994162395597,1.0,0.2085707305203565,5
2022-05-18,2022-05-12,2022-05-25,7.071588442655932,11.61751717983277,1837.2650171347937,1836.9319267459216,1837.8813472827896,0.9494205368682742,1.5,0.3753582077674933,5
2022-05-18,2022-05-12,2022-05-25,11.954830963977892,9.483946336644909,1836.4124959398791,1836.0822865674272,1837.0316508379765,0.9493642705492676,1.25,0.0464389312383051,5
2022-05-18,2022-05-12,2022-05-25,3.3101336029491377,6.474460296791886,1770.779644888522,1769.737151063513,1772.251981455367,2.514830391854048,1.25,0.0389988647134748,5
2022-05-28,2022-05-25,2022-06-01,3.250735540699214,5.449683818720282,3244.8508497569364,3244.749017504044,3245.2281424850225,0.4791249809786677,0.75,0.1063266993951439,5
2022-05-28,2022-05-25,2022-06-01,3.205706079751067,7.529445065858968,895.8259035813086,895.5385666103102,896.2777341739275,0.7391675636172295,1.25,0.291304986494092,5
2022-05-28,2022-05-25,2022-06-01,2.234311828802805,9.61197160510162,1228.407592016437,1227.686675610952,1228.9042884507217,1.217612839769572,0.5,0.0719321777842718,5
2022-05-28,2022-05-25,2022-06-01,2.9892612776384127,6.502980966876551,1772.2741373154477,1771.1245990889147,1773.6242987797596,2.4996996908448637,1.25,0.0521674298711943,5
2022-05-28,2022-05-25,2022-06-01,5.870707460679114,6.1758621566632765,1773.4745573511275,1773.1403222610245,1773.920258812141,0.7799365511164069,1.0,0.0189288414979371,5
2022-05-28,2022-05-25,2022-06-01,6.126732417213544,8.163246445063367,1776.7709599474197,1776.5066632581877,1777.325407865923,0.8187446077354252,1.0,0.6693062508717329,5
2022-06-10,2022-06-07,2022-06-14,4.972302885448747,5.929474621827502,3244.869017240662,3244.749017504044,3245.2281424850225,0.4791249809786677,1.25,0.1472352629977802,6
2022-06-10,2022-06-07,2022-06-14,3.388982638880331,9.637013149735054,3119.4072196687457,3094.0399346845224,3135.0163597255014,40.97642504097894,1.0,0.2770330047915115,6
2022-06-10,2022-06-07,2022-06-14,2.4508567255818283,7.985715446673057,750.9258133244257,750.7754081049934,751.3208528622054,0.5454447572119534,1.25,0.1912398445801955,6
2022-06-10,2022-06-07,2022-06-14,3.1405692964442076,9.499027881100275,896.2599009260804,896.0191456051543,896.767041423358,0.7478958182036877,0.75,0.3366862437146078,6
2022-06-10,2022-06-07,2022-06-14,2.414048046749271,9.153619525704102,751.1758059899794,751.081963443663,751.6274081682786,0.5454447246156633,1.0,0.2033611087725684,6
2022-06-18,2022-06-14,2022-06-23,2.2789130804682145,10.602778387807057,4190.746937236596,4190.53316112468,4191.244867212139,0.7117060874588788,1.0,0.0337095726545277,6
2022-06-18,2022-06-14,2022-06-23,3.1351333677252753,7.572485091000805,3661.845177848592,3661.093494270928,3662.744725150056,1.6512308791279793,1.0,0.1859326435209607,6
2022-06-27,2022-06-23,2022-07-01,2.139588591009472,5.892493745392608,4990.080067509574,4989.9237757558,4990.644198948052,0.7204231922514737,1.0,0.1056029921014645,6
2022-06-27,2022-06-23,2022-07-01,3.036586704788171,5.709487313025099,5025.211505746498,5024.761965674814,5025.693977678195,0.9320120033808053,1.0,0.36075109886891,6
2022-06-27,2022-06-23,2022-07-01,5.35291703488268,6.4194802657680405,4720.836748929164,4716.69890204072,4764.864646052476,48.16574401175603,3.0,0.0685590277253034,6
2022-06-27,2022-06-23,2022-07-01,12.33891199609842,9.63765390631708,896.102126307721,895.0491700856946,896.767041423358,1.7178713376633823,1.75,0.3755955420682655,6
2022-06-27,2022-06-23,2022-07-01,30.95009859321024,6.8156212284102455,895.5687223539742,894.804472012911,896.767041423358,1.9625694104470313,5.75,0.5292410239804113,6
2022-06-27,2022-06-23,2022-07-01,3.947180612599664,7.391100316255265,1080.4984301178604,1077.0316849066876,1081.960927062668,4.929242155980319,0.5,0.3084610897043527,6
2022-06-27,2022-06-23,2022-07-01,2.3059344598230904,6.355764018511867,1765.6250272191642,1765.218129787594,1766.346488820389,1.1283590327948332,0.75,0.2116641356585114,6
2022-06-27,2022-06-23,2022-07-01,2.8729856753936036,9.556677379187914,1619.3498937004192,1619.1807669568807,1619.962633294519,0.7818663376383483,1.5,0.2152067644500777,6
2022-06-27,2022-06-23,2022-07-01,2.1369090878463908,8.705705228323497,2676.7401890498045,2676.2354508829303,2677.701215477194,1.4657645942643285,0.75,0.1392891346148883,6
2022-06-27,2022-06-23,2022-07-01,2.5729101073035037,6.209560657447019,3986.453641267671,3986.172565976158,3987.113795651123,0.9412296749651432,0.75,0.1841099622251274,6
2022-06-27,2022-06-23,2022-07-01,2.4736790261822756,6.376392485209315,4579.071668179503,4578.395355238579,4579.838415840175,1.4430606015957892,0.75,0.2745219144820332,6
2022-06-27,2022-06-23,2022-07-01,2.3416842613079587,6.729482337320715,4618.922246683534,4618.66967440024,4619.377403403632,0.7077290033921599,0.75,0.1623294141184605,6
2022-06-27,2022-06-23,2022-07-01,2.1455721139980573,5.4868979528599775,4738.853873936479,4714.865008695982,4764.864646052476,49.99963735649362,2.0,0.0690910079755524,6
2022-06-27,2022-06-23,2022-07-01,4.08844189801924,9.98928196013058,3082.8394490582864,3059.654253306798,3106.2635342283174,46.6092809215188,1.25,0.2341285220858457,6
2022-06-27,2022-06-23,2022-07-01,4.429502529201564,10.970635649351308,3062.1204050309025,3062.1204050309025,3062.359294449445,0.2388894185423851,3.0,0.2504148836498521,6
2022-06-27,2022-06-23,2022-07-01,2.298000643621525,9.88655864711492,3058.903897802811,3058.903897802811,3059.1427872213535,0.2388894185423851,2.0,0.1893129913534497,6
2022-06-27,2022-06-23,2022-07-01,4.7059184892792265,7.6791803516903,3057.2393278639647,3057.0122790713795,3057.501220313832,0.4889412424527108,2.75,0.2639833488457999,6
2022-06-27,2022-06-23,2022-07-01,5.257821726819965,7.652864964177299,2970.208411622254,2969.6636419435963,2971.068641605787,1.4049996621906755,1.75,0.3304937378707251,6
2022-06-27,2022-06-23,2022-07-01,4.022894224912488,5.809602747567768,2989.2286552191995,2988.253934049513,2990.3002162198536,2.046282170340419,1.0,0.3709077197436894,6
2022-06-27,2022-06-23,2022-07-01,4.835712485385221,10.304362461156858,3057.1733447821043,3057.0122790713795,3057.501220313832,0.4889412424527108,2.0,0.178131866022535,6
2022-06-27,2022-06-23,2022-07-01,2.04240503109457,7.292992869184795,3076.599925677647,3054.451981574297,3101.059849301353,46.607867727056146,2.0,0.1462374849924819,6
2022-06-27,2022-06-23,2022-07-01,3.323786730442382,8.154617693110179,3055.1781130865097,3054.9515691800043,3055.674002078362,0.7224328983575106,2.25,0.17824801288427,6
2022-06-27,2022-06-23,2022-07-01,2.1062061836623585,7.2502257800079,3056.855309558101,3056.855309558101,3057.0941989766434,0.2388894185423851,2.25,0.1594891769589312,6
2022-06-27,2022-06-23,2022-07-01,2.0913568174057637,10.00148959149283,3056.8553095581015,3056.855309558101,3057.0941989766434,0.2388894185423851,1.5,0.1478973015335616,6
2022-06-27,2022-06-23,2022-07-01,4.8738768616680055,5.430448810007534,3244.835417023354,3244.5087819471955,3245.2281424850225,0.7193605378270149,1.5,0.2835164687048674,6
2022-06-27,2022-06-23,2022-07-01,2.5001396126271227,6.5961724049876365,3244.7187979306977,3244.5087819471955,3244.9879069225863,0.4791249753907323,1.0,0.1897832031733681,6
2022-06-27,2022-06-23,2022-07-01,5.603966103995936,6.279740535065872,3287.13359151857,3287.039236678276,3287.5225720573217,0.4833353790454566,5.0,0.2416934603699871,6
2022-06-27,2022-06-23,2022-07-01,2.150588851509802,7.005935817991669,3289.4400125057437,3289.4400125057437,3289.678901924286,0.2388894185423851,2.5,0.1561905320432788,6
2022-06-27,2022-06-23,2022-07-01,2.2110350410835813,9.0365862503005,3092.2964833122687,3092.296483312268,3092.53537273081,0.2388894185423851,2.75,0.3392283463895218,6
2022-06-27,2022-06-23,2022-07-01,2.0299610423932783,8.248848042525486,3109.092130651232,3109.092130651232,3109.3310200697742,0.2388894185423851,2.0,0.2557946889567253,6
2022-07-12,2022-07-06,2022-07-18,10.778160289845603,14.002083395658635,953.08700451651,943.3568494594656,981.0101037654094,37.65325430594385,6.25,0.1359823450376063,7
2022-07-12,2022-07-06,2022-07-18,3.1713874050503317,16.322775209636863,967.3026494552644,957.3877484672704,991.19447181141,33.806723344139755,3.75,0.070533809153177,7
2022-07-12,2022-07-06,2022-07-18,4.964217553633469,7.221638024211229,5481.062103112661,5472.176445899066,5492.130438688211,19.95399278914556,3.25,0.1080432865060088,7
2022-07-12,2022-07-06,2022-07-18,2.5663504427597483,7.505383167586482,5494.920697888812,5490.373092833441,5497.927103316411,7.554010482970625,2.5,0.0711650560267662,7
2022-07-12,2022-07-06,2022-07-18,36.31377932834654,6.664768009485062,5558.619878077297,5529.863503911998,5581.397024932783,51.533521020784974,4.25,0.2391470005858798,7
2022-07-12,2022-07-06,2022-07-18,3.1000321510117503,6.849459518296043,5523.523265222769,5518.588436955586,5529.604568696581,11.016131740994751,1.75,0.0710950147845357,7
2022-07-12,2022-07-06,2022-07-18,2.089358985198494,6.38430766900509,4846.405286562212,4832.870930423029,4860.384808640927,27.51387821789831,2.0,0.0549685456009557,7
2022-07-12,2022-07-06,2022-07-18,3.5559975772329326,5.529023862304744,5458.7082264350065,5450.724458059762,5473.686067707371,22.961609647609293,3.0,0.0862660774258317,7
2022-07-12,2022-07-06,2022-07-18,2.6269843994165027,7.599195754263263,5458.530205503926,5456.13829322299,5461.4368053348735,5.2985121118836105,3.25,0.0719274291048077,7
2022-07-12,2022-07-06,2022-07-18,2.7350013555728827,7.706483114959253,2970.1027690118576,2969.8969632200897,2970.6019988614134,0.705035641323775,1.25,0.2651887302891387,7
2022-07-12,2022-07-06,2022-07-18,2.5626389970309194,10.757389130617629,5585.57578587606,5584.025517613627,5587.731312974822,3.70579536119476,3.0,0.0662554411814331,7
2022-07-12,2022-07-06,2022-07-18,76.15407590606372,6.699395444414636,5615.293902345301,5583.198040141724,5648.963884320576,65.7658441788517,6.75,0.3446522923450867,7
2022-07-12,2022-07-06,2022-07-18,4.181047978340742,8.097215350397361,5631.922113265614,5628.268811731134,5635.765745847486,7.496934116352349,2.75,0.0801086420392804,7
2022-07-12,2022-07-06,2022-07-18,2.6724736627729895,5.291604326305422,5650.15249938626,5647.982324979268,5652.136031187605,4.153706208337098,2.75,0.0644892100797089,7
2022-07-12,2022-07-06,2022-07-18,2.1904249759435466,5.902869891709751,564.0842986778719,546.910532255657,594.5244406736456,47.61390841798857,2.75,0.0660534977136684,7
2022-07-12,2022-07-06,2022-07-18,2.532738223791998,6.405542953535828,412.4538326529914,386.29055530996993,479.6849341308698,93.39437882089987,2.5,0.0693506973790492,7
2022-07-12,2022-07-06,2022-07-18,9.370041662280888,6.182411222684338,484.284117609799,453.22662278451025,544.1816986161284,90.95507583161816,2.75,0.1371538948095607,7
2022-07-12,2022-07-06,2022-07-18,8.099902457303804,8.30160599290226,439.17656193696985,406.807666872628,499.4287428040989,92.62107593147084,5.25,0.1274010469589592,7
2022-07-12,2022-07-06,2022-07-18,2.700929334196793,8.778956763134394,413.06733422472786,392.00562383187935,479.6849341308698,87.67931029899046,3.0,0.0653325100535051,7
2022-07-12,2022-07-06,2022-07-18,4.669542678073068,6.372055405953669,461.16198964100494,430.326897486113,520.1102211284451,89.7833236423321,2.5,0.0999121732078012,7
2022-07-12,2022-07-06,2022-07-18,2.2385952952443344,16.461261163716507,904.0629425559434,901.6989019806496,907.2751745656132,5.57627258496359,2.25,0.0685987258312881,7
2022-07-12,2022-07-06,2022-07-18,2.612741274781814,8.943973672565518,907.5877943938882,905.3215380446054,910.2185292714277,4.896991226822138,2.5,0.0719601786183532,7
2022-07-12,2022-07-06,2022-07-18,6.1936455225143305,15.66728676672138,883.1835338119563,880.5675023570657,887.3267136691138,6.759211312048137,5.5,0.1046571434335141,7
2022-07-12,2022-07-06,2022-07-18,2.472195761782545,19.034297659846956,921.7749174997996,920.4831492491066,923.1962687247432,2.7131194756366313,4.5,0.0727775495207727,7
2022-07-12,2022-07-06,2022-07-18,2.7866802437638025,14.625635855132478,921.4652353008894,920.4831492491066,923.1962687247432,2.7131194756366313,3.75,0.0683003350461319,7
2022-07-12,2022-07-06,2022-07-18,4.4651650166039545,11.785914646761412,792.8095141683362,786.5820081182756,800.1786636421457,13.59665552387014,2.75,0.0983517158430347,7
2022-07-12,2022-07-06,2022-07-18,12.343683035843194,8.436936460735582,822.3168924741533,800.8806763174944,841.4611762105487,40.580499893054366,6.0,0.1506127772854015,7
2022-07-12,2022-07-06,2022-07-18,2.036992035759818,10.202618760726686,781.4063085175201,778.3757757213898,785.5701550357044,7.194379314314574,2.5,0.0669042090447691,7
2022-07-12,2022-07-06,2022-07-18,2.632204969324618,6.070430922907168,758.9442810712237,754.699218140915,763.1784236575477,8.479205516632646,2.75,0.1437371877835547,7
2022-07-12,2022-07-06,2022-07-18,4.0669002238692435,5.318789295817396,872.9576883254665,868.4208128950559,878.2911353860982,9.870322491042316,2.0,0.0835652179242762,7
2022-07-12,2022-07-06,2022-07-18,2.059910071294745,15.301117732367286,880.236507720632,878.2904099156149,881.7043264461681,3.4139165305532515,2.5,0.0572321955369492,7
2022-07-12,2022-07-06,2022-07-18,3.4732974049854186,14.483491256462267,876.6622519347009,874.154317446053,879.9926262353547,5.838308789301664,3.0,0.0910744891548498,7
2022-07-12,2022-07-06,2022-07-18,4.95863966487757,12.547240400884991,823.0337426668344,815.406713577453,831.5991090722382,16.19239549478516,2.25,0.0957941069854029,7
2022-07-12,2022-07-06,2022-07-18,2.041469062352721,10.417190094791328,818.3323572823334,815.7232362530194,822.069726404734,6.346490151714534,2.75,0.0656088661116127,7
2022-07-23,2022-07-18,2022-07-29,2.577653077541599,11.477830119488356,1259.0514187865772,1256.972013084218,1261.5183009188622,4.546287834644318,2.5,0.0747588523735176,7
2022-07-23,2022-07-18,2022-07-29,5.2534310587518664,13.180307335031356,1196.82675315334,1194.0918496381491,1200.3817147142254,6.289865076076239,4.75,0.1052210402205511,7
2022-07-23,2022-07-18,2022-07-29,4.033565713850548,11.959018916953076,1190.956222130483,1186.423328192439,1194.3307390566915,7.907410864252597,3.5,0.0826687498271849,7
2022-07-23,2022-07-18,2022-07-29,2.803328925120858,12.113353028035728,1202.575971844103,1199.9438272998668,1205.5423573297448,5.59853002987802,2.0,0.0705315665234451,7
2022-07-23,2022-07-18,2022-07-29,3.5160179997033527,9.048793028602429,1337.3035717670018,1331.8936609211378,1349.8836761121638,17.990015191026032,2.25,0.081276347303123,7
2022-07-23,2022-07-18,2022-07-29,2.966331357354913,9.587876585802718,1319.2303726866417,1314.4006890794262,1329.1411269181408,14.74043783871457,2.0,0.07592055593303,7
2022-07-23,2022-07-18,2022-07-29,2.193262026678156,6.982167518700013,1381.7295207399382,1377.4508786131628,1389.3735822420567,11.922703628893942,1.75,0.0647010923128887,7
2022-07-23,2022-07-18,2022-07-29,4.348422086934122,7.6600660985929965,1360.0104993758912,1353.882119857706,1369.6342476187274,15.752127761021256,2.25,0.0860836911132212,7
2022-07-23,2022-07-18,2022-07-29,4.956318256952883,11.615700450700103,1281.205852360583,1276.6572204399854,1285.9209173535928,9.26369691360742,2.5,0.0924880720708243,7
2022-07-23,2022-07-18,2022-07-29,9.569014032598997,9.425698341100286,1291.8017291935796,1285.8967327438295,1300.4922781288624,14.595545385032892,5.0,0.1354494677354645,7
2022-07-23,2022-07-18,2022-07-29,3.277701378264278,14.725423829568433,1263.527946513225,1260.911488792859,1265.8306549256667,4.919166132807732,3.0,0.0733216613299525,7
2022-07-23,2022-07-18,2022-07-29,7.50707214707719,9.474821537524557,1302.3616137238737,1298.1433507879265,1306.3810784663074,8.237727678380907,4.25,0.1163434371303273,7
2022-07-23,2022-07-18,2022-07-29,2.471148769183429,16.35041999374391,969.551896605878,959.292233387474,991.19447181141,31.90223842393607,3.0,0.0612028675900144,7
2022-07-23,2022-07-18,2022-07-29,2.7533846727203297,16.889779708441626,984.8288917734484,976.994704502169,1007.1357080545276,30.1410035523586,5.25,0.0695411286808567,7
2022-07-23,2022-07-18,2022-07-29,2.6336101766068394,13.023156745562414,971.5866557168544,966.4518483323044,997.6556723052636,31.20382397295907,2.0,0.0734177526743706,7
2022-07-23,2022-07-18,2022-07-29,3.2982603807910995,18.330923929667687,967.8437360611211,965.510195731651,969.949277818203,4.4390820865519345,4.75,0.0783073048829274,7
2022-07-23,2022-07-18,2022-07-29,3.0132492988789923,15.173554075029688,951.9906985284574,948.5550745530054,978.0181957329625,29.463121179956943,3.25,0.0703869916600608,7
2022-07-23,2022-07-18,2022-07-29,4.253438579119285,12.78703153623152,941.7987927023956,939.4081793641672,960.6867173011416,21.278537936974317,3.5,0.0889384733284404,7
2022-07-23,2022-07-18,2022-07-29,2.3920895702862737,12.168932342348878,935.9771946979312,930.741704177577,950.8452626406216,20.103558463044465,2.25,0.0689381887781059,7
2022-07-23,2022-07-18,2022-07-29,2.8253432419854403,14.607543485063657,949.4105718273124,943.1010449635796,970.5290992949158,27.42805433133617,3.5,0.073818891498546,7
2022-07-23,2022-07-18,2022-07-29,2.302414543685578,14.623487788121444,1003.3024025767004,990.951619093772,1020.2847840767354,29.333164982963353,2.25,0.0621716409174466,7
2022-07-23,2022-07-18,2022-07-29,2.515712455487773,12.326751771886569,1059.1669626971227,1053.5803403239695,1068.6380583560094,15.057718032039702,1.5,0.0688514381645077,7
2022-07-23,2022-07-18,2022-07-29,2.1116032928507775,8.048046065842689,1722.5975128012776,1719.2828389708884,1725.8118983218446,6.529059350956231,1.5,0.0513970296026045,7
2022-07-23,2022-07-18,2022-07-29,2.13000548226229,8.251841182181057,1715.3090957066274,1710.9795327503234,1721.1438350728713,10.164302322547885,1.75,0.0579856550517388,7
2022-07-23,2022-07-18,2022-07-29,6.96115673253457,8.254538876116825,1692.534545908381,1680.5670483410358,1704.4014012757689,23.834352934733033,2.25,0.0973238581214908,7
2022-07-23,2022-07-18,2022-07-29,4.344985901537807,11.807204631346869,1679.9125350311158,1674.9288328425027,1684.2929445528423,9.364111710339785,4.0,0.0763981150351178,7
2022-07-23,2022-07-18,2022-07-29,4.324459387971908,8.470824599659668,1675.1506328996625,1668.2865510061383,1680.8059377595782,12.519386753439903,2.25,0.0826894104985564,7
2022-07-23,2022-07-18,2022-07-29,3.589930266355658,12.38663372684697,1669.297863709645,1665.374701488763,1674.3150269719772,8.94032548321411,3.25,0.0805251660153627,7
2022-07-23,2022-07-18,2022-07-29,2.0551804788640884,5.600939802014679,1935.9714635874136,1934.6007782751697,1937.4381009615024,2.8373226863332093,2.5,0.0624729222031461,7
2022-07-23,2022-07-18,2022-07-29,2.4923997149110586,6.262198101833382,1901.1331213809417,1896.1571175772697,1904.8801848837177,8.723067306447774,3.0,0.0634410120624695,7
2022-07-23,2022-07-18,2022-07-29,6.501582523312178,5.000051920540542,1446.5944914396011,1435.4669701536186,1456.5051827267744,21.03821257315576,3.25,0.0810067547315085,7
2022-07-23,2022-07-18,2022-07-29,2.1123406847634634,5.403667446843165,1473.471098335808,1471.3418463021517,1476.0989885516465,4.757142249494791,4.0,0.0610299359195753,7
2022-07-23,2022-07-18,2022-07-29,3.9846167344900225,7.450723190371991,1603.8432850922477,1600.9259779728018,1608.4933966724202,7.567418699618429,4.75,0.0813482040075175,7
2022-07-23,2022-07-18,2022-07-29,2.3591334611065498,6.7560013836879165,1594.2859961363454,1591.930910072755,1596.6609447803348,4.730034707579762,3.25,0.0674397846220486,7
2022-07-23,2022-07-18,2022-07-29,3.982848116679844,11.298623437948956,1615.0974407554988,1609.903315280564,1618.0965936784633,8.193278397899121,3.5,0.175474684404806,7
2022-07-23,2022-07-18,2022-07-29,7.451107104938785,8.213614946971985,1612.7438661453762,1607.705606491305,1618.0965936784633,10.390987187158316,4.5,0.1199913413690234,7
2022-07-23,2022-07-18,2022-07-29,2.5399290341795417,6.404128282029065,1575.8021739709427,1570.246863364242,1580.1886528613977,9.941789497155696,1.5,0.1766919695843727,7
2022-07-23,2022-07-18,2022-07-29,5.256172135662577,12.354533752018476,1586.843389013865,1582.0640213666484,1591.113261830527,9.04924046387896,4.75,0.0977506554775831,7
2022-07-23,2022-07-18,2022-07-29,3.760086720006801,6.314634393577632,335.1918608363222,239.13934477139264,365.39966202666983,126.2603172552772,2.25,0.0887727750288192,7
2022-07-23,2022-07-18,2022-07-29,13.787250643392486,8.90108756667117,313.49056105581326,220.41856087278575,368.5651860735379,148.14662520075217,7.25,0.1682846426172468,7
2022-07-23,2022-07-18,2022-07-29,3.991998955024173,9.258087799514158,203.43080285978584,183.57155152456835,327.2021138272248,143.63056230265647,4.25,0.086930785758913,7
2022-07-23,2022-07-18,2022-07-29,13.835619658967143,8.736398626009663,238.01125630907688,182.22792678093535,334.7313309083693,152.5034041274339,8.0,0.1620571517495461,7
2022-07-23,2022-07-18,2022-07-29,2.9317414834417774,6.810993089644641,399.5064219442774,393.8647685707547,403.7911232677288,9.926354696974158,2.75,0.0921266099942552,7
2022-07-23,2022-07-18,2022-07-29,116.1766218781328,7.9132807266165965,401.5581151206967,297.67049125628546,537.696036175359,240.0255449190736,6.5,0.4635071116827305,7
2022-07-23,2022-07-18,2022-07-29,2.0383340567908346,6.157172786047441,378.96847683427234,275.7105908342637,399.4241309580393,123.7135401237756,1.75,0.0626821061611881,7
2022-07-23,2022-07-18,2022-07-29,9.238604345864736,5.14668400163015,1579.556924752368,1567.987912205048,1589.0131859108806,21.02527370583266,3.5,0.1096244757367415,7
2022-07-23,2022-07-18,2022-07-29,12.256390572858333,5.916945340179479,1182.203397361884,1175.2845444865525,1190.8990269531496,15.61448246659711,4.5,0.1513343345023221,7
2022-07-23,2022-07-18,2022-07-29,6.536835793140606,6.572724048783636,1656.8815100392435,1651.1579189416952,1667.4636324825697,16.30571354087442,4.0,0.1092134266249889,7
2022-07-23,2022-07-18,2022-07-29,7.465723135955817,7.479197594890151,153.40733873399105,87.75779035594314,250.69818992028013,162.940399564337,0.75,0.4187047234725094,7
2022-07-23,2022-07-18,2022-07-29,3.174846284941407,6.7817165934924235,1684.543322527384,1679.2236168445088,1690.8703438756056,11.646727031096816,2.5,0.0775666603951774,7
2022-07-23,2022-07-18,2022-07-29,3.3254444438400026,6.867524189304654,1670.7125104787517,1664.5287607610226,1679.2262715315446,14.697510770522058,1.5,0.0791133985615522,7
2022-07-23,2022-07-18,2022-07-29,4.399400312460456,5.876504943770933,1739.32590922521,1735.4955701627769,1745.7274082866495,10.231838123872876,2.75,0.0809196267865586,7
2022-07-23,2022-07-18,2022-07-29,2.329215428107139,7.267935202751332,1726.8060922126374,1722.2852553594855,1731.885064224247,9.599808864761144,1.75,0.0560725032247361,7
2022-07-23,2022-07-18,2022-07-29,9.8311853749831,19.45877204278895,829.3676126899875,824.3364353724755,833.8624479952268,9.526012622751296,7.5,0.1335135443173585,7
2022-07-23,2022-07-18,2022-07-29,2.0981077726514177,5.284904948272365,870.7668384135561,868.6578236981295,872.5535967722535,3.895773074124008,2.0,0.0624936113523555,7
2022-07-23,2022-07-18,2022-07-29,4.277529979755739,25.88062243632855,806.3309217471932,804.6866486240178,807.4462561518885,2.759607527870685,2.5,0.1127389971916736,7
2022-07-23,2022-07-18,2022-07-29,18.03899782570614,8.43638555213997,820.1156471874524,801.2152873487212,841.4611762105487,40.24588886182755,6.0,0.1764336471170935,7
2022-07-23,2022-07-18,2022-07-29,4.3188862770043785,20.273353974202823,806.4318104949562,802.4796263724566,810.3073820024729,7.827755630016327,6.25,0.0908966592962978,7
2022-07-23,2022-07-18,2022-07-29,12.946729989554964,18.58617884166799,817.7899256705963,812.8652760731056,824.5753247910179,11.710048717912288,7.5,0.1553424335538022,7
2022-07-23,2022-07-18,2022-07-29,2.7526425030192736,14.946599078563777,921.48516854907,920.4831492491066,923.1962687247432,2.7131194756366313,3.25,0.0893604650493928,7
2022-07-23,2022-07-18,2022-07-29,3.449715256866943,16.376249148539955,882.7833198489168,880.5675023570657,886.5917330835946,6.024230726528913,2.25,0.0786784351854519,7
2022-07-23,2022-07-18,2022-07-29,52.90900410160344,14.193672294544813,804.148954373817,778.9946003858931,832.5583580741659,53.563757688272744,9.75,0.2964728597315691,7
2022-07-23,2022-07-18,2022-07-29,4.329300362593959,11.00475141898002,896.1773563720701,895.7941910400987,896.767041423358,0.972850383259356,0.75,0.2223745365684259,7
2022-07-23,2022-07-18,2022-07-29,2.111963657538649,6.0507342851294945,564.2305615072221,546.910532255657,594.5244406736456,47.61390841798857,2.25,0.068410743623537,7
2022-07-23,2022-07-18,2022-07-29,3.376705872772019,6.403543236932196,759.9396045464455,755.0060698329471,762.5546895931475,7.548619760200381,2.5,0.1008525826087192,7
2022-07-23,2022-07-18,2022-07-29,3.087981075681607,12.26009728343817,750.9445600681403,750.7754081049934,751.6274081682786,0.8520000632852316,0.75,0.1750587228660216,7
2022-07-23,2022-07-18,2022-07-29,2.3109436723181505,10.47091668166654,738.1457287611212,737.5877314037643,740.0956230228767,2.5078916191123426,2.25,0.2097687362036882,7
2022-07-23,2022-07-18,2022-07-29,19.74906539218117,19.088317396407177,777.1681532276747,767.3001419305801,788.383978641592,21.083836711011827,7.0,0.1913406846040777,7
2022-07-23,2022-07-18,2022-07-29,3.1684150831824724,13.217761085291992,769.4425525257301,763.8450359064154,774.9007095624693,11.05567365605384,2.75,0.083259971099654,7
2022-07-23,2022-07-18,2022-07-29,3.655843738884553,12.866211102520484,661.4475363686547,649.8236331283115,681.85134218866,32.02770906034857,1.75,0.086332879314005,7
2022-07-23,2022-07-18,2022-07-29,18.860286686903898,5.992871447346952,729.0758926323107,719.440790861845,737.5320014236495,18.091210561804473,7.0,0.2180977063999267,7
2022-07-23,2022-07-18,2022-07-29,25.855194672047812,6.019777918246614,5334.807138133546,5313.559767589439,5348.712391230278,35.15262364083901,4.75,0.2213911541101687,7
2022-07-23,2022-07-18,2022-07-29,7.64523617146301,6.697605874679593,5275.147832426794,5264.812746941578,5290.468491305597,25.655744364019483,3.0,0.1266282296338805,7
2022-07-23,2022-07-18,2022-07-29,3.433709426935185,6.2329671788671694,5257.80161300515,5250.0522477221675,5271.048743037041,20.996495314873755,2.5,0.0861333066262426,7
2022-07-23,2022-07-18,2022-07-29,11.129868998802976,6.52013871294525,5296.598624141246,5280.032023726497,5313.551585403271,33.519561676774174,2.75,0.1502489017120734,7
2022-07-23,2022-07-18,2022-07-29,41.48941849656662,7.1846009462733065,5386.5625786564115,5361.938875071704,5416.418382625561,54.47950755385682,7.75,0.304368539624682,7
2022-07-23,2022-07-18,2022-07-29,3.890745018029082,6.422896303746774,5354.813363530903,5350.678069157526,5359.259304569103,8.581235411576927,3.25,0.0872120186467551,7
2022-07-23,2022-07-18,2022-07-29,4.920277906212713,7.1434364057058035,5149.638894008726,5136.988529726397,5171.189654482994,34.20112475659698,3.25,0.098327054035443,7
2022-07-23,2022-07-18,2022-07-29,2.134391730876146,8.883291178134057,5162.824327456325,5150.262269757222,5182.246727497783,31.984457740560178,2.75,0.0557503156463135,7
2022-07-23,2022-07-18,2022-07-29,2.0720648843548912,7.414791673073697,5149.4039044650135,5145.481293000281,5178.627663938794,33.14637093851343,3.0,0.063328367974792,7
2022-07-23,2022-07-18,2022-07-29,7.665368099431833,7.623570410735671,5116.291499211139,5109.817394217476,5131.415030896664,21.597636679187417,4.5,0.1161873287426074,7
2022-07-23,2022-07-18,2022-07-29,6.258600988752517,6.582465381179112,5211.614554661253,5199.387866735924,5238.130477828905,38.74261109298095,2.75,0.1143319406499854,7
2022-07-23,2022-07-18,2022-07-29,2.3011649131371823,6.7896976809455065,5188.790096986913,5183.243184302468,5218.238426054362,34.995241751894355,2.0,0.0761401200629741,7
2022-07-23,2022-07-18,2022-07-29,4.951478178166151,6.5091652567955585,5246.281292197568,5236.751219461672,5261.276763553731,24.525544092059135,2.75,0.1071797245505712,7
2022-07-23,2022-07-18,2022-07-29,2.1639808131462237,6.51914834615218,5233.358527399727,5224.914383206051,5251.5084235155955,26.594040309544653,2.0,0.0667513756084037,7
2022-07-23,2022-07-18,2022-07-29,2.3098159350955667,6.879244968869762,5174.15236018681,5165.84222253412,5200.72125149006,34.87902895594016,3.0,0.0784364447581886,7
2022-07-23,2022-07-18,2022-07-29,3.323817248565601,6.7419723504433815,5179.4273507361295,5171.940979578532,5209.199221151415,37.25824157288298,2.25,0.0896475857302137,7
2022-07-23,2022-07-18,2022-07-29,3.2166875874320415,7.220463907484598,5166.826806823134,5162.202875920106,5191.992804914713,29.78992899460718,2.75,0.0849006576531474,7
2022-07-23,2022-07-18,2022-07-29,6.276886420960715,8.921950380529243,5382.5887594938,5379.743555672467,5386.415808933321,6.672253260854632,4.0,0.1053954527385592,7
2022-07-23,2022-07-18,2022-07-29,2.1109360149824337,10.191540609588792,5579.632580032799,5578.179841148667,5581.750898094382,3.5710569457150996,2.5,0.0611695485197116,7
2022-07-23,2022-07-18,2022-07-29,2.5783942319626267,10.684316375202595,5569.322642114609,5567.569202908315,5572.558476058766,4.989273150451481,2.25,0.0653694956454331,7
2022-07-23,2022-07-18,2022-07-29,5.280457454784531,10.072715764677485,5585.465024826316,5582.95043718582,5588.2267520069145,5.2763148210942745,5.0,0.0908388065686738,7
2022-07-23,2022-07-18,2022-07-29,3.04260068617762,8.58120508617803,5612.972448546704,5611.177316404413,5615.217765803449,4.040449399035424,2.75,0.0651506007446789,7
2022-07-23,2022-07-18,2022-07-29,2.616143000379503,7.74789898835496,5639.925780294366,5638.004727446474,5641.884032540955,3.8793050944805145,2.25,0.0559403838556882,7
2022-07-23,2022-07-18,2022-07-29,301.27300225610117,6.979381926388009,5547.9200690491725,5441.418867545202,5661.334004396573,219.9151368513703,10.75,0.718142838071838,7
2022-07-23,2022-07-18,2022-07-29,5.083760983956875,11.400099703663807,5444.693270128548,5437.702534720767,5461.509973453358,23.807438732590526,5.0,0.0891522635767572,7
2022-07-23,2022-07-18,2022-07-29,47.13399275587467,6.646210226643495,5425.477886579809,5402.036186306737,5454.9325476069935,52.8963613002561,7.25,0.3011448483782919,7
2022-07-23,2022-07-18,2022-07-29,30.76250530228792,7.9781758294543,895.7289446641732,894.804472012911,896.767041423358,1.9625694104470313,6.75,0.6155941439176793,7
2022-07-23,2022-07-18,2022-07-29,3.1874907615872097,5.076172922339917,908.991344340662,908.7792356531136,909.508790853899,0.7295552007853985,1.5,0.2388388134244978,7
2022-07-23,2022-07-18,2022-07-29,2.005078260835549,9.38281949937106,904.0111649950048,903.6022962830028,904.8256744388492,1.2233781558461487,0.75,0.2459397053406187,7
2022-07-23,2022-07-18,2022-07-29,3.3024975026854317,17.508903520248918,1333.6362512091123,1333.391191822011,1334.129046607297,0.7378547852858901,0.75,0.2626061321287798,7
2022-07-23,2022-07-18,2022-07-29,5.500744733472084,7.545534027367311,1255.665975003276,1254.0181103260256,1257.2109025027603,3.192792176734656,1.25,0.3966228656023052,7
2022-07-23,2022-07-18,2022-07-29,4.836109041820001,5.115975672210206,384.659792164414,383.38255737768486,387.49249714426696,4.109939766582102,0.5,0.1552878984942896,7
2022-07-23,2022-07-18,2022-07-29,2.36742961283369,8.385470447289464,1206.3392634937395,1205.800433147233,1207.0339787853882,1.233545638155192,0.75,0.1466951950415773,7
2022-07-23,2022-07-18,2022-07-29,2.5651814971124662,6.854021542203337,595.5003793060505,580.6867604595609,619.1084141163155,38.42165365675464,1.0,0.3197937598494693,7
2022-07-23,2022-07-18,2022-07-29,3.6021535212342157,7.393130348431597,5061.705573599232,5057.4436962669715,5064.376408285927,6.932712018955499,3.5,0.082123078856382,7
2022-07-23,2022-07-18,2022-07-29,4.076916498854597,5.18174763669613,4989.596234821527,4989.193543374073,4990.400790001731,1.2072466276586056,1.0,0.2500780477835773,7
2022-07-23,2022-07-18,2022-07-29,9.355589270515557,7.886464168078187,5107.034242293463,5101.239459680393,5110.302255786024,9.062796105630696,5.0,0.1335106111000583,7
2022-07-23,2022-07-18,2022-07-29,5.611365166234095,8.20094273653457,5102.650147217939,5097.807412121911,5112.180874662474,14.373462540563196,4.75,0.1019509158595211,7
2022-07-23,2022-07-18,2022-07-29,3.664648068127287,8.340809170251669,5075.618968821427,5072.300627863966,5078.5415194146335,6.240891550667584,3.75,0.0811244678743261,7
2022-07-23,2022-07-18,2022-07-29,5.79234528138291,7.748507723520788,5087.774176363598,5083.439636103343,5091.378119276371,7.938483173027635,4.0,0.1022753211495675,7
2022-07-23,2022-07-18,2022-07-29,2.6229323570991867,9.271953654439775,1619.4850231670905,1619.1455503730103,1620.234121796675,1.088571423664689,0.75,0.2245560670992041,7
2022-07-23,2022-07-18,2022-07-29,2.5564514027565437,5.244586065053213,1595.5319829389623,1594.316470740829,1596.929067881778,2.6125971409492195,1.25,0.203715786004266,7
2022-07-23,2022-07-18,2022-07-29,2.9191032776432113,7.282500168787938,1772.5298000661,1771.1245990889147,1774.2162188487127,3.09161975979805,0.75,0.2124259035824982,7
2022-07-23,2022-07-18,2022-07-29,2.416458440982364,7.279686648110774,1778.194708869764,1777.739888503682,1778.568121004384,0.8282325007021427,1.0,0.12534308176668,7
2022-07-31,2022-07-29,2022-08-02,4.953523609090066,5.035105711198585,757.4751990526247,754.0855145235546,760.0947195338085,6.009205010253936,5.5,0.2070394629394023,7
2022-08-08,2022-08-02,2022-08-15,5.180034136297713,7.327767130307772,1538.3711274954449,1537.9976171529852,1538.7559486054815,0.7583314524963498,1.25,0.1483065423026097,8
2022-08-08,2022-08-02,2022-08-15,2.0558763637403024,5.895227443723693,3244.9892530664806,3244.98925306648,3245.2281424850225,0.2388894185423851,1.0,0.2500392609684043,8
2022-08-08,2022-08-02,2022-08-15,4.315038305972852,6.889999717515079,1078.2265660633009,1075.7104567578062,1082.2081307298504,6.49767397204414,1.0,0.398671361913494,8
2022-08-08,2022-08-02,2022-08-15,2.3724854684877212,9.65990838950038,939.391358496661,937.3901647338644,959.7185112657024,22.32834653183818,1.75,0.2246689247706657,8
2022-08-08,2022-08-02,2022-08-15,4.61534768708135,11.13552264685478,914.9011956496404,914.5182868037372,915.4969097631983,0.9786229594610631,1.0,0.3306439869433042,8
2022-08-08,2022-08-02,2022-08-15,2.417253823301402,7.7030475499135775,909.3114930897289,909.0245685670524,910.2392692663708,1.2147006993182003,1.25,0.2227331579806679,8
2022-08-08,2022-08-02,2022-08-15,5.79212729478849,5.317186698226707,909.19696871763,908.7792356531136,910.2392692663708,1.46003361325711,2.5,0.3933432154045091,8
2022-08-08,2022-08-02,2022-08-15,3.121815342363893,8.402871144114798,928.3571682196242,927.9978395760992,928.861834554933,0.8639949788339436,1.0,0.2799623206278845,8
2022-08-08,2022-08-02,2022-08-15,4.461618822630402,10.184775749635138,1352.3064066326135,1345.6856657322496,1359.7599985180425,14.074332785792649,0.75,0.2977916684031267,8
2022-08-08,2022-08-02,2022-08-15,4.026370065952278,9.41002655220094,1236.8888345983205,1236.5786916990764,1237.5573232849129,0.9786315858364104,1.0,0.1908512644825188,8
2022-08-08,2022-08-02,2022-08-15,43.485021029448625,7.58903039548164,895.8883294780929,894.5689999763854,896.767041423358,2.1980414469726384,6.75,0.674345062548003,8
2022-08-08,2022-08-02,2022-08-15,2.527668930608174,9.377972902393967,25.24601392487653,24.57889291876927,26.879673880524933,2.300780961755663,3.0,0.1195140670453143,8
2022-08-08,2022-08-02,2022-08-15,2.838409418177325,9.88001272967329,896.4283573926318,896.2637577694841,896.7472594217397,0.4835016522556543,1.0,0.1465141329484276,8
2022-08-08,2022-08-02,2022-08-15,3.1282066495899294,6.864247035051614,1304.6418539123297,1302.653259826824,1306.630883295555,3.9776234687305982,4.5,0.0769505566118733,8
2022-08-08,2022-08-02,2022-08-15,2.127831648275908,9.32714820314954,752.5367301355658,751.6950738686137,754.9381075594574,3.243033690843731,3.75,0.083753591702298,8
2022-08-08,2022-08-02,2022-08-15,5.863018804743326,10.508164736807906,896.3124708204487,896.0191456051543,896.767041423358,0.7478958182036877,0.75,0.2585321211215596,8
2022-08-08,2022-08-02,2022-08-15,4.191459973647911,9.239685238883864,896.1977066362084,895.7941910400987,896.767041423358,0.972850383259356,0.75,0.25118851259331,8
2022-08-08,2022-08-02,2022-08-15,3.3985800212702713,12.190973526143752,681.158544129611,678.4937553899363,692.9290774031542,14.435322013217956,0.75,0.1221049237786542,8
2022-08-08,2022-08-02,2022-08-15,14.153182290828676,6.425032519844293,751.7093682162755,749.8610282340087,756.9871420171112,7.126113783102483,8.75,0.4681625547056534,8
2022-08-27,2022-08-24,2022-08-30,2.1764844644797967,9.262636245595225,3066.1351514084927,3054.7017754488625,3101.059849301353,46.358073852490634,1.0,0.0568990938271646,8
2022-08-27,2022-08-24,2022-08-30,2.4482910532266837,10.273405489266256,3056.855309558101,3056.855309558101,3057.0941989766434,0.2388894185423851,1.25,0.1159285079131655,8
2022-09-03,2022-08-30,2022-09-08,2.609340146407671,5.624889279712748,3244.749017504044,3244.749017504044,3244.9879069225863,0.2388894185423851,1.25,0.0489517124194066,9
2022-09-03,2022-08-30,2022-09-08,5.579492898346297,9.27134968518749,3082.8394490582873,3059.654253306798,3106.2635342283174,46.6092809215188,1.25,0.264807582907145,9
2022-09-03,2022-08-30,2022-09-08,2.2949141326116025,6.642437368033381,3109.074748305652,3108.84500515135,3109.3310200697742,0.4860149184241891,1.25,0.2719030355562335,9
2022-09-03,2022-08-30,2022-09-08,3.436509688699339,6.769394460652089,3199.5964295831136,3199.364229871891,3199.8414805321954,0.4772506603039801,2.75,0.1827846890843742,9
2022-09-03,2022-08-30,2022-09-08,4.7243412231807325,7.43077401622523,1317.098162597584,1313.410984150134,1328.8387382035144,15.42775405338034,4.0,0.0770603956325211,9
2022-09-03,2022-08-30,2022-09-08,3.471952517281379,5.450423790257451,5157.605032422353,5147.916744271759,5177.95708309859,30.04033882683143,1.25,0.2609865690115232,9
2022-09-03,2022-08-30,2022-09-08,2.0958476398625874,5.918687310655901,4870.915185586792,4870.803363722749,4871.351267108228,0.5479033854790032,1.0,0.1476421258673665,9
2022-09-03,2022-08-30,2022-09-08,2.3723003291883504,7.543200833791725,1830.968764060177,1830.968764060177,1831.2076534787193,0.2388894185423851,1.25,0.1555872717648521,9
2022-09-03,2022-08-30,2022-09-08,3.6427668126688335,6.983348766284728,679.3505598545142,679.1228625285439,679.9397785868496,0.816916058305651,0.75,0.2649632142910807,9
2022-09-03,2022-08-30,2022-09-08,2.396839647484571,8.447156694334641,750.9244476412562,750.7754081049934,751.3208528622054,0.5454447572119534,1.25,0.1514260616180873,9
2022-09-03,2022-08-30,2022-09-08,2.739554587890301,7.924276964067675,752.9364530816674,752.9364530816674,753.1753425002098,0.2388894185423851,1.0,0.2526442142314877,9
2022-09-03,2022-08-30,2022-09-08,2.001989241486732,6.604892617615039,599.7349894991586,582.3875105711631,618.6578639084473,36.27035333728418,0.5,0.2146541662452139,9
2022-09-03,2022-08-30,2022-09-08,2.613647800402828,6.6376752187014745,590.6500402005855,589.1456645280123,593.3512270250358,4.205562497023493,1.0,0.4379071871561191,9
2022-09-03,2022-08-30,2022-09-08,2.119066795509588,5.596538749116806,895.7953313160767,895.2938684150577,896.2777341739275,0.983865758869797,1.25,0.1242510990737222,9
2022-09-03,2022-08-30,2022-09-08,3.0191465827874837,5.995151676338358,914.8663408315724,912.4736359808594,919.284821223002,6.811185242142528,1.25,0.1448255965078604,9
2022-09-10,2022-09-08,2022-09-13,2.6770687604610064,6.480362714415481,62.60701592548865,5.507880262564868,182.7916363608092,177.28375609824434,1.5,0.1410082277754853,9
2022-09-10,2022-09-08,2022-09-13,2.5017818579348923,6.117118504162118,111.51527725270928,57.19232756784186,229.45147781446576,172.2591502466239,1.25,0.3261541710254079,9
2022-09-17,2022-09-13,2022-09-21,2.019558901274623,6.288977606470586,3559.7656073283583,3558.8450961075723,3561.43555780733,2.590461699757725,1.75,0.0401076956072599,9
2022-09-17,2022-09-13,2022-09-21,4.768732431324888,13.69694935898876,1642.6078626582175,1641.5322449388914,1643.369932550937,1.8376876120455563,0.75,0.1630936596143417,9
2022-09-17,2022-09-13,2022-09-21,2.9764182241634467,9.864108146080095,896.2322080733647,896.0191456051543,896.767041423358,0.7478958182036877,1.0,0.1420661794521938,9
2022-09-17,2022-09-13,2022-09-21,3.9934714096777144,8.437431767824261,896.1873342316198,896.0388447553851,896.767041423358,0.7281966679729521,1.25,0.1596735140034355,9
2022-09-24,2022-09-21,2022-09-28,4.88660070932312,8.264900093459007,1766.6589758672935,1766.4965694914572,1767.0321334050968,0.5355639136396348,1.25,0.2728323528393028,9
2022-09-24,2022-09-21,2022-09-28,3.300648558308268,6.370016060890067,1771.2716660544045,1771.1245990889147,1772.251981455367,1.127382366452366,1.25,0.1348016965964538,9
2022-09-24,2022-09-21,2022-09-28,2.825276711282376,17.31721942448339,1602.1620808877897,1600.2287379615009,1603.7313091070391,3.5025711455382407,5.5,0.0748646048244316,9
2022-09-24,2022-09-21,2022-09-28,2.7958644071820196,7.1350458737349225,1831.09503930956,1830.968764060177,1831.4434626838192,0.4746986236423254,0.75,0.2443400482320301,9
2022-09-24,2022-09-21,2022-09-28,2.31104788782699,9.4743744464943,1832.7441562816016,1832.4831458851695,1833.1936132158153,0.7104673306457698,0.75,0.1488980412339979,9
2022-09-24,2022-09-21,2022-09-28,2.416118441617424,9.039265288401944,1831.0260190686593,1830.242028045468,1833.429402159527,3.187374114058912,1.25,0.1144512699101019,9
2022-09-24,2022-09-21,2022-09-28,4.168484783819597,11.953381650090911,1829.3246304713605,1829.106648400426,1829.8170737405308,0.7104253401048481,0.75,0.0789216003235271,9
2022-09-24,2022-09-21,2022-09-28,2.1878682022192417,9.021540575527249,1788.7667140043966,1788.2569334749132,1791.284762160387,3.0278286854736507,1.75,0.2215265519903009,9
2022-09-24,2022-09-21,2022-09-28,3.5118213695654643,8.534333937729816,1798.6170784583112,1798.2863928433508,1799.0952854454515,0.8088926021009684,0.75,0.0968145462301828,9
2022-09-24,2022-09-21,2022-09-28,2.7842701481424834,8.530586322239396,1800.8481384002378,1800.5401370418258,1801.3485706481151,0.8084336062893271,0.75,0.4440502269956292,9
2022-09-24,2022-09-21,2022-09-28,13.116955123913945,8.944563787877234,1836.505362827242,1835.834438231308,1837.170816164464,1.3363779331557453,1.25,0.1841599835473384,9
2022-09-24,2022-09-21,2022-09-28,3.043249330671318,9.375008291366264,1837.8961786814152,1835.123837464489,1850.8591172024608,15.735279737971725,0.5,0.1632365471658325,9
2022-09-24,2022-09-21,2022-09-28,3.806455633924715,9.641357824308011,1835.909671787402,1835.5975713380612,1836.3211759859696,0.7236046479083598,1.0,0.1094049044873379,9
2022-09-24,2022-09-21,2022-09-28,2.257199047602741,11.213073659427442,1836.4678692295824,1835.7675867704677,1837.8813472827896,2.113760512322187,1.25,0.1146910817827684,9
2022-09-24,2022-09-21,2022-09-28,5.244947438553525,8.842414950387079,913.6042982346048,909.0245685670524,919.284821223002,10.260252655949444,6.75,0.1623456749638818,9
2022-09-24,2022-09-21,2022-09-28,4.838187618650738,6.438896867813583,909.1462366674964,908.0174070317298,910.5352253946476,2.517818362917751,4.75,0.1298381803235004,9
2022-09-24,2022-09-21,2022-09-28,2.273777734360164,16.692916914012915,890.3792239424941,888.8068004352972,892.6108908848837,3.80409044958651,4.0,0.0640308165625047,9
2022-09-24,2022-09-21,2022-09-28,38.4932548077912,7.548550675364008,895.5499669019011,891.1488409535959,896.767041423358,5.618200469762087,9.75,0.5757693115544793,9
2022-09-24,2022-09-21,2022-09-28,3.235849922973355,11.254114190857546,902.3618742627782,901.2723918668926,902.9842240833676,1.711832216475159,3.25,0.2699538984213578,9
2022-09-24,2022-09-21,2022-09-28,2.4368569695422795,10.906472752704843,897.7476470852406,897.3602586579509,899.0659607490525,1.705702091101557,1.25,0.309545554248114,9
2022-09-24,2022-09-21,2022-09-28,3.8118832015139983,10.975140983230538,896.2513097707338,896.0191456051543,896.767041423358,0.7478958182036877,0.75,0.2040055480045488,9
2022-09-24,2022-09-21,2022-09-28,3.215598968351744,9.901243280675768,896.2106219517589,895.0841808412224,896.9918715176173,1.90769067639485,1.25,0.1156177862242135,9
2022-09-24,2022-09-21,2022-09-28,2.0252178929881195,11.024993696651926,895.1435627630855,895.0841808412224,895.5676054134965,0.4834245722740888,0.75,0.0850941645614444,9
2022-09-24,2022-09-21,2022-09-28,2.596219503428359,22.305107651484462,959.3914469421884,957.3877484672704,986.7843296988868,29.396581231616437,4.5,0.0663332782317793,9
2022-09-24,2022-09-21,2022-09-28,3.3491548755762355,9.737435249089367,945.3464849259811,937.3901647338644,958.416046624072,21.02588189020753,1.0,0.2489927004268421,9
2022-09-24,2022-09-21,2022-09-28,2.0873082389850173,6.668568169853105,909.2655569245748,908.0398094337434,910.5352253946476,2.495415960904211,2.75,0.0792236789886868,9
2022-09-24,2022-09-21,2022-09-28,2.1486080401736034,5.460543645395413,902.3887991383446,901.6989019806496,903.9356128959917,2.2367109153419733,5.0,0.0600659397494451,9
2022-09-24,2022-09-21,2022-09-28,2.310994316874883,9.832779198882722,898.1170245078894,897.3602586579509,899.0659607490525,1.705702091101557,4.75,0.3209900853403669,9
2022-09-24,2022-09-21,2022-09-28,2.4381508543554595,7.388444692915656,940.1676302739518,932.7417239798232,950.8452626406216,18.103538660798225,3.0,0.1055442423219477,9
2022-09-24,2022-09-21,2022-09-28,2.4105344611813497,11.195373916304376,881.3793628031223,879.5083796563558,884.6415848555043,5.133205199148506,2.0,0.0915415541736841,9
2022-09-24,2022-09-21,2022-09-28,2.5433603820651305,10.98550650142927,880.8752317447259,879.7537368168123,881.7170814378187,1.9633446210063992,2.5,0.1424692690082629,9
2022-09-24,2022-09-21,2022-09-28,3.013426913161678,23.39942330707594,785.272882690146,780.837245403789,788.383978641592,7.546733237802982,4.25,0.0753454246389551,9
2022-09-24,2022-09-21,2022-09-28,2.2151761294316596,10.19171287996068,777.4209392048376,774.0398994898424,780.1748892548494,6.134989765007049,3.75,0.0943611662591392,9
2022-09-24,2022-09-21,2022-09-28,2.2605733606396528,5.962700313386221,1328.5186987943987,1326.723091523629,1329.7400964740664,3.017004950437695,3.0,0.2554403961758389,9
2022-09-24,2022-09-21,2022-09-28,6.709994250669863,5.5160782328982085,1346.3654406734677,1340.6754168760965,1359.7599985180425,19.084581641945988,5.75,0.1689057015443396,9
2022-09-24,2022-09-21,2022-09-28,2.5415742656050435,5.166297800162034,1347.33813224353,1345.6856657322496,1359.7599985180425,14.074332785792649,3.0,0.1512760830849679,9
2022-09-24,2022-09-21,2022-09-28,2.2753213780604304,9.603177403885525,1165.1396506494557,1162.7872711080126,1166.6926847710274,3.9054136630147696,5.25,0.0732314506590536,9
2022-09-24,2022-09-21,2022-09-28,3.5866761744186286,6.951527944659501,3974.350750476251,3973.573601587675,3975.230081315618,1.6564797279424963,0.75,0.2255300233931279,9
2022-09-24,2022-09-21,2022-09-28,2.356480474668927,11.452304404816756,3845.6818637827814,3845.496842887253,3846.2148423278704,0.7179994406178594,1.0,0.3096676956947197,9
2022-09-24,2022-09-21,2022-09-28,2.416533093925658,12.67708597207459,3845.2460638105817,3845.0264950776473,3845.9752871771343,0.9487920994870364,1.25,0.2158362528171786,9
2022-09-24,2022-09-21,2022-09-28,3.567563229264598,13.93496873985638,3852.195825209712,3852.1122419396415,3852.589812082704,0.4775701430626213,1.25,0.0590355546197907,9
2022-09-24,2022-09-21,2022-09-28,3.023084077628609,22.754963257845823,4098.8779811327095,4098.759466880001,4099.234859039541,0.4753921595402062,0.75,0.0183440473175014,9
2022-09-24,2022-09-21,2022-09-28,4.604929002870461,5.8231890583276185,4025.812620689003,4023.184494958259,4027.4414050094783,4.256910051219165,5.5,0.186640901587598,9
2022-09-24,2022-09-21,2022-09-28,2.96106689151614,7.79411262018197,4048.420847825017,4048.212983487174,4049.869000507053,1.656017019879073,1.5,0.0841781179508205,9
2022-09-24,2022-09-21,2022-09-28,3.4387486797746267,10.297322353389053,3566.8693886778847,3566.788920633495,3567.260723602958,0.4718029694631696,1.0,0.1087345575423592,9
2022-09-24,2022-09-21,2022-09-28,3.2750231889929995,19.56610015657905,3554.467796374491,3553.9141899938695,3555.814416505862,1.900226511992514,2.25,0.0818161660782446,9
2022-09-24,2022-09-21,2022-09-28,2.898893113389816,6.271974573161018,3714.558613670824,3714.088053296786,3715.293226203415,1.2051729066297412,2.75,0.0593662285938972,9
2022-09-24,2022-09-21,2022-09-28,3.089179583894434,13.868010645697996,3783.910272976072,3762.3917215331458,3801.288731915876,38.897010382730514,8.25,0.1159362752434434,9
2022-09-24,2022-09-21,2022-09-28,2.311728782392191,5.219907433182104,4443.504288522276,4443.015039281454,4444.199379897211,1.1843406157568095,3.0,0.128770688571107,9
2022-09-24,2022-09-21,2022-09-28,2.5093686872560252,7.104217832664557,4466.4824381324315,4466.399362324737,4466.874691579957,0.4753292552195489,1.0,0.2377923383164493,9
2022-09-24,2022-09-21,2022-09-28,2.0973111361629333,5.229086950195186,4245.410006418373,4244.554442559369,4246.338145195041,1.7837026356719434,3.0,0.1925172037587397,9
2022-09-24,2022-09-21,2022-09-28,2.2869315232462992,13.261994289672067,4144.834224435784,4144.517865945585,4145.466142020188,0.9482760746032,0.75,0.1688613615507828,9
2022-09-24,2022-09-21,2022-09-28,2.5693763355797157,6.744344698366093,3505.433607794283,3505.101003830321,3506.0380548951216,0.9370510648004712,0.75,0.1532727639701603,9
2022-09-24,2022-09-21,2022-09-28,2.512224431087635,10.396894952723237,2542.126941263783,2541.9231423437595,2542.4070356604643,0.4838933167047798,1.25,0.0578511150664723,9
2022-09-24,2022-09-21,2022-09-28,3.8412242568452744,5.7480721852321635,3198.72301777942,3198.6487687788904,3199.1263965321705,0.4776277532801032,4.5,0.2472512236856827,9
2022-09-24,2022-09-21,2022-09-28,2.252056534812134,8.88000054098821,3199.52398995788,3199.125868545845,3200.0793168949895,0.9534483491443098,3.75,0.1057306653680756,9
2022-09-24,2022-09-21,2022-09-28,4.416069836919279,8.959538166464265,3246.814525998792,3246.673597677611,3247.152488438878,0.4788907612673938,1.5,0.1193482548343416,9
2022-09-24,2022-09-21,2022-09-28,2.354934382352121,6.414095532866571,3249.7968358790813,3249.550879796967,3251.499105335679,1.9482255387119949,2.5,0.1482879320355645,9
2022-09-24,2022-09-21,2022-09-28,3.3424730190948955,6.354619021368822,3232.93552483854,3232.3655747012235,3233.798829620704,1.4332549194805324,4.5,0.1714298204646414,9
2022-09-24,2022-09-21,2022-09-28,2.4725099013679293,7.799256747705328,3137.9717600661756,3137.6584683833644,3138.5535391075537,0.8950707241892815,3.0,0.2215441512941018,9
2022-09-24,2022-09-21,2022-09-28,2.366686965353796,9.991817131853136,3184.1778295513404,3184.0094338729978,3184.487240066286,0.4778061932884156,2.25,0.1490117390016765,9
2022-09-24,2022-09-21,2022-09-28,2.3056093313244546,5.268343814318936,3185.709384120703,3185.6797158629633,3186.3806600589305,0.7009441959671676,4.0,0.1660784645177959,9
2022-09-24,2022-09-21,2022-09-28,2.432991260971427,9.389042713984024,3185.6971067927875,3185.6797158629633,3186.141770622693,0.4620547597296536,3.25,0.1540840263763576,9
2022-09-24,2022-09-21,2022-09-28,2.1365761954416524,5.61579105887746,3183.311638817053,3183.294827102218,3183.7726331758313,0.4778060736134648,1.0,0.1529388613211857,9
2022-09-24,2022-09-21,2022-09-28,3.5183604896192247,7.918080799631287,3284.862309783352,3284.473637243267,3285.4457919406705,0.9721546974033116,7.5,0.1819785669279117,9
2022-09-24,2022-09-21,2022-09-28,2.2455868718568146,5.412313515152655,3264.3699348359255,3264.172002095729,3264.6522687212564,0.4802666255272925,3.75,0.150484228325276,9
2022-09-24,2022-09-21,2022-09-28,2.4791292882663196,5.932297057568721,3291.9995781622606,3291.627525941003,3292.8524287538603,1.2249028128571808,2.0,0.0914561206600872,9
2022-09-24,2022-09-21,2022-09-28,5.307313761551193,9.30414171368066,2985.873315264939,2984.537011165172,2986.875304589048,2.3382934238761663,7.0,0.2627752904857017,9
2022-09-24,2022-09-21,2022-09-28,3.378857310875412,9.270995309149148,2968.0177905608884,2967.7951160906814,2968.502609125804,0.7074930351227522,0.75,0.1130467999022444,9
2022-09-24,2022-09-21,2022-09-28,2.947705985504128,8.31150351679812,2969.6944293924175,2969.430320561398,2970.135852638632,0.7055320772342384,1.5,0.111529329833736,9
2022-09-24,2022-09-21,2022-09-28,2.431595071764756,10.740848886368388,2967.985457931599,2967.5617293762043,2968.735930399969,1.1742010237649083,0.75,0.0223565444150669,9
2022-09-24,2022-09-21,2022-09-28,5.324558233118094,7.260298488379747,2972.1547519907735,2971.2484818282537,2973.670112219639,2.4216303913854063,3.25,0.1530243660293773,9
2022-09-24,2022-09-21,2022-09-28,8.638344694166165,10.0050950545185,2987.133556412882,2986.8700888110325,2987.5746534545906,0.7045646435581148,2.5,0.3518161202828906,9
2022-09-24,2022-09-21,2022-09-28,2.484114910431299,7.8706376629156,2989.658890700629,2989.3597869900987,2990.066369628068,0.7065826379694045,0.5,0.1965587785086309,9
2022-09-24,2022-09-21,2022-09-28,3.083278238865826,7.756200889188131,2988.963492132337,2988.253934049513,2990.3002162198536,2.046282170340419,0.75,0.2446678851015393,9
2022-09-24,2022-09-21,2022-09-28,3.0983605223054997,8.258027809105771,2995.28352302672,2990.5093648242764,3006.0938709322363,15.584506107959896,3.25,0.1575790402230126,9
2022-09-24,2022-09-21,2022-09-28,4.383904750326705,8.000915189362257,3083.9828560867327,3059.4041349343024,3106.59977111686,47.19563618255779,5.0,0.2928741153604886,9
2022-09-24,2022-09-21,2022-09-28,4.599001141116395,6.399371610344911,3076.524081881741,3054.451981574297,3101.059849301353,46.607867727056146,2.5,0.1582172855252572,9
2022-09-24,2022-09-21,2022-09-28,5.074231147550028,7.802232673367427,3086.9882801381095,3069.6068210043013,3116.052596658468,46.44577565416694,5.5,0.2432842039153238,9
2022-09-24,2022-09-21,2022-09-28,4.714362155222315,5.851071769227645,3055.1521353958083,3054.9515691800043,3055.674002078362,0.7224328983575106,4.25,0.2180574102593468,9
2022-09-24,2022-09-21,2022-09-28,3.3039830365346368,7.121323811714261,3056.8555055736138,3056.6054644184187,3057.344044388272,0.7385799698531628,4.0,0.1774755372932457,9
2022-09-24,2022-09-21,2022-09-28,2.9794564795108225,7.629164311997346,3057.2681912308767,3057.0122790713795,3057.7512720883824,0.7389930170029402,4.25,0.1684303494746863,9
2022-09-24,2022-09-21,2022-09-28,2.7040684606011487,7.602408374390494,3107.939544740864,3083.789119529538,3127.521545047872,43.73242551833391,4.5,0.2083231726757906,9
2022-09-24,2022-09-21,2022-09-28,5.574409032907943,5.805275976795699,3087.1202135785757,3086.75808217749,3088.4694663072005,1.7113841297104957,5.75,0.311077092368528,9
2022-09-24,2022-09-21,2022-09-28,3.633021498006461,5.002087898752649,3092.303455958502,3091.7469348888844,3093.0325032230467,1.2855683341622353,5.0,0.2638348084434927,9
2022-09-24,2022-09-21,2022-09-28,2.440017118215468,5.531974983607062,3074.9146064097604,3074.5618341406807,3075.5245428788476,0.9627087381668388,4.0,0.1605328042831932,9
2022-09-24,2022-09-21,2022-09-28,7.5254399961347875,6.951527472803752,3018.5993228318066,3018.3657121779397,3019.570389113389,1.2046769354492426,2.75,0.1544795550664734,9
2022-09-24,2022-09-21,2022-09-28,2.10072546317745,14.209293121564665,3000.2419507092613,2999.8135322136804,3000.9975715810433,1.1840393673628569,3.5,0.0666823382099579,9
2022-09-24,2022-09-21,2022-09-28,13.00999859788647,6.912430508947351,950.4786426469168,943.5997828682883,978.0181957329625,34.41841286467388,8.0,0.1411670913940188,9
2022-09-24,2022-09-21,2022-09-28,5.421050327611026,8.278577313797815,3111.9877016354367,3111.800591475796,3112.5341515010223,0.7335600252263248,5.75,0.2646862673178374,9
2022-09-24,2022-09-21,2022-09-28,3.967188377793197,7.798019351803713,3245.827698775849,3245.2294886275195,3246.6724857939407,1.4429971664212644,5.75,0.2088983822839196,9
2022-09-24,2022-09-21,2022-09-28,2.593179396687988,9.594586617931562,3236.041321110768,3235.738684007898,3236.695105329156,0.9564213212579488,1.0,0.0970357478358041,9
2022-09-24,2022-09-21,2022-09-28,2.82923068949338,6.4513469258688385,3181.7897996325546,3181.373296197038,3182.089959337376,0.7166631403379142,3.0,0.1164359260282554,9
2022-09-24,2022-09-21,2022-09-28,2.8231067592490464,13.639061459446609,2545.2298278272324,2543.8750289659947,2546.7944982554764,2.91946928948164,2.5,0.0578959747805701,9
2022-09-24,2022-09-21,2022-09-28,6.028452772924015,13.911271340135457,2989.871538146871,2989.3597869900987,2991.030142023228,1.6703550331294537,1.0,0.2452404035539901,9
2022-09-24,2022-09-21,2022-09-28,2.117869362299144,12.52405643856847,2987.7810039991077,2987.5694379550405,2988.275675214827,0.706237259786576,0.75,0.0884822227685355,9
2022-09-24,2022-09-21,2022-09-28,2.0940689289744756,5.3690700349042,4036.308497351803,4033.9596172883175,4038.488252829294,4.52863554097712,3.5,0.0950689757998302,9
2022-09-24,2022-09-21,2022-09-28,2.3821481871336325,11.448561806184484,3947.19849773058,3946.9891004967503,3947.700762491208,0.7116619944572449,0.75,0.1286389358542217,9
2022-09-24,2022-09-21,2022-09-28,4.505410239166952,9.991852319336116,3827.468402345463,3827.245292983483,3827.9640729539096,0.7187799704261124,0.75,0.1779965962926732,9
2022-09-24,2022-09-21,2022-09-28,2.2558895752550012,8.482715204062293,3638.387968438909,3637.630617968272,3639.293206639122,1.6625886708498,1.0,0.0719911411475726,9
2022-09-24,2022-09-21,2022-09-28,2.587620380196152,7.224651059381431,1260.9725198531562,1260.4066881281324,1261.764464680571,1.357776552438736,3.5,0.197179965585994,9
2022-09-24,2022-09-21,2022-09-28,4.308762083724196,5.337818626098207,1346.856789098499,1342.44053356722,1359.448495067656,17.007961500436068,3.5,0.1022975694604,9
2022-09-24,2022-09-21,2022-09-28,2.0672161458267366,7.630722291919907,1250.381441181096,1248.0998698486949,1253.0164007497951,4.9165309011004865,4.0,0.0612713639095408,9
2022-09-24,2022-09-21,2022-09-28,3.3132962002388666,9.538588453238267,1139.6879808363333,1137.137243877165,1144.3900252659805,7.252781388815492,4.5,0.0873999723766683,9
2022-09-24,2022-09-21,2022-09-28,3.0602033127052706,9.314479562065165,2073.354055018929,2073.0744562689215,2074.0232237982564,0.948767529334873,1.25,0.1215999120408639,9
2022-09-24,2022-09-21,2022-09-28,3.791617017691956,9.53151122112419,1836.374358029057,1836.0822865674272,1837.0316508379765,0.9493642705492676,1.0,0.2139315268704544,9
2022-09-24,2022-09-21,2022-09-28,3.7842654347257314,9.893806487640104,1834.5855289119409,1831.3714672545905,1850.591496767476,19.22002951288596,2.0,0.2042505997993826,9
2022-09-24,2022-09-21,2022-09-28,4.156733813321496,12.253060661367224,1829.107071588489,1828.87088014232,1829.5813057892956,0.7104256469756365,0.75,0.169025365419051,9
2022-09-24,2022-09-21,2022-09-28,2.998145097335167,9.792716518116988,1830.3773576015049,1829.4951081108304,1831.1897234474309,1.694615336600691,1.5,0.2396769446707214,9
2022-09-24,2022-09-21,2022-09-28,3.784603821587097,8.848509475387159,1836.5308752079857,1836.3191116219384,1837.0316508379765,0.7125392160378397,0.5,0.0341188988570895,9
2022-09-24,2022-09-21,2022-09-28,2.2927312805496713,9.286306838419774,1455.5160779093665,1452.6038278136402,1457.8177388962358,5.213911082595587,3.75,0.0505079337057906,9
2022-09-24,2022-09-21,2022-09-28,3.917249082348104,8.498559733848861,1790.5238487405536,1788.7758418805895,1791.5745990844443,2.7987572038546205,1.75,0.4176888050844907,9
2022-10-01,2022-09-28,2022-10-05,3.0665804657332596,5.34819390627897,3001.0722627644195,3000.99457183294,3001.4693508129567,0.4747789800167084,1.5,0.2152360111895657,10
2022-10-01,2022-09-28,2022-10-05,10.7991144154707,7.420889415656216,2970.683102861712,2969.8969632200897,2971.7859567487612,1.888993528671563,2.0,0.5459740319535022,10
2022-10-01,2022-09-28,2022-10-05,2.2892862562448717,8.623470572352451,2676.325511995941,2675.753897381015,2676.9787502633408,1.2248528823256493,1.0,0.1450953813048805,10
2022-10-01,2022-09-28,2022-10-05,2.462900932841189,6.783234778189091,3005.606741277275,3005.347077093087,3006.260947803501,0.913870710413903,0.75,0.1999364067076037,10
2022-10-01,2022-09-28,2022-10-05,2.808841477620788,8.36090279399026,2633.1323405334883,2632.512413872406,2633.706044162158,1.1936302897520363,1.0,0.1818669195645594,10
2022-10-01,2022-09-28,2022-10-05,4.5738048769191835,9.190833076209838,2233.494160212775,2232.2715647751465,2235.2132445932366,2.9416798180900514,0.75,0.2388379163726051,10
2022-10-01,2022-09-28,2022-10-05,2.2675538886165247,9.55549154741355,2236.70858891312,2236.4900088454597,2237.4823886994272,0.9923798539675772,1.0,0.2052586440652315,10
2022-10-01,2022-09-28,2022-10-05,2.529692025371455,11.86703028551705,2349.742279976857,2349.1513738008216,2350.593408824876,1.4420350240543485,0.75,0.1732409682361391,10
2022-10-01,2022-09-28,2022-10-05,3.095727363689616,5.4000480753277875,2581.1567756540876,2580.570980911609,2581.997961286921,1.4269803753122687,0.5,0.4641540996811999,10
2022-10-01,2022-09-28,2022-10-05,9.487747077418026,5.075496296366236,2583.3012812979828,2581.9942352394573,2584.6273647882044,2.6331295487470925,1.0,0.6820304905641539,10
2022-10-01,2022-09-28,2022-10-05,2.0912421504848635,6.673452431983373,3285.0091779676304,3284.7180591281503,3285.4457919406705,0.7277328125201166,1.0,0.2549724198661929,10
2022-10-01,2022-09-28,2022-10-05,2.6368339295877146,6.313496086433225,4579.356863468143,4578.872527369764,4580.076941785868,1.2044144161045551,0.75,0.2286681102588939,10
2022-10-01,2022-09-28,2022-10-05,2.003729789790232,5.118175972221187,4740.698131068066,4704.883898983244,4755.7950622122735,50.911163229029626,0.5,0.1641184773266935,10
2022-10-01,2022-09-28,2022-10-05,3.077293461707793,8.850011333938586,2239.841895395186,2223.383300934453,2254.266103277914,30.882802343461663,0.5,0.1956023930406702,10
2022-10-01,2022-09-28,2022-10-05,2.5410822728475555,6.9088865208589025,3974.975316297464,3974.5183975780383,3975.687974136789,1.1695765587501228,0.75,0.2815817698337897,10
2022-10-01,2022-09-28,2022-10-05,5.523078564933967,5.788965632831148,3287.3445514980567,3287.2836826387793,3287.7254735571332,0.441790918353945,4.75,0.3272471219648531,10
2022-10-01,2022-09-28,2022-10-05,2.417717388218083,8.915881556085054,3287.400285009823,3287.2836826387793,3287.7254735571332,0.441790918353945,1.5,0.2047062452052328,10
2022-10-01,2022-09-28,2022-10-05,2.7759481963581405,7.3306352352547455,3289.6496101555313,3289.4400125057437,3289.923185617663,0.4831731119193136,2.0,0.2809362626828893,10
2022-10-01,2022-09-28,2022-10-05,2.239502298644185,9.075064749153034,3649.042157048883,3648.799719324335,3649.735115049407,0.9353957250714302,1.0,0.2329444990209062,10
2022-10-01,2022-09-28,2022-10-05,4.422245068666246,24.879439206836008,3797.049900928363,3782.1721350643784,3817.543953139335,35.371818074956536,1.0,0.1172829138820552,10
2022-10-01,2022-09-28,2022-10-05,4.284841250132583,8.569633583855943,754.1744957876726,754.0855145235546,754.6312557351775,0.5457412116229534,1.5,0.4568340992805408,10
2022-10-01,2022-09-28,2022-10-05,2.492476637303829,9.177547598623676,894.9236392543529,894.804472012911,895.288059504237,0.483587491326034,1.0,0.1088186383586575,10
2022-10-01,2022-09-28,2022-10-05,2.8770091704254037,8.382848082964196,752.4384098833448,752.3233280670829,752.868780088611,0.5454520215280354,1.0,0.4018313197587408,10
2022-10-01,2022-09-28,2022-10-05,3.5797238951154986,7.7912814235971215,909.2635512862984,909.0245685670524,909.9939648346044,0.9693962675519288,1.5,0.2848690236142959,10
2022-10-01,2022-09-28,2022-10-05,3.77437816002639,5.705391878795072,912.558735572568,912.4736359808594,912.9579241205938,0.4842881397344172,1.25,0.2869664163731,10
2022-10-01,2022-09-28,2022-10-05,3.474456078387704,8.710605866839382,751.2349551541791,751.081963443663,751.6274081682786,0.5454447246156633,2.0,0.1631591871192705,10
2022-10-01,2022-09-28,2022-10-05,2.6492970891648437,11.791392345282288,971.9285680134832,966.9740659240632,997.6556723052636,30.681606381200258,1.5,0.0584093234053956,10
2022-10-01,2022-09-28,2022-10-05,4.00688325885823,10.9938930734508,1837.4090405886843,1837.1687704757787,1837.8813472827896,0.7125768070109189,0.75,0.046902945568758,10
2022-10-01,2022-09-28,2022-10-05,2.096804690595623,9.448402498945434,2974.283510165931,2974.0451245713048,2974.7506097536534,0.7054851823486388,0.75,0.1151256179913007,10
2022-10-01,2022-09-28,2022-10-05,3.130457704580855,7.754125247892613,751.4958688497755,751.3885187497362,751.9339632871561,0.5454445374198258,1.0,0.2649783645008252,10
2022-10-01,2022-09-28,2022-10-05,4.631810213859008,5.283087630415911,751.1865727132971,750.7754081049934,751.6274081682786,0.8520000632852316,1.75,0.2935687467817072,10
2022-10-01,2022-09-28,2022-10-05,2.760564315027557,11.3850781424087,1837.3731617150595,1837.1687704757787,1837.8813472827896,0.7125768070109189,1.0,0.0610160814514537,10
2022-10-01,2022-09-28,2022-10-05,4.23618903115224,11.120151652202455,1836.0916314913256,1835.7675867704677,1837.8813472827896,2.113760512322187,1.0,0.1010747524608279,10
2022-10-01,2022-09-28,2022-10-05,3.6426722124590913,19.641535067554635,1883.2010949980347,1882.8492393274792,1883.6565207596868,0.8072814322076738,1.5,0.2206256555894215,10
2022-10-01,2022-09-28,2022-10-05,2.905202899601776,6.136396691139814,2088.971848733224,2079.4639605656266,2104.0635141157545,24.599553550127897,0.5,0.3635835331008641,10
2022-10-01,2022-09-28,2022-10-05,5.79494965382386,6.239264646017015,1758.550234016806,1758.1732065211982,1759.2350110728294,1.0618045516312122,0.75,0.0852493830167311,10
2022-10-01,2022-09-28,2022-10-05,4.116548432557844,8.663181525386598,2185.380468375695,2185.08160603093,2186.074713130016,0.9931070990860462,1.0,0.1303982966775607,10
2022-10-01,2022-09-28,2022-10-05,2.0091824407684613,13.40557962430946,2159.9515335699384,2159.4595690560527,2160.950994469691,1.4914254136383531,0.75,0.2403509296594874,10
2022-10-01,2022-09-28,2022-10-05,2.23061202893313,9.868888371258672,1548.0963912414247,1547.5390005339868,1548.5781463747844,1.039145840797573,0.5,0.4553164868228432,10
2022-10-15,2022-10-11,2022-10-19,2.3010032447231845,9.174450289723088,1408.9642496516435,1407.5402261633426,1410.7480095308274,3.207783367484808,2.75,0.1491830189575194,10
2022-10-15,2022-10-11,2022-10-19,2.626932381245615,5.91121246616546,5122.826089599322,5121.474365775939,5123.543451467995,2.0690856920555234,1.0,0.2137694594951611,10
2022-10-15,2022-10-11,2022-10-19,3.812020503207305,5.346927552050408,5116.389386500355,5115.857220295817,5117.333773198072,1.4765529022552073,0.75,0.3060167514468315,10
2022-10-15,2022-10-11,2022-10-19,2.468146108359415,5.683857342581265,749.6530320721444,748.9187332605943,751.6274081682786,2.708674907684326,3.0,0.1000626572225427,10
2022-10-15,2022-10-11,2022-10-19,7.21428587153743,5.645542439325745,755.24294474716,750.7754081049934,761.3246561936103,10.549248088616878,7.75,0.2883433767895793,10
2022-10-15,2022-10-11,2022-10-19,2.3777816468968056,5.940716094844192,4095.2818253212768,4094.503091399558,4097.367327717133,2.864236317574978,2.0,0.0497428730318005,10
2022-10-22,2022-10-19,2022-10-25,2.338754879813082,6.818732211010801,4464.933170333234,4464.4912726171315,4465.928217671346,1.4369450542144475,1.0,0.0947496395649238,10
2022-10-22,2022-10-19,2022-10-25,2.790141811160836,5.236961121438915,4592.659883937782,4592.4168596742675,4593.130603122525,0.7137434482574463,1.0,0.2489360010516517,10
2022-10-22,2022-10-19,2022-10-25,3.3277307947425174,10.506835155479124,896.3099216303697,896.0388447553851,896.767041423358,0.7281966679729521,0.75,0.2694069530673104,10
2022-10-22,2022-10-19,2022-10-25,2.020028020370286,9.477488384606628,2974.0716229759073,2973.814658238087,2974.5173117672093,0.7026535291224718,0.75,0.1475550264002545,10
2022-10-22,2022-10-19,2022-10-25,2.666023827639408,5.500587473650491,4710.320073339782,4709.405693869572,4710.9208825840615,1.5151887144893408,1.0,0.1417960956378761,10
2022-10-22,2022-10-19,2022-10-25,2.9990750938415527,7.356960825585618,1080.954969153425,1079.8014598367736,1082.2081307298504,2.4066708930768073,0.5,0.2866503978063051,10
2022-10-22,2022-10-19,2022-10-25,3.643509161536954,10.943248866614018,1837.4424251492128,1837.1687704757787,1837.8813472827896,0.7125768070109189,0.75,0.2228732974208047,10
2022-10-22,2022-10-19,2022-10-25,4.239100495940726,9.757698105089409,1836.168070097768,1835.834438231308,1836.558001040481,0.7235628091730177,0.75,0.0696718134788221,10
2022-10-22,2022-10-19,2022-10-25,3.323402118478529,25.044467509255576,3789.309953742518,3781.9305720482953,3817.543953139335,35.61338109103963,0.75,0.2189391125975048,10
2022-10-22,2022-10-19,2022-10-25,4.522239401479718,9.803720563832648,939.8565952361982,937.3901647338644,958.416046624072,21.02588189020753,0.75,0.214553255026737,10
2022-10-22,2022-10-19,2022-10-25,7.073398030001392,11.05659147235056,896.2526285793326,896.0191456051543,896.767041423358,0.7478958182036877,1.0,0.2768820722508236,10
2022-10-22,2022-10-19,2022-10-25,2.7364699282733724,6.41399018897046,2079.6170945311333,2079.225946381688,2080.178878487088,0.9529321053996682,0.5,0.4292696311087685,10
2022-10-22,2022-10-19,2022-10-25,32.84164949539424,7.622408797824833,895.8524066099579,894.804472012911,896.767041423358,1.9625694104470313,6.5,0.7104113329140205,10
2022-10-22,2022-10-19,2022-10-25,3.0510831119288695,8.547927498919018,2987.113603101244,2986.8700888110325,2987.5746534545906,0.7045646435581148,1.25,0.0766299744715603,10
2022-10-22,2022-10-19,2022-10-25,10.460267691974714,7.410094349770376,2970.2220420018625,2969.430320561398,2971.3193792290986,1.8890586677007375,2.0,0.4329335897285613,10
2022-10-22,2022-10-19,2022-10-25,2.630839596852939,8.662356470895098,2676.832078236104,2676.476227368228,2677.701215477194,1.2249881089664996,0.75,0.1821159440177755,10
2022-10-22,2022-10-19,2022-10-25,2.925791584138852,8.234139431625586,2633.0287795301515,2632.512413872406,2633.465533891227,0.9531200188212096,1.0,0.0825879510817007,10
2022-10-22,2022-10-19,2022-10-25,8.686933010227046,5.054238381138398,2583.111142651402,2581.7590718683787,2584.389419823885,2.630347955506295,1.25,0.6469043875374325,10
2022-10-22,2022-10-19,2022-10-25,2.0349418867698867,5.620942982745764,2581.559782114099,2581.2827731743455,2582.2331246579997,0.9503514836542308,0.5,0.2562645732815083,10
2022-10-22,2022-10-19,2022-10-25,2.325589086733665,5.360537144186662,2581.1230191589734,2580.8091307687573,2581.759812021628,0.9506812528707088,0.5,0.3207150748600984,10
2022-10-28,2022-10-25,2022-11-01,2.475827836502064,5.991731762368585,4870.968352236579,4870.803363722749,4871.351267108228,0.5479033854790032,1.25,0.1962208889623551,10
2022-10-28,2022-10-25,2022-11-01,2.1386712556422687,7.39513031611358,3100.9911643737255,3100.9275950100273,3101.4149938779883,0.4873988679610193,1.0,0.2451821094198791,10
2022-10-28,2022-10-25,2022-11-01,3.2610376468738536,8.337579963115784,750.9319751501156,750.7754081049934,751.3208528622054,0.5454447572119534,1.5,0.1971351841859503,10
2022-10-28,2022-10-25,2022-11-01,3.05097800058471,5.409539701949829,908.7946762357532,908.5339028681628,909.2634579855948,0.729555117432028,1.5,0.209651977068439,10
2022-10-28,2022-10-25,2022-11-01,8.374368303335553,7.380555623107327,895.6138077892738,895.0491700856946,896.2777341739275,1.2285640882328153,2.25,0.2751773603983487,10
2022-10-28,2022-10-25,2022-11-01,4.465773109618854,8.999250122733937,894.9065090267906,894.5689999763854,895.5327578336,0.9637578572146596,1.25,0.2244777815229115,10
2022-11-10,2022-11-07,2022-11-14,2.816235702348221,5.150106408652061,4036.245027612212,4033.9596172883175,4038.59051595116,4.63089866284281,3.25,0.210348231726416,11
2022-11-10,2022-11-07,2022-11-14,4.355099822572992,5.407869271790686,4466.1629514852275,4465.925768053625,4466.638251743279,0.7124836896546185,3.0,0.1712367407239123,11
2022-11-10,2022-11-07,2022-11-14,2.0673928642741033,7.185342939920329,3289.657929785967,3289.2046708557755,3289.923185617663,0.7185147618874907,2.0,0.1378903886524418,11
2022-11-10,2022-11-07,2022-11-14,2.052428114428353,6.130286442809646,3284.9300025172365,3284.473637243267,3285.4457919406705,0.9721546974033116,3.25,0.2103442590680337,11
2022-11-10,2022-11-07,2022-11-14,3.082867587955352,6.582576501268094,3505.791790745173,3505.333724584896,3506.9716613660567,1.6379367811605334,1.0,0.2693634958867275,11
2022-11-10,2022-11-07,2022-11-14,3.467590993722342,6.654419570781922,3504.6555749328827,3503.9374605333433,3505.5726140034385,1.635153470095247,1.0,0.2405453193807583,11
2022-11-10,2022-11-07,2022-11-14,3.7012513020598976,6.501958404437401,3219.564887266094,3218.708902274724,3220.095952190459,1.3870499157346785,5.75,0.257925229918805,11
2022-11-10,2022-11-07,2022-11-14,2.4249471973032035,5.862239693217932,3276.043653370489,3275.647119932808,3276.6146481344476,0.9675282016396524,4.75,0.235409255888177,11
2022-11-10,2022-11-07,2022-11-14,3.472169189983998,5.093209427870177,3273.965172012991,3273.241988388356,3274.3248346298933,1.0828462415374815,4.5,0.2664190583184478,11
2022-11-10,2022-11-07,2022-11-14,2.300555207618708,5.409699487594233,3264.5065418203017,3264.172002095729,3265.1350232339464,0.9630211382173002,4.5,0.1675891853387301,11
2022-11-10,2022-11-07,2022-11-14,2.313561004510056,6.285573617638837,3246.5848327976423,3245.9536639167927,3247.392489604652,1.4388256878592074,3.5,0.1553690888100445,11
2022-11-10,2022-11-07,2022-11-14,4.526112396177836,6.448201116566539,3245.0917982135097,3244.98925306648,3245.468378046062,0.4791249795816839,1.0,0.134720050635293,11
2022-11-10,2022-11-07,2022-11-14,2.521344631864037,5.410077379738438,3245.0647651060444,3244.98925306648,3245.468378046062,0.4791249795816839,0.75,0.2054949246860027,11
2022-11-10,2022-11-07,2022-11-14,2.1003820596382954,9.050356548687189,3649.201028786109,3649.031887977384,3649.735115049407,0.7032270720228553,1.0,0.1932667689292011,11
2022-11-10,2022-11-07,2022-11-14,4.009807862564735,5.475375367771797,752.7859005355185,751.081963443663,756.9871420171112,5.905178573448211,7.75,0.2490190424268679,11
2022-11-10,2022-11-07,2022-11-14,6.09887492489377,13.203943367083996,4676.744435968529,4660.887128171977,4714.90134286508,54.014214693102986,1.5,0.1318747444206236,11
2022-11-10,2022-11-07,2022-11-14,2.3234038457775488,5.426143414897714,4593.1423772942535,4592.4168596742675,4594.761921159923,2.345061485655606,2.75,0.1378883667259534,11
2022-11-10,2022-11-07,2022-11-14,2.7139538839074966,7.741821545823887,951.385653510045,943.855592682492,970.5290992949158,26.673506612423807,4.0,0.0676274535735832,11
2022-11-10,2022-11-07,2022-11-14,4.468453210005481,6.422088311930136,4848.621334223113,4833.119484221563,4862.31488140719,29.19539718562737,2.25,0.0545411324116196,11
2022-11-10,2022-11-07,2022-11-14,21.347782658998185,7.54066477233046,4843.3853267517,4831.892092647031,4862.31488140719,30.422788760159165,4.75,0.1202839796309307,11
2022-11-10,2022-11-07,2022-11-14,6.978879639884457,11.193420607862368,1836.8874747002776,1835.7675867704677,1837.8813472827896,2.113760512322187,1.25,0.1151511127756499,11
2022-11-10,2022-11-07,2022-11-14,5.09640354948733,9.504953832509871,1832.1012429677603,1831.8446218683384,1832.5517162117176,0.7070943433791399,1.0,0.1674413284045317,11
2022-11-10,2022-11-07,2022-11-14,3.649114104519506,9.590862691814625,1832.9429563499505,1832.3128267931752,1833.9668803242969,1.6540535311214626,1.0,0.3505612728351792,11
2022-11-10,2022-11-07,2022-11-14,2.98659849673463,9.376886671245927,2974.391938190247,2974.0451245713048,2974.9839076492935,0.9387830779887736,1.0,0.0861153086327115,11
2022-11-10,2022-11-07,2022-11-14,2.041681614212869,6.003914310973418,3287.147596940677,3286.794790538028,3287.5225720573217,0.7277815192937851,4.25,0.1886760560317468,11
2022-11-10,2022-11-07,2022-11-14,7.1358678518396434,5.7726620717375505,3285.039104563633,3284.473637243267,3285.4457919406705,0.9721546974033116,4.75,0.2456941694225412,11
2022-11-10,2022-11-07,2022-11-14,4.982205449070875,6.509492244265625,4099.328165781242,4097.364940830972,4102.072681738995,4.70774090802297,2.75,0.0882202693769285,11
2022-11-10,2022-11-07,2022-11-14,4.1337528901471385,7.227227880292835,4095.344279877541,4093.7936083613895,4096.486613365356,2.693005003966391,2.5,0.0606088127726778,11
2022-11-10,2022-11-07,2022-11-14,2.1782152780394908,7.401083528702735,3322.6408606389455,3322.373916112352,3323.1082208720036,0.7343047596514225,0.75,0.1497550390478075,11
2022-11-10,2022-11-07,2022-11-14,3.9150435955137666,5.723368344328505,4025.1866653299935,4022.9484893549234,4026.968624781351,4.020135426428169,3.5,0.1198198335904776,11
2022-11-10,2022-11-07,2022-11-14,2.8113557887509466,11.235928838061795,2968.0267397003877,2967.7951160906814,2968.502609125804,0.7074930351227522,1.5,0.0474891120250059,11
2022-11-10,2022-11-07,2022-11-14,8.113017665548847,7.247130390539916,2970.7066229076636,2969.8969632200897,2971.7859567487612,1.888993528671563,2.5,0.4403508989012072,11
2022-11-10,2022-11-07,2022-11-14,3.0566946243704294,8.688343403654622,2987.38856335926,2987.335764036048,2987.808327373583,0.472563337534666,1.5,0.1661379120043404,11
2022-11-10,2022-11-07,2022-11-14,5.561271906558751,7.975733757852135,2989.2899509429976,2988.253934049513,2990.3002162198536,2.046282170340419,1.25,0.1231249429753256,11
2022-11-10,2022-11-07,2022-11-14,3.7712169363508186,10.167057555577154,3062.325303447315,3061.8700304534286,3062.609669294674,0.7396388412453234,2.25,0.2098725236837895,11
2022-11-10,2022-11-07,2022-11-14,3.715362918069679,11.238881314258554,1837.400504083128,1837.1687704757787,1837.8813472827896,0.7125768070109189,0.75,0.1851018453179875,11
2022-11-10,2022-11-07,2022-11-14,2.524771022794191,7.881498091715456,1463.9935701099544,1462.5579491672106,1466.5829700278118,4.0250208606012166,3.25,0.0636800763918921,11
2022-11-10,2022-11-07,2022-11-14,6.462170606763411,6.867634822082126,1312.0371084999704,1310.53773830086,1314.1512970486656,3.613558747805655,4.25,0.0832010575725694,11
2022-11-10,2022-11-07,2022-11-14,3.706038705729842,11.01072928049141,1214.393884230357,1212.1761259743944,1217.355530037545,5.179404063150287,2.0,0.0669193094182973,11
2022-11-10,2022-11-07,2022-11-14,6.839515494782236,10.807654649113031,1209.62161247982,1206.5467225126922,1212.2105596456677,5.663837132975459,3.0,0.0927584050662233,11
2022-11-10,2022-11-07,2022-11-14,5.008553757489008,5.423204693863169,2582.159547334837,2581.5209226030856,2583.182773397304,1.6618507942184806,0.75,0.3534884243558744,11
2022-11-18,2022-11-14,2022-11-22,2.7625482916485513,8.379047375375407,750.853246942929,750.7754081049934,751.3208528622054,0.5454447572119534,1.75,0.1590472293930944,11
2022-11-18,2022-11-14,2022-11-22,3.4455134308842013,5.295681789857518,750.7945174701358,750.4740960411727,751.3208528622054,0.8467568210326135,1.0,0.2902904919979665,11
2022-11-25,2022-11-22,2022-11-28,2.780856179462094,7.455896862041099,909.342266081863,909.0245685670524,909.748660356272,0.7240917892195284,0.75,0.1107237131588956,11
2022-12-02,2022-11-28,2022-12-07,2.005489150635442,7.69529926838752,3062.0482284379696,3061.8700304534286,3062.609669294674,0.7396388412453234,1.0,0.1268302086989425,12
2022-12-09,2022-12-07,2022-12-12,3.3433977600340734,14.034654761724008,2990.519637726222,2990.3238954385743,2991.030142023228,0.7062465846538544,0.75,0.2739036890998081,12
2022-12-09,2022-12-07,2022-12-12,2.8004887091014536,9.505831616615271,2974.173046811158,2973.814658238087,2974.7506097536534,0.9359515155665576,0.75,0.1190055098167097,12
2022-12-09,2022-12-07,2022-12-12,4.680112459841185,8.57871265049863,3792.853168552509,3792.4256234923378,3793.388707844541,0.9630843522027136,1.0,0.1583133270334591,12
2022-12-09,2022-12-07,2022-12-12,4.340837527062464,9.991818377810796,3827.715181760186,3827.4852382191457,3828.2040183478966,0.7187801287509501,0.75,0.1275695076088534,12
2022-12-09,2022-12-07,2022-12-12,2.9979314107502812,6.947552542630844,3975.062580983876,3974.5183975780383,3975.687974136789,1.1695765587501228,0.75,0.2285541419517556,12
2022-12-09,2022-12-07,2022-12-12,4.540259785878043,5.684429948410468,5126.978331278993,5125.786131916102,5151.1144330049865,25.328301088884473,2.0,0.2157999008571431,12
2022-12-09,2022-12-07,2022-12-12,2.175462017768435,6.049702467395774,4870.933478831537,4870.803363722749,4871.351267108228,0.5479033854790032,1.25,0.216431966468571,12
2022-12-09,2022-12-07,2022-12-12,2.995657780709304,5.582276094333822,4746.717567701018,4724.130816696677,4770.854607072193,46.72379037551582,0.75,0.2090255215910708,12
2022-12-09,2022-12-07,2022-12-12,5.445065641967672,13.185422075112376,4683.212429418539,4660.887128171977,4714.90134286508,54.014214693102986,1.25,0.0832304467012468,12
2022-12-09,2022-12-07,2022-12-12,5.00094393506134,11.001146751329015,1836.9121300302568,1835.7675867704677,1837.8813472827896,2.113760512322187,0.75,0.0990053035804294,12
2022-12-09,2022-12-07,2022-12-12,5.1159363427944475,9.683788611052742,1832.1811061594444,1832.0811993503012,1832.5517162117176,0.4705168614163995,1.0,0.1230934322477272,12
2022-12-09,2022-12-07,2022-12-12,6.099967605094184,7.592909219208699,1830.9624116901248,1830.5339890960604,1831.4434626838192,0.9094735877588392,1.25,0.2383550176759175,12
2022-12-16,2022-12-12,2022-12-20,2.190862561635962,5.793620621331911,3061.268715315894,3061.131367441267,3061.620521338191,0.4891538969241082,1.0,0.2359008260864947,12
2022-12-16,2022-12-12,2022-12-20,2.553021368762758,8.883849823278984,3062.7838730443095,3054.451981574297,3101.059849301353,46.607867727056146,1.0,0.1015778063472649,12
2022-12-27,2022-12-20,2023-01-04,2.9344047421243973,11.49940189208678,3232.61226050532,3232.3655747012235,3233.0825831070542,0.7170084058307111,0.75,0.0973621964107174,12
2022-12-27,2022-12-20,2023-01-04,2.408762021140475,14.556444701032683,3565.114107076326,3563.0830454798415,3566.557813614607,3.474768134765327,2.75,0.0464407360212798,12
2022-12-27,2022-12-20,2023-01-04,2.527382024416504,16.833795786706077,3771.564663266981,3765.555578929838,3801.594888630789,36.03930970095098,1.75,0.2016132814735649,12
2022-12-27,2022-12-20,2023-01-04,4.592010878395718,17.972276267804908,3766.7124104758927,3765.555578929838,3768.2233634735458,2.667784543707967,3.5,0.2407308809722907,12
2022-12-27,2022-12-20,2023-01-04,2.104805694446154,5.720674397145774,3669.971058945905,3669.559274906758,3670.4931304426864,0.93385553592816,0.75,0.0252849614196823,12
2022-12-27,2022-12-20,2023-01-04,4.530939156879485,5.406501065289234,3000.8831229282073,3000.758682162501,3001.4693508129567,0.7106686504557729,1.75,0.1926668547967236,12
2022-12-27,2022-12-20,2023-01-04,6.819815717771557,11.349570079377708,1837.301996977695,1836.9319267459216,1837.8813472827896,0.9494205368682742,1.0,0.1492127925370079,12
2022-12-27,2022-12-20,2023-01-04,4.131412132179551,9.73551534050778,1850.336577272055,1850.0849869027736,1850.8591172024608,0.7741302996873856,0.75,0.1704313020355585,12
2022-12-27,2022-12-20,2023-01-04,8.075070917526354,11.21407371367498,1811.7179219866496,1811.118486416526,1812.4669857495464,1.3484993330202997,0.75,0.0322389201514705,12
2022-12-27,2022-12-20,2023-01-04,4.275762257780879,5.980828735648239,1824.5024271824163,1824.2440152885392,1824.96739286324,0.7233775747008622,1.0,0.0590105154808473,12
2022-12-27,2022-12-20,2023-01-04,5.469710071608052,9.1491637772035,3647.040569717474,3646.658462687395,3647.562931352295,0.9044686648994684,1.0,0.3206214397291962,12
2022-12-27,2022-12-20,2023-01-04,6.451608708346104,9.53742128670286,3562.768622498965,3560.710159951821,3565.587090186309,4.8769302344881,7.75,0.0871245133704534,12
2022-12-27,2022-12-20,2023-01-04,7.166524292031769,11.216058667128896,1837.1975860959576,1835.7675867704677,1837.8813472827896,2.113760512322187,1.25,0.0773127235149295,12
2022-12-27,2022-12-20,2023-01-04,5.117468579524979,9.723780925924732,1833.033518006005,1832.549462404102,1833.7301477906296,1.1806853865273297,0.75,0.5464546239453227,12
2023-01-06,2023-01-04,2023-01-09,3.6850854759400713,5.162256606662624,3001.3831996722097,3000.6959386356175,3001.9049009880982,1.2089623524807394,1.5,0.1900773222828444,1
2023-01-06,2023-01-04,2023-01-09,3.3554867590594104,6.7608053303413005,3005.284113919975,3004.635748958215,3006.0237607127056,1.3880117544904351,1.0,0.1440577200876514,1
2023-01-06,2023-01-04,2023-01-09,2.147219316261262,7.2027886962442444,3011.3835348061625,3007.912428363692,3033.3655540850013,25.453125721309338,1.0,0.1458116274050391,1
2023-01-06,2023-01-04,2023-01-09,2.0048059866207653,5.5836015886194215,3018.3657121779397,3018.3657121779397,3018.604601596482,0.2388894185423851,1.0,0.0802701825745733,1
2023-01-06,2023-01-04,2023-01-09,5.788763612330705,7.753039371937414,1826.16435647672,1825.7149195875973,1826.8923411094584,1.1774215218611062,1.5,0.2159513459989126,1
2023-01-06,2023-01-04,2023-01-09,4.96418160077598,9.034473621442167,3643.904289176133,3643.364375378937,3644.540452908259,1.176077529322356,1.0,0.3596380425759315,1
2023-01-06,2023-01-04,2023-01-09,3.554842188560152,7.068399983219878,3706.9993681137976,3706.6681653140113,3707.629293850623,0.9611285366117954,1.25,0.2586217693551607,1
2023-01-06,2023-01-04,2023-01-09,3.439300753220879,5.725028670822011,3198.7490104617896,3198.6487687788904,3199.1263965321705,0.4776277532801032,3.25,0.2207827393430883,1
2023-01-06,2023-01-04,2023-01-09,4.487608796920721,7.092542252791046,3233.138757458168,3232.1265153503045,3234.28081713384,2.1543017835356295,1.25,0.1482700479533849,1
2023-01-06,2023-01-04,2023-01-09,3.3270392098758372,6.205795567063086,3197.07602300715,3196.9824485867284,3197.459625088144,0.4771765014156699,1.75,0.3713733323927926,1
2023-01-06,2023-01-04,2023-01-09,2.680342859386839,5.403149527874962,3181.8510699188337,3181.8510699188337,3182.089959337376,0.2388894185423851,2.0,0.1057457586221444,1
2023-01-06,2023-01-04,2023-01-09,2.4441021272725423,9.356982910688268,3185.6797158629633,3185.6797158629633,3185.9186052815057,0.2388894185423851,2.0,0.1484309762151636,1
2023-01-06,2023-01-04,2023-01-09,2.188983158857934,5.494794511503395,3291.627525941003,3291.627525941003,3291.8664153595455,0.2388894185423851,1.25,0.0362147965294057,1
2023-01-06,2023-01-04,2023-01-09,2.1021241607230157,8.883198909151243,3275.897584196297,3275.889999709092,3276.3717685383745,0.4817688292823732,3.0,0.1728122771038287,1
2023-01-06,2023-01-04,2023-01-09,2.4496001672402956,6.579323501022881,3261.3626396630652,3261.0466589303687,3261.7657118467614,0.719052916392684,1.75,0.16047160540962,1
2023-01-06,2023-01-04,2023-01-09,6.908632235524366,5.618190198845397,3263.533739279525,3263.2165904138237,3264.179690065328,0.963099651504308,4.5,0.2387333742298003,1
2023-01-06,2023-01-04,2023-01-09,2.914010752463434,8.896285873501796,3263.485440910578,3263.2165904138237,3263.9382866583765,0.7216962445527315,2.5,0.1675099599937879,1
2023-01-06,2023-01-04,2023-01-09,3.4539001217009693,20.270618632550917,3767.489438706652,3766.528651162982,3768.464918926358,1.936267763376236,2.5,0.042321235227799,1
2023-01-06,2023-01-04,2023-01-09,3.904700280914428,8.179249158351073,2074.7167150651753,2073.271088030655,2075.847717518918,2.576629488263279,4.75,0.0742767368173713,1
2023-01-13,2023-01-09,2023-01-17,2.517963749368116,8.038452333854192,3029.228365371296,3021.209946876392,3059.2998158158734,38.08986893948168,0.75,0.1481503128840788,1
2023-01-13,2023-01-09,2023-01-17,2.025017225876544,5.637687463927268,3287.0786486554757,3287.039236678276,3287.5225720573217,0.4833353790454566,1.25,0.0660678220661148,1
2023-01-13,2023-01-09,2023-01-17,3.3800320495910943,5.745726490818394,3289.440012505744,3289.4400125057437,3289.678901924286,0.2388894185423851,2.25,0.1377900469907222,1
2023-01-13,2023-01-09,2023-01-17,3.724401836721422,6.109345489562152,1899.068529816542,1892.837582582608,1907.3942206264471,14.556638043839484,2.5,0.0552776476128791,1
2023-01-13,2023-01-09,2023-01-17,3.989055777665376,7.484107042911343,1897.826805217378,1893.3117767404765,1907.3942206264471,14.08244388597086,3.0,0.0647935812108169,1
2023-01-20,2023-01-17,2023-01-24,2.0039507027800285,10.49111325744017,3561.70277420386,3560.710159951821,3563.5547734834254,2.844613531604409,3.0,0.0421135534757044,1
2023-01-20,2023-01-17,2023-01-24,7.5014162609261374,6.360282776464226,3560.8039737429312,3558.379656274803,3565.587090186309,7.207433911506087,5.25,0.0818639091734263,1
2023-01-20,2023-01-17,2023-01-24,67.44380429548042,6.731470420466813,5108.159381109752,5101.239459680393,5131.415030896664,30.175571216270328,5.25,0.1596632050261281,1
2023-01-20,2023-01-17,2023-01-24,5.342608896750221,5.728516781035952,2934.285308787049,2932.3681112336926,2937.0075698052533,4.639458571560681,2.25,0.0689484835164944,1
2023-01-20,2023-01-17,2023-01-24,3.623087102369312,6.222135608849245,3984.1550479629896,3983.4700799230486,3984.931957493536,1.4618775704875588,1.0,0.0998840727012873,1
2023-01-20,2023-01-17,2023-01-24,3.158263238452096,6.276051327444671,3982.507434410927,3981.815352056641,3983.2361767287366,1.4208246720954776,0.75,0.0806780706463228,1
2023-01-20,2023-01-17,2023-01-24,2.043559225320257,7.169763215836501,3663.736588765067,3663.198727235198,3664.369847537484,1.171120302285999,1.0,0.0964966766039265,1
2023-01-20,2023-01-17,2023-01-24,6.875687473592023,6.20377658350802,3991.431552711585,3990.657007212285,3992.5504380944185,1.8934308821335435,1.0,0.3741532534917224,1
2023-01-20,2023-01-17,2023-01-24,3.647095488932822,5.663815627982868,5149.748852534072,5147.916744271759,5177.95708309859,30.04033882683143,1.0,0.3568421738877969,1
2023-01-20,2023-01-17,2023-01-24,2.204835860672407,5.85588884585068,5126.428798217097,5126.034956747666,5127.022855065763,0.9878983180969954,1.25,0.2050287567190611,1
2023-01-20,2023-01-17,2023-01-24,2.9911332151221113,5.362179683004426,5125.0807159408805,5124.533221944701,5125.7754075508565,1.2421856061555443,0.5,0.1375978785408049,1
2023-01-20,2023-01-17,2023-01-24,2.26323775404701,5.201350129657518,5116.883566415219,5116.1050771204755,5117.581511813216,1.4764346927404404,0.75,0.2643420841693933,1
2023-01-20,2023-01-17,2023-01-24,2.066191608832963,5.8607213652663175,4990.210765685987,4989.9237757558,4990.644198948052,0.7204231922514737,1.0,0.1562373068919731,1
2023-01-20,2023-01-17,2023-01-24,3.137383706047945,7.286572089600368,1777.6163228098544,1777.3818886098452,1777.916148077231,0.5342594673857093,1.0,0.1878154842492851,1
2023-01-20,2023-01-17,2023-01-24,2.867133481862862,8.76118075617437,2987.243901924794,2987.1037625628524,2987.808327373583,0.7045648107305169,1.0,0.2270663173124654,1
2023-01-20,2023-01-17,2023-01-24,5.395355322030251,7.464312857980527,2970.323122961188,2969.8969632200897,2971.3193792290986,1.4224160090088844,1.75,0.322367700747117,1
2023-01-20,2023-01-17,2023-01-24,3.366268435741775,6.06130500502969,3244.858645147215,3244.749017504044,3245.2281424850225,0.4791249809786677,0.75,0.1299873187604028,1
2023-01-31,2023-01-24,2023-02-07,2.495512921813503,7.0144356595774005,3232.961224169606,3232.843693688512,3233.320719623007,0.4770259344950318,1.0,0.1738983364065105,1
2023-01-31,2023-01-24,2023-02-07,2.1014851315284147,6.238557894575302,3232.9571370309577,3232.843693688512,3233.320719623007,0.4770259344950318,0.75,0.1312924011141092,1
2023-01-31,2023-01-24,2023-02-07,7.265170810745824,7.520202126111871,3580.4687574830705,3578.3923016884364,3583.0807194355875,4.688417747151107,3.75,0.0889652496154935,1
2023-01-31,2023-01-24,2023-02-07,3.2651680449204523,8.754249488682234,1763.461892190096,1763.161611282267,1763.9948587110266,0.8332474287599325,0.75,0.0917752717890474,1
2023-01-31,2023-01-24,2023-02-07,5.90582659409903,7.5263569790644045,1768.318309907711,1768.0060345204547,1768.8383501223288,0.8323156018741429,0.75,0.3671349757832498,1
2023-01-31,2023-01-24,2023-02-07,5.977485058532097,9.825018808467355,1764.043526814306,1763.7559692924842,1764.4743615803309,0.7183922878466547,0.75,0.0407909572517106,1
2023-01-31,2023-01-24,2023-02-07,3.8565895645235666,11.232692804726758,1837.2783516715392,1836.9319267459216,1837.8813472827896,0.9494205368682742,0.75,0.4164266957881235,1
2023-01-31,2023-01-24,2023-02-07,4.111489949120209,7.301437320062635,1778.286824099607,1778.2629735940136,1778.568121004384,0.3051474103704095,1.25,0.3478598081795692,1
2023-01-31,2023-01-24,2023-02-07,2.7247547911880536,15.375764679322373,1702.2236232156863,1702.2236232156863,1702.462512634229,0.2388894185423851,1.0,0.0375965874991329,1
2023-02-11,2023-02-07,2023-02-16,5.514759838156774,10.090683924922644,1769.5676122107295,1769.4405092364177,1770.2158536771312,0.7753444407135248,1.5,0.0728925999857499,2
2023-02-23,2023-02-16,2023-03-02,2.514760540877236,16.638647658583587,1189.015996899646,1187.4204897633754,1191.147538594436,3.7270488310605288,2.25,0.0490379219540854,2
2023-02-23,2023-02-16,2023-03-02,3.1448160336376354,5.43620444285108,2892.154958615203,2889.543444918003,2894.2323933592997,4.688948441296816,2.0,0.0536094372290885,2
2023-02-23,2023-02-16,2023-03-02,2.328815945276981,5.386455067583276,2774.923423830922,2772.9307652567513,2776.743853846565,3.81308858981356,2.25,0.0536617225394098,2
2023-02-23,2023-02-16,2023-03-02,3.2034790331467056,10.443701128626593,1762.9795307180443,1762.6860081953928,1763.6976795699447,1.011671374551952,1.25,0.1361552197523696,2
2023-02-23,2023-02-16,2023-03-02,3.3839032526185737,10.695984845195724,1762.0526629470198,1761.794796741102,1762.6278270073235,0.8330302662216127,0.75,0.1332553927171065,2
2023-02-23,2023-02-16,2023-03-02,7.464705705922246,7.07489572937847,3560.8131292345347,3558.612376085017,3563.7876122640446,5.175236179027706,5.5,0.0866117200634664,2
2023-02-23,2023-02-16,2023-03-02,9.439420345270449,6.18475033320667,4874.456077324751,4870.590037542395,4890.31463094987,19.724593407474455,4.75,0.1161844097642261,2
2023-02-23,2023-02-16,2023-03-02,2.8560772615162375,5.2238194453026505,4878.801012136792,4869.398031769786,4890.31463094987,20.91659918008372,2.25,0.1037759465769783,2
2023-02-23,2023-02-16,2023-03-02,2.802596549885962,5.839933338936352,1253.5629879815135,1252.4018360953778,1255.2417187397368,2.8398826443590224,2.75,0.0517933770305589,2
2023-02-23,2023-02-16,2023-03-02,4.620703289233296,18.104967343565207,1188.1726096724758,1186.173803657293,1190.8990269531496,4.725223295856267,2.75,0.054717755521792,2
2023-02-23,2023-02-16,2023-03-02,2.0299001255915496,17.946682039309835,1192.7472088616416,1191.9050872600635,1193.8349673971534,1.92988013708964,2.5,0.0393418375538096,2
2023-03-04,2023-03-02,2023-03-07,7.7799296103762465,8.489299699159352,895.837127204004,895.2938684150577,896.767041423358,1.473173008300364,1.5,0.470802222453095,3
2023-03-04,2023-03-02,2023-03-07,2.006781602112111,7.554282725504695,909.0268183373524,908.7792356531136,909.508790853899,0.7295552007853985,1.0,0.1574573686607316,3
2023-03-04,2023-03-02,2023-03-07,2.3419577896921897,6.353956001529041,3986.757079607065,3986.40212355787,3987.5865841596383,1.1844606017693875,1.0,0.1966316390568101,3
2023-03-04,2023-03-02,2023-03-07,6.215294099679123,5.4008961388514125,5653.1360098793275,5652.8343150625005,5653.569721171632,0.7354061091318727,1.0,0.2637322027936628,3
2023-03-04,2023-03-02,2023-03-07,3.723169824267644,9.733004688223588,3055.09988740703,3054.9515691800043,3055.4402522030286,0.4886830230243504,1.5,0.2256197143434857,3
2023-03-04,2023-03-02,2023-03-07,2.5394267691770565,5.135074719182777,3244.7490175040443,3244.749017504044,3244.9879069225863,0.2388894185423851,1.0,0.0986390287492611,3
2023-03-11,2023-03-07,2023-03-16,2.5126341264404357,13.293076296494194,4681.475552431997,4660.887128171977,4714.90134286508,54.014214693102986,1.0,0.2285770523723185,3
2023-03-11,2023-03-07,2023-03-16,2.7963547277135774,5.110178144818162,5159.918240198575,5148.171266450547,5177.95708309859,29.785816648043692,1.0,0.1222367476901342,3
2023-03-11,2023-03-07,2023-03-16,14.370115144023414,6.258000934961139,3559.105045767913,3556.273876859341,3561.668343412224,5.394466552883387,7.5,0.1111619799641883,3
2023-03-11,2023-03-07,2023-03-16,4.169329496803563,5.952340965664381,3473.345914119632,3470.0727261425927,3476.094849445391,6.022123302798718,3.0,0.0807226028652852,3
2023-03-11,2023-03-07,2023-03-16,6.379827395029553,11.702785907913874,1837.2941196886245,1836.9319267459216,1837.8813472827896,0.9494205368682742,1.25,0.2905953187744803,3
2023-03-11,2023-03-07,2023-03-16,8.93358842515447,7.195431985361401,1301.4059620445498,1298.1433507879265,1305.6358744893223,7.49252370139584,4.5,0.1080546847606145,3
2023-03-11,2023-03-07,2023-03-16,3.196299390839478,11.11071712561034,948.2527855688968,937.3901647338644,958.416046624072,21.02588189020753,1.5,0.0410152736208485,3
2023-03-11,2023-03-07,2023-03-16,5.612607749544642,12.1814388028135,1836.836590742134,1835.7675867704677,1837.8813472827896,2.113760512322187,1.25,0.3160758357269211,3
2023-03-11,2023-03-07,2023-03-16,2.1365923204774036,5.043612346130388,896.0790442000922,895.7941910400987,896.5223878291436,0.7281967890448868,1.0,0.1634922923887849,3
2023-03-11,2023-03-07,2023-03-16,6.610893842060577,10.249983282711856,948.6665771249347,935.8800642648712,960.6867173011416,24.80665303627029,3.25,0.1427227075263482,3
2023-03-11,2023-03-07,2023-03-16,2.582507191081671,9.575945983853384,1414.6114865657032,1412.483380746562,1418.9549333062023,6.4715525596402586,1.0,0.115694726222667,3
2023-03-11,2023-03-07,2023-03-16,2.4300772281216925,7.113378088859369,1803.7833357002044,1803.2434195969256,1804.675627766177,1.4322081692516804,1.0,0.1139165700263367,3
2023-03-11,2023-03-07,2023-03-16,17.431364553492482,5.1532811923529955,1308.894575214494,1301.7402246622369,1319.2628541179,17.522629455663264,7.25,0.1445716311497746,3
2023-03-19,2023-03-16,2023-03-22,3.4137429298887025,9.902042670584542,896.2173649879993,896.0191456051543,896.767041423358,0.7478958182036877,1.0,0.3091232563904045,3
2023-03-19,2023-03-16,2023-03-22,3.483109250350856,11.705564395413711,3233.385947120685,3233.0818302044645,3233.798829620704,0.7169994162395597,0.75,0.1108310247714328,3
2023-03-28,2023-03-22,2023-04-04,5.877776198573782,5.98284016315655,3081.321740116748,3054.451981574297,3101.059849301353,46.607867727056146,4.75,0.2745339036517746,3
2023-03-28,2023-03-22,2023-04-04,2.9078008220284244,7.165541712493569,3100.9698515157393,3100.9275950100273,3101.4149938779883,0.4873988679610193,1.25,0.0902203320053673,3
2023-03-28,2023-03-22,2023-04-04,2.1556144876523873,9.292539216427803,3138.0189748446005,3137.6584683833644,3138.5535391075537,0.8950707241892815,1.0,0.1567872993746721,3
2023-03-28,2023-03-22,2023-04-04,3.5594702529879285,7.127968147811338,3105.4655898045467,3105.082818943076,3105.8935587937012,0.8107398506253958,1.0,0.0415624289989502,3
2023-03-28,2023-03-22,2023-04-04,4.543700032394472,8.078628507293406,3105.3969749578637,3105.082818943076,3105.8935587937012,0.8107398506253958,1.0,0.1165787139073137,3
2023-03-28,2023-03-22,2023-04-04,5.957842376092449,8.07523456530238,3106.4274969447497,3106.3956492897123,3106.8853569999337,0.4897077102214098,2.0,0.1281211802839865,3
2023-03-28,2023-03-22,2023-04-04,3.636338895639404,10.393327272966165,3106.4481491304045,3106.3956492897123,3106.8853569999337,0.4897077102214098,1.0,0.1440163417892326,3
2023-03-28,2023-03-22,2023-04-04,5.040723263535825,10.89403172681095,3061.2840506157168,3061.131367441267,3061.870785531588,0.7394180903211236,2.5,0.4227681122462057,3
2023-03-28,2023-03-22,2023-04-04,2.338560782160517,9.704373281446763,3072.3969307790117,3072.3306017802097,3072.819988965057,0.4893871848471463,1.5,0.2209061765313169,3
2023-03-28,2023-03-22,2023-04-04,4.9713771889518945,11.042998905113173,3137.9098098516597,3137.6584683833644,3138.5535391075537,0.8950707241892815,1.25,0.2112954330916649,3
2023-03-28,2023-03-22,2023-04-04,7.054648793987091,10.764127219943026,3121.1536950997515,3094.0399346845224,3135.0163597255014,40.97642504097894,2.25,0.2446298671879887,3
2023-03-28,2023-03-22,2023-04-04,3.3677268556419757,8.536685764710304,3125.4461768051615,3095.2568618408404,3135.6722403708845,40.41537853004411,2.0,0.2342127168134955,3
2023-03-28,2023-03-22,2023-04-04,18.799509874374856,7.562740375838701,1778.5644240464153,1778.2629735940136,1779.633286725264,1.370313131250441,3.25,0.3487806390669545,3
2023-03-28,2023-03-22,2023-04-04,5.852078863821179,9.844015721095872,1833.1172106570116,1832.7860977174712,1833.7301477906296,0.944050073157996,1.0,0.2917879136686174,3
2023-03-28,2023-03-22,2023-04-04,36.24549702834338,7.562568874608667,1772.176726364673,1770.569462770596,1773.920258812141,3.350796041544527,1.5,0.0410413344022253,3
2023-03-28,2023-03-22,2023-04-04,5.213375753276608,7.145494500509432,1778.5178006660844,1778.2629735940136,1779.0901887831278,0.827215189114213,1.0,0.1616836506670194,3
2023-03-28,2023-03-22,2023-04-04,17.28532165747136,7.714321351078678,1771.468940580853,1770.8657122869045,1772.251981455367,1.3862691684626045,1.25,0.0244131675892367,3
2023-03-28,2023-03-22,2023-04-04,3.569981745737922,16.628474679415618,1188.7540350009508,1186.6728526847437,1190.8990269531496,4.2261742684058845,3.25,0.0727502677520974,3
2023-03-28,2023-03-22,2023-04-04,2.83731709631104,5.693241056435002,4869.205896640166,4847.043146793731,4871.351267108228,24.3081203144975,1.0,0.1833484078849245,3
2023-03-28,2023-03-22,2023-04-04,5.41435461554341,5.437098025607233,5157.440890243476,5147.916744271759,5178.292373570148,30.37562929838896,1.25,0.1591682174872666,3
2023-03-28,2023-03-22,2023-04-04,2.3659799123972656,6.391419937540892,4579.021192112661,4578.395355238579,4579.838415840175,1.4430606015957892,1.0,0.1738590369902559,3
2023-04-09,2023-04-04,2023-04-14,5.294878253424261,6.824658215599386,3087.046382120341,3086.75808217749,3087.497117740568,0.7390355630777776,5.0,0.2315985082531058,4
2023-04-09,2023-04-04,2023-04-14,5.133652979297098,6.052462346721359,3092.2964833122674,3092.296483312268,3092.53537273081,0.2388894185423851,4.25,0.2616219380521434,4
2023-04-09,2023-04-04,2023-04-14,5.363530115357908,7.156391753152431,895.5578012893352,895.0491700856946,896.2777341739275,1.2285640882328153,2.75,0.3730869008528437,4
2023-04-09,2023-04-04,2023-04-14,2.0434630723292937,8.666905662693386,895.9921992265563,895.7941910400987,896.5223878291436,0.7281967890448868,0.75,0.335339298939239,4
2023-04-09,2023-04-04,2023-04-14,2.90411236940613,9.815764641744517,896.348187091736,896.0191456051543,896.767041423358,0.7478958182036877,1.0,0.4198397361784822,4
2023-04-09,2023-04-04,2023-04-14,2.002085036143568,7.564870279427298,909.1240898932048,909.0245685670524,909.508790853899,0.4842222868464887,1.0,0.2001540628224107,4
2023-04-09,2023-04-04,2023-04-14,4.55588578163432,5.828913252678167,908.8150561016064,908.5339028681628,909.508790853899,0.9748879857361316,1.5,0.3442132779965501,4
2023-04-09,2023-04-04,2023-04-14,8.235992622924902,8.483747214842671,751.0206997119711,750.4740960411727,751.6274081682786,1.1533121271058917,2.25,0.121633601323059,4
2023-04-09,2023-04-04,2023-04-14,23.844478561212306,7.603849101640429,1768.6890586488814,1767.709321421571,1769.9760404820554,2.26671906048432,1.5,0.0304133127577965,4
2023-04-09,2023-04-04,2023-04-14,14.016042325657793,7.529570913051315,1770.6457213039714,1769.9769642585889,1771.6596529707313,1.682688712142408,1.0,0.0241061337802883,4
2023-04-16,2023-04-14,2023-04-18,2.7764123584983684,8.551637725129625,10.614204212067404,9.668603298254313,11.199276566971092,1.5306732687167823,1.0,0.1093803921883951,4
2023-04-22,2023-04-18,2023-04-27,4.171250526062771,7.836112608892614,3087.1005954581847,3086.75808217749,3087.747190895956,0.9891087184660136,2.75,0.1810750220881107,4
2023-04-22,2023-04-18,2023-04-27,2.128133246166818,6.209170764370212,3092.296483312268,3092.296483312268,3092.53537273081,0.2388894185423851,1.5,0.093177285583389,4
2023-04-22,2023-04-18,2023-04-27,4.491402958110719,6.089650423537248,3135.433350952343,3135.433350952342,3135.6722403708845,0.2388894185423851,2.25,0.1332507508295344,4
2023-04-22,2023-04-18,2023-04-27,3.5870136057223188,8.115538883567492,3135.4333509523426,3135.433350952342,3135.6722403708845,0.2388894185423851,2.25,0.1035991561595084,4
2023-04-22,2023-04-18,2023-04-27,3.1011818063384853,8.00377012574468,3137.986559036188,3137.986559036188,3138.22544845473,0.2388894185423851,1.75,0.0799429010229024,4
2023-04-22,2023-04-18,2023-04-27,3.8253022173770703,9.844210503965328,3137.9865590361874,3137.986559036188,3138.22544845473,0.2388894185423851,2.0,0.04082605618688,4
2023-04-22,2023-04-18,2023-04-27,2.4460867011170833,6.365838461395725,3991.26655040775,3990.893398404587,3991.8413840667345,0.9479856621474028,0.5,0.0338147163916574,4
2023-04-22,2023-04-18,2023-04-27,3.647923837991618,10.736914670231748,3082.8394490582864,3059.654253306798,3106.2635342283174,46.6092809215188,1.25,0.2647814402519843,4
2023-04-22,2023-04-18,2023-04-27,2.234720329708513,7.75001844008136,2969.8168012034107,2969.6636419435963,2970.368677488994,0.7050355453975499,1.0,0.2455699490937712,4
2023-04-22,2023-04-18,2023-04-27,6.58818196809385,9.751639871819858,3931.9768195429697,3931.741812027059,3932.466970057693,0.7251580306328833,0.75,0.1438429829512255,4
2023-04-22,2023-04-18,2023-04-27,2.1714462866427375,5.730773615460483,751.1102844876352,751.081963443663,751.6274081682786,0.5454447246156633,1.25,0.2481073244475995,4
2023-04-22,2023-04-18,2023-04-27,2.6429823459974493,5.755919568839229,4870.969465374849,4870.803363722749,4871.351267108228,0.5479033854790032,1.75,0.1590117744849517,4
2023-04-29,2023-04-27,2023-05-01,2.633056490657013,6.819581287911144,3018.1251457412723,3018.1251457412727,3018.364035159815,0.2388894185423851,1.0,0.0813448649810277,4
2023-04-29,2023-04-27,2023-05-01,2.4761909484182483,9.662494503965226,1663.3426748178654,1662.9419106654825,1663.9911391288042,1.0492284633219242,0.75,0.179163632327326,4
2023-04-29,2023-04-27,2023-05-01,3.5623566343874673,6.897580715600677,895.9966402501126,895.7941910400987,896.5223878291436,0.7281967890448868,1.5,0.2284332108132591,4
2023-04-29,2023-04-27,2023-05-01,3.36425997295538,5.021007854018885,896.0592495594785,895.5385666103102,896.767041423358,1.2284748130477965,1.75,0.2087335240805155,4
2023-04-29,2023-04-27,2023-05-01,5.554963732850366,8.052787084706527,750.9346029067003,750.7754081049934,751.3208528622054,0.5454447572119534,1.75,0.0287072072711311,4
2023-05-06,2023-05-01,2023-05-11,2.459101993862819,6.004267579052336,908.8063459080664,908.5339028681628,909.2634579855948,0.729555117432028,1.25,0.2017349387969269,5
2023-05-06,2023-05-01,2023-05-11,2.0542769990831613,5.15991283572578,3076.8421732208235,3076.790099238977,3077.279460005928,0.4893607669509947,4.0,0.1858648947446783,5
2023-05-06,2023-05-01,2023-05-11,5.984047948083002,7.112220888305022,3062.146883258077,3061.8700304534286,3062.609669294674,0.7396388412453234,5.0,0.3187895743306512,5
2023-05-06,2023-05-01,2023-05-11,10.582715599571111,8.977722088337892,3084.3690514647396,3059.1540163042955,3106.59977111686,47.4457548125647,3.25,0.367023456570168,5
2023-05-06,2023-05-01,2023-05-11,3.4017506810778753,6.704731192838691,3088.358650855552,3059.654253306798,3106.59977111686,46.945517810061574,1.25,0.2581066052681713,5
2023-05-06,2023-05-01,2023-05-11,3.1409652556554413,8.93029063489501,3057.2819487126144,3057.0122790713795,3057.7512720883824,0.7389930170029402,1.25,0.165053262354633,5
2023-05-06,2023-05-01,2023-05-11,3.5838837362829317,6.581998670101325,3057.2591547885763,3057.0122790713795,3057.501220313832,0.4889412424527108,3.0,0.2155931375153197,5
2023-05-06,2023-05-01,2023-05-11,4.7984214290942715,5.91964508135448,3082.3970224781897,3054.451981574297,3101.059849301353,46.607867727056146,3.5,0.2427174949417976,5
2023-05-06,2023-05-01,2023-05-11,4.451446911188868,14.12095349892112,4193.957299999459,4193.6159935579635,4194.327692460734,0.7116989027708769,1.5,0.4762737548757334,5
2023-05-06,2023-05-01,2023-05-11,6.361901730285678,13.68498463688632,4192.1794313609635,4191.761761175003,4192.673175501637,0.911414326634258,1.5,0.4392335424547111,5
2023-05-06,2023-05-01,2023-05-11,3.4177031192245897,5.741350864712574,3128.7330257180683,3128.513257920742,3129.085345072672,0.5720871519297361,6.0,0.0936733196827921,5
2023-05-17,2023-05-11,2023-05-23,2.3219949954316945,9.951519978353817,3284.759997507974,3284.7180591281503,3285.2013703011908,0.4833111730404198,2.0,0.124451212840404,5
2023-05-17,2023-05-11,2023-05-23,2.5121553920456767,9.457491190071185,3184.2439294277556,3184.0094338729978,3184.487240066286,0.4778061932884156,1.25,0.16193127970618,5
2023-05-17,2023-05-11,2023-05-23,2.225366017301939,9.878610327020713,3181.8510699188337,3181.8510699188337,3182.089959337376,0.2388894185423851,1.0,0.1618160726130946,5
2023-05-17,2023-05-11,2023-05-23,3.648100556438985,8.843876554021481,3287.1563979676766,3287.039236678276,3287.5225720573217,0.4833353790454566,1.75,0.0444205075239023,5
2023-05-17,2023-05-11,2023-05-23,2.4137583933292888,6.794383235687159,3289.431763620004,3289.2046708557755,3289.678901924286,0.4742310685105622,2.0,0.1265532474867803,5
2023-05-17,2023-05-11,2023-05-23,5.341931704971008,11.687465412130882,5647.886635648976,5647.486976001877,5648.468888883479,0.9819128816016018,0.75,0.0188770331914001,5
2023-05-17,2023-05-11,2023-05-23,2.068263974538818,5.127387434264706,4723.044323574247,4702.776894206181,4754.716233333107,51.939339126925915,0.75,0.2527078337212796,5
2023-05-17,2023-05-11,2023-05-23,2.0467268990101295,7.319312977266294,3095.7845054713216,3069.857061092742,3116.052596658468,46.19553556572646,1.5,0.1897858373733707,5
2023-05-17,2023-05-11,2023-05-23,19.05794409041764,5.543141747554427,3466.935976140905,3463.401254705619,3469.3776709991507,5.976416293531656,4.25,0.111511545423989,5
2023-05-28,2023-05-23,2023-06-02,3.9919711841292673,6.596255903459732,895.4947551048945,895.0491700856946,896.2777341739275,1.2285640882328153,2.0,0.2208250004544809,5
2023-05-28,2023-05-23,2023-06-02,3.495340985803771,7.911980485424469,895.6546857989463,895.2938684150577,896.2777341739275,0.983865758869797,1.0,0.3264691643900397,5
2023-05-28,2023-05-23,2023-06-02,3.5099968516313464,11.180053957749545,915.5276536404848,915.258020344656,915.984928377904,0.7269080332480371,0.75,0.2673873617615552,5
2023-05-28,2023-05-23,2023-06-02,3.195887127425429,6.369562733205251,751.0994327573812,751.081963443663,751.6274081682786,0.5454447246156633,1.5,0.0289149833560636,5
2023-05-28,2023-05-23,2023-06-02,10.476353908195811,8.334432405682373,751.109868418972,750.7754081049934,751.6274081682786,0.8520000632852316,2.75,0.1593892482258607,5
2023-05-28,2023-05-23,2023-06-02,7.854931332221812,9.892643434125477,1619.2831831934477,1619.1455503730103,1619.6911448207684,0.5455944477580488,2.5,0.0393498967819255,5
2023-05-28,2023-05-23,2023-06-02,2.2016667536460233,7.407225249963137,3058.79142052076,3058.4159734691493,3059.392905722838,0.9769322536885738,2.25,0.1774020217547955,5
2023-05-28,2023-05-23,2023-06-02,4.601082704064864,5.125684163024742,1775.495914261909,1775.4057431155816,1775.859084003605,0.4533408880233764,1.25,0.0310947055441374,5
2023-06-05,2023-06-02,2023-06-09,2.1213111615967937,8.035842233361628,3109.1385048282773,3109.092130651232,3109.5781455086544,0.4860148574225604,1.0,0.1974019788099945,6
2023-06-05,2023-06-02,2023-06-09,4.96894589189468,6.788143336894598,3232.9373353699816,3232.843693688512,3233.320719623007,0.4770259344950318,2.5,0.2609674888601532,6
2023-06-05,2023-06-02,2023-06-09,2.5111954149172644,5.030422735251735,3243.193832465302,3243.0720567097887,3243.7949675573036,0.7229108475148678,3.0,0.0789854547554813,6
2023-06-05,2023-06-02,2023-06-09,2.3750499463957735,5.01176530790061,3289.4110469809943,3289.2046708557755,3289.923185617663,0.7185147618874907,1.5,0.1009188149401352,6
2023-06-05,2023-06-02,2023-06-09,2.300430447619874,8.730329320136297,3287.0884212838955,3287.039236678276,3287.5225720573217,0.4833353790454566,1.75,0.0403680044037302,6
2023-06-05,2023-06-02,2023-06-09,2.6594925909364595,6.461846808084447,3284.7803296484844,3284.7180591281503,3285.2013703011908,0.4833111730404198,1.5,0.1124955401557603,6
2023-06-05,2023-06-02,2023-06-09,5.961640120623727,9.52668065915741,3284.7281690319865,3284.473637243267,3285.2013703011908,0.727733057923615,3.0,0.176969770892752,6
2023-06-05,2023-06-02,2023-06-09,4.05998539048247,6.898191406422384,1762.1411095568574,1761.794796741102,1762.9248976139352,1.1301008728332818,1.0,0.0380221959054943,6
2023-06-05,2023-06-02,2023-06-09,2.5691093766544943,5.973901117102208,2074.434363973367,2074.272556297481,2074.983204375021,0.7106480775400996,1.0,0.183806317278885,6
2023-06-05,2023-06-02,2023-06-09,3.4554930363438094,11.73997887806781,3233.3642898637936,3233.0818302044645,3233.798829620704,0.7169994162395597,0.75,0.1403122294180492,6
2023-06-05,2023-06-02,2023-06-09,2.8721226873691195,5.806949497049879,4990.292856530405,4989.9237757558,4990.644198948052,0.7204231922514737,1.0,0.1921012422199552,6
2023-06-10,2023-06-09,2023-06-12,2.019062907119374,5.58895166426138,4870.936667127216,4870.803363722749,4871.351267108228,0.5479033854790032,0.75,0.113655157713649,6
2023-06-10,2023-06-09,2023-06-12,5.615173421899788,10.15630894276084,1619.2351793013015,1618.873316717334,1619.65667358879,0.7833568714559078,2.25,0.09078121726105,6
2023-06-10,2023-06-09,2023-06-12,3.510202296531294,6.7064881366082885,1764.555000261655,1764.5323623847216,1765.0681420215406,0.5357796368189156,1.5,0.3102719954142285,6
2023-06-10,2023-06-09,2023-06-12,2.8665774667412043,7.479103782626088,2970.341161070723,2970.1297880704515,2970.8353201230057,0.7055320525541902,1.0,0.2590267526874479,6
2023-06-16,2023-06-12,2023-06-20,2.62591787760742,5.332488453165384,908.849073602186,908.5339028681628,909.2634579855948,0.729555117432028,1.25,0.3118420640492747,6
2023-06-16,2023-06-12,2023-06-20,3.1444231799888422,6.077343858171659,895.6984941995898,895.2938684150577,896.2777341739275,0.983865758869797,2.0,0.208791476480572,6
2023-06-16,2023-06-12,2023-06-20,2.682288613700867,7.670372750299245,909.228524154522,909.0245685670524,909.748660356272,0.7240917892195284,1.0,0.1957350285705295,6
2023-06-16,2023-06-12,2023-06-20,2.4447680315267295,5.062601195635286,3289.440012505743,3289.4400125057437,3289.678901924286,0.2388894185423851,1.75,0.1318568318606061,6
2023-06-16,2023-06-12,2023-06-20,2.1561470916110284,8.661559844253837,3287.0985270719216,3286.794790538028,3287.5225720573217,0.7277815192937851,1.5,0.1114690208925961,6
2023-06-16,2023-06-12,2023-06-20,5.019373656478338,9.53666128106872,3284.7207098129707,3284.473637243267,3285.2013703011908,0.727733057923615,3.0,0.1642659070933239,6
2023-06-16,2023-06-12,2023-06-20,2.627856465238892,5.73247230417702,3278.509261717712,3278.3141641337425,3279.0351818040945,0.7210176703520119,1.0,0.1857489614667273,6
2023-06-16,2023-06-12,2023-06-20,2.54997433422925,7.078224600470992,3232.931813315576,3232.843693688512,3233.320719623007,0.4770259344950318,1.5,0.1247588304450286,6
2023-06-16,2023-06-12,2023-06-20,2.0280738159867937,7.769551218153285,895.6214051994971,895.2938684150577,896.033080458641,0.7392120435833931,0.75,0.2261585007969846,6
2023-06-23,2023-06-20,2023-06-26,2.8669214675039054,11.50205904029984,3232.6254087671787,3232.3655747012235,3233.0825831070542,0.7170084058307111,0.75,0.1077626160554645,6
2023-06-30,2023-06-26,2023-07-05,2.0989440647833795,16.659678614035688,5446.833712965467,5443.723998692352,5464.472539901733,20.748541209381074,3.25,0.0615899170039058,6
2023-06-30,2023-06-26,2023-07-05,2.2096017045723273,8.177360471810562,1775.9957688514144,1775.9156842813827,1776.450063105207,0.5343788238242269,0.75,0.01844480190787,6
2023-06-30,2023-06-26,2023-07-05,2.0034735808888446,10.895694135834304,3066.8335480286382,3054.451981574297,3101.059849301353,46.607867727056146,1.0,0.0259071701394789,6
2023-06-30,2023-06-26,2023-07-05,8.175076000363662,8.636598402640935,3060.8469645601335,3054.451981574297,3101.059849301353,46.607867727056146,3.0,0.1947019807630345,6
2023-06-30,2023-06-26,2023-07-05,8.583343391664512,13.765989406681484,4191.973068054789,4191.761761175003,4192.47345996974,0.7116987947374582,1.75,0.0362310680540162,6
2023-06-30,2023-06-26,2023-07-05,2.6730719613217286,6.36245248508573,3111.901612750198,3111.800591475796,3112.2868160163052,0.4862245405092835,1.5,0.1900015854730408,6
2023-06-30,2023-06-26,2023-07-05,2.831642875397112,12.002574744086331,3274.2574878862006,3273.8428561403416,3274.8110124492086,0.9681563088670372,1.0,0.1034097714182424,6
2023-06-30,2023-06-26,2023-07-05,2.121364015880646,7.3952725874556435,3759.4119729702343,3758.244927409105,3760.7057675728574,2.4608401637524366,2.75,0.0517287430177931,6
2023-07-08,2023-07-05,2023-07-12,3.0203225159502587,7.49445555934987,1825.631822059288,1825.4797322293743,1826.186778422445,0.7070461930707097,1.25,0.3260035802187744,7
2023-07-08,2023-07-05,2023-07-12,2.1250241003844885,9.781822168799032,1836.0754688336483,1835.834438231308,1836.558001040481,0.7235628091730177,0.75,0.1806236483579404,7
2023-07-08,2023-07-05,2023-07-12,3.904345350960828,8.342144444033142,3058.757299201519,3058.666083530057,3059.1427872213535,0.4767036912962794,1.75,0.2382125857698325,7
2023-07-08,2023-07-05,2023-07-12,3.661248492534366,6.552557080239962,3058.8914318554775,3058.666083530057,3059.1427872213535,0.4767036912962794,2.25,0.2064965756772507,7
2023-07-08,2023-07-05,2023-07-12,2.950020346190967,5.234898193320131,132.1872887885164,87.07556357048452,250.13819452375176,163.06263095326722,0.75,0.2928649739745337,7
2023-07-08,2023-07-05,2023-07-12,2.3092091559724697,5.610874976872291,91.33125711360074,16.01840290799737,194.30871960893273,178.29031670093536,0.75,0.0746466283339486,7
2023-07-08,2023-07-05,2023-07-12,2.874838860057946,9.767200171262154,3244.668635735125,3244.5087819471955,3245.2281424850225,0.7193605378270149,0.75,0.0928887267717559,7
2023-07-08,2023-07-05,2023-07-12,3.571768280254491,7.754529085770677,1826.6245671528975,1826.3848661710508,1827.0948261697777,0.7099599987268448,0.75,0.0922347474640905,7
2023-07-08,2023-07-05,2023-07-12,3.9815012581381017,5.750420823842735,3291.733344878139,3291.627525941003,3292.11066311365,0.4831371726468205,1.5,0.0684057101656943,7
2023-07-08,2023-07-05,2023-07-12,4.330636948890705,9.343875352816871,3878.678210879711,3868.117961399257,3886.808912904933,18.690951505675912,0.75,0.1479634982676803,7
2023-07-15,2023-07-12,2023-07-18,3.3558244292525203,7.274309560290913,2542.017734826851,2541.4586655860767,2542.6520393309183,1.193373744841665,1.0,0.2221298407465655,7
2023-07-15,2023-07-12,2023-07-18,7.302329940355383,8.181715987316728,1765.757833507566,1765.5146196591668,1766.346488820389,0.8318691612221301,1.25,0.0196001549095384,7
2023-07-15,2023-07-12,2023-07-18,2.1989902366006753,7.774284958101824,2969.8397122616793,2969.6636419435963,2970.6019988614134,0.9383569178171456,0.75,0.1630564106024135,7
2023-07-15,2023-07-12,2023-07-18,2.8527218804657464,5.1381776730086415,3441.6577562727025,3441.6577562727034,3441.896645691246,0.2388894185423851,1.0,0.0391151076879126,7
2023-07-21,2023-07-18,2023-07-24,4.09778844651971,9.791954861093906,1844.505834754435,1835.123837464489,1850.8591172024608,15.735279737971725,1.0,0.1724072083380279,7
2023-07-21,2023-07-18,2023-07-24,2.2239828475685792,19.17796089820536,1882.917642708259,1882.6115206768736,1883.4188221078368,0.8073014309629798,1.0,0.1624256834493653,7
2023-07-21,2023-07-18,2023-07-24,2.44806052493779,11.56659091369284,2967.8400613935337,2967.5617293762043,2968.267392121721,0.7056627455167472,1.25,0.0774427604420835,7
2023-07-21,2023-07-18,2023-07-24,2.269052322494332,9.275539864213076,3880.892551082144,3868.356043234002,3887.082924957853,18.726881723850965,0.75,0.0858838407665396,7
2023-07-21,2023-07-18,2023-07-24,2.2857626373213713,8.737353732316258,3070.812172929081,3054.451981574297,3101.059849301353,46.607867727056146,1.25,0.0615296436600631,7
2023-07-21,2023-07-18,2023-07-24,3.618572689582407,19.25005033840613,5012.35708080854,5012.113436357118,5012.840374551248,0.726938194129616,0.75,0.0177147921126979,7
2023-07-28,2023-07-24,2023-08-01,5.19705441014531,5.668214208708403,3077.434517897569,3054.451981574297,3101.059849301353,46.607867727056146,3.75,0.369397255223296,7
2023-07-28,2023-07-24,2023-08-01,3.1702471261332743,7.604446491340275,2970.1142464702693,2969.8969632200897,2970.6019988614134,0.705035641323775,1.25,0.4211993820695392,7
2023-07-28,2023-07-24,2023-08-01,3.636278576061222,8.567947122501435,2676.996140811177,2676.476227368228,2677.933854901232,1.457627533003688,1.0,0.1674894844283625,7
2023-07-28,2023-07-24,2023-08-01,4.856458239714988,7.381456040205979,3078.349423983347,3059.4041349343024,3106.2635342283174,46.85939929401502,1.5,0.434296681438,7
2023-07-28,2023-07-24,2023-08-01,2.032206423760513,8.479870372454192,3219.1857827804047,3219.185782780405,3219.4246721989475,0.2388894185423851,1.5,0.3870551379367493,7
2023-07-28,2023-07-24,2023-08-01,2.686596387140732,8.598329056700745,3199.532962251778,3199.364229871891,3199.8414805321954,0.4772506603039801,2.25,0.2711599063771297,7
2023-07-28,2023-07-24,2023-08-01,3.2688839698258785,9.040812013516843,3185.802811135513,3185.6797158629633,3186.141770622693,0.4620547597296536,2.0,0.2951602592286662,7
2023-07-28,2023-07-24,2023-08-01,2.12740523066381,7.6828107616757135,3185.752212560313,3185.440798694268,3186.141770622693,0.7009719284251332,1.0,0.2470001061113835,7
2023-07-28,2023-07-24,2023-08-01,5.707003111611027,5.847416373836832,3117.6804027371277,3115.031895421911,3119.0098852566443,3.9779898347333074,4.0,0.3961230225920875,7
2023-07-28,2023-07-24,2023-08-01,4.026628902637269,5.805195008121477,3114.7332660790166,3111.553256172687,3148.3490115916356,36.79575541894883,7.0,0.4138317952018067,7
2023-07-28,2023-07-24,2023-08-01,2.8333162957740017,9.147560246341438,2233.9689621437847,2233.4983451310545,2234.7219991087914,1.2236539777368307,0.5,0.4177214406866847,7
2023-07-28,2023-07-24,2023-08-01,2.854923246457614,10.462262458669136,1439.4686821678104,1438.922636266332,1440.198449372314,1.275813105981797,1.0,0.3239263212913412,7
2023-07-28,2023-07-24,2023-08-01,2.9799525931107813,9.834629025085189,1406.9935663903093,1406.5507114701904,1407.779115581885,1.2284041116945446,0.5,0.3591317350965184,7
2023-07-28,2023-07-24,2023-08-01,2.4800681834035463,10.28169668399057,1233.43787692407,1233.158205496613,1233.890480784699,0.7322752880863845,1.0,0.1189346284782622,7
2023-07-28,2023-07-24,2023-08-01,2.7940291392240675,6.1219218940638225,1574.8820188237032,1574.7014889079146,1575.4721544841304,0.7706655762158334,0.5,0.3766499909709164,7
2023-07-28,2023-07-24,2023-08-01,2.1787079277428796,8.877341826246875,2237.9020550008017,2223.1366847907193,2253.9534785090946,30.816793718375266,0.5,0.3245005484140639,7
2023-07-28,2023-07-24,2023-08-01,14.77224044948412,5.580943961217747,3244.782158114646,3244.5087819471955,3245.2281424850225,0.7193605378270149,4.5,0.8369516941791666,7
2023-07-28,2023-07-24,2023-08-01,4.33447590184668,6.08009222880327,4870.953567734656,4870.803363722749,4871.351267108228,0.5479033854790032,1.5,0.3423848584163869,7
2023-07-28,2023-07-24,2023-08-01,2.250814309835713,5.922682622598138,4980.494187317235,4980.286426624283,4981.2516261301935,0.9651995059102774,0.5,0.1632451901896248,7
2023-07-28,2023-07-24,2023-08-01,2.977767949378211,5.370360351615186,4988.055991219049,4987.467915298883,4988.950774444267,1.482859145384282,0.5,0.3496553643348354,7
2023-07-28,2023-07-24,2023-08-01,2.136103194392938,6.018545187871692,4990.283662527631,4990.161900583189,4990.644198948052,0.4822983648627996,0.75,0.3307838416050623,7
2023-07-28,2023-07-24,2023-08-01,2.767591844497528,5.665380277970012,5024.9450520925,5024.761965674814,5025.449899913743,0.6879342389293015,0.75,0.4404442207758929,7
2023-07-28,2023-07-24,2023-08-01,2.862339568456262,5.616351353212272,5080.06544364827,5079.70611537341,5080.672348977067,0.966233603656292,0.5,0.4976060190976383,7
2023-07-28,2023-07-24,2023-08-01,2.7286421192512846,5.455342327953969,5117.822537447238,5117.590360884089,5118.329254373908,0.73889348981902,0.75,0.4608231324195699,7
2023-07-28,2023-07-24,2023-08-01,3.787777109178304,5.8118450178660455,5126.786254073219,5125.786131916102,5151.1144330049865,25.328301088884473,1.25,0.1950773186661036,7
2023-07-28,2023-07-24,2023-08-01,4.608159564199764,5.179802418904893,5146.432864061775,5146.008687931113,5147.008519461844,0.9998315307311714,0.75,0.3942672073318976,7
2023-07-28,2023-07-24,2023-08-01,5.708155155831949,5.378671182340743,5157.937174240732,5147.916744271759,5178.292373570148,30.37562929838896,1.75,0.3476101144971633,7
2023-07-28,2023-07-24,2023-08-01,5.199438944598845,5.908002688485139,3993.9740632166177,3993.634821441956,3994.76984387869,1.135022436734289,1.0,0.3245502422411395,7
2023-07-28,2023-07-24,2023-08-01,2.3551671800904908,6.140522113833632,4269.118957709648,4268.82227882836,4269.534202645998,0.7119238176383078,0.5,0.1634637291174057,7
2023-07-28,2023-07-24,2023-08-01,5.400469705591825,6.025110853019935,3289.435303979,3288.960312861018,3289.923185617663,0.9628727566450834,4.75,0.4556901160556403,7
2023-07-28,2023-07-24,2023-08-01,2.4498300983056427,8.78903729907519,3287.0828320416895,3287.039236678276,3287.5225720573217,0.4833353790454566,1.5,0.2156188102861556,7
2023-07-28,2023-07-24,2023-08-01,2.149817477577329,5.019845228739926,3287.0685921705995,3287.039236678276,3287.5225720573217,0.4833353790454566,1.75,0.3206574926719341,7
2023-07-28,2023-07-24,2023-08-01,2.6175065811805425,7.242884615560128,3286.3814536073464,3286.298466928769,3286.7892338293605,0.4907669005915522,1.25,0.2936200923233789,7
2023-07-28,2023-07-24,2023-08-01,2.571223309119176,5.340145701063059,3822.246674905178,3821.6899493890814,3822.870109579991,1.180160190910101,1.0,0.3991030859355371,7
2023-07-28,2023-07-24,2023-08-01,3.21285604004804,6.684178945337377,3505.508688958129,3504.6358947702684,3506.5063485298306,1.870453759562224,0.75,0.2845196574993602,7
2023-07-28,2023-07-24,2023-08-01,2.8996033316311425,10.560062029120074,999.5071148980388,979.7955702026376,1007.1357080545276,27.340137851890177,0.5,0.2687103851531169,7
2023-07-28,2023-07-24,2023-08-01,3.2297694108808415,6.941282770590243,81.43900735595653,81.23188260570168,81.80796952918172,0.5760869234800339,1.0,0.3772618942731354,7
2023-07-28,2023-07-24,2023-08-01,14.700897080194112,7.205693470116534,136.93725576604547,87.75779035594314,251.2581852292642,163.50039487332106,1.5,0.6964438647317372,7
2023-07-28,2023-07-24,2023-08-01,2.6199916283569302,5.621696254780938,3118.6099198347206,3118.525716327131,3119.0098852566443,0.4841689295135438,1.5,0.2189621226905003,7
2023-07-28,2023-07-24,2023-08-01,2.6677074008165853,5.03679081159896,3922.413928750561,3922.184140042402,3922.8961002803408,0.7119602379389107,0.75,0.3526660983096663,7
2023-07-28,2023-07-24,2023-08-01,4.490252705560438,5.157190665588798,3948.2584461129127,3947.968030776829,3948.9159369636327,0.9479061868041754,1.0,0.2791505313816866,7
2023-07-28,2023-07-24,2023-08-01,2.9344770061735064,9.234718630101526,895.3226954641078,895.0491700856946,895.7774560288526,0.7282859431579709,0.75,0.1556677643735793,7
2023-07-28,2023-07-24,2023-08-01,2.408542840098962,5.5331222569366965,1183.4686551617165,1183.2124938289635,1183.9508324936032,0.7383386646397412,0.75,0.3896603759782113,7
2023-07-28,2023-07-24,2023-08-01,3.3377987892869867,19.49966442172464,1205.5917830351552,1205.3034679112025,1206.0393225657754,0.7358546545729041,0.75,0.2849113986370399,7
2023-07-28,2023-07-24,2023-08-01,3.7720143492299134,11.491507250649429,1837.418714648517,1837.1687704757787,1837.8813472827896,0.7125768070109189,0.75,0.1268391222621945,7
2023-07-28,2023-07-24,2023-08-01,3.609340210779291,10.512275849242489,896.3147015465233,896.0388447553851,896.767041423358,0.7281966679729521,0.75,0.2376813601822869,7
2023-07-28,2023-07-24,2023-08-01,2.620312337401323,7.921016629097728,750.9390001709888,750.7754081049934,751.3208528622054,0.5454447572119534,1.25,0.2137051280594226,7
2023-07-28,2023-07-24,2023-08-01,24.03457959380578,7.103909955650875,895.3207109172612,894.5689999763854,896.2777341739275,1.7087341975420711,5.5,0.3573098938969021,7
2023-07-28,2023-07-24,2023-08-01,8.689643807903957,8.770959917784582,896.087516303061,895.5385666103102,896.767041423358,1.2284748130477965,1.5,0.3079642653449488,7
2023-07-28,2023-07-24,2023-08-01,4.126968788994662,9.845807059591696,896.2697152194327,895.7941910400987,896.767041423358,0.972850383259356,1.0,0.2579276790128615,7
2023-07-28,2023-07-24,2023-08-01,2.1879398093224505,9.056523318153936,904.465066987296,903.8469260646962,905.315255862195,1.4683297974988818,0.75,0.3399503450129293,7
2023-07-28,2023-07-24,2023-08-01,5.000960657320637,10.850611642451714,979.9527054019126,959.8125235103072,987.832415728364,28.019892218057063,0.5,0.200780532538698,7
2023-07-28,2023-07-24,2023-08-01,2.2743676120569,9.367466949912492,948.32354935397,947.8187925526872,948.956577828154,1.13778527546674,0.5,0.3627329570394932,7
2023-07-28,2023-07-24,2023-08-01,2.544113779568858,10.342191381397974,941.7351308895866,941.2932561780326,942.4215858019888,1.1283296239562333,0.75,0.2239538035451027,7
2023-07-28,2023-07-24,2023-08-01,2.5091821743424987,11.325140928811551,928.7600829317,928.3744840850122,929.3587567405776,0.9842726555652916,0.5,0.2490772511274652,7
2023-07-28,2023-07-24,2023-08-01,4.521422996891848,5.927161295239647,915.4405594497778,912.4736359808594,919.284821223002,6.811185242142528,1.25,0.2011432974763494,7
2023-07-28,2023-07-24,2023-08-01,2.7601522307805717,5.535772236695199,908.8504261387149,908.5339028681628,909.748660356272,1.2147574881091714,1.5,0.3808381696301399,7
2023-07-28,2023-07-24,2023-08-01,2.497529745729547,11.485500254549308,927.75743814649,927.5009303935803,928.2367289946416,0.7357986010611057,0.75,0.1992624217188376,7
2023-07-28,2023-07-24,2023-08-01,4.40478344661789,5.474999508503566,750.8980862346918,750.4740960411727,751.6274081682786,1.1533121271058917,1.75,0.3431080246311468,7
2023-07-28,2023-07-24,2023-08-01,2.0660016917452215,5.011069656559163,239.9483231098075,193.02681438298896,327.85617373418063,134.82935935119167,0.75,0.2080401599230819,7
2023-07-28,2023-07-24,2023-08-01,2.4753261687231247,11.370359309898395,669.666918205315,658.9674688871019,677.4704597811215,18.502990894019604,1.25,0.3181025749699806,7
2023-07-28,2023-07-24,2023-08-01,3.254042367475387,6.552471755676715,591.9651603088512,580.6867604595609,619.1084141163155,38.42165365675464,0.5,0.362133612463773,7
2023-07-28,2023-07-24,2023-08-01,4.596216287719738,7.048093567895831,507.6305281994386,487.7728851418942,545.905995966401,58.13311082450673,1.0,0.3519783585252112,7
2023-07-28,2023-07-24,2023-08-01,2.2158486628672107,6.58882790917054,590.6782030853793,589.1456645280123,592.997265629936,3.851601101923734,0.75,0.3193661651139168,7
2023-08-01,2023-08-01,2023-08-01,7.45795057011177,9.94640156414668,742.9357574519079,741.9816364808939,743.995525884442,2.0138894035480917,2.75,0.4095207346721929,8
2023-08-01,2023-08-01,2023-08-01,2.1706245070429517,8.968272616566784,4124.9480360171565,4124.852393010631,4125.327810799237,0.475417788606137,1.25,0.0839532142262766,8
2023-08-01,2023-08-01,2023-08-01,2.5741176933142356,8.48205308132611,1439.9595599537715,1439.9595599537715,1440.198449372314,0.2388894185423851,1.25,0.0880462413097316,8
2023-08-04,2023-08-01,2023-08-07,2.261880862149689,5.88611512816295,3291.8717736951075,3291.8717736951075,3292.11066311365,0.2388894185423851,1.0,0.0264923932673474,8
2023-08-12,2023-08-07,2023-08-17,2.860478619885817,6.330739777702987,3991.3581576726506,3990.893398404587,3992.077775355894,1.1843769513070583,0.5,0.1388821578339505,8
2023-08-12,2023-08-07,2023-08-17,2.4023376874523237,6.349300623242702,3734.878554242506,3734.6283464594744,3735.346209488343,0.7178630288690329,0.75,0.2556454366084715,8
2023-08-12,2023-08-07,2023-08-17,3.4655568503234537,6.028537614729491,3244.749142118525,3244.5087819471955,3245.2281424850225,0.7193605378270149,1.25,0.1988392552870732,8
2023-08-12,2023-08-07,2023-08-17,4.241215861741919,9.849488562716193,3284.777634241874,3284.473637243267,3285.2013703011908,0.727733057923615,2.5,0.2154550200016713,8
2023-08-12,2023-08-07,2023-08-17,2.4662035790525376,5.96887537995393,3287.039236678276,3287.039236678276,3287.2781260968186,0.2388894185423851,1.75,0.2059854269654004,8
2023-08-12,2023-08-07,2023-08-17,2.093000973828882,8.15253618722165,3287.0468497194884,3287.039236678276,3287.5225720573217,0.4833353790454566,1.5,0.1722473337562502,8
2023-08-12,2023-08-07,2023-08-17,2.3263250453098396,5.694169627785839,3306.7667261378115,3305.802751583513,3308.4082979424857,2.605546358972788,1.75,0.0360193139711068,8
2023-08-12,2023-08-07,2023-08-17,4.919259878955595,5.962805039576869,4864.2591013907795,4847.043146793731,4871.351267108228,24.3081203144975,1.5,0.277827906679855,8
2023-08-12,2023-08-07,2023-08-17,3.1263732927473264,5.7677417826618,5126.146947609065,5125.786131916102,5126.773185391445,0.987053475342691,1.25,0.1135679229768071,8
2023-08-12,2023-08-07,2023-08-17,2.0698503794450027,6.378115095777779,3219.1341586094445,3218.9473425759934,3219.4246721989475,0.4773296229541302,3.0,0.1390998709044333,8
2023-08-12,2023-08-07,2023-08-17,2.397013857593042,7.210087584307508,3306.6058548108563,3305.802751583513,3308.6545275999233,2.85177601641044,2.0,0.0440657163808533,8
2023-08-12,2023-08-07,2023-08-17,4.323260640869662,6.3527078649170905,751.0089990286667,750.7754081049934,751.6274081682786,0.8520000632852316,2.0,0.0999471938289164,8
2023-08-12,2023-08-07,2023-08-17,3.73352030554954,7.432042696572418,2970.3142385649926,2969.6636419435963,2971.3193792290986,1.655737285502255,1.75,0.4060424800331219,8
2023-08-19,2023-08-17,2023-08-22,3.6160203950347007,7.180466192284021,3304.643996258508,3303.58394526504,3306.0416410020553,2.457695737015456,3.25,0.0608161171934207,8
2023-08-19,2023-08-17,2023-08-22,3.0175096527692773,6.484916091399234,1370.267437892002,1368.511804234702,1372.208567420952,3.696763186249882,2.0,0.0509929646805884,8
2023-08-26,2023-08-22,2023-08-31,7.04983397775637,5.04094652588576,2583.3025700211447,2581.9942352394573,2584.389419823885,2.395184584427625,1.0,0.6242849535218387,8
2023-08-26,2023-08-22,2023-08-31,7.104785113480129,6.79205438336674,3077.5178482022156,3054.451981574297,3101.059849301353,46.607867727056146,2.0,0.244860195940646,8
2023-08-26,2023-08-22,2023-08-31,2.811636483817734,8.611111482831003,2987.1996943184445,2987.1037625628524,2987.5746534545906,0.4708908917382359,1.25,0.2360389293612241,8
2023-08-26,2023-08-22,2023-08-31,4.004789393104707,8.039175115599777,2969.8889104510527,2969.430320561398,2970.6019988614134,1.1716783000156283,1.5,0.2578231653478946,8
2023-08-26,2023-08-22,2023-08-31,2.897018548122514,9.854040798538636,1410.0774025583132,1409.5201213601977,1410.7480095308274,1.2278881706297398,0.5,0.3006549441334893,8
2023-08-26,2023-08-22,2023-08-31,2.742761081110686,9.78810571320321,1361.6791540981096,1361.4715548842214,1362.4665674767457,0.99501259252429,0.75,0.2896071662783805,8
2023-08-26,2023-08-22,2023-08-31,2.44444493358815,10.240084021192205,1360.8627849901518,1360.4723317432215,1361.467560105957,0.9952283627353607,0.75,0.2824009633178326,8
2023-08-26,2023-08-22,2023-08-31,2.2859220960082487,6.927036442328341,1350.4486176766698,1345.6856657322496,1359.7599985180425,14.074332785792649,0.75,0.2410957675088632,8
2023-08-26,2023-08-22,2023-08-31,2.307157693090737,9.455555186828368,1260.8140521911423,1260.4179827724583,1261.5183009188622,1.100318146403879,1.5,0.1425206857445293,8
2023-08-26,2023-08-22,2023-08-31,3.4117815283177606,5.535328875062321,3311.9261242783914,3310.489510856569,3314.6541854236275,4.164674567058682,1.75,0.0446857607849721,8
2023-08-26,2023-08-22,2023-08-31,3.3030830803726334,5.766429779677426,3291.878944780002,3291.8717736951075,3292.354911042843,0.4831373477354646,1.25,0.1036240671481814,8
2023-08-26,2023-08-22,2023-08-31,3.436991648101248,5.011222512793334,3441.6577562727034,3441.6577562727034,3441.896645691246,0.2388894185423851,1.25,0.1335048585768095,8
2023-08-26,2023-08-22,2023-08-31,2.1214712175072172,7.738513390065883,3245.4734896705486,3245.4734896705486,3245.712379089091,0.2388894185423851,1.5,0.2359814895622491,8
2023-08-26,2023-08-22,2023-08-31,2.2059269880916,9.410933992701498,3249.8259982273375,3249.790803004056,3250.269615754951,0.4788127508945763,1.5,0.3342545211392611,8
2023-08-26,2023-08-22,2023-08-31,3.903967905679531,9.622039519879724,1227.109281207311,1226.6987798507323,1227.9255650294945,1.2267851787619293,1.0,0.2142478017377902,8
2023-08-26,2023-08-22,2023-08-31,2.3909820789419114,10.777196480276238,660.4326541801578,658.3269908297807,676.7895027040504,18.462511874269698,0.75,0.3306772205800934,8
2023-08-26,2023-08-22,2023-08-31,2.9991402509304605,9.432370428912105,1228.579889788697,1228.23442065157,1229.2133957995102,0.9789751479402184,0.5,0.1427981026020974,8
2023-08-26,2023-08-22,2023-08-31,3.615262518354375,7.674684056994017,909.062024726896,908.7792356531136,909.748660356272,0.9694247031584382,1.25,0.2623439366755509,8
2023-08-26,2023-08-22,2023-08-31,5.3041925518532285,5.805218794429133,908.8638720627134,908.5339028681628,909.508790853899,0.9748879857361316,2.25,0.3582454193486262,8
2023-08-26,2023-08-22,2023-08-31,39.96276090896111,7.830288516904967,895.6686511260453,894.5689999763854,896.767041423358,2.1980414469726384,6.75,0.7206772517305282,8
2023-08-26,2023-08-22,2023-08-31,2.5113447208038533,10.937327305160268,915.29671250214,915.0114426258953,915.738378109876,0.7269354839809239,0.75,0.1374846221796133,8
2023-08-26,2023-08-22,2023-08-31,2.273993750116881,11.463337556456032,926.8302233890392,926.4909346411004,927.474885086529,0.9839504454284906,0.75,0.2929455093000177,8
2023-08-26,2023-08-22,2023-08-31,2.6739418174169964,5.866946575694929,868.9303312862718,868.1750313290395,870.116674521938,1.941643192898482,0.5,0.1359638202040747,8
2023-08-26,2023-08-22,2023-08-31,2.8686053392928557,5.828098580633825,863.6381438986076,862.6961531457491,864.206299177371,1.5101460316218436,0.5,0.3874133606592611,8
2023-08-26,2023-08-22,2023-08-31,2.024196043500304,10.702959555005334,657.502436863236,656.9516689814627,658.1523767248727,1.200707743410021,0.75,0.1692316588765496,8
2023-08-26,2023-08-22,2023-08-31,2.012572221895223,6.771535479191565,493.2174767872553,489.3731936980039,545.905995966401,56.53280226839706,0.75,0.1304499697143679,8
2023-08-26,2023-08-22,2023-08-31,2.4981831082892603,9.288717294665664,751.1129489423487,750.7754081049934,751.6274081682786,0.8520000632852316,1.5,0.1578960839919707,8
2023-08-26,2023-08-22,2023-08-31,2.7484108158592138,7.781418976179818,750.9520274468985,750.7754081049934,751.3208528622054,0.5454447572119534,1.0,0.2410903851975065,8
2023-08-26,2023-08-22,2023-08-31,3.291079185702652,6.608537641417534,749.8659944257943,749.5544943655841,750.7129854597151,1.1584910941310227,1.0,0.2944386592949888,8
2023-08-26,2023-08-22,2023-08-31,6.998698503270279,8.051790809153726,752.9583292779265,752.6298906700686,754.324403942097,1.6945132720284164,2.25,0.3216002230166381,8
2023-08-26,2023-08-22,2023-08-31,3.5849931387426426,9.518390634723902,693.2448677065616,688.7305039237253,701.9092715042643,13.178767580538988,1.0,0.1844352930449044,8
2023-08-26,2023-08-22,2023-08-31,21.73981213929716,5.191898367596479,3312.2062414765473,3306.293795700185,3317.8109652665444,11.517169566359373,4.75,0.1455480650155927,8
2023-08-26,2023-08-22,2023-08-31,6.904119196351618,11.13092689155009,1837.32952264392,1836.9319267459216,1837.8813472827896,0.9494205368682742,1.0,0.0631921727151996,8
2023-08-26,2023-08-22,2023-08-31,3.834357918010465,10.50070358795983,896.1500478413892,895.7941910400987,896.767041423358,0.972850383259356,0.75,0.296354192581183,8
2023-08-26,2023-08-22,2023-08-31,2.6171697471003985,9.244216127047702,895.3204497491216,895.0491700856946,895.7774560288526,0.7282859431579709,0.75,0.2515551362779922,8
2023-09-02,2023-08-31,2023-09-05,2.876679144693687,7.056207842982405,3085.705699146381,3059.654253306798,3106.59977111686,46.945517810061574,1.25,0.164175788975398,9
2023-09-09,2023-09-05,2023-09-14,3.9877291052795014,5.159911326946242,4979.174975746331,4978.590390374418,4979.798571450636,1.2081810762174428,0.75,0.16299227851154,9
2023-09-09,2023-09-05,2023-09-14,5.287854904519114,6.713159625134811,3505.7744699918626,3504.8686153236777,3506.739004947245,1.870389623567462,1.0,0.2185669784511956,9
2023-09-09,2023-09-05,2023-09-14,4.877436134837223,5.6300447607001365,3244.809784123684,3244.5087819471955,3245.2281424850225,0.7193605378270149,1.5,0.3118623972255108,9
2023-09-09,2023-09-05,2023-09-14,4.136613113155345,8.010688218909936,3246.5035442169733,3245.9536639167927,3247.152488438878,1.1988245220854878,4.5,0.2016112025914007,9
2023-09-09,2023-09-05,2023-09-14,2.3835556041429755,13.481347942314084,2159.5773597337943,2159.2181949457154,2160.199767958373,0.9815730126574636,0.75,0.1971487111589365,9
2023-09-09,2023-09-05,2023-09-14,2.946737408356648,9.026128325126098,3065.890144745819,3054.451981574297,3101.059849301353,46.607867727056146,1.25,0.0791630496718709,9
2023-09-09,2023-09-05,2023-09-14,2.3330633394163107,8.556830946039897,2987.227763679957,2987.1037625628524,2987.5746534545906,0.4708908917382359,0.75,0.0378649306056111,9
2023-09-09,2023-09-05,2023-09-14,8.212111026920285,7.543619346843212,2970.458938254793,2969.6636419435963,2971.5526679838076,1.88902604021132,2.5,0.3799730413936197,9
2023-09-09,2023-09-05,2023-09-14,2.6015726569637656,8.985474948761647,2967.7645429835575,2967.5617293762043,2968.267392121721,0.7056627455167472,0.75,0.0429038882308002,9
2023-09-09,2023-09-05,2023-09-14,3.763083886374188,8.49753417877967,2676.7842073727147,2676.2354508829303,2677.933854901232,1.6984040183015168,1.25,0.1471320308355173,9
2023-09-09,2023-09-05,2023-09-14,4.038112078097183,11.677968601525558,5208.435998660345,5189.451185657177,5218.577212417964,29.12602676078677,1.0,0.234778713841075,9
2023-09-09,2023-09-05,2023-09-14,2.397015828430746,5.468026888087226,5148.148532430422,5147.916744271759,5148.664677994791,0.7479337230324745,0.75,0.1906864917126283,9
2023-09-09,2023-09-05,2023-09-14,3.5676360905372535,5.740876596978458,5126.212939214982,5125.786131916102,5127.022855065763,1.2367231496609747,1.25,0.1175719141001752,9
2023-09-09,2023-09-05,2023-09-14,4.515715928682872,13.331802851723449,4680.699251856693,4660.887128171977,4714.90134286508,54.014214693102986,1.0,0.055044727376976,9
2023-09-09,2023-09-05,2023-09-14,2.580834666540101,7.217013607664946,750.361285838371,750.1675622318871,750.7129854597151,0.545423227827996,0.75,0.1690329405239232,9
2023-09-09,2023-09-05,2023-09-14,2.113082018351555,9.478771971773028,1830.4927745903108,1830.242028045468,1830.953454699833,0.7114266543649137,0.75,0.2426084817784479,9
2023-09-09,2023-09-05,2023-09-14,3.9133783570994622,11.243930365858292,1837.1726774306487,1836.9319267459216,1837.6445035678337,0.71257682191208,0.75,0.0338810021190194,9
2023-09-09,2023-09-05,2023-09-14,3.8281623209405695,9.560831495560327,2974.128223437881,2973.814658238087,2974.7506097536534,0.9359515155665576,1.0,0.1016623499284286,9
2023-09-09,2023-09-05,2023-09-14,4.57071782840807,5.161347039791316,3948.2523421755704,3947.968030776829,3948.9159369636327,0.9479061868041754,1.0,0.1482574037933726,9
2023-09-09,2023-09-05,2023-09-14,2.679813122101222,10.26491703251017,1089.1454910611449,1088.890979344491,1089.773540881928,0.8825615374371409,0.75,0.0915972781829277,9
2023-09-09,2023-09-05,2023-09-14,7.912172820245848,9.301769439911352,1832.090509738868,1831.8446218683384,1832.5517162117176,0.7070943433791399,1.0,0.0700932641208551,9
2023-09-09,2023-09-05,2023-09-14,5.143970016060397,9.74894753829614,1836.5841426164752,1833.7279909057545,1850.0562558863312,16.328264980576932,0.75,0.0378267418250333,9
2023-09-09,2023-09-05,2023-09-14,5.066676150243916,11.056612914290644,1837.27599007173,1836.9319267459216,1837.8813472827896,0.9494205368682742,1.0,0.2010740108968223,9
2023-09-09,2023-09-05,2023-09-14,3.632001858245768,7.576308300383558,909.1991467378222,908.7792356531136,909.748660356272,0.9694247031584382,1.25,0.1147995111504418,9
2023-09-09,2023-09-05,2023-09-14,3.0930141771185213,11.356173569783602,895.8270129950541,895.5385666103102,896.2777341739275,0.7391675636172295,1.0,0.1883864791374101,9
2023-09-16,2023-09-14,2023-09-18,2.741532532553477,11.098652224158048,385.4186494153323,383.38255737768486,388.2102338946424,4.827676516957581,1.5,0.0831037843978799,9
2023-09-16,2023-09-14,2023-09-18,2.186601491077421,5.885871705566426,146.90803747024552,86.0497330785729,250.13819452375176,164.08846144517884,1.0,0.1100574171863533,9
2023-09-16,2023-09-14,2023-09-18,2.315899791639941,5.114387060824099,187.46924565907895,176.4971398934722,314.9462238298729,138.4490839364007,0.75,0.0723619510744211,9
2023-09-23,2023-09-18,2023-09-28,4.288855906255897,5.580210011964089,3291.820355664814,3291.627525941003,3292.354911042843,0.7273851018399,1.5,0.0719962102027127,9
2023-09-23,2023-09-18,2023-09-28,3.306998776554316,9.396884268977884,1228.497407645218,1228.23442065157,1229.2133957995102,0.9789751479402184,0.75,0.1695542985406484,9
2023-09-23,2023-09-18,2023-09-28,3.777542847598531,9.851770322840128,896.2156603453536,896.0191456051543,896.7472594217397,0.7281138165853918,1.0,0.1298732934975888,9
2023-09-23,2023-09-18,2023-09-28,6.579421893115901,11.406148489173052,896.1949758991213,896.0191456051543,896.767041423358,0.7478958182036877,1.5,0.2258426246193789,9
2023-09-23,2023-09-18,2023-09-28,4.810972499977424,6.437268669208016,751.0652436615541,750.7754081049934,751.6274081682786,0.8520000632852316,2.25,0.2267733657943416,9
2023-10-05,2023-09-28,2023-10-13,2.893054178221804,9.084133659140578,894.7988785454567,894.5689999763854,895.288059504237,0.7190595278516412,1.25,0.1519287951288483,10
2023-10-05,2023-09-28,2023-10-13,9.38782859199494,9.919620500384246,896.1524956440107,895.5385666103102,896.767041423358,1.2284748130477965,1.25,0.2742958574050558,10
2023-10-05,2023-09-28,2023-10-13,30.918583703892587,7.257021015640614,895.7165482042852,894.804472012911,896.767041423358,1.9625694104470313,5.75,0.4810009335722398,10
2023-10-05,2023-09-28,2023-10-13,3.071865296894964,10.917377682884885,896.2452580521735,896.0191456051543,896.767041423358,0.7478958182036877,0.75,0.1182536094635433,10
2023-10-05,2023-09-28,2023-10-13,5.145076671291794,10.503114889356263,896.1748326506371,895.7941910400987,896.767041423358,0.972850383259356,0.75,0.2247876203988896,10
2023-10-05,2023-09-28,2023-10-13,3.374795593536646,13.98922941639496,2990.3394378416506,2990.090217022691,2990.796463384293,0.7062463616020977,0.75,0.2088359446243992,10
2023-10-05,2023-09-28,2023-10-13,2.2757734762850217,6.62544451789474,3707.033054537198,3706.919421789237,3707.393802483566,0.4743806943297386,1.0,0.1121856941603227,10
2023-10-05,2023-09-28,2023-10-13,4.102359595543519,20.454949096323624,1880.7017132065996,1879.285609549377,1882.374972557649,3.089363008271903,0.75,0.0717695764495185,10
2023-10-05,2023-09-28,2023-10-13,2.6516020734420045,11.252684643420702,1836.916415668916,1836.792761419434,1837.4076598943211,0.6148984748870134,1.0,0.1232812008716943,10
2023-10-05,2023-09-28,2023-10-13,2.6330929212933403,7.646973614673989,1778.9637587962948,1778.8512993645854,1779.38435167633,0.5330523117445409,1.75,0.022937104296985,10
2023-10-22,2023-10-13,2023-11-01,2.8704534475570544,19.723191239469617,1882.6508779271333,1882.3738018739969,1883.0881287460215,0.7143268720246851,1.5,0.1728655448995564,10
2023-10-22,2023-10-13,2023-11-01,3.775397023396473,7.780697107258454,1831.055905850187,1830.968764060177,1831.4434626838192,0.4746986236423254,1.0,0.2598975764915412,10
2023-10-22,2023-10-13,2023-11-01,2.227990814788174,9.002560459081305,1619.4240825306936,1619.1807669568807,1619.6911448207684,0.5103778638876975,1.0,0.1515915748117624,10
2023-11-08,2023-11-01,2023-11-16,3.592599437551386,5.263006354249405,1821.6716227487443,1821.427015812602,1822.136233339552,0.7092175269499421,0.75,0.3227831924015767,11
2023-11-08,2023-11-01,2023-11-16,11.402187766463218,7.394420176563023,1765.7082196687809,1765.218129787594,1766.346488820389,1.1283590327948332,1.0,0.3750012095920096,11
2023-11-08,2023-11-01,2023-11-16,4.2965020398751825,7.036901662981484,1778.7745547898394,1778.557136323303,1779.38435167633,0.8272153530269861,0.75,0.2241639415107132,11
2023-11-08,2023-11-01,2023-11-16,3.2036970197411256,7.673627663386101,1769.0217794347377,1768.8472256199457,1769.3827569852583,0.5355313653126359,1.0,0.1560094129944533,11
2023-11-08,2023-11-01,2023-11-16,6.949975214687921,20.439790457141456,1880.331117822216,1878.5732781938275,1882.374972557649,3.801694363821298,0.75,0.0802743901751179,11
2023-11-21,2023-11-16,2023-11-27,2.469542655900214,9.45268321532155,3070.3043729044407,3054.451981574297,3101.059849301353,46.607867727056146,1.5,0.0669333489923651,11
2023-11-21,2023-11-16,2023-11-27,2.409699662108254,5.728126191962651,3291.673094909179,3291.627525941003,3292.11066311365,0.4831371726468205,1.5,0.0649724433909915,11
2023-11-21,2023-11-16,2023-11-27,3.992055930150496,5.184341647834266,3559.3346940880906,3557.443428328261,3561.668343412224,4.224915083963424,2.75,0.0681743348524954,11
2023-11-21,2023-11-16,2023-11-27,2.3997013038292896,7.313831569861107,3308.1993182048973,3305.295013751369,3311.2222361019813,5.927222350612283,2.25,0.1039023241019665,11
2023-11-21,2023-11-16,2023-11-27,5.508373129552044,11.251918483206987,896.2212576417385,896.0191456051543,896.767041423358,0.7478958182036877,1.25,0.2483832746965175,11
2023-11-21,2023-11-16,2023-11-27,3.2487933697264646,9.828861500768038,896.1656315099283,896.0191456051543,896.5026471880265,0.4835015828721225,1.0,0.1261344096863714,11
2023-11-21,2023-11-16,2023-11-27,6.056778428781778,8.233063133285214,1776.4822800466409,1776.2111736866646,1777.0300375311635,0.818863844498992,0.75,0.045809150973366,11
2023-11-21,2023-11-16,2023-11-27,2.7503494034906852,7.003190614315128,1777.381888609845,1777.3818886098452,1777.6207780283876,0.2388894185423851,1.25,0.232269688174842,11
2023-11-21,2023-11-16,2023-11-27,8.940099057645071,7.044684936338613,1777.5791018337534,1777.4452169905417,1777.9787779222245,0.5335609316825867,2.25,0.3394123701778095,11
2023-11-21,2023-11-16,2023-11-27,2.0700801313432864,5.500000000000001,1769.2856805128974,1767.709321421571,1771.1046017054468,3.3952802838757634,0.25,0.0151572989462825,11
2023-11-21,2023-11-16,2023-11-27,2.0375696703738533,13.542911645885953,1640.7430760740333,1639.9682726645842,1641.4862890783695,1.5180164137855172,1.0,0.0424548069665781,11
2023-11-21,2023-11-16,2023-11-27,14.182189916254025,6.8477376176312905,1776.2622959715388,1775.9156842813827,1777.0300375311635,1.1143532497808335,1.75,0.0273407498372296,11
2023-12-05,2023-11-27,2023-12-13,2.6574692572837604,15.127026074823236,3801.13064571156,3781.6890090443194,3818.4601887916215,36.771179747302085,1.25,0.0401881454992303,12
2023-12-05,2023-11-27,2023-12-13,5.933872211835906,9.91232722516356,896.2745977120608,896.0191456051543,896.767041423358,0.7478958182036877,1.0,0.1739507641060211,12
2023-12-05,2023-11-27,2023-12-13,26.622738609918393,7.360679393039225,895.8979819113343,894.804472012911,896.767041423358,1.9625694104470313,5.5,0.4696739020390206,12
2023-12-05,2023-11-27,2023-12-13,2.1103556928624396,9.096363818767824,894.6775534068009,894.5689999763854,895.0433614314534,0.4743614550679922,1.0,0.1522413821161805,12
2023-12-05,2023-11-27,2023-12-13,3.462159842791781,19.44451420643315,1882.8737899995072,1882.3738018739969,1883.4188221078368,1.0450202338397503,1.5,0.2968368349773298,12
2023-12-05,2023-11-27,2023-12-13,2.814280989680998,21.0344008009721,2553.500929345118,2553.372171655763,2553.8153067892417,0.4431351334787905,0.75,0.1072514246268574,12
2023-12-05,2023-11-27,2023-12-13,2.0169517218830064,10.46078875961073,1445.9238148783406,1445.6066524535418,1446.3400790472515,0.7334265937097371,1.0,0.2859250387980294,12
2023-12-05,2023-11-27,2023-12-13,6.219069746939185,10.445915503467056,1762.761887484399,1762.091867243871,1763.6976795699447,1.6058123260736463,1.25,0.2261949809072905,12
2023-12-05,2023-11-27,2023-12-13,2.9920857866785484,9.761541433291423,1830.2368033284097,1829.4951081108304,1831.1897234474309,1.694615336600691,0.75,0.1957402684926967,12
2023-12-05,2023-11-27,2023-12-13,6.955904450056143,9.59188641435142,1837.8327543412545,1833.7279909057545,1850.0562558863312,16.328264980576932,1.0,0.0203421556543167,12
2023-12-05,2023-11-27,2023-12-13,2.273775763522461,10.974568940157235,1837.142533799732,1835.7675867704677,1837.8813472827896,2.113760512322187,0.75,0.109095022894603,12
2023-12-05,2023-11-27,2023-12-13,4.071704110909066,7.015949205614428,81.26141889976148,80.89469862636179,81.80796952918172,0.9132709028199316,0.75,0.2213730279663672,12
2023-12-05,2023-11-27,2023-12-13,2.118617145901537,5.199398624773255,3686.0533745578023,3684.345797308255,3687.8306497032754,3.4848523950204253,2.0,0.0534519334273131,12
2023-12-05,2023-11-27,2023-12-13,8.822546531735798,9.019265713985565,3559.048342971697,3557.443428328261,3561.9011290171184,4.457700688857585,5.25,0.0973453446501604,12
2023-12-05,2023-11-27,2023-12-13,3.1403811710271055,10.985753192903942,1837.4589696774049,1837.1687704757787,1837.8813472827896,0.7125768070109189,0.75,0.2239070144574895,12
2023-12-05,2023-11-27,2023-12-13,2.845211197146773,8.763477253874003,3792.6442711468017,3792.4256234923378,3793.147309477441,0.7216859851032495,0.75,0.2208807885388597,12
2023-12-20,2023-12-13,2023-12-28,3.256337617008742,23.304381226845084,2891.7576745656365,2890.043410711456,2893.982683863025,3.939273151569069,3.25,0.0600911141581184,12
2023-12-20,2023-12-13,2023-12-28,2.387370070933551,8.80302182792622,896.1363181816284,896.0388447553851,896.5223878291436,0.4835430737584829,0.75,0.0137244890400865,12
2023-12-20,2023-12-13,2023-12-28,5.1722198842501275,9.765763052278391,895.9341965398088,895.5385666103102,896.5223878291436,0.9838212188333272,1.25,0.0717183092219009,12
2023-12-20,2023-12-13,2023-12-28,2.014402174563613,8.851133430874206,895.4873316418259,895.2938684150577,896.033080458641,0.7392120435833931,0.5,0.0843525233493691,12
2023-12-20,2023-12-13,2023-12-28,2.2347089824611324,7.028955617973024,895.1919752522592,894.804472012911,895.7774560288526,0.97298401594162,1.0,0.0387833266378589,12
2023-12-20,2023-12-13,2023-12-28,5.737141400654334,5.106621319949138,895.5740842928394,895.0491700856946,896.033080458641,0.9839103729464114,2.0,0.1394450507772027,12
2023-12-20,2023-12-13,2023-12-28,14.945429664026014,7.374761986585334,1769.8559871454092,1769.143867566716,1770.8083521891383,1.6644846224226058,1.0,0.0272074290593968,12
2023-12-20,2023-12-13,2023-12-28,2.8838850051146,5.858692703393374,3291.8717736951075,3291.8717736951075,3292.11066311365,0.2388894185423851,1.0,0.0410282879927531,12
2023-12-20,2023-12-13,2023-12-28,2.4044981436312667,7.604450827749492,3058.233622134934,3057.76243437687,3058.9049729485996,1.142538571730256,2.25,0.1253202852574686,12
2023-12-20,2023-12-13,2023-12-28,2.119597727242298,6.696701418337003,3005.21120433201,3004.8728582933545,3005.786573744379,0.9137154510244728,1.0,0.1203308683909765,12
2023-12-20,2023-12-13,2023-12-28,2.3504606404887234,13.145907198266263,2885.1630572773784,2883.7755630062893,2886.654032000806,2.8784689945168793,2.5,0.0611745036635003,12
2023-12-20,2023-12-13,2023-12-28,2.99639027538891,21.673953368018676,2891.841897173738,2890.5452304501086,2893.732974587474,3.187744137365371,3.5,0.0719443520599594,12
2023-12-20,2023-12-13,2023-12-28,4.279353840743956,25.709255144483073,2893.4687591938414,2891.782189680729,2895.4658803055063,3.683690624777227,3.75,0.0742095504783868,12
2023-12-20,2023-12-13,2023-12-28,2.003104377292488,8.444026268953406,2881.517316677339,2879.7903245319612,2883.514169399161,3.7238448671996593,2.5,0.0559102258253885,12
2023-12-20,2023-12-13,2023-12-28,4.058554203975982,7.302354523672871,2873.2125433206584,2870.25266701309,2876.426540909335,6.173873896244913,4.0,0.0935452334875319,12
2023-12-20,2023-12-13,2023-12-28,9.466986750833728,6.785325945221295,3695.167561400314,3693.4151600115,3696.8203404252417,3.4051804137416184,4.5,0.1043739028581025,12
2023-12-20,2023-12-13,2023-12-28,25.509001083651626,5.960579463022003,3689.063485086173,3683.236361382529,3700.226560492069,16.99019910953939,6.5,0.1655508556156593,12
2023-12-20,2023-12-13,2023-12-28,9.529108809400936,5.64528008853423,3559.0984410084525,3556.5088039617985,3561.43555780733,4.926753845531493,4.25,0.1412169845659594,12
2023-12-20,2023-12-13,2023-12-28,7.415482899565715,11.555114465761346,3233.4349009835346,3233.0818302044645,3234.0378847694956,0.9560545650310814,1.25,0.1129584972464825,12
2023-12-20,2023-12-13,2023-12-28,2.813767377431132,14.449715202272609,3240.9174298332064,3240.5992388552986,3241.557939223014,0.9587003677152096,0.75,0.0431380650512991,12
2023-12-20,2023-12-13,2023-12-28,7.532992305934942,5.323425320758248,3470.857962594338,3468.6727751009166,3473.1070036501624,4.434228549245745,3.0,0.091513923551495,12
2023-12-20,2023-12-13,2023-12-28,3.917638949879166,10.503292159018793,896.048638896794,895.7941910400987,896.5223878291436,0.7281967890448868,0.75,0.0851264655490435,12
2023-12-20,2023-12-13,2023-12-28,3.005565122119803,9.240630271295164,895.3478671660024,895.0491700856946,895.7774560288526,0.7282859431579709,0.75,0.0913205732713062,12
2024-01-04,2023-12-28,2024-01-11,14.896569551529186,5.637716049816048,3684.9757903936193,3681.7567922165617,3699.973681496456,18.21688927989453,5.0,0.1246125967475886,1
2024-01-04,2023-12-28,2024-01-11,13.712651808551293,13.54118740724464,3682.1974994234342,3678.1592907938175,3685.89647880895,7.7371880151331425,6.0,0.1417346547026809,1
2024-01-04,2023-12-28,2024-01-11,2.431180001400038,7.646968080506948,3058.273395970923,3057.915753180627,3058.9049729485996,0.989219767972827,1.5,0.0246878416750453,1
2024-01-04,2023-12-28,2024-01-11,5.045414454492453,5.959473860157548,3706.533040479933,3705.515218359418,3707.884170663543,2.368952304124832,3.5,0.1021608971970233,1
2024-01-04,2023-12-28,2024-01-11,66.61044333668366,7.998133872416361,3696.229045676902,3691.376149199438,3718.826834222302,27.45068502286449,11.0,0.2404484377763394,1
2024-01-04,2023-12-28,2024-01-11,2.7748821523278946,6.877821382328837,3667.323826564931,3666.701211310923,3668.06207450293,1.3608631920069456,1.0,0.0532919484939137,1
2024-01-04,2023-12-28,2024-01-11,3.4333730706338774,6.59235755209135,3505.405282557321,3504.8686153236777,3506.5063485298306,1.637733206152916,0.75,0.2172648435537083,1
2024-01-04,2023-12-28,2024-01-11,3.367312800557287,9.075624503095243,3284.7850552485124,3284.7180591281503,3285.4457919406705,0.7277328125201166,1.75,0.1653702776457533,1
2024-01-04,2023-12-28,2024-01-11,2.426120323515311,6.60080595332927,3284.728258901252,3284.7180591281503,3285.2013703011908,0.4833111730404198,2.5,0.1531110098510835,1
2024-01-04,2023-12-28,2024-01-11,8.33014539278676,6.434632770747339,3690.6213175936223,3687.591760284733,3700.226560492069,12.634800207335502,6.25,0.119769940418537,1
2024-01-04,2023-12-28,2024-01-11,2.485739597366806,15.56330543227153,3673.673326284505,3672.691251498647,3675.8683666754514,3.1771151768043637,1.5,0.102031145048248,1
2024-01-04,2023-12-28,2024-01-11,12.180217755360715,5.588446454914007,3678.92612488251,3674.023509058636,3681.53126553772,7.507756479084492,5.0,0.1287462973029751,1
2024-01-04,2023-12-28,2024-01-11,2.47914242718434,6.780488750848265,3278.437862903765,3278.3141641337425,3278.792432993185,0.4782688594423234,1.25,0.2078833609477937,1
2024-01-04,2023-12-28,2024-01-11,3.716288017342985,5.497850780573033,3127.138884814173,3111.553256172687,3148.3490115916356,36.79575541894883,0.75,0.2266366436947486,1
2024-01-04,2023-12-28,2024-01-11,2.8599112575167793,5.336514482702742,5157.025234736658,5147.916744271759,5177.95708309859,30.04033882683143,1.0,0.1573536238973871,1
2024-01-04,2023-12-28,2024-01-11,2.0430885534433743,5.749992487528198,5126.131918403778,5125.786131916102,5126.773185391445,0.987053475342691,1.25,0.1534768361563054,1
2024-01-04,2023-12-28,2024-01-11,3.644551913848892,7.688290701569129,914.8448620514208,914.2505074236542,916.911177651491,2.6606702278368175,1.0,0.1536883552970525,1
2024-01-04,2023-12-28,2024-01-11,14.933228984197507,7.879227477412894,750.9464749909276,750.1675622318871,751.6274081682786,1.4598459363915026,4.5,0.4469054719757137,1
2024-01-04,2023-12-28,2024-01-11,4.155670456797211,7.034176840763134,2873.0173469080237,2870.0023754769936,2877.0603877762333,7.0580122992396355,4.5,0.0754666120779923,1
2024-01-04,2023-12-28,2024-01-11,2.5119192498554477,5.977467935648997,3018.1343055222837,3018.1251457412727,3018.604601596482,0.4794558552093804,1.25,0.0944812573014186,1
2024-01-04,2023-12-28,2024-01-11,5.994531012992188,7.475420485244486,2970.0996214578095,2969.6636419435963,2970.6019988614134,0.9383569178171456,1.25,0.17981642980472,1
2024-01-04,2023-12-28,2024-01-11,2.820281891874783,11.925092994505668,1835.8697476110603,1835.7675867704677,1836.2437556609511,0.4761688904836774,1.0,0.0910649490791648,1
2024-01-20,2024-01-11,2024-01-29,2.800190455662403,5.141866839895215,1260.4654379635583,1258.6950344764628,1261.764464680571,3.0694302041083574,1.75,0.0626061272897626,1
2024-01-20,2024-01-11,2024-01-29,10.698223351502373,5.017329045467954,1259.6324153408475,1256.972013084218,1261.8894285424612,4.91741545824334,5.0,0.1002753439546422,1
2024-01-20,2024-01-11,2024-01-29,2.2821085847753473,6.517645454306121,5511.823010089773,5509.769944522064,5514.708209995646,4.9382654735818505,1.75,0.0599226748666026,1
2024-01-20,2024-01-11,2024-01-29,2.8963995856390707,5.95719561894691,4852.356265310797,4850.354257216211,4855.002718423959,4.648461207747459,2.75,0.0627477546969279,1
2024-02-03,2024-01-29,2024-02-09,4.403892747420855,11.98006621246737,4093.3055635746814,4091.665076059755,4095.214993454516,3.549917394760996,3.75,0.072871476549513,2
2024-02-03,2024-01-29,2024-02-09,3.2044410408351753,6.580385732250542,4077.61023688196,4076.3976559150033,4079.20468885405,2.8070329390466213,3.5,0.0619564410161554,2
2024-02-03,2024-01-29,2024-02-09,4.308224463087767,5.348262476386779,4727.55393801284,4714.606750829611,4764.864646052476,50.257895222865045,4.25,0.0733997973975963,2
2024-02-03,2024-01-29,2024-02-09,13.232475357817316,5.111064100527671,4753.282988386274,4741.044351418968,4790.72782007698,49.68346865801141,3.75,0.1006439112517587,2
2024-02-03,2024-01-29,2024-02-09,20.685753489791814,6.708133125053446,5534.953765757996,5524.645777272992,5544.742112185806,20.0963349128142,3.75,0.1361920985524056,2
2024-02-03,2024-01-29,2024-02-09,34.95091471778339,7.775449639420642,5562.166591904138,5557.4078337107785,5568.881660608575,11.473826897796243,8.25,0.1654397920479833,2
2024-02-03,2024-01-29,2024-02-09,2.204700290927384,11.179541974269574,2128.872049713504,2128.473837791942,2129.9187838239595,1.4449460320174694,1.0,0.0614229799183374,2
2024-02-03,2024-01-29,2024-02-09,9.495314258084482,7.721296044977551,1309.206225900809,1304.8972420594655,1319.2628541179,14.365612058434635,4.0,0.0744176309202115,2
2024-02-03,2024-01-29,2024-02-09,7.1423914440811975,16.5545483973989,1180.0940892975798,1176.532460110262,1183.008654941339,6.476194831077009,4.5,0.0810957764526765,2
2024-02-03,2024-01-29,2024-02-09,3.544439927996788,8.276319984134426,896.2636778164922,896.0388447553851,896.767041423358,0.7281966679729521,0.75,0.1920384343485426,2
2024-02-03,2024-01-29,2024-02-09,10.342476694703382,6.128471115247687,895.9730732700102,895.5385666103102,896.5223878291436,0.9838212188333272,3.75,0.161295440781235,2
2024-02-03,2024-01-29,2024-02-09,2.640779785558488,11.925407546902694,1836.374121325826,1835.7675867704677,1837.8813472827896,2.113760512322187,0.75,0.0729774853009679,2
2024-02-03,2024-01-29,2024-02-09,4.913806033530273,8.208496247455258,1776.6002223764988,1776.2111736866646,1777.0300375311635,0.818863844498992,0.75,0.0311874258244981,2
2024-02-03,2024-01-29,2024-02-09,5.809432324822992,7.151133653391451,1776.392329869595,1776.2111736866646,1776.74555267673,0.5343789900653064,1.25,0.0189841703771803,2
2024-02-03,2024-01-29,2024-02-09,5.512209693613833,7.561147264826715,1777.532597803456,1777.4452169905417,1777.916148077231,0.4709310866892338,1.5,0.041133214586369,2
2024-02-03,2024-01-29,2024-02-09,2.019652366759628,5.9975840071489905,5025.527474619959,5025.211010495201,5025.938055365812,0.7270448706112802,1.0,0.1136908190861163,2
2024-02-15,2024-02-09,2024-02-21,7.645638461243835,5.090377406263282,3560.1856953794313,3558.141779216472,3563.5547734834254,5.412994266953319,5.25,0.0910103641834358,2
2024-02-15,2024-02-09,2024-02-21,2.270505964606162,7.880711321492705,3257.431975034997,3257.431975034997,3257.6708644535393,0.2388894185423851,1.0,0.0947107886746156,2
2024-02-15,2024-02-09,2024-02-21,2.725283931250125,7.285515320639473,3244.697951239192,3244.036277004052,3245.2281424850225,1.1918654809705913,1.25,0.1487805274360454,2
2024-02-15,2024-02-09,2024-02-21,3.241347186550498,5.794862511423603,3244.842714224706,3244.749017504044,3245.2281424850225,0.4791249809786677,0.75,0.1129314646588885,2
2024-02-15,2024-02-09,2024-02-21,2.4023830764418466,6.680125173209475,3199.4193758386873,3199.125868545845,3199.8414805321954,0.7156119863502681,1.5,0.1376399260684135,2
2024-02-15,2024-02-09,2024-02-21,2.0903498985066076,5.215594182244974,3199.49125991771,3199.364229871891,3199.8414805321954,0.4772506603039801,1.25,0.1057205557356333,2
2024-02-15,2024-02-09,2024-02-21,3.9000471330977047,6.255011142678503,3198.7510711434593,3198.6487687788904,3199.1263965321705,0.4776277532801032,3.25,0.2127793420282486,2
2024-02-15,2024-02-09,2024-02-21,3.743496447112579,5.969513232594247,3187.999917596073,3187.122205642052,3188.426465041004,1.3042593989521265,4.5,0.1936486852128172,2
2024-02-15,2024-02-09,2024-02-21,2.6916297871894206,7.459252247384846,3055.11088499091,3054.9515691800043,3055.4402522030286,0.4886830230243504,0.75,0.1214594166277538,2
2024-02-15,2024-02-09,2024-02-21,2.0052235056020224,5.000381026360058,3706.5384934335816,3705.6046891557057,3707.475060843397,1.8703716876916587,2.0,0.0560291207984775,2
2024-02-15,2024-02-09,2024-02-21,9.403095835566925,19.202237441581627,3564.840657852526,3562.850206789095,3566.557813614607,3.7076068255119026,5.75,0.075032915965677,2
2024-02-15,2024-02-09,2024-02-21,3.0204927246609703,16.570171315880113,4611.946469646012,4611.477976899128,4612.9133215481415,1.435344649013132,1.5,0.0791856041194605,2
2024-02-15,2024-02-09,2024-02-21,3.092083105609752,6.133690991476467,4722.935406703064,4693.51801820891,4746.266996385064,52.74897817615419,0.5,0.1214998693964419,2
2024-02-15,2024-02-09,2024-02-21,4.166269084462617,20.116711496154775,4996.5539432203,4996.336345827207,4997.061919988599,0.7255741613917053,1.0,0.1143155018180774,2
2024-02-15,2024-02-09,2024-02-21,2.194091032682853,9.358759891989228,1412.7212048487092,1412.483380746562,1413.9690338261423,1.4856530795805156,1.25,0.1056098481409306,2
2024-02-15,2024-02-09,2024-02-21,7.406863709622351,5.291993834398031,2995.675902260103,2990.2751934058033,3006.0938709322363,15.81867752643302,6.25,0.122694813712203,2
2024-02-15,2024-02-09,2024-02-21,2.8740260388113557,8.805725605488588,896.3538792919627,896.0191456051543,896.767041423358,0.7478958182036877,0.75,0.2519028222004937,2
2024-02-15,2024-02-09,2024-02-21,2.5138172262857665,5.308829905542015,930.0256657917593,924.998970432207,940.413240164984,15.41426973277703,0.75,0.3879752284003501,2
2024-02-15,2024-02-09,2024-02-21,5.012436307763868,9.907908627032043,896.2606078158534,896.0191456051543,896.767041423358,0.7478958182036877,1.0,0.1621644562426238,2
2024-02-15,2024-02-09,2024-02-21,2.256849313493995,9.527788018112458,3081.103940042719,3054.451981574297,3101.059849301353,46.607867727056146,2.0,0.2159652004670342,2
2024-02-15,2024-02-09,2024-02-21,2.378336646738434,8.520571357320826,3056.8235667549507,3056.6054644184187,3057.0941989766434,0.488734558224678,3.5,0.181576018450762,2
2024-02-15,2024-02-09,2024-02-21,3.8076472740667593,8.010758242546448,3058.809620519765,3058.666083530057,3059.1427872213535,0.4767036912962794,2.75,0.2494384925007908,2
2024-02-15,2024-02-09,2024-02-21,4.295384634619952,5.37231850479182,3082.8394490582864,3059.654253306798,3106.2635342283174,46.6092809215188,1.0,0.2479516645858259,2
2024-02-15,2024-02-09,2024-02-21,3.996619972214103,8.499381350866708,3061.236143963606,3061.131367441267,3061.620521338191,0.4891538969241082,4.0,0.1887414838642431,2
2024-02-15,2024-02-09,2024-02-21,2.054451985582243,5.0502935315501,3062.120405030903,3062.1204050309025,3062.359294449445,0.2388894185423851,1.5,0.1943542521237762,2
2024-02-15,2024-02-09,2024-02-21,2.2975466940039397,7.75563076130301,3062.1141465619976,3061.8700304534286,3062.359294449445,0.4892639960162341,2.0,0.226847450889549,2
2024-02-15,2024-02-09,2024-02-21,3.6117282688517496,5.446416981103496,3000.874154834518,3000.758682162501,3001.4693508129567,0.7106686504557729,2.0,0.1621435677485494,2
2024-02-15,2024-02-09,2024-02-21,3.582090333695579,7.189922314379951,3105.4510932290978,3105.082818943076,3106.1405521058477,1.0577331627719104,3.25,0.2518669686026209,2
2024-02-15,2024-02-09,2024-02-21,2.349479820258543,6.885835264783665,3120.565051235137,3094.0399346845224,3135.0163597255014,40.97642504097894,2.0,0.1931569299085533,2
2024-02-15,2024-02-09,2024-02-21,2.5415110196314843,6.35161063078212,3105.8187788171585,3083.789119529538,3127.521545047872,43.73242551833391,1.5,0.1121686145770628,2
2024-02-15,2024-02-09,2024-02-21,2.167726181172487,6.376838905322876,3092.2964833122674,3092.296483312268,3092.53537273081,0.2388894185423851,2.25,0.1459060314375637,2
2024-02-15,2024-02-09,2024-02-21,2.021902525915233,6.6173515849355,5517.174004658705,5514.218543974217,5520.584016117733,6.3654721435159445,2.0,0.0563690749879985,2
2024-02-15,2024-02-09,2024-02-21,2.2274877733950778,9.316583109428016,2996.2495397506977,2993.608638713602,3006.0938709322363,12.485232218634335,2.75,0.06984222486061,2
2024-02-23,2024-02-21,2024-02-26,2.4476052614284027,8.805456433995046,2987.47201215574,2987.1037625628524,2988.04200128885,0.9382387259975076,2.25,0.0997788684487521,2
2024-02-23,2024-02-21,2024-02-26,2.170308336897511,9.695075354500885,1471.7911814546444,1470.0905446633697,1473.5949236759916,3.504379012621939,3.75,0.0597686809583442,2
2024-02-23,2024-02-21,2024-02-26,2.3632188882201075,9.133189326412683,2995.110441403389,2993.608638713602,2996.560021883808,2.9513831702060997,2.75,0.0666877418796929,2
2024-02-23,2024-02-21,2024-02-26,5.687957413828316,5.442500735982736,2995.107009945062,2990.0410218066536,3006.0938709322363,16.052849125582725,4.0,0.0977461702181192,2
2024-02-23,2024-02-21,2024-02-26,3.6565298292946062,6.356963105883368,3991.7511994003817,3991.1297120582312,3992.5504380944185,1.4207260361872611,0.5,0.1301940536243884,2
2024-02-23,2024-02-21,2024-02-26,5.494071417287458,13.483180831699617,4193.855275128111,4193.6159935579635,4194.327692460734,0.7116989027708769,1.25,0.1782983047459407,2
2024-03-02,2024-02-26,2024-03-07,2.218948850296345,9.604091883036226,3144.927807727363,3144.927807727363,3145.1666971459053,0.2388894185423851,4.25,0.2767781566204519,3
2024-03-02,2024-02-26,2024-03-07,3.2850555890141058,6.288964813674861,3987.308934021555,3986.874906232581,3987.822975453455,0.9480692208744586,0.75,0.1843315625204789,3
2024-03-02,2024-02-26,2024-03-07,3.286080424619652,18.499036078252907,4999.019917856663,4998.897585820872,4999.380113616586,0.4825277957133949,0.75,0.0477685935258193,3
2024-03-02,2024-02-26,2024-03-07,3.6161952620890734,6.200457085859726,3092.324252543904,3092.296483312268,3093.0325032230467,0.7360199107788503,4.75,0.287516209510934,3
2024-03-02,2024-02-26,2024-03-07,3.3155874483744614,7.802018456071499,1778.312041241296,1778.2629735940136,1778.7960257418454,0.5330521478317678,1.25,0.0934870746231508,3
2024-03-02,2024-02-26,2024-03-07,3.1640915430409833,11.620015904108756,1836.897903874121,1836.5559365814552,1837.4076598943211,0.8517233128659427,1.0,0.1049643694678681,3
2024-03-02,2024-02-26,2024-03-07,2.4005006875460873,6.213396314919058,2074.199389742915,2074.036677006632,2074.983204375021,0.94652736838907,1.5,0.2516532709072772,3
2024-03-02,2024-02-26,2024-03-07,2.595993394593708,8.464413403515714,928.1032055156328,927.7493849867024,928.6133735035546,0.8639885168522596,0.75,0.2914272133742113,3
2024-03-02,2024-02-26,2024-03-07,2.068893448156677,7.656260085341837,909.0747118663784,908.7792356531136,909.508790853899,0.7295552007853985,1.25,0.1621251710652882,3
2024-03-02,2024-02-26,2024-03-07,18.22854188762028,6.199122779456304,895.6814711282163,894.804472012911,896.5223878291436,1.717915816232562,4.5,0.6112118603155636,3
2024-03-02,2024-02-26,2024-03-07,2.2857560678623616,9.17249949311578,894.739776795091,894.5689999763854,895.288059504237,0.7190595278516412,1.0,0.1675083225181106,3
2024-03-02,2024-02-26,2024-03-07,9.110464838149213,8.933702735380274,896.1727225430127,895.7941910400987,896.767041423358,0.972850383259356,1.5,0.5057940809521178,3
2024-03-02,2024-02-26,2024-03-07,7.170414008989185,9.939502998771976,896.3176643054745,896.0191456051543,896.767041423358,0.7478958182036877,1.0,0.4429276306269658,3
2024-03-02,2024-02-26,2024-03-07,3.925295952966996,8.964023607798103,903.5346417603756,903.112665173132,904.0858154832384,0.9731503101065756,0.75,0.3370730866641747,3
2024-03-02,2024-02-26,2024-03-07,2.7461909359374084,6.732886091987344,904.7179939300876,904.5867850203068,905.0704650920816,0.4836800717748701,0.75,0.3658244256846732,3
2024-03-02,2024-02-26,2024-03-07,5.12558747530356,5.599410010766269,908.8439020276052,908.5339028681628,909.508790853899,0.9748879857361316,2.0,0.3006681008945833,3
2024-03-02,2024-02-26,2024-03-07,4.094089841097127,5.134095114588112,3087.1251222364926,3087.0081552695483,3087.747190895956,0.7390356264077127,3.75,0.2510851380418577,3
2024-03-02,2024-02-26,2024-03-07,2.7732059847226926,5.857686622156824,3092.018284966426,3063.851749924943,3110.507060936652,46.65531101170927,3.5,0.217554847615613,3
2024-03-02,2024-02-26,2024-03-07,4.4603209961418155,6.298991294406149,3098.642300680709,3074.3111974135973,3119.9600818105973,45.648884397000074,6.5,0.2954978639965633,3
2024-03-02,2024-02-26,2024-03-07,4.267181349866838,5.143674374026597,3077.6364707285534,3054.451981574297,3101.059849301353,46.607867727056146,1.25,0.170266942194317,3
2024-03-02,2024-02-26,2024-03-07,2.027277716999501,5.685131686396599,3055.190185481299,3054.9515691800043,3055.4402522030286,0.4886830230243504,2.0,0.1467166958091659,3
2024-03-02,2024-02-26,2024-03-07,2.1238145435360543,6.261894201383761,3080.219357528314,3059.4041349343024,3106.2635342283174,46.85939929401502,2.0,0.1859836188507402,3
2024-03-02,2024-02-26,2024-03-07,3.2149383793871196,8.07236576595518,3086.3787364220666,3063.851749924943,3110.507060936652,46.65531101170927,2.5,0.1661831775276279,3
2024-03-02,2024-02-26,2024-03-07,12.226279517208738,6.843666073991453,1804.6113829704973,1802.963821101468,1806.0166637394575,3.05284263798967,1.25,0.2738042160121434,3
2024-03-02,2024-02-26,2024-03-07,4.262324011319615,7.041278433148021,1805.3594941701415,1804.436738347635,1807.4611208029091,3.0243824552744627,1.0,0.1808559990370861,3
2024-03-02,2024-02-26,2024-03-07,3.815612026448026,7.118574122790378,1810.6543787800592,1809.170454488136,1811.933743630536,2.7632891424000263,1.25,0.286556307029997,3
2024-03-02,2024-02-26,2024-03-07,2.716200758333597,7.045620807128862,1817.04548449096,1816.3600325705484,1818.250039203558,1.8900066330097616,1.0,0.2968958695352253,3
2024-03-02,2024-02-26,2024-03-07,7.4940338015025665,7.092955829851763,1818.3848341204473,1816.145698647946,1820.4145755735224,4.268876925576478,1.0,0.4017762436203087,3
2024-03-02,2024-02-26,2024-03-07,7.263184923009481,7.026442359281295,1818.029237699591,1816.7163585433736,1819.561782328412,2.8454237850382924,0.75,0.3541032039197178,3
2024-03-02,2024-02-26,2024-03-07,12.270991733009062,6.48053954207305,1821.6168757023008,1817.4850663426332,1824.982350044884,7.49728370225057,1.5,0.5015464975231065,3
2024-03-02,2024-02-26,2024-03-07,7.753453436396838,6.880461800421322,1811.1941576839845,1808.935400254093,1814.1069066198545,5.171506365761161,1.0,0.4256009451678899,3
2024-03-02,2024-02-26,2024-03-07,3.3236977441339755,10.516617989599386,896.2665360585925,896.0388447553851,896.767041423358,0.7281966679729521,0.75,0.3294194968707575,3
2024-03-02,2024-02-26,2024-03-07,3.5320564977630973,8.994373811320958,1680.6200607668638,1680.282263562549,1681.0907223662362,0.8084588036872447,0.75,0.6245734909750933,3
2024-03-10,2024-03-07,2024-03-14,2.217939542503003,5.407661822238486,3289.426482305231,3289.2046708557755,3289.678901924286,0.4742310685105622,1.75,0.1104940322770497,3
2024-03-10,2024-03-07,2024-03-14,7.412848546502739,7.722257823441868,1773.7137817057303,1773.1403222610245,1774.512178848032,1.3718565870076418,1.25,0.3012591299416467,3
2024-03-10,2024-03-07,2024-03-14,4.261172086543404,9.191366957394356,1768.2544042549994,1768.0060345204547,1768.8383501223288,0.8323156018741429,0.75,0.5803251960562239,3
2024-03-10,2024-03-07,2024-03-14,2.2651291610183195,6.668058219252123,1766.6690978792976,1766.4965694914572,1767.0321334050968,0.5355639136396348,1.0,0.0227763166445307,3
2024-03-10,2024-03-07,2024-03-14,2.829503620654066,9.153448051327176,3886.5738227142415,3886.296011426486,3887.356937014032,1.0609255875460804,0.5,0.0514905579416147,3
2024-03-10,2024-03-07,2024-03-14,4.410717579219193,6.762100610460853,1813.0166065806727,1811.118486416526,1814.3788968236183,3.2604104070924222,1.25,0.2989335727458631,3
2024-03-10,2024-03-07,2024-03-14,3.620193554287218,5.083638335478494,1823.9772945816412,1823.7411766410803,1824.7159550697545,0.9747784286737442,1.0,0.0563495819079795,3
2024-03-10,2024-03-07,2024-03-14,3.7795608659616664,5.524340674716639,1820.4297870889864,1817.9887401754968,1822.393100779038,4.404360603541136,0.75,0.1079744413329686,3
2024-03-10,2024-03-07,2024-03-14,6.79461706468016,5.928977086945882,1823.6343587155752,1823.257513622753,1824.2089414875952,0.9514278648421168,1.0,0.1990194915229248,3
2024-03-10,2024-03-07,2024-03-14,2.02948386077974,15.954551353393768,4624.221635119064,4624.026182508562,4624.734984518029,0.7088020094670355,1.0,0.1166480859203544,3
2024-03-10,2024-03-07,2024-03-14,2.9985395037651807,6.89421165757834,1810.329999814909,1808.935400254093,1812.9021542812695,3.966754027176648,1.0,0.199996950590906,3
2024-03-10,2024-03-07,2024-03-14,2.459967370781489,6.313729210396878,4580.606481612445,4580.307023093104,4581.261483119801,0.9544600266963243,0.75,0.0712999413058168,3
2024-03-17,2024-03-14,2024-03-21,2.3985877208047546,10.044700989559614,5629.853945752077,5629.513575280085,5630.495164857246,0.9815895771607756,0.75,0.0486313830199047,3
2024-03-17,2024-03-14,2024-03-21,3.576392582173925,10.990301651619433,1837.4021666916024,1837.1687704757787,1837.8813472827896,0.7125768070109189,0.75,0.2227002233611763,3
2024-03-17,2024-03-14,2024-03-21,5.234253255120702,5.568190278629527,1821.784758543849,1821.4156582825815,1822.4093332476912,0.993674965109676,0.75,0.1241171250854833,3
2024-03-17,2024-03-14,2024-03-21,3.7188011340260503,6.463153480045019,1821.6444200423336,1821.388735521119,1822.1379423011097,0.7492067799903452,0.75,0.0406346139218283,3
2024-03-17,2024-03-14,2024-03-21,3.775739829712082,6.515138232137617,1821.5973994134529,1820.9683618112467,1822.378674859181,1.4103130479343235,0.75,0.2360510893979928,3
2024-03-17,2024-03-14,2024-03-21,2.317210040378291,6.396366106860078,3287.0668320614036,3287.039236678276,3287.5225720573217,0.4833353790454566,2.25,0.0894440617424474,3
2024-03-17,2024-03-14,2024-03-21,2.8879122626547424,5.2803968929535054,3475.7607062081775,3474.1396115664393,3479.116381945554,4.976770379114896,2.0,0.0833336361467529,3
2024-03-17,2024-03-14,2024-03-21,2.075800338470284,7.990277856497776,1790.793654150401,1790.4920171285048,1791.284762160387,0.7927450318820775,0.75,0.2320139144740518,3
2024-03-17,2024-03-14,2024-03-21,17.08347204327397,6.214562528273206,1774.2041965153887,1773.6813693935983,1775.0531034534797,1.371734059881419,1.25,0.1790780991412965,3
2024-03-17,2024-03-14,2024-03-21,9.586923811196536,7.299082609499536,1772.3649355859009,1771.7169278678484,1773.3792116795669,1.6622838117182257,0.75,0.3257350911633772,3
2024-03-23,2024-03-21,2024-03-25,3.7018894354191794,5.314519218750192,5125.986349303647,5125.536518132314,5126.773185391445,1.236667259130627,2.0,0.1021458395402519,3
2024-03-23,2024-03-21,2024-03-25,3.366061617227672,6.83175950244489,1803.248236231407,1802.963821101468,1803.7619073647072,0.7980862632393837,0.75,0.1860437070886367,3
2024-03-23,2024-03-21,2024-03-25,4.149740803372507,6.128680504850348,1798.7824697155672,1798.0013910303824,1800.2219484294765,2.2205573990941048,0.75,0.0987815674472381,3
2024-03-23,2024-03-21,2024-03-25,4.029123863724527,5.421007533619656,1663.7607396912674,1663.224156556651,1664.5555184450932,1.3313618884421885,0.75,0.0242849870611386,3
2024-03-23,2024-03-21,2024-03-25,3.6856998398022074,5.33840268369332,1803.195810556015,1797.322027180344,1806.896282303147,9.574255122803152,2.0,0.0729599927890589,3
2024-03-23,2024-03-21,2024-03-25,2.489001274042874,7.114099458136884,1689.0973313873576,1683.4855619538575,1694.8964733467435,11.410911392886192,2.0,0.075023162306208,3
2024-03-23,2024-03-21,2024-03-25,2.315513149116031,12.270281775716708,2069.516339692153,2067.5213214042597,2071.858669955749,4.337348551489413,2.25,0.0637633242314328,3
2024-03-23,2024-03-21,2024-03-25,11.957399144671932,10.046963893160598,2081.5900794962745,2075.6180949765258,2104.913665460422,29.29557048389688,6.0,0.1316164646701012,3
2024-03-23,2024-03-21,2024-03-25,2.3765573983491306,6.708078426311117,2063.48751903234,2060.631847585551,2065.4536698479205,4.821822262369096,2.5,0.0753038256372928,3
2024-03-23,2024-03-21,2024-03-25,5.779541883551422,6.288290850461041,1794.3790075449242,1793.0487880557775,1795.5538061247207,2.5050180689431727,0.75,0.1087004909288125,3
2024-03-23,2024-03-21,2024-03-25,2.827704783332441,6.330448475537573,1785.3819530154203,1785.0759827904403,1785.9015936502255,0.825610859785229,0.75,0.0422637811899051,3
2024-03-23,2024-03-21,2024-03-25,48.02988666303852,8.301515080318705,2070.5565924799293,2064.010995512828,2086.08251193678,22.07151642395183,9.0,0.2822163414949497,3
2024-03-23,2024-03-21,2024-03-25,10.159597707288926,15.048281790949408,2064.6201914204657,2060.631847585551,2068.440177295357,7.808329709805548,7.75,0.1409741398035602,3
2024-03-23,2024-03-21,2024-03-25,2.0958654968466237,6.46795160035977,2064.0283198284847,2062.404393964447,2066.1617310601287,3.757337095681578,2.5,0.0757326022031168,3
2024-03-23,2024-03-21,2024-03-25,3.799118145434186,14.142902197664,4192.121332332499,4191.998165960889,4192.47345996974,0.4752940088510513,1.0,0.2506523033841379,3
2024-03-23,2024-03-21,2024-03-25,19.20328715988714,5.348867506555117,1665.8048039341743,1662.9419106654825,1669.0240958854556,6.082185219973326,0.75,0.0518796008041566,3
2024-03-23,2024-03-21,2024-03-25,3.6726202260805296,5.908400127490247,1542.488226374246,1542.244772659615,1542.7934354632162,0.5486628036014736,1.0,0.0490302115794832,3
2024-03-23,2024-03-21,2024-03-25,3.172168991505448,5.6798503048181805,1542.8631424033792,1542.8160672211088,1543.316477732733,0.500410511624068,1.0,0.1369193086201425,3
2024-03-23,2024-03-21,2024-03-25,6.392503464800957,9.39825558500642,1619.3545594004036,1619.1455503730103,1620.234121796675,1.088571423664689,2.25,0.1936996605425966,3
2024-03-23,2024-03-21,2024-03-25,7.2373050767411105,10.907998682054078,1619.6919323422533,1619.1807669568807,1620.8579836413264,1.6772166844457388,0.5,0.136017799945749,3
2024-03-23,2024-03-21,2024-03-25,6.423983117929381,7.420727709135006,1779.1502748942794,1778.8512993645854,1779.633286725264,0.7819873606786132,2.5,0.144587450588709,3
2024-03-23,2024-03-21,2024-03-25,2.28287028368637,5.919040806577524,1824.4418292446917,1824.304049847182,1824.778126630932,0.4740767837502062,0.75,0.1691335669640215,3
2024-04-02,2024-03-25,2024-04-11,7.937768626995571,5.0007503319133875,2343.481713285973,2342.460030223243,2345.4603467942216,3.0003165709786117,1.25,0.1058601968136074,4
2024-04-02,2024-03-25,2024-04-11,3.265005002892297,8.972877175358283,2234.1820033274134,2233.7440041247755,2234.9676218410023,1.2236177162267268,0.75,0.1901473350472371,4
2024-04-02,2024-03-25,2024-04-11,2.0571006720103324,8.366262803242325,2185.018154543292,2184.832338367589,2185.5697632939555,0.737424926366657,0.75,0.1154984854419349,4
2024-04-02,2024-03-25,2024-04-11,8.821738309110513,5.985973715833123,2336.7000166218095,2336.1244916091673,2337.5668611298315,1.442369520664215,0.75,0.2584375746998457,4
2024-04-02,2024-03-25,2024-04-11,18.569844394338872,5.293327258990462,2331.6325974223832,2330.199436971452,2333.653419922106,3.453982950653881,1.5,0.331112846065924,4
2024-04-02,2024-03-25,2024-04-11,6.466283864494226,5.269157279388416,2327.3251860723108,2326.931876723189,2327.8955139312893,0.9636372081004084,0.75,0.0241045603797462,4
2024-04-02,2024-03-25,2024-04-11,4.292478544843383,5.21241542479259,2326.621683765386,2326.4500592453405,2327.1707661417313,0.7207068963907659,0.75,0.0191849248952141,4
2024-04-02,2024-03-25,2024-04-11,3.951639483596757,10.994555392096707,1837.1812452027032,1836.9319267459216,1837.6445035678337,0.71257682191208,0.75,0.090054341807908,4
2024-04-02,2024-03-25,2024-04-11,4.226017896101316,6.726867517964292,908.965777027309,908.7792356531136,909.508790853899,0.7295552007853985,2.5,0.2297583700426608,4
2024-04-02,2024-03-25,2024-04-11,3.180080949325217,6.609190366901708,4041.5136599897546,4040.003232224845,4043.077331632376,3.074099407531321,2.75,0.0778552548041078,4
2024-04-02,2024-03-25,2024-04-11,7.3167003333278,5.871985517817367,1758.234400624832,1757.577641085256,1758.9376046527177,1.3599635674618185,1.0,0.4388658650900279,4
2024-04-02,2024-03-25,2024-04-11,3.663151246753056,9.589295580842354,1832.033782590368,1831.608044696506,1832.5517162117176,0.943671515211463,1.0,0.079435796164029,4
2024-04-02,2024-03-25,2024-04-11,5.3372948613571,9.591421011394848,1829.9287155772167,1829.4951081108304,1830.6821993216872,1.1870912108570335,0.75,0.0747248925518628,4
2024-04-02,2024-03-25,2024-04-11,4.411028613242134,6.897030886722958,1830.2020797815417,1829.826803959906,1830.7728785146028,0.9460745546966792,1.0,0.134943017866862,4
2024-04-02,2024-03-25,2024-04-11,3.735958172065765,5.798608242544533,1827.323559635176,1826.1493307421915,1830.4454712537115,4.296140511520207,0.75,0.2476948229661157,4
2024-04-02,2024-03-25,2024-04-11,11.199455455864314,5.510393650778415,1828.256387890684,1826.524633573834,1830.30142155895,3.7767879851162434,1.0,0.521736885880113,4
2024-04-02,2024-03-25,2024-04-11,10.269871033725794,6.551111027112371,1829.464465011104,1829.000291547738,1830.2102729855103,1.2099814377725124,1.25,0.4353858163471713,4
2024-04-02,2024-03-25,2024-04-11,3.692587200905849,5.690158077336561,1778.048651300673,1777.4452169905417,1778.568121004384,1.1229040138423445,0.75,0.208664095111799,4
2024-04-02,2024-03-25,2024-04-11,3.69225096404925,6.9460994668702565,1776.560680942473,1776.5066632581877,1777.0300375311635,0.5233742729760706,1.0,0.0151201549463814,4
2024-04-02,2024-03-25,2024-04-11,2.113325685558468,6.017785645331579,1777.4746104001904,1777.3818886098452,1777.916148077231,0.5342594673857093,0.75,0.2860692790468189,4
2024-04-02,2024-03-25,2024-04-11,2.363113896320658,6.124575566505446,1816.057288245132,1815.054485668428,1817.1798154944552,2.125329826027155,0.75,0.0650550077624234,4
2024-04-02,2024-03-25,2024-04-11,5.267093264043014,5.206267226283304,1822.620809557999,1821.37683826359,1824.1137557248585,2.736917461268604,1.25,0.0662132370257162,4
2024-04-02,2024-03-25,2024-04-11,4.17855218114052,10.796084186243949,1837.2710561267888,1836.9319267459216,1837.8813472827896,0.9494205368682742,1.0,0.1024702448302983,4
2024-04-02,2024-03-25,2024-04-11,2.504153492359827,7.897128068623265,4874.125203866607,4870.590037542395,4890.31463094987,19.724593407474455,5.0,0.0699787547347974,4
2024-04-02,2024-03-25,2024-04-11,2.3413919801043717,10.082359032671052,4895.371913241887,4894.202827618457,4896.622749733273,2.419922114815563,4.0,0.064328110950903,4
2024-04-02,2024-03-25,2024-04-11,3.0210081285814754,7.397317759830588,909.136832332284,909.0245685670524,909.508790853899,0.4842222868464887,1.25,0.3028554266653671,4
2024-04-02,2024-03-25,2024-04-11,2.6520750744907184,9.718453493771442,896.1922090843593,896.0191456051543,896.767041423358,0.7478958182036877,0.75,0.2641332846621624,4
2024-04-02,2024-03-25,2024-04-11,5.1360274206727,5.692906358801433,909.0037339504644,908.5339028681628,909.748660356272,1.2147574881091714,2.0,0.419968427527797,4
2024-04-02,2024-03-25,2024-04-11,2.7412394152369255,6.332118554707555,524.3928618555964,507.8185450229794,560.066485486459,52.24794046347961,0.75,0.230563951120204,4
2024-04-02,2024-03-25,2024-04-11,2.1613902365691957,6.34952739161286,593.9936297581041,581.778803080786,618.2073136707768,36.428510589990765,0.5,0.2009898873637672,4
2024-04-02,2024-03-25,2024-04-11,6.414606708251592,7.849957144372073,751.110950169964,750.7754081049934,751.6274081682786,0.8520000632852316,1.75,0.2388896178872501,4
2024-04-02,2024-03-25,2024-04-11,5.044771185010672,7.958777571788461,753.5879720509976,752.9364530816674,754.324403942097,1.3879508604295552,1.25,0.1391784982147803,4
2024-04-02,2024-03-25,2024-04-11,2.20968238947344,6.271945248297053,4501.037418084101,4499.526502992958,4503.0586989405565,3.532195947598666,4.0,0.0609797650887156,4
2024-04-02,2024-03-25,2024-04-11,3.5786174190511644,7.229502123824804,4603.476271941348,4602.60283522075,4604.962298065424,2.359462844673544,6.25,0.0688550833277545,4
2024-04-02,2024-03-25,2024-04-11,5.643566145961806,11.09072333119908,4619.570981394319,4616.901080536656,4621.873796437867,4.972715901210904,5.25,0.0864909384336187,4
2024-04-02,2024-03-25,2024-04-11,3.0767483160546796,11.213740702873734,4615.4255108584875,4614.322379855439,4618.79728016397,4.474900308530778,4.25,0.0741250567334395,4
2024-04-02,2024-03-25,2024-04-11,2.0472208028829657,6.673467114093569,4614.957925391639,4614.322379855439,4616.202438222244,1.880058366805315,4.0,0.0539457177775248,4
2024-04-02,2024-03-25,2024-04-11,2.92494949893849,6.813258219009841,4646.264843457891,4635.278413033113,4678.8904059170745,43.61199288396165,2.5,0.066821993526851,4
2024-04-18,2024-04-11,2024-04-26,2.9169966910281504,6.540134128125417,3198.800553957621,3198.6487687788904,3199.1263965321705,0.4776277532801032,2.5,0.191467994778256,4
2024-04-18,2024-04-11,2024-04-26,3.1490779403091405,8.58704550070806,2987.3626677983107,2987.1037625628524,2987.808327373583,0.7045648107305169,1.25,0.4579589169205578,4
2024-04-18,2024-04-11,2024-04-26,2.493965515604895,11.4399334831282,3061.253651228261,3061.131367441267,3061.620521338191,0.4891538969241082,1.25,0.1354536682165497,4
2024-04-18,2024-04-11,2024-04-26,3.5377254631098167,6.372317919707278,3119.8873421742464,3094.0399346845224,3135.0163597255014,40.97642504097894,1.25,0.1739527575546717,4
2024-04-18,2024-04-11,2024-04-26,2.786358399994672,5.283831598621374,2313.891481596705,2313.368450005073,2314.5776741411537,1.2092241360805929,1.25,0.541312095983546,4
2024-04-18,2024-04-11,2024-04-26,9.972264984999878,5.127761943270181,2315.520477616419,2314.097547559999,2316.8020168649964,2.704469304997474,1.5,0.9969290239958716,4
2024-04-18,2024-04-11,2024-04-26,7.062717881321906,5.416470346493128,2083.2627823039807,2082.7931728106923,2083.976782378275,1.1836095675826073,0.75,0.0215868596521534,4
2024-04-18,2024-04-11,2024-04-26,17.83354050350992,5.165980811671489,2333.9818337711085,2327.4157907515764,2338.5291080679744,11.113317316398025,1.5,0.0972050485819153,4
2024-04-18,2024-04-11,2024-04-26,8.701877932251058,6.297464410069791,1771.9394590994066,1769.9769642585889,1774.2162188487127,4.239254590123892,1.0,0.0889009537770524,4
2024-04-18,2024-04-11,2024-04-26,2.648184163086209,5.5035152099868325,2581.9092744412774,2581.7590718683787,2582.4712365926243,0.7121647242456675,0.75,0.3491664568143582,4
2024-04-29,2024-04-26,2024-05-02,7.396426989260363,6.293963636547148,3244.7181658559625,3244.5087819471955,3245.2281424850225,0.7193605378270149,3.0,0.1486405446240168,4
2024-04-29,2024-04-26,2024-05-02,2.201457367070671,9.552005708932862,3244.886391479138,3244.749017504044,3245.468378046062,0.7193605420179665,1.5,0.0975678064001073,4
2024-04-29,2024-04-26,2024-05-02,3.433745738126803,10.432210282084664,1762.236673360793,1761.794796741102,1762.9248976139352,1.1301008728332818,1.0,0.14966761208556,4
2024-05-05,2024-05-02,2024-05-09,2.7425407056220807,6.352742320537805,3991.38098193694,3990.893398404587,3992.077775355894,1.1843769513070583,0.5,0.2141758240025848,5
2024-05-05,2024-05-02,2024-05-09,3.394331372961495,5.518257790639918,5126.0504048856465,5125.786131916102,5126.773185391445,0.987053475342691,1.75,0.1214062200266208,5
2024-05-05,2024-05-02,2024-05-09,2.43003094329685,9.914565679007492,3186.504580776544,3186.3806603252888,3186.8584391623735,0.4777788370847702,2.25,0.1403195339834617,5
2024-05-05,2024-05-02,2024-05-09,3.957202501486353,5.559122188491796,3000.8341421567616,3000.758682162501,3001.2334612514824,0.4747790889814496,2.0,0.1118331598859245,5
2024-05-11,2024-05-09,2024-05-14,2.0102090680446474,6.1502556950186635,3117.4515236618176,3115.278670137748,3118.764605745673,3.4859356079250574,1.25,0.1638828516961932,5
2024-05-11,2024-05-09,2024-05-14,4.216886766134016,8.0653910779176,3555.8978738677833,3555.8083103443496,3556.27998299757,0.4716726532205939,1.0,0.0305135440678944,5
2024-05-11,2024-05-09,2024-05-14,3.923937269399035,9.750353751024116,896.388496587635,896.2637577694841,896.7472594217397,0.4835016522556543,1.25,0.1024327751151266,5
2024-05-21,2024-05-14,2024-05-29,2.5044557471966367,5.173114545422462,3289.440012505744,3289.4400125057437,3289.678901924286,0.2388894185423851,1.25,0.1518425927136291,5
2024-05-21,2024-05-14,2024-05-29,9.15255894536702,5.1312194289907564,3076.5406045173313,3054.451981574297,3101.059849301353,46.607867727056146,2.25,0.1668837892947983,5
2024-05-21,2024-05-14,2024-05-29,2.074471516079642,5.581772239505332,5148.095042692116,5147.916744271759,5148.664677994791,0.7479337230324745,1.0,0.139458962201,5
2024-05-21,2024-05-14,2024-05-29,2.979754314893391,11.465712783942582,3795.871237699075,3795.5488702715375,3796.270922544878,0.7220522733405232,1.0,0.0495227251061802,5
2024-05-21,2024-05-14,2024-05-29,3.2102903676928953,6.285393177533479,751.2044422389324,751.081963443663,751.6274081682786,0.5454447246156633,0.75,0.0159654163312605,5
2024-06-02,2024-05-29,2024-06-07,7.0897285106529475,15.117457752818664,4193.876629371809,4193.6159935579635,4194.327692460734,0.7116989027708769,1.0,0.0485369433900828,6
2024-06-02,2024-05-29,2024-06-07,4.440542206455954,13.461653851688764,4193.867631398575,4193.6159935579635,4194.327692460734,0.7116989027708769,1.0,0.0237675429672551,6
2024-06-02,2024-05-29,2024-06-07,2.011865766162239,6.3766359436197595,3986.760035928055,3986.40212355787,3987.3501868527383,0.9480632948689164,0.75,0.1030170193173185,6
2024-06-02,2024-05-29,2024-06-07,4.687448753884621,11.391953817010489,3060.246623597318,3054.451981574297,3101.059849301353,46.607867727056146,1.25,0.0684955150274035,6
2024-06-02,2024-05-29,2024-06-07,4.334578624296654,8.374284002649258,2989.1468279015994,2988.253934049513,2990.3002162198536,2.046282170340419,1.0,0.322471787244516,6
2024-06-02,2024-05-29,2024-06-07,6.7386888712345625,9.847459945666898,896.3428595007995,896.0191456051543,896.767041423358,0.7478958182036877,1.25,0.3504659575118429,6
2024-06-02,2024-05-29,2024-06-07,2.571313131540548,8.558505160326051,896.2343095317593,896.0191456051543,896.767041423358,0.7478958182036877,0.75,0.3168759205817562,6
2024-06-02,2024-05-29,2024-06-07,8.891431310852523,6.395861601450032,896.1124240217996,895.7941910400987,896.767041423358,0.972850383259356,3.5,0.2995170266880542,6
2024-06-02,2024-05-29,2024-06-07,2.63479261950627,6.34121177015125,4578.970928949373,4578.395355238579,4579.838415840175,1.4430606015957892,0.75,0.1360990329782607,6
2024-06-02,2024-05-29,2024-06-07,2.708291129685659,6.097876908875644,3256.0819315095428,3256.081931509543,3256.3208209280856,0.2388894185423851,1.75,0.1086417482687551,6
2024-06-02,2024-05-29,2024-06-07,2.496294329101555,6.900328395942383,3249.080797081236,3249.075202986598,3249.549846064765,0.4746430781669914,1.0,0.1207453775600297,6
2024-06-02,2024-05-29,2024-06-07,3.898344627934108,5.540378244858176,3249.1027176171547,3249.075202986598,3249.549846064765,0.4746430781669914,1.75,0.1235897155282117,6
2024-06-02,2024-05-29,2024-06-07,2.0348158726016057,6.624475877910005,3229.838937838813,3229.7292188182473,3230.207245795522,0.4780269772745669,2.5,0.1399211432706404,6
2024-06-02,2024-05-29,2024-06-07,3.234892394461483,6.4019458781158205,3105.3880097329356,3105.082818943076,3105.8935587937012,0.8107398506253958,1.0,0.2683283264803116,6
2024-06-02,2024-05-29,2024-06-07,2.4974533011156135,5.097542119096374,3099.447514977772,3099.447514977772,3099.686404396314,0.2388894185423851,1.5,0.3283072379572394,6
2024-06-02,2024-05-29,2024-06-07,2.0318930605657397,5.7470965383900925,4870.947399007847,4870.803363722749,4871.351267108228,0.5479033854790032,0.75,0.1357134572924789,6
2024-06-02,2024-05-29,2024-06-07,2.4903714243029245,5.1056243952214855,4724.088755255759,4703.035948405974,4754.716233333107,51.68028492713347,0.75,0.2949828422987632,6
2024-06-02,2024-05-29,2024-06-07,3.882948025741987,10.509747924608863,896.2853295488245,896.0388447553851,896.767041423358,0.7281966679729521,0.75,0.1851491185288445,6
2024-06-09,2024-06-07,2024-06-11,2.774351220595185,10.111288173392476,2987.1330554746414,2986.8700888110325,2987.5746534545906,0.7045646435581148,0.75,0.1902378803327309,6
2024-06-09,2024-06-07,2024-06-11,2.4702503658026456,9.369398635083591,2987.1859480656103,2986.8700888110325,2987.5746534545906,0.7045646435581148,1.25,0.2588552021921453,6
2024-06-09,2024-06-07,2024-06-11,3.501171679286845,8.798990313546604,2987.507026950838,2987.335764036048,2987.808327373583,0.472563337534666,1.25,0.4092010709421512,6
2024-06-09,2024-06-07,2024-06-11,3.0135374592401085,8.722030873705288,3792.7037233177703,3792.4256234923378,3793.147309477441,0.7216859851032495,0.75,0.0688430372023374,6
2024-06-09,2024-06-07,2024-06-11,4.2165797932311895,6.4712681989330765,5655.595103063809,5655.3122443570755,5656.046553031076,0.7343086740002036,0.75,0.029814947107753,6
2024-06-09,2024-06-07,2024-06-11,6.525039314208273,5.699061646187133,5657.319023781348,5657.046592224389,5657.780900882557,0.7343086581677198,1.0,0.2130949191885567,6
2024-06-09,2024-06-07,2024-06-11,9.084978323308473,5.143381932172994,5655.599187811635,5655.3122443570755,5656.046553031076,0.7343086740002036,1.5,0.289864378109983,6
2024-06-09,2024-06-07,2024-06-11,5.164106005149335,5.112966146307976,5654.446143000776,5654.320042164996,5654.806710695382,0.4866685303859412,1.25,0.0591306385606943,6
2024-06-09,2024-06-07,2024-06-11,6.087138884984329,5.11743828438377,5653.7168726758255,5653.33083175309,5654.311152515467,0.9803207623772324,1.0,0.0990483691907417,6
2024-06-09,2024-06-07,2024-06-11,5.374982056026346,5.03057628097934,5656.623408764057,5656.303207871504,5657.037516598124,0.7343087266199291,0.75,0.0206375616060916,6
2024-06-16,2024-06-11,2024-06-21,2.200267817211039,5.171064556024313,3077.636470728554,3054.451981574297,3101.059849301353,46.607867727056146,1.5,0.1007352681556317,6
2024-06-16,2024-06-11,2024-06-21,2.6348230779071335,5.756291384874202,4870.96295977178,4870.803363722749,4871.351267108228,0.5479033854790032,1.25,0.1077580951987033,6
2024-06-16,2024-06-11,2024-06-21,8.264248045293614,5.019328967507793,5662.440397267891,5662.049953016918,5663.0331296152435,0.9831765983253716,1.0,0.0398181507504907,6
2024-06-16,2024-06-11,2024-06-21,3.3073302356225436,7.711231250145589,4243.280372661639,4242.820148829836,4244.00570201315,1.1855531833134592,1.0,0.0682426033493188,6
2024-06-16,2024-06-11,2024-06-21,5.883948503925372,9.07117395749627,3284.821982169625,3284.7180591281503,3285.2013703011908,0.4833111730404198,2.5,0.1476282998770828,6
2024-06-16,2024-06-11,2024-06-21,3.377385752057191,11.017093902985684,3795.1912400492183,3795.071005233098,3795.5461782645434,0.4751730314455926,1.25,0.0265178755926426,6
2024-06-16,2024-06-11,2024-06-21,9.74279318455998,5.930528440961516,895.9224836327438,895.5385666103102,896.5223878291436,0.9838212188333272,4.0,0.2772044983311383,6
2024-06-16,2024-06-11,2024-06-21,18.191823986766767,5.3709846283375136,750.8720547904096,750.1675622318871,751.9339632871561,1.7664010552689433,4.5,0.4016128662644735,6
2024-06-16,2024-06-11,2024-06-21,10.340469426364075,8.294859068572244,751.0749792063508,750.7754081049934,751.6274081682786,0.8520000632852316,2.75,0.2690973989697109,6
2024-06-16,2024-06-11,2024-06-21,2.720566462457459,8.559370264503968,896.2227250576043,896.0191456051543,896.767041423358,0.7478958182036877,1.0,0.3150853195702785,6
2024-06-16,2024-06-11,2024-06-21,2.422691065912135,7.405820467436936,752.7161796696499,752.6298906700686,753.1753425002098,0.5454518301412463,1.0,0.3258618460197171,6
2024-06-24,2024-06-21,2024-06-27,3.0115164547592403,7.358623144978075,2541.0879762538734,2540.631187247578,2541.697555004619,1.0663677570410073,0.5,0.233043943630733,6
2024-06-24,2024-06-21,2024-06-27,2.9634130842179993,7.647324315702009,3661.00380214637,3660.664461878594,3661.5642710351385,0.8998091565445065,1.0,0.1361967546788967,6
2024-06-24,2024-06-21,2024-06-27,2.798614621612989,7.947118911866346,2971.4279270423635,2971.080489810556,2972.0192455239594,0.938755713403225,0.75,0.1385970804379965,6
2024-06-30,2024-06-27,2024-07-03,4.803470775011648,5.03608384828403,3232.9606023010565,3232.843693688512,3233.320719623007,0.4770259344950318,2.0,0.0937700731369406,6
2024-06-30,2024-06-27,2024-07-03,2.3318211144398897,6.890516773741457,3117.2915327541805,3094.0399346845224,3135.0163597255014,40.97642504097894,1.0,0.3699775481254841,6
2024-06-30,2024-06-27,2024-07-03,2.8437641244939527,8.4793275049505,3258.895761847962,3258.8957618479617,3259.134651266504,0.2388894185423851,2.0,0.1565964409052966,6
2024-06-30,2024-06-27,2024-07-03,5.033955466586165,5.390238440703625,3082.8394490582873,3059.654253306798,3106.2635342283174,46.6092809215188,1.0,0.1130903140385031,6
2024-06-30,2024-06-27,2024-07-03,4.127931692518453,6.222960683304487,3287.078130638321,3287.039236678276,3287.5225720573217,0.4833353790454566,2.25,0.0987428162293624,6
2024-06-30,2024-06-27,2024-07-03,2.7776634223832746,5.787694629131486,3284.7180591281513,3284.7180591281503,3284.9569485466927,0.2388894185423851,1.75,0.1348941926138414,6
2024-06-30,2024-06-27,2024-07-03,4.350643937693629,11.043332999761285,3056.764671101076,3056.6054644184187,3057.0941989766434,0.488734558224678,1.75,0.2216684143396285,6
2024-06-30,2024-06-27,2024-07-03,4.965762570947893,7.977550248433302,5657.954192652753,5657.046592224389,5659.019553265069,1.9729610406793656,1.5,0.04546299217492,6
2024-06-30,2024-06-27,2024-07-03,7.917047358831207,10.474567628429448,3076.8356837889837,3054.451981574297,3101.059849301353,46.607867727056146,2.5,0.2124666838463218,6
2024-07-06,2024-07-03,2024-07-10,2.23979314651126,8.826890700397271,3099.447514977772,3099.447514977772,3099.686404396314,0.2388894185423851,1.5,0.1766732026892192,7
2024-07-06,2024-07-03,2024-07-10,3.3209093073960396,9.858631024101802,3114.2447323342785,3094.0399346845224,3134.688419402577,40.64848471805453,1.0,0.2214365762615644,7
2024-07-06,2024-07-03,2024-07-10,2.3568346282319164,5.3283088620053265,3000.758682162501,3000.758682162501,3000.9975715810433,0.2388894185423851,1.5,0.0495482732864754,7
2024-07-06,2024-07-03,2024-07-10,3.336795453729108,9.839069978056909,896.2310667053076,896.0191456051543,896.767041423358,0.7478958182036877,1.0,0.1830599843430214,7
2024-07-06,2024-07-03,2024-07-10,3.3141845702640715,9.622971102765744,895.5928260737336,895.0491700856946,896.2777341739275,1.2285640882328153,0.5,0.1909723807269614,7
2024-07-06,2024-07-03,2024-07-10,4.12583346703304,7.111433369757817,895.5752679087051,895.0491700856946,896.2777341739275,1.2285640882328153,1.5,0.1322988506210376,7
2024-07-06,2024-07-03,2024-07-10,2.8928373860744756,8.76405892262496,895.1208377901556,894.804472012911,895.7774560288526,0.97298401594162,0.75,0.1154257316856477,7
2024-07-06,2024-07-03,2024-07-10,4.8427185148075225,5.148345392367723,895.5600696997278,895.0491700856946,896.2777341739275,1.2285640882328153,1.5,0.1126488577153694,7
2024-07-06,2024-07-03,2024-07-10,2.421373590768874,11.198398881309716,5652.6209308121715,5652.338895464782,5653.073204481043,0.7343090162612498,0.75,0.1691037933845329,7
2024-07-06,2024-07-03,2024-07-10,4.283490211026017,7.337892106004235,4179.050535076887,4176.271473636385,4181.001907234546,4.730433598160744,3.25,0.0800375827143462,7
2024-07-06,2024-07-03,2024-07-10,8.272760630833954,7.322903198126808,4172.85340629705,4170.364820941351,4175.128180317581,4.763359376229346,4.0,0.1103182457033646,7
2024-07-06,2024-07-03,2024-07-10,6.413524539185595,9.228728340078748,895.7398535872447,895.0491700856946,896.5223878291436,1.473217743448913,0.75,0.1425393814450881,7
2024-07-06,2024-07-03,2024-07-10,2.629839247412793,7.0008198700016955,19.224715595587135,18.83908483060077,19.843211151193827,1.004126320593059,0.75,0.0311382588374231,7
2024-07-06,2024-07-03,2024-07-10,2.9832706476896256,6.415067917355123,78.80875444320054,11.668374533765018,188.16254413221031,176.4941695984453,1.0,0.0422386530577184,7
2024-07-14,2024-07-10,2024-07-18,2.13096826634137,6.227531336486249,3984.309607381051,3983.936900076456,3984.8849800773896,0.9480800009332596,0.75,0.1197113899838853,7
2024-07-14,2024-07-10,2024-07-18,2.2529386339901016,6.339405050533433,3991.766594706765,3991.366103451699,3992.314047051128,0.9479435994289817,0.5,0.0680857260599765,7
2024-07-14,2024-07-10,2024-07-18,5.357775448432286,10.216028784081931,896.4378346046601,896.2637577694841,896.9918715176173,0.7281137481331825,1.25,0.0825864631146722,7
2024-07-14,2024-07-10,2024-07-18,3.1209594612996097,8.710851688962853,3792.960164683547,3792.667021744885,3793.388707844541,0.7216860996559262,0.75,0.1245589872178065,7
2024-07-21,2024-07-18,2024-07-25,3.0964458236158827,9.980996135771644,3284.7552291150696,3284.7180591281503,3285.2013703011908,0.4833111730404198,2.0,0.109773998624455,7
2024-07-21,2024-07-18,2024-07-25,3.569255163571424,8.259744095706893,4620.085458369293,4619.839658103418,4620.5482017556205,0.708543652202934,0.75,0.0570656001854352,7
2024-07-21,2024-07-18,2024-07-25,3.4500696493193503,11.47780870294666,3232.59833780018,3232.3655747012235,3233.0825831070542,0.7170084058307111,0.75,0.141463132757551,7
2024-07-21,2024-07-18,2024-07-25,5.156896322497725,8.057173636306363,750.9671529519602,750.7754081049934,751.6274081682786,0.8520000632852316,1.5,0.1028739608988005,7
2024-07-21,2024-07-18,2024-07-25,19.61822494097725,6.8939476343424015,896.0288531745772,895.5385666103102,896.767041423358,1.2284748130477965,5.5,0.2106320418585849,7
2024-07-21,2024-07-18,2024-07-25,3.73953016609652,9.875004172306268,896.1437045987442,896.0191456051543,896.5026471880265,0.4835015828721225,1.0,0.0928165140943881,7
2024-07-27,2024-07-25,2024-07-29,2.2213275916814803,6.198279491663226,3257.4319750349964,3257.431975034997,3257.6708644535393,0.2388894185423851,1.5,0.0574647597998789,7
2024-07-27,2024-07-25,2024-07-29,2.1421930828951297,5.807676641798535,3361.864326437123,3361.5615837397054,3362.295297216624,0.7337134769186378,1.0,0.1980302141522294,7
2024-07-27,2024-07-25,2024-07-29,2.412131556389015,8.115250554048137,3201.4044541163667,3201.270051029511,3201.74730183417,0.4772508046589792,1.0,0.2322000313834227,7
2024-07-27,2024-07-25,2024-07-29,5.870727348223207,6.177884115102642,3232.901082100295,3232.843693688512,3233.320719623007,0.4770259344950318,3.5,0.2117016694488183,7
2024-07-27,2024-07-25,2024-07-29,3.030944733945746,15.475152554876702,4025.502749238582,4024.602711253799,4026.732210107148,2.1294988533481956,1.25,0.0363158038605854,7
2024-07-27,2024-07-25,2024-07-29,3.0335360869133847,12.937198167971871,4675.13966244248,4660.887128171977,4714.90134286508,54.014214693102986,1.0,0.0544289938055642,7
2024-07-27,2024-07-25,2024-07-29,2.63601035831729,5.734448742856172,4861.355110075117,4847.043146793731,4871.351267108228,24.3081203144975,1.5,0.1317236552518275,7
2024-07-27,2024-07-25,2024-07-29,5.953474283074401,10.147908264020597,4670.504186924968,4649.102563487366,4698.771031331737,49.66846784437075,1.0,0.1118588184178415,7
2024-07-27,2024-07-25,2024-07-29,6.248654409755021,9.757587805987669,3931.9846532422584,3931.741812027059,3932.466970057693,0.7251580306328833,0.75,0.1396031454941138,7
2024-07-27,2024-07-25,2024-07-29,6.946096844977885,12.506956233221056,1832.7912319177724,1832.549462404102,1833.261622719001,0.7121603148989379,0.75,0.1619962946100273,7
2024-07-27,2024-07-25,2024-07-29,2.19657775208517,10.08916131330152,3061.2914311848645,3061.131367441267,3061.620521338191,0.4891538969241082,1.25,0.1395987314292446,7
2024-07-27,2024-07-25,2024-07-29,2.726262183419056,5.826970516730509,908.7571599673428,908.5339028681628,909.2634579855948,0.729555117432028,1.0,0.2595341138468621,7
2024-07-27,2024-07-25,2024-07-29,2.5913613287681714,7.667445875952462,909.0112565041449,908.7792356531136,909.508790853899,0.7295552007853985,1.0,0.2159304147880814,7
2024-07-27,2024-07-25,2024-07-29,3.5652107657155025,10.761529250832796,1022.2722125088836,1020.3301336136648,1039.9990385523995,19.668904938735068,0.75,0.2004629761686582,7
2024-07-27,2024-07-25,2024-07-29,2.8465376306432297,7.38472201095822,1080.4758052169925,1077.0316849066876,1081.7137234034017,4.682038496714085,0.5,0.2882341358035267,7
2024-07-27,2024-07-25,2024-07-29,2.423107330723945,9.605652434742726,1194.4873107982064,1194.172030097805,1194.9089360092769,0.7369059114716947,0.5,0.2484727520630913,7
2024-07-27,2024-07-25,2024-07-29,2.6879622373912486,9.874813587204304,896.2662837147977,896.0191456051543,896.767041423358,0.7478958182036877,1.0,0.1332234548219402,7
2024-07-27,2024-07-25,2024-07-29,2.9921705924221316,8.80963556870224,896.3991759121723,896.2834984106012,896.767041423358,0.4835430127568543,1.0,0.17571799905153,7
2024-07-27,2024-07-25,2024-07-29,2.3476857607252892,5.607727550241668,895.6536290997069,895.2938684150577,896.2777341739275,0.983865758869797,1.5,0.1079484624253757,7
2024-07-27,2024-07-25,2024-07-29,2.229052558808885,9.114699074483408,749.9939944674442,749.5544943655841,750.4064516504295,0.8519572848454118,1.25,0.0628574086116295,7
2024-07-27,2024-07-25,2024-07-29,2.797379563319124,7.708249234517527,534.3051506071038,504.7415164881386,558.9669626276009,54.22544613946229,0.75,0.2926719227116425,7
2024-07-27,2024-07-25,2024-07-29,2.434848745645303,6.905064255188993,3005.3152929561047,3004.8728582933545,3005.786573744379,0.9137154510244728,1.25,0.2165238074956876,7
2024-07-27,2024-07-25,2024-07-29,3.1381666661172174,9.513617800655542,3058.8345544791646,3058.666083530057,3059.1427872213535,0.4767036912962794,1.5,0.3054586427803407,7
2024-07-27,2024-07-25,2024-07-29,3.696101861476153,5.828575712802853,3082.8394490582864,3059.654253306798,3106.2635342283174,46.6092809215188,1.25,0.2884388345021049,7
2024-07-27,2024-07-25,2024-07-29,3.291152046975307,9.429564085059866,3056.855309558101,3056.855309558101,3057.0941989766434,0.2388894185423851,2.5,0.284105561258956,7
2024-07-27,2024-07-25,2024-07-29,7.946445090677031,9.157553417549211,3077.7869005290313,3054.451981574297,3101.059849301353,46.607867727056146,2.25,0.3247013456488545,7
2024-07-27,2024-07-25,2024-07-29,2.0869433353981934,5.956877615070245,3055.171346668938,3054.9515691800043,3055.4402522030286,0.4886830230243504,1.75,0.2933993321242445,7
2024-07-27,2024-07-25,2024-07-29,2.6047677432144156,7.286482956551792,3059.3498270494015,3054.451981574297,3101.059849301353,46.607867727056146,0.75,0.2043833492405933,7
2024-07-27,2024-07-25,2024-07-29,2.167220930052269,25.027771852998228,2557.0952864494175,2557.0952864494175,2557.33417586796,0.2388894185423851,1.25,0.0800125222170244,7
2024-07-27,2024-07-25,2024-07-29,2.89659810274588,12.089464881908787,2543.9222175986583,2543.389225601218,2544.6037682532333,1.214542652014643,1.0,0.0294876886943254,7
2024-07-27,2024-07-25,2024-07-29,4.888570352579001,9.227155840911273,1619.3311373084534,1619.1455503730103,1619.962633294519,0.8170829215086997,1.5,0.0770513966357555,7
2024-07-27,2024-07-25,2024-07-29,3.4586886600956506,5.966577266738176,1839.432364866296,1832.7860977174712,1850.8591172024608,18.073019484989345,1.25,0.0714136889097116,7
2024-07-27,2024-07-25,2024-07-29,2.940305310762394,9.62807007548406,1829.974016326887,1829.731715867296,1830.4438210478984,0.7121051806025207,0.5,0.0387921654467865,7
2024-07-27,2024-07-25,2024-07-29,3.9541787586711536,5.945187937028478,1836.7724482973824,1835.7675867704677,1837.8813472827896,2.113760512322187,1.25,0.1140216318896825,7
2024-07-27,2024-07-25,2024-07-29,2.4404560775220396,9.74031632494244,1831.799163010478,1831.3714672545905,1832.3200887688436,0.9486215142533184,0.75,0.0800443533202988,7
2024-07-27,2024-07-25,2024-07-29,2.706491097916942,6.852560876069032,1837.7386785865515,1836.6630579009652,1838.7870336687192,2.1239757677540183,1.5,0.0964065869638386,7
2024-07-27,2024-07-25,2024-07-29,2.634882203038223,7.304158017682235,2541.560846274083,2541.213689278811,2542.162031762302,0.9483424834907056,0.75,0.1913407415597534,7
2024-07-27,2024-07-25,2024-07-29,2.0188741844787264,8.946355171068323,3027.1106337349565,3026.95042267628,3027.432088308502,0.4816656322218478,1.0,0.1923886405596953,7
2024-07-27,2024-07-25,2024-07-29,2.105230917611159,9.56907522772856,2235.0419519120846,2234.72873242246,2235.483738310635,0.7550058881752193,0.75,0.048773384198692,7
2024-08-02,2024-07-29,2024-08-07,4.604547556191403,11.506580805022308,3218.026088386297,3217.7410087739117,3218.45670686569,0.7156980917789042,0.75,0.1624317777066686,8
2024-08-02,2024-07-29,2024-08-07,5.517416288490967,9.897882966005962,3032.8330278454146,3032.631253544707,3033.362345221918,0.731091677211225,1.0,0.2867430077350441,8
2024-08-02,2024-07-29,2024-08-07,2.153720691786893,6.138646761070172,1572.435312926733,1572.216398416087,1572.985335374717,0.768936958629638,0.75,0.0432899871968528,8
2024-08-02,2024-07-29,2024-08-07,3.090110177624365,6.303332456212657,3983.1441867289054,3982.524424225092,3984.1757894949983,1.6513652699068189,0.75,0.0964783795930979,8
2024-08-02,2024-07-29,2024-08-07,3.042140286545734,9.575662544993383,3284.7500648246364,3284.7180591281503,3285.2013703011908,0.4833111730404198,2.75,0.1236564818190877,8
2024-08-02,2024-07-29,2024-08-07,2.9791230496048926,5.536013257454261,3244.9067744798867,3244.749017504044,3245.2281424850225,0.4791249809786677,0.75,0.1046311502870023,8
2024-08-02,2024-07-29,2024-08-07,3.656489218093455,11.493683523670146,1835.9843296363913,1835.4856181913055,1836.7183149610648,1.232696769759059,0.75,0.0327435723565577,8
2024-08-02,2024-07-29,2024-08-07,8.21225615224205,9.231042998172317,1836.3250229795783,1835.834438231308,1837.0316508379765,1.1972126066684723,0.75,0.053909344459111,8
2024-08-02,2024-07-29,2024-08-07,3.001291987645626,11.0091282638146,896.2847933209836,896.0388447553851,896.767041423358,0.7281966679729521,0.75,0.1556907032719801,8
2024-08-14,2024-08-07,2024-08-21,21.11213365597362,13.98868280991221,4191.986398095171,4191.761761175003,4192.47345996974,0.7116987947374582,3.5,0.0675835265086755,8
2024-08-14,2024-08-07,2024-08-21,24.936654704952055,15.286541021661336,4193.779577587787,4193.3795886780135,4194.327692460734,0.9481037827208638,4.5,0.067117757231464,8
2024-08-14,2024-08-07,2024-08-21,3.3795005206348376,7.576003466175716,1828.1597483914004,1827.932078186888,1828.642502589617,0.7104244027286768,0.75,0.2238177791525375,8
2024-08-14,2024-08-07,2024-08-21,10.490097216444552,8.104960638550738,1808.3843297137528,1808.0576507109215,1809.1325741992332,1.0749234883114696,2.0,0.5342382580133975,8
2024-08-14,2024-08-07,2024-08-21,13.97244996372924,7.0952933089356085,1807.0872506658932,1806.6573928846049,1808.018662078306,1.361269193701446,2.0,0.6950133090243948,8
2024-08-14,2024-08-07,2024-08-21,3.5210221955206245,7.276122556080311,1255.7994572501254,1255.4951437148266,1256.472471118439,0.9773274036124348,0.75,0.1390431572903239,8
2024-08-14,2024-08-07,2024-08-21,2.5924638034347436,12.216611650686731,1013.8773173880656,1007.8368482175284,1030.13990034163,22.30305212410167,2.25,0.0714850472519434,8
2024-08-14,2024-08-07,2024-08-21,3.577763150490458,7.252630999800204,3058.9038978028107,3058.903897802811,3059.1427872213535,0.2388894185423851,3.75,0.4627453864755004,8
2024-08-14,2024-08-07,2024-08-21,2.6732818853982727,6.236407615595698,1807.445701720008,1807.2222313843668,1808.018662078306,0.7964306939393282,1.0,0.2295944800857441,8
2024-08-14,2024-08-07,2024-08-21,2.55499578980701,7.25464520304816,1807.466908236513,1807.2222313843668,1808.296540129464,1.074308745097369,1.5,0.3178926363492351,8
2024-08-14,2024-08-07,2024-08-21,2.4870645378043967,8.68425790560458,1807.6253460375844,1807.501002062112,1808.296540129464,0.7955380673520267,1.0,0.2701707571567047,8
2024-08-14,2024-08-07,2024-08-21,13.34543135270206,7.938838834466755,1808.4498706131071,1808.0576507109215,1809.4093439066785,1.3516931957565248,2.5,0.6701399110974116,8
2024-08-14,2024-08-07,2024-08-21,2.4669978863691906,5.749822133990256,3000.8790463930127,3000.758682162501,3001.2334612514824,0.4747790889814496,1.5,0.2884272440220936,8
2024-08-14,2024-08-07,2024-08-21,2.572528481457382,15.125966922655476,3859.523513171891,3859.403293087147,3859.8807023256086,0.477409238461405,0.5,0.0540731205046762,8
2024-08-14,2024-08-07,2024-08-21,3.053925298785977,8.02156227254007,3079.095944752688,3054.451981574297,3101.059849301353,46.607867727056146,1.5,0.2408780259605425,8
2024-08-14,2024-08-07,2024-08-21,3.6560998283412314,7.00014448298776,3086.891753589269,3063.851749924943,3110.170646672137,46.31889674719423,2.0,0.5122828702211546,8
2024-08-14,2024-08-07,2024-08-21,2.6389002036133973,7.354863328404034,3061.3862601898927,3061.3816319196485,3061.870785531588,0.4891536119394004,2.25,0.2601534213869261,8
2024-08-14,2024-08-07,2024-08-21,3.363785538570154,6.794844906922529,3119.385220381432,3119.3852203814313,3119.6241097999737,0.2388894185423851,4.5,0.2533049570256462,8
2024-08-28,2024-08-21,2024-09-05,2.1998190634383077,5.716069333366057,4279.264473632423,4277.7353460914455,4280.812303890474,3.0769577990286052,3.0,0.058332985001267,8
2024-08-28,2024-08-21,2024-09-05,2.9319421505533527,19.560717506140815,4138.12070160348,4137.129405330867,4138.805759262294,1.676353931427002,2.25,0.116269109973498,8
2024-08-28,2024-08-21,2024-09-05,3.064157529805693,15.788254596718446,4139.3330002661505,4139.08161454834,4140.029104525223,0.9474899768829346,1.75,0.0748259532789885,8
2024-08-28,2024-08-21,2024-09-05,3.6685961338251825,10.872213993011602,1538.2214689545876,1537.9976171529852,1538.7559486054815,0.7583314524963498,1.0,0.1189201759755453,8
2024-08-28,2024-08-21,2024-09-05,11.861432368010377,8.472618555327566,1791.739565567414,1791.0458727418445,1792.708125970792,1.6622532289475205,1.25,1.2164985077734514,8
2024-08-28,2024-08-21,2024-09-05,7.094689049428981,11.663440921901032,3232.927446638192,3232.3655747012235,3233.798829620704,1.4332549194805324,1.0,0.219939895014698,8
2024-08-28,2024-08-21,2024-09-05,2.3602113301630134,11.734367491883168,3233.7128754476794,3233.5599402021617,3234.0378847694956,0.4779445673339069,0.75,0.1923700302926501,8
2024-08-28,2024-08-21,2024-09-05,2.395703131075855,16.814567217288925,4024.989455505306,4024.366296508815,4026.0235350490543,1.657238540239632,1.25,0.0611356527731921,8
2024-08-28,2024-08-21,2024-09-05,2.757301682793815,13.2458455593371,4660.842130865914,4660.630049765576,4661.3830962409265,0.7530464753508568,0.75,0.0424704946955123,8
2024-08-28,2024-08-21,2024-09-05,3.670122039986122,13.04118004194095,4675.233907444365,4660.887128171977,4714.90134286508,54.014214693102986,1.25,0.0507973112552623,8
2024-08-28,2024-08-21,2024-09-05,3.722328933514375,11.108339204229036,896.1498864724748,896.0191456051543,896.5026471880265,0.4835015828721225,1.0,0.0897210443129881,8
2024-08-28,2024-08-21,2024-09-05,4.054462864349317,9.808378381443816,896.1060199704797,896.0191456051543,896.5026471880265,0.4835015828721225,1.25,0.0883840525419532,8
2024-08-28,2024-08-21,2024-09-05,3.5310734678057956,17.534074733758178,2550.594115049675,2549.7153984676115,2551.656098905951,1.9407004383392632,1.25,0.0663712249507353,8
2024-08-28,2024-08-21,2024-09-05,3.243623563819789,16.20725017232009,1841.506354726023,1840.9304858306425,1842.3327390723864,1.4022532417438924,0.75,0.2430693101507897,8
2024-08-28,2024-08-21,2024-09-05,2.767955553637259,6.763021861580864,1808.4697531349852,1808.3363287276588,1808.853896039538,0.5175673118792474,0.75,0.1765219426533959,8
2024-08-28,2024-08-21,2024-09-05,3.545047184898723,6.813448631490146,1804.670048029949,1802.963821101468,1806.0166637394575,3.05284263798967,1.25,0.2273634265949176,8
2024-08-28,2024-08-21,2024-09-05,4.403431332508941,9.760259357880075,1619.2582527032132,1619.1455503730103,1619.65667358879,0.5111232157796621,1.75,0.1127513280954695,8
2024-08-28,2024-08-21,2024-09-05,2.5339826584955394,9.7241654327144,3058.7031063868444,3058.666083530057,3059.1427872213535,0.4767036912962794,2.75,0.1284304923199641,8
2024-08-28,2024-08-21,2024-09-05,2.8527093387712723,10.23270256639686,3056.6438532544066,3056.6054644184187,3057.0941989766434,0.488734558224678,2.0,0.0909427364379644,8
2024-08-28,2024-08-21,2024-09-05,4.746373815085832,10.108955458257476,3246.3246121813754,3245.9536639167927,3246.912487096153,0.9588231793604792,1.25,0.0840095861063316,8
2024-08-28,2024-08-21,2024-09-05,2.1163022477135063,8.558506496841602,3258.8957618479626,3258.8957618479617,3259.134651266504,0.2388894185423851,2.5,0.189789596447969,8
2024-08-28,2024-08-21,2024-09-05,2.472156106139068,9.116253564815318,3078.134955878198,3054.451981574297,3100.725226694718,46.27324512042105,1.75,0.126261890727577,8
2024-08-28,2024-08-21,2024-09-05,3.132782098623272,14.50065822120236,3015.6939920254695,3015.537510526832,3015.987682898063,0.4501723712310195,1.25,0.1024824048670669,8
2024-08-28,2024-08-21,2024-09-05,2.0851379286175593,16.42237810428294,3845.3871220991896,3845.2572880666703,3845.735732305795,0.4784442391246557,1.0,0.0686566283951284,8
2024-08-28,2024-08-21,2024-09-05,3.691776768553443,12.763412054485867,3556.2885898027534,3555.342481089756,3557.213260166347,1.870779076591134,0.75,0.03523633005791,8
2024-09-05,2024-09-05,2024-09-05,2.866717217051052,8.983746552657312,2968.763413883874,2968.497040981427,2969.435888490174,0.9388475087471306,0.75,0.1292100446536981,9
2024-09-05,2024-09-05,2024-09-05,2.865598617348727,8.032639212071357,2969.6655887469565,2969.430320561398,2970.135852638632,0.7055320772342384,1.25,0.1193748104181513,9
2024-09-08,2024-09-05,2024-09-11,2.629935400403757,11.385885603220816,5192.364423927352,5191.979928086977,5192.987998186611,1.008070099633187,1.25,0.0560631055382404,9
2024-09-08,2024-09-05,2024-09-11,2.58022848464055,5.273150721014135,1219.8395445831925,1219.5692538283763,1220.3036889918149,0.7344351634383202,0.75,0.2228802744910818,9
2024-09-08,2024-09-05,2024-09-11,3.018466345168185,9.354138467976412,1619.5242028840655,1619.1807669568807,1620.234121796675,1.0533548397943375,1.0,0.0501927837130505,9
2024-09-08,2024-09-05,2024-09-11,3.476043498573918,14.658595702071644,4193.758707245665,4193.6159935579635,4194.091287768446,0.4752942104823887,1.0,0.019479236230096,9
2024-09-08,2024-09-05,2024-09-11,4.929713082687464,6.606028220152077,1765.6468637015628,1765.218129787594,1766.346488820389,1.1283590327948332,1.0,0.1440060328119252,9
2024-09-08,2024-09-05,2024-09-11,8.85002162181884,8.58202934783078,1831.8385847719871,1831.608044696506,1832.3200887688436,0.7120440723374486,1.0,0.0609269885356911,9
2024-09-08,2024-09-05,2024-09-11,8.141292258793394,11.408688193965029,1837.2945912359637,1836.9319267459216,1837.8813472827896,0.9494205368682742,1.75,0.1173606227821311,9
2024-09-08,2024-09-05,2024-09-11,6.19473467909582,15.078152747500235,3236.062549647006,3235.738684007898,3236.695105329156,0.9564213212579488,1.5,0.1509533295095178,9
2024-09-08,2024-09-05,2024-09-11,2.608104490890261,9.675201091171637,2073.332798193896,2073.0744562689215,2074.0232237982564,0.948767529334873,1.0,0.0644248857634299,9
2024-09-08,2024-09-05,2024-09-11,7.047333402767777,15.703308472088512,4190.90489041987,4190.769569366239,4191.244867212139,0.4752978459000587,2.25,0.0248117576469231,9
2024-09-08,2024-09-05,2024-09-11,3.723169227044098,9.621837008532063,1832.8457100956591,1832.718934827484,1833.1936132158153,0.4746783883310854,1.0,0.2084382943353624,9
2024-09-08,2024-09-05,2024-09-11,7.226851036896277,10.734507361405043,1762.0995689044507,1761.261705734767,1763.400500700809,2.138794966042042,1.0,0.3178466446410821,9
2024-09-08,2024-09-05,2024-09-11,7.903106966812164,6.473999307039629,1765.0995091481357,1764.2354721617885,1766.346488820389,2.11101665860042,1.0,0.5047943379760067,9
2024-09-08,2024-09-05,2024-09-11,3.561295368145593,13.593692594740372,1642.5982377298055,1642.3034210442563,1643.369932550937,1.0665115066803992,0.75,0.0648517329557385,9
2024-09-08,2024-09-05,2024-09-11,6.1970847537507305,9.639943358501444,1619.3170389946356,1618.873316717334,1619.962633294519,1.0893165771849451,1.5,0.0552175914125502,9
2024-09-08,2024-09-05,2024-09-11,3.0457749890488577,10.900380468915904,3076.596535117869,3059.1540163042955,3106.2635342283174,47.10951792402193,1.5,0.1146646828270669,9
2024-09-08,2024-09-05,2024-09-11,2.395719853335154,7.600212480390405,909.1288893889188,908.7792356531136,909.748660356272,0.9694247031584382,1.0,0.1115800132656774,9
2024-09-08,2024-09-05,2024-09-11,5.142954497142172,5.140555215645941,895.9235834628465,895.5385666103102,896.5223878291436,0.9838212188333272,2.0,0.1516587825091253,9
2024-09-08,2024-09-05,2024-09-11,4.495291480621043,6.7975603239704405,750.5034936354921,750.1675622318871,751.0142975235358,0.8467352916486561,0.75,0.0745244797678834,9
2024-09-08,2024-09-05,2024-09-11,4.712219197693281,8.467011334299087,1831.5720678457271,1831.3714672545905,1832.0835112868808,0.7120440322905779,0.75,0.0273796630228082,9
2024-09-08,2024-09-05,2024-09-11,3.708516168167191,9.260921570291856,3063.374294879078,3054.451981574297,3101.059849301353,46.607867727056146,2.0,0.1369930092645388,9
2024-09-08,2024-09-05,2024-09-11,3.532925458023046,11.517660896652114,2985.524447977415,2985.2382291802205,2985.9425150123425,0.7042858321219683,1.25,0.1903177464290251,9
2024-09-08,2024-09-05,2024-09-11,2.591455092864949,20.70558396984125,2553.453024510958,2553.128355570603,2553.8153067892417,0.6869512186385691,1.25,0.1429644131752327,9
2024-09-08,2024-09-05,2024-09-11,2.6696999774566477,5.748580953711674,1836.5677172332032,1835.7675867704677,1837.8813472827896,2.113760512322187,1.25,0.1070627019953218,9
2024-09-08,2024-09-05,2024-09-11,2.3752506732297034,20.69205099016632,2546.351998756375,2546.0537682478316,2546.7944982554764,0.7407300076447427,1.25,0.1346352863508859,9
2024-09-08,2024-09-05,2024-09-11,3.5280789889443662,16.374212014352004,1842.2069949032768,1841.6075610755945,1843.0454473039135,1.4378862283192575,0.5,0.1417218823923982,9
2024-09-08,2024-09-05,2024-09-11,4.110726697427967,10.80099096884497,1837.4422592936835,1837.1687704757787,1837.8813472827896,0.7125768070109189,1.0,0.107381853124282,9
2024-09-08,2024-09-05,2024-09-11,4.440887998889294,11.664275347574446,1836.9768462135487,1836.5559365814552,1837.6445035678337,1.0885669863782823,1.25,0.1324026381011389,9
2024-09-08,2024-09-05,2024-09-11,4.645950675766077,9.20483680365547,1840.7104350279697,1833.7279909057545,1850.0562558863312,16.328264980576932,1.75,0.3718510196451507,9
2024-09-08,2024-09-05,2024-09-11,2.0459331889170227,17.408127832781283,2550.4393823258597,2549.9593965602107,2551.168132803403,1.2087362431921065,1.0,0.0632053081179151,9
2024-09-08,2024-09-05,2024-09-11,4.527323565529846,7.195563145379437,1828.067915018129,1827.6998832565732,1828.642502589617,0.9426193330436944,1.25,0.194519608689343,9
2024-09-08,2024-09-05,2024-09-11,2.259798343643546,9.693118432597572,3235.23139329929,3234.759120365139,3235.9775734264404,1.2184530613012612,1.0,0.0590999536903941,9
2024-09-08,2024-09-05,2024-09-11,2.656240111503005,15.574571717456056,3235.3292743515885,3234.5200561480597,3236.4559282069094,1.9358720588497815,1.0,0.1206252153231557,9
2024-09-08,2024-09-05,2024-09-11,2.296844538280489,9.904314054292048,3246.6039918609836,3246.1937507763505,3247.152488438878,0.9587376625277102,1.25,0.0525382255591239,9
2024-09-08,2024-09-05,2024-09-11,2.152711383993551,17.4537027275663,3300.473216879544,3299.966381326318,3301.144894442521,1.1785131162032485,1.25,0.0374982036887666,9
2024-09-08,2024-09-05,2024-09-11,2.914749517990276,12.764092613461736,3556.121209164778,3555.342481089756,3556.9804767821915,1.637995692435652,0.75,0.0346474724459838,9
2024-09-08,2024-09-05,2024-09-11,2.5174865677545784,7.275650627224474,3967.2643758199383,3966.27923567174,3967.896142925136,1.616907253395766,1.25,0.03071974497242,9
2024-09-08,2024-09-05,2024-09-11,8.876613597443885,11.237497539213464,3795.387908794237,3794.829506809823,3796.270922544878,1.4414157350547612,1.5,0.1091848063979339,9
2024-09-08,2024-09-05,2024-09-11,2.7489570365147107,8.884538209934245,3245.044690253229,3244.749017504044,3245.712379089091,0.963361585047096,1.5,0.1350041597847595,9
2024-09-14,2024-09-11,2024-09-18,2.533329116768763,16.57597880780151,4632.008106568917,4626.11813028343,4649.69842787087,23.580297587439414,1.0,0.0830378653226804,9
2024-09-14,2024-09-11,2024-09-18,2.5791421350097283,5.7689901527224166,4637.529605247733,4637.392599006183,4638.127362877596,0.7347638714127243,1.5,0.1374718213914927,9
2024-09-14,2024-09-11,2024-09-18,3.6245270083395766,5.583605483112267,5125.290889792173,5124.782772839069,5125.7754075508565,0.9926347117871046,1.25,0.1208643864444702,9
2024-09-14,2024-09-11,2024-09-18,3.6439666347734634,5.681166201099006,4698.554065649531,4698.201690127142,4699.322238996159,1.1205488690175116,1.0,0.169742152598129,9
2024-09-14,2024-09-11,2024-09-18,2.9997718148307313,6.07972192988118,4719.034249733174,4693.51801820891,4746.266996385064,52.74897817615419,0.75,0.1739920712098452,9
2024-09-14,2024-09-11,2024-09-18,2.1954667371218837,9.888833952527476,4389.216335369872,4388.972955577541,4389.920897781383,0.9479422038421036,1.75,0.1008320856849154,9
2024-09-14,2024-09-11,2024-09-18,2.5908295012001417,5.743253557673035,3000.8698220722954,3000.758682162501,3001.4693508129567,0.7106686504557729,1.25,0.124172073073645,9
2024-09-14,2024-09-11,2024-09-18,2.090897552498616,22.285695423918103,2966.367453797138,2965.807542619761,2966.9574820236303,1.1499394038692117,0.75,0.0942470128460548,9
2024-09-14,2024-09-11,2024-09-18,2.1190219440212568,9.48390218780251,3058.8787475505815,3058.666083530057,3059.392905722838,0.7268221927806735,2.25,0.0839528796116817,9
2024-09-14,2024-09-11,2024-09-18,5.365296284551547,7.450797285582428,3057.2413099110236,3057.0122790713795,3057.501220313832,0.4889412424527108,4.5,0.238987353826805,9
2024-09-14,2024-09-11,2024-09-18,2.8995089703108183,8.58883510563687,3056.89633186508,3056.855309558101,3057.344044388272,0.4887348301708698,1.75,0.1254987131506157,9
2024-09-14,2024-09-11,2024-09-18,2.1844568016001022,7.453433481323032,3056.7911251470755,3056.6054644184187,3057.0941989766434,0.488734558224678,1.0,0.1074689098746373,9
2024-09-14,2024-09-11,2024-09-18,7.55595943324538,8.211608322318439,3072.127172267647,3054.451981574297,3101.059849301353,46.607867727056146,1.5,0.1045362977285313,9
2024-09-14,2024-09-11,2024-09-18,3.0675557317844593,9.256017051760963,1831.4772068872128,1830.242028045468,1833.429402159527,3.187374114058912,1.25,0.388048160143124,9
2024-09-14,2024-09-11,2024-09-18,2.523597359080892,5.509343342131402,1830.6980066056944,1829.4951081108304,1831.1897234474309,1.694615336600691,0.75,0.2324015975198357,9
2024-09-14,2024-09-11,2024-09-18,6.039378917982242,8.041016666030487,1828.47675401359,1828.0445907143876,1829.0039932681248,0.9594025537371637,0.75,0.3122027643436809,9
2024-09-14,2024-09-11,2024-09-18,4.077256498219539,6.131051305115747,1829.487600061716,1829.2354793343693,1829.975074824877,0.7395954905077815,0.5,0.2661341945062778,9
2024-09-14,2024-09-11,2024-09-18,2.157587714249547,8.306767700142027,1790.82052575677,1790.4920171285048,1791.5745990844443,1.082581955939531,1.0,0.183909763024932,9
2024-09-14,2024-09-11,2024-09-18,3.2133756245333704,11.729829241538557,1830.0676764997572,1829.9683239068836,1830.4438210478984,0.4754971410147846,0.75,0.0443997222619901,9
2024-09-14,2024-09-11,2024-09-18,2.0924294308950193,8.33112003527805,2057.8846994801424,2057.8846994801424,2058.123588898685,0.2388894185423851,1.0,0.0538687848985308,9
2024-09-14,2024-09-11,2024-09-18,2.0106366801038384,15.83364586056127,1846.5447984339648,1846.4529129052537,1846.92989244638,0.4769795411266386,1.0,0.0640805602257965,9
2024-09-14,2024-09-11,2024-09-18,2.329740984827932,9.95213214565774,1835.666973376239,1835.3607043018565,1836.0733276498504,0.7126233479939401,0.75,0.2715439300207478,9
2024-09-14,2024-09-11,2024-09-18,2.497041814092174,11.52074964291557,3061.276353736525,3061.131367441267,3061.620521338191,0.4891538969241082,1.0,0.1803195335273733,9
2024-09-14,2024-09-11,2024-09-18,2.4406179251031017,11.763870797950476,3086.661337033491,3063.851749924943,3110.170646672137,46.31889674719423,1.25,0.1310340359300732,9
2024-09-14,2024-09-11,2024-09-18,2.05538998488415,6.22161768725929,4029.5470476990295,4029.239925253205,4029.9516794700176,0.711754216812551,1.75,0.075337393888677,9
2024-09-14,2024-09-11,2024-09-18,3.7689876202969814,5.3577503597376515,3244.851538570457,3244.749017504044,3245.2281424850225,0.4791249809786677,1.0,0.085697346525817,9
2024-09-14,2024-09-11,2024-09-18,3.519360719614663,5.662172718895886,3291.752829543843,3291.627525941003,3292.11066311365,0.4831371726468205,1.0,0.0694702188645712,9
2024-09-14,2024-09-11,2024-09-18,4.439206217382756,8.430915349546547,1829.9653415923733,1829.4951081108304,1831.1897234474309,1.694615336600691,0.75,0.3037869367419521,9
2024-09-14,2024-09-11,2024-09-18,3.1886015973834314,20.06608957187451,4131.6284522602855,4130.9108954682015,4132.805017214268,1.8941217460669575,1.75,0.0509315486635014,9
2024-09-14,2024-09-11,2024-09-18,11.177529587806948,11.757994960093123,3233.0336246808683,3232.3655747012235,3234.0378847694956,1.6723100682720542,1.25,0.3292705293008824,9
2024-09-14,2024-09-11,2024-09-18,2.209318023387808,7.242459076883152,3007.9408565943054,3007.6752081923187,3008.3885379969142,0.7133298045955598,0.75,0.0875473095903256,9
2024-09-14,2024-09-11,2024-09-18,3.838620302460808,7.853231526129443,2988.558735836647,2988.253934049513,2989.195105041843,0.9411709923297168,0.75,0.204832729522113,9
2024-09-21,2024-09-18,2024-09-24,5.4901249640931375,10.875549114970749,1837.0952871807324,1835.7675867704677,1837.8813472827896,2.113760512322187,1.25,0.1518280690163176,9
2024-09-21,2024-09-18,2024-09-24,4.370592398589012,12.02623919045501,1837.1585989682417,1836.792761419434,1837.8813472827896,1.0885858633555472,1.0,0.0872112639840516,9
2024-09-21,2024-09-18,2024-09-24,7.398645376123302,9.748850295623276,1840.6263095499753,1833.7279909057545,1850.323876321316,16.595885415561497,0.75,0.1191885297612127,9
2024-09-21,2024-09-18,2024-09-24,3.4907620728738604,9.379977472992229,1831.850922816404,1831.608044696506,1832.3200887688436,0.7120440723374486,1.0,0.2669737496443947,9
2024-09-21,2024-09-18,2024-09-24,2.593935362252966,5.975598815561537,1836.7544783487072,1835.123837464489,1850.8591172024608,15.735279737971725,1.25,0.0648900783644246,9
2024-09-21,2024-09-18,2024-09-24,2.4257255587511692,7.80591054765391,1827.5801383624787,1827.2283491869457,1828.1709676054304,0.9426184184849262,0.75,0.0674883393356096,9
2024-09-21,2024-09-18,2024-09-24,3.7347225165483544,7.74417903645573,1825.3547676708151,1825.128297090996,1825.8387147919275,0.7104177009314299,0.75,0.0328889445994023,9
2024-09-21,2024-09-18,2024-09-24,5.0555019782468875,16.3812862641426,2550.7146029383407,2548.2374294768088,2554.0590996840037,5.821670207194984,2.25,0.1257102465302817,9
2024-09-21,2024-09-18,2024-09-24,2.716164924920816,6.2480544139638035,3986.567931868781,3986.172565976158,3987.113795651123,0.9412296749651432,0.75,0.2106454976369765,9
2024-09-21,2024-09-18,2024-09-24,2.244999144164845,6.384105800386268,3987.667609369655,3987.347694741096,3988.2957580396906,0.9480632985942066,0.5,0.0191010345244566,9
2024-09-21,2024-09-18,2024-09-24,2.0842002876497805,5.850690552166648,4047.5850298431974,4047.2907559550367,4047.9788270639256,0.6880711088888347,0.75,0.1346001162211219,9
2024-09-21,2024-09-18,2024-09-24,17.464955152967853,14.000484499487252,4192.010079417678,4191.761761175003,4192.47345996974,0.7116987947374582,3.5,0.0463222005808938,9
2024-09-21,2024-09-18,2024-09-24,3.746322986712772,12.812677798574471,4193.559633522356,4193.3795886780135,4194.091287768446,0.7116990904323757,0.75,0.023999090927346,9
2024-09-21,2024-09-18,2024-09-24,10.08893678534534,14.80142820136972,4193.8019536773345,4193.6159935579635,4194.327692460734,0.7116989027708769,2.0,0.0389281222044868,9
2024-09-21,2024-09-18,2024-09-24,2.1936002940948116,13.560863785077965,4777.209294887599,4764.751680075657,4803.551848061848,38.80016798619181,0.75,0.078323081605105,9
2024-09-21,2024-09-18,2024-09-24,5.103414953921549,17.218294402470434,2550.4246815096685,2549.477882053703,2551.8938426449895,2.415960591286421,1.5,0.127029553564002,9
2024-09-21,2024-09-18,2024-09-24,6.778381542572472,9.182198347938996,2968.1262335009965,2967.5617293762043,2968.735930399969,1.1742010237649083,1.0,0.0880426388632416,9
2024-09-21,2024-09-18,2024-09-24,4.329068639857974,8.858529655907295,2969.009998499901,2968.730362462811,2969.435888490174,0.7055260273627937,1.0,0.0646665700539361,9
2024-09-21,2024-09-18,2024-09-24,3.498082839105092,9.069570371174692,3060.59880125024,3054.451981574297,3101.059849301353,46.607867727056146,1.0,0.0904565414315439,9
2024-09-21,2024-09-18,2024-09-24,2.9864886076021016,9.968795825558464,3246.4705410905217,3246.1937507763505,3246.912487096153,0.7187363198027015,1.5,0.0924402577810479,9
2024-09-21,2024-09-18,2024-09-24,3.606513551734388,22.33102789461482,3787.471152023944,3786.9949485473335,3788.200163899455,1.2052153521217406,1.0,0.0432812872173848,9
2024-09-21,2024-09-18,2024-09-24,3.5956327359433287,12.770360368874698,3556.3627401561334,3555.5755270873196,3557.213260166347,1.6377330790273843,0.75,0.0810788962142816,9
2024-09-21,2024-09-18,2024-09-24,6.574183048167265,8.416471473694825,3556.962392503581,3556.741587363649,3557.4460435672663,0.7044562036171556,2.5,0.1410291447473977,9
2024-09-21,2024-09-18,2024-09-24,2.157356588737108,13.074063895402109,5201.350454557804,5190.965353306383,5218.915998782963,27.950645476579663,0.75,0.0630347543469378,9
2024-09-21,2024-09-18,2024-09-24,8.032645351240317,11.437424539856227,1836.8880090784496,1836.3191116219384,1837.6445035678337,1.3253919458948076,1.25,0.1422941445443082,9
2024-09-21,2024-09-18,2024-09-24,3.3947070265721533,9.571063376604547,2073.3417204749835,2073.0744562689215,2074.0232237982564,0.948767529334873,1.25,0.07597099018389,9
2024-09-28,2024-09-24,2024-10-03,2.3169754509692826,6.308482182418697,4580.760711249436,4580.0765782292,4581.487971921451,1.4113936922512949,0.75,0.0928851243252659,9
2024-09-28,2024-09-24,2024-10-03,2.822876290682508,5.231349666311314,4269.091595021603,4267.640679709613,4271.1896194913425,3.548939781729132,2.75,0.0697007113647962,9
2024-09-28,2024-09-24,2024-10-03,2.198560235647298,8.33111043321086,3060.813812445674,3054.7017754488625,3101.059849301353,46.358073852490634,0.75,0.0340467110978298,9
2024-09-28,2024-09-24,2024-10-03,7.183773302497622,6.315085204724698,1767.965892813865,1767.386592529714,1768.8383501223288,1.45175759261474,1.25,0.4035630001236745,9
2024-09-28,2024-09-24,2024-10-03,3.648998243151512,5.368641894343591,1830.0959948417317,1829.4951081108304,1831.1897234474309,1.694615336600691,1.25,0.3156076885502479,9
2024-09-28,2024-09-24,2024-10-03,2.75501610828191,5.7658778159304935,1830.6848573511008,1830.4782967111096,1831.1897234474309,0.7114267363213003,1.0,0.1466468681507193,9
2024-09-28,2024-09-24,2024-10-03,3.044867806481943,8.99760614760947,1830.387123858304,1830.242028045468,1830.953454699833,0.7114266543649137,1.25,0.086145722963552,9
2024-09-28,2024-09-24,2024-10-03,2.9079113083845,7.262855998603426,2541.8072283009597,2541.4586655860767,2542.4070356604643,0.9483700743876398,0.75,0.2021882490200721,9
2024-09-28,2024-09-24,2024-10-03,3.4978391718981783,11.80091137976593,3233.318199136582,3233.0818302044645,3233.798829620704,0.7169994162395597,0.75,0.1815275776485525,9
2024-10-06,2024-10-03,2024-10-09,2.5667610936702228,10.807091578689956,3058.7355006567377,3058.666083530057,3059.1427872213535,0.4767036912962794,1.0,0.1107899312513926,10
2024-10-06,2024-10-03,2024-10-09,7.01310771577321,19.04286435271431,1845.7035940975684,1844.788382073399,1846.691802323796,1.9034202503971756,1.5,0.2518081903452662,10
2024-10-06,2024-10-03,2024-10-09,2.301985617734585,12.364983438747494,3236.360935528484,3236.217038788367,3236.695105329156,0.4780665407888591,0.5,0.1370605017402804,10
2024-10-06,2024-10-03,2024-10-09,5.494949335900602,9.451931457233451,3072.1646880759,3054.451981574297,3101.059849301353,46.607867727056146,2.25,0.1268921764741382,10
2024-10-06,2024-10-03,2024-10-09,2.4784108283400537,12.81091712595617,4673.602308656147,4660.887128171977,4714.90134286508,54.014214693102986,1.0,0.0436894636272428,10
2024-10-06,2024-10-03,2024-10-09,2.7949082522843036,19.96754063603938,5012.6682468821655,5012.601485132705,5013.074082448613,0.4725973159074783,1.25,0.1079183399923733,10
2024-10-06,2024-10-03,2024-10-09,4.486212906325822,6.390155607157754,1820.799858025434,1818.0759923579171,1822.378674859181,4.3026825012639165,1.0,0.0739358499786602,10
2024-10-06,2024-10-03,2024-10-09,4.771306106475555,11.937411677042828,1836.9310122372135,1836.5559365814552,1837.4076598943211,0.8517233128659427,1.5,0.2500717826592469,10
2024-10-06,2024-10-03,2024-10-09,2.715158722689915,5.45371342120636,4269.507938060929,4267.640679709613,4271.1896194913425,3.548939781729132,2.75,0.0558694918380514,10
2024-10-06,2024-10-03,2024-10-09,3.3793862717704197,6.295202472311232,1781.451449564101,1780.8229840523563,1783.6315495786257,2.8085655262693763,1.0,0.1113206727156945,10
2024-10-06,2024-10-03,2024-10-09,4.910992513403389,8.253313251949796,3939.242504339671,3939.036194021348,3939.7478801882826,0.711686166934669,0.75,0.1516020119393402,10
2024-10-06,2024-10-03,2024-10-09,3.037260970172006,6.195852140391516,1836.0897461525435,1835.3607043018565,1837.0316508379765,1.6709465361200273,1.0,0.0669455375069716,10
2024-10-06,2024-10-03,2024-10-09,3.5431982405215594,7.38129292051241,1777.5526416113337,1777.4452169905417,1778.2734496099874,0.828232619445771,1.0,0.0768580819528641,10
2024-10-06,2024-10-03,2024-10-09,2.494847017559316,6.344213482567785,1818.0272584746804,1817.736903155688,1818.4794665910304,0.7425634353421628,0.75,0.0726609398941724,10
2024-10-06,2024-10-03,2024-10-09,3.919784774081223,8.167886204688887,1773.8403724413618,1772.8442676793784,1774.7573391031474,1.9130714237689972,1.0,0.0404016260510603,10
2024-10-06,2024-10-03,2024-10-09,4.983646549488231,7.411296456477963,1778.822425437684,1778.2629735940136,1779.38435167633,1.1213780823163688,2.25,0.1309141869494157,10
2024-10-06,2024-10-03,2024-10-09,5.859318049315977,7.15503567378642,1777.5765771135,1777.4452169905417,1778.2734496099874,0.828232619445771,2.0,0.3114425199840198,10
2024-10-06,2024-10-03,2024-10-09,4.246329289745819,6.132343743429257,1835.933510531228,1835.123837464489,1837.0316508379765,1.9078133734874427,1.25,0.0921768804975475,10
2024-10-12,2024-10-09,2024-10-16,2.31930151723763,16.453132930240532,2978.4244638468613,2978.1788190905936,2979.114540464245,0.9357213736511768,1.0,0.0663557543653148,10
2024-10-12,2024-10-09,2024-10-16,3.788563115087664,16.114252186820902,2549.9884125252815,2547.993332101498,2553.1234287996776,5.130096698179841,2.25,0.1088972015938694,10
2024-10-12,2024-10-09,2024-10-16,5.381722679304648,17.374724596621952,2550.721642140692,2549.7153984676115,2551.8938426449895,2.178444177377969,1.75,0.1022178599922141,10
2024-10-12,2024-10-09,2024-10-16,5.240637813720667,6.573643572958728,3018.220639354723,3018.1251457412727,3018.604601596482,0.4794558552093804,1.5,0.2345142828775737,10
2024-10-12,2024-10-09,2024-10-16,3.3936105241410437,10.085376779733322,3058.8301103937656,3058.666083530057,3059.392905722838,0.7268221927806735,2.0,0.0970578893547446,10
2024-10-12,2024-10-09,2024-10-16,3.587950649466552,10.461874542047411,3056.8486395383734,3056.6054644184187,3057.501220313832,0.8957558954134583,2.0,0.0872795111224966,10
2024-10-12,2024-10-09,2024-10-16,7.061539559264947,22.28583209143275,3790.130277991229,3786.511274360586,3821.558918048628,35.04764368804172,1.75,0.0368377634716354,10
2024-10-12,2024-10-09,2024-10-16,4.037878563690557,6.3038915061549305,3986.975638007289,3986.40212355787,3987.822975453455,1.4208518955856562,0.75,0.0922864845760329,10
2024-10-12,2024-10-09,2024-10-16,8.770369917441345,14.474926572521332,4191.072986940649,4190.769569366239,4191.481275539845,0.7117061736062169,2.5,0.0353407013336876,10
2024-10-12,2024-10-09,2024-10-16,7.053173054604047,13.14118723569929,4192.096957795943,4191.998165960889,4192.47345996974,0.4752940088510513,2.5,0.0354846710430173,10
2024-10-12,2024-10-09,2024-10-16,28.623366420608853,14.723047265393603,4193.817010117301,4193.3795886780135,4194.327692460734,0.9481037827208638,5.0,0.0665530488260479,10
2024-10-12,2024-10-09,2024-10-16,2.747699522615503,11.072054651930356,3247.1630047495387,3246.913599020336,3247.6325510442257,0.7189520238898695,0.75,0.0678395280321686,10
2024-10-12,2024-10-09,2024-10-16,3.1704848211047243,11.972095841793491,3274.1863822583387,3274.085945211351,3274.56792359706,0.4819783857092261,0.75,0.0790823007626029,10
2024-10-12,2024-10-09,2024-10-16,2.563310933242924,6.7270542999772145,3232.591505407147,3231.8865105914883,3233.320719623007,1.4342090315185487,1.0,0.0788460770975074,10
2024-10-12,2024-10-09,2024-10-16,2.548444844727032,8.784846410511546,3556.3482569712783,3555.8083103443496,3556.9804767821915,1.1721664378419518,0.75,0.1540487280963232,10
2024-10-12,2024-10-09,2024-10-16,4.002736138552335,12.752724051552308,3556.3393391084905,3555.342481089756,3557.4460435672663,2.1035624775104225,0.75,0.0349420044841092,10
2024-10-12,2024-10-09,2024-10-16,2.624236693324428,9.192854002254403,1835.407243304416,1835.123837464489,1835.8364607566036,0.7126232921145856,0.75,0.1440607244995462,10
2024-10-12,2024-10-09,2024-10-16,4.4788600691901514,11.925296554289838,1835.9971902430232,1835.7675867704677,1836.481035334524,0.7134485640563071,1.0,0.1088778651419586,10
2024-10-12,2024-10-09,2024-10-16,8.2271951020306,9.541943034195336,1836.0418648049904,1835.5975713380612,1836.7948259999976,1.197254661936313,1.25,0.3481478045539043,10
2024-10-12,2024-10-09,2024-10-16,2.7112402195575647,9.77870775006768,1850.1787304382715,1850.0849869027736,1850.591496767476,0.5065098647028208,0.75,0.23243289466365,10
2024-10-12,2024-10-09,2024-10-16,3.401969264895842,9.722942693758837,1842.0653934398756,1835.123837464489,1850.8591172024608,15.735279737971725,0.75,0.3137376913268008,10
2024-10-12,2024-10-09,2024-10-16,4.456410436082632,8.431579474609617,1830.1787250419447,1829.4951081108304,1831.1897234474309,1.694615336600691,0.75,0.3047978999861822,10
2024-10-12,2024-10-09,2024-10-16,2.1927832922833974,8.469213324657803,1830.3332843271537,1830.242028045468,1830.717186129652,0.4751580841839313,0.75,0.075776109219916,10
2024-10-12,2024-10-09,2024-10-16,6.190819878749457,11.516660740241102,3232.4451436481786,3232.1265153503045,3233.0825831070542,0.9560677567496896,0.75,0.3756478843342625,10
2024-10-12,2024-10-09,2024-10-16,2.061581043055095,15.151789195762849,3027.2909506584406,3026.95042267628,3027.91764054168,0.9672178654000164,1.0,0.0249228657112207,10
2024-10-12,2024-10-09,2024-10-16,4.817588243812182,15.76684627983034,3000.606085679891,2999.8135322136804,3001.2334612514824,1.4199290378019214,3.75,0.0891676202508262,10
2024-10-12,2024-10-09,2024-10-16,3.5416299912111833,6.575393100824632,1775.4997546160616,1775.4057431155816,1775.859084003605,0.4533408880233764,0.75,0.0744169189742649,10
2024-10-12,2024-10-09,2024-10-16,19.93045400823569,6.769359408284511,1777.1007148813758,1775.9156842813827,1778.2734496099874,2.357765328604728,1.25,0.1117329748523132,10
2024-10-12,2024-10-09,2024-10-16,4.964604076712672,6.716336070355055,1777.5065016875626,1777.3818886098452,1777.916148077231,0.5342594673857093,1.0,0.224580899773823,10
2024-10-12,2024-10-09,2024-10-16,4.944104378484003,8.499913480514907,1830.1499865779947,1829.4951081108304,1831.1897234474309,1.694615336600691,1.0,0.2618125117431402,10
2024-10-12,2024-10-09,2024-10-16,4.853858525617699,12.261316787109438,1829.704984376061,1829.3424163707532,1830.30142155895,0.9590051881968976,0.75,0.4530171861935717,10
2024-10-12,2024-10-09,2024-10-16,19.340702922891733,9.466950289678405,1838.9784560906555,1835.123837464489,1850.8591172024608,15.735279737971725,1.5,0.5978333707760175,10
2024-10-12,2024-10-09,2024-10-16,13.34714478705656,11.523617044477572,1836.476754623282,1835.7675867704677,1837.8813472827896,2.113760512322187,2.0,0.2579890772312998,10
2024-10-12,2024-10-09,2024-10-16,2.8498677491377107,16.285058072730955,1842.6182267382592,1842.3314189543016,1843.2324505830184,0.901031628716737,0.75,0.2961351125744826,10
2024-10-12,2024-10-09,2024-10-16,2.547721845901813,22.563171952773683,2031.2864315735455,2030.24797729915,2032.7285302989185,2.480552999768406,1.75,0.0988631493332636,10
2024-10-12,2024-10-09,2024-10-16,2.3614361759342346,20.576424936379368,2034.5892474947104,2033.447765017394,2035.5903517990373,2.142586781643331,2.25,0.0819226589529431,10
2024-10-12,2024-10-09,2024-10-16,2.96856712342305,5.637253041023311,1830.7878591825752,1830.4782967111096,1831.1897234474309,0.7114267363213003,1.25,0.1974646727700557,10
2024-10-12,2024-10-09,2024-10-16,9.16493102835333,7.001262128893476,1777.591935544208,1777.4452169905417,1777.9787779222245,0.5335609316825867,2.25,0.2429898854609824,10
2024-10-12,2024-10-09,2024-10-16,3.2915981729644352,6.423773578195848,1777.1050745392242,1777.0865184473805,1777.6207780283876,0.5342595810070634,1.5,0.2749611851311107,10
2024-10-12,2024-10-09,2024-10-16,36.31261360770641,7.344740977331134,1776.9563484535074,1775.9156842813827,1778.2734496099874,2.357765328604728,2.75,0.0852068442464193,10
2024-10-12,2024-10-09,2024-10-16,7.97943810827192,6.501365926970433,1775.5977555011416,1775.1099785119295,1776.154573699925,1.0445951879955828,0.75,0.1119274571265571,10
2024-10-12,2024-10-09,2024-10-16,2.2232996238315477,6.883640973039649,1798.2157003382504,1798.0013910303824,1798.8102839482017,0.8088929178193212,1.0,0.0652855785767025,10
2024-10-12,2024-10-09,2024-10-16,2.971005348273404,7.081899905594224,1800.9647662339075,1800.5401370418258,1801.6199177368544,1.079780695028603,0.75,0.3519115779954163,10
2024-10-12,2024-10-09,2024-10-16,3.719826566855144,6.69966230410917,1778.2575968543802,1778.034560191445,1778.568121004384,0.5335608129389584,0.75,0.0560081860279165,10
2024-10-12,2024-10-09,2024-10-16,3.032822404775489,20.19817517141398,4977.544021840902,4977.423608853482,4977.9055247497745,0.4819158962927758,1.0,0.2394066330337008,10
2024-10-16,2024-10-16,2024-10-16,2.199757071634196,19.98907163835967,5012.7200507242,5012.601485132705,5013.074082448613,0.4725973159074783,0.75,0.1665494737171746,10
2024-10-16,2024-10-16,2024-10-16,5.3690253483749935,6.218914655611983,1758.196712686727,1757.8754238714464,1758.6401983737014,0.7647745022550225,0.75,0.0678976940160092,10
2024-10-16,2024-10-16,2024-10-16,8.78842195468763,8.883600450508371,2968.1757968475067,2967.5617293762043,2969.435888490174,1.8741591139696536,1.5,0.1874117966586208,10
2024-10-16,2024-10-16,2024-10-16,6.457026899525709,8.208108970783803,2969.6700904962704,2969.1969990716316,2970.368677488994,1.1716784173622727,1.5,0.1307840147525318,10
2024-10-18,2024-10-16,2024-10-21,2.793016845312994,15.295319061494409,4624.1430832677115,4624.026182508562,4624.538700661156,0.5125181525945663,1.5,0.1639075135037848,10
2024-10-18,2024-10-16,2024-10-21,2.1416800678688097,13.778039748905556,4770.37400838297,4764.751680075657,4803.551848061848,38.80016798619181,0.75,0.1419610962304696,10
2024-10-18,2024-10-16,2024-10-21,2.4249449875760822,19.878556947111147,4994.034680696204,4994.034680696204,4994.273570114747,0.2388894185423851,1.0,0.2366771461856309,10
2024-10-18,2024-10-16,2024-10-21,2.7618877026839277,7.265204254973443,3983.703715937207,3982.0516307670623,3985.6411383883096,3.589507621247322,0.75,0.0579523146230576,10
2024-10-18,2024-10-16,2024-10-21,2.9751855547637676,14.319722554271186,3241.0698893841472,3240.8391758715734,3241.557939223014,0.7187633514404297,1.0,0.086757291651176,10
2024-10-18,2024-10-16,2024-10-21,4.099985034723208,15.082634591372331,3235.971251818081,3235.738684007898,3236.4559282069094,0.7172441990114748,1.0,0.0645003021975576,10
2024-10-18,2024-10-16,2024-10-21,12.851494035347086,13.510067983556466,2989.6370564800727,2988.2686385395937,2991.030142023228,2.761503483634442,1.75,0.3300789296843742,10
2024-10-18,2024-10-16,2024-10-21,2.0297955517485833,17.998938997591413,2978.855171050056,2978.412164750509,2979.3480180148035,0.9358532642945648,0.75,0.0820554653498295,10
2024-10-18,2024-10-16,2024-10-21,2.4841728411152957,11.9494994153194,2979.132886465638,2978.8586890618317,2979.564176362008,0.7054873001761734,0.75,0.0688093692785207,10
2024-10-18,2024-10-16,2024-10-21,6.408387819463387,8.3667660037464,1808.3553560130297,1808.0576507109215,1809.1325741992332,1.0749234883114696,1.0,0.245784700469116,10
2024-10-18,2024-10-16,2024-10-21,6.772636013167109,10.814001748963465,1806.801680715031,1806.37861562334,1807.4611208029091,1.0825051795691252,1.5,0.1453553127699991,10
2024-10-18,2024-10-16,2024-10-21,7.794317920055054,17.09061654801094,4656.829120375466,4656.501611378975,4657.51109229587,1.0094809168949723,1.0,0.0389257941412413,10
2024-10-18,2024-10-16,2024-10-21,2.8222485490129334,22.374732812554555,2955.6270692953976,2955.054577050265,2956.452723416034,1.3981463657692077,0.75,0.1513793579639877,10
2024-10-18,2024-10-16,2024-10-21,2.04858289062514,9.028317446935766,2971.870803743537,2969.8969632200897,2973.670112219639,3.773148999549449,2.5,0.1009650985461263,10
2024-10-18,2024-10-16,2024-10-21,6.716353307824396,12.355297661507306,2978.3616047416244,2977.312018596567,2979.564176362008,2.252157765440643,2.0,0.1313330532276624,10
2024-10-18,2024-10-16,2024-10-21,3.1617450517273515,14.988245959207587,2978.422300292282,2978.1788190905936,2978.8843998261727,0.705580735579133,1.5,0.1270917634008195,10
2024-10-18,2024-10-16,2024-10-21,3.1664165343069475,9.224884121620663,1835.456753961728,1833.491258372087,1850.0562558863312,16.56499751424417,0.75,0.3368005822336384,10
2024-10-18,2024-10-16,2024-10-21,4.9452982283531695,21.80896339234399,3838.8916044238863,3838.6118795187217,3839.329318017233,0.7174384985119104,0.75,0.3282538135334034,10
2024-10-18,2024-10-16,2024-10-21,5.235808066901285,11.819866823164135,3845.3443378126335,3845.0264950776473,3845.735732305795,0.7092372281476855,1.25,0.2441396496869696,10
2024-10-18,2024-10-16,2024-10-21,3.769784316507819,9.947509680882192,3233.0875916658683,3232.604634231422,3233.798829620704,1.1941953892819583,1.0,0.0324775501938656,10
2024-10-18,2024-10-16,2024-10-21,2.1133710745479912,15.583938906252648,3061.0546879393896,3034.490364065394,3078.6801594742574,44.189795408863574,0.75,0.0543052860778758,10
2024-10-21,2024-10-21,2024-10-21,2.8736432185181413,14.344817476090949,5211.751078674002,5192.749108768068,5221.20754769817,28.458438930101693,1.0,0.0728207005645986,10
2024-10-21,2024-10-21,2024-10-21,2.1635904081139707,6.001335657351824,1836.7659209026897,1836.0822865674272,1837.8813472827896,1.7990607153624296,0.75,0.0938292643229443,10
2024-10-21,2024-10-21,2024-10-21,4.601195340425708,8.68308381931672,3234.3566649962613,3234.041927715298,3234.9980097836815,0.9560820683836936,1.75,0.06876735022875,10
2024-10-21,2024-10-21,2024-10-21,2.056058516921941,7.769192885225093,3556.9734204018405,3556.741587363649,3557.4460435672663,0.7044562036171556,0.75,0.0956304662095675,10
2024-10-21,2024-10-21,2024-10-21,2.637546417278517,12.805935312601116,4193.673017541203,4193.3795886780135,4194.091287768446,0.7116990904323757,0.75,0.020754637557287,10
2024-10-21,2024-10-21,2024-10-21,3.1034337571647295,8.907395876177205,2968.949368725923,2968.730362462811,2969.435888490174,0.7055260273627937,1.0,0.0366946765752795,10
2024-10-21,2024-10-21,2024-10-21,6.24939556417605,9.148311519186445,2968.0094120386216,2967.5617293762043,2968.735930399969,1.1742010237649083,1.0,0.1471732240279899,10
2024-10-21,2024-10-21,2024-10-21,6.613433176857327,17.221691060502195,2550.45421092268,2549.477882053703,2551.8938426449895,2.415960591286421,1.75,0.096213528581488,10
2024-10-21,2024-10-21,2024-10-21,5.221344208443863,16.345816613901672,2550.57250421321,2547.993332101498,2554.5466856691055,6.553353567607701,2.25,0.1408921663472639,10
2024-10-21,2024-10-21,2024-10-21,3.375546900757961,16.379356371634728,1842.045641607775,1841.6075610755945,1842.8078777873889,1.200316711794585,0.5,0.1425190340299331,10
2024-10-21,2024-10-21,2024-10-21,3.1706896090587695,5.945888067467591,1836.6528028303192,1835.7675867704677,1837.8813472827896,2.113760512322187,1.0,0.0641711909448039,10
2024-10-21,2024-10-21,2024-10-21,4.832081366223377,11.888362049307435,1830.1797024430964,1829.9683239068836,1830.6821993216872,0.7138754148036242,1.0,0.2071213082454281,10
2024-10-21,2024-10-21,2024-10-21,2.479073149252962,5.538965337724889,1830.3885668720964,1829.4951081108304,1831.1897234474309,1.694615336600691,0.75,0.098332457705178,10
2024-10-21,2024-10-21,2024-10-21,2.2981093383069617,6.603383215672292,3087.445201986423,3054.451981574297,3101.059849301353,46.607867727056146,2.0,0.1248882337402901,10
2024-10-21,2024-10-21,2024-10-21,6.385749403992864,8.19082587529814,3079.5546215039835,3054.451981574297,3101.059849301353,46.607867727056146,1.75,0.1511072379842626,10
2024-10-21,2024-10-21,2024-10-21,2.143099668238498,22.260098683605513,3787.534818364946,3787.2367856404744,3788.200163899455,0.9633782589808106,0.75,0.020422927701828,10
2024-10-21,2024-10-21,2024-10-21,3.496608891392685,12.842517448154274,3556.354712248353,3555.342481089756,3557.213260166347,1.870779076591134,1.0,0.0368769810141061,10
2024-10-21,2024-10-21,2024-10-21,6.474960925399232,14.073102447930328,4192.082719019409,4191.998165960889,4192.47345996974,0.4752940088510513,2.0,0.0261477989701192,10
2024-10-21,2024-10-21,2024-10-21,3.9646048484540177,10.767507526745852,3056.8180159252784,3056.6054644184187,3057.501220313832,0.8957558954134583,2.0,0.0997210584378849,10
2024-10-21,2024-10-21,2024-10-21,5.749560664300806,10.675047417979362,3078.137038072412,3054.451981574297,3101.059849301353,46.607867727056146,1.5,0.0961349083906004,10
2024-10-21,2024-10-21,2024-10-21,11.187844832899607,14.297281378078816,4191.037907370276,4190.769569366239,4191.481275539845,0.7117061736062169,3.0,0.041229814972139,10
2024-10-21,2024-10-21,2024-10-21,12.67061891209772,15.465685856999611,4193.783739647835,4193.6159935579635,4194.327692460734,0.7116989027708769,2.5,0.0366838193995933,10
2024-10-25,2024-10-21,2024-10-29,4.647050761538464,11.564894081048532,3232.576456946444,3232.3655747012235,3233.0825831070542,0.7170084058307111,0.75,0.1696269739828815,10
2024-10-25,2024-10-21,2024-10-29,2.157926937223878,9.827736202575789,1829.912321246512,1829.731715867296,1830.4438210478984,0.7121051806025207,0.75,0.189222004661469,10
2024-10-25,2024-10-21,2024-10-29,3.402783459756588,6.273241021292332,3058.3170505774224,3057.915753180627,3058.9049729485996,0.989219767972827,2.25,0.0717150271510869,10
2024-10-25,2024-10-21,2024-10-29,4.280399698618334,9.359127423465203,1830.5683180621843,1830.242028045468,1833.429402159527,3.187374114058912,1.5,0.1471428239360683,10
2024-10-25,2024-10-21,2024-10-29,2.829405675992463,5.593140058920141,1830.903787433483,1830.7145652812903,1831.1897234474309,0.4751581661403179,1.25,0.3326773045669107,10
2024-10-25,2024-10-21,2024-10-29,2.0487676118680276,5.109594424931504,1830.0804772195504,1829.4951081108304,1831.1897234474309,1.694615336600691,0.75,0.2040710327927208,10
2024-10-25,2024-10-21,2024-10-29,5.0877814331485895,9.191551336022284,1832.1226056075836,1831.8446218683384,1832.5517162117176,0.7070943433791399,1.0,0.2031388107701892,10
2024-10-25,2024-10-21,2024-10-29,2.167274082947895,8.702356364820789,3055.022677798578,3054.7017754488625,3055.4402522030286,0.7384767541661859,0.75,0.1201367492091654,10
2024-10-25,2024-10-21,2024-10-29,2.6923715388339944,8.794744769857772,2968.1576699398943,2968.0285027031787,2968.735930399969,0.7074276967905462,1.0,0.1829553282888651,10
2024-10-25,2024-10-21,2024-10-29,2.3547395680312997,10.683085874519476,2967.676173955781,2967.3283425597474,2968.502609125804,1.1742665660567582,1.0,0.0747322113561943,10
2024-10-25,2024-10-21,2024-10-29,4.152589081909787,7.801478019265204,2969.6247924979975,2969.430320561398,2970.368677488994,0.9383569275960326,1.25,0.292156787102491,10
2024-10-25,2024-10-21,2024-10-29,2.007474441148238,9.546686674629155,2987.203010357725,2987.1037625628524,2987.808327373583,0.7045648107305169,0.75,0.249019441116598,10
2024-10-25,2024-10-21,2024-10-29,2.557725101413857,9.50006508755122,1830.4785862573929,1830.242028045468,1830.953454699833,0.7114266543649137,0.75,0.0880798593973319,10
2024-10-25,2024-10-21,2024-10-29,3.682919943360985,7.287523172712435,1808.878267702808,1808.6150066209957,1809.4093439066785,0.794337285682559,1.0,0.1556196225886674,10
2024-10-25,2024-10-21,2024-10-29,2.9331382101496404,7.255965779501976,3058.5129193661373,3057.915753180627,3059.643024352845,1.7272711722180247,2.5,0.0771471248877408,10
2024-10-25,2024-10-21,2024-10-29,3.046365045912657,7.951983324834797,3056.843582133877,3056.6054644184187,3057.0941989766434,0.488734558224678,2.0,0.0940494051291052,10
2024-10-25,2024-10-21,2024-10-29,2.9921699951985854,6.373241863391276,3987.891555437271,3987.347694741096,3988.5322137540206,1.1845190129242835,0.5,0.1792196624733266,10
2024-10-25,2024-10-21,2024-10-29,2.0472536501780154,11.469068630482573,5206.535029244581,5189.451185657177,5218.577212417964,29.12602676078677,0.75,0.082231700449461,10
2024-10-25,2024-10-21,2024-10-29,4.6488645294487485,7.1073609658011785,1807.8158138548256,1807.501002062112,1808.296540129464,0.7955380673520267,1.0,0.0825087826924342,10
2024-10-25,2024-10-21,2024-10-29,2.0264075622924604,20.37517546912849,1880.352905584161,1879.998764186632,1880.9488805974831,0.9501164108514786,0.5,0.0150095559234356,10
2024-11-01,2024-10-29,2024-11-04,6.066357894465328,18.270095051980785,4191.485260360974,4191.233528340701,4191.945229032077,0.7117006913758814,0.75,0.0545545241148759,11
2024-11-01,2024-10-29,2024-11-04,2.0350792481855486,7.524671855314951,3058.273741091637,3057.915753180627,3058.9049729485996,0.989219767972827,1.25,0.0247572866625456,11
2024-11-01,2024-10-29,2024-11-04,4.715893914174009,11.611435258232175,1837.4042192610248,1837.1687704757787,1837.8813472827896,0.7125768070109189,1.0,0.1475681262056727,11
2024-11-01,2024-10-29,2024-11-04,3.1441842905703,9.774682748336126,1835.6698124803752,1835.3607043018565,1836.0733276498504,0.7126233479939401,0.75,0.2662068414706731,11
2024-11-01,2024-10-29,2024-11-04,2.420259768854919,9.685008077691926,1835.2199979356683,1835.123837464489,1835.5995937203988,0.4757562559098005,0.75,0.1332180582716646,11
2024-11-01,2024-10-29,2024-11-04,4.918943947699573,12.504929153716455,1829.110542260532,1828.87088014232,1829.5813057892956,0.7104256469756365,0.75,0.209402311863871,11
2024-11-01,2024-10-29,2024-11-04,2.776012099277601,6.338300762274224,3991.300047449068,3990.893398404587,3991.8413840667345,0.9479856621474028,0.5,0.1986867137485459,11
2024-11-01,2024-10-29,2024-11-04,2.0428963071838018,17.115988205186376,2549.979023936815,2549.477882053703,2550.686282316223,1.2084002625197172,1.0,0.0705588340532015,11
2024-11-01,2024-10-29,2024-11-04,2.757151182460133,10.375569654389636,3027.0763377512485,3026.95042267628,3027.432088308502,0.4816656322218478,1.0,0.0272070624072343,11
2024-11-01,2024-10-29,2024-11-04,2.8065576947795225,5.671681375818146,3058.1934060077506,3057.915753180627,3058.9049729485996,0.989219767972827,1.0,0.0260125327999871,11
2024-11-01,2024-10-29,2024-11-04,2.5569570719332435,9.296022779427418,3649.0367890262874,3648.799719324335,3649.735115049407,0.9353957250714302,1.25,0.1201990302405775,11
2024-11-01,2024-10-29,2024-11-04,6.871777749645804,6.278742095462041,1758.1465809005515,1757.577641085256,1758.9376046527177,1.3599635674618185,0.75,0.0471081283905799,11
2024-11-01,2024-10-29,2024-11-04,3.05699622226134,8.42872229754546,1807.7566510224376,1807.501002062112,1808.296540129464,0.7955380673520267,1.0,0.242730338446675,11
2024-11-01,2024-10-29,2024-11-04,7.441920791515801,9.648758777782886,1844.0292618285976,1835.123837464489,1850.8591172024608,15.735279737971725,1.25,0.2909359421931912,11
2024-11-01,2024-10-29,2024-11-04,4.004427475635614,9.526138641592716,1835.8077773885832,1835.5975713380612,1836.3211759859696,0.7236046479083598,0.75,0.1236869673445228,11
2024-11-01,2024-10-29,2024-11-04,3.4498612183016726,11.319918215168045,1837.2022018987295,1836.9319267459216,1837.6445035678337,0.71257682191208,1.0,0.0908626211605889,11
2024-11-01,2024-10-29,2024-11-04,2.638650086392183,11.996865688363687,1837.481074710534,1837.1687704757787,1837.8813472827896,0.7125768070109189,0.75,0.0565072103002955,11
2024-11-01,2024-10-29,2024-11-04,3.2762930654196163,7.750368906583871,1777.751777372267,1777.739888503682,1778.2734496099874,0.5335611063055694,1.25,0.1484343366000318,11
2024-11-01,2024-10-29,2024-11-04,3.02248410685394,6.287172974671424,4578.854879023658,4578.203246679623,4579.5998898274265,1.396643147803843,1.25,0.1042305454222869,11
2024-11-01,2024-10-29,2024-11-04,3.302126626863144,15.70136847930868,3847.3780320298583,3847.2792662628926,3847.757532860618,0.478266597725451,0.75,0.0570775929149064,11
2024-11-01,2024-10-29,2024-11-04,3.0528759770150296,13.91489512168068,4191.032623013792,4191.005977793597,4191.481275539845,0.4752977462485432,1.0,0.0192752459177347,11
2024-11-01,2024-10-29,2024-11-04,16.970715043274872,14.19724738525996,4192.026933015529,4191.761761175003,4192.47345996974,0.7116987947374582,3.5,0.0530575794480092,11
2024-11-01,2024-10-29,2024-11-04,4.301448245286103,12.881900139245076,4193.662038693538,4193.3795886780135,4194.327692460734,0.9481037827208638,1.0,0.0237414234503377,11
2024-11-01,2024-10-29,2024-11-04,13.631238055822624,15.121129736104622,4193.810173041607,4193.6159935579635,4194.327692460734,0.7116989027708769,2.5,0.0414729053558898,11
2024-11-01,2024-10-29,2024-11-04,2.96231001232788,16.537246861779593,4321.970009872413,4321.247838594019,4322.905583746731,1.6577451527118685,1.75,0.065746357112828,11
2024-11-09,2024-11-04,2024-11-14,5.73848276473945,22.417355242454132,3791.285603988169,3786.753111390397,3821.558918048628,34.80580665823072,1.5,0.0331931519829425,11
2024-11-09,2024-11-04,2024-11-14,4.906249363998231,6.339970574906174,3987.114714424651,3986.40212355787,3988.059366933536,1.6572433756664395,0.75,0.1483820940064673,11
2024-11-09,2024-11-04,2024-11-14,4.96094130470287,16.901171455627125,4139.194963698717,4139.08161454834,4139.557064497843,0.4754499495029449,1.5,0.1339938515308003,11
2024-11-09,2024-11-04,2024-11-14,2.270927007206343,12.789544254608971,3556.8439004153183,3556.5088039617985,3557.4460435672663,0.9372396054677664,0.75,0.0364003011652624,11
2024-11-09,2024-11-04,2024-11-14,2.146470756268259,11.587088357401692,5212.321400542172,5189.451185657177,5218.577212417964,29.12602676078677,0.75,0.0621545613341867,11
2024-11-09,2024-11-04,2024-11-14,5.70072868103301,13.1620061684259,4678.600485122062,4660.887128171977,4714.90134286508,54.014214693102986,1.75,0.0817421379387128,11
2024-11-09,2024-11-04,2024-11-14,3.169636166445352,8.896073576965705,1832.9631028455035,1832.718934827484,1833.429402159527,0.7104673320427537,1.25,0.248448033299824,11
2024-11-09,2024-11-04,2024-11-14,2.1610366802297536,9.357025009451505,1830.617352408435,1830.4782967111096,1831.1897234474309,0.7114267363213003,1.0,0.1877772385130316,11
2024-11-09,2024-11-04,2024-11-14,4.350850577040669,9.027095745318992,1830.04239433613,1829.4951081108304,1831.1897234474309,1.694615336600691,1.0,0.1844092785400142,11
2024-11-09,2024-11-04,2024-11-14,2.769418870770541,8.181836046411375,3258.9462137286187,3258.8957618479617,3259.3760156845674,0.4802538366056978,4.75,0.1807920947689156,11
2024-11-09,2024-11-04,2024-11-14,4.845496201521624,6.895215287209224,3232.818620662981,3231.8865105914883,3234.0378847694956,2.151374178007245,1.5,0.1655854134719092,11
2024-11-09,2024-11-04,2024-11-14,2.514195866014156,11.093081167378935,3246.7569140969117,3246.4335963753983,3247.392489604652,0.95889322925359,0.75,0.0247403334496912,11
2024-11-09,2024-11-04,2024-11-14,5.726446381108545,10.265185965306104,3072.3782657899533,3054.451981574297,3101.059849301353,46.607867727056146,2.5,0.2076018432815729,11
2024-11-09,2024-11-04,2024-11-14,4.667569570920616,10.46661883618188,3056.8647547778473,3056.6054644184187,3057.501220313832,0.8957558954134583,2.75,0.1635031851617685,11
2024-11-09,2024-11-04,2024-11-14,2.925292424698807,8.250045833601122,3058.8773904340524,3058.4159734691493,3059.1427872213535,0.7268137522041798,4.0,0.1867622314158246,11
2024-11-09,2024-11-04,2024-11-14,2.269740861520926,8.21697888447428,3061.381631919648,3061.3816319196485,3061.620521338191,0.2388894185423851,2.0,0.1448359766797624,11
2024-11-09,2024-11-04,2024-11-14,2.7903735338968225,12.74726640930277,3100.833548870194,3063.851749924943,3110.507060936652,46.65531101170927,0.75,0.1571588212474672,11
2024-11-09,2024-11-04,2024-11-14,2.470409227265977,15.60179167603451,3134.8990498268035,3134.5325846332125,3135.501057798509,0.968473165296018,1.5,0.03339012250827,11
2024-11-16,2024-11-14,2024-11-19,7.904456094803381,11.10642866797745,1837.0389775296649,1835.7675867704677,1837.8813472827896,2.113760512322187,1.0,0.0792041716697489,11
2024-11-16,2024-11-14,2024-11-19,2.1416585678211413,10.512635578391114,3027.043922686232,3026.95042267628,3027.432088308502,0.4816656322218478,0.75,0.0264881874466677,11
2024-11-16,2024-11-14,2024-11-19,6.159419656352699,17.283330419655005,2550.1854266021332,2548.989880245179,2551.4121160036884,2.422235758509487,2.0,0.0654812782785152,11
2024-11-16,2024-11-14,2024-11-19,4.358487871751469,5.903844583324255,1836.5555972729392,1835.3607043018565,1837.8813472827896,2.5206429809331894,1.0,0.1353239374261527,11
2024-11-16,2024-11-14,2024-11-19,2.101489909316786,7.571880028396317,1825.2445447570644,1825.2445447570644,1825.4834341756068,0.2388894185423851,1.0,0.3056232162053662,11
2024-11-16,2024-11-14,2024-11-19,3.6977030178039336,15.597167256535544,4624.173068557885,4624.026182508562,4624.538700661156,0.5125181525945663,2.0,0.1312643789216494,11
2024-11-16,2024-11-14,2024-11-19,3.1343719077036716,19.76931643166403,4633.717070758408,4632.567959412467,4636.173952946439,3.605993533972651,1.25,0.1106636320404585,11
2024-11-16,2024-11-14,2024-11-19,3.6153297657256944,8.188820854564636,4620.856044506065,4620.544139616657,4621.4908314514905,0.946691834833473,0.75,0.0962309854960996,11
2024-11-16,2024-11-14,2024-11-19,2.9284353136115056,7.900908610501858,1831.0098707011248,1830.7329547391273,1831.4434626838192,0.7105079446919262,1.25,0.4274554504475381,11
2024-11-16,2024-11-14,2024-11-19,2.4379932470615766,7.608511685159336,1807.3925157845324,1806.943461013958,1808.018662078306,1.0752010643482208,1.5,0.276427565958488,11
2024-11-16,2024-11-14,2024-11-19,3.4098034044875205,9.75893691039603,3246.3092551563063,3245.71357678622,3246.912487096153,1.198910309933126,1.25,0.1175035245725408,11
2024-11-16,2024-11-14,2024-11-19,2.639259851633013,19.61376836977419,4138.15370987779,4137.85719316313,4138.569200364873,0.7120072017423809,1.0,0.0457324138795073,11
2024-11-16,2024-11-14,2024-11-19,3.1004842492363416,20.179098918866757,4137.696298626111,4137.365955000278,4138.332641378511,0.9666863782331347,1.0,0.0264548114206891,11
2024-11-16,2024-11-14,2024-11-19,4.257156952641252,11.63933509879778,3845.4524090361656,3845.0264950776473,3845.9752871771343,0.9487920994870364,1.5,0.3213058760844589,11
2024-11-16,2024-11-14,2024-11-19,2.772362466185819,9.365688316780066,3795.1615284064537,3794.829506809823,3795.78775969008,0.958252880256623,1.0,0.1404509449662927,11
2024-11-16,2024-11-14,2024-11-19,2.1892548955715263,12.772534516402091,3555.9127072100027,3555.342481089756,3556.747693380341,1.405212290585041,0.75,0.0449477568933359,11
2024-11-16,2024-11-14,2024-11-19,3.905390492166951,6.007725510777698,3291.6785691649297,3291.627525941003,3292.11066311365,0.4831371726468205,2.25,0.073550665863149,11
2024-11-16,2024-11-14,2024-11-19,2.857597613498196,9.603621799346431,3235.4658507320073,3234.759120365139,3236.2167507279664,1.4576303628273308,1.0,0.0720731857984635,11
2024-11-16,2024-11-14,2024-11-19,2.559592858332731,7.26424024324491,3560.536705033692,3558.612376085017,3563.0890962076373,4.476720122620463,3.0,0.0581178242570029,11
2024-11-16,2024-11-14,2024-11-19,4.1241946856218386,16.97841527609497,4656.99042150406,4656.7584750223905,4657.51109229587,0.7526172734797001,0.75,0.0840896942642477,11
2024-11-16,2024-11-14,2024-11-19,3.076232792689465,6.125888584302907,5658.164249399009,5657.789721090347,5658.771912571043,0.9821914806962012,1.0,0.2422135796007651,11
2024-11-16,2024-11-14,2024-11-19,3.955327338995505,11.747298485442618,5648.306665593059,5647.982324979268,5648.963884320576,0.9815593413077296,0.75,0.2562599029160983,11
2024-11-16,2024-11-14,2024-11-19,10.920447545595469,12.39358030139959,5645.913722123767,5645.50527341431,5646.487119002268,0.9818455879576504,1.0,0.4148245326298028,11
2024-11-16,2024-11-14,2024-11-19,3.3775595441091797,10.456520770458724,5650.745361245874,5650.653086012695,5651.139654663857,0.4865686511620879,0.75,0.2820402915012643,11
2024-11-16,2024-11-14,2024-11-19,2.7988328470968264,5.179968049726109,4849.205663628326,4848.974695065524,4849.692103049718,0.7174079841934144,1.0,0.2240146749235405,11
2024-11-16,2024-11-14,2024-11-19,4.081617543999738,5.34556273854966,1824.3647856541024,1823.5379353747703,1825.237326648552,1.6993912737816572,0.75,0.0637308238989686,11
2024-11-16,2024-11-14,2024-11-19,2.953207728257868,13.626736310882231,4777.383944338413,4764.498010930605,4803.890467681456,39.392456750851125,1.0,0.1516941662226734,11
2024-11-16,2024-11-14,2024-11-19,9.719168812736775,9.894802672324635,1830.2541517838388,1829.4951081108304,1831.1897234474309,1.694615336600691,1.0,0.2384419035592455,11
2024-11-16,2024-11-14,2024-11-19,9.96336515971208,11.4392171233534,1837.2949363982511,1836.9319267459216,1837.8813472827896,0.9494205368682742,1.75,0.0547599525580494,11
2024-11-16,2024-11-14,2024-11-19,2.655740832618251,9.419878724353538,2073.3727062406065,2073.0744562689215,2074.0232237982564,0.948767529334873,1.0,0.0632121926352191,11
2024-11-22,2024-11-19,2024-11-26,5.641847217150684,7.323362515723591,2541.786335875321,2540.968713151291,2542.6520393309183,1.6833261796273291,0.75,0.2647919770519946,11
2024-11-22,2024-11-19,2024-11-26,4.458936094460171,7.472306826755409,2540.204137264294,2539.8958122236654,2540.8700766661204,0.9742644424550236,1.5,0.1304369980592201,11
2024-11-22,2024-11-19,2024-11-26,2.8324049326422625,5.310105108546519,1830.2258801453245,1829.4951081108304,1831.1897234474309,1.694615336600691,1.0,0.2893485590327227,11
2024-11-22,2024-11-19,2024-11-26,2.728543577366136,10.483862307861688,3616.664942126547,3616.217571955174,3617.155494682957,0.9379227277822793,1.25,0.1529520750379553,11
2024-11-22,2024-11-19,2024-11-26,6.5788079473102465,8.97825328845659,3643.493762834123,3643.12610922195,3644.067980975844,0.9418717538937926,0.75,0.189789596447969,11
2024-11-22,2024-11-19,2024-11-26,3.5770142918856815,6.162914819933729,3291.8591164044674,3291.627525941003,3292.354911042843,0.7273851018399,2.0,0.1101592895318581,11
2024-11-22,2024-11-19,2024-11-26,2.9894460586036553,9.09544062188285,3555.5865256160873,3555.5755270873196,3556.047199762892,0.4716726755723357,1.0,0.0537421581924613,11
2024-11-22,2024-11-19,2024-11-26,2.2222148867043017,7.7068512640873825,3091.1125333719606,3091.0006872578524,3091.7370752342977,0.7363879764452577,3.5,0.2359500500292455,11
2024-11-22,2024-11-19,2024-11-26,5.853565293505704,5.952087526804745,3117.530496955898,3094.0399346845224,3135.34430004796,41.30436536343768,2.75,0.3904515757476323,11
2024-11-22,2024-11-19,2024-11-26,2.824348805058403,9.785235802377844,3121.1969272801316,3094.0399346845224,3135.34430004796,41.30436536343768,4.5,0.2633514541013992,11
2024-11-22,2024-11-19,2024-11-26,5.638424469284163,5.961769348212831,3100.20486517532,3096.4902014606632,3137.8973578019068,41.407156341243535,5.5,0.4086633524075722,11
2024-11-22,2024-11-19,2024-11-26,3.376384208169952,5.293612681631876,3099.4963047227716,3099.198585622944,3100.1842627213337,0.985677098389715,5.5,0.2689066544116869,11
2024-11-22,2024-11-19,2024-11-26,3.122736201350018,7.878168803440053,3105.316008419201,3105.082818943076,3106.1405521058477,1.0577331627719104,3.75,0.2712301327253064,11
2024-11-22,2024-11-19,2024-11-26,2.9965125867712032,7.297353848412445,3133.7404395311573,3108.597879959736,3145.1666971459053,36.568817186169326,8.25,0.2855226754268258,11
2024-11-22,2024-11-19,2024-11-26,2.772758962898245,6.136639739444019,3147.242893056701,3111.553256172687,3148.3490115916356,36.79575541894883,3.25,0.251703107123542,11
2024-11-22,2024-11-19,2024-11-26,2.068518809826048,5.223552036233715,3114.6051762553766,3114.538345621433,3115.2707848404534,0.7324392190203071,1.75,0.238607331319407,11
2024-11-22,2024-11-19,2024-11-26,2.041440813678978,5.997452642661358,3066.385317978587,3052.477817977313,3100.390603945125,47.91278596781194,3.5,0.0956567726122958,11
2024-11-22,2024-11-19,2024-11-26,6.32677381767963,5.603976105276631,3075.995905789572,3054.451981574297,3101.059849301353,46.607867727056146,3.5,0.1298516788186487,11
2024-11-22,2024-11-19,2024-11-26,3.190980219323859,5.019903239079107,3055.2235693577263,3054.9515691800043,3055.9238001182675,0.9722309382632376,2.75,0.1578749961530312,11
2024-11-22,2024-11-19,2024-11-26,4.111622532747499,9.118786532825183,3059.2035390873793,3054.451981574297,3101.059849301353,46.607867727056146,2.25,0.3222005927945215,11
2024-11-22,2024-11-19,2024-11-26,2.1843622611127143,6.661854143482182,3055.205537891979,3055.2013627844863,3055.674002078362,0.4726392938755452,1.25,0.0719520980318588,11
2024-11-22,2024-11-19,2024-11-26,3.8091774205148776,10.893110501403903,3056.7375406058627,3056.6054644184187,3057.344044388272,0.7385799698531628,1.5,0.4412302375788224,11
2024-11-22,2024-11-19,2024-11-26,2.7015978662345836,9.952301860221503,3066.491522635481,3066.161548463162,3067.5133443507366,1.3517958875745535,3.75,0.2313643492312556,11
2024-11-22,2024-11-19,2024-11-26,2.254150460288012,8.690421846685359,3069.2220559807843,3069.0895986780524,3069.8457104228437,0.7561117447912693,2.0,0.2106439455948128,11
2024-11-22,2024-11-19,2024-11-26,3.7730891724462903,6.551496116468786,3114.8041201273554,3074.3111974135973,3119.9600818105973,45.648884397000074,2.5,0.2189552595315747,11
2024-11-22,2024-11-19,2024-11-26,2.725890113149676,9.716291917153912,3107.603085477621,3074.3111974135973,3119.9600818105973,45.648884397000074,4.0,0.2157559310754786,11
2024-11-22,2024-11-19,2024-11-26,2.574522610878665,5.183292873117614,3074.819979690524,3074.8124709692784,3075.301997172646,0.4895262033678591,1.25,0.1077912647603573,11
2024-11-22,2024-11-19,2024-11-26,8.42014554788609,7.865817654305198,3071.6342712737037,3071.30410022242,3072.294037147891,0.989936925470829,7.75,0.386620281352541,11
2024-11-22,2024-11-19,2024-11-26,2.9116947195506655,6.951222816249383,3066.438527701733,3066.161548463162,3067.5133443507366,1.3517958875745535,3.25,0.2371124014595693,11
2024-11-22,2024-11-19,2024-11-26,3.155253829002008,5.407247055953169,3086.808580594813,3059.654253306798,3106.59977111686,46.945517810061574,1.0,0.1214847476645353,11
2024-11-22,2024-11-19,2024-11-26,3.918737721759751,9.43371272597105,3058.847417502054,3058.666083530057,3059.392905722838,0.7268221927806735,2.25,0.3114727064921574,11
2024-11-22,2024-11-19,2024-11-26,7.886395039481547,10.013870501734209,3061.28695465715,3061.131367441267,3061.870785531588,0.7394180903211236,5.5,0.3675359152625601,11
2024-11-22,2024-11-19,2024-11-26,2.90825722026255,7.172563647145865,3090.3536262091684,3063.851749924943,3110.507060936652,46.65531101170927,1.25,0.2626358060358358,11
2024-11-22,2024-11-19,2024-11-26,7.244959511767691,9.248409536172666,3090.875887517659,3063.851749924943,3110.507060936652,46.65531101170927,3.25,0.5107950171040265,11
2024-11-22,2024-11-19,2024-11-26,2.6207106855067424,6.21867870725683,3183.326127001098,3183.0559103372507,3183.7726331758313,0.7167228385806084,1.5,0.119145763168198,11
2024-11-22,2024-11-19,2024-11-26,2.2424519857396374,5.799113606734855,3278.4847814027407,3278.3141641337425,3279.0351818040945,0.7210176703520119,1.0,0.176345579403494,11
2024-11-22,2024-11-19,2024-11-26,10.91203021721077,6.406944303459566,3284.766591030574,3284.473637243267,3285.4457919406705,0.9721546974033116,6.5,0.3245772392314361,11
2024-11-22,2024-11-19,2024-11-26,4.309036149609619,6.162421335445789,3287.0819267828533,3286.794790538028,3287.7254735571332,0.930683019105345,2.0,0.1245839480426957,11
2024-11-22,2024-11-19,2024-11-26,4.59873143496286,7.398441250316031,3263.6710033888667,3263.4579939362593,3264.4108915142715,0.9528975780121982,8.5,0.2191589330279897,11
2024-11-22,2024-11-19,2024-11-26,2.338599960025158,5.862549366198863,3264.292128542,3264.172002095729,3264.6522687212564,0.4802666255272925,2.25,0.1499122082349879,11
2024-11-22,2024-11-19,2024-11-26,4.717769136387212,8.229288655619074,3287.106536031387,3287.039236678276,3287.7254735571332,0.6862368788570166,2.5,0.1086119675698071,11
2024-11-22,2024-11-19,2024-11-26,2.857574560669307,6.60151582353442,3275.912234110579,3275.647119932808,3276.6146481344476,0.9675282016396524,2.5,0.1632331725420455,11
2024-11-22,2024-11-19,2024-11-26,3.000127401730232,7.419393911524692,3289.449024604624,3289.2046708557755,3289.923185617663,0.7185147618874907,1.75,0.0684982987360549,11
2024-11-22,2024-11-19,2024-11-26,4.1814548667428735,5.152981855163035,3261.3920795796553,3261.0466589303687,3262.248495467473,1.2018365371041,4.75,0.2425288862216135,11
2024-11-22,2024-11-19,2024-11-26,6.910480582677983,6.439306220641937,3201.3661729057603,3201.270051029511,3202.448983883951,1.1789328544400632,8.0,0.3651912494375686,11
2024-11-22,2024-11-19,2024-11-26,3.3902669681167694,5.979381595530582,3203.557539924911,3203.1886594966054,3204.2900790078565,1.1014195112511516,3.5,0.2199156746135933,11
2024-11-22,2024-11-19,2024-11-26,3.899013518306026,6.761004180963897,3216.6228132676433,3216.5549729871564,3217.032284716144,0.4773117289878428,6.5,0.1104810036662262,11
2024-11-22,2024-11-19,2024-11-26,3.455054196481947,9.95231491105346,3183.3381522001205,3183.0559103372507,3184.011549755931,0.9556394186802208,2.75,0.1576657979560702,11
2024-11-22,2024-11-19,2024-11-26,4.182463338423251,5.302891998089609,3198.8182225725877,3198.6487687788904,3199.3647579643875,0.7159891854971647,4.0,0.1936307868917186,11
2024-11-22,2024-11-19,2024-11-26,5.0546395874459495,9.496461381315516,3185.731115262199,3185.6797158629633,3186.3806600589305,0.7009441959671676,4.0,0.1717941944001322,11
2024-11-22,2024-11-19,2024-11-26,2.3065209333456123,7.167983412017329,3188.0259548902536,3187.3611515578814,3188.904267205391,1.543115647509694,2.0,0.2393345841039007,11
2024-11-22,2024-11-19,2024-11-26,2.5393362898097847,6.733175519664431,3196.4941529133403,3196.2096802126616,3196.925296587404,0.7156163747422397,5.5,0.2475489025248922,11
2024-11-22,2024-11-19,2024-11-26,3.34417510620201,6.82451025054466,3249.113837136638,3249.075202986598,3249.7897692155093,0.7145662289112806,1.25,0.2138736599039115,11
2024-11-22,2024-11-19,2024-11-26,2.2990290625683496,5.050292392951502,3256.188459902015,3256.081931509543,3256.80321574118,0.7212842316366732,3.5,0.0656571930024707,11
2024-11-22,2024-11-19,2024-11-26,2.017467902194122,6.030445645679675,3258.8987738481624,3258.654397387523,3259.3760156845674,0.7216182970441878,1.75,0.2037061747339863,11
2024-11-22,2024-11-19,2024-11-26,3.2325944574221683,8.351044823379693,3258.9327332006023,3258.654397387523,3259.579412437044,0.92501504952088,3.25,0.1672351630973034,11
2024-11-22,2024-11-19,2024-11-26,4.745136606787201,5.0855491272769955,3232.904651648868,3232.843693688512,3233.5597745720297,0.7160808835178614,2.5,0.1225949134569703,11
2024-11-22,2024-11-19,2024-11-26,3.1064923181126822,6.475176178017468,3244.7573921559806,3243.556078138761,3245.468378046062,1.9122999073006213,3.5,0.1408426291482967,11
2024-11-22,2024-11-19,2024-11-26,2.0670378148757953,5.436472251470486,2866.2681330733785,2866.2600867422298,2866.749476162251,0.4893894200213253,1.75,0.0996841226821731,11
2024-11-22,2024-11-19,2024-11-26,3.095092634504549,7.608010029273304,2866.715638413234,2866.5105867437087,2866.9999762168154,0.4893894731067121,1.25,0.1905236696746315,11
2024-11-22,2024-11-19,2024-11-26,4.355386131541114,7.646486523813585,2989.4383354302436,2988.253934049513,2991.030142023228,2.776207973714918,2.25,0.544039646338641,11
2024-11-22,2024-11-19,2024-11-26,3.9609721167885983,5.592882786688506,3000.8902349061595,3000.758682162501,3001.4693508129567,0.7106686504557729,1.75,0.1993770450162468,11
2024-11-22,2024-11-19,2024-11-26,3.0182875961607603,11.827145614494665,2957.9487001930197,2955.755949202925,2959.9600461879745,4.204096985049546,5.0,0.0924588894064715,11
2024-11-22,2024-11-19,2024-11-26,4.243154270206325,7.712892699439129,2958.4373144347787,2955.054577050265,2961.3519941694103,6.297417119145393,5.0,0.0879184612512284,11
2024-11-22,2024-11-19,2024-11-26,3.64140538187256,9.61952160880312,2975.0852025538516,2974.745018230751,2975.6861022412777,0.941084010526538,1.5,0.1567411652773298,11
2024-11-22,2024-11-19,2024-11-26,2.040849024866894,16.386027139541174,2978.416000185473,2978.1788190905936,2978.8843998261727,0.705580735579133,1.0,0.1302176332741411,11
2024-11-22,2024-11-19,2024-11-26,2.233490049203019,8.12424517800336,2968.152455221079,2968.0285027031787,2968.502609125804,0.4741064226254821,1.0,0.060603245355375,11
2024-11-22,2024-11-19,2024-11-26,2.972643472738703,8.031257247075981,2972.1943230136503,2971.2484818282537,2974.284013989847,3.035532161593437,4.5,0.1014836016596054,11
2024-11-22,2024-11-19,2024-11-26,2.4741924592650775,7.793583349061331,2969.619569017601,2969.430320561398,2970.135852638632,0.7055320772342384,1.0,0.1177086361997681,11
2024-11-22,2024-11-19,2024-11-26,2.5435550769412423,6.061287239521607,3099.9825229853273,3096.7390049924143,3137.8973578019068,41.1583528094925,3.0,0.3070676121419113,11
2024-11-22,2024-11-19,2024-11-26,10.954019870030322,5.596808730810125,4828.069507895917,4827.629144967068,4829.779266518541,2.1501215514726937,2.75,0.4736978490072729,11
2024-11-22,2024-11-19,2024-11-26,2.307256175253531,5.147141277333048,4084.2626442481687,4083.695379626006,4084.879999137018,1.184619511011988,2.5,0.1791157610818738,11
2024-11-22,2024-11-19,2024-11-26,2.3551842606839166,5.624043623221641,4093.925062463488,4093.0840525254607,4094.9784871302545,1.894434604793787,4.5,0.1365081313581195,11
2024-11-22,2024-11-19,2024-11-26,2.306933017592598,9.649555836068638,4597.577594540584,4597.373340463731,4598.0958659346215,0.7225254708901048,1.0,0.0994302641159794,11
2024-11-22,2024-11-19,2024-11-26,5.221592952050921,5.168509088238937,4721.851493847715,4702.243521416094,4755.075842956547,52.83232154045254,1.0,0.4296434596864307,11
2024-11-22,2024-11-19,2024-11-26,7.293748435217794,10.155735177328042,4665.862005348286,4649.102563487366,4698.771031331737,49.66846784437075,1.25,0.2592227371676392,11
2024-11-22,2024-11-19,2024-11-26,2.212335196743999,5.135161216477741,4699.538858246413,4699.083349577617,4700.116085231304,1.0327356536872685,0.5,0.2390682593641813,11
2024-11-22,2024-11-19,2024-11-26,3.117913621213194,5.118830139209809,4697.2653838380065,4695.796452297829,4699.063390824478,3.266938526649028,0.5,0.1922401713519828,11
2024-11-22,2024-11-19,2024-11-26,4.8952927008167855,13.403444303724728,4681.596911958345,4660.630049765576,4714.90134286508,54.27129309950397,1.25,0.1288609348393032,11
2024-11-22,2024-11-19,2024-11-26,2.0490609083516436,5.771170049147209,4047.3710640315912,4047.054234098643,4047.9788270639256,0.9245929652824998,2.5,0.1349735745868918,11
2024-11-22,2024-11-19,2024-11-26,2.4694850835503455,5.397705097526624,3105.2860638308857,3105.082818943076,3106.1405521058477,1.0577331627719104,1.25,0.2176388999540734,11
2024-11-22,2024-11-19,2024-11-26,5.024923177115787,7.590100723380102,3114.5901012220443,3114.538345621433,3115.2707848404534,0.7324392190203071,3.5,0.3076693203781744,11
2024-11-22,2024-11-19,2024-11-26,4.183032611907637,7.435766477762461,3120.3910016821237,3120.2695065662265,3121.0074892444536,0.7379826782271266,2.5,0.1429173962649166,11
2024-11-22,2024-11-19,2024-11-26,3.214458151933495,6.237116998591281,3052.584944842132,3052.477817977313,3052.9663473251276,0.4885293478146195,1.0,0.0552794310374754,11
2024-11-22,2024-11-19,2024-11-26,2.416521627233569,7.27680447014302,3118.5431717418123,3118.525716327131,3119.0098852566443,0.4841689295135438,1.5,0.2238857557515228,11
2024-11-22,2024-11-19,2024-11-26,6.172685126042003,7.883717326478189,3219.2758373841502,3218.9473425759934,3220.3344018668868,1.387059290893376,6.5,0.2200767737423992,11
2024-11-22,2024-11-19,2024-11-26,4.187849757310189,8.732409367219809,3792.852123269008,3792.4256234923378,3793.388707844541,0.9630843522027136,0.75,0.0224150574725565,11
2024-11-22,2024-11-19,2024-11-26,2.4488713753466773,9.40777868313071,3278.544009951011,3278.3141641337425,3279.0351818040945,0.7210176703520119,1.0,0.0667469757824534,11
2024-11-22,2024-11-19,2024-11-26,4.577857158125918,5.436663148312714,3264.2919983460465,3264.172002095729,3264.893645960372,0.7216438646428287,4.0,0.1584157902940997,11
2024-11-22,2024-11-19,2024-11-26,5.077915120995725,5.477311335804054,3275.980693965035,3275.889999709092,3276.6146481344476,0.7246484253555536,4.25,0.3097139721812514,11
2024-11-22,2024-11-19,2024-11-26,3.354655782217011,5.085207064496222,3278.480619142049,3278.3141641337425,3279.277930847835,0.963766714092344,1.75,0.2353579530632621,11
2024-11-22,2024-11-19,2024-11-26,2.426960318433261,6.2667056947685,3278.4621327943987,3278.3141641337425,3279.0351818040945,0.7210176703520119,0.75,0.0938258683407788,11
2024-11-22,2024-11-19,2024-11-26,3.208747261493821,10.561120956841998,3089.8822777601995,3063.851749924943,3110.507060936652,46.65531101170927,1.5,0.3254912354377337,11
2024-11-22,2024-11-19,2024-11-26,2.9215832484194544,7.87553527560882,3087.9488318326426,3063.851749924943,3110.507060936652,46.65531101170927,1.0,0.2577407789629493,11
2024-11-22,2024-11-19,2024-11-26,2.1155646766337566,9.242246211748022,3067.2280202230218,3054.451981574297,3101.059849301353,46.607867727056146,0.75,0.0228501721371704,11
2024-11-22,2024-11-19,2024-11-26,3.584467641744204,11.19399550824524,3071.2121650718927,3052.477817977313,3101.059849301353,48.582031324040145,6.0,0.0716191636293717,11
2024-11-22,2024-11-19,2024-11-26,3.989192601579847,9.560314468902046,3027.103029306635,3026.95042267628,3027.432088308502,0.4816656322218478,2.0,0.465659324279426,11
2024-11-22,2024-11-19,2024-11-26,2.529752583839055,9.129570458188915,3069.2280253791546,3069.0895986780524,3069.8457104228437,0.7561117447912693,2.0,0.2567837242657989,11
2024-11-22,2024-11-19,2024-11-26,3.027983460713495,6.394192341075047,3091.112906945791,3091.0006872578524,3091.7370752342977,0.7363879764452577,3.5,0.2908248501476773,11
2024-11-22,2024-11-19,2024-11-26,2.162938240001351,5.695231608137271,3081.3898290100096,3081.3320598821156,3082.051000331063,0.7189404489472508,1.25,0.093903733868963,11
2024-11-22,2024-11-19,2024-11-26,2.455250140878242,8.590336815331069,3018.2088359241247,3017.884579447098,3019.570389113389,1.6858096662908792,3.25,0.1606672481557569,11
2024-11-22,2024-11-19,2024-11-26,2.571518695885204,5.748620357448059,2989.240692060395,2988.253934049513,2990.9824257432483,2.7284916937351227,3.0,0.0926422866823262,11
2024-11-22,2024-11-19,2024-11-26,3.794960693160938,7.195853197123408,2989.96342449089,2989.2013962729834,2991.030142023228,1.8287457502447069,3.0,0.3264398606948759,11
2024-11-22,2024-11-19,2024-11-26,3.5571822895818386,5.153934119729714,5440.174895453986,5439.970273215324,5440.629295610823,0.6590223954990506,1.25,0.1780627930267919,11
2024-11-22,2024-11-19,2024-11-26,3.307933073070235,18.052587359973703,5442.8970555443575,5436.679326912388,5461.509973453358,24.83064654096961,2.75,0.0826432052066195,11
2024-11-22,2024-11-19,2024-11-26,2.825663413528642,16.912316289348396,5354.755333741536,5350.192337937187,5359.259304569103,9.06696663191542,5.25,0.0740739105366328,11
2024-11-22,2024-11-19,2024-11-26,2.1790408201476184,16.404306798704955,5348.706539764966,5347.010497718118,5350.43122735573,3.4207296376116574,3.25,0.0689375836240513,11
2024-11-22,2024-11-19,2024-11-26,4.01037659854793,17.101804889514856,5527.554729500851,5524.132004020736,5531.364397332072,7.2323933113366365,5.5,0.0851157151652493,11
2024-11-22,2024-11-19,2024-11-26,2.047081649796665,10.800210901651967,5641.5522005963785,5641.149897469673,5642.330957918894,1.18106044922024,1.75,0.1060555619008252,11
2024-11-22,2024-11-19,2024-11-26,2.1322731997901574,16.548705714629822,5191.172595575834,5190.965353306383,5191.460577180609,0.4952238742262125,1.0,0.1915446571177903,11
2024-11-22,2024-11-19,2024-11-26,3.4643081753327323,15.9632213185978,5282.75082895564,5272.816502969712,5290.468491305597,17.651988335885108,4.25,0.0834677454047216,11
2024-11-22,2024-11-19,2024-11-26,3.206158655754495,13.735091445935558,5186.211167982616,5183.756621514447,5189.177630272228,5.421008757781237,5.0,0.0957917504443195,11
2024-11-22,2024-11-19,2024-11-26,2.478429282547636,16.421741006794132,5193.928296090431,5176.894153540488,5211.108958488796,34.214804948307574,3.25,0.0645262241494748,11
2024-11-22,2024-11-19,2024-11-26,6.990453354433999,15.560591067557304,5208.813760343471,5198.831546409056,5231.6467776722275,32.81523126317188,6.25,0.1138652529625028,11
2024-12-04,2024-11-26,2024-12-13,2.2253227783171834,5.259671846827214,2989.46934627994,2988.253934049513,2991.2112012538128,2.957267204299569,3.5,0.0567925439967903,12
2024-12-04,2024-11-26,2024-12-13,2.9052608302857723,6.792627449013406,3245.082428242937,3244.98925306648,3245.468378046062,0.4791249795816839,0.75,0.1533959021410913,12
2024-12-04,2024-11-26,2024-12-13,2.0192671575722283,12.20489821184937,4184.759616830625,4184.387645211536,4185.3357523828745,0.9481071713380516,0.75,0.2353808919616629,12
2024-12-04,2024-11-26,2024-12-13,4.290917999716755,11.616237288923513,3233.5756791677804,3233.3208851534873,3234.0378847694956,0.7169996160082519,1.0,0.1954661265864832,12
2024-12-04,2024-11-26,2024-12-13,2.2685571047296933,7.625425660795358,3085.125734782981,3063.851749924943,3110.507060936652,46.65531101170927,3.5,0.0778578035705968,12
2024-12-14,2024-12-13,2024-12-16,4.004199933464452,7.997074026666699,750.9795116923428,750.7754081049934,751.3208528622054,0.5454447572119534,1.5,0.222458247172832,12
2024-12-14,2024-12-13,2024-12-16,6.824810298289731,5.824105579281814,896.0304109642587,895.5385666103102,896.767041423358,1.2284748130477965,3.25,0.2422139213348195,12
2024-12-14,2024-12-13,2024-12-16,5.253303133468236,5.469505101572735,908.9073943807092,908.5339028681628,909.508790853899,0.9748879857361316,2.0,0.2168422751565391,12
2024-12-21,2024-12-16,2024-12-27,2.0830572017820552,12.796764358631638,3556.0475685662927,3555.5755270873196,3556.747693380341,1.1721662930212915,0.75,0.028518171383379,12
2024-12-21,2024-12-16,2024-12-27,2.6319886549561287,7.878614358250808,3556.9854969247276,3556.741587363649,3557.4460435672663,0.7044562036171556,1.0,0.1460701492171834,12
2024-12-21,2024-12-16,2024-12-27,3.4850406712997706,9.124886126136252,1850.380773237706,1850.0849869027736,1850.8591172024608,0.7741302996873856,0.5,0.1853682982079774,12
2024-12-21,2024-12-16,2024-12-27,2.7258954881615938,9.617684059698352,1850.3321636646128,1850.0849869027736,1850.8591172024608,0.7741302996873856,0.5,0.1861685254520018,12
2024-12-21,2024-12-16,2024-12-27,7.151470078098773,9.385358278839885,1843.7349431945297,1835.123837464489,1850.8591172024608,15.735279737971725,1.0,0.2827843889268555,12
2024-12-21,2024-12-16,2024-12-27,3.6313120650497264,10.906858319862284,3080.0018538697177,3054.451981574297,3101.059849301353,46.607867727056146,1.25,0.0761944059414054,12
2024-12-21,2024-12-16,2024-12-27,2.5867185129187997,10.29497522649403,3056.841611119546,3056.6054644184187,3057.0941989766434,0.488734558224678,1.75,0.0978791830793301,12
2024-12-27,2024-12-27,2024-12-27,3.9347200210837823,8.003647405820862,2969.6245343954847,2969.430320561398,2970.135852638632,0.7055320772342384,1.5,0.1621818277237219,12
2024-12-27,2024-12-27,2024-12-27,2.2301742640736513,6.536483758261728,3018.28022574993,3018.1251457412727,3018.848334544804,0.7231888035312295,0.75,0.129031816105416,12
2024-12-27,2024-12-27,2024-12-27,3.3312061580034715,9.075075797517496,3068.9387568249144,3054.451981574297,3101.059849301353,46.607867727056146,1.5,0.1391249029239172,12
2025-01-05,2024-12-27,2025-01-14,4.014834693154413,9.265424955808845,1831.9408528868871,1831.608044696506,1832.3200887688436,0.7120440723374486,1.25,0.2089254077520541,1
2025-01-05,2024-12-27,2025-01-14,2.1490862370671704,12.115061656896753,1837.1155544031,1836.9319267459216,1837.6445035678337,0.71257682191208,1.0,0.0642081124615967,1
2025-01-05,2024-12-27,2025-01-14,2.676361170003284,18.645933168635537,1838.3001549741605,1838.077084648423,1838.7870336687192,0.7099490202963352,1.0,0.1284337815102376,1
2025-01-05,2024-12-27,2025-01-14,2.055980877860915,16.29529827323522,1844.6365901516976,1844.3123105727136,1845.2669011177495,0.9545905450358988,0.75,0.1261948681361602,1
2025-01-05,2024-12-27,2025-01-14,5.417055260420032,9.06185665722717,1830.3065872569875,1829.4951081108304,1831.1897234474309,1.694615336600691,1.0,0.2542413083346684,1
2025-01-05,2024-12-27,2025-01-14,2.082354269667994,20.42482963956148,2034.6315557928372,2033.6826419522984,2035.8448256226256,2.1621836703270674,2.25,0.0853375717611415,1
2025-01-05,2024-12-27,2025-01-14,6.4014851097146055,5.800394253355478,1826.7498527742464,1825.947889003903,1827.61308167316,1.6651926692575216,1.0,0.3197808309110783,1
2025-01-05,2024-12-27,2025-01-14,2.0882452827292495,12.800033832972648,3556.640360966875,3556.273876859341,3557.213260166347,0.93938330700621,0.75,0.0433720603255816,1
2025-01-05,2024-12-27,2025-01-14,4.200086330273832,5.200650431326597,3052.5480192275245,3052.477817977313,3052.9663473251276,0.4885293478146195,1.5,0.0875325011146355,1
2025-01-05,2024-12-27,2025-01-14,5.069723125055069,10.582556861054384,3076.259158161286,3054.451981574297,3101.059849301353,46.607867727056146,1.75,0.1051511200091315,1
2025-01-05,2024-12-27,2025-01-14,2.5413269553344975,5.8293220572952045,3558.630791919026,3557.443428328261,3560.244705264457,2.8012769361957908,3.5,0.0590929196644413,1
2025-01-05,2024-12-27,2025-01-14,3.0262039734347725,13.550035858626623,3719.6889403824953,3719.478434671182,3720.121264416725,0.642829745542258,0.75,0.0204776888041788,1
2025-01-05,2024-12-27,2025-01-14,5.54353645751439,10.55141841679433,5650.833388845028,5650.653086012695,5651.387333982158,0.7342479694634676,1.0,0.1471509258809411,1
2025-01-05,2024-12-27,2025-01-14,3.3740311473973095,11.767743296431137,3233.341669944566,3233.0818302044645,3233.798829620704,0.7169994162395597,0.75,0.1586227529807882,1
2025-01-05,2024-12-27,2025-01-14,7.956752571863588,12.376463185018585,1832.5393715273717,1832.3128267931752,1833.0249871360136,0.7121603428386152,1.0,0.2134950755273257,1
2025-01-19,2025-01-14,2025-01-24,2.630600826879107,8.653097831116149,3284.7298820664614,3284.473637243267,3285.2013703011908,0.727733057923615,2.25,0.1728025804000355,1
2025-01-19,2025-01-14,2025-01-24,4.078923946360965,7.382969748357604,3233.0839108117007,3232.843693688512,3234.0378847694956,1.1941910809837282,2.25,0.1417388694226851,1
2025-01-19,2025-01-14,2025-01-24,2.5067220313879943,8.84483202112638,3287.0772970738067,3286.550344410818,3287.5225720573217,0.9722276465035976,1.5,0.0734455043273707,1
2025-01-19,2025-01-14,2025-01-24,3.540986781451758,11.642886140364752,3845.5775159751793,3845.2572880666703,3846.2148423278704,0.95755426120013,1.75,0.2982709219365675,1
2025-01-19,2025-01-14,2025-01-24,2.739980945780044,6.6955608479229625,3505.080951718503,3504.6358947702684,3505.8053343361244,1.1694395658560095,0.75,0.1638272771955984,1
2025-01-19,2025-01-14,2025-01-24,2.1512183251276613,12.81506577398535,3555.859026749156,3555.342481089756,3556.512766277883,1.170285188127309,1.0,0.0296858410499242,1
2025-01-19,2025-01-14,2025-01-24,7.902197395351062,9.191536075459602,3650.516212126708,3649.2640567678022,3651.81404109858,2.549984330777079,1.0,0.34193784179541,1
2025-01-19,2025-01-14,2025-01-24,2.93992428213982,8.27442031766204,3657.633152533007,3657.155784233008,3658.327635351103,1.1718511180952191,0.75,0.1533167479907438,1
2025-01-19,2025-01-14,2025-01-24,2.436245054296684,8.2216362058547,3658.7467955639418,3658.364027353003,3659.2987735420465,0.9347461890429258,1.0,0.0957632370091565,1
2025-01-19,2025-01-14,2025-01-24,2.0745121272807943,7.68837816106315,3660.84431513683,3660.20081621781,3661.5642710351385,1.363454817328602,0.75,0.0545765268043568,1
2025-01-19,2025-01-14,2025-01-24,2.225850962821581,6.582506081301893,3665.6069947135497,3665.2901659030463,3666.22544978885,0.9352838858030736,0.5,0.0596555527474229,1
2025-01-19,2025-01-14,2025-01-24,2.803110520469956,6.925556985407695,3667.227693732009,3666.9328895495273,3667.5985857988703,0.6656962493434548,1.25,0.0438646450468732,1
2025-01-19,2025-01-14,2025-01-24,2.6011743088583468,19.325100248080275,4138.399615851524,4138.093751959968,4139.083943237085,0.9901912771165372,1.25,0.0723308176781745,1
2025-01-19,2025-01-14,2025-01-24,2.4224933849182912,20.191879327725378,4981.796746742101,4981.498774161097,4982.221188424621,0.7224142635241151,0.75,0.2777098660419019,1
2025-01-19,2025-01-14,2025-01-24,2.821513366827369,18.989982027286523,4987.530299189388,4987.224601134658,4988.463950768113,1.2393496334552765,0.75,0.359525612072038,1
2025-01-19,2025-01-14,2025-01-24,4.107298037048336,19.805238297005477,4987.357987715277,4987.224601134658,4987.706804717425,0.4822035827673971,1.0,0.3647828772425754,1
2025-01-19,2025-01-14,2025-01-24,2.4833546448567883,15.66843651744543,4624.124252593958,4624.026182508562,4624.538700661156,0.5125181525945663,1.0,0.1378433432642878,1
2025-01-19,2025-01-14,2025-01-24,2.3797291928814728,5.262044646787398,4717.108150817498,4693.51801820891,4746.266996385064,52.74897817615419,0.75,0.1220594873883396,1
2025-01-19,2025-01-14,2025-01-24,2.498682387174014,18.41521747651853,4796.209340322831,4790.459631836973,4823.776240597945,33.316608760971576,1.25,0.0401178087994319,1
2025-01-19,2025-01-14,2025-01-24,2.477353145439457,8.972379636350663,1830.4900789727203,1829.4951081108304,1831.1897234474309,1.694615336600691,0.75,0.4043350058303741,1
2025-01-19,2025-01-14,2025-01-24,2.3948556708635764,6.803937523909085,1828.7216469202872,1828.4036131710743,1829.1097695608623,0.7061563897877932,0.75,0.115643131499914,1
2025-01-19,2025-01-14,2025-01-24,4.541119429450669,8.738911838918803,1831.5421671215124,1830.242028045468,1833.429402159527,3.187374114058912,1.25,0.2786389270244305,1
2025-01-19,2025-01-14,2025-01-24,2.436544263293408,9.5762354324467,1831.885369408974,1831.608044696506,1832.5517162117176,0.943671515211463,1.0,0.2076033810848176,1
2025-01-19,2025-01-14,2025-01-24,3.387868816966377,9.216881940480524,1832.3302189012263,1832.0811993503012,1832.7883518226445,0.7071524723432958,0.75,0.0505432497844737,1
2025-01-19,2025-01-14,2025-01-24,2.029207346277777,9.551426244248006,2073.2429538479337,2073.0744562689215,2073.786597845145,0.7121415762230754,0.75,0.0453538401821107,1
2025-01-19,2025-01-14,2025-01-24,4.8084814805655745,18.50044809016278,5012.235938306664,5011.869411994703,5012.840374551248,0.9709625565446912,0.75,0.0201779826988862,1
2025-01-19,2025-01-14,2025-01-24,4.533055119904224,17.74404292236781,4657.231132468695,4656.986696221866,4657.737469515298,0.7507732934318483,0.75,0.3333553334086536,1
2025-01-19,2025-01-14,2025-01-24,2.7949279606613335,8.500739443775027,3792.9158725819543,3792.667021744885,3793.388707844541,0.7216860996559262,0.75,0.0437193724764611,1
2025-01-19,2025-01-14,2025-01-24,2.4297006786757147,14.117230866643704,3666.4986812332927,3665.754849099089,3667.403456873726,1.6486077746376395,1.0,0.0974999223540951,1
2025-01-19,2025-01-14,2025-01-24,2.4685160286240277,9.670258654060174,1841.3894250567432,1833.7279909057545,1850.0562558863312,16.328264980576932,1.0,0.1925133022949521,1
2025-01-19,2025-01-14,2025-01-24,2.6635393776865675,9.617480890698609,3556.869393028726,3556.5088039617985,3557.4460435672663,0.9372396054677664,1.0,0.1799959968113818,1
2025-01-19,2025-01-14,2025-01-24,3.2714269476862627,7.974882688546305,3556.9841205642156,3556.741587363649,3557.4460435672663,0.7044562036171556,1.25,0.1419787097731895,1
2025-01-19,2025-01-14,2025-01-24,3.683255582994037,10.843081565054906,3556.2058750419433,3555.5755270873196,3557.213260166347,1.6377330790273843,1.0,0.1654559816988099,1
2025-01-19,2025-01-14,2025-01-24,3.49014752984466,9.19688130726537,1842.830508395457,1835.123837464489,1850.8591172024608,15.735279737971725,0.75,0.1766019511388794,1
2025-01-19,2025-01-14,2025-01-24,2.191962707130704,8.168361598853487,3064.92174585091,3054.451981574297,3101.059849301353,46.607867727056146,0.75,0.076602066190452,1
2025-01-19,2025-01-14,2025-01-24,2.027598963545086,7.034748724308821,3058.9158472138083,3058.666083530057,3059.643024352845,0.9769408227875828,2.0,0.1211663511982785,1
2025-01-19,2025-01-14,2025-01-24,2.017488148072343,8.226820618924378,3082.8394490582864,3059.654253306798,3106.2635342283174,46.6092809215188,1.25,0.1287672142748874,1
2025-01-19,2025-01-14,2025-01-24,3.223663994566444,10.573571798699126,3071.89454691975,3059.4041349343024,3106.2635342283174,46.85939929401502,1.25,0.1306088618107392,1
2025-01-19,2025-01-14,2025-01-24,2.4349347458359785,5.904380512968682,3087.0812033719503,3063.851749924943,3110.507060936652,46.65531101170927,1.5,0.1994345844876544,1
2025-01-19,2025-01-14,2025-01-24,6.74579403976556,11.17623132202912,1837.2633647629057,1836.9319267459216,1837.8813472827896,0.9494205368682742,1.25,0.1119144142768147,1
2025-01-19,2025-01-14,2025-01-24,6.787117728608567,17.59440618820918,2550.8235889468397,2549.477882053703,2552.137757829856,2.659875776153058,2.0,0.1123402006696627,1
2025-01-24,2025-01-24,2025-01-24,2.0014937848326753,9.18644860803066,3248.5914888332827,3248.3553957170807,3249.0741565725766,0.7187608554959297,1.25,0.1341401991395918,1
2025-01-27,2025-01-24,2025-01-30,7.799660204121917,6.395717327814788,3987.129949031559,3986.172565976158,3988.2957580396906,2.1231920635327697,1.0,0.2277499135715111,1
2025-01-27,2025-01-24,2025-01-30,3.225859388322849,10.092594558808257,3246.5139439317704,3246.1937507763505,3246.912487096153,0.7187363198027015,1.75,0.0526406176251698,1
2025-01-27,2025-01-24,2025-01-30,2.467008039169479,11.056126786732335,3056.7324651548,3056.3556191399693,3057.0941989766434,0.7385798366740346,1.75,0.0770883252720078,1
2025-01-27,2025-01-24,2025-01-30,5.044709312651269,10.301454865340292,3073.8805309338704,3054.451981574297,3101.059849301353,46.607867727056146,2.0,0.1126696963732276,1
2025-01-27,2025-01-24,2025-01-30,4.836939779772982,22.33439298514738,3787.4313292708175,3786.753111390397,3788.442002803553,1.6888914131559432,1.0,0.0393770005641141,1
2025-01-27,2025-01-24,2025-01-30,2.178548469056003,23.30851111658169,3662.118627963947,3661.8157636225224,3662.7497652345337,0.9340016120113432,0.75,0.0302088703597591,1
2025-01-27,2025-01-24,2025-01-30,2.801235835757945,12.865240688968669,3556.5339121978245,3555.8083103443496,3557.213260166347,1.404949821997434,1.0,0.0306785766980555,1
2025-01-27,2025-01-24,2025-01-30,2.791283105357922,13.631486364529165,4775.039383150503,4764.498010930605,4803.890467681456,39.392456750851125,0.75,0.1586402953289134,1
2025-01-27,2025-01-24,2025-01-30,2.6019429355625063,5.067250980781007,4847.598527750731,4836.739506958518,4862.31488140719,25.575374448671937,1.0,0.1201348981497041,1
2025-01-27,2025-01-24,2025-01-30,2.8657150759402663,20.16947480991564,5012.6944747401385,5012.601485132705,5013.074082448613,0.4725973159074783,1.0,0.105847367547649,1
2025-01-27,2025-01-24,2025-01-30,2.2404910022251774,5.781530870956947,5124.703679745798,5123.785194485448,5125.7754075508565,1.9902130654081704,0.75,0.1594573529751164,1
2025-01-27,2025-01-24,2025-01-30,8.57506587331202,14.02506547121655,4191.087313155185,4190.769569366239,4191.481275539845,0.7117061736062169,2.75,0.033419194821001,1
2025-01-27,2025-01-24,2025-01-30,11.59055804521935,13.745012508886427,4192.10802733784,4191.998165960889,4192.47345996974,0.4752940088510513,3.25,0.0509087485945602,1
2025-01-27,2025-01-24,2025-01-30,22.64146489395145,15.09371454709196,4193.818398150256,4193.6159935579635,4194.327692460734,0.7116989027708769,4.25,0.0545823327235517,1
2025-01-27,2025-01-24,2025-01-30,2.308173749510153,11.471629663630358,4328.184886264958,4327.2997091040015,4329.193196381442,1.8934872774407268,1.5,0.0521082707227582,1
2025-01-27,2025-01-24,2025-01-30,2.298123970283847,6.868762137757852,4459.737636499365,4457.732590266503,4460.961519585457,3.2289293189533055,0.5,0.0701153842814172,1
2025-01-27,2025-01-24,2025-01-30,2.312253682167083,6.851233201056289,4461.840295224343,4460.959124838933,4462.853754131123,1.894629292190075,0.5,0.0674481428674622,1
2025-01-27,2025-01-24,2025-01-30,2.035829062347999,5.755848837831832,4570.498627602389,4570.286042159889,4571.002484338824,0.7164421789348125,1.0,0.1071427033613459,1
2025-01-27,2025-01-24,2025-01-30,4.1458135807763785,6.493464206463672,1826.2760489864652,1826.053100600839,1826.763522992376,0.7104223915375769,0.75,0.1850736522585006,1
2025-01-27,2025-01-24,2025-01-30,3.3068948596572505,8.625871798919075,3234.378827322031,3234.041927715298,3234.9980097836815,0.9560820683836936,1.0,0.0765206836492915,1
2025-01-27,2025-01-24,2025-01-30,2.2010799217893746,7.761327231617997,3556.9806972714714,3556.741587363649,3557.4460435672663,0.7044562036171556,0.75,0.0866412231034952,1
2025-01-27,2025-01-24,2025-01-30,4.4869210342847365,16.38331481379781,2550.542853799859,2548.2374294768088,2553.6110610743053,5.373631597496569,2.25,0.1062916289378124,1
2025-01-27,2025-01-24,2025-01-30,2.0196702834660187,24.9001651799681,2546.2985664359294,2546.2985664359294,2546.537455854472,0.2388894185423851,1.0,0.0769152013761631,1
2025-01-27,2025-01-24,2025-01-30,4.760516426997668,17.462221585392275,2550.66991528207,2549.7153984676115,2551.8938426449895,2.178444177377969,1.5,0.158744652365772,1
2025-01-27,2025-01-24,2025-01-30,5.752107225502468,6.236501358990488,1758.4359065406843,1758.1732065211982,1758.9376046527177,0.764398131519556,0.75,0.1170093486520584,1
2025-01-27,2025-01-24,2025-01-30,2.4019709921948613,6.247509756592413,1765.844976580114,1765.5146196591668,1766.7354589099996,1.220839250832796,1.25,0.1659277740387299,1
2025-01-27,2025-01-24,2025-01-30,2.634072367909365,7.00110530933924,1764.9035847133605,1764.8292526029982,1765.3650322491303,0.5357796461321414,0.75,0.0103573825122726,1
2025-01-27,2025-01-24,2025-01-30,5.863726514645758,8.261640978779345,1765.1724847379846,1765.126142830588,1765.7535090777092,0.6273662471212447,1.25,0.2521570723369581,1
2025-01-27,2025-01-24,2025-01-30,4.586127748685274,7.274854140741797,1826.4778509516125,1825.947889003903,1827.142780157272,1.194891153369099,1.25,0.404598682131172,1
2025-01-27,2025-01-24,2025-01-30,5.702971255449578,7.815385207463709,1830.1977394145497,1830.0625321404077,1830.5371500421315,0.4746179017238319,1.0,0.1598451499322517,1
2025-01-27,2025-01-24,2025-01-30,4.191102654800126,9.357045053164349,1832.449891366582,1830.242028045468,1833.429402159527,3.187374114058912,1.5,0.1879205105153336,1
2025-01-27,2025-01-24,2025-01-30,3.5934062865625136,11.193930863858563,1836.1523246836289,1835.7675867704677,1836.7183149610648,0.9507281905971467,0.75,0.1500669425670309,1
2025-01-27,2025-01-24,2025-01-30,2.850270277807955,19.706464174699605,1868.6686146068653,1868.529407621361,1869.0065452740528,0.4771376526914537,0.75,0.3557892343105528,1
2025-01-27,2025-01-24,2025-01-30,3.140396101615764,20.2793369981245,1868.7869237648597,1868.529407621361,1869.2125288587995,0.6831212374381721,0.75,0.1041789435800744,1
2025-02-04,2025-01-30,2025-02-10,9.079317838536108,14.09178219830956,4191.129546961732,4191.005977793597,4191.481275539845,0.4752977462485432,2.75,0.0433488758058292,2
2025-02-04,2025-01-30,2025-02-10,11.907635970450658,13.907042420267745,4192.109465070458,4191.998165960889,4192.47345996974,0.4752940088510513,3.25,0.0399702686811798,2
2025-02-04,2025-01-30,2025-02-10,22.668369217491247,15.51280257364695,4193.867704305773,4193.6159935579635,4194.327692460734,0.7116989027708769,3.5,0.0554774552428039,2
2025-02-04,2025-01-30,2025-02-10,3.571895488869864,8.66543530293011,3556.965173471772,3556.5088039617985,3557.682317746803,1.1735137850046158,1.25,0.1071102457456385,2
2025-02-04,2025-01-30,2025-02-10,3.667661478975136,12.819008523922168,3556.5124800710246,3555.5755270873196,3557.4460435672663,1.870516479946673,0.75,0.040291740753926,2
2025-02-04,2025-01-30,2025-02-10,2.047544916101573,14.562974565368616,4324.671424682059,4323.8478680038825,4325.759308191482,1.91144018759951,1.5,0.0490487542116635,2
2025-02-04,2025-01-30,2025-02-10,2.3770900620301254,6.7717441934961125,4459.717255676178,4457.732590266503,4460.961519585457,3.2289293189533055,0.75,0.0672621327499833,2
2025-02-04,2025-01-30,2025-02-10,2.2736314743136616,6.756775678680949,4461.709323962707,4460.959124838933,4462.617259542923,1.658134703990072,1.0,0.1004079011704472,2
2025-02-04,2025-01-30,2025-02-10,2.935096924214624,6.748803608454046,4463.700239113559,4462.851359297521,4464.730162035674,1.8788027381524444,0.75,0.0949499455570113,2
2025-02-04,2025-01-30,2025-02-10,4.889433340603485,11.722097816766702,1837.2476416006125,1835.7675867704677,1837.8813472827896,2.113760512322187,1.75,0.1381455500797179,2
2025-02-04,2025-01-30,2025-02-10,2.7678826923646036,8.99465976881636,1849.971036308169,1849.8173664677888,1850.323876321316,0.5065098535269499,0.75,0.1105261054419459,2
2025-02-04,2025-01-30,2025-02-10,12.172999114355912,9.563259472479803,1839.4089812233613,1835.123837464489,1850.8591172024608,15.735279737971725,1.25,0.3092356584164601,2
2025-02-04,2025-01-30,2025-02-10,5.588883641389199,9.593237389814822,1836.4480619030528,1836.0822865674272,1837.0316508379765,0.9493642705492676,1.25,0.271000031795352,2
2025-02-04,2025-01-30,2025-02-10,4.18711218623044,18.93749649655831,1846.5306171937184,1846.214822633192,1847.1647767391987,0.9499541060067712,1.0,0.0194325147773477,2
2025-02-04,2025-01-30,2025-02-10,2.85981928509064,12.289445348921712,1830.4891678026784,1830.242028045468,1830.953454699833,0.7114266543649137,0.75,0.0463580541787667,2
2025-02-04,2025-01-30,2025-02-10,8.289778933843849,17.34264100973441,2550.62164600562,2548.989880245179,2552.137757829856,3.1478775846771896,2.5,0.150742607748231,2
2025-02-04,2025-01-30,2025-02-10,2.8617182170786344,20.21838785583482,2034.9993736114209,2033.9216409320943,2036.561297800392,2.6396568682976067,2.5,0.1070899339277808,2
2025-02-04,2025-01-30,2025-02-10,4.627308342766575,7.6405532358273085,1803.4547228109805,1802.963821101468,1806.0166637394575,3.05284263798967,1.0,0.2406888761614389,2
2025-02-04,2025-01-30,2025-02-10,2.5071319059078583,7.504669985247664,1826.2495401687684,1826.053100600839,1826.763522992376,0.7104223915375769,1.0,0.2342601181746229,2
2025-02-04,2025-01-30,2025-02-10,4.059187499824538,7.378628932827447,1828.4785601615831,1827.932078186888,1829.3455378189683,1.4134596320800483,1.0,0.2025291572171617,2
2025-02-04,2025-01-30,2025-02-10,2.3441181861487776,5.866059117462242,1830.4905371057375,1829.4951081108304,1831.1897234474309,1.694615336600691,1.25,0.103933592767943,2
2025-02-04,2025-01-30,2025-02-10,2.476778616387863,17.944510393269603,2556.2704208996,2555.3617838555947,2556.9489222494885,1.587138393893838,1.0,0.0447516798601715,2
2025-02-04,2025-01-30,2025-02-10,2.4741657633725556,8.143427782793196,3073.72222358128,3054.7017754488625,3101.059849301353,46.358073852490634,1.0,0.0769396709583492,2
2025-02-04,2025-01-30,2025-02-10,2.1580350346857684,5.588626410910804,3244.849895077697,3244.749017504044,3245.2281424850225,0.4791249809786677,0.75,0.0803991942995641,2
2025-02-04,2025-01-30,2025-02-10,3.465892489956506,9.995230076049284,3246.5177484846436,3246.1937507763505,3247.152488438878,0.9587376625277102,1.75,0.0789709381776293,2
2025-02-04,2025-01-30,2025-02-10,4.28390599805899,10.97492888645756,3056.903716395968,3056.6054644184187,3057.501220313832,0.8957558954134583,2.0,0.1099979839387277,2
2025-02-04,2025-01-30,2025-02-10,7.228318415149674,9.999035317425038,3072.1617595336993,3054.451981574297,3101.059849301353,46.607867727056146,1.5,0.1249806300852451,2
2025-02-04,2025-01-30,2025-02-10,2.719090066128513,8.134945861469065,2988.7116384701794,2988.253934049513,2990.3002162198536,2.046282170340419,0.75,0.069269457227078,2
2025-02-04,2025-01-30,2025-02-10,3.7724025445350446,5.023067633098802,3018.3441340644677,3018.1251457412727,3018.848334544804,0.7231888035312295,1.75,0.1237346819618667,2
2025-02-04,2025-01-30,2025-02-10,2.8538900497224184,11.498234052428788,3073.9133454048874,3054.451981574297,3101.059849301353,46.607867727056146,1.0,0.0921192199953291,2
2025-02-04,2025-01-30,2025-02-10,2.2858857848166303,6.452329369201141,4465.626967264273,4464.727750218473,4466.638251743279,1.9105015248060224,1.25,0.1005970652084697,2
2025-02-04,2025-01-30,2025-02-10,4.460028416326455,6.948370420322183,1781.6856248598444,1781.410543245729,1782.204980501905,0.7944372561760247,0.75,0.0390644776519172,2
2025-02-04,2025-01-30,2025-02-10,4.083910762973036,11.404299416173446,3232.4799991490104,3232.1265153503045,3233.0825831070542,0.9560677567496896,1.0,0.1514315436018765,2
2025-02-04,2025-01-30,2025-02-10,4.037262228990719,8.728963031645318,3234.381734652642,3234.041927715298,3234.9980097836815,0.9560820683836936,1.25,0.078274007171003,2
2025-02-04,2025-01-30,2025-02-10,3.1710874196629972,8.640405908715268,3556.9750554623374,3556.741587363649,3557.4460435672663,0.7044562036171556,1.0,0.1199777289625236,2
2025-02-04,2025-01-30,2025-02-10,4.011394685527403,5.2510672961983484,4859.523425806144,4859.206819686573,4860.071775463875,0.8649557773023844,0.75,0.026876091195695,2
2025-02-04,2025-01-30,2025-02-10,3.4171921347583267,6.454588924277537,1785.7989823519997,1785.0759827904403,1787.035164655652,1.959181865211576,1.5,0.1303237132201906,2
2025-02-04,2025-01-30,2025-02-10,4.182680787516479,6.703985397105436,1769.105023544776,1768.8472256199457,1769.67939865496,0.8321730350144207,0.75,0.2113120499100595,2
2025-02-04,2025-01-30,2025-02-10,11.098327592759862,11.361006201567488,1837.2955824010205,1836.9319267459216,1837.8813472827896,0.9494205368682742,1.75,0.2022374729628229,2
2025-02-04,2025-01-30,2025-02-10,2.582366544936504,5.722785955351505,1868.5322686408847,1868.2911593094468,1869.0065452740528,0.7153859646059573,0.75,0.0293976079535618,2
2025-02-10,2025-02-10,2025-02-10,2.649822347273864,9.024345759721534,3078.6045477337307,3054.451981574297,3101.059849301353,46.607867727056146,0.75,0.1582340589717601,2
2025-02-15,2025-02-10,2025-02-20,2.498017080143373,11.65731425291264,3845.3050120775097,3845.0264950776473,3845.735732305795,0.7092372281476855,1.25,0.2136763084875026,2
2025-02-15,2025-02-10,2025-02-20,2.068453891626559,14.616259365661406,3844.9311736578193,3844.307838712819,3845.735732305795,1.4278935929760337,1.25,0.0403306236818018,2
2025-02-15,2025-02-10,2025-02-20,2.2818569147729133,22.601652512819907,3769.050275708338,3768.226029507816,3769.973641386256,1.747611878439784,3.75,0.0448010497518414,2
2025-02-15,2025-02-10,2025-02-20,2.6828117815274743,13.970456063257156,4140.104239161877,4140.026775596198,4140.50222551357,0.4754499173723161,1.25,0.0251756883960621,2
2025-02-15,2025-02-10,2025-02-20,3.867616700083483,16.106623924200065,4139.255902682189,4139.08161454834,4139.793624829501,0.7120102811604738,1.25,0.0829890614280381,2
2025-02-15,2025-02-10,2025-02-20,7.7076655612671745,19.929732783555956,4138.00927191677,4137.365955000278,4138.805759262294,1.4398042620159686,2.0,0.0573855059770989,2
2025-02-15,2025-02-10,2025-02-20,9.637745146097242,7.550572486563045,1826.0064324907723,1825.4797322293743,1826.8923411094584,1.412608880084008,1.0,0.3406986571585246,2
2025-02-15,2025-02-10,2025-02-20,6.344313496845495,7.648010903309634,1825.931998899698,1825.128297090996,1827.0948261697777,1.9665290787816048,1.0,0.0824990361524247,2
2025-02-15,2025-02-10,2025-02-20,5.228320675300621,8.603442814555184,3792.861663854863,3792.4256234923378,3793.388707844541,0.9630843522027136,1.0,0.0254800114708186,2
2025-02-15,2025-02-10,2025-02-20,2.0399023658235653,8.283566089417603,3558.6707553146257,3557.443428328261,3560.244705264457,2.8012769361957908,2.75,0.0473330534735022,2
2025-02-15,2025-02-10,2025-02-20,3.175001622785814,6.237987019094214,1769.3075800078643,1769.143867566716,1769.67939865496,0.53553108824417,0.75,0.1903969005793726,2
2025-02-15,2025-02-10,2025-02-20,3.229274312560912,6.9992495577610745,1778.0746298218414,1777.739888503682,1778.568121004384,0.8282325007021427,0.75,0.1385057947287182,2
2025-02-15,2025-02-10,2025-02-20,5.40797447639769,8.472664939333706,1792.5176682013623,1792.1794608007183,1792.9979015667925,0.8184407660737634,0.75,0.3967977480046381,2
2025-02-15,2025-02-10,2025-02-20,4.330506156934052,7.72646504016514,1826.5359664227285,1826.1493307421915,1827.0948261697777,0.9454954275861382,0.75,0.0377926040168918,2
2025-02-15,2025-02-10,2025-02-20,2.162091974236165,7.238577135376972,3007.948382819031,3007.6752081923187,3008.3885379969142,0.7133298045955598,0.75,0.0961957868884977,2
2025-02-15,2025-02-10,2025-02-20,2.29911834748853,7.621656993130334,1826.8769995499983,1826.76040034974,1827.2314715497196,0.4710711999796331,0.5,0.0273561296495419,2
2025-02-15,2025-02-10,2025-02-20,3.1408732832293027,7.774342642549853,1827.4726772117908,1827.2283491869457,1827.9387726751156,0.7104234881699085,0.75,0.0603540642740507,2
2025-02-15,2025-02-10,2025-02-20,2.778929297412131,11.875398289898524,1830.4138378816724,1830.0625321404077,1830.9718441576697,0.909312017261982,1.0,0.2193290881092369,2
2025-02-15,2025-02-10,2025-02-20,2.5459156030082144,5.297700765602162,2545.943251158792,2545.3567118835635,2546.7944982554764,1.4377863719128072,0.75,0.0214183509459078,2
2025-02-15,2025-02-10,2025-02-20,6.864255719079449,8.724192425322867,2968.084323781437,2967.7951160906814,2968.735930399969,0.9408143092878164,1.25,0.2696456258264623,2
2025-02-15,2025-02-10,2025-02-20,5.43084037431702,8.69942236085635,2969.0426038001806,2968.730362462811,2969.66920997994,0.9388475171290338,1.25,0.2947529691915118,2
2025-02-15,2025-02-10,2025-02-20,2.641429266165151,5.3603055813465,3018.157090718727,3018.1251457412727,3018.604601596482,0.4794558552093804,1.25,0.2458139187307662,2
2025-02-22,2025-02-20,2025-02-25,2.277635022079014,6.989437308486812,3077.636470728554,3054.451981574297,3101.059849301353,46.607867727056146,1.0,0.3582421443972716,2
2025-02-22,2025-02-20,2025-02-25,4.810394925085744,8.64311459832335,3072.2875025228263,3054.451981574297,3101.059849301353,46.607867727056146,2.25,0.1946937791457292,2
2025-02-22,2025-02-20,2025-02-25,2.1087151197806,9.705768120777236,3181.851069918833,3181.8510699188337,3182.089959337376,0.2388894185423851,2.0,0.0955458585532686,2
2025-02-22,2025-02-20,2025-02-25,3.9568221298096793,16.271007007179488,1845.2688528871413,1844.5503463223577,1846.2156219678,1.665275645442307,0.75,0.1087471376272364,2
2025-02-22,2025-02-20,2025-02-25,2.36917081808309,6.094848533072394,1840.8411529950524,1833.0227333004584,1850.8591172024608,17.836383902002126,1.25,0.0834260752084647,2
2025-02-22,2025-02-20,2025-02-25,2.6652169786282816,7.683217076558722,1831.123609169934,1830.968764060177,1831.4434626838192,0.4746986236423254,1.0,0.1594604143426869,2
2025-02-22,2025-02-20,2025-02-25,3.169331582436711,7.156261588957212,1807.8551770332283,1807.7797726597637,1808.296540129464,0.5167674697004259,1.0,0.1010919032386825,2
2025-02-22,2025-02-20,2025-02-25,7.473419555797708,7.345022877100563,1798.957954723729,1798.5713945296593,1799.652344724629,1.0809501949697733,1.25,0.254531127290627,2
2025-02-22,2025-02-20,2025-02-25,4.047165389836393,17.432024807596218,2550.5982669184764,2549.7153984676115,2551.8938426449895,2.178444177377969,1.5,0.1301602931475987,2
2025-02-22,2025-02-20,2025-02-25,4.7180528772940855,18.695296746396004,5012.676664587241,5012.601485132705,5013.074082448613,0.4725973159074783,1.75,0.2657450448518439,2
2025-02-22,2025-02-20,2025-02-25,3.1953269317389466,13.01890607877722,4668.668773415339,4660.887128171977,4714.90134286508,54.014214693102986,1.25,0.1136284241433527,2
2025-02-22,2025-02-20,2025-02-25,3.099368635651749,11.497134140031974,3233.3658027339984,3233.0818302044645,3233.798829620704,0.7169994162395597,0.75,0.1960265989135168,2
2025-02-22,2025-02-20,2025-02-25,2.0053046682819726,15.811359416769514,4125.810375461068,4125.562056607101,4126.274002192542,0.7119455854408443,0.75,0.106989115262277,2
2025-02-22,2025-02-20,2025-02-25,3.115863412500909,20.27375882795376,4132.737837012058,4131.856486859266,4133.750986384228,1.894499524962157,1.25,0.0387489182902578,2
2025-02-22,2025-02-20,2025-02-25,2.135152772841268,7.2891060219993005,4245.992977053838,4244.791000937577,4247.290183099918,2.4991821623407304,2.75,0.0558689756772401,2
2025-02-22,2025-02-20,2025-02-25,21.81619810587848,15.27733902424315,4193.797043245493,4193.6159935579635,4194.327692460734,0.7116989027708769,4.0,0.0504513090849245,2
2025-02-22,2025-02-20,2025-02-25,13.176338255575208,13.950413531334869,4191.931399278991,4191.761761175003,4192.47345996974,0.7116987947374582,2.75,0.0394542716174328,2
2025-02-22,2025-02-20,2025-02-25,2.446425326867867,16.707435202379887,4125.8905151140025,4125.798584650271,4126.274002192542,0.475417542271316,1.0,0.1518630825179734,2
2025-03-02,2025-02-25,2025-03-07,2.151390206064303,11.868525151487106,3845.2975919552737,3844.78694283776,3845.9752871771343,1.1883443393744528,1.5,0.1955654430460396,3
2025-03-02,2025-02-25,2025-03-07,17.39528860822895,16.95118692614168,3867.5844485720304,3857.091605424881,3887.356937014032,30.265331589151177,2.5,0.1615613525923054,3
2025-03-02,2025-02-25,2025-03-07,14.431448927231786,6.487700416561949,1796.7316644007813,1795.8671866790392,1797.811030703131,1.943844024091959,1.25,0.591679594791632,3
2025-03-02,2025-02-25,2025-03-07,2.103842970089428,10.64258137068492,1807.1104826965675,1806.943461013958,1807.4611208029091,0.5176597889512777,1.0,0.2085709013873837,3
2025-03-02,2025-02-25,2025-03-07,2.294872088073939,9.800904629404084,1807.5213942781131,1807.2222313843668,1808.018662078306,0.7964306939393282,1.0,0.205161050514866,3
2025-03-02,2025-02-25,2025-03-07,4.300675796351247,8.844055815462813,1832.9153811777871,1832.4831458851695,1833.429402159527,0.946256274357438,1.25,0.2313718531415332,3
2025-03-02,2025-02-25,2025-03-07,2.8287206605847923,11.036344082025956,1830.040691945752,1829.731715867296,1830.4438210478984,0.7121051806025207,0.75,0.2688448859813563,3
2025-03-02,2025-02-25,2025-03-07,3.259819908062834,9.00982574032788,1830.170058087713,1829.4951081108304,1831.1897234474309,1.694615336600691,0.75,0.1364019802174754,3
2025-03-02,2025-02-25,2025-03-07,2.924742262367904,6.148694711624854,1777.2194766731282,1777.0865184473805,1777.6207780283876,0.5342595810070634,1.0,0.2240439928576232,3
2025-03-02,2025-02-25,2025-03-07,2.3857050116863103,7.484216741850369,3662.222353693491,3661.7891559675336,3662.744725150056,0.9555691825225948,1.25,0.0785058096517699,3
2025-03-02,2025-02-25,2025-03-07,2.042697431742866,7.33720360620912,2541.861397790467,2541.4586655860767,2542.4070356604643,0.9483700743876398,0.75,0.2250417281461647,3
2025-03-02,2025-02-25,2025-03-07,2.7125559030301867,10.790035940557612,2542.0546258300533,2541.9231423437595,2542.4070356604643,0.4838933167047798,0.75,0.1294193710009294,3
2025-03-02,2025-02-25,2025-03-07,3.5200157544003057,12.127155704372138,2543.715474071697,2542.654250729829,2545.105962735135,2.4517120053060353,2.0,0.0784350066273764,3
2025-03-02,2025-02-25,2025-03-07,33.42644959753891,17.73836714773312,3867.557181801917,3859.403293087147,3887.356937014032,27.95364392688498,3.75,0.4009293127221847,3
2025-03-02,2025-02-25,2025-03-07,2.2963042301381007,14.486850663959055,2546.8287155173552,2546.2985664359294,2547.5287899216637,1.2302234857343135,0.75,0.0815084772790253,3
2025-03-02,2025-02-25,2025-03-07,2.9804076774531043,10.78054701199634,1806.9560376362497,1806.6573928846049,1807.4611208029091,0.803727918304503,0.75,0.262715657893211,3
2025-03-02,2025-02-25,2025-03-07,6.243570245704894,6.677634605269187,1796.938756233802,1796.4457959891297,1797.5217665340751,1.0759705449454486,1.25,0.3001296988918955,3
2025-03-02,2025-02-25,2025-03-07,3.726661193119641,7.011135097132569,1796.0438598903083,1795.8671866790392,1796.684685407672,0.8174987286329269,0.75,0.415003373451599,3
2025-03-02,2025-02-25,2025-03-07,2.225256964282375,10.533759986638763,3557.170270415328,3556.5088039617985,3558.1478848992847,1.639080937486142,2.75,0.0482841064663225,3
2025-03-02,2025-02-25,2025-03-07,6.856613049356733,17.103123449859613,4656.867437134138,4656.501611378975,4657.51109229587,1.0094809168949723,1.0,0.0403020710896118,3
2025-03-02,2025-02-25,2025-03-07,2.882551046601459,7.292308027470512,4271.1273260854605,4270.477695569862,4272.13587148115,1.6581759112887084,2.5,0.0505277934379722,3
2025-03-08,2025-03-07,2025-03-10,2.7119847184304517,10.24188861471456,3058.841486306133,3058.666083530057,3059.1427872213535,0.4767036912962794,2.0,0.1468604376957927,3
2025-03-08,2025-03-07,2025-03-10,2.782415530141629,11.36929695907934,3056.749780975382,3056.6054644184187,3057.0941989766434,0.488734558224678,1.0,0.1273679841891972,3
2025-03-08,2025-03-07,2025-03-10,4.605363841334563,9.123271595887887,3071.505790902547,3054.451981574297,3101.059849301353,46.607867727056146,3.25,0.1551098835297915,3
2025-03-08,2025-03-07,2025-03-10,2.6775484504134393,6.572704322035846,3076.3367425282854,3054.451981574297,3101.059849301353,46.607867727056146,1.5,0.125995466315425,3
2025-03-08,2025-03-07,2025-03-10,3.2507104573102663,12.819602903746036,4193.611683892733,4193.3795886780135,4194.091287768446,0.7116990904323757,1.0,0.1641782095916166,3
2025-03-08,2025-03-07,2025-03-10,2.3593943283515983,10.884726896260194,3795.847405735781,3795.5488702715375,3796.270922544878,0.7220522733405232,1.25,0.0268137425294179,3
2025-03-08,2025-03-07,2025-03-10,4.863010976465605,20.26131255881036,4137.890752501434,4137.365955000278,4138.569200364873,1.2032453645952046,1.25,0.031559058048915,3
2025-03-08,2025-03-07,2025-03-10,3.8182764795777393,15.018275429940878,4190.949047477994,4190.769569366239,4191.481275539845,0.7117061736062169,1.0,0.0187754331652198,3
2025-03-08,2025-03-07,2025-03-10,4.1930444077163935,7.281877377189463,1803.923567458398,1803.6031327638775,1804.410749855917,0.8076170920394361,0.75,0.0827738971240443,3
2025-03-08,2025-03-07,2025-03-10,9.62710560861891,8.444326528500502,1791.6494230239027,1791.0458727418445,1792.418350219261,1.372477477416396,1.0,0.7426402146276434,3
2025-03-08,2025-03-07,2025-03-10,4.320413079000637,8.680696000256559,1831.8217295197617,1831.608044696506,1832.3200887688436,0.7120440723374486,0.75,0.1588532953172294,3
2025-03-08,2025-03-07,2025-03-10,2.5233704141332765,20.41227510662887,1880.6407582855877,1879.7610460827127,1881.9014831809327,2.1404370982199907,0.5,0.1959382606604576,3
2025-03-08,2025-03-07,2025-03-10,5.870503210226261,9.131309807523312,1843.5023594219049,1833.7279909057545,1850.323876321316,16.595885415561497,1.25,0.3116177441204071,3
2025-03-08,2025-03-07,2025-03-10,4.283597233485524,9.364697569989008,1832.9180937744404,1832.549462404102,1833.493415250443,0.9439528463408352,1.0,0.3335178564293528,3
2025-03-08,2025-03-07,2025-03-10,8.090838813597243,8.978858208510683,1832.0280502636135,1831.608044696506,1832.5517162117176,0.943671515211463,1.75,0.3130304442234077,3
2025-03-08,2025-03-07,2025-03-10,2.337153126261756,7.381459020934418,1777.109825612563,1776.7911481126212,1777.916148077231,1.1249999646097422,1.0,0.0551731624257501,3
2025-03-08,2025-03-07,2025-03-10,2.414679909261316,8.815837166128807,1791.1852504914398,1791.0458727418445,1791.5745990844443,0.528726342599839,0.75,0.405753572367975,3
2025-03-08,2025-03-07,2025-03-10,4.2977562093225306,8.263046697943244,1791.6282889355753,1791.335709665902,1792.154273434542,0.8185637686401606,0.75,0.5219944964014456,3
2025-03-08,2025-03-07,2025-03-10,6.11708009025734,9.677359744125718,5651.883934158815,5651.649438031483,5652.330075150821,0.6806371193379164,1.0,0.0232828110097549,3
2025-03-08,2025-03-07,2025-03-10,2.793367415534705,7.992626018332115,1804.193023790525,1802.963821101468,1806.0166637394575,3.05284263798967,1.25,0.254031768403653,3
2025-03-08,2025-03-07,2025-03-10,4.171233206579927,9.815408859060405,5652.481529015402,5652.091185732279,5653.073204481043,0.9820187487639488,0.75,0.1204130554310567,3
2025-03-08,2025-03-07,2025-03-10,2.9548321763039564,13.984755281079876,4140.120532850375,4139.790215106681,4140.50222551357,0.7120104068890214,1.25,0.0420236062248058,3
2025-03-14,2025-03-10,2025-03-18,3.3773027379842477,9.19846247731656,3555.528886617229,3555.342481089756,3555.814416505862,0.4719354161061346,1.0,0.1529798694077122,3
2025-03-14,2025-03-10,2025-03-18,3.101459993066378,5.10982696603752,1823.6792461382688,1823.1209750049748,1824.5429392657245,1.4219642607495189,1.0,0.0707777431928746,3
2025-03-14,2025-03-10,2025-03-18,4.787403669944032,5.935215160739013,1819.8717543684108,1819.4239373640155,1820.37732174946,0.953384385444224,1.5,0.0869185331691713,3
2025-03-14,2025-03-10,2025-03-18,3.92182727860976,5.736127570252998,1826.3031213723705,1825.971649656538,1826.7309445305727,0.759294874034822,1.25,0.0421974100290295,3
2025-03-14,2025-03-10,2025-03-18,2.5988107966736425,6.20787014785174,1824.4992296361509,1823.0503781135192,1826.4896708405577,3.4392927270382643,1.0,0.069160073851836,3
2025-03-14,2025-03-10,2025-03-18,3.6575743135548286,6.159049318787925,1786.315112711272,1785.3693436132744,1787.3282183930278,1.958874779753387,1.25,0.0773046642868136,3
2025-03-14,2025-03-10,2025-03-18,2.334762440405693,11.9631642485818,1837.3790322002417,1837.1687704757787,1837.8813472827896,0.7125768070109189,0.75,0.1089292676393061,3
2025-03-14,2025-03-10,2025-03-18,2.099689877548069,9.625855151330356,1850.6202277839184,1850.6202277839184,1850.8591172024608,0.2388894185423851,1.0,0.00974969837972,3
2025-03-14,2025-03-10,2025-03-18,4.365502262303419,9.612364839851692,1850.2236187636088,1850.0849869027736,1850.591496767476,0.5065098647028208,1.0,0.0405222830903673,3
2025-03-14,2025-03-10,2025-03-18,7.269046074893419,12.351278887496829,1829.188157684616,1828.87088014232,1829.8170737405308,0.9461935982108116,1.25,0.2018791220900406,3
2025-03-14,2025-03-10,2025-03-18,5.362985865540113,5.164508741302234,1826.9500265301945,1825.947889003903,1828.753929198254,2.806040194351226,1.0,0.1477294816350194,3
2025-03-14,2025-03-10,2025-03-18,2.2712495079213757,9.576816835278544,1829.619461858519,1829.4951081108304,1829.9706052858385,0.4754971750080585,1.25,0.2385598872415228,3
2025-03-14,2025-03-10,2025-03-18,11.865320890520698,8.34038594244763,1799.2849380665466,1798.8563960269094,1799.9371466557495,1.0807506288401785,1.25,0.042898167745119,3
2025-03-14,2025-03-10,2025-03-18,2.798138515001833,7.598211815954634,1826.7071401267333,1825.2445447570644,1830.4454712537115,5.200926496647298,1.5,0.1543970690090956,3
2025-03-14,2025-03-10,2025-03-18,4.912851670303195,9.661154449856992,1850.161745087722,1849.8173664677888,1850.591496767476,0.7741302996873856,1.0,0.0627488368547668,3
2025-03-14,2025-03-10,2025-03-18,2.798452774031926,8.008538402751649,3078.5616087018607,3054.451981574297,3101.059849301353,46.607867727056146,1.25,0.1177312333641145,3
2025-03-14,2025-03-10,2025-03-18,3.688855748188216,9.75031181825173,1837.4405982227615,1835.123837464489,1850.8591172024608,15.735279737971725,0.75,0.0133737364104198,3
2025-03-21,2025-03-18,2025-03-25,2.405341721890494,19.610864944854672,3554.844340775645,3554.1469652741216,3555.814416505862,1.667451231740415,1.0,0.086451133535742,3
2025-03-21,2025-03-18,2025-03-25,5.750310777075029,10.520186181388697,5651.036277915436,5650.653086012695,5651.640623756219,0.9875377435237168,0.75,0.3255864368497185,3
2025-03-21,2025-03-18,2025-03-25,2.56409508775929,9.149993047401813,3648.983324980905,3648.799719324335,3649.745732032228,0.9460127078928052,1.0,0.107729346821378,3
2025-03-21,2025-03-18,2025-03-25,3.503831712962314,12.002101206299512,3234.205528836206,3233.798995350953,3234.758945566602,0.9599502156488596,0.75,0.1797962105398354,3
2025-03-21,2025-03-18,2025-03-25,2.2587406607429497,11.721678332679812,3233.471793901556,3233.3208851534873,3234.0378847694956,0.7169996160082519,0.75,0.1283984689912842,3
2025-03-21,2025-03-18,2025-03-25,3.479862145929318,9.549290314143448,1832.9921350171264,1832.718934827484,1833.429402159527,0.7104673320427537,0.75,0.2049814692692853,3
2025-03-21,2025-03-18,2025-03-25,2.1036214001537297,6.962956958949107,1777.4743428854017,1777.3818886098452,1777.916148077231,0.5342594673857093,0.75,0.2656230173165896,3
2025-03-21,2025-03-18,2025-03-25,3.5765741381320173,6.981273134314152,1778.013243177324,1777.739888503682,1778.568121004384,0.8282325007021427,0.75,0.3369312385537659,3
2025-03-21,2025-03-18,2025-03-25,4.79906105551242,8.166303006664341,1774.70591474475,1773.3854093612172,1776.154573699925,2.769164338707924,1.0,0.1662112139590066,3
2025-03-21,2025-03-18,2025-03-25,2.449889223436732,20.239654584409905,1868.4757996298392,1868.2911593094468,1868.7682970399037,0.4771377304568887,0.75,0.1210333027397703,3
2025-03-21,2025-03-18,2025-03-25,3.294334054030292,19.873378242020333,1868.707365608722,1868.529407621361,1869.0065452740528,0.4771376526914537,1.0,0.0669873216145799,3
2025-03-21,2025-03-18,2025-03-25,3.2578837093255486,11.517156674486332,1829.9663934499113,1829.5781843219884,1830.7728785146028,1.1946941926144063,1.0,0.3279374247547162,3
2025-03-21,2025-03-18,2025-03-25,3.045132376512978,7.346448733676355,1824.0722138363749,1823.8265384738336,1824.5429392657245,0.7164007918909192,1.0,0.153631655921862,3
2025-03-21,2025-03-18,2025-03-25,2.4574572402161543,6.918021409530421,1822.838987699432,1822.1919853542931,1824.2677006213928,2.07571526709944,0.75,0.2047888736517999,3
2025-03-21,2025-03-18,2025-03-25,3.0692805133863352,8.7591730328692,1790.6687539391287,1790.4920171285048,1791.284762160387,0.7927450318820775,0.75,0.3642995229004819,3
2025-03-21,2025-03-18,2025-03-25,2.5285101199732156,6.9515442483362975,1792.009903501546,1791.335709665902,1792.708125970792,1.3724163048900664,0.75,0.116907711248716,3
2025-03-21,2025-03-18,2025-03-25,3.080662399732787,6.247948357862376,1778.325695987422,1778.2629735940136,1778.7960257418454,0.5330521478317678,0.75,0.2998081556245546,3
2025-03-21,2025-03-18,2025-03-25,2.9984121757050977,6.660371418794539,1777.896017744775,1777.739888503682,1778.2734496099874,0.5335611063055694,1.0,0.2858552111395829,3
2025-03-21,2025-03-18,2025-03-25,2.399565972973686,6.2001837292355715,1777.594383304259,1777.4452169905417,1777.9787779222245,0.5335609316825867,0.75,0.1741340189926865,3
2025-03-21,2025-03-18,2025-03-25,2.5083110043554284,8.136120108764068,1777.4609264442313,1777.3818886098452,1777.916148077231,0.5342594673857093,1.75,0.206598882309783,3
2025-03-21,2025-03-18,2025-03-25,3.7911866584044502,10.893099964376292,3056.724073868916,3056.6054644184187,3057.344044388272,0.7385799698531628,1.75,0.0879304005847536,3
2025-03-21,2025-03-18,2025-03-25,4.273072362928092,10.051601309089609,3027.064396788575,3026.95042267628,3027.432088308502,0.4816656322218478,1.25,0.0754981868807258,3
2025-03-21,2025-03-18,2025-03-25,2.440951773065515,11.853588709144674,1830.997826241439,1830.7329547391273,1831.4434626838192,0.7105079446919262,0.75,0.3528895923812358,3
2025-03-28,2025-03-25,2025-04-01,2.2233503878329883,8.518957919163771,1770.4069197026197,1769.9769642585889,1771.1046017054468,1.1276374468579888,0.75,0.085589671820847,3
2025-03-28,2025-03-25,2025-04-01,5.082983339177165,7.600588965627281,1775.005644418134,1773.3854093612172,1776.74555267673,3.360143315512687,2.0,0.0505021598241633,3
2025-03-28,2025-03-25,2025-04-01,6.619548148748464,12.497483054203997,1832.5548635243997,1832.3128267931752,1833.0249871360136,0.7121603428386152,0.75,0.1653713170868354,3
2025-03-28,2025-03-25,2025-04-01,2.140585954331886,13.943754361119224,4140.109476126329,4140.026775596198,4140.50222551357,0.4754499173723161,0.75,0.0790788264663833,3
2025-03-28,2025-03-25,2025-04-01,3.5030678640465247,6.517094830544726,1786.054074476793,1785.0759827904403,1787.035164655652,1.959181865211576,1.25,0.0954152520693574,3
2025-03-28,2025-03-25,2025-04-01,2.947920508201979,9.225010494238097,1836.520149084828,1836.3191116219384,1837.0316508379765,0.7125392160378397,0.75,0.2653905242482546,3
2025-03-28,2025-03-25,2025-04-01,8.936240993535613,18.957919213926377,3881.187594888687,3868.117961399257,3887.082924957853,18.964963558595628,0.75,0.0906624504382314,3
2025-03-28,2025-03-25,2025-04-01,2.055038936883602,17.055347689695388,3866.166444828786,3864.3298741029575,3868.1187688694336,3.7888947664760058,1.25,0.0413596596738874,3
2025-03-28,2025-03-25,2025-04-01,2.2676374999130147,21.42564886016888,3839.929942371966,3839.799565263093,3840.517007218674,0.7174419555813074,0.75,0.2312447565511388,3
2025-03-28,2025-03-25,2025-04-01,4.366892598719336,10.786669053157896,3795.479489783512,3795.071005233098,3796.270922544878,1.1999173117801547,1.25,0.0283338806153612,3
2025-03-28,2025-03-25,2025-04-01,2.890302172120195,19.766983447892525,4993.89965058395,4993.796500897966,4994.273570114747,0.4770692167803645,1.0,0.3343207890679744,3
2025-03-28,2025-03-25,2025-04-01,2.5658067304431458,12.69348276684764,4803.759822849096,4803.651578262914,4804.229087186512,0.5775089235976338,1.0,0.0798153701454806,3
2025-03-28,2025-03-25,2025-04-01,2.741092020465685,6.403235750296428,4578.785699554226,4578.203246679623,4579.350002782885,1.1467561032623053,0.5,0.1145130739377298,3
2025-03-28,2025-03-25,2025-04-01,2.9860875122683685,7.1549881334799075,1768.3710978801305,1767.709321421571,1769.3827569852583,1.6734355636872351,1.75,0.2207283609116839,3
2025-03-28,2025-03-25,2025-04-01,4.357245049551501,8.648859123203978,1771.1676165593296,1769.9769642585889,1772.7871022406034,2.8101379820145667,0.75,0.0286634937900073,3
2025-03-28,2025-03-25,2025-04-01,2.399279902894981,8.105933765454687,1773.756476201025,1773.1403222610245,1774.512178848032,1.3718565870076418,1.0,0.0286004616556215,3
2025-03-28,2025-03-25,2025-04-01,2.5847094529088586,7.706721726777754,1775.1405515836632,1774.518449684605,1775.859084003605,1.340634318999946,1.5,0.05232773162054,3
2025-03-28,2025-03-25,2025-04-01,6.097933700584714,8.182355495647554,1800.1840381021486,1799.983059010934,1800.7790264603682,0.7959674494341016,1.0,0.0852313850232,3
2025-03-28,2025-03-25,2025-04-01,3.598234241711255,6.965352625263965,1825.4971981632011,1825.2445447570644,1825.9538090061396,0.7092642490752041,0.75,0.3633164109816844,3
2025-03-28,2025-03-25,2025-04-01,6.047544158308021,7.446012323799356,1825.0639705045048,1824.5392372123897,1825.7186216479167,1.1793844355270269,1.25,0.1436753054418726,3
2025-03-28,2025-03-25,2025-04-01,5.770401377174444,7.294004215049276,1823.9295465868936,1823.591350749135,1824.5429392657245,0.951588516589254,1.25,0.3053650076494385,3
2025-03-28,2025-03-25,2025-04-01,4.484917647898485,7.324877364850592,1826.8389755098597,1826.4182642288504,1827.61308167316,1.1948174443095922,0.75,0.3997369171729126,3
2025-03-28,2025-03-25,2025-04-01,4.276210772664193,7.319646890128434,1828.7043932193117,1828.2798152384348,1829.2391809662804,0.9593657278455794,0.75,0.4054666866293166,3
2025-03-28,2025-03-25,2025-04-01,3.750972969244701,9.22378263676653,1826.344977192672,1826.1830765665509,1826.8923411094584,0.7092645429074764,0.75,0.1476674426652291,3
2025-03-28,2025-03-25,2025-04-01,5.000990518497955,8.289284360989297,1829.8551086928364,1829.5781843219884,1830.5371500421315,0.9589657201431692,1.0,0.2762367644447883,3
2025-03-28,2025-03-25,2025-04-01,2.069421990995202,17.47578808630473,2550.3759397729964,2549.9593965602107,2550.9241496534087,0.9647530931979418,0.75,0.0552296161795889,3
2025-03-28,2025-03-25,2025-04-01,2.1217847598690542,20.397319483397073,1880.822273902834,1879.998764186632,1881.9014831809327,1.9027189943008125,0.5,0.0683061587639755,3
2025-03-28,2025-03-25,2025-04-01,4.000964176290296,9.505847648566098,1831.1887102982607,1830.242028045468,1833.429402159527,3.187374114058912,1.25,0.0817998838744449,3
2025-03-28,2025-03-25,2025-04-01,7.116029638410918,11.843232640262602,1830.412046766343,1830.0625321404077,1830.9718441576697,0.909312017261982,1.5,0.1170384957191139,3
2025-03-28,2025-03-25,2025-04-01,6.044346623440832,9.515439304659814,1831.8904778479564,1831.3714672545905,1832.5517162117176,1.180248957127333,1.25,0.2381674199189776,3
2025-03-28,2025-03-25,2025-04-01,3.041509021257237,9.575322252347847,1837.1641043851876,1833.491258372087,1850.0562558863312,16.56499751424417,1.0,0.194561784367222,3
2025-03-28,2025-03-25,2025-04-01,5.304799689310453,11.268375646877754,1836.2322947068087,1835.4856181913055,1836.7183149610648,1.232696769759059,1.75,0.2254662615141467,3
2025-03-28,2025-03-25,2025-04-01,5.680686456040851,11.18751849014059,1837.2960576028388,1836.9319267459216,1837.8813472827896,0.9494205368682742,1.25,0.1405738837923587,3
2025-03-28,2025-03-25,2025-04-01,4.496984012151416,6.717139938460655,3291.9381000787325,3291.627525941003,3292.354911042843,0.7273851018399,1.75,0.1590950863996276,3
2025-03-28,2025-03-25,2025-04-01,5.836896246825717,14.552579039649103,3553.84078509737,3553.681414702907,3554.385854692664,0.7044399897567928,1.25,0.2413493056993809,3
2025-03-28,2025-03-25,2025-04-01,2.00287456567185,9.413065955440098,2987.1244105399046,2987.1037625628524,2987.5746534545906,0.4708908917382359,1.25,0.2384669498176483,3
2025-03-28,2025-03-25,2025-04-01,4.588055227958784,7.573537828735842,3079.076718070068,3054.451981574297,3101.059849301353,46.607867727056146,1.5,0.2201517416505805,3
2025-03-28,2025-03-25,2025-04-01,2.853488715499267,8.692451156611114,3057.2568821071563,3057.0122790713795,3057.501220313832,0.4889412424527108,2.25,0.1561238369469975,3
2025-03-28,2025-03-25,2025-04-01,2.109616330112051,10.04579315378076,3062.1097750164245,3061.8700304534286,3062.359294449445,0.4892639960162341,1.25,0.1094763553825428,3
2025-03-28,2025-03-25,2025-04-01,6.9954669266609475,10.159808274583948,3077.900583115634,3059.4041349343024,3106.2635342283174,46.85939929401502,2.25,0.267418544994018,3
2025-04-04,2025-04-01,2025-04-08,2.572652703955024,8.489071109606826,1830.7163460402455,1830.4782967111096,1831.1897234474309,0.7114267363213003,0.75,0.1010944021689552,4
2025-04-04,2025-04-01,2025-04-08,7.856125182090979,6.769713023302524,1807.3731513126504,1806.943461013958,1808.296540129464,1.3530791155062616,1.5,0.3508058689846072,4
2025-04-04,2025-04-01,2025-04-08,4.133313094727602,6.841394722723885,1808.739071938901,1808.3363287276588,1809.4093439066785,1.0730151790194211,1.5,0.3116183706328401,4
2025-04-04,2025-04-01,2025-04-08,5.0251285025710235,7.631717820576055,1829.4774860153263,1829.2354793343693,1829.975074824877,0.7395954905077815,1.25,0.0249493109434087,4
2025-04-04,2025-04-01,2025-04-08,4.26748414220484,7.855717812190233,1827.467523651801,1826.9925821311772,1828.406735203229,1.414153072051704,0.75,0.0746341194436661,4
2025-04-04,2025-04-01,2025-04-08,7.538046907419525,9.518058234558604,1830.5463697668492,1829.4951081108304,1831.1897234474309,1.694615336600691,1.25,0.1454584594987484,4
2025-04-04,2025-04-01,2025-04-08,2.063290595456539,19.98406082022876,1882.7493562017755,1882.6115206768736,1883.0881287460215,0.4766080691479146,1.0,0.1236591872136849,4
2025-04-04,2025-04-01,2025-04-08,2.242259978369483,20.5930334040179,2034.4529806845787,2033.447765017394,2035.5903517990373,2.142586781643331,2.25,0.1075539731763419,4
2025-04-04,2025-04-01,2025-04-08,5.138804032384419,7.44312013262843,1777.9264313867511,1777.739888503682,1778.568121004384,0.8282325007021427,1.25,0.3671971998589862,4
2025-04-04,2025-04-01,2025-04-08,9.747535139518044,7.999741153005211,1779.082201192403,1778.557136323303,1779.633286725264,1.0761504019610584,3.5,0.11948530442907,4
2025-04-04,2025-04-01,2025-04-08,6.879615114244631,5.692456809554027,1769.737195332782,1767.0899181836285,1773.6242987797596,6.534380596131086,0.75,0.1279299516027188,4
2025-04-04,2025-04-01,2025-04-08,3.563426858982537,7.596826027313461,1776.1509745850803,1775.9156842813827,1776.74555267673,0.8298683953471482,1.0,0.0271555157408326,4
2025-04-04,2025-04-01,2025-04-08,2.46464960338492,7.125155506166211,1777.5199262959904,1777.3818886098452,1777.916148077231,0.5342594673857093,0.5,0.2373205602154482,4
2025-04-04,2025-04-01,2025-04-08,3.374101022552233,6.999320444027901,1777.5470563333242,1777.4452169905417,1777.916148077231,0.4709310866892338,1.25,0.4560132825597396,4
2025-04-04,2025-04-01,2025-04-08,5.701993003280647,21.202451410850717,5210.071755516414,5209.9643087675795,5210.458061187994,0.4937524204142391,1.5,0.4251240268171541,4
2025-04-04,2025-04-01,2025-04-08,2.234587148857676,21.514465301983677,5215.043392273606,5214.97696220642,5215.470696124714,0.4937339182943105,1.0,0.1442371731829617,4
2025-04-04,2025-04-01,2025-04-08,3.384257406181563,22.671461812276775,5421.2464821260555,5421.087684654631,5421.580276591238,0.4925919366069138,1.0,0.4091088027474665,4
2025-04-04,2025-04-01,2025-04-08,3.8958140126011336,21.974641890210783,5429.138411421421,5429.042593866587,5429.526481580455,0.483887713868171,1.25,0.2200406923218234,4
2025-04-04,2025-04-01,2025-04-08,3.619871053572185,5.8870405463239255,5416.76689698525,5409.131866719108,5425.665491064545,16.533624345436692,0.5,0.0505642664288186,4
2025-04-04,2025-04-01,2025-04-08,2.6656183128514326,11.819160480544774,5202.93250989238,5192.23632156197,5221.20754769817,28.97122613620013,1.25,0.0291290690619483,4
2025-04-04,2025-04-01,2025-04-08,2.3972815929088744,8.72691947322949,1830.7110242927029,1830.4782967111096,1831.1897234474309,0.7114267363213003,0.75,0.1500380090837594,4
2025-04-04,2025-04-01,2025-04-08,2.3993345488494726,5.293507729904918,1879.6796437459705,1879.285609549377,1880.2376536051745,0.9520440557971596,1.25,0.0884335399047042,4
2025-04-04,2025-04-01,2025-04-08,5.921653615301008,7.735915082793721,1829.0971870761164,1828.87088014232,1829.5813057892956,0.7104256469756365,0.75,0.2714899360401546,4
2025-04-04,2025-04-01,2025-04-08,5.280206262560933,8.607129377319241,3792.9705537347577,3792.667021744885,3793.388707844541,0.7216860996559262,1.0,0.1292233295650624,4
2025-04-04,2025-04-01,2025-04-08,9.547796710557025,6.996977977006653,1822.4740327067063,1821.8237617444247,1823.4846542146988,1.6608924702741206,0.75,0.0453187163288332,4
2025-04-04,2025-04-01,2025-04-08,5.679733884484413,6.824361521817925,1807.334592202783,1806.943461013958,1808.018662078306,1.0752010643482208,1.0,0.3673502967153519,4
2025-04-04,2025-04-01,2025-04-08,3.5470133642580364,7.202728848398395,1808.5553613397983,1808.3363287276588,1809.1325741992332,0.7962454715743661,1.25,0.3341606866634938,4
2025-04-04,2025-04-01,2025-04-08,2.094231254334375,16.576774105603928,4631.4693457043695,4626.11813028343,4649.69842787087,23.580297587439414,0.75,0.0854267287520393,4
2025-04-04,2025-04-01,2025-04-08,2.3152863833354784,11.01274385761269,3246.737693299705,3246.4335963753983,3247.392489604652,0.95889322925359,0.75,0.1291407723130899,4
2025-04-04,2025-04-01,2025-04-08,2.8225919525520875,10.180775159272056,3027.1223741143467,3026.95042267628,3027.432088308502,0.4816656322218478,1.0,0.035432478285669,4
2025-04-04,2025-04-01,2025-04-08,4.272343152977992,11.182298451495209,3056.7863757769537,3056.6054644184187,3057.344044388272,0.7385799698531628,1.5,0.110280334581706,4
2025-04-04,2025-04-01,2025-04-08,2.71398625342371,11.625422586211108,3845.50485906064,3845.2572880666703,3845.9752871771343,0.7179991104640067,1.5,0.2710898224181424,4
2025-04-04,2025-04-01,2025-04-08,2.8686737213889133,16.128403249815232,4624.198288066858,4624.026182508562,4624.734984518029,0.7088020094670355,1.0,0.1142158222660882,4
2025-04-11,2025-04-08,2025-04-15,2.1168155016292447,6.334895941161046,3986.5920456368776,3986.172565976158,3987.3501868527383,1.1776208765804768,0.75,0.0894322647981116,4
2025-04-11,2025-04-08,2025-04-15,2.362752516352758,6.309970949601489,3988.048407767232,3987.5840860349126,3988.7686048573814,1.1845188224688172,0.5,0.1435260388546999,4
2025-04-11,2025-04-08,2025-04-15,2.8941453056409956,11.687903941394966,2985.5970813937975,2985.46995213395,2985.9425150123425,0.4725628783926368,0.75,0.1276575753224529,4
2025-04-11,2025-04-08,2025-04-15,2.337555654932,9.869095036890291,2967.604579316183,2967.3283425597474,2968.034005509224,0.7056629494763911,1.5,0.0668619906501333,4
2025-04-11,2025-04-08,2025-04-15,2.642418925303817,8.734953301901122,3070.8294070375705,3054.451981574297,3101.059849301353,46.607867727056146,1.75,0.1402557721044806,4
2025-04-11,2025-04-08,2025-04-15,2.4634661452054605,6.414313655983456,3077.6364707285543,3054.451981574297,3101.059849301353,46.607867727056146,1.25,0.087050748650922,4
2025-04-11,2025-04-08,2025-04-15,2.443534944070568,10.531520071911189,3057.1864878554147,3057.0122790713795,3057.501220313832,0.4889412424527108,1.25,0.1105999911922883,4
2025-04-11,2025-04-08,2025-04-15,3.486341424183734,12.813452727516289,3556.3913255324055,3555.5755270873196,3557.213260166347,1.6377330790273843,0.75,0.030027893700123,4
2025-04-11,2025-04-08,2025-04-15,9.282374441520682,14.559157473299418,4191.048734954797,4190.769569366239,4191.481275539845,0.7117061736062169,2.75,0.0895290467300979,4
2025-04-11,2025-04-08,2025-04-15,20.757419897298053,15.442066387921942,4193.8232419396145,4193.6159935579635,4194.327692460734,0.7116989027708769,3.75,0.2422333432202439,4
2025-04-11,2025-04-08,2025-04-15,2.677370477796625,6.912653754860832,4463.612669139739,4462.851359297521,4464.493684434332,1.6423251368105412,1.0,0.1000655833203834,4
2025-04-11,2025-04-08,2025-04-15,2.8419025786999614,13.07253835433004,4681.43817237099,4660.887128171977,4714.90134286508,54.014214693102986,1.0,0.0492354086402241,4
2025-04-11,2025-04-08,2025-04-15,2.033046299233753,7.374364124162093,1831.0757854183207,1830.968764060177,1831.4434626838192,0.4746986236423254,0.5,0.1815573085112842,4
2025-04-11,2025-04-08,2025-04-15,2.042570820351038,10.987691042776095,1830.5375649690204,1830.4782967111096,1830.953454699833,0.4751579887233674,0.75,0.1865391075561473,4
2025-04-11,2025-04-08,2025-04-15,3.539216610860359,12.285283474828455,1830.4550052256063,1830.242028045468,1830.953454699833,0.7114266543649137,0.75,0.0551878747887374,4
2025-04-11,2025-04-08,2025-04-15,2.037457392347138,9.849437454950817,1829.909251975267,1829.4951081108304,1830.4438210478984,0.9487129370681942,0.75,0.2149817468141823,4
2025-04-11,2025-04-08,2025-04-15,6.3531960026504475,8.774321867145408,1831.8534748028917,1831.608044696506,1832.3200887688436,0.7120440723374486,1.0,0.1661556394584118,4
2025-04-11,2025-04-08,2025-04-15,4.76726350029027,9.660158026863426,1838.0925875888097,1833.7279909057545,1850.0562558863312,16.328264980576932,1.25,0.252284909351137,4
2025-04-11,2025-04-08,2025-04-15,6.970949705635942,12.10690982604743,1831.76455641478,1831.608044696506,1832.3200887688436,0.7120440723374486,1.5,0.2541392437637579,4
2025-04-11,2025-04-08,2025-04-15,4.385690807064437,9.655655176996802,1835.3388493086209,1835.123837464489,1835.8364607566036,0.7126232921145856,1.0,0.2222279326590936,4
2025-04-11,2025-04-08,2025-04-15,3.028853854309954,11.06926727447463,1836.1519667331409,1835.9607707415707,1836.6644026776776,0.7036319361068308,1.0,0.1874878894413978,4
2025-04-11,2025-04-08,2025-04-15,2.698766608568374,11.357888115462876,1836.3395488823223,1835.4856181913055,1836.7183149610648,1.232696769759059,1.0,0.1952696437441292,4
2025-04-11,2025-04-08,2025-04-15,5.095089657685348,9.502885816618203,1850.388324550622,1850.0849869027736,1850.8591172024608,0.7741302996873856,1.25,0.2059927030529751,4
2025-04-11,2025-04-08,2025-04-15,4.257466911661811,7.408091947470293,1824.774560856202,1824.5392372123897,1825.2482466241345,0.7090094117447734,0.75,0.1382075748105893,4
2025-04-11,2025-04-08,2025-04-15,2.102203591454681,8.658382365600074,1771.2275450415736,1770.569462770596,1772.251981455367,1.682518684770912,0.75,0.110058314238246,4
2025-04-11,2025-04-08,2025-04-15,9.797084388265011,7.440083303341352,1826.0889850474864,1825.4797322293743,1826.8923411094584,1.412608880084008,1.25,0.3069234003709598,4
2025-04-11,2025-04-08,2025-04-15,2.7956876887346525,6.207594239148228,1786.4655289513,1785.6627042316832,1787.555842318572,1.8931380868889391,1.0,0.0825517415108545,4
2025-04-11,2025-04-08,2025-04-15,6.744772190277744,10.84431729021892,1833.252290977533,1833.0227333004584,1833.7301477906296,0.7074144901707768,1.0,0.465634747905348,4
2025-04-11,2025-04-08,2025-04-15,3.0239643851359377,15.84718481027758,1846.337116837835,1845.9767325492576,1846.691802323796,0.7150697745382786,1.0,0.1350823314497007,4
2025-04-11,2025-04-08,2025-04-15,2.8757916107814476,20.263352594496137,1868.566773831698,1868.2911593094468,1869.0065452740528,0.7153859646059573,1.0,0.2463646516372497,4
2025-04-11,2025-04-08,2025-04-15,7.04375842261929,7.235597592506266,1825.3715639289987,1825.009357205592,1825.9538090061396,0.9444518005475402,0.75,0.4480343334687076,4
2025-04-11,2025-04-08,2025-04-15,5.893162468798552,11.568058957401895,1829.306135533831,1829.106648400426,1829.8170737405308,0.7104253401048481,1.0,0.2241987699064229,4
2025-04-11,2025-04-08,2025-04-15,4.370481315009387,9.542816075815264,1837.2797134608545,1836.9319267459216,1837.8813472827896,0.9494205368682742,1.75,0.355254676815977,4
2025-04-11,2025-04-08,2025-04-15,4.4045845711769545,9.756099441065356,1835.3589666701744,1835.123837464489,1835.8364607566036,0.7126232921145856,0.75,0.2414977321903366,4
2025-04-18,2025-04-15,2025-04-21,2.0970835939917714,5.599185493030106,3668.03241039621,3667.715307746548,3668.649113537278,0.9338057907298208,1.0,0.0492813825497284,4
2025-04-18,2025-04-15,2025-04-21,2.8483167595878243,13.244757105079527,4193.817778865707,4193.6159935579635,4194.327692460734,0.7116989027708769,0.75,0.0772610647170413,4
2025-04-18,2025-04-15,2025-04-21,3.4360068264733066,13.149784793112683,4195.283087238819,4195.034659621306,4195.746080740821,0.7114211195148528,1.0,0.256235184152831,4
2025-04-18,2025-04-15,2025-04-21,6.444000259532594,7.273204019859257,1826.5142458907487,1825.8355898121372,1827.467238605488,1.6316487933509052,1.5,0.2961478991236843,4
2025-04-18,2025-04-15,2025-04-21,8.869809429580252,7.373882041842771,1828.3164519857016,1827.4641161216423,1829.3455378189683,1.8814216973260045,1.25,0.3365140097511965,4
2025-04-18,2025-04-15,2025-04-21,3.911359860957488,16.298479898245283,1844.9887733305889,1844.074274810031,1845.9809917691164,1.9067169590853157,0.75,0.0868167320182611,4
2025-04-18,2025-04-15,2025-04-21,3.481999847891145,21.44838480267369,1890.7699130661483,1889.7411831207571,1892.3658088627271,2.624625741969794,2.75,0.2005846334920202,4
2025-04-18,2025-04-15,2025-04-21,2.948453231605329,23.009329439081014,2030.77559808766,2029.3211530339904,2032.4894892079756,3.1683361739851534,2.0,0.0937914172764209,4
2025-04-18,2025-04-15,2025-04-21,3.268515423175422,20.15180822850482,2035.2809403599608,2033.6826419522984,2037.2346183429472,3.5519763906486332,2.25,0.1046328731961931,4
2025-04-18,2025-04-15,2025-04-21,3.2623559581300805,12.362438992179715,2544.180066928406,2543.144234036095,2545.803061311599,2.658827275503427,2.0,0.1024366765789142,4
2025-04-18,2025-04-15,2025-04-21,8.010425051974599,15.640039123149386,2544.504585180886,2542.654250729829,2546.292657666374,3.638406936544925,3.0,0.075394605864949,4
2025-04-18,2025-04-15,2025-04-21,2.5849877590814607,18.573545828864724,2546.445687175449,2546.2985664359294,2546.7944982554764,0.4959318195469677,1.0,0.1350937368237659,4
2025-04-18,2025-04-15,2025-04-21,11.48945227938611,7.286288258046137,1828.5832017430669,1828.0445907143876,1829.2391809662804,1.194590251892805,1.25,0.2650325863041214,4
2025-04-18,2025-04-15,2025-04-21,2.3553616957995387,7.325376401608509,1827.1269873824851,1826.9038907387296,1827.61308167316,0.7091909344308078,0.75,0.306385852703408,4
2025-04-18,2025-04-15,2025-04-21,2.286740770045593,13.300097398693453,1836.319559262636,1835.7231945293024,1837.3770363433289,1.6538418140262363,1.0,0.0600312822207627,4
2025-04-18,2025-04-15,2025-04-21,3.4350046853625216,6.60692677527717,1822.0583294019689,1821.8237617444247,1822.5346463839523,0.7108846395276487,0.5,0.0339963302429158,4
2025-04-18,2025-04-15,2025-04-21,5.046593314050603,6.725953483814554,1826.6416286645112,1826.426806984935,1827.1415485250764,0.7147415401414037,0.75,0.0461913627145499,4
2025-04-18,2025-04-15,2025-04-21,4.370513565080892,7.629705776932744,1778.8900802675978,1778.557136323303,1779.38435167633,0.8272153530269861,2.0,0.1073817676907684,4
2025-04-18,2025-04-15,2025-04-21,4.2045217303855535,7.28154061231226,1823.7068620413013,1823.356163026765,1824.0654278923755,0.7092648656107485,1.25,0.1852369868975789,4
2025-04-18,2025-04-15,2025-04-21,4.70445887493193,10.417582017555445,3075.413845562932,3059.1540163042955,3106.59977111686,47.4457548125647,2.0,0.1468000362016797,4
2025-04-18,2025-04-15,2025-04-21,2.145728885178976,9.556990264582865,3057.2208734051896,3057.0122790713795,3057.501220313832,0.4889412424527108,1.5,0.114882872901334,4
2025-04-18,2025-04-15,2025-04-21,2.03551587832029,8.214513359321474,3057.2570248679012,3057.0122790713795,3057.501220313832,0.4889412424527108,1.25,0.118617264333628,4
2025-04-18,2025-04-15,2025-04-21,2.0497488501546903,7.251457258320635,3055.2013627844863,3055.2013627844863,3055.4402522030286,0.2388894185423851,1.5,0.0993518432699569,4
2025-04-18,2025-04-15,2025-04-21,3.126187556224409,18.650726664355098,2556.4368258449535,2555.3617838555947,2556.9489222494885,1.587138393893838,1.0,0.142707899050658,4
2025-04-18,2025-04-15,2025-04-21,2.433639965187479,22.397413889783927,2955.6465553455514,2955.054577050265,2956.452723416034,1.3981463657692077,0.5,0.1081383312898853,4
2025-04-18,2025-04-15,2025-04-21,2.337464876952953,10.728827436465956,2967.944703747503,2967.3283425597474,2968.735930399969,1.4075878402218225,0.75,0.0544481095542315,4
2025-04-18,2025-04-15,2025-04-21,7.962938195300262,8.213388133075279,2969.6635557964655,2969.1969990716316,2970.368677488994,1.1716784173622727,2.25,0.2449283718844963,4
2025-04-18,2025-04-15,2025-04-21,2.121627092852816,10.887216029685144,2968.913740251463,2968.730362462811,2969.435888490174,0.7055260273627937,1.5,0.0760382405980097,4
2025-04-18,2025-04-15,2025-04-21,2.747518563880958,8.44723834612256,2968.004151491627,2967.7951160906814,2968.502609125804,0.7074930351227522,0.75,0.1477360742544853,4
2025-04-18,2025-04-15,2025-04-21,4.387852159078697,12.466012711163684,2977.6215110136413,2977.0275902175345,2979.564176362008,2.5365861444734037,2.0,0.1478362308102587,4
2025-04-18,2025-04-15,2025-04-21,3.1339692595887185,9.717909486320208,3055.167903326497,3054.9515691800043,3055.4402522030286,0.4886830230243504,2.5,0.1586667654792095,4
2025-04-18,2025-04-15,2025-04-21,16.386821825085345,20.69174483906888,1892.3926060553408,1889.7411831207571,1907.1307522710413,17.389569150283933,5.75,0.1791571963359683,4
2025-04-18,2025-04-15,2025-04-21,6.498072879419663,17.75037957919097,4191.47011866267,4191.233528340701,4191.945229032077,0.7117006913758814,0.75,0.0178136084302268,4
2025-04-18,2025-04-15,2025-04-21,9.261510854985222,6.491654340300512,1897.037719930036,1890.941831259057,1907.3942206264471,16.452389367390424,6.0,0.117625153418065,4
2025-04-25,2025-04-21,2025-04-29,2.9142872669653967,6.663551191193931,3077.636470728554,3054.451981574297,3101.059849301353,46.607867727056146,1.25,0.1302330967401022,4
2025-04-25,2025-04-21,2025-04-29,3.79996321675228,15.923050458805712,4190.895405477814,4190.769569366239,4191.244867212139,0.4752978459000587,1.0,0.141397861553163,4
2025-04-25,2025-04-21,2025-04-29,22.43322677947869,11.888805929441014,1830.307991112036,1829.3424163707532,1831.4434626838192,2.1010463130660355,1.5,0.5191012050299726,4
2025-04-25,2025-04-21,2025-04-29,7.1695396737173205,7.566708947033117,1827.9956188389256,1827.2283491869457,1828.878270116635,1.6499209296889603,1.0,0.3006782674827013,4
2025-04-25,2025-04-21,2025-04-29,4.308255399267469,7.457716639771483,1826.2493193140156,1825.947889003903,1826.657153647393,0.7092646434903145,0.75,0.2626910530412951,4
2025-04-25,2025-04-21,2025-04-29,4.695354799191281,7.749052559586831,1826.50299144894,1826.1493307421915,1827.0948261697777,0.9454954275861382,0.75,0.0640406770138657,4
2025-04-25,2025-04-21,2025-04-29,4.9582597709797325,12.193218916853686,1831.060667191531,1830.7329547391273,1831.6792717836795,0.9463170445524156,0.75,0.4899524862598969,4
2025-04-25,2025-04-21,2025-04-29,6.81698487816183,12.030314681525478,1829.679631159936,1829.106648400426,1830.30142155895,1.1947731585241854,1.5,0.4046164523020001,4
2025-04-25,2025-04-21,2025-04-29,2.9014487523893826,8.869222560319821,1833.0182385491712,1832.954723797273,1833.429402159527,0.4746783622540533,1.0,0.200633216683419,4
2025-04-25,2025-04-21,2025-04-29,4.761923724562302,7.696559550989059,1828.339661493579,1827.6998832565732,1829.1097695608623,1.4098863042891026,1.0,0.0687584722627954,4
2025-04-25,2025-04-21,2025-04-29,5.26452257501008,7.477868818984016,1826.8752994215936,1826.76040034974,1827.2314715497196,0.4710711999796331,1.25,0.0240287808531858,4
2025-04-25,2025-04-21,2025-04-29,9.157647289981972,7.75040215340054,1825.6912753416912,1825.128297090996,1827.0948261697777,1.9665290787816048,1.25,0.0679881396290704,4
2025-04-25,2025-04-21,2025-04-29,6.543406924376451,7.780542712199231,1828.642500835441,1828.2798152384348,1829.2391809662804,0.9593657278455794,1.0,0.2022209558168608,4
2025-04-25,2025-04-21,2025-04-29,3.1277594485984186,7.558495031760493,1829.3409132592744,1829.2354793343693,1829.7095566443168,0.4740773099474609,1.25,0.0272295527796886,4
2025-04-25,2025-04-21,2025-04-29,6.832980913627426,7.7511886818261475,1827.844301652204,1827.6093431608751,1828.5187046569772,0.9093614961020648,0.75,0.1125158163763206,4
2025-04-25,2025-04-21,2025-04-29,7.108754858392755,7.597698123289036,1825.9468390973327,1825.4797322293743,1826.657153647393,1.177421418018639,1.0,0.4199032702347605,4
2025-04-25,2025-04-21,2025-04-29,3.440297877653874,8.25921519469017,1798.864447312537,1798.5713945296593,1799.3675431651063,0.7961486354470253,0.75,0.1051632159707649,4
2025-04-25,2025-04-21,2025-04-29,4.005677464518137,9.669808492886563,1829.8755091440823,1829.4951081108304,1830.4438210478984,0.9487129370681942,0.75,0.1600177825853932,4
2025-04-25,2025-04-21,2025-04-29,2.363693740661815,25.13554789474163,2546.4053595287246,2546.2985664359294,2546.7944982554764,0.4959318195469677,0.75,0.1871011746421014,4
2025-04-25,2025-04-21,2025-04-29,3.1991565680075995,24.299080766919214,2546.3886251163767,2546.2985664359294,2546.7944982554764,0.4959318195469677,1.75,0.1223015917269543,4
2025-04-25,2025-04-21,2025-04-29,3.9850469743328167,10.875804556289866,1836.3981130238917,1835.7675867704677,1837.8813472827896,2.113760512322187,0.5,0.0709289035562654,4
2025-04-25,2025-04-21,2025-04-29,2.464362338859122,9.611479474064948,1836.4233406835592,1836.3191116219384,1836.7948259999976,0.4757143780589103,1.0,0.1990586770278279,4
2025-04-25,2025-04-21,2025-04-29,5.366669898708164,10.892160076883773,1836.990171002916,1836.5559365814552,1837.6445035678337,1.0885669863782823,1.0,0.1056406825198796,4
2025-04-25,2025-04-21,2025-04-29,4.067227920429129,9.532026649038276,1832.3953733678711,1831.8446218683384,1833.0249871360136,1.18036526767537,0.75,0.2439852998057379,4
2025-04-25,2025-04-21,2025-04-29,2.1142525765024125,10.080175592124148,1832.847188800072,1832.549462404102,1833.261622719001,0.7121603148989379,0.5,0.055015801013164,4
2025-04-25,2025-04-21,2025-04-29,6.909094665716308,8.785261249522527,1831.7156562077607,1831.3714672545905,1832.3200887688436,0.9486215142533184,1.0,0.080387133935228,4
2025-04-25,2025-04-21,2025-04-29,3.307670653043967,11.5955695250607,3845.6212789772567,3845.2572880666703,3846.2148423278704,0.95755426120013,1.5,0.3077754288020617,4
2025-04-25,2025-04-21,2025-04-29,2.2047761383177713,6.305293414163084,3984.2959973067777,3983.936900076456,3984.931957493536,0.9950574170798064,0.75,0.039771422178283,4
2025-04-25,2025-04-21,2025-04-29,4.2750115477831105,6.302616334990793,3988.065752726279,3987.347694741096,3988.7686048573814,1.4209101162850857,0.75,0.0678900334776233,4
2025-04-25,2025-04-21,2025-04-29,2.480063584782239,6.236239118227822,3989.0267501235953,3988.7661069249734,3989.714174462948,0.9480675379745662,1.0,0.2196543192565814,4
2025-04-25,2025-04-21,2025-04-29,4.5365375304030255,7.912126157477192,3555.9341999566027,3555.8083103443496,3556.27998299757,0.4716726532205939,1.0,0.0251640462999697,4
2025-04-25,2025-04-21,2025-04-29,2.6663821617672223,11.035995983989714,3246.7142827078096,3246.4335963753983,3247.152488438878,0.7188920634798706,0.75,0.1391998850710174,4
2025-04-25,2025-04-21,2025-04-29,4.414767232642323,8.923416144581443,3555.6226979130756,3555.342481089756,3556.047199762892,0.7047186731360853,1.25,0.1930021528597536,4
2025-05-02,2025-04-29,2025-05-05,3.08639813467199,9.529336466901228,1836.3403723126653,1836.0822865674272,1836.7948259999976,0.7125394325703382,0.75,0.1881818089166698,5
2025-05-02,2025-04-29,2025-05-05,7.605074500474147,9.035621424448625,1836.530685218715,1836.0822865674272,1837.0316508379765,0.9493642705492676,1.0,0.1832066594469483,5
2025-05-02,2025-04-29,2025-05-05,3.8947664825008257,11.524684675429024,1836.057656549375,1835.7675867704677,1836.481035334524,0.7134485640563071,0.75,0.1265494741732631,5
2025-05-02,2025-04-29,2025-05-05,3.753103862858098,9.515507690412846,2975.20078829035,2974.9806170114316,2975.6861022412777,0.7054852298460901,1.0,0.1430853585526481,5
2025-05-02,2025-04-29,2025-05-05,2.7370635684784506,9.31134289261572,2987.2901957712697,2987.1037625628524,2987.5746534545906,0.4708908917382359,1.0,0.0264775135970626,5
2025-05-02,2025-04-29,2025-05-05,2.128905456212256,19.11866480805662,1839.077828512755,1838.785709520802,1839.49495925894,0.709249738138169,1.0,0.0374744104552299,5
2025-05-02,2025-04-29,2025-05-05,6.582123135216069,11.603097075138336,1836.264691251765,1835.7675867704677,1837.8813472827896,2.113760512322187,1.5,0.1421104909679127,5
2025-05-02,2025-04-29,2025-05-05,3.000384805078711,9.606717674295751,1836.0374397426192,1835.834438231308,1836.558001040481,0.7235628091730177,1.0,0.088544325813461,5
2025-05-02,2025-04-29,2025-05-05,7.695028311026283,9.349861599094115,1836.4859748522945,1836.0822865674272,1837.0316508379765,0.9493642705492676,1.25,0.2016930906141834,5
2025-05-02,2025-04-29,2025-05-05,3.4541528667057864,9.66402656783694,1835.4633854884544,1835.3607043018565,1835.8364607566036,0.4757564547471702,1.0,0.2013026452181265,5
2025-05-09,2025-05-05,2025-05-14,2.0398677865802313,9.320505491738604,1826.353279201656,1826.1830765665509,1826.657153647393,0.4740770808421075,0.75,0.1420225798824215,5
2025-05-09,2025-05-05,2025-05-14,5.961810329334438,7.5141645255958815,1826.742039066784,1826.288867094554,1827.467238605488,1.1783715109340849,0.75,0.269318016779656,5
2025-05-09,2025-05-05,2025-05-14,4.461649281031265,12.123422560708224,1830.194066776676,1829.826803959906,1830.7728785146028,0.9460745546966792,0.5,0.2978353249285748,5
2025-05-09,2025-05-05,2025-05-14,5.376188447589986,7.397243520029505,1828.350054754819,1827.6998832565732,1829.1097695608623,1.4098863042891026,1.0,0.1182521784521906,5
2025-05-09,2025-05-05,2025-05-14,3.0550319540173745,16.346103650727773,1844.7117056202624,1844.3123105727136,1845.5049311355688,1.1926205628551545,0.5,0.1610361643063873,5
2025-05-09,2025-05-05,2025-05-14,2.0336686061690563,24.849329849451056,2546.285867961932,2546.0537682478316,2546.537455854472,0.4836876066401601,1.25,0.1379925671347037,5
2025-05-09,2025-05-05,2025-05-14,4.17636240128545,7.23893868084595,1822.679366618991,1822.1919853542931,1824.2677006213928,2.07571526709944,0.75,0.3284090747054469,5
2025-05-09,2025-05-05,2025-05-14,2.3799835503898654,12.137578414676202,1832.7428181243893,1832.549462404102,1833.261622719001,0.7121603148989379,0.75,0.3097867045791602,5
2025-05-09,2025-05-05,2025-05-14,11.507179008966691,7.260733881758397,1828.634058814828,1828.0445907143876,1829.4743687529117,1.4297780385240912,1.0,0.2725394582768548,5
2025-05-09,2025-05-05,2025-05-14,2.381330946432799,7.4371930281270515,1823.6964563521992,1823.591350749135,1824.0654278923755,0.47407714324072,1.0,0.1334596927259546,5
2025-05-09,2025-05-05,2025-05-14,3.2157131574938074,7.338345431779509,1798.7083894909129,1798.5713945296593,1799.0952854454515,0.5238909157924354,0.75,0.037653372307837,5
2025-05-09,2025-05-05,2025-05-14,2.015108092795406,7.5686095247748515,1824.1684494624992,1824.0688622971063,1824.5429392657245,0.4740769686177373,0.75,0.1176040940569633,5
2025-05-09,2025-05-05,2025-05-14,5.415341885787892,7.2710986971081235,1827.281987101623,1826.9038907387296,1828.0482556107456,1.144364872016013,1.0,0.2098292943259094,5
2025-05-09,2025-05-05,2025-05-14,2.6880207652987913,7.016812946053445,1778.765960013515,1778.557136323303,1779.38435167633,0.8272153530269861,0.75,0.2359910865936099,5
2025-05-15,2025-05-14,2025-05-16,11.41758299504118,7.811263418209164,3234.1099943701993,3231.8865105914883,3236.695105329156,4.80859473766759,3.75,0.2878142585620358,5
2025-05-15,2025-05-14,2025-05-16,2.5342822855487466,7.521772429915353,3215.1234910851344,3215.1234910851344,3215.362380503677,0.2388894185423851,3.0,0.1211657389247644,5
2025-05-15,2025-05-14,2025-05-16,2.5079954911558886,25.186724194383757,2557.15884658194,2557.0952864494175,2557.5769896917045,0.4817032422870397,1.25,0.1380594188590933,5
2025-05-15,2025-05-14,2025-05-16,3.274128130064076,16.451085680367413,2550.981948983286,2548.745879511349,2553.3672449891455,4.621365477796644,1.5,0.0392245871758573,5
2025-05-15,2025-05-14,2025-05-16,3.637593662310299,5.069608203530514,2547.919133679947,2546.800372909289,2549.1655379906297,2.3651650813408196,1.25,0.0903879098422877,5
2025-05-15,2025-05-14,2025-05-16,2.50116444823267,7.367869754610031,2542.129373607977,2541.9231423437595,2542.6520393309183,0.7288969871588051,1.0,0.1423595154211288,5
2025-05-15,2025-05-14,2025-05-16,5.374881125247013,7.721830564543736,2540.195066557854,2539.8958122236654,2540.962626082357,1.066813858691603,2.0,0.2583361366413683,5
2025-05-15,2025-05-14,2025-05-16,2.0829531654402804,7.910718777996379,3245.310211269547,3245.2294886275195,3245.712379089091,0.4828904615715146,1.25,0.1072280300830508,5
2025-05-15,2025-05-14,2025-05-16,8.88624113962292,6.195640371296826,3291.8007981715373,3291.383278201334,3292.354911042843,0.9716328415088356,3.25,0.1090704251621466,5
2025-05-15,2025-05-14,2025-05-16,3.3858679389190205,6.0942706645069595,3263.499488261452,3263.4579939362593,3263.9382866583765,0.4802927221171558,3.0,0.246343606515067,5
2025-05-15,2025-05-14,2025-05-16,3.864178723016531,8.266887183013225,2968.1097223098436,2967.7951160906814,2968.502609125804,0.7074930351227522,1.25,0.1525137583964464,5
2025-05-15,2025-05-14,2025-05-16,2.209656051915046,5.047486932687835,3181.8510699188337,3181.8510699188337,3182.089959337376,0.2388894185423851,1.5,0.0678407312208184,5
2025-05-15,2025-05-14,2025-05-16,3.344672832305543,5.622367450722006,3052.566428234915,3052.477817977313,3052.9663473251276,0.4885293478146195,1.0,0.0854261663147415,5
2025-05-15,2025-05-14,2025-05-16,4.463722243960667,5.5830688429933515,3078.917986203603,3054.451981574297,3101.059849301353,46.607867727056146,2.25,0.1368654427898197,5
2025-05-15,2025-05-14,2025-05-16,5.2182479029677795,6.138414716912549,3055.1415606857495,3054.7017754488625,3055.4402522030286,0.7384767541661859,2.75,0.2017738964791271,5
2025-05-15,2025-05-14,2025-05-16,2.188873866948951,16.196076937411785,2978.5274089179757,2978.1788190905936,2978.8843998261727,0.705580735579133,1.0,0.1453693096273101,5
2025-05-15,2025-05-14,2025-05-16,2.545857672324218,7.586460037505671,2969.733373150611,2969.430320561398,2970.135852638632,0.7055320772342384,1.0,0.1321550944954919,5
2025-05-15,2025-05-14,2025-05-16,3.940396750336606,5.988144184348287,3000.8677873278516,3000.758682162501,3001.2334612514824,0.4747790889814496,2.0,0.2008610963420198,5
2025-05-15,2025-05-14,2025-05-16,6.878899998770225,9.125692584056551,3065.1820654739013,3054.451981574297,3101.059849301353,46.607867727056146,2.0,0.2641530482816412,5
2025-05-15,2025-05-14,2025-05-16,2.5830953368301226,5.036221138237397,3057.26233089529,3057.26233089529,3057.501220313832,0.2388894185423851,2.0,0.1744468053248837,5
2025-05-15,2025-05-14,2025-05-16,2.0417263462564907,5.617722775665699,4636.536510792841,4636.057777196169,4637.044046155643,0.9862689594738184,1.0,0.0690430512965867,5
2025-05-15,2025-05-14,2025-05-16,2.464748145270068,11.928424045877271,4661.307433172365,4661.144206822384,4661.640174548142,0.4959677257575094,1.25,0.2226827094908889,5
2025-05-15,2025-05-14,2025-05-16,3.946926195368915,13.33251141055733,4678.362646038404,4660.630049765576,4714.90134286508,54.27129309950397,1.5,0.129175942442854,5
2025-05-15,2025-05-14,2025-05-16,4.441876403858513,6.116554974330236,4715.444513090614,4693.51801820891,4746.266996385064,52.74897817615419,0.5,0.1172005274971099,5
2025-05-15,2025-05-14,2025-05-16,3.109362574476469,6.354702121231271,4578.844324760566,4577.964639332611,4579.838415840175,1.873776507563889,0.75,0.1526240957792568,5
2025-05-15,2025-05-14,2025-05-16,2.241065829888545,6.375058894478682,4580.665534865461,4580.0765782292,4581.487971921451,1.4113936922512949,0.5,0.1094606071382031,5
2025-05-15,2025-05-14,2025-05-16,4.226902802229952,5.124466502646594,4727.964774939468,4701.984551864676,4755.435452529695,53.45090066501871,0.5,0.1923111523628629,5
2025-05-15,2025-05-14,2025-05-16,3.6630533020914537,13.179128547277717,4672.054004558037,4660.887128171977,4714.90134286508,54.014214693102986,0.75,0.3953436980810565,5
2025-05-15,2025-05-14,2025-05-16,3.39894731375128,11.498867383744305,3232.486685636111,3232.1265153503045,3233.0825831070542,0.9560677567496896,0.75,0.1680354330580846,5
2025-05-15,2025-05-14,2025-05-16,2.411044609534647,5.0210646210673096,4793.117351152214,4793.025975778233,4793.516425481532,0.4904497032985091,1.0,0.1917671544650345,5
2025-05-15,2025-05-14,2025-05-16,3.2381639850484207,5.455533075250414,4827.98950873998,4827.878546950407,4828.366838253569,0.4882913031615317,1.25,0.3329045007574027,5
2025-05-15,2025-05-14,2025-05-16,2.731968654404487,11.349482090629932,3845.635084403029,3845.2572880666703,3846.2148423278704,0.95755426120013,1.25,0.3804443780881339,5
2025-05-15,2025-05-14,2025-05-16,5.475584362410008,14.724255867981327,3553.7741371312895,3553.681414702907,3554.153079412412,0.4716647095046937,1.25,0.1346394583541332,5
2025-05-15,2025-05-14,2025-05-16,2.1555404319326397,13.43762476556887,3663.130547214825,3662.737690987531,3663.70324988896,0.9655589014291764,1.0,0.1520484732424787,5
2025-05-15,2025-05-14,2025-05-16,2.7604496481066567,7.869840915610915,4175.896924812893,4175.798826660495,4176.274137259461,0.4753105989657342,1.0,0.1232203152543376,5
2025-05-15,2025-05-14,2025-05-16,2.4481501084697435,5.193226136490877,4084.2112953540664,4083.931899780407,4084.643479275517,0.7115794951096177,1.25,0.1540334354973893,5
2025-05-17,2025-05-16,2025-05-19,8.880878370788416,6.7281250178628165,5657.095346078898,5656.550917482004,5658.028610508889,1.4776930268853905,1.5,0.1137142207493824,5
2025-05-17,2025-05-16,2025-05-19,5.6732856618544085,7.426491199370404,5656.132850943727,5655.807663612533,5656.789806900546,0.982143288012594,1.0,0.1348006571553717,5
2025-05-17,2025-05-16,2025-05-19,2.619099376378674,10.934644811409708,3246.699682911587,3246.4335963753983,3247.152488438878,0.7188920634798706,1.0,0.2004756060897516,5
2025-05-17,2025-05-16,2025-05-19,13.093463335718027,5.241119653036026,5659.110753507155,5657.789721090347,5660.479936809279,2.69021571893245,2.25,0.3328328220394949,5
2025-05-17,2025-05-16,2025-05-19,7.467619320715499,6.422095762495728,5657.697372539619,5657.046592224389,5659.019553265069,1.9729610406793656,1.75,0.2252787064739636,5
2025-05-23,2025-05-19,2025-05-27,2.158710255627278,9.800873676324914,3281.3665453637955,3281.366545363795,3281.6054347823374,0.2388894185423851,1.5,0.0942072791427728,5
2025-05-23,2025-05-19,2025-05-27,3.9883244177105097,6.378836276396654,3989.3533723884257,3988.7661069249734,3990.1869572456926,1.4208503207191825,1.0,0.1342016115969491,5
2025-05-23,2025-05-19,2025-05-27,6.0318091095321815,14.580063904545764,4192.087814781233,4191.998165960889,4192.47345996974,0.4752940088510513,1.75,0.3749161747681429,5
2025-05-23,2025-05-19,2025-05-27,2.7932730542143807,12.969096381987292,4193.76212483713,4193.6159935579635,4194.327692460734,0.7116989027708769,1.0,0.1532792853950315,5
2025-05-23,2025-05-19,2025-05-27,3.4207895705121567,6.329825251173178,3988.109535114748,3987.5840860349126,3989.004996343516,1.4209103086031971,0.75,0.1422097219939555,5
2025-05-23,2025-05-19,2025-05-27,3.44329862736254,13.493411650191256,4326.127659693234,4324.084365000948,4328.4838321688585,4.399467167910188,3.5,0.0663725420507366,5
2025-05-23,2025-05-19,2025-05-27,3.553781698708888,14.663829582531232,3553.838801804845,3553.681414702907,3554.385854692664,0.7044399897567928,1.0,0.2923071216085837,5
2025-05-23,2025-05-19,2025-05-27,3.0587245872044937,6.146888437031271,3664.8261590673046,3664.3626689971425,3665.297344191931,0.9346751947887242,0.75,0.1882055451945308,5
2025-05-23,2025-05-19,2025-05-27,3.438841368869021,20.258170209163964,4133.070699852552,4132.093033838086,4134.460052747745,2.3670189096592367,1.25,0.0554280889108638,5
2025-05-23,2025-05-19,2025-05-27,5.640664714528899,7.372994732664375,1825.3013551487588,1824.7744246665388,1825.9538090061396,1.1793843396008017,1.0,0.4577941156728293,5
2025-05-23,2025-05-19,2025-05-27,2.050789810795989,7.500025554235699,1829.3530910533727,1829.2354793343693,1829.7095566443168,0.4740773099474609,0.75,0.0314766752236994,5
2025-05-23,2025-05-19,2025-05-27,4.368109143083263,7.361812241054073,1826.170015717312,1825.128297090996,1827.0948261697777,1.9665290787816048,1.0,0.1352596059904143,5
2025-05-23,2025-05-19,2025-05-27,7.489334966084547,7.722215016537944,1826.4838617233288,1826.1493307421915,1827.0948261697777,0.9454954275861382,1.25,0.0948826666650537,5
2025-05-23,2025-05-19,2025-05-27,3.709785447370261,7.576315738635998,1826.9052719404724,1826.76040034974,1827.2314715497196,0.4710711999796331,1.0,0.1328576569945561,5
2025-05-23,2025-05-19,2025-05-27,2.627407950355578,6.760186683505437,1830.656956408663,1830.5339890960604,1830.9718441576697,0.437855061609298,0.75,0.276605182233256,5
2025-05-23,2025-05-19,2025-05-27,3.0672290505046025,8.972084074695852,2967.8644917739744,2967.7951160906814,2968.267392121721,0.4722760310396552,0.75,0.0904394547288245,5
2025-05-23,2025-05-19,2025-05-27,2.869409500798024,5.802318911405821,3077.6364707285543,3054.451981574297,3101.059849301353,46.607867727056146,1.0,0.1219072733449477,5
2025-05-23,2025-05-19,2025-05-27,3.726627151377499,6.76031743996718,3077.6364707285543,3054.451981574297,3101.059849301353,46.607867727056146,0.75,0.0478505847807642,5
2025-05-23,2025-05-19,2025-05-27,13.219004502950424,9.458830838735784,3071.312596264477,3054.451981574297,3101.059849301353,46.607867727056146,3.25,0.2618205140155805,5
2025-05-23,2025-05-19,2025-05-27,3.798100237621776,10.81797466807481,3056.803874463517,3056.6054644184187,3057.0941989766434,0.488734558224678,2.25,0.1384682039827356,5
2025-05-23,2025-05-19,2025-05-27,3.394305692349002,9.22987046131628,3058.86916191807,3058.666083530057,3059.1427872213535,0.4767036912962794,2.75,0.1837948407102252,5
2025-05-23,2025-05-19,2025-05-27,5.634071366577129,9.397155464732936,1832.0078458074363,1831.608044696506,1832.5517162117176,0.943671515211463,1.75,0.2603521397395525,5
2025-05-23,2025-05-19,2025-05-27,3.0781886998037806,19.474712926342097,1868.832346178523,1868.7676558555104,1869.2125288587995,0.4448730032891035,0.75,0.0940560333458684,5
2025-05-23,2025-05-19,2025-05-27,4.142816115797217,20.132894552280867,1868.8786181320631,1868.7676558555104,1869.2125288587995,0.4448730032891035,1.0,0.1822864265941581,5
2025-05-23,2025-05-19,2025-05-27,3.7717774306490743,19.560319970786885,1882.6185118007468,1882.3738018739969,1883.0881287460215,0.7143268720246851,2.0,0.1811592737714362,5
2025-05-23,2025-05-19,2025-05-27,9.891983150058625,19.468255682075217,1894.301851171485,1889.0328322979624,1907.1307522710413,18.097919973079115,2.25,0.0688702406569585,5
2025-05-23,2025-05-19,2025-05-27,2.801211349592544,14.496503435748412,5207.250182128257,5192.749108768068,5221.20754769817,28.458438930101693,0.75,0.075020108058097,5
2025-05-23,2025-05-19,2025-05-27,4.596840923826872,6.83776699249108,4462.536520240612,4460.722630166914,4464.493684434332,3.771054267417639,1.5,0.1390036870070421,5
2025-05-23,2025-05-19,2025-05-27,2.0632699912441894,6.791975515012577,4451.113441852766,4450.227139882278,4452.1374912397005,1.910351357422769,0.75,0.0977725122181449,5
2025-05-23,2025-05-19,2025-05-27,2.729219335808838,5.535649673495526,4570.5691775686655,4570.047266060952,4571.232348634861,1.1850825739093125,1.25,0.1038217745375635,5
2025-05-23,2025-05-19,2025-05-27,2.307791227828711,6.141682366337148,4702.734446618689,4702.502491012216,4703.274837824516,0.772346812300384,0.5,0.1385614973795834,5
2025-05-30,2025-05-27,2025-06-02,18.611979112757837,15.126164401913414,4193.787396985599,4193.6159935579635,4194.327692460734,0.7116989027708769,3.75,0.0441577211555377,5
2025-05-30,2025-05-27,2025-06-02,6.51449174915608,13.128638168156437,4192.120225209938,4191.998165960889,4192.47345996974,0.4752940088510513,2.0,0.0373720931435084,5
2025-05-30,2025-05-27,2025-06-02,7.264971218636632,14.165912153452782,4191.104607617911,4191.005977793597,4191.481275539845,0.4752977462485432,2.5,0.0336293612644494,5
2025-05-30,2025-05-27,2025-06-02,2.2962918078883363,6.656200509697771,4192.061338590624,4191.761761175003,4192.673175501637,0.911414326634258,1.75,0.0402344219857619,5
2025-05-30,2025-05-27,2025-06-02,2.016097692211717,19.974467708834457,4993.719915584552,4993.55322834244,4994.035390316509,0.482161974068731,1.0,0.3292672543495278,5
2025-05-30,2025-05-27,2025-06-02,6.005795246300008,9.73612374981268,1830.509235935258,1830.242028045468,1831.1897234474309,0.9476954019628464,1.25,0.4611006489495706,5
2025-05-30,2025-05-27,2025-06-02,3.605464827186987,9.749464100311346,1850.3334288032645,1850.0849869027736,1850.8591172024608,0.7741302996873856,0.75,0.1952296750986848,5
2025-05-30,2025-05-27,2025-06-02,3.309687476960011,12.24404010256614,1837.4181826108577,1837.1687704757787,1837.8813472827896,0.7125768070109189,0.75,0.2069007331522399,5
2025-05-30,2025-05-27,2025-06-02,2.284473231684789,9.552267999004489,2073.325540229136,2073.0744562689215,2074.0232237982564,0.948767529334873,0.75,0.0687486687671101,5
2025-05-30,2025-05-27,2025-06-02,2.069857964184042,8.656617258174949,3234.498844012613,3234.280991921667,3234.9980097836815,0.7170178620144725,1.0,0.0786666809578728,5
2025-05-30,2025-05-27,2025-06-02,2.5833824221888557,19.579427816001925,5000.260972307029,5000.077764682006,5000.560341777746,0.4825770957395434,1.0,0.2072613337742135,5
2025-05-30,2025-05-27,2025-06-02,2.0204956464070825,10.889865740428736,3555.9252449200467,3555.5755270873196,3556.512766277883,0.9372391905635596,1.0,0.1391906012958732,5
2025-05-30,2025-05-27,2025-06-02,2.0127323375280013,22.831595279615236,3796.954552658564,3786.511274360586,3821.558918048628,35.04764368804172,0.75,0.0620901088676373,5
2025-05-30,2025-05-27,2025-06-02,2.5342970369703415,7.980163167140284,3852.683892206548,3851.88091325108,3854.0161546729505,2.1352414218708873,1.5,0.0912660026144962,5
2025-05-30,2025-05-27,2025-06-02,2.85643661092408,8.640072467101273,3556.999904037913,3556.741587363649,3557.4460435672663,0.7044562036171556,1.75,0.16465756279749,5
2025-05-30,2025-05-27,2025-06-02,2.090624024114385,9.854447144638078,2073.417141473013,2073.0744562689215,2074.0232237982564,0.948767529334873,0.5,0.0481613883435,5
2025-05-30,2025-05-27,2025-06-02,3.525577219508681,7.50955269944043,1830.7902524177032,1830.7329547391273,1831.2076534787193,0.4746987395919859,1.5,0.3919276105620461,5
2025-05-30,2025-05-27,2025-06-02,2.915957104001008,7.614929589666978,1831.1642325031703,1830.968764060177,1831.6792717836795,0.7105077235028148,1.25,0.3518959721402659,5
2025-05-30,2025-05-27,2025-06-02,2.2103565951349213,7.288549153835636,1777.2665154036972,1777.0865184473805,1777.6207780283876,0.5342595810070634,0.75,0.2377547333315477,5
2025-05-30,2025-05-27,2025-06-02,4.541773389233927,6.634813571352775,1777.5688305336903,1777.4452169905417,1777.916148077231,0.4709310866892338,1.5,0.2164744554026665,5
2025-05-30,2025-05-27,2025-06-02,5.674540428525301,9.61474424921868,1835.4434987659129,1835.123837464489,1836.0733276498504,0.9494901853613557,1.0,0.2776455630840013,5
2025-05-30,2025-05-27,2025-06-02,2.6796178300015625,18.0399452994478,2551.415418574414,2550.6852602348663,2552.137757829856,1.4524975949898362,1.25,0.086312211523174,5
2025-05-30,2025-05-27,2025-06-02,2.812571138667781,12.8722891779885,3556.5769146925372,3555.8083103443496,3557.213260166347,1.404949821997434,1.0,0.0769415077788915,5
2025-05-30,2025-05-27,2025-06-02,4.9193309485576115,6.756793916863674,3668.081750633942,3667.164567455184,3669.456451192498,2.2918837373144925,1.25,0.0854820540715528,5
2025-06-07,2025-06-02,2025-06-13,2.0924365975775756,20.552858240093705,3845.443244661395,3845.0264950776473,3845.9752871771343,0.9487920994870364,0.75,0.0400327597366462,6
2025-06-07,2025-06-02,2025-06-13,2.54170756590059,11.620795251644022,3845.457273633403,3845.2572880666703,3845.9752871771343,0.7179991104640067,1.25,0.2324897079501919,6
2025-06-07,2025-06-02,2025-06-13,3.135767619131505,8.095081092055423,3184.141503088536,3184.0094338729978,3184.487240066286,0.4778061932884156,1.0,0.111610306565707,6
2025-06-07,2025-06-02,2025-06-13,7.502981524118781,7.912792988898285,3939.466474933736,3938.7997956476174,3940.4571827654727,1.6573871178552508,1.0,0.3079928855720037,6
2025-06-14,2025-06-13,2025-06-16,7.192163994712149,7.250383781282991,1828.3247304571544,1827.809366192203,1829.2391809662804,1.4298147740773857,1.0,0.5113128011520995,6
2025-06-14,2025-06-13,2025-06-16,5.066507733203843,7.370553570510816,1828.4800651140995,1827.932078186888,1829.1097695608623,1.1776913739740849,1.0,0.2997345119358341,6
2025-06-14,2025-06-13,2025-06-16,2.362434673981386,5.521570471875012,1830.7287191752216,1829.4951081108304,1831.1897234474309,1.694615336600691,1.5,0.3142296174980918,6
2025-06-14,2025-06-13,2025-06-16,4.400193783664145,16.206254385667265,1843.6639421785756,1843.1485017747616,1844.551199991256,1.4026982164941728,0.75,0.1814426567360372,6
2025-06-14,2025-06-13,2025-06-16,2.460345234119268,6.020643394043269,3249.092391336256,3249.075202986598,3249.549846064765,0.4746430781669914,2.5,0.1548731899803712,6
2025-06-14,2025-06-13,2025-06-16,3.6229634770952166,12.604117199749965,4192.078694960038,4191.998165960889,4192.47345996974,0.4752940088510513,1.5,0.1207493786962499,6
2025-06-14,2025-06-13,2025-06-16,15.68027501551006,15.113894426821323,4193.795622406209,4193.6159935579635,4194.327692460734,0.7116989027708769,3.0,0.047027724775096,6
2025-06-14,2025-06-13,2025-06-16,5.749130066123883,12.81852634554309,4671.643288837864,4660.887128171977,4714.90134286508,54.014214693102986,1.5,0.0455231231295732,6
2025-06-14,2025-06-13,2025-06-16,2.4261167401740327,5.128428331453458,4844.572847837877,4836.739506958518,4862.31488140719,25.575374448671937,0.75,0.0817784685403699,6
2025-06-14,2025-06-13,2025-06-16,2.5650990205407145,14.095424431437191,5213.600152458875,5192.749108768068,5221.20754769817,28.458438930101693,1.0,0.0921488369467093,6
2025-06-14,2025-06-13,2025-06-16,2.379082399780769,14.107949626101806,4140.10983253497,4140.026775596198,4140.50222551357,0.4754499173723161,1.0,0.0373440353537513,6
2025-06-14,2025-06-13,2025-06-16,5.176409407427813,11.619190611502312,3233.431392726665,3233.0818302044645,3234.0378847694956,0.9560545650310814,1.0,0.2003203306787893,6
2025-06-14,2025-06-13,2025-06-16,5.812859193531982,12.249535093409753,1832.7919774488616,1832.549462404102,1833.261622719001,0.7121603148989379,0.75,0.1908095444500457,6
2025-06-14,2025-06-13,2025-06-16,11.949955230945443,8.94195771261625,1830.4144011204444,1829.4951081108304,1831.1897234474309,1.694615336600691,2.0,0.3382790376642708,6
2025-06-21,2025-06-16,2025-06-27,3.592482381736301,5.723737620330537,3291.758656599808,3291.627525941003,3292.11066311365,0.4831371726468205,0.75,0.0987898046618407,6
2025-06-21,2025-06-16,2025-06-27,4.297009679889585,17.121796393511755,3294.7677714931774,3293.101944961585,3295.5197566915303,2.4178117299452424,2.0,0.0756145330873259,6
2025-06-21,2025-06-16,2025-06-27,6.260266824390366,15.722172596163205,3292.143327268397,3291.8717736951075,3292.608226130251,0.736452435143292,1.5,0.1645007353443639,6
2025-06-21,2025-06-16,2025-06-27,2.266536458582953,6.7477732865743665,3232.5040641739192,3231.6474512098357,3233.320719623007,1.673268413171172,1.0,0.161212983201695,6
2025-06-21,2025-06-16,2025-06-27,4.334570860390551,10.946354784530447,3795.424253290275,3794.829506809823,3796.270922544878,1.4414157350547612,1.0,0.0909885145623334,6
2025-06-21,2025-06-16,2025-06-27,6.514897263944056,7.543726872119084,1826.0602462352913,1825.7149195875973,1826.657153647393,0.9422340597957372,0.75,0.3553572255101311,6
2025-06-21,2025-06-16,2025-06-27,4.379458779358212,7.500297250891207,1825.7828975768991,1825.128297090996,1827.0948261697777,1.9665290787816048,0.75,0.0502370169147153,6
2025-06-21,2025-06-16,2025-06-27,3.2233749383700085,7.568232959384813,1827.99790455089,1827.6998832565732,1828.642502589617,0.9426193330436944,1.0,0.0184033897920188,6
2025-06-21,2025-06-16,2025-06-27,3.826295400134661,7.615545171806357,1827.1648526776005,1826.76040034974,1827.703005540185,0.9426051904447376,1.0,0.071551578600657,6
2025-06-21,2025-06-16,2025-06-27,3.492458187745512,11.508003917354555,3232.477143181613,3232.1265153503045,3233.0825831070542,0.9560677567496896,0.75,0.1733899215670953,6
2025-06-21,2025-06-16,2025-06-27,2.011275112074893,9.471360574800258,3092.2964833122674,3092.296483312268,3092.53537273081,0.2388894185423851,3.25,0.2118482306413938,6
2025-06-21,2025-06-16,2025-06-27,5.122541635217146,20.57225675798565,3129.818830304398,3124.632246361114,3156.5775233539753,31.94527699286118,0.75,0.0231672604027502,6
2025-06-21,2025-06-16,2025-06-27,3.9207265956138255,7.981950702239768,3078.224988895489,3059.1540163042955,3106.2635342283174,47.10951792402193,1.5,0.2300120648612869,6
2025-06-21,2025-06-16,2025-06-27,3.1596655193389394,8.518416373520463,2989.958655702832,2989.8274802095257,2990.3002162198536,0.4727360103279352,0.75,0.097398947060483,6
2025-06-21,2025-06-16,2025-06-27,2.528985509916115,6.094558634156802,3000.650914391348,3000.522792365402,3000.9975715810433,0.4747792156413197,0.75,0.2564671361422466,6
2025-06-21,2025-06-16,2025-06-27,2.3316700168826614,9.9876312150327,3060.0860683384703,3054.451981574297,3101.059849301353,46.607867727056146,0.75,0.0725037208707757,6
2025-06-21,2025-06-16,2025-06-27,5.4377066534294745,11.250048325218174,3059.825870768956,3054.451981574297,3101.059849301353,46.607867727056146,1.5,0.1334354723248498,6
2025-06-21,2025-06-16,2025-06-27,3.939844318556227,10.076919293114042,3057.1096105961497,3057.0122790713795,3057.501220313832,0.4889412424527108,1.5,0.1806912689839523,6
2025-06-21,2025-06-16,2025-06-27,2.057502006233484,5.988403279777261,3082.839449058286,3059.654253306798,3106.2635342283174,46.6092809215188,1.25,0.2089115960006893,6
2025-06-21,2025-06-16,2025-06-27,5.228367258737236,11.37204813183138,3082.208599999692,3059.4041349343024,3106.2635342283174,46.85939929401502,1.75,0.2921131590548809,6
2025-06-21,2025-06-16,2025-06-27,2.1016153262615203,6.379545640549979,4579.076138317168,4578.633941407315,4579.838415840175,1.2044744328595698,1.0,0.1175785636753168,6
2025-06-21,2025-06-16,2025-06-27,2.954918773718178,19.58346281953854,5023.3409712035,5023.297495641746,5023.78043976659,0.4829441248439252,1.0,0.1659810987901333,6
2025-06-29,2025-06-27,2025-07-01,3.0385008062542416,11.496810402556278,3845.4796900714377,3845.2572880666703,3845.9752871771343,0.7179991104640067,1.25,0.1656175934286974,6
2025-06-29,2025-06-27,2025-07-01,2.139121562196221,9.144695147129486,3883.774315308945,3869.536867207847,3887.356937014032,17.82006980618462,0.5,0.1466589142761365,6
2025-06-29,2025-06-27,2025-07-01,3.3294645346975886,6.666553107182992,1827.4664608349608,1827.2283491869457,1827.9387726751156,0.7104234881699085,0.75,0.3099693329533926,6
2025-06-29,2025-06-27,2025-07-01,4.9682226541800425,12.530587792855425,1832.789921335045,1832.549462404102,1833.261622719001,0.7121603148989379,0.75,0.2424738385610192,6
2025-06-29,2025-06-27,2025-07-01,4.577625913168769,14.952943797297923,3235.9853399582325,3235.738684007898,3236.4559282069094,0.7172441990114748,1.25,0.0354967848032994,6
2025-06-29,2025-06-27,2025-07-01,19.761354341649824,6.466058857061378,5656.599006001236,5655.3122443570755,5658.028610508889,2.7163661518134177,1.0,0.386004562020048,6
2025-06-29,2025-06-27,2025-07-01,3.5858818671019743,11.483782456571626,2985.504311750015,2985.2382291802205,2985.9425150123425,0.7042858321219683,2.0,0.1323479891302748,6
2025-06-29,2025-06-27,2025-07-01,2.4709192561745645,9.30426349609798,1836.883189967808,1836.792761419434,1837.170816164464,0.3780547450296581,1.0,0.2216648403709764,6
2025-06-29,2025-06-27,2025-07-01,3.752728388414504,9.475014777697645,1832.1778623271216,1831.8446218683384,1833.0249871360136,1.18036526767537,1.0,0.2357314683847078,6
2025-06-29,2025-06-27,2025-07-01,4.785155123292004,11.976879149461425,1829.6172701195571,1829.3424163707532,1830.0656933784485,0.7232770076952875,1.0,0.3540744128256357,6
2025-06-29,2025-06-27,2025-07-01,3.567831382636912,9.23212546639371,1832.774762464562,1832.4831458851695,1833.1936132158153,0.7104673306457698,1.25,0.1735176873866795,6
2025-06-29,2025-06-27,2025-07-01,2.240347489406988,7.090867610424968,1826.0078536946069,1825.599825373385,1826.5277565130964,0.9279311397112906,1.0,0.178734015665285,6
2025-06-29,2025-06-27,2025-07-01,2.8230571896946985,10.789130518943535,1837.4658372373633,1837.1687704757787,1837.8813472827896,0.7125768070109189,0.75,0.0849068088661264,6
2025-06-29,2025-06-27,2025-07-01,2.5235424145146275,6.714484196620626,1827.3440983103628,1826.9925821311772,1827.9387726751156,0.9461905439384282,1.0,0.3053855971262154,6
2025-06-29,2025-06-27,2025-07-01,2.597981014278335,8.96641311951103,3064.2573320770593,3054.451981574297,3101.059849301353,46.607867727056146,1.25,0.080104605305763,6
2025-06-29,2025-06-27,2025-07-01,2.0639640844497644,19.35294045265124,2036.5606254596676,2035.6059362040833,2037.7280825078487,2.1221463037654757,1.25,0.1192718915121049,6
2025-07-06,2025-07-01,2025-07-11,5.082717574699037,9.608272493360612,1835.6991229945104,1835.3607043018565,1836.3211759859696,0.9604716841131448,1.0,0.3088225019447055,7
2025-07-06,2025-07-01,2025-07-11,6.388988804230652,5.637534892629507,2564.3721704226496,2563.857314703986,2565.363455638755,1.5061409347690642,0.5,0.0698107354913901,7
2025-07-06,2025-07-01,2025-07-11,2.6272693944928234,5.252007097297904,2565.360003126886,2565.1245662202127,2565.8465528655797,0.7219866453669965,0.75,0.0178046094334613,7
2025-07-06,2025-07-01,2025-07-11,2.279678123831097,8.641951459828297,1771.744713373728,1771.1245990889147,1772.7871022406034,1.6625031516887248,0.75,0.0185316326153872,7
2025-07-06,2025-07-01,2025-07-11,3.9217633756903,6.094135731732072,1829.481660150769,1829.106648400426,1830.30142155895,1.1947731585241854,0.75,0.317677970407404,7
2025-07-06,2025-07-01,2025-07-11,4.351013619068823,6.120968685049912,1831.3240831788532,1830.968764060177,1832.1637333366089,1.194969276431948,0.75,0.2514196387254275,7
2025-07-06,2025-07-01,2025-07-11,7.071397928344645,6.140636076961238,1827.189767058254,1826.524633573834,1828.1709676054304,1.6463340315967798,0.5,0.4012290704435584,7
2025-07-06,2025-07-01,2025-07-11,4.505985365442093,5.351327534440864,2525.8823915953026,2525.6037054806948,2526.3349348306656,0.7312293499708176,1.0,0.0278643932004435,7
2025-07-06,2025-07-01,2025-07-11,2.489997562362906,5.297422654078429,2523.216438225733,2523.11312507838,2523.598285275977,0.485160197596997,0.75,0.0213134439308054,7
2025-07-06,2025-07-01,2025-07-11,4.531001268128306,6.331855421855081,2495.070480206738,2494.6859543230385,2495.6945689194836,1.0086145964451134,0.75,0.0254977816416468,7
2025-07-06,2025-07-01,2025-07-11,7.976426309927646,6.3481856298593415,2493.430085296802,2492.691374352202,2494.67887464026,1.9875002880580723,0.75,0.023087328451456,7
2025-07-06,2025-07-01,2025-07-11,5.28615102574136,5.244319138287308,2229.4648814752068,2229.2249710769393,2229.9573814319447,0.7324103550054133,0.75,0.0218433986948363,7
2025-07-06,2025-07-01,2025-07-11,4.400896118554659,5.077697550497861,2233.394751399555,2233.252686128486,2233.737234549597,0.4845484211109578,1.0,0.0274461676735487,7
2025-07-06,2025-07-01,2025-07-11,4.402260177134536,5.500039342251814,2208.9520557707647,2208.6609059800394,2209.3950264360756,0.7341204560361803,0.75,0.0146231499306935,7
2025-07-06,2025-07-01,2025-07-11,6.661706158885733,5.218989085979957,2084.3004622847684,2084.032564511057,2084.750958772376,0.7183942613191903,0.75,0.016753447941219,7
2025-07-06,2025-07-01,2025-07-11,3.2657837823967446,6.068731841858047,1838.298293338585,1832.3128267931752,1850.8591172024608,18.546290409285575,1.0,0.0819844558611115,7
2025-07-06,2025-07-01,2025-07-11,3.189294376697205,12.95866804289426,4403.046754803903,4402.462517732289,4403.885754100978,1.423236368689686,1.5,0.2740188249982989,7
2025-07-06,2025-07-01,2025-07-11,17.30523488217751,14.688244748447026,4193.7287111812375,4193.3795886780135,4194.327692460734,0.9481037827208638,4.0,0.2805923073571481,7
2025-07-06,2025-07-01,2025-07-11,4.6440485187709335,15.290640194062188,4190.894822444978,4190.769569366239,4191.481275539845,0.7117061736062169,1.25,0.2005690133979509,7
2025-07-06,2025-07-01,2025-07-11,2.8939184204157344,5.5713932103344215,4570.4227222151085,4570.047266060952,4571.232348634861,1.1850825739093125,1.75,0.1137422571807611,7
2025-07-06,2025-07-01,2025-07-11,2.6145282273548656,11.54730098759538,5206.525365194219,5189.451185657177,5218.577212417964,29.12602676078677,1.0,0.1644165263777952,7
2025-07-06,2025-07-01,2025-07-11,4.95943212080123,13.352610870207377,4670.134814725138,4660.887128171977,4714.90134286508,54.014214693102986,1.5,0.0897694495179002,7
2025-07-06,2025-07-01,2025-07-11,3.014883123334758,6.408244672737729,4578.84115389423,4577.964639332611,4579.838415840175,1.873776507563889,1.0,0.152871183739498,7
2025-07-06,2025-07-01,2025-07-11,3.58167382999435,22.295428931262684,3787.367163055766,3786.753111390397,3788.200163899455,1.4470525090582669,0.75,0.0226890854674186,7
2025-07-06,2025-07-01,2025-07-11,2.8300668621806335,6.781393891467547,3249.109562993968,3248.835267154034,3249.549846064765,0.7145789107307792,2.0,0.2724909605189696,7
2025-07-06,2025-07-01,2025-07-11,4.625738242063206,5.708105547740886,3291.754977656777,3291.627525941003,3292.11066311365,0.4831371726468205,1.5,0.1216276352160261,7
2025-07-06,2025-07-01,2025-07-11,8.962779457930905,6.089786826927394,2544.9007845138267,2543.144234036095,2547.2840260379016,4.1397920018062,2.25,0.0660734535585527,7
2025-07-06,2025-07-01,2025-07-11,4.64000889870338,9.868925965016157,3027.074453032525,3026.95042267628,3027.432088308502,0.4816656322218478,1.5,0.1015031730536786,7
2025-07-06,2025-07-01,2025-07-11,3.8536118676437896,10.42800186317179,3056.807421907424,3056.6054644184187,3057.0941989766434,0.488734558224678,2.5,0.1930816487441555,7
2025-07-06,2025-07-01,2025-07-11,3.0953564878673294,9.486174516598878,2987.2743317842096,2987.1037625628524,2987.5746534545906,0.4708908917382359,1.25,0.258971192425772,7
2025-07-06,2025-07-01,2025-07-11,3.5745137168970884,8.382487591515032,2897.3522684763457,2897.0659595760517,2897.8042066665366,0.738247090484947,1.0,0.1419846901191412,7
2025-07-06,2025-07-01,2025-07-11,2.475765128029696,5.972727138955457,1823.7882358897796,1823.3076230040751,1824.549588768277,1.2419657642021775,0.75,0.0351726393735235,7
2025-07-06,2025-07-01,2025-07-11,2.065062378551513,11.146651577177808,5652.560211597538,5652.338895464782,5653.073204481043,0.7343090162612498,0.75,0.1206333884626231,7
2025-07-06,2025-07-01,2025-07-11,3.2597781024145895,17.945492313337986,2978.226541730102,2977.945473419968,2978.6510541690513,0.7055807490833104,0.75,0.0844682430435361,7
2025-07-12,2025-07-11,2025-07-14,12.009582627037169,6.015580293702966,1758.1652528119432,1757.577641085256,1758.9376046527177,1.3599635674618185,1.5,0.0699543990639628,7
2025-07-12,2025-07-11,2025-07-14,3.9684656597917902,7.396230325764673,1808.4759044060047,1808.3363287276588,1809.1325741992332,0.7962454715743661,1.0,0.2876371264105115,7
2025-07-12,2025-07-11,2025-07-14,3.90842438778244,7.502700890114853,1824.6429377415911,1824.5392372123897,1825.0133140850812,0.4740768726915121,1.0,0.2197741682372389,7
2025-07-12,2025-07-11,2025-07-14,3.44161953336196,7.393929302918649,1824.1897877841152,1824.0688622971063,1824.5429392657245,0.4740769686177373,1.0,0.216674426780159,7
2025-07-12,2025-07-11,2025-07-14,6.636193366208952,7.414293448704394,1827.4819049923308,1826.9038907387296,1828.753929198254,1.8500384595245123,0.75,0.4010135786444291,7
2025-07-12,2025-07-11,2025-07-14,3.175231553851161,7.514158432322578,1828.0985057606376,1827.6998832565732,1828.878270116635,1.178386860061437,1.0,0.2922698441188176,7
2025-07-12,2025-07-11,2025-07-14,2.128326149372291,9.056073166632103,1830.204931629356,1830.204931629356,1830.4438210478984,0.2388894185423851,1.0,0.1106103642447309,7
2025-07-12,2025-07-11,2025-07-14,6.19918100839844,12.379541292915096,1829.3534027871867,1829.106648400426,1829.8170737405308,0.7104253401048481,1.0,0.2794698818555119,7
2025-07-12,2025-07-11,2025-07-14,7.193694977273233,9.005348652537144,1831.9840753924243,1831.608044696506,1832.5517162117176,0.943671515211463,0.75,0.2470472369330512,7
2025-07-12,2025-07-11,2025-07-14,7.418875129309019,9.241829053051877,1833.144378971576,1832.3128267931752,1833.9668803242969,1.6540535311214626,1.25,0.5020666737095603,7
2025-07-12,2025-07-11,2025-07-14,2.082679756500758,9.784157736567572,1850.5181588678204,1850.3526073489336,1850.8591172024608,0.5065098535269499,0.75,0.1539893233265354,7
2025-07-12,2025-07-11,2025-07-14,7.64199545733342,9.60165181408909,1846.9731727617295,1833.7279909057545,1850.8591172024608,17.131126296706498,1.0,0.3006219667972409,7
2025-07-12,2025-07-11,2025-07-14,3.7106344006414056,7.488620305846889,4409.855386237243,4407.228975306265,4413.102705372963,5.8737300666980445,2.25,0.0792454289373567,7
2025-07-12,2025-07-11,2025-07-14,3.4116042723692024,7.380872730239139,4582.435497211209,4582.0981181976385,4583.093536926433,0.9954187287949026,1.0,0.1204838798138285,7
2025-07-12,2025-07-11,2025-07-14,2.1516895345057363,11.04990193795362,1831.4049229780587,1831.2045732652768,1831.6792717836795,0.4746985184028744,0.75,0.1467392217789176,7
2025-07-12,2025-07-11,2025-07-14,8.615223781792542,12.043368065445955,1829.418038446032,1829.106648400426,1830.0656933784485,0.9590449780225754,1.25,0.1662810416174531,7
2025-07-12,2025-07-11,2025-07-14,2.316221635409072,10.942314718553105,3795.8519132846577,3795.5488702715375,3796.270922544878,0.7220522733405232,1.0,0.067050364428155,7
2025-07-12,2025-07-11,2025-07-14,2.0736632934543584,8.101725311647085,1830.3557177967343,1830.204931629356,1830.6821993216872,0.4772676923312247,1.0,0.1296735214649613,7
2025-07-12,2025-07-11,2025-07-14,5.855735663595516,20.023643052664013,4137.836866729461,4137.129405330867,4138.569200364873,1.439795034006238,1.75,0.0362945878713755,7
2025-07-12,2025-07-11,2025-07-14,9.20141481757667,9.449582286892454,1842.341280492644,1833.7279909057545,1850.323876321316,16.595885415561497,1.5,0.2784309818523356,7
2025-07-12,2025-07-11,2025-07-14,2.3336623546333053,19.263063852024775,1844.363609032386,1843.6245018965565,1845.5049311355688,1.880429239012301,0.75,0.0865406109023159,7
2025-07-12,2025-07-11,2025-07-14,2.6965312008343636,9.599177883073557,1832.7955707609024,1832.549462404102,1833.261622719001,0.7121603148989379,0.75,0.2507655027896538,7
2025-07-12,2025-07-11,2025-07-14,2.4984960534275507,6.626067133912862,2074.284792083298,2074.036677006632,2074.7473251521587,0.7106481455266476,1.0,0.1691664873445941,7
2025-07-12,2025-07-11,2025-07-14,6.880391504854895,8.841133753102044,1831.9600738583072,1831.608044696506,1832.5517162117176,0.943671515211463,1.0,0.2818971049324759,7
2025-07-12,2025-07-11,2025-07-14,4.380837768526748,9.327095506138775,1833.0934063294417,1832.549462404102,1833.7301477906296,1.1806853865273297,1.0,0.1853593846447254,7
2025-07-18,2025-07-14,2025-07-22,10.272081358070858,7.665321616169932,1825.355797031352,1824.7744246665388,1826.186778422445,1.4123537559062245,1.25,0.6037180881482485,7
2025-07-18,2025-07-14,2025-07-22,2.708097032033093,11.635367455746838,3845.4929798078338,3845.2572880666703,3846.2148423278704,0.95755426120013,1.25,0.2221177803822294,7
2025-07-18,2025-07-14,2025-07-22,2.5523238116606137,12.466556214607236,3795.667103786236,3795.5488702715375,3796.0293409870937,0.4804707155562937,1.0,0.027577254720974,7
2025-07-18,2025-07-14,2025-07-22,3.5758556782057505,20.137591177970787,5012.64450715738,5012.3574606711045,5013.074082448613,0.7166217775084078,1.0,0.0655250487153147,7
2025-07-18,2025-07-14,2025-07-22,4.1568980497967445,19.868499449454713,4999.016528235051,4998.897585820872,4999.380113616586,0.4825277957133949,1.0,0.1921982519746445,7
2025-07-18,2025-07-14,2025-07-22,3.821226166673191,11.067385639475871,3403.308941202463,3403.0141093088314,3403.6867422065698,0.6726328977383673,0.75,0.0561847699810619,7
2025-07-18,2025-07-14,2025-07-22,4.208968179132882,8.094679909738963,3062.3534945090787,3054.451981574297,3101.059849301353,46.607867727056146,1.75,0.1249468411306176,7
2025-07-18,2025-07-14,2025-07-22,3.3509699573783203,11.504489464639809,2985.6201671286726,2985.46995213395,2986.176188663114,0.7062365291640162,1.25,0.2089629984980368,7
2025-07-18,2025-07-14,2025-07-22,4.920478692769,10.962842187330605,3060.75310479264,3054.451981574297,3101.059849301353,46.607867727056146,1.75,0.1377314823171516,7
2025-07-18,2025-07-14,2025-07-22,4.437355660502017,10.788327393160332,3073.299192188976,3058.903897802811,3106.59977111686,47.695873314049095,2.25,0.174668661920776,7
2025-07-18,2025-07-14,2025-07-22,2.0605789019443095,9.934084826552406,3284.7275269481916,3284.7180591281503,3285.2013703011908,0.4833111730404198,1.5,0.0873635421025786,7
2025-07-18,2025-07-14,2025-07-22,2.4525420904296453,15.363712455616882,3235.1338870505274,3234.5200561480597,3236.2167507279664,1.6966945799067616,1.0,0.051437970054266,7
2025-07-18,2025-07-14,2025-07-22,3.306839317867439,7.305598985447229,3232.925954398662,3232.604634231422,3233.320719623007,0.7160853915847838,1.75,0.1416954691977778,7
2025-07-25,2025-07-22,2025-07-29,4.737322892240806,13.560825978121704,4193.7831035479285,4193.6159935579635,4194.327692460734,0.7116989027708769,1.5,0.1480911216980751,7
2025-07-25,2025-07-22,2025-07-29,3.649731633666437,15.993349549553974,4193.818354908209,4193.6159935579635,4194.327692460734,0.7116989027708769,0.75,0.3924989329453066,7
2025-07-25,2025-07-22,2025-07-29,2.2140629644636065,11.375078899240949,3799.406420776831,3798.915304475464,3799.9610167206265,1.0457122451625764,1.0,0.195884978625811,7
2025-07-25,2025-07-22,2025-07-29,6.950132284480613,13.237514613438304,4675.301508055225,4660.887128171977,4714.90134286508,54.014214693102986,1.75,0.1275741779742634,7
2025-07-25,2025-07-22,2025-07-29,2.5080241578861147,11.537766464982626,5210.373854935235,5189.707408116665,5218.577212417964,28.869804301299155,0.75,0.0931880003698859,7
2025-07-25,2025-07-22,2025-07-29,2.574076484889537,12.092427110266373,5204.24927667931,5192.49271516921,5221.20754769817,28.71483252895996,0.75,0.0401864083511205,7
2025-07-25,2025-07-22,2025-07-29,4.1366850188703275,12.79134041490057,4403.051829259456,4402.462517732289,4403.885754100978,1.423236368689686,1.5,0.0329544507459528,7
2025-07-25,2025-07-22,2025-07-29,2.0133690972731264,12.090101953443968,2543.737633861447,2543.389225601218,2544.358843229711,0.969617628492415,1.25,0.1246539608070884,7
2025-07-25,2025-07-22,2025-07-29,2.3281995508547872,7.774000339115919,2969.8070874357436,2969.6636419435963,2970.368677488994,0.7050355453975499,0.75,0.20734303669105,7
2025-07-25,2025-07-22,2025-07-29,2.2614932640681045,9.555168606889731,2987.3357640360473,2987.335764036048,2987.5746534545906,0.2388894185423851,1.25,0.1142018396476962,7
2025-07-25,2025-07-22,2025-07-29,2.0309458640212195,10.374928910565815,2987.085990140041,2986.8700888110325,2987.5746534545906,0.7045646435581148,1.0,0.1378795528351339,7
2025-07-25,2025-07-22,2025-07-29,2.7381254319438706,12.111800939111726,1837.358819950727,1837.1687704757787,1837.8813472827896,0.7125768070109189,1.25,0.172072095380944,7
2025-07-25,2025-07-22,2025-07-29,2.55880965937404,7.0713737560126475,1837.78052683866,1837.1381469247865,1838.54946852196,1.41132159717381,1.5,0.0524675328863522,7
2025-07-25,2025-07-22,2025-07-29,2.995233751991391,8.78496630486451,3027.064662549663,3026.95042267628,3027.432088308502,0.4816656322218478,1.25,0.2360659405904397,7
2025-07-25,2025-07-22,2025-07-29,2.056626237625107,10.594489862719904,3056.8795460904676,3056.6054644184187,3057.344044388272,0.7385799698531628,1.75,0.1089676059285327,7
2025-07-25,2025-07-22,2025-07-29,2.7473053550749085,10.027498467977743,3120.024307860437,3094.0399346845224,3135.0163597255014,40.97642504097894,1.5,0.2519627965270388,7
2025-07-25,2025-07-22,2025-07-29,5.465543720703963,6.085756077759534,3312.972198770505,3311.25779856788,3315.1477038539015,3.88990528602153,2.5,0.0677656636402046,7
2025-07-25,2025-07-22,2025-07-29,2.6228519708098466,6.470367006270679,3679.219526379254,3677.9656490557823,3680.719669399783,2.7540203440003097,2.0,0.0725504672416321,7
2025-07-25,2025-07-22,2025-07-29,2.7290267312151375,11.96517426435976,1837.1843153488855,1836.9319267459216,1837.6445035678337,0.71257682191208,0.75,0.1639043667027007,7
2025-07-25,2025-07-22,2025-07-29,10.257439228384849,11.536464519878626,3233.1537240573953,3232.1265153503045,3234.0378847694956,1.9113694191910329,1.25,0.2481960898682267,7
2025-08-01,2025-07-29,2025-08-05,2.9968820889793335,12.240415848947713,1832.103865784266,1831.608044696506,1832.7883518226445,1.1803071261383593,0.75,0.2841218221043773,8
2025-08-01,2025-07-29,2025-08-05,2.7729543147202587,11.844781293694092,3795.403419145278,3795.307288846001,3795.78775969008,0.480470844078809,1.0,0.0280118194073442,8
2025-08-01,2025-07-29,2025-08-05,10.104845028949622,12.793759175323586,3795.362348647247,3794.829506809823,3796.0293409870937,1.1998341772705317,1.5,0.0931204082217118,8
2025-08-01,2025-07-29,2025-08-05,3.301396222465951,12.75338613692307,3556.1787399657887,3555.5755270873196,3556.9804767821915,1.4049496948719025,0.75,0.031946552429023,8
2025-08-01,2025-07-29,2025-08-05,2.1083717162414453,11.58431632651038,3845.438481601942,3845.2572880666703,3845.9752871771343,0.7179991104640067,1.25,0.1976386011648201,8
2025-08-01,2025-07-29,2025-08-05,2.0874909893902016,14.225877929555072,3844.5182772578446,3844.075908354483,3845.0258322563022,0.9499239018186928,1.25,0.1048543311023553,8
2025-08-01,2025-07-29,2025-08-05,6.215789197999051,6.851185309397464,4463.180532538821,4460.959124838933,4465.928217671346,4.969092832412571,1.25,0.1387481553678737,8
2025-08-01,2025-07-29,2025-08-05,3.723429019286763,15.100745240445804,4190.990582207511,4190.769569366239,4191.481275539845,0.7117061736062169,1.25,0.1338839840323147,8
2025-08-01,2025-07-29,2025-08-05,3.413935713649466,9.40771252986699,3284.7286748757124,3284.7180591281503,3285.2013703011908,0.4833111730404198,2.75,0.1151785582918929,8
2025-08-01,2025-07-29,2025-08-05,2.1119675992140543,10.914431285718733,1836.802987447098,1836.5559365814552,1837.170816164464,0.6148795830085874,0.75,0.0835133669009824,8
2025-08-01,2025-07-29,2025-08-05,2.786852901091054,7.789216856522488,1826.8951885817048,1826.76040034974,1827.467238605488,0.7068382557481527,0.75,0.1965014383820884,8
2025-08-01,2025-07-29,2025-08-05,4.689117993696685,7.49369584573909,1824.3708597338,1824.0688622971063,1825.0133140850812,0.9444517879746854,1.0,0.1128263671982454,8
2025-08-01,2025-07-29,2025-08-05,2.019354949433543,15.308811742917827,3235.726965410238,3234.759120365139,3236.4559282069094,1.696807841770351,1.0,0.0301323041329276,8
2025-08-01,2025-07-29,2025-08-05,2.0437870063808377,12.418214057641118,4710.722999360327,4660.630049765576,4714.90134286508,54.27129309950397,1.75,0.1242834926142943,8
2025-08-01,2025-07-29,2025-08-05,5.884244129580818,10.61147586856187,3074.0282427139564,3058.666083530057,3106.59977111686,47.93368758680299,2.5,0.1869103446505637,8
2025-08-01,2025-07-29,2025-08-05,5.213434281184152,10.84284554746392,3060.0922752219267,3054.451981574297,3101.059849301353,46.607867727056146,2.25,0.1261678711458635,8
2025-08-01,2025-07-29,2025-08-05,2.442463943084888,11.817282229641409,2985.5841392427214,2985.2382291802205,2985.9425150123425,0.7042858321219683,1.0,0.1900793584482518,8
2025-08-01,2025-07-29,2025-08-05,6.4227886708366695,15.112881567780592,3236.116095838025,3235.738684007898,3236.695105329156,0.9564213212579488,1.5,0.0972527916770971,8
2025-08-01,2025-07-29,2025-08-05,4.5148941490830845,5.641475521990909,2563.675100222187,2563.3743040808477,2564.3377419011667,0.9634378203190864,0.5,0.0966901835122235,8
2025-08-09,2025-08-05,2025-08-13,3.5774263761326672,12.671993988076318,4192.120243413758,4191.998165960889,4192.47345996974,0.4752940088510513,1.5,0.1680429654462001,8
2025-08-09,2025-08-05,2025-08-13,2.6260283639634956,6.371284535283909,3989.1283836852745,3988.7661069249734,3989.714174462948,0.9480675379745662,0.5,0.1719913607105949,8
2025-08-09,2025-08-05,2025-08-13,3.3946108735811897,13.10570683043434,4682.86675705372,4660.887128171977,4714.90134286508,54.014214693102986,1.25,0.0397489567239367,8
2025-08-09,2025-08-05,2025-08-13,4.746628829540126,5.699006904529617,2545.4463830956793,2544.364878834691,2546.7944982554764,2.429619420785457,1.5,0.0910672486645725,8
2025-08-09,2025-08-05,2025-08-13,2.0460138140957804,12.10782490376184,2539.806547099774,2539.69519082224,2540.1795328785665,0.4843420563265681,1.0,0.1677661323843082,8
2025-08-09,2025-08-05,2025-08-13,2.367755756612355,16.253082431530707,1841.1387173405697,1840.9304858306425,1841.6088376352564,0.6783518046140671,0.75,0.0824063763874694,8
2025-08-09,2025-08-05,2025-08-13,3.0132197363134474,10.436349937963048,1833.4460029288553,1833.2545258319003,1833.9668803242969,0.7123544923961163,0.75,0.1449785224971989,8
2025-08-09,2025-08-05,2025-08-13,2.907907127819676,9.716016165805067,1830.5850460221784,1830.242028045468,1831.1897234474309,0.9476954019628464,0.75,0.1988684877876423,8
2025-08-09,2025-08-05,2025-08-13,5.911542023437656,11.48378059366114,1829.0119932109465,1828.6393806980925,1829.5813057892956,0.941925091203302,0.75,0.218004170941457,8
2025-08-09,2025-08-05,2025-08-13,3.0769482664979995,8.459025156402609,1830.5601834303095,1829.4951081108304,1831.1897234474309,1.694615336600691,0.75,0.2289730367078402,8
2025-08-09,2025-08-05,2025-08-13,6.290555613767356,7.523869695243521,1822.5234078071308,1822.1919853542931,1823.136436516419,0.9444511621259152,0.75,0.5362844476197193,8
2025-08-09,2025-08-05,2025-08-13,3.4981288253181613,7.579559351300484,1823.9411832142664,1823.8265384738336,1824.307751715649,0.481213241815567,0.75,0.1033858357955164,8
2025-08-09,2025-08-05,2025-08-13,3.049606178098731,12.06789927983164,1837.0046384388231,1835.7675867704677,1837.8813472827896,2.113760512322187,1.0,0.1871189590518485,8
2025-08-09,2025-08-05,2025-08-13,2.5148050340314394,18.297664686770556,2555.8950716260624,2555.3617838555947,2556.9489222494885,1.587138393893838,1.0,0.0843835428342643,8
2025-08-09,2025-08-05,2025-08-13,3.0047355786139147,7.679352771341242,3077.636470728554,3054.451981574297,3101.059849301353,46.607867727056146,2.0,0.1063048497740415,8
2025-08-09,2025-08-05,2025-08-13,7.2720274148368285,11.865250918765666,1829.1232341208547,1828.87088014232,1829.5813057892956,0.7104256469756365,1.0,0.282503455056311,8
2025-08-09,2025-08-05,2025-08-13,2.8088242178602982,20.231686191967484,4133.250267739621,4132.093033838086,4134.460052747745,2.3670189096592367,1.25,0.0728666993922111,8
2025-08-17,2025-08-13,2025-08-21,3.359160519982465,11.770720471062583,1836.8853991924057,1836.5559365814552,1837.4076598943211,0.8517233128659427,1.25,0.0825316290378619,8
2025-08-17,2025-08-13,2025-08-21,4.072828085623309,12.466947860902186,1830.5046808122927,1829.4951081108304,1831.1897234474309,1.694615336600691,1.0,0.2061719283255825,8
2025-08-17,2025-08-13,2025-08-21,4.587953102732356,14.173291949883216,2546.2758032686834,2545.3567118835635,2547.5287899216637,2.172078038100153,2.0,0.0595918086670904,8
2025-08-17,2025-08-13,2025-08-21,4.807134144244994,15.39201606333698,2548.430408001547,2547.993332101498,2549.1655379906297,1.1722058891318738,1.75,0.0514324773912877,8
2025-08-17,2025-08-13,2025-08-21,2.201011420248607,5.201723253688475,1829.8000772795035,1829.4951081108304,1831.1897234474309,1.694615336600691,1.25,0.225031077434803,8
2025-08-17,2025-08-13,2025-08-21,2.8447710433931093,11.281170545293236,3233.569066762561,3233.3208851534873,3234.0378847694956,0.7169996160082519,0.75,0.1813944722343685,8
2025-08-17,2025-08-13,2025-08-21,12.96887354559498,14.041605551852326,2546.173779877944,2543.6301043066196,2548.504230109509,4.874125802889466,3.25,0.0969930453179246,8
2025-08-17,2025-08-13,2025-08-21,3.3539913112993345,9.497507600196798,1830.6030303100747,1830.242028045468,1831.1897234474309,0.9476954019628464,0.75,0.13779581375289,8
2025-08-17,2025-08-13,2025-08-21,4.863211643577181,7.749961961352489,1826.4914233704496,1826.1493307421915,1827.0948261697777,0.9454954275861382,0.75,0.0938434676445798,8
2025-08-17,2025-08-13,2025-08-21,6.2163314769791445,9.427817983924628,1831.1127237365456,1830.242028045468,1833.429402159527,3.187374114058912,1.5,0.1369080598741856,8
2025-08-17,2025-08-13,2025-08-21,2.356490030245669,7.901807822204291,1777.195527569212,1777.0865184473805,1777.6207780283876,0.5342595810070634,1.0,0.3729871429868003,8
2025-08-17,2025-08-13,2025-08-21,15.076107550980616,8.23786201120844,1799.090337519901,1798.5713945296593,1799.9371466557495,1.3657521260902286,1.25,0.2500112957316203,8
2025-08-17,2025-08-13,2025-08-21,13.460524691214506,7.602857297132822,1825.2967632864743,1824.5392372123897,1826.186778422445,1.6475412100553513,1.5,0.5417613053980386,8
2025-08-17,2025-08-13,2025-08-21,3.968237520397082,5.979968886937058,1831.1846834196551,1830.7329547391273,1831.9279638114383,1.1950090723112226,0.75,0.1777311543659276,8
2025-08-17,2025-08-13,2025-08-21,5.504557946093213,17.139389960444245,2549.807755154367,2548.7256240886636,2551.4121160036884,2.686491915024817,2.25,0.155704913713075,8
2025-08-17,2025-08-13,2025-08-21,2.153039856944047,13.3013721324508,3845.332013580293,3845.0264950776473,3845.735732305795,0.7092372281476855,1.0,0.3270173627689532,8
2025-08-17,2025-08-13,2025-08-21,3.438508595908992,21.711353819112144,4126.416691778394,4126.271640992258,4126.8526643635705,0.5810233713127673,0.75,0.2255444331790879,8
2025-08-23,2025-08-21,2025-08-25,4.526245577028673,9.242824404032666,1835.5928839338928,1835.3607043018565,1836.0733276498504,0.7126233479939401,0.75,0.2237997526811685,8
2025-08-23,2025-08-21,2025-08-25,3.0188615279888085,12.739507800534486,3027.2217574702536,3026.444823590573,3028.1218108860776,1.6769872955046594,1.25,0.1162579395415952,8
2025-08-23,2025-08-21,2025-08-25,2.427186367545556,10.743861704768834,3554.950985136928,3554.644113986753,3555.5813705082983,0.9372565215453506,0.75,0.1616571093221286,8
2025-08-23,2025-08-21,2025-08-25,4.857413200165611,12.278361647911522,1829.9305513339643,1829.5781843219884,1830.5371500421315,0.9589657201431692,0.75,0.3122308719696542,8
2025-08-23,2025-08-21,2025-08-25,10.071847830789906,9.37124040555839,1838.6158450665748,1835.123837464489,1850.8591172024608,15.735279737971725,1.25,0.3629000934699267,8
2025-08-23,2025-08-21,2025-08-25,3.520469405406118,8.081430844695355,2969.576549483561,2969.1969990716316,2970.135852638632,0.9388535670004784,1.25,0.2062007478975025,8
2025-08-23,2025-08-21,2025-08-25,3.768023701493162,8.273332266114673,3068.993416838233,3054.451981574297,3101.059849301353,46.607867727056146,1.25,0.1165977869392242,8
2025-08-23,2025-08-21,2025-08-25,4.416633556224685,12.105968106400882,1830.125181142884,1829.731715867296,1830.6821993216872,0.9504834543913604,1.0,0.0740633950950009,8
2025-08-23,2025-08-21,2025-08-25,2.918953374533076,10.530203493005375,3247.02662616075,3246.673597677611,3247.6325510442257,0.9589533666148782,0.75,0.1676054604230703,8
2025-08-23,2025-08-21,2025-08-25,4.1367972968970435,5.744488043755227,1769.292323844027,1767.386592529714,1771.363488507457,3.97689597774297,0.75,0.0845915520814943,8
2025-08-30,2025-08-25,2025-09-05,3.141115755989123,8.991991206060009,1767.210537494516,1767.0899181836285,1767.6254819482565,0.5355637646280229,1.25,0.0564703635378271,8
2025-08-30,2025-08-25,2025-09-05,5.0343645647154185,9.653688395021598,1830.271286719301,1829.4951081108304,1831.1897234474309,1.694615336600691,1.5,0.2134377354007832,8
2025-08-30,2025-08-25,2025-09-05,2.2982034010155123,9.75008692497634,1779.200273273065,1778.8512993645854,1779.633286725264,0.7819873606786132,1.25,0.0171605101556704,8
2025-08-30,2025-08-25,2025-09-05,7.232423729807325,7.6640239435286865,1779.1653480416985,1778.557136323303,1779.633286725264,1.0761504019610584,3.0,0.0913598228513445,8
2025-08-30,2025-08-25,2025-09-05,2.241229469140247,9.88670329049539,1778.4847629928645,1778.2629735940136,1779.0901887831278,0.827215189114213,1.0,0.0562948403841423,8
2025-08-30,2025-08-25,2025-09-05,3.279246992802247,12.490898217388295,1829.106205974021,1828.87088014232,1829.5813057892956,0.7104256469756365,1.0,0.0787878399190722,8
2025-08-30,2025-08-25,2025-09-05,2.1651139253807252,5.315661618531327,3119.7447652811043,3094.0399346845224,3135.0163597255014,40.97642504097894,1.0,0.217169101062804,8
2025-08-30,2025-08-25,2025-09-05,2.7285489523780533,5.756179571403213,2545.6094671729757,2545.111892455723,2546.537455854472,1.4255633987486362,0.75,0.0549270142341584,8
2025-08-30,2025-08-25,2025-09-05,2.0160039281149396,5.396453310747899,2546.6806263618714,2546.2985664359294,2547.2840260379016,0.985459601972252,1.0,0.100297627862772,8
2025-08-30,2025-08-25,2025-09-05,3.8059372438864782,15.115865239918037,2543.879682531392,2542.8992424681783,2545.105962735135,2.206720266956836,1.5,0.1187042854866859,8
2025-08-30,2025-08-25,2025-09-05,2.393443237176444,9.468967219172889,2987.3077603219604,2987.1037625628524,2987.5746534545906,0.4708908917382359,1.25,0.1755530981313691,8
2025-08-30,2025-08-25,2025-09-05,4.240965744520706,5.749955901423211,3077.6364707285534,3054.451981574297,3101.059849301353,46.607867727056146,4.25,0.2455942122116328,8
2025-08-30,2025-08-25,2025-09-05,7.604359862778577,9.813832557751748,3071.234225436064,3054.451981574297,3101.059849301353,46.607867727056146,2.25,0.2366594899261542,8
2025-08-30,2025-08-25,2025-09-05,4.5977959439998495,10.285317020535372,3056.8467118564813,3056.6054644184187,3057.344044388272,0.7385799698531628,3.75,0.1903448003749974,8
2025-08-30,2025-08-25,2025-09-05,4.673600334291719,8.628542468474404,3058.882224876663,3058.666083530057,3059.1427872213535,0.4767036912962794,4.25,0.274569216170728,8
2025-08-30,2025-08-25,2025-09-05,3.018742262446601,11.2973865331705,3245.5668998062665,3245.2294886275195,3246.192553335335,0.9630647078156472,0.75,0.04882784806361,8
2025-08-30,2025-08-25,2025-09-05,5.487552125055436,15.158825835378565,4190.955292971262,4190.769569366239,4191.481275539845,0.7117061736062169,1.0,0.1060509556105504,8
2025-08-30,2025-08-25,2025-09-05,7.057956217986812,14.437452186069205,4192.1400717032375,4191.998165960889,4192.47345996974,0.4752940088510513,2.0,0.3386995983738705,8
2025-08-30,2025-08-25,2025-09-05,7.054596238315012,16.398935717205788,4193.861553509699,4193.6159935579635,4194.327692460734,0.7116989027708769,1.0,0.2388493359855892,8
2025-08-30,2025-08-25,2025-09-05,2.6472112859291954,22.67916607445409,1892.4910768078876,1892.1269194441848,1893.0764720011505,0.9495525569655,0.5,0.3179797215774282,8
2025-08-30,2025-08-25,2025-09-05,5.255256651688367,10.835887518353356,1836.8134471060753,1835.7675867704677,1837.8813472827896,2.113760512322187,1.0,0.1398136251937787,8
2025-08-30,2025-08-25,2025-09-05,6.711321341112219,9.557683434956436,1845.8408147944615,1833.7279909057545,1850.591496767476,16.863505861721933,1.25,0.2863956065909212,8
2025-08-30,2025-08-25,2025-09-05,2.613450238853693,9.132851919561244,3555.57552708732,3555.5755270873196,3555.814416505862,0.2388894185423851,1.0,0.0992799367293462,8
2025-08-30,2025-08-25,2025-09-05,3.60707374742087,14.644132824966912,3553.891134296916,3553.681414702907,3554.153079412412,0.4716647095046937,1.0,0.1552419922196501,8
2025-08-30,2025-08-25,2025-09-05,4.684503008464574,6.292590652088907,3989.213618430162,3988.529715438839,3990.1869572456926,1.6572418068535626,1.25,0.2106962166662151,8
2025-08-30,2025-08-25,2025-09-05,2.063987853946909,8.517367545223168,1769.3083775441858,1768.8472256199457,1769.9760404820554,1.1288148621097207,0.75,0.0618220540992675,8
2025-08-30,2025-08-25,2025-09-05,3.416889700754452,7.033125696630358,1814.0541621453224,1813.8065992840568,1814.5794595810585,0.7728602970018983,0.75,0.0416373328319963,8
2025-08-30,2025-08-25,2025-09-05,7.231288407845702,12.332933541523218,1829.279632412919,1828.87088014232,1829.8170737405308,0.9461935982108116,1.25,0.1697576872586848,8
2025-08-30,2025-08-25,2025-09-05,3.43589156232886,9.73791066498317,1850.3115667327315,1850.0849869027736,1850.8591172024608,0.7741302996873856,0.75,0.2387913693466137,8
2025-08-30,2025-08-25,2025-09-05,2.330815389987826,11.774965972728989,3094.4026882747085,3063.851749924943,3110.507060936652,46.65531101170927,0.75,0.2149713524033614,8
2025-08-30,2025-08-25,2025-09-05,3.0072713300693867,20.440616779546033,4133.206325605865,4132.093033838086,4134.460052747745,2.3670189096592367,1.25,0.0638486723115161,8
2025-08-30,2025-08-25,2025-09-05,3.9180629785970784,11.24419518866275,1837.4115741883184,1837.1687704757787,1837.8813472827896,0.7125768070109189,0.75,0.0776472028401209,8
2025-08-30,2025-08-25,2025-09-05,2.1936116413421933,12.666984366526036,4803.890184586545,4803.651578262914,4804.229087186512,0.5775089235976338,1.25,0.0699035376455348,8
2025-08-30,2025-08-25,2025-09-05,6.927998642351469,6.750112750965723,1820.8916469913725,1820.639994826168,1821.3821523124352,0.7421574862673879,1.0,0.1554721073885234,8
2025-08-30,2025-08-25,2025-09-05,5.282548394142679,6.1970929481722,1818.4663285330328,1818.0759923579171,1819.0977916629056,1.0217993049882352,1.25,0.0686540297924231,8
2025-08-30,2025-08-25,2025-09-05,2.619191348804813,6.331032571729425,1821.8617255421443,1821.610530110076,1822.378674859181,0.7681447491049767,0.75,0.0735708281723579,8
2025-08-30,2025-08-25,2025-09-05,2.0686357461964247,6.419435543136789,1810.54181672175,1810.2642488288693,1811.0600056415424,0.7957568126730621,0.75,0.0254868550512307,8
2025-09-08,2025-09-05,2025-09-11,2.9451738771122877,16.98205646907001,4636.309730273099,4626.11813028343,4650.261260311585,24.1431300281547,0.75,0.1643765577323508,9
2025-09-08,2025-09-05,2025-09-11,13.153756636063942,6.365919947862517,1776.549583661449,1775.9156842813827,1777.6207780283876,1.7050937470048666,1.25,0.287562201219087,9
2025-09-08,2025-09-05,2025-09-11,4.514029966611507,8.052840471059925,1789.6992870966292,1787.676325592678,1791.8644361747429,4.188110582064837,1.0,0.0718721322631321,9
2025-09-08,2025-09-05,2025-09-11,20.512247687047996,10.130739549012576,1799.9065426286018,1799.128653746564,1800.7790264603682,1.650372713804245,1.5,0.5401247979672519,9
2025-09-08,2025-09-05,2025-09-11,3.404924327003211,6.287597680230461,1777.5744652753478,1777.3818886098452,1777.916148077231,0.5342594673857093,0.75,0.2382961539850492,9
2025-09-08,2025-09-05,2025-09-11,3.022734642131636,15.446951155094789,2548.5879298600457,2548.192794197239,2549.7167714722455,1.523977275006473,1.75,0.0954258458250434,9
2025-09-08,2025-09-05,2025-09-11,2.944153819295112,14.044730700534616,3242.9355558896004,3242.591701409314,3243.551123660058,0.9594222507439554,1.0,0.0933289015921856,9
2025-09-08,2025-09-05,2025-09-11,6.250763803320751,8.623582890040597,1799.760956263069,1799.4134553060867,1800.2219484294765,0.8084931233897805,1.0,0.4472171334333152,9
2025-09-08,2025-09-05,2025-09-11,2.4425624849700367,6.4610841487844475,1793.9990546773995,1793.892507023178,1794.4210933716968,0.5285863485187292,1.25,0.1397839797645605,9
2025-09-08,2025-09-05,2025-09-11,3.569098093778733,9.167954591508815,1830.715346112384,1830.4782967111096,1831.1897234474309,0.7114267363213003,0.75,0.1020264248466218,9
2025-09-08,2025-09-05,2025-09-11,3.708284624598269,17.4934575783993,2550.938065725116,2549.9593965602107,2552.137757829856,2.178361269645393,1.75,0.1215003819975235,9
2025-09-08,2025-09-05,2025-09-11,2.5972101181246994,12.306108671451137,2544.014742448819,2543.389225601218,2544.8611435471103,1.4719179458916187,1.25,0.0506958233605686,9
2025-09-08,2025-09-05,2025-09-11,2.43882028222857,9.64488280797542,1830.3141653000416,1829.4951081108304,1831.1897234474309,1.694615336600691,0.5,0.0809787966141839,9
2025-09-08,2025-09-05,2025-09-11,2.097718442621548,6.396442114067926,3987.335657936649,3986.874906232581,3987.822975453455,0.9480692208744586,0.5,0.0607244755111691,9
2025-09-08,2025-09-05,2025-09-11,3.817022907353938,12.77423833723448,3556.3760308793685,3555.5755270873196,3557.213260166347,1.6377330790273843,0.75,0.1260730114679331,9
2025-09-13,2025-09-11,2025-09-15,2.053960470603593,5.997182542244056,4571.813652095877,4571.471006365493,4572.416031605564,0.945025240071118,0.75,0.1380872844234448,9
2025-09-13,2025-09-11,2025-09-15,3.344374817755911,14.515083249239131,4820.487375715788,4790.459631836973,4823.776240597945,33.316608760971576,1.25,0.13128185007518,9
2025-09-13,2025-09-11,2025-09-15,22.699681050803143,14.59116623190637,4193.807019612565,4193.3795886780135,4194.327692460734,0.9481037827208638,4.25,0.050247535916077,9
2025-09-13,2025-09-11,2025-09-15,2.487597918153648,13.33560553442981,4192.038268865271,4191.998165960889,4192.47345996974,0.4752940088510513,1.25,0.0192758653107083,9
2025-09-13,2025-09-11,2025-09-15,2.2140121407398112,19.70831920420048,2036.0379302080644,2034.8736157668752,2037.7280825078487,2.854466740973294,1.75,0.1052806443352039,9
2025-09-13,2025-09-11,2025-09-15,2.297604983022064,10.793331104840371,1836.704260540116,1836.5559365814552,1837.170816164464,0.6148795830085874,0.75,0.0761112221769999,9
2025-09-13,2025-09-11,2025-09-15,6.831239409766254,9.639432101489646,1836.4730011275135,1835.123837464489,1850.8591172024608,15.735279737971725,1.25,0.275323537140113,9
2025-09-13,2025-09-11,2025-09-15,2.4911890233378857,9.778305193316974,1829.927998150375,1829.731715867296,1830.4438210478984,0.7121051806025207,0.75,0.28434634137811,9
2025-09-13,2025-09-11,2025-09-15,5.799683247652277,7.437691971517883,1828.510971324056,1827.932078186888,1829.3455378189683,1.4134596320800483,1.0,0.3399799619643096,9
2025-09-13,2025-09-11,2025-09-15,2.2153756618184968,7.002826423698557,1827.5493591650843,1827.2283491869457,1828.1709676054304,0.9426184184849262,0.75,0.2004384140334991,9
2025-09-13,2025-09-11,2025-09-15,2.607470060316967,7.391973027540372,1829.0211652383691,1828.5150397797115,1829.4743687529117,0.9593289732001722,0.75,0.2524311715264149,9
2025-09-13,2025-09-11,2025-09-15,3.104601986143757,7.406872910195033,1807.5958704496184,1807.2222313843668,1808.296540129464,1.074308745097369,1.5,0.2410835789942567,9
2025-09-13,2025-09-11,2025-09-15,8.915197045489148,7.1837920886838695,1777.56661144827,1777.3818886098452,1777.9787779222245,0.5968893123790622,3.25,0.366275913326195,9
2025-09-13,2025-09-11,2025-09-15,3.4502440385948865,8.051916259602503,1767.635560735498,1767.386592529714,1768.244923938997,0.8583314092829823,1.0,0.205609106576925,9
2025-09-13,2025-09-11,2025-09-15,5.441381489354913,5.703369648915785,1769.952969463096,1767.0899181836285,1774.512178848032,7.422260664403439,0.75,0.2014080416960673,9
2025-09-13,2025-09-11,2025-09-15,3.225762578385985,7.373583773867487,1828.1844515308885,1827.809366192203,1828.753929198254,0.9445630060508848,0.75,0.3083962741453705,9
2025-09-13,2025-09-11,2025-09-15,2.406969454666087,5.24510445403659,3249.212949338418,3249.075202986598,3249.7897692155093,0.7145662289112806,1.25,0.1137064462996451,9
2025-09-13,2025-09-11,2025-09-15,3.7218732519485056,14.88380990892111,2547.6734326390892,2547.0451366193593,2548.504230109509,1.4590934901498258,1.25,0.1098389992893833,9
2025-09-13,2025-09-11,2025-09-15,4.346816331985035,13.361889430936085,2545.329482319879,2544.1199538111687,2546.7944982554764,2.674544444307685,2.5,0.095672207600419,9
2025-09-13,2025-09-11,2025-09-15,3.152382975414675,7.3061354138387085,2541.9227455536156,2541.4586655860767,2542.4070356604643,0.9483700743876398,0.75,0.1779787976440072,9
2025-09-13,2025-09-11,2025-09-15,4.016114543214254,9.196372870109666,1835.4245205922227,1835.123837464489,1835.8364607566036,0.7126232921145856,0.75,0.1045129814987788,9
2025-09-13,2025-09-11,2025-09-15,2.891378966174275,14.653079615100523,2546.9760461813316,2546.2985664359294,2547.7699436349794,1.471377199050039,1.0,0.112854111731786,9
2025-09-18,2025-09-15,2025-09-22,3.7781788906754,5.613052518249785,3291.7379343028606,3291.627525941003,3292.11066311365,0.4831371726468205,1.25,0.0543277230543842,9
2025-09-18,2025-09-15,2025-09-22,3.158248905086982,10.913334621731815,3249.2462204264266,3248.835267154034,3249.7897692155093,0.9545020614750684,0.75,0.0556660568435285,9
2025-09-18,2025-09-15,2025-09-22,3.830326659072563,11.230923141545814,3245.6671911350036,3245.2294886275195,3246.432640194893,1.2031515673734248,0.75,0.1091864225152328,9
2025-09-18,2025-09-15,2025-09-22,6.312277231371867,6.71600684657583,3018.261675110295,3018.1251457412727,3018.848334544804,0.7231888035312295,1.5,0.1560214164031137,9
2025-09-18,2025-09-15,2025-09-22,3.150272387401852,7.189135101707857,3075.484225679,3054.451981574297,3101.059849301353,46.607867727056146,1.5,0.1280362451325523,9
2025-09-18,2025-09-15,2025-09-22,4.855898641252051,10.957741800949456,1832.848560258887,1832.549462404102,1833.261622719001,0.7121603148989379,0.75,0.1110062987440363,9
2025-09-18,2025-09-15,2025-09-22,2.44579226990873,6.15277908348434,1839.0359593462688,1835.123837464489,1850.8591172024608,15.735279737971725,1.25,0.0670165825929869,9
2025-09-18,2025-09-15,2025-09-22,2.548385600151234,6.1409548689180165,3058.362759269204,3057.915753180627,3058.9049729485996,0.989219767972827,2.0,0.0648986288352437,9
2025-09-18,2025-09-15,2025-09-22,2.2437779414572567,6.350720673155647,3074.2362756802254,3059.1540163042955,3106.2635342283174,47.10951792402193,1.0,0.1247085528222768,9
2025-09-18,2025-09-15,2025-09-22,2.264092142052427,6.808044759133508,3058.697921756502,3058.1658632061444,3059.392905722838,1.2270425166934729,2.0,0.1281993946656845,9
2025-09-26,2025-09-22,2025-09-30,2.5296299141226335,6.209386103667678,1785.2965224500983,1785.0759827904403,1785.9015936502255,0.825610859785229,0.75,0.0539088069399212,9
2025-09-26,2025-09-22,2025-09-30,2.1827026365997457,6.242599507085272,1786.1707644109365,1785.6627042316832,1787.035164655652,1.3724604239687324,0.75,0.1083058592905894,9
2025-09-26,2025-09-22,2025-09-30,3.1569239049270372,16.3012784959305,1843.47638583017,1843.1485017747616,1844.1013916768136,0.9528899020515382,0.75,0.1639295838281307,9
2025-09-26,2025-09-22,2025-09-30,4.4739813500399706,14.232091895653372,5208.448131056907,5192.749108768068,5221.20754769817,28.458438930101693,1.25,0.0895514374301198,9
2025-09-26,2025-09-22,2025-09-30,3.624912217526977,13.99566471107602,4810.002972282398,4790.459631836973,4823.776240597945,33.316608760971576,1.25,0.0941061756988903,9
2025-09-26,2025-09-22,2025-09-30,3.974521506551839,12.215841274482727,4770.077185945727,4769.427451740019,4771.748894616496,2.3214428764767945,1.25,0.1353331642456212,9
2025-09-26,2025-09-22,2025-09-30,2.955680830963328,5.125790861088907,4717.583870899326,4693.51801820891,4746.266996385064,52.74897817615419,1.0,0.0718763042663794,9
2025-09-26,2025-09-22,2025-09-30,3.4414409635216003,19.551144922254615,1868.625839776609,1868.529407621361,1869.0065452740528,0.4771376526914537,0.75,0.1714708427900868,9
2025-09-26,2025-09-22,2025-09-30,2.3831011170241982,18.375853569907022,1836.5433655953632,1836.4255132591352,1836.9019473195076,0.4764340603724122,1.0,0.0872230609283875,9
2025-09-26,2025-09-22,2025-09-30,2.5529948520372994,7.826143278358247,1831.1752522372328,1830.968764060177,1831.6792717836795,0.7105077235028148,1.0,0.1405072883685099,9
2025-09-26,2025-09-22,2025-09-30,13.200752634705523,6.059260826077394,1830.1373308238365,1828.4036131710743,1832.1637333366089,3.7601201655343175,1.0,0.5853081911702773,9
2025-09-26,2025-09-22,2025-09-30,9.50239159599822,6.125558797698138,1827.1859817686825,1826.053100600839,1828.406735203229,2.3536346023902297,0.5,0.4864566038391871,9
2025-09-26,2025-09-22,2025-09-30,4.570416827740706,7.105469859687481,1798.8295038040803,1798.5713945296593,1799.3675431651063,0.7961486354470253,1.0,0.2080128211987308,9
2025-10-04,2025-09-30,2025-10-08,2.3263734204170943,11.783681223104386,4696.003756546711,4660.630049765576,4714.90134286508,54.27129309950397,1.75,0.2230105178825603,10
2025-10-04,2025-09-30,2025-10-08,3.3901137802771295,13.38427468930003,4682.209273264441,4660.887128171977,4714.90134286508,54.014214693102986,1.25,0.0577166355966113,10
2025-10-04,2025-09-30,2025-10-08,3.6144037108947145,20.506643522680744,5019.040580623959,5018.973216102924,5019.699977591634,0.7267614887095988,2.25,0.325599052531893,10
2025-10-04,2025-09-30,2025-10-08,2.169816463584732,20.10079887470264,5023.461354888335,5023.297495641746,5023.78043976659,0.4829441248439252,1.5,0.149530263473534,10
2025-10-04,2025-09-30,2025-10-08,5.9725346725563515,7.694078026690862,1779.1263164567886,1778.8512993645854,1779.633286725264,0.7819873606786132,2.5,0.0996521207118716,10
2025-10-04,2025-09-30,2025-10-08,2.5565473765804434,9.538219846609952,1797.151345278406,1796.8661473728716,1797.811030703131,0.944883330259472,0.75,0.4199872229007884,10
2025-10-04,2025-09-30,2025-10-08,3.6912177673140536,6.362437445697284,1811.6484756509733,1808.9664905928075,1812.9021542812695,3.935663688462227,1.0,0.1779128714493483,10
2025-10-04,2025-09-30,2025-10-08,2.1668954432195053,5.811327027502273,1829.542928004032,1829.3424163707532,1830.0656933784485,0.7232770076952875,0.75,0.2783479974327951,10
2025-10-04,2025-09-30,2025-10-08,6.097091675106706,12.274164056085432,1830.0345373821856,1829.731715867296,1830.6821993216872,0.9504834543913604,1.25,0.053867421522043,10
2025-10-04,2025-09-30,2025-10-08,9.26738413050715,11.939536151761054,1832.798796016085,1832.3128267931752,1833.493415250443,1.1805884572677314,1.5,0.0994418759543691,10
2025-10-04,2025-09-30,2025-10-08,6.499408271269314,12.237565684490605,1835.719788509526,1833.2545258319003,1850.323876321316,17.06935048941523,1.25,0.1209792375645824,10
2025-10-04,2025-09-30,2025-10-08,2.725408750971313,9.529760609536831,1832.256606140028,1832.0811993503012,1832.7883518226445,0.7071524723432958,0.75,0.1821808734881091,10
2025-10-04,2025-09-30,2025-10-08,4.507446771460026,11.573243128436314,1837.094223446251,1836.792761419434,1837.6445035678337,0.851742148399353,1.5,0.0776235733541519,10
2025-10-04,2025-09-30,2025-10-08,7.99712488359725,7.728384889143464,1777.5680515265524,1777.3818886098452,1777.9787779222245,0.5968893123790622,1.25,0.1087689089342847,10
2025-10-04,2025-09-30,2025-10-08,4.606539893942047,6.781050720583866,1768.9964711598109,1768.8472256199457,1769.3827569852583,0.5355313653126359,1.5,0.1500529741875578,10
2025-10-04,2025-09-30,2025-10-08,2.5619373190863057,8.978809409694653,1850.0828866153429,1849.8173664677888,1850.591496767476,0.7741302996873856,0.75,0.2067024277282625,10
2025-10-04,2025-09-30,2025-10-08,4.5879447416027075,20.30151752972453,4137.942080906894,4137.365955000278,4138.569200364873,1.2032453645952046,1.5,0.0800462755743547,10
2025-10-04,2025-09-30,2025-10-08,3.585262426839694,7.541850246021435,3060.7512160729534,3054.451981574297,3101.059849301353,46.607867727056146,1.5,0.1062638203291366,10
2025-10-04,2025-09-30,2025-10-08,6.102509627396893,6.202398398024374,5658.340653316908,5658.037741761189,5659.019553265069,0.981811503879726,1.25,0.3072102291539424,10
2025-10-04,2025-09-30,2025-10-08,5.666762786281109,12.582736866433851,2543.979966004293,2542.654250729829,2545.595601302106,2.9413505722768605,2.5,0.1391928368061457,10
2025-10-04,2025-09-30,2025-10-08,4.351883773775865,19.24960085683008,1844.4907078426288,1843.3865018184297,1845.9809917691164,2.594489950686693,0.75,0.1720615870587716,10
2025-10-04,2025-09-30,2025-10-08,6.178774477043003,8.481975422566306,1831.817875634163,1831.608044696506,1832.3200887688436,0.7120440723374486,0.75,0.2793208003742853,10
2025-10-12,2025-10-08,2025-10-17,3.9498241629052537,19.762215783781787,1882.726431342303,1882.3738018739969,1883.0881287460215,0.7143268720246851,2.0,0.2226627038097883,10
2025-10-12,2025-10-08,2025-10-17,2.1122178358799775,9.38189842931138,1829.6003090898412,1829.4951081108304,1829.9706052858385,0.4754971750080585,1.5,0.1879373693953501,10
2025-10-12,2025-10-08,2025-10-17,2.9502664022920655,9.148482986738786,1830.714304808325,1830.4782967111096,1831.1897234474309,0.7114267363213003,0.75,0.2578422170214267,10
2025-10-12,2025-10-08,2025-10-17,4.260682363235391,10.59858217166726,1833.0643780164853,1832.7860977174712,1833.493415250443,0.7073175329715014,0.5,0.0130156792153406,10
2025-10-12,2025-10-08,2025-10-17,6.225867942567356,9.31215180006381,1836.3715108308036,1835.834438231308,1837.0316508379765,1.1972126066684723,1.0,0.2330538823961481,10
2025-10-12,2025-10-08,2025-10-17,9.395219233381097,9.6532900719226,1837.1467278404727,1835.123837464489,1850.8591172024608,15.735279737971725,1.0,0.1045112514701285,10
2025-10-12,2025-10-08,2025-10-17,4.318993478630949,11.207332883283206,1836.299239497763,1835.7675867704677,1837.8813472827896,2.113760512322187,1.25,0.0615454844573759,10
2025-10-12,2025-10-08,2025-10-17,3.100596527263056,11.97264004846211,1829.229038883317,1829.106648400426,1829.5813057892956,0.474657388869673,1.0,0.2271733512660834,10
2025-10-12,2025-10-08,2025-10-17,3.846478569883761,6.496439423898484,1797.2243225410416,1796.8661473728716,1797.811030703131,0.944883330259472,0.75,0.1662683832185219,10
2025-10-12,2025-10-08,2025-10-17,3.138389370777654,9.775610451630143,3072.624436214022,3054.451981574297,3101.059849301353,46.607867727056146,1.25,0.1245633158491621,10
2025-10-12,2025-10-08,2025-10-17,2.851298099531234,22.126088546571445,3787.5698312785103,3787.2367856404744,3788.200163899455,0.9633782589808106,0.5,0.1609480965927878,10
2025-10-12,2025-10-08,2025-10-17,7.524861405963078,16.081453486341783,4193.897434162563,4193.6159935579635,4194.327692460734,0.7116989027708769,1.25,0.1994527960649694,10
2025-10-12,2025-10-08,2025-10-17,2.2540375253153964,14.945380523629682,4193.753915760341,4193.6159935579635,4194.091287768446,0.4752942104823887,0.75,0.2285151842695554,10
2025-10-12,2025-10-08,2025-10-17,4.282269008318427,15.002697343693674,4190.9953790599975,4190.769569366239,4191.481275539845,0.7117061736062169,1.0,0.0933948206673851,10
2025-10-12,2025-10-08,2025-10-17,2.5108991920382717,11.28212494770219,3056.7209311081774,3056.6054644184187,3057.0941989766434,0.488734558224678,1.0,0.0867255744592532,10
2025-10-12,2025-10-08,2025-10-17,5.666284410220479,6.537701032419726,3018.2570391919753,3018.1251457412727,3018.604601596482,0.4794558552093804,1.25,0.2602040549826512,10
2025-10-12,2025-10-08,2025-10-17,2.289642798702046,7.123221026487476,3291.88951256327,3291.627525941003,3292.354911042843,0.7273851018399,1.25,0.0918665219010284,10
2025-10-12,2025-10-08,2025-10-17,3.919895857660846,11.612327021487822,3233.3302662156607,3233.0818302044645,3233.798829620704,0.7169994162395597,1.0,0.1937721651178026,10
2025-10-12,2025-10-08,2025-10-17,8.360462550282199,9.606969320337916,1836.436680653732,1836.0822865674272,1837.0316508379765,0.9493642705492676,1.0,0.3063319156784905,10
2025-10-12,2025-10-08,2025-10-17,2.7186434026381936,8.767482173757072,3792.673087775692,3792.4256234923378,3793.147309477441,0.7216859851032495,0.75,0.0522075053085308,10
2025-10-12,2025-10-08,2025-10-17,7.205642434318085,14.060888930053991,5205.266319159391,5192.49271516921,5221.20754769817,28.71483252895996,2.25,0.1351670672562699,10
2025-10-19,2025-10-17,2025-10-22,2.282508366217278,9.79363025809906,3795.191290667384,3794.829506809823,3796.0293409870937,1.1998341772705317,1.0,0.0745779326695572,10
2025-10-19,2025-10-17,2025-10-22,5.9488637172965335,12.71307123296308,5644.992870843387,5644.761007905938,5645.744162832852,0.9831549269147216,0.75,0.1959687889026495,10
2025-10-19,2025-10-17,2025-10-22,2.2167904843998145,5.535016920239008,5658.682020872806,5658.28538250085,5659.267519028392,0.9821365275420249,1.25,0.2152573268512081,10
2025-10-19,2025-10-17,2025-10-22,3.697044280232303,7.728292266427328,5657.245269041394,5657.046592224389,5657.780900882557,0.7343086581677198,0.75,0.1680692077737933,10
2025-10-19,2025-10-17,2025-10-22,11.487221649440473,7.562928870836718,5656.20562642658,5655.807663612533,5656.789806900546,0.982143288012594,1.25,0.216324277524682,10
2025-10-19,2025-10-17,2025-10-22,7.914765964884124,9.0435639921881,5652.34354285472,5651.897141769063,5653.073204481043,1.176062711980194,0.75,0.1901619441780622,10
2025-10-19,2025-10-17,2025-10-22,15.80808204887733,10.18919421822,5651.914280549477,5651.148444563616,5653.322080751881,2.173636188264936,1.75,0.5365594296221499,10
2025-10-19,2025-10-17,2025-10-22,14.86789392267326,12.019256620088278,5647.940593111194,5646.248229583725,5648.963884320576,2.7156547368504107,1.75,0.4620760433743065,10
2025-10-19,2025-10-17,2025-10-22,7.16493269128073,11.882770751525165,5647.119691204797,5646.0005775708705,5648.34208623413,2.3415086632594466,1.0,0.257508770017858,10
2025-10-19,2025-10-17,2025-10-22,6.781009923399986,11.326917079493937,1832.7792196158389,1832.3128267931752,1833.261622719001,0.9487959258258344,1.0,0.0543904063352562,10
2025-10-19,2025-10-17,2025-10-22,5.196766369228904,8.274857689032853,1807.7453012155504,1807.501002062112,1808.296540129464,0.7955380673520267,1.25,0.2458617899762183,10
2025-10-19,2025-10-17,2025-10-22,3.256378705988731,8.05666141344686,1806.949159957578,1806.37861562334,1807.7398914806545,1.3612758573144674,1.0,0.2958223120033665,10
2025-10-19,2025-10-17,2025-10-22,2.5629006406665784,18.002530317319057,2551.337837832956,2550.6852602348663,2552.137757829856,1.4524975949898362,1.25,0.0976474660320769,10
2025-10-19,2025-10-17,2025-10-22,4.5982946256610555,18.783422049592357,2555.839719109744,2555.3617838555947,2556.9489222494885,1.587138393893838,1.25,0.0393507511170615,10
2025-10-19,2025-10-17,2025-10-22,4.899831958103218,8.571827876074934,3066.449744449638,3054.451981574297,3101.059849301353,46.607867727056146,2.25,0.3036287708304463,10
2025-10-19,2025-10-17,2025-10-22,4.362946145525016,6.175980941174602,3082.649548302837,3054.451981574297,3101.059849301353,46.607867727056146,1.25,0.1532649325647472,10
2025-10-19,2025-10-17,2025-10-22,4.9284272603921595,7.777767942054949,2989.1060481901886,2988.9562156233005,2989.5772008043714,0.6209851810708642,0.75,0.3441498008959476,10
2025-10-19,2025-10-17,2025-10-22,2.3127284748864363,12.096110179893074,2985.648356398198,2985.46995213395,2986.176188663114,0.7062365291640162,0.75,0.2231141772123912,10
2025-10-19,2025-10-17,2025-10-22,2.89927605312774,16.201520220755977,2978.4934581960924,2978.1788190905936,2979.114540464245,0.9357213736511768,1.0,0.1127216185911161,10
2025-10-19,2025-10-17,2025-10-22,2.499195402200334,10.34873945262373,3058.6879159292566,3058.666083530057,3059.1427872213535,0.4767036912962794,1.5,0.1381017654039995,10
2025-10-19,2025-10-17,2025-10-22,4.200261854274106,19.189724065797986,1845.914448078515,1845.2660417170264,1846.4537120517343,1.1876703347079456,1.0,0.0790504554204096,10
2025-10-19,2025-10-17,2025-10-22,6.307755651902407,12.468614014656596,5645.787015000969,5645.50527341431,5646.239466989413,0.7341935751028359,0.75,0.1784669220239432,10
2025-10-19,2025-10-17,2025-10-22,4.7671882501234295,6.7395614658070775,5657.527847991645,5657.294301843271,5658.028610508889,0.7343086656183004,0.75,0.1783375472065196,10
2025-10-19,2025-10-17,2025-10-22,6.587984884323553,9.998211180833682,5651.41349634102,5651.154030555859,5651.888327450026,0.7342968941666186,0.75,0.4058340507377833,10
2025-10-19,2025-10-17,2025-10-22,7.577506661574357,10.745532354079362,5648.964240734865,5648.724994902033,5649.459069896489,0.734074994456023,0.75,0.0634670692841166,10
2025-10-19,2025-10-17,2025-10-22,7.271053343232721,12.97786650414464,5644.840703386223,5644.513289813884,5645.744162832852,1.2308730189688504,0.75,0.2340264717538542,10
2025-10-19,2025-10-17,2025-10-22,4.245782830200904,8.244426062165626,1807.1555561235416,1806.6573928846049,1807.7398914806545,1.0824985960498452,1.0,0.1927108103394692,10
2025-10-19,2025-10-17,2025-10-22,2.9092395335515957,7.988590561729847,1806.6397465539496,1806.37861562334,1807.1823504325,0.8037348091602325,0.75,0.2742655569855667,10
2025-10-19,2025-10-17,2025-10-22,5.28415988243781,11.03301430761462,1832.8057171136925,1832.549462404102,1833.261622719001,0.7121603148989379,0.75,0.0925550733038627,10
2025-10-24,2025-10-22,2025-10-27,2.0204771324771458,5.298699246877953,1879.620022790182,1879.048714271281,1880.4735889472067,1.424874675925821,0.75,0.1039439231036287,10
2025-10-24,2025-10-22,2025-10-27,2.101309547805786,8.061508232001238,3077.4691594252363,3054.451981574297,3100.725226694718,46.27324512042105,1.5,0.0943042675390837,10
2025-10-24,2025-10-22,2025-10-27,3.6291071157165806,10.867614966253504,1837.2397118475271,1836.9319267459216,1837.6445035678337,0.71257682191208,1.0,0.0517081962577731,10
2025-10-24,2025-10-22,2025-10-27,6.384843475595395,9.436641937794253,1831.8718420507976,1831.608044696506,1832.5517162117176,0.943671515211463,1.5,0.3148410081992292,10
2025-10-24,2025-10-22,2025-10-27,2.4159287036967463,13.243465944275128,1830.033631839008,1829.4951081108304,1830.9187393756583,1.4236312648281455,1.0,0.0590647337244137,10
2025-10-24,2025-10-22,2025-10-27,7.329491667243652,5.664886360765966,1769.5939692880092,1767.0899181836285,1772.491047505289,5.4011293216608465,0.75,0.1555326655107447,10
2025-10-24,2025-10-22,2025-10-27,4.664541647540592,8.410966505078243,1768.167964566146,1768.0060345204547,1768.5416371840984,0.5356026636436582,1.5,0.307473563720686,10
2025-10-24,2025-10-22,2025-10-27,7.468856170680001,6.79781206790616,1804.0380816981256,1802.963821101468,1806.0166637394575,3.05284263798967,1.5,0.312113087632242,10
2025-10-24,2025-10-22,2025-10-27,2.3734045955255625,7.535451240845644,1807.7304310148347,1807.501002062112,1808.296540129464,0.7955380673520267,1.25,0.2199455905822711,10
2025-10-24,2025-10-22,2025-10-27,4.415300553269219,7.5734999584068525,1808.648479947429,1808.3363287276588,1809.4093439066785,1.0730151790194211,1.75,0.3745317524347946,10
2025-10-24,2025-10-22,2025-10-27,3.4026614469860683,7.357253144248137,1812.513671113466,1812.3856199560687,1812.9021542812695,0.5165343252010643,1.0,0.2175246895853133,10
2025-10-24,2025-10-22,2025-10-27,3.9996299788877367,8.792099196062738,1826.6345446221724,1826.4182642288504,1827.142780157272,0.7245159284211695,0.75,0.3893517616492614,10
2025-10-24,2025-10-22,2025-10-27,4.401298647224903,21.626480405992183,4126.440193124387,4126.271640992258,4126.8526643635705,0.5810233713127673,1.0,0.0175963065085282,10
2025-10-24,2025-10-22,2025-10-27,3.072415937004704,13.073441699570749,4682.673558233377,4660.887128171977,4714.90134286508,54.014214693102986,1.0,0.0528281548667042,10
2025-10-24,2025-10-22,2025-10-27,2.019258796442579,13.667565615926522,4777.626432720577,4764.751680075657,4803.890467681456,39.138787605799735,0.5,0.1515341777295442,10
2025-10-24,2025-10-22,2025-10-27,2.668298054903932,9.02211410753926,3055.1571775129955,3054.9515691800043,3055.4402522030286,0.4886830230243504,1.5,0.1042007006482037,10
2025-10-24,2025-10-22,2025-10-27,2.043258224652894,11.404504682774952,3845.547108850457,3845.0264950776473,3846.2148423278704,1.1883472502231598,1.0,0.2494450708813378,10
2025-10-24,2025-10-22,2025-10-27,2.4069984200080854,19.659561699162893,3554.9639404793147,3554.379740577191,3555.814416505862,1.434675928670913,1.0,0.0345705609253682,10
2025-10-24,2025-10-22,2025-10-27,2.4495912088871004,13.131367526389496,3661.9633575868183,3661.325381616596,3662.9765804060735,1.6511987894773483,1.0,0.0776008480395351,10
2025-10-24,2025-10-22,2025-10-27,3.231530623119045,12.864858453908878,3556.3324916795746,3555.5755270873196,3557.213260166347,1.6377330790273843,0.75,0.0723602637625275,10
2025-10-24,2025-10-22,2025-10-27,3.1471960889145736,14.1274481413785,3665.952785689085,3664.826743661892,3667.1717789680697,2.345035306178034,1.0,0.1193848488559989,10
2025-10-24,2025-10-22,2025-10-27,6.210851950941328,14.730834927073236,2547.251120341292,2546.0537682478316,2548.504230109509,2.450461861677468,1.5,0.1086118323000773,10
2025-10-24,2025-10-22,2025-10-27,2.1451212699429134,7.744699905869526,1808.597383793494,1808.3363287276588,1809.1325741992332,0.7962454715743661,0.75,0.2544049419910443,10
2025-10-24,2025-10-22,2025-10-27,5.118101278149988,8.733350505990497,1792.7631203614744,1792.4692365522496,1793.28767747432,0.8184409220702946,0.75,0.6504157619019413,10
2025-10-24,2025-10-22,2025-10-27,2.181171773483371,5.942471393506329,1781.6699165922516,1781.1167637128383,1783.0443930835463,1.9276293707080183,0.75,0.2286125927139748,10
2025-11-01,2025-10-27,2025-11-06,4.594413867056835,6.738750941608264,3018.175795107137,3018.1251457412727,3018.604601596482,0.4794558552093804,1.25,0.2585086553831583,11
2025-11-01,2025-10-27,2025-11-06,2.1133388244764877,6.828210741744067,4465.497062236662,4464.964227808639,4466.164657472167,1.200429663527757,0.75,0.0685424037874493,11
2025-11-01,2025-10-27,2025-11-06,2.0437891563856043,6.859165478086735,4461.877393365392,4461.195619393606,4462.853754131123,1.6581347375176847,0.5,0.064457507126705,11
2025-11-01,2025-10-27,2025-11-06,2.3674678351406566,6.86828476378914,4450.792058297546,4450.227139882278,4451.411972317845,1.184832435566932,0.75,0.0717359370035397,11
2025-11-01,2025-10-27,2025-11-06,2.104559041121509,14.349407191737576,4822.992388966934,4822.878548925277,4823.446839470882,0.568290545605123,1.0,0.051873752168205,11
2025-11-01,2025-10-27,2025-11-06,3.031487012925837,20.873249963997008,2553.48446837792,2553.372171655763,2553.8153067892417,0.4431351334787905,1.5,0.2760593759927232,11
2025-11-01,2025-10-27,2025-11-06,2.57016885122573,9.067404274491937,2968.0294882962044,2967.7951160906814,2968.502609125804,0.7074930351227522,0.75,0.2132861763476623,11
2025-11-01,2025-10-27,2025-11-06,26.893502446353345,15.25802408795866,4193.8542153084545,4193.6159935579635,4194.327692460734,0.7116989027708769,4.75,0.0628419949818848,11
2025-11-01,2025-10-27,2025-11-06,10.64353409830369,14.056478686198815,4192.088873921727,4191.998165960889,4192.47345996974,0.4752940088510513,2.75,0.0598905945822469,11
2025-11-01,2025-10-27,2025-11-06,3.544941595775727,10.900129015889105,3246.5827996224757,3246.1937507763505,3247.152488438878,0.9587376625277102,1.0,0.119062465492441,11
2025-11-01,2025-10-27,2025-11-06,2.38892882438954,11.306384994917572,3074.7807099591714,3054.451981574297,3101.059849301353,46.607867727056146,1.25,0.1399490088349919,11
2025-11-01,2025-10-27,2025-11-06,4.783126952128578,9.696487949277676,3071.209412724936,3054.451981574297,3101.059849301353,46.607867727056146,1.75,0.1406892759913902,11
2025-11-01,2025-10-27,2025-11-06,5.359887828115746,7.779827288472588,2989.1167322568285,2988.9562156233005,2989.5772008043714,0.6209851810708642,0.75,0.1949353993611002,11
2025-11-01,2025-10-27,2025-11-06,8.509263782974518,14.35045921761298,4191.063704285496,4190.769569366239,4191.481275539845,0.7117061736062169,2.75,0.0309262235358648,11
2025-11-01,2025-10-27,2025-11-06,4.447592848477169,6.425329601096435,3992.12506024638,3991.366103451699,3993.48650891101,2.120405459310859,1.0,0.1957568853110913,11
2025-11-01,2025-10-27,2025-11-06,2.388623045933806,9.633335633594411,3795.247013793024,3795.071005233098,3795.78775969008,0.7167544569820166,1.0,0.1246344250103126,11
2025-11-01,2025-10-27,2025-11-06,11.16380837682942,11.51476186318756,1832.7533889397353,1832.3128267931752,1833.261622719001,0.9487959258258344,1.5,0.0941881847524839,11
2025-11-01,2025-10-27,2025-11-06,2.3708341453820463,14.710505987767526,4823.151103929318,4822.878548925277,4823.776240597945,0.897691672667861,0.75,0.1337197096245868,11
2025-11-01,2025-10-27,2025-11-06,5.024370625890699,12.138230648929898,1833.6600917469252,1833.491258372087,1834.2036128663456,0.7123544942587614,1.0,0.0820320209698066,11
2025-11-01,2025-10-27,2025-11-06,3.0744488859565,11.735331697197868,3233.554125114787,3233.3208851534873,3234.0378847694956,0.7169996160082519,0.75,0.2365466749714495,11
2025-11-01,2025-10-27,2025-11-06,8.169672321716229,8.453486591281898,1799.235428004455,1798.8563960269094,1799.9371466557495,1.0807506288401785,1.0,0.6691986616002765,11
2025-11-01,2025-10-27,2025-11-06,2.6327274204829707,6.5435429662103894,1777.777733021117,1777.4452169905417,1778.2734496099874,0.828232619445771,0.75,0.1944828010839017,11
2025-11-01,2025-10-27,2025-11-06,2.132554492080491,7.127112318005501,1831.3331763529552,1831.2045732652768,1831.6792717836795,0.4746985184028744,1.25,0.2676070967585264,11
2025-11-08,2025-11-06,2025-11-10,2.0028124544230295,12.653403762413378,3556.673840598017,3556.273876859341,3557.213260166347,0.93938330700621,1.0,0.1264288420520642,11
2025-11-08,2025-11-06,2025-11-10,3.1525460174428295,14.025492216789456,3242.2005549915484,3241.0791128212586,3243.310946128331,2.2318333070725203,0.75,0.0661590864170147,11
2025-11-08,2025-11-06,2025-11-10,2.2187195164545437,9.975462826007789,3233.4074107859647,3233.0818302044645,3234.0378847694956,0.9560545650310814,0.75,0.1865586148750853,11
2025-11-08,2025-11-06,2025-11-10,4.051394031156367,6.48026897358372,3058.392163098805,3057.915753180627,3059.1427872213535,1.2270340407267213,2.75,0.1288888573593305,11
2025-11-08,2025-11-06,2025-11-10,3.282731135249334,8.26779091912627,3079.675170894193,3054.451981574297,3101.059849301353,46.607867727056146,1.5,0.145872897473207,11
2025-11-08,2025-11-06,2025-11-10,2.637712445424404,15.643118953952396,3057.3564744561386,3033.9975152993575,3079.0051536788233,45.00763837946579,1.0,0.1106630197669444,11
2025-11-08,2025-11-06,2025-11-10,2.0897436568847017,7.889950964218522,4326.332896538368,4324.557358725928,4328.247321418952,3.6899626930244263,1.0,0.0451607070454357,11
2025-11-08,2025-11-06,2025-11-10,7.5514618024401265,19.969789972463516,4138.040099809456,4137.365955000278,4139.083943237085,1.7179882368072867,2.0,0.0653239667021454,11
2025-11-08,2025-11-06,2025-11-10,2.057607117577642,15.973820621091768,4139.4083487339985,4139.318175079301,4139.793624829501,0.475449750199914,1.25,0.0369898351258379,11
2025-11-08,2025-11-06,2025-11-10,3.151267361830082,13.85287439906044,4140.171246219445,4140.026775596198,4140.50222551357,0.4754499173723161,1.5,0.0314246675722973,11
2025-11-08,2025-11-06,2025-11-10,2.879463759200927,14.571125511441966,4785.137330976551,4773.828856892418,4809.905613657087,36.07675676466897,0.75,0.1059652017212775,11
2025-11-08,2025-11-06,2025-11-10,3.673256269157398,8.486168890449724,3792.991075376775,3792.667021744885,3793.388707844541,0.7216860996559262,0.75,0.2258467539058695,11
2025-11-08,2025-11-06,2025-11-10,3.9603596640418095,5.92278458706617,3558.2100429156667,3557.443428328261,3559.316705459729,1.8732771314680576,5.25,0.0709478128406082,11
2025-11-08,2025-11-06,2025-11-10,5.334002965169587,7.525994437113201,1804.7708906740727,1804.4562245002016,1805.3092251936905,0.8530006934888661,1.25,0.1665840600512624,11
2025-11-08,2025-11-06,2025-11-10,2.0294310064958876,15.211487335825996,2548.3951209103243,2548.192794197239,2548.920919684693,0.7281254874542356,1.0,0.0932936602678269,11
2025-11-08,2025-11-06,2025-11-10,2.8753984585208827,13.8785995646584,3242.8516632098504,3242.591701409314,3243.310946128331,0.719244719017297,1.0,0.0534643070478657,11
2025-11-08,2025-11-06,2025-11-10,2.6647320331086406,19.58911555409428,5023.297495641746,5023.297495641746,5023.536385060288,0.2388894185423851,1.0,0.2478764546160228,11
2025-11-08,2025-11-06,2025-11-10,2.332162965197824,16.15103443823578,1843.87910058296,1843.6245018965565,1844.551199991256,0.9266980946995318,0.5,0.1344848094556039,11
2025-11-08,2025-11-06,2025-11-10,4.264156412604544,9.464627952762246,1831.29300480133,1830.242028045468,1833.429402159527,3.187374114058912,1.5,0.1300405296004547,11
2025-11-08,2025-11-06,2025-11-10,2.510892025355715,7.758491773254603,1831.30094063737,1831.2045732652768,1831.6792717836795,0.4746985184028744,0.75,0.119310756641332,11
2025-11-08,2025-11-06,2025-11-10,3.030782886364684,7.91424907799104,1804.0726454572432,1803.8874965459108,1804.410749855917,0.5232533100061119,1.0,0.1598352111668366,11
2025-11-08,2025-11-06,2025-11-10,2.301602797441371,16.32555091833128,2978.4840332666017,2978.1788190905936,2979.114540464245,0.9357213736511768,0.75,0.0952343394848564,11
2025-11-13,2025-11-10,2025-11-17,2.98885540451631,6.101829342858467,3291.839297024621,3291.627525941003,3292.11066311365,0.4831371726468205,1.5,0.0786319237567578,11
2025-11-13,2025-11-10,2025-11-17,5.369504918882717,11.26617404342827,3245.7654618957063,3245.2294886275195,3246.6724857939407,1.4429971664212644,1.0,0.0883860103933065,11
2025-11-13,2025-11-10,2025-11-17,2.508826826332416,11.007645477058391,3246.690141819023,3246.4335963753983,3247.152488438878,0.7188920634798706,0.75,0.050106638253507,11
2025-11-13,2025-11-10,2025-11-17,2.399591653586179,14.174626024661569,5215.814031862119,5192.749108768068,5221.20754769817,28.458438930101693,1.5,0.1186476430671712,11
2025-11-13,2025-11-10,2025-11-17,7.349219752650428,13.296540904038906,4192.08438405971,4191.998165960889,4192.47345996974,0.4752940088510513,2.25,0.1508915183624304,11
2025-11-13,2025-11-10,2025-11-17,2.8146632127506654,11.54998409688783,3845.575104179927,3845.2572880666703,3846.2148423278704,0.95755426120013,1.25,0.2411402214137714,11
2025-11-13,2025-11-10,2025-11-17,2.748930400344543,9.57142466080798,3079.5485703573,3059.4041349343024,3106.2635342283174,46.85939929401502,1.25,0.1635746787737302,11
2025-11-13,2025-11-10,2025-11-17,2.9233644676464605,24.59900555166831,1819.7242749336872,1819.3467942196876,1820.340966624208,0.9941724045202136,1.0,0.1182847926960062,11
2025-11-13,2025-11-10,2025-11-17,2.9439764439018443,6.321137571869248,1777.5787591091175,1777.4452169905417,1777.916148077231,0.4709310866892338,1.25,0.2252360039560841,11
2025-11-13,2025-11-10,2025-11-17,3.673685075663682,6.4510208699890255,1797.0844648738191,1796.8661473728716,1797.811030703131,0.944883330259472,0.75,0.2336467767415917,11
2025-11-13,2025-11-10,2025-11-17,2.5027076738764538,7.089098001203175,1807.874388166037,1807.501002062112,1808.5752181462012,1.0742160840891302,1.75,0.2344191811380214,11
2025-11-13,2025-11-10,2025-11-17,12.56204606026439,8.729672984937727,1831.742672029142,1831.3714672545905,1832.3200887688436,0.9486215142533184,1.5,0.2810122700321527,11
2025-11-13,2025-11-10,2025-11-17,7.642172832726687,9.327755942247713,5065.44320576428,5063.020258924924,5068.58675799286,5.566499067936093,3.75,0.0922284253840843,11
2025-11-13,2025-11-10,2025-11-17,4.456428352789022,11.6498160993633,3233.340053740426,3233.0818302044645,3233.798829620704,0.7169994162395597,1.0,0.2415480525298452,11
2025-11-13,2025-11-10,2025-11-17,9.044563608703015,14.083640884733793,2546.1668662391503,2543.6301043066196,2548.504230109509,4.874125802889466,3.25,0.1486968737873151,11
2025-11-13,2025-11-10,2025-11-17,2.3468825547777956,5.3437302296580675,1837.7114560947352,1832.3128267931752,1850.591496767476,18.27866997430101,1.0,0.0963417286880996,11
2025-11-13,2025-11-10,2025-11-17,2.737828611841332,5.6404670785542095,3000.844648224652,3000.758682162501,3001.4693508129567,0.7106686504557729,1.5,0.0891705961848832,11
2025-11-13,2025-11-10,2025-11-17,2.555768597075995,17.46329178717568,2550.112707493343,2549.477882053703,2550.9241496534087,1.4462675997056067,1.25,0.0995015655025355,11
2025-11-13,2025-11-10,2025-11-17,2.96548783881804,9.913590229459242,3027.163850211269,3026.95042267628,3027.6748643931933,0.7244417169131339,1.25,0.0895381809965933,11
2025-11-13,2025-11-10,2025-11-17,6.423338116499315,9.855170825487226,3081.595941199453,3054.451981574297,3101.059849301353,46.607867727056146,1.75,0.212692570056272,11
2025-11-13,2025-11-10,2025-11-17,2.406082876311522,11.16583831436854,3069.6442793460583,3054.451981574297,3101.059849301353,46.607867727056146,1.0,0.1320226725494167,11
2025-11-13,2025-11-10,2025-11-17,5.073123178426829,10.17576784566696,3056.8207495971133,3056.6054644184187,3057.0941989766434,0.488734558224678,3.75,0.210206440571683,11
2025-11-13,2025-11-10,2025-11-17,2.4083523257876744,9.321636564770802,3058.903897802812,3058.903897802811,3059.1427872213535,0.2388894185423851,2.75,0.1786652274479205,11
2025-11-13,2025-11-10,2025-11-17,5.030605878604073,5.928298580652521,3076.858372784871,3054.451981574297,3101.059849301353,46.607867727056146,3.5,0.2073565209472794,11
2025-11-13,2025-11-10,2025-11-17,2.0542919296718205,14.911486692151172,2547.644107495054,2547.2899005031213,2548.259467772208,0.9695672690868378,1.0,0.0299980097690127,11
2025-11-13,2025-11-10,2025-11-17,4.130672769429162,8.400393409345243,1831.4222018903229,1831.152930388227,1831.8469341150485,0.6940037268213928,0.75,0.199900097464325,11
2025-11-13,2025-11-10,2025-11-17,3.2462402390657927,8.49592943901016,1831.9547805927643,1831.8446218683384,1832.3200887688436,0.4754669005051255,0.75,0.032490194353878,11
2025-11-13,2025-11-10,2025-11-17,5.632503654767946,9.361792037406262,1832.3936516990004,1831.8446218683384,1833.0249871360136,1.18036526767537,1.0,0.0850481087781562,11
2025-11-13,2025-11-10,2025-11-17,6.854424225059337,9.155108955620516,1842.3758577599383,1833.7279909057545,1850.323876321316,16.595885415561497,1.5,0.3564681174874318,11
2025-11-13,2025-11-10,2025-11-17,4.588135912859896,13.658771563176304,2545.6436357039584,2544.364878834691,2547.0392623278312,2.67438349314034,2.25,0.0936557203789911,11
2025-11-13,2025-11-10,2025-11-17,2.551082601964222,19.93887625458242,1882.532689603582,1882.3738018739969,1883.0881287460215,0.7143268720246851,1.75,0.1825812006939053,11
2025-11-13,2025-11-10,2025-11-17,2.163066881953236,5.1934223699935895,1881.6011275892165,1881.187011929229,1882.139274379704,0.9522624504752456,0.75,0.1341157509157842,11
