mid_date,start_date,end_date,volume,elevation,alongshore_centroid_m,alongshore_start_m,alongshore_end_m,width,height,vol_unc,month
2017-12-02,2017-10-04,2018-01-31,2.930118612671376,3.11610149879913,451.53586426934993,450.1271901666187,453.0958220777102,2.9686319110915065,1.0,0.0480663933682153,12
2017-12-02,2017-10-04,2018-01-31,2.62870393001463,3.684828897568591,570.2991352195886,556.9550870480016,648.895148341544,91.9400612935424,1.25,0.0429726031580669,12
2017-12-02,2017-10-04,2018-01-31,2.752227151534036,4.901434850214195,1416.506413986284,1415.7205728963015,1417.5987015836872,1.8781286873854697,0.75,0.0754673544150683,12
2017-12-02,2017-10-04,2018-01-31,2.2540141262601128,13.28804020556846,1221.4546199765127,1221.208507432137,1221.9035324584693,0.695025026332587,1.0,0.2330700864956155,12
2017-12-02,2017-10-04,2018-01-31,2.2856317086586935,6.093395218212577,1151.503619715191,1149.4842625013553,1153.4364816294983,3.9522191281430423,2.25,0.0723514072636348,12
2017-12-02,2017-10-04,2018-01-31,2.6325887595370023,16.349614127076702,1248.6333791609586,1246.3643570733257,1251.05115735624,4.6868002829141915,2.0,0.0587945674759262,12
2017-12-02,2017-10-04,2018-01-31,5.66357288411793,5.298369348487686,1414.6099367202416,1413.8818128979765,1415.714570774231,1.8327578762546184,1.25,0.0778206635997896,12
2017-12-02,2017-10-04,2018-01-31,5.594431567590808,14.078349776121682,1254.0691272000108,1252.2203792370856,1257.3643829119392,5.144003674853593,4.0,0.099872147397011,12
2017-12-02,2017-10-04,2018-01-31,7.2279352945625375,19.323199603263784,1251.2033607272851,1249.676826294046,1252.8951252168044,3.2182989227585495,5.5,0.0794226693589258,12
2017-12-02,2017-10-04,2018-01-31,3.1125458825564323,4.169022745972418,1314.2953020466443,1313.0471721491776,1316.537589261774,3.490417112596333,1.25,0.1476534932088096,12
2017-12-02,2017-10-04,2018-01-31,39.43881727613176,7.971967572447192,1158.5844313632613,1152.2761400789022,1162.3008130015803,10.024672922678292,7.5,0.3590955018495166,12
2017-12-02,2017-10-04,2018-01-31,2.1978536468493197,3.274428942974194,1460.3146376661946,1457.6738843903877,1463.0257449960336,5.351860605645925,1.25,0.048261355723899,12
2017-12-02,2017-10-04,2018-01-31,3.907796000250841,4.63526549020551,433.5945168904843,432.500725036487,434.46572018601,1.96499514952302,1.25,0.1762664253260766,12
2017-12-02,2017-10-04,2018-01-31,6.394275442139353,8.082325487404571,111.34787427569508,111.12589091667904,111.7868340490386,0.6609431323595345,1.5,0.1418535074724969,12
2017-12-02,2017-10-04,2018-01-31,3.9413591975299176,7.6806665603595325,110.83455832290709,110.4535213871859,111.35653014620766,0.903008759021759,1.5,0.0316429594602796,12
2017-12-02,2017-10-04,2018-01-31,3.262176254002522,7.118650030949375,110.44634493332588,110.23833125503734,110.89935070928186,0.6610194542445242,1.5,0.0994304714666356,12
2017-12-02,2017-10-04,2018-01-31,2.284105165258252,7.126203580438491,114.24963917800862,112.82553360331804,115.42696897406132,2.6014353707432747,1.75,0.0693478913367085,12
2017-12-02,2017-10-04,2018-01-31,26.542398557615396,17.247601112574703,1252.4265651727187,1247.0800157925114,1257.12781599164,10.047800199128687,9.75,0.174135985250814,12
2017-12-02,2017-10-04,2018-01-31,2.5049007124705756,8.988958877421029,528.9227873004734,464.7174701765179,534.2903633457609,69.57289316924289,3.75,0.0538254915860967,12
2017-12-02,2017-10-04,2018-01-31,2.2096970289454205,4.9945233807871645,536.7026171558628,535.2141345469281,538.1180748073384,2.903940260410309,2.5,0.053380272322822,12
2017-12-02,2017-10-04,2018-01-31,3.4879022913440947,8.57718666645727,1142.862531916421,1142.6206792695448,1143.3165894933045,0.6959102237597108,1.5,0.1443244924268314,12
2017-12-02,2017-10-04,2018-01-31,3.318664356438861,10.386402765490455,1154.8901451294134,1152.7413506670855,1156.2838031733409,3.5424525062553585,2.5,0.0556518958272815,12
2017-12-02,2017-10-04,2018-01-31,3.2208454157719584,12.648474031835793,1161.2858244324411,1159.958043138031,1162.766034876462,2.8079917384311557,3.5,0.061345182908705,12
2017-12-02,2017-10-04,2018-01-31,2.0027695879654215,10.285928740631723,1158.3827779027715,1158.115214833524,1158.8110759579577,0.6958611244335771,0.75,0.0384254450794684,12
2017-12-02,2017-10-04,2018-01-31,5.395234807625764,9.53418554364286,1157.5601679319443,1156.486670178827,1159.0436870655976,2.5570168867707253,2.0,0.1075760473520811,12
2017-12-02,2017-10-04,2018-01-31,2.365663405985505,8.18859672961929,1234.4698678125562,1233.6701801805757,1235.2988854632713,1.6287052826955914,1.75,0.053016075438888,12
2017-12-02,2017-10-04,2018-01-31,2.3872398212275208,10.201579980864278,521.0291431140596,519.2104863720015,522.8678229632787,3.657336591277271,2.0,0.0607112734357613,12
2017-12-02,2017-10-04,2018-01-31,8.354163546674283,4.125703878982425,1116.152624539578,1110.7194775021635,1120.38974600425,9.6702685020864,2.0,0.1604332467548222,12
2017-12-02,2017-10-04,2018-01-31,8.481554645732691,3.9690054987652017,918.0463102176826,910.3814791138284,926.6592048760504,16.277725762221962,1.5,0.1023854598857659,12
2017-12-02,2017-10-04,2018-01-31,2.003329349375487,5.160386313898469,719.245043889787,695.2145055895671,751.9068608740345,56.69235528446734,1.25,0.0496264496400881,12
2017-12-02,2017-10-04,2018-01-31,5.734007048846174,3.918641855375686,873.211941634985,865.7191771729849,881.1061047748663,15.386927601881323,1.5,0.0755677499928118,12
2017-12-02,2017-10-04,2018-01-31,5.544300574237966,5.445737208271388,720.1586011960219,695.9662732742727,754.7123767705634,58.74610349629074,5.0,0.1190808402977303,12
2017-12-02,2017-10-04,2018-01-31,21.695018755789988,4.0931638847939915,1186.5008511629944,1172.8727241610177,1198.07753319107,25.20480903005227,2.25,0.2356028374818275,12
2017-12-02,2017-10-04,2018-01-31,2.781932331101172,9.576059322648671,114.9965641452305,114.76595089305192,115.42696897406132,0.661018081009388,1.0,0.0130914371022378,12
2017-12-02,2017-10-04,2018-01-31,3.620671839575302,9.278614899275066,114.29479058254144,113.04072335036471,115.42696897406132,2.386245623696595,2.0,0.0708083012515672,12
2017-12-02,2017-10-04,2018-01-31,38.46122436017011,8.077100735447969,113.163148061694,112.36921115079896,114.56473975162952,2.1955286008305848,2.0,0.0441568186935686,12
2017-12-02,2017-10-04,2018-01-31,43.822425697127784,5.051866265903453,1307.1023629352762,1293.3153336695395,1320.9579147985205,27.642581128980964,4.5,0.2014532466570958,12
2017-12-02,2017-10-04,2018-01-31,6.980379311805889,4.470940716135543,1253.801395243235,1251.053379209712,1255.9594302927144,4.9060510830022395,2.0,0.1984579446638545,12
2018-04-25,2018-03-28,2018-05-23,3.1257415601150673,11.753712258457425,930.2432990499976,928.6931091747248,932.662305011414,3.969195836689323,3.25,0.0864647255929384,4
2018-04-25,2018-03-28,2018-05-23,2.1493545413650073,4.853643348494459,1066.2406941700597,1066.0309651019052,1066.9574932800606,0.9265281781554222,0.5,0.0630434051061031,4
2018-04-25,2018-03-28,2018-05-23,5.069961707530237,12.24815953508785,1076.006204335245,1075.595991289243,1076.5245417072438,0.9285504180006684,0.75,0.1243980666880731,4
2018-04-25,2018-03-28,2018-05-23,2.526749051364207,4.530571518611681,2410.231300193748,2409.635159884114,2411.310271502007,1.6751116178929806,1.5,0.0751234139851676,4
2018-04-25,2018-03-28,2018-05-23,2.571121156135141,6.984635316100343,2182.758193034132,2173.075911644846,2186.4334339308552,13.357522286009043,1.0,0.018634590488021,4
2018-04-25,2018-03-28,2018-05-23,2.237504970210455,4.362322214915085,1110.5781253355065,1110.0353712812066,1111.1825755839236,1.1472043027170002,0.5,0.0356179809713965,4
2018-04-25,2018-03-28,2018-05-23,2.363352112606592,4.662266583324916,125.06588398691656,78.49588367529213,142.43143256707117,63.935548891779035,0.75,0.0861206408177596,4
2018-04-25,2018-03-28,2018-05-23,2.8621123294525703,7.804809167025768,102.76178820068766,102.67730981623754,103.1259601614438,0.4486503452062607,0.75,0.2356117456475646,4
2018-04-25,2018-03-28,2018-05-23,2.892982237128827,3.185325404214075,261.5434401207791,252.5929688983597,308.62716979999095,56.034200901631266,1.0,0.0624421451603592,4
2018-04-25,2018-03-28,2018-05-23,2.4017569462517403,3.3799142524860626,1015.9584782599424,1012.7951755798422,1021.1925829895772,8.397407409735024,1.0,0.0565712480877607,4
2018-04-25,2018-03-28,2018-05-23,2.8568846030162676,10.275727141842095,1849.339518940786,1843.5423180041837,1854.0132096088491,10.470891604665669,2.0,0.0463904484587445,4
2018-04-25,2018-03-28,2018-05-23,10.525820440256249,3.55325881195588,1115.2901126037611,1107.2409162572585,1121.131113267038,13.890197009779513,2.5,0.2170065741019468,4
2018-04-25,2018-03-28,2018-05-23,2.2118328058706633,3.719374755686548,1090.8502416416463,1088.5519517092034,1093.998492822051,5.446541112847626,1.5,0.0710372328627082,4
2018-04-25,2018-03-28,2018-05-23,4.341868255792858,9.024306265203055,1859.4467408575376,1858.6301161521112,1860.615433706902,1.9853175547905264,0.75,0.0446795170032848,4
2018-04-25,2018-03-28,2018-05-23,3.1448466183528767,5.369112270678787,127.47102980082856,127.47102980082856,127.70166903035717,0.2306392295286059,1.0,0.0149977493428482,4
2018-04-25,2018-03-28,2018-05-23,10.37006734684367,3.287440068524093,100.1219992699141,42.86993162659928,115.31259669782594,72.44266507122666,2.25,0.0841365256130299,4
2018-04-25,2018-03-28,2018-05-23,14.495342475165636,3.2967812768712665,108.02398419085492,45.856347432825714,125.82720395736396,79.97085652453825,2.25,0.1336002981246465,4
2018-07-01,2018-05-23,2018-08-09,2.838297387508558,3.647997374701839,1187.8288597569206,1186.138990008738,1189.394999829121,3.256009820383042,1.5,0.1354018234261051,7
2018-07-01,2018-05-23,2018-08-09,3.6550832702807776,3.4637982746527873,1254.208148735849,1252.2203792370856,1256.192293326836,3.9719140897504985,2.25,0.1450033826378796,7
2018-07-01,2018-05-23,2018-08-09,35.13459389772275,3.341735530274355,115.86716351765352,42.86993162659928,145.91860216809437,103.04867054149508,2.0,0.1772697074922135,7
2018-07-01,2018-05-23,2018-08-09,13.966378090779433,3.5006316263557045,132.76017805718473,86.26621090713888,146.57858125818893,60.31237035105005,1.5,0.133443181726176,7
2018-07-01,2018-05-23,2018-08-09,3.014830441243782,3.5189088808288544,265.226978230391,252.8343113744631,308.9472856801003,56.11297430563718,1.25,0.0596650313654139,7
2018-07-01,2018-05-23,2018-08-09,3.0024637963956873,5.0505054151901865,139.8729362118326,137.87959666084498,142.7042175126262,4.824620851781219,1.0,0.0670581559366338,7
2018-07-01,2018-05-23,2018-08-09,3.1336064155018004,4.8275228966155295,121.3866733152984,121.0773394391872,122.00100185582414,0.9236624166369438,0.75,0.08814012748922,7
2018-07-01,2018-05-23,2018-08-09,2.025015202931914,10.054129431998495,523.0513995692856,522.1488992357627,524.0914313551039,1.9425321193411944,2.5,0.0519170786061704,7
2018-07-01,2018-05-23,2018-08-09,4.884762673044514,7.660271350203568,2168.0667225145708,2167.1287361527793,2168.9288734653965,1.800137312617153,1.0,0.0390363383541323,7
2018-07-01,2018-05-23,2018-08-09,3.8830249433808177,3.627113258087397,868.8798721811806,865.480917331297,874.5442058457993,9.063288514502348,1.75,0.0660763674697714,7
2018-07-01,2018-05-23,2018-08-09,2.453768225923314,3.68537287119105,526.4395614472201,525.3288738033734,527.4455517274328,2.1166779240593314,1.5,0.0504308755648237,7
2018-07-01,2018-05-23,2018-08-09,8.980634009612531,3.708633036156747,854.0028994835814,847.9556442205794,862.3036947022192,14.348050481639802,2.25,0.09028968300346,7
2018-07-01,2018-05-23,2018-08-09,3.543553749975318,3.7214416087003337,1015.891481398628,1011.6269233678468,1021.4252991988324,9.798375830985606,1.25,0.0760957718938577,7
2018-07-01,2018-05-23,2018-08-09,5.412115350494769,3.8943746007740057,940.2158650693073,937.1864028996788,943.3662488702684,6.179845970589668,2.0,0.0790547332449294,7
2018-07-01,2018-05-23,2018-08-09,15.647842899572794,4.259342309118724,533.1826492176734,473.4029908920638,542.867402011063,69.46441111899912,3.0,0.1085832749558207,7
2018-07-01,2018-05-23,2018-08-09,2.9236451460965815,11.50324858968766,1352.0531081221789,1350.9161264495924,1353.8089782241732,2.8928517745807767,1.0,0.1877504531724266,7
2018-07-01,2018-05-23,2018-08-09,2.348622914810821,3.658911110341863,1866.65099041873,1816.8328858427703,1958.1944258539008,141.36154001113027,0.5,0.1253533162445105,7
2018-07-01,2018-05-23,2018-08-09,3.101244272010494,11.870200817325212,321.53171894386713,321.3442179621197,321.8063824637793,0.4621645016595721,1.0,0.1508962167559641,7
2018-08-25,2018-08-09,2018-09-11,2.556020513860214,5.111468647799038,1451.228610327798,1449.07544825878,1453.8249105256982,4.749462266918272,2.0,0.0639835190290891,8
2018-08-25,2018-08-09,2018-09-11,3.097170318319908,8.367595173709468,2392.9528720681083,2381.1074905716814,2397.2588335848413,16.15134301315993,3.25,0.0599830377603409,8
2018-08-25,2018-08-09,2018-09-11,7.482302918664274,4.152532673473531,850.7404211812519,847.9556442205794,852.5528501016088,4.5972058810293674,3.5,0.0788400299540629,8
2018-08-25,2018-08-09,2018-09-11,3.19753211415217,9.718047185174756,1137.6987415747094,1137.4249040931463,1138.120788956061,0.6958848629146814,0.75,0.0867678369298775,8
2018-08-25,2018-08-09,2018-09-11,2.0814146245844993,3.2169308271946826,2400.6928539678647,2397.7220438984223,2404.5135029391386,6.7914590407162905,0.75,0.1050198436949626,8
2018-08-25,2018-08-09,2018-09-11,3.446313425475497,3.539153480095372,2394.938774632228,2392.125210576225,2396.565045252908,4.439834676682949,1.5,0.0893142526024207,8
2018-08-25,2018-08-09,2018-09-11,2.2885667658338673,3.7318834189743977,2349.0548099216107,2273.749806185253,2449.0572830052115,175.30747681995854,0.75,0.1664866615580528,8
2018-08-25,2018-08-09,2018-09-11,21.07784997297863,3.700655259353884,1191.3929568076817,1182.4715655576438,1210.4239725917578,27.952407034114003,2.75,0.2104196591506853,8
2018-08-25,2018-08-09,2018-09-11,10.676040671531856,3.84999435367029,1220.470616899708,1211.589217860717,1227.8130698418245,16.223851981107146,2.25,0.1063143252757992,8
2018-08-25,2018-08-09,2018-09-11,7.258239501868567,3.9832575958331495,1254.214683553723,1249.9096699231304,1256.894952710718,6.985282787587494,2.5,0.1717266013623249,8
2018-08-25,2018-08-09,2018-09-11,8.588405245648511,8.123234469914657,113.04117393486062,112.82553360331804,113.4865522608161,0.6610186574980617,1.0,0.0204941511832755,8
2018-08-25,2018-08-09,2018-09-11,5.4054333860564805,7.275317879539387,110.5916951989595,110.23833125503734,111.35653014620766,1.118198891170323,1.25,0.1263331044982328,8
2018-08-25,2018-08-09,2018-09-11,2.0971791042218166,3.475938915407447,1190.8409596279755,1190.094141216483,1191.4884729082696,1.3943316917866468,1.0,0.1245222998574648,8
2018-08-25,2018-08-09,2018-09-11,7.82688698016977,7.960250495589039,111.31747318676076,110.88390159141272,111.7868340490386,0.902932457625866,1.75,0.1270012444228514,8
2018-09-25,2018-09-11,2018-10-09,2.2725967289832325,4.663926895804219,1417.1614016765595,1416.6579004782252,1417.9808497414924,1.322949263267219,0.75,0.056380825734754,9
2018-09-25,2018-09-11,2018-10-09,5.213990716988189,3.741116403791001,2363.3831125874726,2266.7942904117517,2440.6938382838853,173.89954787213355,1.25,0.4144004466168105,9
2018-09-25,2018-09-11,2018-10-09,2.620472877191213,3.6927012578043423,2410.1250441153147,2409.635159884114,2411.310271502007,1.6751116178929806,1.75,0.1031609583294024,9
2018-09-25,2018-09-11,2018-10-09,4.2907132242609105,10.470092005052308,547.7930089118332,546.3137826123275,549.1097590439022,2.7959764315746725,3.5,0.0814845316798993,9
2018-09-25,2018-09-11,2018-10-09,2.6083497873695003,8.8422858185622,1142.8709370393149,1142.6206792695448,1143.3165894933045,0.6959102237597108,1.0,0.1400727541439222,9
2018-09-25,2018-09-11,2018-10-09,3.43555006923147,3.92354094533517,2320.0372083026173,2273.2470436519943,2447.546211323235,174.29916767124087,1.25,0.21742249471055,9
2018-09-25,2018-09-11,2018-10-09,5.577130454086757,4.825379414265738,2362.7051383071507,2271.6709916796535,2447.039541624952,175.36854994529858,1.0,0.2898332210099186,9
2018-09-25,2018-09-11,2018-10-09,5.124024696127892,5.652101990300281,2374.8900757101537,2271.160790442489,2445.8169084065594,174.6561179640703,1.25,0.315600337853427,9
2018-09-25,2018-09-11,2018-10-09,2.715091871527827,4.289166073930455,2385.637017878895,2274.439170308411,2449.8134269327857,175.37425662437454,1.5,0.1564158564677768,9
2018-09-25,2018-09-11,2018-10-09,3.345257117263316,3.3495114978090954,2372.7317220905015,2271.160790442489,2445.8169084065594,174.6561179640703,0.5,0.2150406876437716,9
2018-09-25,2018-09-11,2018-10-09,3.4846860272883178,3.738300499029788,2375.035227928714,2270.140388089698,2444.586124241352,174.44573615165427,0.75,0.3282548546866854,9
2018-09-25,2018-09-11,2018-10-09,2.8231439288500693,5.11066901839152,1083.0085562743948,1080.946744227782,1084.8452054653317,3.898461237549782,3.0,0.0761112168386194,9
2018-09-25,2018-09-11,2018-10-09,7.614559928867664,9.414414895187871,1073.7893436273048,1073.3091026740149,1074.4305583769456,1.1214557029306889,1.0,0.2034415135069684,9
2018-09-25,2018-09-11,2018-10-09,4.088404968110102,7.986334935603844,102.51869131358949,102.30625687586144,102.90794904576614,0.6016921699047089,1.25,0.3824674218833024,9
2018-09-25,2018-09-11,2018-10-09,2.940108174300333,11.488130459339564,561.3541304988942,560.8139559146948,561.946609119419,1.1326532047241926,1.0,0.0952011685641012,9
2018-10-24,2018-10-09,2018-11-09,11.973387663805834,8.851806463776338,110.87592030775724,103.2343099527061,115.49105067458004,12.25674072187394,1.0,0.1751584859596985,10
2018-10-24,2018-10-09,2018-11-09,2.25917237262852,14.200555574555665,540.3451196882085,539.9586468529887,540.9096447578631,0.9509979048743844,1.25,0.0797698816151311,10
2018-10-24,2018-10-09,2018-11-09,3.4206449513633763,3.8674078563936023,1255.1893541111651,1253.6070997039787,1256.192293326836,2.585193622857332,2.25,0.1479232539129121,10
2018-10-24,2018-10-09,2018-11-09,2.316076259935892,12.79121227247096,1343.730391619349,1343.3282445995137,1344.287657178007,0.9594125784933568,0.75,0.1369092830280551,10
2018-10-24,2018-10-09,2018-11-09,2.335218739388692,3.84505730131946,2399.394038432839,2397.7220438984223,2400.777384846937,3.0553409485146403,0.5,0.1076992701045259,10
2018-10-24,2018-10-09,2018-11-09,2.9970587660516848,3.551363357401069,2391.256987930963,2390.75928038219,2392.3558498057537,1.5965694235637784,1.0,0.3128546157196863,10
2018-10-24,2018-10-09,2018-11-09,3.990014272793198,7.746486521598579,2375.657910370597,2270.6505893282592,2444.8351778564975,174.18458852823824,1.0,0.0742755435685021,10
2018-10-24,2018-10-09,2018-11-09,2.7281818586595312,6.677613497497839,2346.922972037887,2273.2470436519943,2447.546211323235,174.29916767124087,1.0,0.0381694074871668,10
2018-10-24,2018-10-09,2018-11-09,3.3666973400402953,6.381111213109049,2339.069756520437,2270.140388089698,2444.337042105384,174.19665401568636,1.0,0.3517094776912647,10
2018-10-24,2018-10-09,2018-11-09,10.371791951682468,5.226380227359428,2374.4107204749016,2271.160790442489,2447.546211323235,176.3854208807461,1.5,0.7046331053792849,10
2018-10-24,2018-10-09,2018-11-09,4.288374946092141,5.23669926867995,635.0069983316456,607.5367253809236,707.002317879349,99.4655924984254,0.75,0.1912160045875318,10
2018-10-24,2018-10-09,2018-11-09,2.1014664568595243,4.543592635121323,601.3272325020946,557.7146553471684,649.262741540093,91.54808619292452,1.25,0.0652477980788696,10
2018-10-24,2018-10-09,2018-11-09,2.0617924155342795,3.0236939948255883,98.40468363518596,42.86993162659928,113.12009968794882,70.25016806134954,2.0,0.043830326858362,10
2018-11-21,2018-11-09,2018-12-03,3.403393886572133,3.1776286500126423,1299.535621282415,1296.282275294885,1301.7101795612834,5.4279042663984,2.0,0.0650586576494045,11
2018-11-21,2018-11-09,2018-12-03,2.7998296470135555,3.173698150253508,704.1921079351445,695.9662732742727,753.682204711251,57.71593143697828,1.0,0.0702939096689291,11
2018-11-21,2018-11-09,2018-12-03,6.06619644283719,3.57202643003478,915.214165362346,913.8933953861706,917.403916245792,3.510520859621465,2.5,0.095104031065493,11
2018-11-21,2018-11-09,2018-12-03,2.9419140794675425,3.2735734464716337,928.1414234602838,927.588515002746,928.795898616314,1.207383613567799,0.75,0.0504576997290126,11
2018-11-21,2018-11-09,2018-12-03,8.168519666774605,4.612798801017715,937.3349490060016,936.0002681766636,939.4731442420745,3.4728760654106736,4.75,0.1447633983025834,11
2018-11-21,2018-11-09,2018-12-03,2.587344319540183,13.2126759259218,1410.264657492231,1409.1737128091045,1411.2553511685692,2.081638359464705,1.75,0.0335627825907642,11
2018-11-21,2018-11-09,2018-12-03,3.18197717025488,3.8594773253173904,2437.4188912844315,2436.7720536598936,2438.332101004198,1.5600473443046212,1.0,0.0759739788470251,11
2018-11-21,2018-11-09,2018-12-03,2.453064718613444,3.6822236013252714,2416.506607977067,2266.257226638496,2439.952964027412,173.6957373889163,1.25,0.1383876673668355,11
2018-11-21,2018-11-09,2018-12-03,3.959215863278097,3.9284008074554326,2266.6256621502107,2266.257226638496,2267.0249296412803,0.7677030027844012,1.0,0.0636716507452757,11
2018-11-21,2018-11-09,2018-12-03,2.6502609715613654,3.7502810910772073,2270.396719985199,2270.140388089698,2270.881228557788,0.7408404680900276,0.75,0.0403555270350784,11
2018-11-21,2018-11-09,2018-12-03,7.840482586152409,4.505786511524265,2382.6118776454077,2270.6505893282592,2445.084203442093,174.43361411383376,1.25,0.0638545568334418,11
2018-11-21,2018-11-09,2018-12-03,7.140148872081092,4.454954456969804,2410.080023102243,2409.1006304351613,2411.310271502007,2.2096410668455064,3.25,0.1118253455124312,11
2018-11-21,2018-11-09,2018-12-03,3.5103221542484966,3.393004059797753,2407.0146558377346,2406.4142822413705,2407.8985644080676,1.484282166697085,1.0,0.08433767419492,11
2018-11-21,2018-11-09,2018-12-03,2.0787552389484194,7.92135746335987,1158.393864311322,1156.9518920751289,1160.653975113295,3.702083038166166,2.75,0.1118279849689459,11
2018-11-21,2018-11-09,2018-12-03,2.5241163045591373,17.724669630694986,1594.0358639822298,1593.7520982283168,1594.6719116568563,0.9198134285397828,1.25,0.1035839930981429,11
2018-11-21,2018-11-09,2018-12-03,4.57271592552515,4.058379840964801,433.5566067630669,432.7387542859651,434.7339070173912,1.99515273142606,1.5,0.0996446661122362,11
2018-11-21,2018-11-09,2018-12-03,2.4262693412258476,5.27371192403629,939.1258991557364,938.5039794212208,939.8914948804304,1.3875154592096806,1.25,0.033950140018256,11
2018-11-21,2018-11-09,2018-12-03,5.085777792695163,9.435264968367918,937.1458945509208,936.0002681766636,939.4731442420745,3.4728760654106736,1.25,0.1070862425818207,11
2018-11-21,2018-11-09,2018-12-03,12.658596114864473,3.5551498740264513,1175.5541151036314,1166.752769567538,1183.7121022348292,16.959332667291164,1.25,0.1197846541268052,11
2018-11-21,2018-11-09,2018-12-03,2.396070247748675,3.632677361156442,1185.7636819076167,1184.1793708284386,1187.29415304726,3.1147822188213468,1.75,0.0934076028736948,11
2018-11-21,2018-11-09,2018-12-03,23.041179099498507,3.919366090087172,1196.89185891749,1187.0635138177313,1209.4747190433554,22.411205225624144,2.5,0.197160239371806,11
2018-11-21,2018-11-09,2018-12-03,26.417280062205144,3.826037997198515,1236.5141432923529,1222.3722681202926,1251.5168797192164,29.1446115989238,2.25,0.1441210068261523,11
2018-11-21,2018-11-09,2018-12-03,2.152887992021193,4.387973291326884,1296.8026679190832,1295.5815312489867,1297.912560184952,2.3310289359651506,2.25,0.0529217079949033,11
2018-11-21,2018-11-09,2018-12-03,3.8525951530143088,4.663471618964787,1157.346023625226,1155.3553478671238,1160.653975113295,5.298627246171236,3.0,0.0662519806845988,11
2018-11-21,2018-11-09,2018-12-03,18.963240366644996,4.448694574091469,1130.403201270087,1124.593090813607,1136.5531463269144,11.960055513307452,3.75,0.1343798038681478,11
2018-11-21,2018-11-09,2018-12-03,19.277596793068664,3.750138480799017,896.8286406899878,883.9696049648337,908.6289401673712,24.659335202537477,2.25,0.1310249996493046,11
2018-11-21,2018-11-09,2018-12-03,6.197450518350973,4.293368573781767,914.3717283764494,911.0978091922588,916.487142778933,5.389333586674184,2.75,0.0798268979999992,11
2018-11-21,2018-11-09,2018-12-03,36.21065575335992,5.350106856051145,924.3830837288202,919.0306429076008,929.02977569215,9.999132784549149,6.5,0.1559113903414075,11
2018-11-21,2018-11-09,2018-12-03,2.142195326701017,3.450893598420449,928.2408045643036,927.588515002746,929.02977569215,1.4412606894038618,1.0,0.0400043762148551,11
2018-11-21,2018-11-09,2018-12-03,51.870562295493016,7.112554008990368,935.7409602690202,928.6931091747248,939.4731442420745,10.780035067349672,8.5,0.3617906069057205,11
2018-11-21,2018-11-09,2018-12-03,21.001925210752223,5.132154538360792,939.8053926264132,936.232406477444,943.3662488702684,7.13384239282459,4.5,0.1361854808147492,11
2018-11-21,2018-11-09,2018-12-03,7.364613370496952,3.713799072902194,1023.1135919089736,1019.605985646136,1029.9365896098316,10.330603963695468,1.75,0.0985933994514925,11
2018-11-21,2018-11-09,2018-12-03,4.842669226201514,5.980267083396671,1035.1137740505171,1034.1450462294742,1036.0064561245963,1.8614098951220512,2.0,0.0629638296163361,11
2018-11-21,2018-11-09,2018-12-03,2.8712158328214867,3.6449138534654937,1044.01807326292,1042.1998849445954,1046.6205755993724,4.42069065477699,1.5,0.0530475358359394,11
2018-11-21,2018-11-09,2018-12-03,6.149048569642098,3.980706715739161,1118.6696169469026,1117.208392768167,1120.622349309735,3.413956541568041,2.25,0.113316590328136,11
2018-11-21,2018-11-09,2018-12-03,8.99213846736084,3.7397414044911255,1143.6958503499038,1141.0110438200643,1146.8468150687404,5.835771248675883,2.25,0.1194977094610185,11
2018-11-21,2018-11-09,2018-12-03,7.1203785926455145,3.652585206015393,703.0610252757604,695.2145055895671,754.7123767705634,59.4978711809963,3.0,0.0864733313209498,11
2018-11-21,2018-11-09,2018-12-03,6.756684802457812,3.123505341691769,96.05992735212604,42.86993162659928,117.44466466782616,74.57473304122686,2.0,0.0772414747344329,11
2018-11-21,2018-11-09,2018-12-03,9.274622685676528,4.093797827725257,2385.6958567678475,2270.6505893282592,2445.084203442093,174.43361411383376,1.0,0.2301243980365487,11
2018-11-21,2018-11-09,2018-12-03,8.480151840278888,3.8911186618268663,2420.329065599138,2266.257226638496,2439.952964027412,173.6957373889163,1.0,0.1987366135336941,11
2018-11-21,2018-11-09,2018-12-03,3.7543539695779473,6.458027894302797,1299.2887789753263,1297.9303363761865,1301.2428346429951,3.3124982668086886,2.75,0.0633233043475992,11
2018-11-21,2018-11-09,2018-12-03,2.919695852909556,3.605335624219697,1216.97084450864,1212.7753737322057,1220.2566201006994,7.481246368493885,1.5,0.0625863117253046,11
2018-11-21,2018-11-09,2018-12-03,2.040744971365188,3.3148981908804123,129.54555012904697,128.57737111160532,130.5533387772739,1.975967665668577,1.25,0.0274580117996443,11
2018-11-21,2018-11-09,2018-12-03,6.271829421141461,3.2835891096158742,116.39708191706498,60.880128416698426,136.73866048641503,75.8585320697166,1.25,0.0478721389917529,11
2018-11-21,2018-11-09,2018-12-03,2.397461694220422,3.2266377847544105,135.20104066072517,134.33326484216377,136.73866048641503,2.405395644251257,1.25,0.032464638082546,11
2018-11-21,2018-11-09,2018-12-03,10.835434347522732,3.1356310258801647,126.41870929192162,68.93854928901419,142.7042175126262,73.76566822361201,1.5,0.0896457862119854,11
2018-11-21,2018-11-09,2018-12-03,3.914306945700434,11.99694157416018,316.76096952876674,316.5236968914978,317.2171093453653,0.6934124538674951,0.75,0.0207690155239982,11
2018-11-21,2018-11-09,2018-12-03,33.70929696753721,8.80915180060863,915.5589745835404,913.8933953861706,919.5306944618932,5.637299075722694,8.0,0.1572756181859277,11
2018-12-29,2018-12-03,2019-01-24,2.2553720723837696,4.444285035484077,800.7157835341746,800.1340950988233,804.792211312335,4.658116213511676,1.25,0.2206840381325409,12
2018-12-29,2018-12-03,2019-01-24,4.108529970680694,3.884513833902231,1037.3256640693503,1036.7082010302693,1038.150314238388,1.4421132081188262,1.5,0.0420782363778764,12
2018-12-29,2018-12-03,2019-01-24,4.459538084306058,10.511638628728443,1073.4455565669766,1073.0766248204743,1073.965284250211,0.8886594297364354,0.75,0.4437307472721288,12
2018-12-29,2018-12-03,2019-01-24,2.5454496260532307,3.993607398732152,929.2891376527472,928.4651447352952,931.4764435989782,3.011298863682896,1.0,0.0995487589852846,12
2018-12-29,2018-12-03,2019-01-24,36.933165948288675,4.839962237702858,1030.9548254857766,1026.0957973236218,1034.841071848292,8.745274524670094,3.25,0.127974750220182,12
2018-12-29,2018-12-03,2019-01-24,2.078616048173399,5.586424673768706,71.65958114695705,69.7291479818523,81.29386513633654,11.564717154484242,2.25,0.0426226311576151,12
2018-12-29,2018-12-03,2019-01-24,6.129911567871,8.106593498795853,111.3371090336768,111.12589091667904,111.7868340490386,0.6609431323595345,1.5,0.3345933995293488,12
2018-12-29,2018-12-03,2019-01-24,4.1947590594245545,7.2367782385023585,110.5790876243549,110.23833125503734,111.11454082094131,0.8762095659039915,1.25,0.1915047088909949,12
2018-12-29,2018-12-03,2019-01-24,2.2096927621196745,4.794143741097041,2247.443875628067,2246.7016098713502,2248.015136095695,1.3135262243449688,0.75,0.0646594742194816,12
2018-12-29,2018-12-03,2019-01-24,3.3713729738209146,3.4149227544964456,1122.2804046352855,1121.3643086864613,1123.455684708897,2.0913760224357247,1.0,0.0929600500284233,12
2018-12-29,2018-12-03,2019-01-24,2.127947299997851,3.45963076757997,1115.5527933379435,1115.1145406053402,1116.2483621761205,1.1338215707801282,1.0,0.111076317243373,12
2018-12-29,2018-12-03,2019-01-24,4.079220337392199,4.021082398043489,1035.768339620754,1035.3106866898015,1036.70610184595,1.395415156148374,1.25,0.0359544601251339,12
2018-12-29,2018-12-03,2019-01-24,6.55608385320359,4.140933605967977,1262.6688272354122,1258.6077550142072,1264.7010519690812,6.093296954873949,2.75,0.2074982344455165,12
2018-12-29,2018-12-03,2019-01-24,6.74806685232686,3.979163594334256,1289.2716384486123,1288.4316051583737,1290.0989160183815,1.667310860008001,1.25,0.2183713793275796,12
2018-12-29,2018-12-03,2019-01-24,2.811276560274097,4.679590733579649,1287.7399017944902,1286.798067478463,1288.6622443879023,1.8641769094392655,1.25,0.0971480770549924,12
2018-12-29,2018-12-03,2019-01-24,3.1158916505395893,3.8937213271965327,1276.560677449865,1273.9959585973993,1279.3997945105657,5.403835913166404,2.25,0.0777990942910837,12
2018-12-29,2018-12-03,2019-01-24,2.024881028560136,4.408065510572284,927.4656913434508,926.2369585898704,928.795898616314,2.5589400264434516,3.0,0.0486653094215854,12
2018-12-29,2018-12-03,2019-01-24,6.360298881701153,4.09524152073279,924.326618993544,923.2982971915044,926.6592048760504,3.360907684545964,3.25,0.0733596727786602,12
2018-12-29,2018-12-03,2019-01-24,10.324193492389467,3.894633276060896,889.9200106467035,885.6645115986466,894.1978686740622,8.533357075415552,2.5,0.0956145803142986,12
2018-12-29,2018-12-03,2019-01-24,3.414727786610205,12.160628030030136,868.329596347069,865.7191771729849,873.3124846303836,7.593307457398623,2.0,0.058975920133956,12
2018-12-29,2018-12-03,2019-01-24,2.4589472298223787,4.062419294468929,986.5502692264316,983.3380128792488,993.1187493456528,9.78073646640405,1.75,0.0714830741853959,12
2018-12-29,2018-12-03,2019-01-24,4.6536739276575565,4.332521215562826,608.8475169816369,593.9003848992288,698.6044651181437,104.7040802189149,2.5,0.0764274154807772,12
2018-12-29,2018-12-03,2019-01-24,4.257610267564359,4.4432577997005005,588.8264313473242,586.4934034002945,689.4272599029355,102.933856502641,2.25,0.0590189831419365,12
2018-12-29,2018-12-03,2019-01-24,3.722690259333461,3.5028462895823833,587.7311803988028,559.5543932579458,649.9979279367253,90.44353467877954,1.75,0.1250762557934845,12
2018-12-29,2018-12-03,2019-01-24,5.144195884204197,4.6798440248393565,722.6234985167682,692.2562054181471,751.9068608740345,59.65065545588732,3.25,0.0698089095343556,12
2018-12-29,2018-12-03,2019-01-24,2.8367329039548577,4.65105916831322,707.6903677892032,703.2027978277765,713.5913592022844,10.388561374507844,2.5,0.0544616659051904,12
2018-12-29,2018-12-03,2019-01-24,4.480292731973264,4.198626280498179,799.9245662876757,799.6652597882785,800.5991516807117,0.9338918924331664,1.5,0.1900768316523966,12
2018-12-29,2018-12-03,2019-01-24,2.5177368234703756,4.4600660145557,797.7669263168455,796.1520651564933,798.7256285450421,2.5735633885487914,1.75,0.0529984103262767,12
2018-12-29,2018-12-03,2019-01-24,2.1211694472998865,3.8811556067671713,1010.5621588917091,1009.1107997582294,1012.5560080353172,3.445208277087658,1.5,0.0532998960604405,12
2018-12-29,2018-12-03,2019-01-24,3.33871959064252,4.368958149159194,1015.7133342497708,1013.7763866460882,1017.3049418465234,3.528555200435221,3.25,0.0695443246395124,12
2018-12-29,2018-12-03,2019-01-24,5.579460659882492,5.191645473691809,2313.685974734901,2311.97407325916,2315.6381151927635,3.6640419336035848,2.0,0.055252695213397,12
2018-12-29,2018-12-03,2019-01-24,2.9495447783764965,4.347243465158132,2276.204537264902,2274.8234130260535,2277.727917482611,2.9045044565573335,1.25,0.059353554875927,12
2018-12-29,2018-12-03,2019-01-24,3.194839401147424,4.963287716327642,2263.1051867389156,2260.346801726613,2264.648016516585,4.301214789971709,1.5,0.0424422992269092,12
2018-12-29,2018-12-03,2019-01-24,5.011349360130133,4.971086376101901,2320.2265721211625,2316.1481816438027,2326.8184338263236,10.670252182520926,4.0,0.0665010450252489,12
2018-12-29,2018-12-03,2019-01-24,2.81553560194638,4.339312258569889,2245.7273131762195,2243.96026701387,2248.0989325819537,4.138665568083525,2.25,0.0560437004640572,12
2018-12-29,2018-12-03,2019-01-24,5.926566415404039,3.6635880348907537,2233.05128275466,2226.659438535571,2241.4802183741704,14.820779838599265,1.0,0.1292598905994471,12
2018-12-29,2018-12-03,2019-01-24,9.19725579400769,6.086733553547507,1096.6243065279325,1094.4662176636048,1099.815037866589,5.348820202983916,2.5,0.0884735100930619,12
2018-12-29,2018-12-03,2019-01-24,2.8905747671912008,5.327499229676519,1094.2055807573015,1093.535204618238,1095.627636469435,2.092431851197034,1.75,0.0713827610906685,12
2018-12-29,2018-12-03,2019-01-24,6.863057633209662,4.025117371126709,1091.3961099363028,1088.5519517092034,1094.2311416799205,5.679189970716834,3.0,0.0815477755324816,12
2018-12-29,2018-12-03,2019-01-24,3.4822158811400667,4.193256712803244,1071.9359882360116,1069.9855801137164,1073.5397419035437,3.554161789827049,1.25,0.0600005310333353,12
2018-12-29,2018-12-03,2019-01-24,3.092572236980218,8.491355565789377,1142.8394519627377,1142.6206792695448,1143.3165894933045,0.6959102237597108,0.75,0.2183867211685712,12
2018-12-29,2018-12-03,2019-01-24,2.0911375096043145,4.326999884798264,1323.4860653546127,1321.9232074152678,1325.0402299193663,3.1170225040987134,2.25,0.0611836330481199,12
2018-12-29,2018-12-03,2019-01-24,2.492216189104384,5.50440126884068,1298.8784891983462,1297.6819209554233,1300.502043556422,2.8201226009987295,1.75,0.0505460768439542,12
2018-12-29,2018-12-03,2019-01-24,2.617250270556625,3.9128170859479887,1219.812586606507,1217.7174494275823,1222.1361884460784,4.418739018496126,1.75,0.0641137734586549,12
2018-12-29,2018-12-03,2019-01-24,36.218727722774766,5.200514010902821,1290.3884540625152,1281.4629590632394,1297.4452357026748,15.98227663943544,5.25,0.1853113341566393,12
2018-12-29,2018-12-03,2019-01-24,5.564872670955,5.997777725671508,1276.0714902714608,1273.7627665321345,1279.3997945105657,5.637027978431433,2.75,0.087934786020679,12
2018-12-29,2018-12-03,2019-01-24,15.132726786445176,5.692483558056517,1263.764654964535,1257.1337436824106,1268.473301076796,11.339557394385338,4.0,0.1213053522528366,12
2018-12-29,2018-12-03,2019-01-24,48.770289533577106,5.353273649174133,1231.4317490865435,1219.793291427195,1249.6746219932102,29.881330566015095,6.0,0.2155446588720445,12
2018-12-29,2018-12-03,2019-01-24,7.472271553674965,3.7055619910763578,1196.8659086424466,1190.5594107531942,1203.8153875367716,13.255976783577353,2.0,0.1163872886716627,12
2018-12-29,2018-12-03,2019-01-24,2.070700394496363,3.6885685506534784,1300.2211469970532,1298.1640011705458,1301.7101795612834,3.546178390737623,1.5,0.0564974739034583,12
2018-12-29,2018-12-03,2019-01-24,8.684935143661578,4.0511310342816635,2115.461840140629,2109.9741363502108,2129.277388751041,19.303252400830388,2.25,0.0983478406390259,12
2018-12-29,2018-12-03,2019-01-24,10.050154360102196,4.257622360292806,1315.4026210755885,1308.7647995371372,1321.4464115607552,12.681612023618072,3.0,0.0947057893166705,12
2018-12-29,2018-12-03,2019-01-24,32.58469368411712,4.211924592115316,1063.2375120239751,1056.1946228253655,1070.216219343245,14.021596517879516,2.5,0.1227373536422392,12
2018-12-29,2018-12-03,2019-01-24,2.236772114058628,3.769122025171315,1055.7024184217466,1054.7991719171405,1056.8906779554673,2.09150603832677,0.75,0.0320001659086004,12
2018-12-29,2018-12-03,2019-01-24,27.890774075803925,4.239081446833909,1048.7430097565218,1043.5959665798582,1054.5637773275375,10.967810747679325,2.25,0.1094038091262391,12
2018-12-29,2018-12-03,2019-01-24,86.82439206281484,5.5212033256786714,1032.4850128173236,1021.4283180842176,1042.2624518754892,20.834133791271597,6.25,0.2185506286686993,12
2018-12-29,2018-12-03,2019-01-24,39.45416354918613,4.938811529114144,937.3500846216511,931.5423041218892,941.5120026231745,9.969698501285166,5.25,0.1800301116028171,12
2018-12-29,2018-12-03,2019-01-24,16.797351760193543,5.858322812077712,915.4535027680907,913.8933953861706,919.5306944618932,5.637299075722694,5.75,0.1574092406719837,12
2018-12-29,2018-12-03,2019-01-24,8.702746315821729,4.5507334550569585,913.1784562733336,909.1872512642294,916.2496438887902,7.062392624560744,3.5,0.1004255946877649,12
2018-12-29,2018-12-03,2019-01-24,2.848731909871084,3.775561293832155,854.3546278235386,852.0851936023682,857.2746645747684,5.189470972400159,2.0,0.0487783867630518,12
2018-12-29,2018-12-03,2019-01-24,7.250724180234185,3.3228290294480094,1187.0892322204086,1181.9749078666791,1191.7211076663807,9.746199799701571,1.75,0.1954226246606431,12
2018-12-29,2018-12-03,2019-01-24,2.2107410174178828,3.8918212070542553,1074.0194403805947,1072.8441466544757,1074.896262089722,2.052115435246378,1.25,0.0290721391253525,12
2018-12-29,2018-12-03,2019-01-24,15.442981005872642,3.823931257559295,1101.7969040806606,1098.1709309881553,1106.9997541140765,8.82882312592119,2.0,0.0994179340481908,12
2018-12-29,2018-12-03,2019-01-24,21.8254669778358,3.857805908850632,1170.9126345219036,1166.2875409740957,1177.5522558027878,11.264714828692377,3.0,0.1741754946155182,12
2018-12-29,2018-12-03,2019-01-24,27.64881195926046,4.801905758433973,1081.4422845511333,1075.1308969957754,1087.8425013562664,12.711604360491036,5.25,0.1306066182973882,12
2018-12-29,2018-12-03,2019-01-24,27.9812039121548,4.171206363562885,1145.4826811403975,1139.3825857858174,1153.669086928945,14.28650114312768,3.5,0.1600125833727941,12
2018-12-29,2018-12-03,2019-01-24,148.66246866437672,5.270577661121866,1122.934549472055,1107.9388587549329,1137.243357099127,29.304498344194144,7.5,0.3429292981008234,12
2018-12-29,2018-12-03,2019-01-24,26.94065231017239,4.9746423743461525,1158.3603135398828,1154.1368689625524,1163.4638633565046,9.32699439395219,6.25,0.1472688336633022,12
2018-12-29,2018-12-03,2019-01-24,2.094405725146543,3.2496991754235096,262.014539843092,252.8343113744631,274.01972749084234,21.1854161163792,1.0,0.043489025884976,12
2018-12-29,2018-12-03,2019-01-24,2.0664822336275144,5.2553875342972765,64.66335667716471,63.689421913120896,66.13964252406731,2.450220610946417,3.0,0.0481898292017849,12
2018-12-29,2018-12-03,2019-01-24,2.760928708385691,6.826575678978993,70.09829183163585,69.7291479818523,70.81658836221322,1.0874403803609312,3.5,0.049072101909742,12
2018-12-29,2018-12-03,2019-01-24,4.871603897762604,7.207718769118675,112.70695904931809,112.15398348076268,113.27136257989332,1.1173790991306305,0.75,0.3958975540111368,12
2018-12-29,2018-12-03,2019-01-24,3.248085638573509,3.936079730866452,547.7063328260741,546.0416908063926,550.7967291809618,4.755038374569267,1.75,0.0607702487922613,12
2018-12-29,2018-12-03,2019-01-24,5.560621586336136,4.164482897819734,531.986705131784,473.4029908920638,539.5436251680367,66.14063427597284,3.5,0.0684373613221579,12
2018-12-29,2018-12-03,2019-01-24,8.245390741759763,3.713614723145622,516.5570729174699,455.34732259530574,527.0248428010382,71.67752020573243,2.25,0.0756492982013801,12
2018-12-29,2018-12-03,2019-01-24,14.970482697876363,3.500923040393044,378.4148104432159,346.2111283536069,402.3576566469856,56.14652829337865,2.0,0.0843577175678284,12
2018-12-29,2018-12-03,2019-01-24,3.935442148096361,7.718271329021323,112.55963542715786,112.36921115079896,113.05617283284664,0.6869616820476949,0.75,0.2569585701647963,12
2018-12-29,2018-12-03,2019-01-24,2.0326329283842077,3.74707444192857,2339.557184430118,2203.826662388165,2358.141947879456,154.31528549129143,1.0,0.0451839350145614,12
2018-12-29,2018-12-03,2019-01-24,2.680401136715393,3.2376889996001847,2277.542176721897,2273.0736192869954,2285.1845530001447,12.11093371314928,1.25,0.0571283864934843,12
2018-12-29,2018-12-03,2019-01-24,3.120904132914934,4.055016660796739,2266.7065601390627,2265.1956401467323,2268.7884226655588,3.592782518826425,1.25,0.0677175595351321,12
2018-12-29,2018-12-03,2019-01-24,17.88301483865695,4.1017079136432,2258.8039832791246,2249.234389517922,2272.817972221412,23.58358270348981,2.75,0.1054107238345997,12
2018-12-29,2018-12-03,2019-01-24,4.3606512840064395,3.2086104116789893,2250.9323507877234,2247.6632879660465,2256.2112660431303,8.547978077083826,1.25,0.0552586064962163,12
2018-12-29,2018-12-03,2019-01-24,4.240949177922247,4.127585035299212,2243.1006582774776,2240.7736210334115,2246.43547939742,5.661858364008367,1.0,0.039118859174932,12
2018-12-29,2018-12-03,2019-01-24,2.1713249460708655,3.627276600820665,2215.2261014124715,2211.3441865989007,2220.7922160131857,9.448029414284974,1.0,0.0396196788646319,12
2018-12-29,2018-12-03,2019-01-24,8.259513070082837,3.825109359911948,2192.8614414789845,2181.8400566107593,2207.8688437468372,26.02878713607788,2.5,0.0919192518371376,12
2018-12-29,2018-12-03,2019-01-24,5.012784743375105,4.290173628002286,2247.536972721725,2246.220878327731,2249.4650287474506,3.2441504197195172,2.0,0.0491450787582223,12
2018-12-29,2018-12-03,2019-01-24,23.49955530981095,3.2257032253865123,129.33789035664103,86.26621090713888,146.57858125818893,60.31237035105005,2.25,0.1207195716197779,12
2018-12-29,2018-12-03,2019-01-24,4.865312636179136,6.144312512902998,106.9856522966991,106.26399073470384,107.6475920896046,1.3836013549007475,1.0,0.1206922697414541,12
2018-12-29,2018-12-03,2019-01-24,47.173040909651895,3.2679640261809006,123.45386341615816,60.26243609050289,145.91860216809437,85.65616607759148,2.25,0.2138790243395842,12
2018-12-29,2018-12-03,2019-01-24,2.051848520472769,7.0496826916843265,1376.9414256303774,1376.6252953992223,1377.60669141775,0.9813960185274482,1.25,0.0755887487939898,12
2018-12-29,2018-12-03,2019-01-24,3.0944888489776012,15.650805768200216,1312.7837265542437,1312.5792277748697,1313.529269703664,0.950041928794235,1.25,0.1322779304107889,12
2018-12-29,2018-12-03,2019-01-24,3.0778612020237732,19.07079703478843,1253.1496345901626,1253.1299576004967,1253.6048455028797,0.4748879023827612,2.25,0.0886776074427769,12
2018-12-29,2018-12-03,2019-01-24,5.440921786644241,5.561501813819644,2179.9991666994615,2178.7432403136045,2182.535094036255,3.7918537226505578,2.25,0.2752889083008224,12
2018-12-29,2018-12-03,2019-01-24,2.2409807033994515,3.473925501137768,2368.3854266863286,2274.439170308411,2449.8134269327857,175.37425662437454,0.75,0.0799927782189286,12
2018-12-29,2018-12-03,2019-01-24,9.332180435199612,3.7455418622682624,2365.8844459726047,2273.2470436519943,2449.3093571662903,176.06231351429597,1.25,0.2589544117049792,12
2018-12-29,2018-12-03,2019-01-24,4.265738858910057,5.202356681397897,2359.1753576752294,2271.6709916796535,2446.78616601415,175.11517433449626,0.75,0.2467615248184038,12
2018-12-29,2018-12-03,2019-01-24,5.047465157082018,5.494487981374182,2367.6261020907637,2270.6505893282592,2445.084203442093,174.43361411383376,1.25,0.0917698063591628,12
2018-12-29,2018-12-03,2019-01-24,3.2384282550948793,3.730612873500856,2411.895335869601,2266.257226638496,2439.952964027412,173.6957373889163,1.0,0.1026630152348883,12
2018-12-29,2018-12-03,2019-01-24,2.232628103702073,12.865734607070635,2306.136682796447,2248.933485245332,2419.938927420415,171.00544217508286,1.0,0.0774044680477994,12
2018-12-29,2018-12-03,2019-01-24,2.184880709126602,4.402747308631034,2174.9273918727463,2168.9631502819248,2179.4346220949665,10.471471813041717,1.75,0.0570028267222506,12
2018-12-29,2018-12-03,2019-01-24,2.407687891698875,14.95365327498912,2228.682292908332,2227.8744658450596,2230.0081081357785,2.1336422907188535,1.0,0.1689611382934014,12
2018-12-29,2018-12-03,2019-01-24,2.0032523735326317,5.447554023930211,2270.5378200444916,2238.4397792937234,2405.3022430427372,166.86246374901384,1.0,0.0559209760465014,12
2018-12-29,2018-12-03,2019-01-24,2.995535393940648,4.302020109763112,1135.4274131681468,1134.4437015019355,1136.5531463269144,2.109444824978709,1.5,0.0545521600842115,12
2018-12-29,2018-12-03,2019-01-24,2.6976353071830736,6.049221815461621,1132.633995351629,1131.2054365468211,1134.2090713442303,3.003634797409177,1.25,0.0416645737418385,12
2018-12-29,2018-12-03,2019-01-24,6.34830731390008,12.90626073178452,1174.609051673158,1174.047373299487,1175.4584199227393,1.4110466232523322,1.5,0.0316340616049195,12
2018-12-29,2018-12-03,2019-01-24,11.156264471160428,7.978202322444356,1159.1239537784,1157.1845559854992,1161.1376124299131,3.95305644441396,3.5,0.2954228475608785,12
2018-12-29,2018-12-03,2019-01-24,2.947843237460649,8.77854018846058,1157.274213861169,1156.9518920751289,1157.8804173236713,0.928525248542428,0.75,0.072225490065998,12
2018-12-29,2018-12-03,2019-01-24,2.707732807971451,8.95727131467325,1159.93144531775,1159.7159784617834,1160.421328795608,0.7053503338247538,0.75,0.1080419251740925,12
2019-02-07,2019-01-24,2019-02-22,11.79196626926056,7.541178691686817,2360.8901643035174,2270.140388089698,2445.8169084065594,175.67652031686157,1.25,0.0474519705078214,2
2019-02-07,2019-01-24,2019-02-22,9.283897265693946,5.653956649952963,2379.912075350882,2270.6505893282592,2445.084203442093,174.43361411383376,1.0,0.0548901376794077,2
2019-02-07,2019-01-24,2019-02-22,4.78202016142525,3.812594961335416,2362.0428625364793,2266.7942904117517,2440.4207848953083,173.6264944835566,1.25,0.1677571749491323,2
2019-02-07,2019-01-24,2019-02-22,3.576494278994475,4.567725272221954,2313.530324746656,2270.140388089698,2442.6188064171,172.47841832740232,1.0,0.0907242310265289,2
2019-02-07,2019-01-24,2019-02-22,9.441051377106298,4.651258773743012,2441.2994250751044,2440.645741989836,2442.12310481444,1.4773628246039152,1.5,0.0946492953242376,2
2019-02-07,2019-01-24,2019-02-22,3.670826300469748,3.450050358509866,2438.2380168199,2437.5171894622035,2439.3653341131285,1.8481446509249508,0.75,0.1130378527224497,2
2019-02-07,2019-01-24,2019-02-22,4.6767409642400155,5.537411510348728,2339.622594754267,2194.019352720119,2345.872691200115,151.85333847999573,4.25,0.0855421461844549,2
2019-02-07,2019-01-24,2019-02-22,2.6444223394658484,4.945618140227451,2403.741546997346,2274.439170308411,2449.5614050021395,175.1222346937284,1.0,0.0377340518178988,2
2019-02-07,2019-01-24,2019-02-22,2.765175237879772,3.4846976085937484,2450.182015005165,2448.77712275926,2451.0033139646985,2.2261912054382265,0.75,0.0624638381935893,2
2019-02-07,2019-01-24,2019-02-22,4.58815924003535,6.136502845440383,2356.6648316571927,2273.2470436519943,2447.546211323235,174.29916767124087,1.5,0.0194341052365073,2
2019-02-07,2019-01-24,2019-02-22,2.8029377989304907,3.546542710758164,1243.2843059370698,1242.381817357149,1244.2635909509845,1.8817735938355329,1.0,0.0476427777815699,2
2019-02-07,2019-01-24,2019-02-22,14.094275673585887,14.11671718994489,1175.4142883151655,1174.9951396319084,1176.1561744236387,1.1610347917303443,2.5,0.0381248185433888,2
2019-02-07,2019-01-24,2019-02-22,3.4405422553546163,11.627061264615463,1175.4190139249283,1175.227780693211,1175.9235336724669,0.6957529792562127,1.0,0.0273693459941464,2
2019-02-07,2019-01-24,2019-02-22,2.1374415638813957,7.997987246785598,1158.828006662483,1158.3478257274255,1159.2491453415714,0.9013196141459048,1.0,0.0290702213952286,2
2019-02-07,2019-01-24,2019-02-22,3.235701176844933,6.723812082235183,1157.8702557962292,1157.1845559854992,1158.8110759579577,1.6265199724584818,1.5,0.0415788773249196,2
2019-02-07,2019-01-24,2019-02-22,2.6612186413562693,5.584240969159845,1313.0010397776782,1312.3452554102987,1313.7631453545764,1.4178899442777038,0.75,0.0348307836866455,2
2019-02-07,2019-01-24,2019-02-22,6.539092372865181,3.902584108700119,1245.9180330064896,1243.8002478117123,1249.6746219932102,5.874374181497842,2.25,0.0925404520520197,2
2019-02-07,2019-01-24,2019-02-22,3.751843692203758,7.136052719457844,1291.6994103342245,1289.6349140238017,1296.0457518314945,6.410837807692587,2.75,0.0696352415439909,2
2019-02-07,2019-01-24,2019-02-22,3.0209888546310397,15.917424199595516,1257.7616777490211,1256.4314503087662,1259.3038506386802,2.872400329913944,3.0,0.0587916805703632,2
2019-02-07,2019-01-24,2019-02-22,3.7059845986602458,11.849434502122918,1244.851182873278,1242.381817357149,1247.7761265914887,5.394309234339744,2.0,0.0521037479819453,2
2019-02-07,2019-01-24,2019-02-22,2.9502995452551293,3.939658639738035,1241.853645495194,1240.9741546874866,1242.8452754011378,1.8711207136511805,1.0,0.0719480446942304,2
2019-02-07,2019-01-24,2019-02-22,3.1278092984675987,8.646946641332656,1225.8226266250829,1223.310525502544,1227.8130698418245,4.5025443392805755,2.5,0.0536207274986683,2
2019-02-07,2019-01-24,2019-02-22,11.791194319759327,6.771146130351306,1158.296903776988,1157.1845559854992,1159.946617691312,2.762061705812812,3.25,0.084245038894273,2
2019-02-07,2019-01-24,2019-02-22,59.98277243225474,8.487856783163283,1124.2803919966866,1118.3718300345354,1130.054450981319,11.682620946783572,7.25,0.1589726650003466,2
2019-02-07,2019-01-24,2019-02-22,2.145497503869793,5.974612072400162,1098.9838394677138,1097.938283121679,1100.5137893049978,2.5755061833187938,2.5,0.0490212030152335,2
2019-02-07,2019-01-24,2019-02-22,9.891421061885264,6.1862900065869635,1311.4169547514566,1309.4840875961818,1313.2778113787062,3.7937237825244665,4.25,0.0840152137171245,2
2019-02-07,2019-01-24,2019-02-22,2.3711033205129746,5.0393563320525185,2338.960688382168,2273.2470436519943,2447.546211323235,174.29916767124087,0.75,0.0891954289441672,2
2019-02-07,2019-01-24,2019-02-22,2.7099169614750864,6.10655391346551,2340.585711579096,2338.242106146179,2343.1310119833797,4.888905837200582,2.5,0.0591653904954855,2
2019-02-07,2019-01-24,2019-02-22,2.5981080794028606,13.221122704042816,1505.7363087197762,1504.9401567606255,1506.5309982392937,1.5908414786681533,1.75,0.0420612551869401,2
2019-02-07,2019-01-24,2019-02-22,2.1325138414229023,4.875625391921914,1314.9106231854607,1313.7663819058798,1316.137369944714,2.3709880388341844,1.5,0.0514977074580609,2
2019-02-07,2019-01-24,2019-02-22,2.7576303944240097,11.519521359873252,887.2550801313306,884.9452053527348,889.3169859624468,4.371780609712005,2.0,0.0589390914672746,2
2019-02-07,2019-01-24,2019-02-22,17.93782636687404,7.757823938307305,889.6371404703617,887.3384335534647,891.96666336013,4.628229806665331,2.5,0.1189706292410728,2
2019-02-07,2019-01-24,2019-02-22,2.1229616870927455,9.25672813553879,883.6969909335942,882.744804056827,884.9195320014842,2.1747279446572065,2.25,0.0489870138050667,2
2019-02-07,2019-01-24,2019-02-22,3.204122341836914,11.706724633195323,864.761546704444,863.5389497219585,866.1880762805231,2.6491265585646033,2.25,0.0519644513517412,2
2019-02-07,2019-01-24,2019-02-22,4.260822899052269,5.0605695848424155,937.5731295492784,936.0002681766636,939.4731442420745,3.4728760654106736,4.5,0.0803373853865426,2
2019-02-07,2019-01-24,2019-02-22,4.8939903756385315,11.493259082223956,934.4466503849516,933.084470950067,935.8627272900194,2.7782563399523497,3.25,0.0663552837886592,2
2019-02-07,2019-01-24,2019-02-22,3.2553866387038513,6.09612150654285,927.7089641689472,926.0080737215468,929.9597745467908,3.951700825244188,2.75,0.0761343876925544,2
2019-02-07,2019-01-24,2019-02-22,11.117447715851345,10.380377284662297,924.5446766613068,923.2982971915044,926.6592048760504,3.360907684545964,5.75,0.0977429858084978,2
2019-02-07,2019-01-24,2019-02-22,5.136453440588536,4.297186232583372,925.552443420692,924.5349156223238,926.4244841267356,1.8895685044117272,2.0,0.0604658452214035,2
2019-02-07,2019-01-24,2019-02-22,3.081162514295438,6.198524213221869,1146.5887117113905,1146.47887498606,1146.9420971670188,0.4632221809588372,0.75,0.1100537821665651,2
2019-02-07,2019-01-24,2019-02-22,6.524404344171879,3.7246712315427257,1315.074436203464,1311.8347007688135,1320.2550105936823,8.420309824869037,2.5,0.0858392843763126,2
2019-02-07,2019-01-24,2019-02-22,17.126019927407533,3.749105311121973,886.5404241109618,881.3539706873707,889.5565415271558,8.20257083978504,3.0,0.1202435896282962,2
2019-02-07,2019-01-24,2019-02-22,16.135056797650307,3.582509047269004,925.0502038562472,923.2982971915044,928.5620216070674,5.263724415563047,3.5,0.1080529229095704,2
2019-02-07,2019-01-24,2019-02-22,4.412055348246471,3.567432096234946,936.1787702733216,934.0096032028086,939.4731442420745,5.463541039265692,3.0,0.0831830013263456,2
2019-02-07,2019-01-24,2019-02-22,14.770410489055834,3.695447541386217,1124.1131944521055,1118.837048906833,1131.2034757579677,12.366426851134747,3.25,0.1325972359132192,2
2019-02-07,2019-01-24,2019-02-22,17.328297277901587,3.6341617721695982,1158.3249034788494,1154.9457514542155,1163.2312522605062,8.285500806290656,4.25,0.1285796806601416,2
2019-02-07,2019-01-24,2019-02-22,13.996851875578974,3.849417275712809,2173.0338759350184,2154.130539881997,2186.2647854271345,32.134245545137674,3.0,0.1680594752030799,2
2019-02-07,2019-01-24,2019-02-22,19.52626284243703,7.162325734134256,889.5788538589218,887.3384335534647,891.96666336013,4.628229806665331,3.75,0.1480102047590339,2
2019-02-07,2019-01-24,2019-02-22,2.6926461193699107,3.8013227951700728,724.0343179610434,713.3607199727558,760.1784318666905,46.81771189393476,1.0,0.092475194239128,2
2019-02-07,2019-01-24,2019-02-22,2.583024100812268,3.533801312452657,948.249591502238,947.0391448875888,949.6998808677308,2.660735980141908,1.5,0.0588917530896271,2
2019-02-07,2019-01-24,2019-02-22,5.56629905927002,5.638148573239872,437.7851897696551,436.7030530618504,439.5013033044525,2.79825024260208,1.25,0.1049302602659108,2
2019-03-06,2019-02-22,2019-03-19,5.147498580311238,7.677535385601121,108.045426210127,98.33266358450057,115.49105067458004,17.158387090079486,2.75,0.1950280259116976,3
2019-03-06,2019-02-22,2019-03-19,4.005423279718006,5.2565917053220055,436.1375410918084,435.4834975954145,436.933692291379,1.4501946959644556,0.75,0.1635966078933345,3
2019-03-06,2019-02-22,2019-03-19,2.1805891473229555,5.400433985683554,800.4789036812151,799.8996773380786,801.0670466953889,1.1673693573102355,0.75,0.1019985595516549,3
2019-03-06,2019-02-22,2019-03-19,2.0327842853785856,4.472754012873372,557.0120460344997,556.4446346117184,557.6900639445521,1.2454293328337371,1.25,0.0577778405781675,3
2019-03-06,2019-02-22,2019-03-19,4.069932495619082,5.286286187796149,641.1420676053486,607.8146783811972,707.002317879349,99.18763949815184,0.75,0.1824300099444566,3
2019-03-06,2019-02-22,2019-03-19,6.133456492828854,3.7339126022097497,2369.228442826228,2270.140388089698,2444.586124241352,174.44573615165427,0.75,0.0202617793430053,3
2019-03-06,2019-02-22,2019-03-19,13.013411447911473,3.832116359067324,2361.496810560303,2271.160790442489,2446.3195244050585,175.1587339625694,1.0,0.0365189635768354,3
2019-03-06,2019-02-22,2019-03-19,2.6864955477164565,4.430280935616435,2332.8337002633057,2273.2470436519943,2447.546211323235,174.29916767124087,1.25,0.1080393132119166,3
2019-03-06,2019-02-22,2019-03-19,2.3074336314073807,3.4106183558123515,2450.0955617454247,2449.395725880284,2450.7573652323335,1.3616393520496786,0.75,0.0557964541865533,3
2019-03-06,2019-02-22,2019-03-19,2.949843456178736,11.454521296558369,1118.1710645896312,1117.9062209096735,1118.602469264064,0.6962483543902636,0.75,0.3471082176276998,3
2019-03-06,2019-02-22,2019-03-19,3.996462369052745,9.037769188640311,2169.625278301499,2169.1515511125326,2170.431131591089,1.2795804785564542,0.75,0.2165922344178185,3
2019-03-06,2019-02-22,2019-03-19,4.446615368275571,4.44519837817602,2423.4166905031116,2272.74428114295,2447.546211323235,174.80193018028513,1.0,0.0887092328058604,3
2019-03-06,2019-02-22,2019-03-19,23.21641238585573,3.852406435858677,2376.405214258496,2270.140388089698,2446.78616601415,176.64577792445198,1.0,0.0723142417913043,3
2019-03-06,2019-02-22,2019-03-19,3.5574495329151876,7.827623288992865,925.4785297242678,923.2982971915044,926.6592048760504,3.360907684545964,4.5,0.0710945723060559,3
2019-03-06,2019-02-22,2019-03-19,2.823874074990949,8.656194448403403,114.95907291451196,114.76595089305192,115.42696897406132,0.661018081009388,1.75,0.0355691235315361,3
2019-03-06,2019-02-22,2019-03-19,2.0499158213891255,8.767918513895546,100.0404920963451,98.33266358450057,104.11509592691436,5.782432342413813,2.0,0.0477000450522785,3
2019-03-19,2019-03-19,2019-03-19,2.021081766191919,5.830199521679752,92.36670252329183,42.86993162659928,112.88889572070912,70.01896409410983,0.75,0.0807057201684501,3
2019-03-19,2019-03-19,2019-03-19,4.605214434460916,7.135648866746439,110.47251426518862,110.23833125503734,110.89935070928186,0.6610194542445242,1.5,0.1092581441198348,3
2019-03-19,2019-03-19,2019-03-19,7.461933265530961,7.968920201111047,111.32193066194851,110.88390159141272,111.7868340490386,0.902932457625866,1.75,0.024316445079736,3
2019-03-19,2019-03-19,2019-03-19,4.839681813921238,3.482632921563614,434.2507014868823,432.7387542859651,435.7141368249431,2.9753825389780104,1.25,0.1130252122002348,3
2019-03-19,2019-03-19,2019-03-19,3.205857613740079,3.5508028216790364,2266.9370886122956,2266.395009130705,2267.5887574865483,1.1937483558431268,1.0,0.1134689502060124,3
2019-03-19,2019-03-19,2019-03-19,4.168688754114788,18.569565859359873,1592.8553434506812,1592.3805188671686,1593.7552641010843,1.3747452339157462,1.0,0.0301072494253208,3
2019-03-19,2019-03-19,2019-03-19,3.39675366783439,4.73730488327583,119.50292464236766,119.2987476270646,119.95922706695274,0.6604794398881495,0.75,0.0521039301319392,3
2019-03-19,2019-03-19,2019-03-19,4.076990632640731,3.886428091888758,800.0461313348321,799.6652597882785,800.5991516807117,0.9338918924331664,1.5,0.1447052340290748,3
2019-03-19,2019-03-19,2019-03-19,3.192018106772215,4.596221380250906,798.9108793737524,798.728636871092,799.4281110703014,0.6994741992093623,0.75,0.0476523080067199,3
2019-03-19,2019-03-19,2019-03-19,2.6579683003543297,3.8848696008338344,811.6057742360622,811.3150573829189,812.2498538726941,0.9347964897751808,1.25,0.1014456002854128,3
2019-03-19,2019-03-19,2019-03-19,2.394540879017671,5.2485629841673616,947.208076625276,947.0137098017148,947.7085220310836,0.6948122293688357,0.75,0.2556876168642976,3
2019-03-19,2019-03-19,2019-03-19,2.089099004774126,12.06965652225994,1500.7789737651349,1500.5670718722977,1501.25247808313,0.6854062108322978,1.0,0.0595848166322723,3
2019-03-19,2019-03-19,2019-03-19,4.008409135183482,8.648091625690139,1138.758911231081,1137.7759286970831,1139.8457365701906,2.069807873107493,2.25,0.0892394336332479,3
2019-03-19,2019-03-19,2019-03-19,2.143620965438541,7.785878730528305,1139.5425047433791,1139.3825857858174,1139.8457365701906,0.4631507843732834,1.25,0.0590301733377852,3
2019-04-03,2019-03-19,2019-04-18,3.0412123401526405,5.322032281928999,437.2315652549032,436.7030530618504,438.1526196761988,1.4495666143484414,1.0,0.1298047321621895,4
2019-04-03,2019-03-19,2019-04-18,2.5642146644069075,4.761814998569868,434.91757699292145,434.50326778786257,435.4478257019073,0.944557914044708,0.75,0.081517964795752,4
2019-04-03,2019-03-19,2019-04-18,2.317984222962167,4.478293596384571,433.6342169064039,433.2148134619929,434.2276570117101,1.0128435497172177,0.75,0.0727439095692549,4
2019-04-03,2019-03-19,2019-04-18,2.3591758127579023,4.444864138052563,432.0056237634468,431.29029387841,432.7313642660156,1.4410703876055777,0.75,0.0570564681770438,4
2019-04-03,2019-03-19,2019-04-18,3.3917844303145808,3.7897051934592487,432.3925337252189,431.5568997245282,433.2074229782447,1.6505232537165284,1.25,0.1952452311873853,4
2019-04-03,2019-03-19,2019-04-18,3.777071414748249,3.8275853988649,259.7457083252207,211.15995562681928,288.0101304589771,76.85017483215779,1.5,0.1103933716173674,4
2019-04-03,2019-03-19,2019-04-18,2.662428920713221,5.0885740007857105,433.43883503469215,432.9767837487161,434.2276570117101,1.2508732629939914,1.0,0.1483525642644597,4
2019-04-03,2019-03-19,2019-04-18,4.0669399516159475,8.360572075398085,1214.9764010395686,1210.6583572858945,1218.8513387739658,8.192981488071382,2.5,0.0687503500002731,4
2019-04-03,2019-03-19,2019-04-18,49.69923608090639,6.684755597591375,1205.724105191406,1199.7357695782557,1214.6045634397306,14.868793861474842,8.5,0.241798659212327,4
2019-04-03,2019-03-19,2019-04-18,2.5400448263484563,3.808735352056852,713.5548049631377,712.870938513428,714.3096343921497,1.4386958787217736,0.75,0.0541546606825336,4
2019-04-03,2019-03-19,2019-04-18,4.469223663430497,4.349769342639361,557.3481848754399,556.4446346117184,558.8214574279264,2.376822816208005,1.0,0.1044889967506158,4
2019-04-03,2019-03-19,2019-04-18,91.9118539255042,14.995011007694538,1210.4943513211583,1203.584748307243,1221.4391466616653,17.8543983544223,9.5,0.202867266748992,4
2019-04-03,2019-03-19,2019-04-18,2.9025219369405897,5.09188839815571,451.80675193884093,450.60820846958086,453.33610876929015,2.7279002997092903,3.0,0.1051470737472721,4
2019-04-03,2019-03-19,2019-04-18,2.792929209565097,3.1674481802120065,968.7579183545204,968.3604624881408,969.3573257750832,0.9968632869422436,0.75,0.1116781545702294,4
2019-05-04,2019-04-18,2019-05-21,2.1486523602307073,7.004187949324153,1155.8833046510206,1154.36947425548,1157.4151952150278,3.045720959547907,3.0,0.0767873163742901,5
2019-05-04,2019-04-18,2019-05-21,2.6678430036469827,3.248356739268772,2447.901686497676,2284.071795569267,2455.7720361412503,171.70024057198316,1.25,0.0971050896564433,5
2019-05-04,2019-04-18,2019-05-21,7.772892606742904,4.321449855970887,2409.840108832452,2409.1006304351613,2411.310271502007,2.2096410668455064,3.5,0.0739811410633446,5
2019-05-04,2019-04-18,2019-05-21,2.3241443661436465,3.3924113490872103,2405.5375968400044,2404.28286370961,2406.644921470899,2.3620577612891793,1.0,0.0392974142839997,5
2019-05-04,2019-04-18,2019-05-21,13.55010143924958,4.978390468100939,121.7366998797012,119.72858783742412,123.81816399097444,4.089576153550297,1.25,0.2138884823920951,5
2019-05-04,2019-04-18,2019-05-21,3.364812440936973,9.203743418233064,72.85477243191326,62.95408280054107,77.85405761608854,14.899974815547466,0.75,0.0882874696502846,5
2019-06-04,2019-05-21,2019-06-18,2.2855947487221613,5.092895988138643,141.32477242193144,137.87959666084498,142.7042175126262,4.824620851781219,1.5,0.0614818022776787,6
2019-06-04,2019-05-21,2019-06-18,8.378563332044571,8.087571585604847,111.3073242266031,110.88390159141272,111.7868340490386,0.902932457625866,1.5,0.2399168641890494,6
2019-06-04,2019-05-21,2019-06-18,3.902402501868315,7.283994131481237,110.55288005537068,110.23833125503734,111.11454082094131,0.8762095659039915,1.25,0.1084838004384235,6
2019-06-04,2019-05-21,2019-06-18,3.4029076990762865,4.97867723407738,869.570834874379,867.7708902982995,870.9248161637224,3.1539258654229343,2.25,0.145231145739626,6
2019-06-04,2019-05-21,2019-06-18,2.1263314992155813,3.1789238696541573,1306.9262410968065,1302.9106630668975,1312.299397786148,9.388734719250351,1.0,0.0637276429660274,6
2019-06-04,2019-05-21,2019-06-18,4.135261633981134,10.219893027257903,1361.3346988829198,1360.9766280329786,1361.91248973459,0.9358617016114296,0.75,0.0498875702482558,6
2019-07-03,2019-06-18,2019-07-18,4.790516507022431,19.653812226925545,1951.990204768673,1947.636625340674,1954.9115899084136,7.2749645677395165,2.25,0.2284743115526202,7
2019-07-03,2019-06-18,2019-07-18,2.607286540521374,13.525073786269497,1341.954552436577,1341.646354636643,1342.5818194951862,0.9354648585431278,0.75,0.0827278256756711,7
2019-07-03,2019-06-18,2019-07-18,2.237189167445423,8.508964865105115,1201.7422595964624,1201.5965934456326,1202.7898229840212,1.1932295383885505,0.75,0.1002499127370908,7
2019-07-03,2019-06-18,2019-07-18,2.1669184106112995,8.27491612137913,2093.7467100318236,2079.0023488649167,2107.800750155933,28.79840129101649,1.75,0.0467659558262589,7
2019-07-03,2019-06-18,2019-07-18,2.193359468482533,3.458937921632317,2400.8678363901904,2275.894575821236,2451.0033139646985,175.1087381434627,0.75,0.1133305299578542,7
2019-07-03,2019-06-18,2019-07-18,3.875978857258911,10.085586985991474,1209.1050431425788,1206.2381596248597,1212.2851206641644,6.046961039304733,2.5,0.0639953622154818,7
2019-07-03,2019-06-18,2019-07-18,2.883127541789336,10.43165297695136,1205.1921482758405,1203.584748307243,1206.9340624203903,3.349314113147557,3.25,0.059729629314177,7
2019-07-03,2019-06-18,2019-07-18,2.434493244233149,3.434036120979398,1191.8155701455007,1190.094141216483,1195.5434827418069,5.449341525323689,2.0,0.0965777001251873,7
2019-07-03,2019-06-18,2019-07-18,6.544505360262601,3.394862226829012,1184.8057464069934,1175.6928944429385,1189.1433718977496,13.450477454811336,2.5,0.1451339944938485,7
2019-07-03,2019-06-18,2019-07-18,8.601587892090677,20.110387735333603,1952.7282610587704,1950.2973889485,1955.2010995713065,4.903710622806102,3.75,0.098765239068334,7
2019-07-03,2019-06-18,2019-07-18,3.619095362781666,7.69256640242474,490.42930197113947,489.3448822395876,491.5467201983556,2.20183795876801,4.5,0.1221193221498916,7
2019-08-01,2019-07-18,2019-08-15,2.3747624118894453,10.250038484184456,78.64252130451484,78.41224393900484,79.1001695273444,0.6879255883395672,0.75,0.071686305463442,8
2019-08-01,2019-07-18,2019-08-15,11.343011440835134,3.936394251165928,2351.5251760683536,2270.140388089698,2445.084203442093,174.94381535239518,1.0,0.0293489211961992,8
2019-08-01,2019-07-18,2019-08-15,2.097709920408577,10.408965786898586,1900.5657605083493,1900.3288333485832,1900.9805609816683,0.6517276330851018,1.0,0.0517776307571034,8
2019-08-01,2019-07-18,2019-08-15,11.690746783793486,3.7979931377868423,2365.3415673714576,2271.160790442489,2446.3195244050585,175.1587339625694,1.0,0.0278118845593984,8
2019-08-01,2019-07-18,2019-08-15,3.482746927966057,4.39962044076949,2358.836715648903,2273.2470436519943,2447.546211323235,174.29916767124087,1.0,0.1242180475054699,8
2019-08-01,2019-07-18,2019-08-15,3.1067104217503223,3.519111219376392,2395.4899078525564,2395.104066703469,2396.023332094308,0.9192653908394276,1.75,0.0823279961287889,8
2019-08-24,2019-08-15,2019-09-03,95.2785675256102,13.78577298566135,1310.7586249094052,1304.703810714651,1314.4824523357674,9.778641621116549,8.75,0.2585670164727717,8
2019-08-24,2019-08-15,2019-09-03,13.22721574347871,7.863680480514096,113.07567454703027,112.5844390457496,113.7017419571057,1.1173029113560915,1.5,0.545583799909827,8
2019-08-24,2019-08-15,2019-09-03,55.164742164304535,12.950597537810092,1310.896784164367,1304.9374251365662,1313.9970211354084,9.05959599884227,7.0,0.1541382941861592,8
2019-08-24,2019-08-15,2019-09-03,20.969175247396468,3.763958273951524,1312.212930248885,1307.8437158041634,1315.9034872530028,8.059771448839456,5.25,0.1413321323278304,8
2019-08-24,2019-08-15,2019-09-03,4.76354768893423,7.826943025877962,111.36608424638511,111.12589091667904,111.7868340490386,0.6609431323595345,1.5,0.3643272345936884,8
2019-09-07,2019-09-03,2019-09-12,3.347944640885398,3.0234468149232527,2395.7259905758474,2395.104066703469,2396.023332094308,0.9192653908394276,1.75,0.1363017543730889,9
2019-09-07,2019-09-03,2019-09-12,4.824380515516621,7.582036627822275,110.73627690608976,110.23833125503734,111.35653014620766,1.118198891170323,1.5,0.1251382280329023,9
2019-10-05,2019-09-25,2019-10-16,3.0956466579098345,8.809751021268765,111.21291924801474,111.12589091667904,111.57168196467684,0.4457910479977727,0.75,0.1858317744937902,10
2019-10-05,2019-09-25,2019-10-16,4.225141165130357,8.71555214551457,111.59427763227106,111.34104273514822,112.00198600441216,0.660943269263953,0.75,0.1192898660076564,10
2019-10-05,2019-09-25,2019-10-16,2.8906693869351145,4.03602722931309,1208.9698281059527,1206.9362025274895,1210.888996515423,3.9527939879335463,2.75,0.059329036799396,10
2019-10-05,2019-09-25,2019-10-16,3.551411916824395,3.2380454892692785,940.8332136814838,936.0002681766636,946.7795167085716,10.779248531907797,1.0,0.0631852209050901,10
2019-10-05,2019-09-25,2019-10-16,15.803054798033283,4.086540663743993,1158.053630022754,1156.486670178827,1159.946617691312,3.459947512485087,2.75,0.184212096748458,10
2019-10-05,2019-09-25,2019-10-16,2.512232041659602,3.6610501688092008,1187.1555284514286,1186.3656093017198,1187.9709211038426,1.605311802122742,2.0,0.079755309615623,10
2019-10-05,2019-09-25,2019-10-16,4.19699453015676,7.246269658386147,110.54821536926094,110.23833125503734,111.11454082094131,0.8762095659039915,1.25,0.144487905028863,10
2019-10-05,2019-09-25,2019-10-16,6.643394063335864,8.076987203371862,111.3381344527796,111.12589091667904,111.7868340490386,0.6609431323595345,1.5,0.2098590495847015,10
2019-10-05,2019-09-25,2019-10-16,2.531670315924273,10.189876072208952,873.1872203575956,873.081845400855,873.5518421945162,0.4699967936612665,1.0,0.1623973460809822,10
2019-10-05,2019-09-25,2019-10-16,9.957644446200003,3.3655075882651153,1158.292076619735,1155.5879533248954,1160.1886823675595,4.60072904266417,2.0,0.1805575767435046,10
2019-10-05,2019-09-25,2019-10-16,2.1381686540524845,4.912827971591976,1158.4028490708045,1158.115214833524,1159.0436870655976,0.9284722320735456,0.5,0.047865650327821,10
2019-10-05,2019-09-25,2019-10-16,3.3919961571272883,3.04043245584481,2058.854055785432,2058.1962619507685,2059.549795675557,1.3535337247885764,0.75,0.2064743727668666,10
2019-10-05,2019-09-25,2019-10-16,3.250656401085642,19.394450424086504,1894.1671153017755,1893.5523615027776,1894.9528117696757,1.4004502668976784,0.5,0.2644793990656681,10
2019-10-30,2019-10-16,2019-11-13,2.2123003115889177,19.90351486296461,1905.067308604259,1904.677748341579,1905.7515903688036,1.0738420272246003,1.0,0.1502569733813136,10
2019-10-30,2019-10-16,2019-11-13,3.770733448720802,11.429446801359466,316.8867066559446,316.7550834431313,317.2171093453653,0.4620259022340178,1.25,0.0520492645130295,10
2019-11-27,2019-11-13,2019-12-12,7.056503403986413,7.456775413454896,1097.984182236356,1093.535204618238,1100.746403284371,7.211198666132987,4.75,0.0963807031884402,11
2019-11-27,2019-11-13,2019-12-12,3.691822831028923,3.707758466594088,1143.7516050151326,1141.6809594118968,1145.8928777431138,4.211918331217021,2.25,0.0677848588026719,11
2019-11-27,2019-11-13,2019-12-12,3.631731394249851,7.565798675260029,1160.2197920728831,1159.958043138031,1160.8866213378496,0.9285781998187304,2.5,0.0540346444573392,11
2019-11-27,2019-11-13,2019-12-12,36.93920961865925,8.333942315382476,1208.0831031351315,1200.4330392004922,1214.3719230997376,13.938883899245411,10.25,0.180125654429781,11
2019-11-27,2019-11-13,2019-12-12,3.52607879215201,5.755016515993314,947.631819617052,946.7816233094782,948.7157537341118,1.9341304246336224,2.0,0.0900299989744891,11
2019-11-27,2019-11-13,2019-12-12,3.177621260106195,6.759444279742987,1010.022704853106,1008.8781035547144,1012.3231929084286,3.4450893537141383,3.5,0.0660103535625656,11
2019-11-27,2019-11-13,2019-12-12,6.716707470545737,12.07015643262524,1013.6829307183116,1009.989583821036,1020.5343817812392,10.54479796020314,3.5,0.1013266460290505,11
2019-11-27,2019-11-13,2019-12-12,5.968489073897572,4.881367603193685,1088.9377040509992,1086.708506666124,1091.6397801036946,4.9312734375707805,3.5,0.0923669833956105,11
2019-11-27,2019-11-13,2019-12-12,31.98253409512617,9.451789505572886,1024.4052388676664,1016.0664753876626,1029.9365896098316,13.870114222168922,8.75,0.1741421164883429,11
2019-11-27,2019-11-13,2019-12-12,2.163090203019776,11.65854067140673,1270.736437533465,1268.714589133859,1274.4597898679783,5.745200734119862,2.5,0.0435658588144582,11
2019-11-27,2019-11-13,2019-12-12,2.0501732724290873,14.176002676257674,2332.4923154326493,2329.3648382909596,2336.398550158832,7.033711867872626,2.25,0.056419833327777,11
2019-11-27,2019-11-13,2019-12-12,2.2582723030352847,12.02245142083137,2320.4341641278006,2320.4341641278006,2320.664803357329,0.2306392295286059,1.25,0.01905110050651,11
2019-11-27,2019-11-13,2019-12-12,3.6034992497819056,7.4319891349603,2321.3211476712054,2321.0256031309254,2322.2885556872934,1.2629525563679636,1.5,0.0943477305438501,11
2019-11-27,2019-11-13,2019-12-12,2.411471528259292,3.708007311871151,2395.391009912894,2395.104066703469,2396.023332094308,0.9192653908394276,1.25,0.1362233817606398,11
2019-11-27,2019-11-13,2019-12-12,3.798693842516556,8.266849852628539,1289.213410118563,1288.4316051583737,1290.0989160183815,1.667310860008001,3.75,0.0545117674638767,11
2019-11-27,2019-11-13,2019-12-12,2.10322969376927,7.899431031405675,1296.9549121946068,1295.5815312489867,1298.861970005557,3.28043875657022,2.25,0.0471002113753544,11
2019-11-27,2019-11-13,2019-12-12,2.9503036391014525,7.316894855810692,1309.126810197787,1307.375745542813,1310.416958434973,3.0412128921598196,4.25,0.0577223020140044,11
2019-11-27,2019-11-13,2019-12-12,12.96501878243159,4.723202526597954,1032.0569271344818,1029.705950380303,1035.073765204288,5.3678148239851,3.25,0.0909839288026691,11
2019-11-27,2019-11-13,2019-12-12,19.98051505034608,6.990140357119942,1264.497283510931,1260.9025662438944,1268.706223228015,7.803656984120607,4.75,0.1405518567428457,11
2019-11-27,2019-11-13,2019-12-12,2.3539439348154683,8.231655520348921,1272.120303784808,1268.947512138635,1274.6929819029756,5.745469764340669,2.5,0.0573829703226274,11
2019-11-27,2019-11-13,2019-12-12,2.321651386711672,3.6442294156858233,1282.447106429236,1280.5855387528427,1284.9357883152552,4.3502495624125,2.25,0.0842796886346129,11
2019-11-27,2019-11-13,2019-12-12,3.417573701723166,5.340787259824454,1288.6233487149098,1287.2583268731833,1290.0989160183815,2.8405891451984644,2.5,0.0672577510883876,11
2019-11-27,2019-11-13,2019-12-12,4.071136778356065,3.964920985773675,1292.85316388384,1290.8125430275686,1295.812170478515,4.9996274509467185,2.5,0.0932974261849607,11
2019-11-27,2019-11-13,2019-12-12,2.5705056376913364,4.0882761751791055,2177.9023837248146,2169.885016708635,2181.4462053212337,11.561188612598926,2.25,0.151899540163609,11
2019-11-27,2019-11-13,2019-12-12,2.449592041394239,3.774800876942235,2213.7530871730946,2209.5776254045777,2220.7922160131857,11.214590608607978,1.25,0.0482061745861388,11
2019-11-27,2019-11-13,2019-12-12,2.392210500242514,3.240419263198535,2247.962717383287,2240.7736210334115,2256.2112660431303,15.437645009718835,0.75,0.043682940018997,11
2019-11-27,2019-11-13,2019-12-12,3.875436393791058,3.6658063539874246,2269.1914668101995,2264.7160386010073,2274.262229166925,9.54619056591764,1.75,0.0719402225548717,11
2019-11-27,2019-11-13,2019-12-12,6.083869923377315,4.022814236438792,1268.4413011231509,1265.1729398150928,1273.3647580621764,8.191818247083575,2.5,0.0810201660465161,11
2019-11-27,2019-11-13,2019-12-12,6.635571241948713,4.224963749136937,884.7409287834475,882.744804056827,886.8706272481941,4.12582319136709,3.0,0.0762521253244295,11
2019-11-27,2019-11-13,2019-12-12,35.09260268171824,5.276270172132371,916.183787446776,913.8933953861706,919.5306944618932,5.637299075722694,6.75,0.1912521184014072,11
2019-11-27,2019-11-13,2019-12-12,29.180604247288528,4.494122730875699,925.6143011981457,922.431311253924,929.7258986560628,7.294587402138859,4.5,0.1535067354791738,11
2019-11-27,2019-11-13,2019-12-12,29.776448126937673,4.8984983909813575,937.0984591076328,934.0096032028086,939.4731442420745,5.463541039265692,5.0,0.2617702993910686,11
2019-11-27,2019-11-13,2019-12-12,8.140962257372648,4.98864925555751,948.3295833680734,947.0391448875888,949.9320497554728,2.8929048678837717,5.0,0.1011093857646854,11
2019-11-27,2019-11-13,2019-12-12,33.78476344961455,4.213668362427561,1119.470471150062,1111.416853734292,1130.9703356255775,19.553481891285628,3.75,0.2064208000479201,11
2019-11-27,2019-11-13,2019-12-12,3.322520067758505,3.623970188610557,1156.917767400577,1156.2540590618737,1158.578464956954,2.3244058950804174,1.5,0.0420196459421181,11
2019-11-27,2019-11-13,2019-12-12,12.497654791983653,7.119098816723756,1162.3654977189556,1160.655982108321,1164.5265039186925,3.8705218103714287,8.0,0.1159470218261454,11
2019-11-27,2019-11-13,2019-12-12,2.820196359496694,3.963521174815696,1246.572190256485,1243.8002478117123,1250.3731525843032,6.572904772590846,1.75,0.0750508701725218,11
2019-11-27,2019-11-13,2019-12-12,2.624707644084588,8.003342175415353,865.9052372915954,865.480917331297,866.4263363201171,0.9454189888201654,3.25,0.0502601460319069,11
2019-11-27,2019-11-13,2019-12-12,17.287061347713973,7.795880362471472,907.818782204676,905.1502639725804,909.680507636629,4.530243664048612,6.0,0.1368948897417484,11
2019-11-27,2019-11-13,2019-12-12,10.712862801124167,9.956866165642651,924.6885234671818,923.2982971915044,926.6592048760504,3.360907684545964,5.25,0.1442699299116919,11
2019-11-27,2019-11-13,2019-12-12,2.6863208385000896,8.711990283572522,908.0820715765182,907.7157260389068,908.6289401673712,0.9132141284644604,1.75,0.0305465333482299,11
2019-11-27,2019-11-13,2019-12-12,2.4496363817861155,8.69262101124093,909.0962968645468,908.6369757158682,909.680507636629,1.04353192076087,1.25,0.0355516508792957,11
2019-11-27,2019-11-13,2019-12-12,3.941561064515563,5.879316480673087,936.787782626423,936.0002681766636,938.1606338522396,2.160365675576031,1.75,0.0590659022309189,11
2019-11-27,2019-11-13,2019-12-12,5.236039193073242,4.493476991293688,947.260148149941,945.6204681769012,948.7157537341118,3.0952855572104454,3.25,0.1372693488876001,11
2019-11-27,2019-11-13,2019-12-12,2.1640703620854658,4.637689994078604,908.324099277243,907.7157260389068,909.441882009618,1.726155970711261,1.0,0.0713643536309124,11
2019-11-27,2019-11-13,2019-12-12,3.5726818125303668,8.273340422156444,1160.8192542534955,1160.655982108321,1161.3702234183438,0.7142413100227714,1.25,0.0268334486834606,11
2019-11-27,2019-11-13,2019-12-12,3.2293843719667965,4.111918528586871,1011.0559503962926,1007.8941577412188,1012.7930000117047,4.898842270486057,3.0,0.1705391621156112,11
2019-11-27,2019-11-13,2019-12-12,3.5606084254626182,11.5403909994818,297.16466175687395,297.11532709607854,297.57959469780326,0.464267601724714,1.0,0.0464095913920606,11
2019-11-27,2019-11-13,2019-12-12,3.978865749035859,4.475517814568845,1098.2882510802149,1096.5603607194498,1100.2811755347066,3.7208148152567446,3.75,0.0706656262544961,11
2019-11-27,2019-11-13,2019-12-12,3.315675675642822,3.897287582385855,1150.905666191402,1148.3212030888535,1153.203876329586,4.882673240732402,3.0,0.147874960106995,11
2019-11-27,2019-11-13,2019-12-12,8.961982791718624,4.255410827109458,1159.504470349106,1156.486670178827,1161.8354454156945,5.348775236867368,3.5,0.1021002748576557,11
2019-11-27,2019-11-13,2019-12-12,4.232647607154403,3.1425475986736733,1194.687883063404,1190.792045513168,1198.07753319107,7.285487677901983,1.75,0.0974492706618075,11
2019-11-27,2019-11-13,2019-12-12,10.96014778278612,3.467853211378593,1202.959735616079,1197.8468939615414,1209.7073849365115,11.860490974970162,3.25,0.1423997649936821,11
2019-11-27,2019-11-13,2019-12-12,3.3312825133667556,3.3228411292699582,1238.7404112065874,1232.738727397751,1242.1468196087517,9.40809221100062,2.0,0.0770685972063057,11
2019-11-27,2019-11-13,2019-12-12,16.639392544890715,4.74548432896322,1264.911033215689,1258.3750268174335,1269.6439973218369,11.268970504403114,4.75,0.1606419425326839,11
2019-11-27,2019-11-13,2019-12-12,8.509686231496561,5.17386056089626,1277.8227130943037,1272.9009778904729,1281.9267041371204,9.025726246647537,4.25,0.1123616225886702,11
2019-11-27,2019-11-13,2019-12-12,15.65167808400101,3.8026207973219366,1024.5685079614009,1018.9917676937766,1030.712457430549,11.720689736772329,3.5,0.1222362693195293,11
2019-11-27,2019-11-13,2019-12-12,21.308049258176915,3.685261145082863,907.7023741686984,904.6434130673296,909.680507636629,5.03709456929937,3.25,0.1542020810519307,11
2019-11-27,2019-11-13,2019-12-12,2.395642066019056,3.2450910357181257,916.4991543308396,915.7552502788604,917.403916245792,1.6486659669317305,1.25,0.0736401012861762,11
2019-11-27,2019-11-13,2019-12-12,2.8947476074514467,4.098443633082183,1313.9828811703587,1313.0471721491776,1315.1840896871872,2.136917538009584,1.0,0.232900501414547,11
2019-11-27,2019-11-13,2019-12-12,2.9912718548033896,3.922081259707763,2440.7038499055857,2440.645741989836,2441.1216749008745,0.4759329110383987,1.0,0.1091253464639397,11
2019-11-27,2019-11-13,2019-12-12,2.488243831994405,20.107470662538496,1875.7239184058828,1874.7697888598775,1876.6553720538504,1.8855831939727068,1.0,0.0814387604795574,11
2019-11-27,2019-11-13,2019-12-12,2.1901789535073335,5.832085653358605,2275.136745917654,2274.8234130260535,2275.7256450657733,0.90223203971982,1.5,0.1209485032309188,11
2019-12-28,2019-12-12,2020-01-13,3.440081611153441,10.73594565480888,1274.4471174593898,1270.5791367981583,1275.6339855464175,5.054848748259246,1.25,0.0370311040604928,12
2019-12-28,2019-12-12,2020-01-13,4.368100008563295,4.210161786969578,1167.3328550957483,1166.5201552682556,1168.146557637956,1.6264023697003722,1.0,0.1324306477150683,12
2019-12-28,2019-12-12,2020-01-13,4.340254876722499,5.615557919070284,1155.152954126212,1153.4384476994164,1156.9499204144813,3.5114727150648832,4.25,0.0812274183715963,12
2019-12-28,2019-12-12,2020-01-13,3.885935437478046,4.418560400912957,2446.92793410489,2446.555526784621,2447.546211323235,0.9906845386140049,1.0,0.1069503930543305,12
2019-12-28,2019-12-12,2020-01-13,26.30607337916122,3.948346351102884,2386.772414091038,2270.140388089698,2446.78616601415,176.64577792445198,1.25,0.1915233088111219,12
2019-12-28,2019-12-12,2020-01-13,2.991212061583134,20.07620463539649,2302.523434652605,2300.610818541143,2304.774478701409,4.163660160265863,1.75,0.0481478178522594,12
2019-12-28,2019-12-12,2020-01-13,9.300326332271151,13.66223960899938,2028.0733740139715,2023.889116682112,2034.4152676044032,10.52615092229098,5.5,0.0918704631331239,12
2019-12-28,2019-12-12,2020-01-13,4.355224112296401,21.214718452182726,1955.4268120736945,1953.1377741564063,1958.0033502895385,4.865576133131981,2.5,0.0635323850462027,12
2019-12-28,2019-12-12,2020-01-13,2.3573030222141296,9.770264132113756,1376.326143074274,1375.9175964551978,1376.8559346287511,0.9383381735533476,1.0,0.0970179051084426,12
2019-12-28,2019-12-12,2020-01-13,16.899678775240808,5.919085669792943,1097.5835457366338,1094.0005024503917,1100.9781939298846,6.977691479492933,7.5,0.1220785068040994,12
2019-12-28,2019-12-12,2020-01-13,2.5288019711462404,3.5558597588623497,2175.282199286597,2168.9631502819248,2180.9835378769785,12.020387595053762,1.5,0.0533068761856766,12
2019-12-28,2019-12-12,2020-01-13,13.487316309249035,5.449309752152392,104.19971656050288,46.47849696362391,117.90609681699424,71.42759985337034,1.5,0.2247898639599976,12
2019-12-28,2019-12-12,2020-01-13,2.227552887456296,4.616808489599996,140.9207489068182,140.67800173256546,141.35458110505715,0.6765793724916875,0.75,0.1949726798079052,12
2019-12-28,2019-12-12,2020-01-13,2.263000810859273,3.9451234955171746,887.8911619481869,887.0988507731818,889.0774306831881,1.978579910006374,2.0,0.0777702870977164,12
2019-12-28,2019-12-12,2020-01-13,7.300268254407683,4.427944062990567,907.6545009173008,905.8553441669792,909.680507636629,3.8251634696498513,2.25,0.0924353618159441,12
2019-12-28,2019-12-12,2020-01-13,56.22311918041953,11.236621851855851,904.45861984836,901.1465807985514,909.680507636629,8.533926838077605,13.0,0.1865565527561197,12
2019-12-28,2019-12-12,2020-01-13,11.327030736920134,5.250377742743528,1118.605153089758,1114.8819311182017,1121.131113267038,6.249182148836553,4.25,0.107603115528526,12
2019-12-28,2019-12-12,2020-01-13,4.816161225293911,4.309929077937766,1151.6180964499126,1150.3872866327874,1153.669086928945,3.2818002961575985,3.0,0.080976862463072,12
2019-12-28,2019-12-12,2020-01-13,23.571199407937307,4.967107116377754,1161.1751211904134,1157.1845559854992,1166.7507944977842,9.566238512285054,3.75,0.2073761733288816,12
2019-12-28,2019-12-12,2020-01-13,18.04271399630734,5.662155147709077,1208.7478689637278,1203.584748307243,1214.3719230997376,10.787174792494625,6.25,0.1355480795607913,12
2019-12-28,2019-12-12,2020-01-13,69.49299902985491,6.487227197099929,1272.049325626895,1261.6016985797323,1286.083572441712,24.481873861979693,9.5,0.2543428962530812,12
2019-12-28,2019-12-12,2020-01-13,10.047312077557102,4.681266051935531,1290.806001043935,1287.2583268731833,1292.9329874748364,5.674660601653159,2.75,0.1296563039747465,12
2019-12-28,2019-12-12,2020-01-13,2.7801182959011226,4.132006356246248,1228.7089337631537,1226.8842928237282,1230.6354937152937,3.751200891565531,2.25,0.0662825818835659,12
2019-12-28,2019-12-12,2020-01-13,3.241851863818002,4.2113901927462285,1088.536041170284,1086.243072902318,1090.8950497764165,4.651976874098182,2.75,0.0642574794934272,12
2019-12-28,2019-12-12,2020-01-13,15.556765947203663,5.46294021999788,141.40829188035738,134.69392282888293,143.80035945773125,9.106436628848314,1.25,0.2364133980808843,12
2019-12-28,2019-12-12,2020-01-13,7.72078307475955,11.157604108394253,1017.4978653406098,1010.6918817353436,1024.505628325045,13.813746589701625,3.25,0.1010690859377437,12
2019-12-28,2019-12-12,2020-01-13,2.210966755563782,3.7692961538035257,902.0868800496364,901.1465807985514,902.9453270640224,1.7987462654709816,1.0,0.03500814279198,12
2019-12-28,2019-12-12,2020-01-13,7.606034234428524,8.204006731354221,100.900413357981,99.162883406505,102.53689610539004,3.3740126988850534,3.75,0.1248057252478986,12
2019-12-28,2019-12-12,2020-01-13,5.144318641934113,5.894784514862117,109.01624745607096,108.6653403500095,109.5415121819824,0.876171831972897,1.0,0.1018240048688672,12
2019-12-28,2019-12-12,2020-01-13,22.222117557108337,5.353102783613021,134.17307974414572,133.3129435707815,136.3540892819874,3.0411457112058997,2.0,0.1661660363273652,12
2019-12-28,2019-12-12,2020-01-13,2.2192914479143884,4.680263275596312,867.0126810046603,865.9574370509945,868.0015295278281,2.0440924768336117,2.5,0.0502197431011952,12
2019-12-28,2019-12-12,2020-01-13,6.851927099312228,7.232509291557747,886.32620158501,884.209367566742,889.3169859624468,5.107618395704776,4.5,0.0905558556963629,12
2019-12-28,2019-12-12,2020-01-13,2.429279240831003,3.4828948665433344,592.2785510768127,559.5543932579458,653.2448873319663,93.69049407402052,2.25,0.1071713444336653,12
2019-12-28,2019-12-12,2020-01-13,2.2898709730170443,7.848073162533345,903.0284113659684,902.236980370246,903.909661584068,1.6726812138222158,1.25,0.0400032283262146,12
2019-12-28,2019-12-12,2020-01-13,2.012642215505008,7.7904808637112435,1022.2025152156422,1020.3037425517105,1023.991954033263,3.688211481552571,2.25,0.0559653312884005,12
2019-12-28,2019-12-12,2020-01-13,5.3885523242492095,10.219806285901267,903.0001996433252,901.9981265272944,904.157544455491,2.15941792819649,1.25,0.0382591490086662,12
2019-12-28,2019-12-12,2020-01-13,3.287950937479839,6.738082918355108,1011.3263153840338,1008.359825644642,1015.1290691406466,6.769243496004492,3.25,0.0725178786108462,12
2019-12-28,2019-12-12,2020-01-13,9.658071994389122,3.674988043798512,1278.8655938843915,1274.22915063845,1285.8500535725616,11.620902934111657,3.5,0.1438573911067481,12
2019-12-28,2019-12-12,2020-01-13,2.1177478566700216,4.712093351942044,1291.9962426255256,1291.524904132355,1292.6996850734577,1.1747809411026535,1.0,0.0612965385499695,12
2019-12-28,2019-12-12,2020-01-13,2.1919413255199687,3.1246963342032954,1301.0151110945908,1297.6819209554233,1304.9344499441795,7.252528988756239,1.0,0.0567674579990627,12
2019-12-28,2019-12-12,2020-01-13,2.3734375048354184,7.717896896010796,101.46266650197524,100.4758571269922,102.90794904576614,2.432091918773949,2.0,0.186341959442608,12
2019-12-28,2019-12-12,2020-01-13,3.401846931599877,5.096782794766443,133.6908693258304,133.3129435707815,135.57725314470008,2.264309573918581,1.0,0.1462726175422098,12
2019-12-28,2019-12-12,2020-01-13,5.2800659732577655,5.099228804252094,63.23497321037802,46.16742232814431,117.21394847892223,71.04652615077794,0.75,0.2137460479704875,12
2019-12-28,2019-12-12,2020-01-13,6.414660375121624,3.6953709276065663,1158.9110156182676,1156.2540590618737,1161.8354454156945,5.581386353820562,2.75,0.1029514789628879,12
2019-12-28,2019-12-12,2020-01-13,2.0444407343791537,3.1421464952975224,1107.6078654183405,1103.2828467842191,1111.4150341111235,8.132187326904386,1.5,0.0717571996157662,12
2019-12-28,2019-12-12,2020-01-13,2.9210958330327945,5.005964085652147,1264.9440576677362,1264.0045247897506,1266.1316700330935,2.127145243342966,1.5,0.0434358896386563,12
2019-12-28,2019-12-12,2020-01-13,3.4992394779911873,3.7830813604120457,1016.3438442032648,1013.2608052305876,1020.3017961457372,7.04099091514945,3.0,0.0782166920543473,12
2019-12-28,2019-12-12,2020-01-13,9.61682372500273,3.0362455131609467,940.6059514431228,935.3996975417248,945.619020906277,10.21932336455211,1.5,0.1099757876012731,12
2019-12-28,2019-12-12,2020-01-13,2.678514507817849,3.987267896583773,906.8686217135796,906.0940255303868,908.3902652617544,2.2962397313676775,1.25,0.0964385787713924,12
2019-12-28,2019-12-12,2020-01-13,24.87951542898824,4.721792962320288,904.7750510138844,901.141317973379,909.2032565921544,8.061938618775457,6.5,0.1297486574584218,12
2019-12-28,2019-12-12,2020-01-13,5.2603453965761515,3.2009358657436353,883.6426638621249,875.9875966990367,889.0774306831881,13.089833984151484,2.75,0.1056246985254908,12
2019-12-28,2019-12-12,2020-01-13,2.9494396068878315,9.053521229174695,1265.5969402826513,1263.7859763191082,1267.3030737061054,3.517097386997193,2.75,0.0839843238276011,12
2019-12-28,2019-12-12,2020-01-13,2.8057250740193433,3.606964388394734,2440.730265675195,2440.400417654775,2441.3669379544444,0.9665202996693552,0.5,0.1677034647584923,12
2019-12-28,2019-12-12,2020-01-13,27.45473804254209,4.010341817236051,2375.4208967650807,2270.140388089698,2446.068230354227,175.92784226452932,1.5,0.1341010800096308,12
2019-12-28,2019-12-12,2020-01-13,2.2006949491776897,3.058881699263865,2217.354421208937,2210.0556949405,2222.8868318032473,12.831136862747371,1.0,0.051938307672435,12
2019-12-28,2019-12-12,2020-01-13,3.8212936040199894,3.779874455831168,2361.0959269782243,2273.749806185253,2449.3093571662903,175.55955098103732,1.0,0.0980808156216235,12
2019-12-28,2019-12-12,2020-01-13,2.6083313362311387,3.4352683426856503,2450.0600257554756,2449.395725880284,2450.7573652323335,1.3616393520496786,0.75,0.074739558649067,12
2019-12-28,2019-12-12,2020-01-13,5.088765147315631,3.4466271761661504,2406.652714066028,2406.4142822413705,2407.182313273661,0.7680310322903097,1.25,0.0765799197039317,12
2019-12-28,2019-12-12,2020-01-13,2.490846019101562,3.718569469200676,2395.571294157488,2395.104066703469,2396.565045252908,1.46097854943946,1.25,0.0662467773810008,12
2019-12-28,2019-12-12,2020-01-13,4.563870046175618,3.573225839707489,2400.2501607498853,2275.4094405714422,2451.0033139646985,175.59387339325622,1.0,0.0999179460916916,12
2020-01-25,2020-01-13,2020-02-07,3.4479383365073324,4.360902027395553,893.156919831741,891.9754663398489,894.6770160510205,2.7015497111715376,1.75,0.1075771333784596,1
2020-01-25,2020-01-13,2020-02-07,3.576324182562697,4.092074655588045,559.7768311469938,557.829813614022,563.7015606486239,5.871747034601867,1.0,0.0762036115638028,1
2020-01-25,2020-01-13,2020-02-07,13.380739593418278,14.687349833698574,1219.6314766003684,1214.141283870209,1223.0682190642692,8.926935194060206,3.5,0.1066696964770122,1
2020-01-25,2020-01-13,2020-02-07,7.1879286714683115,10.652295076430889,1361.0876650969717,1360.4831717042252,1361.91248973459,1.4293180303648114,1.0,0.1972079557966105,1
2020-01-25,2020-01-13,2020-02-07,22.990787829775147,3.418109304777718,1189.188094213873,1171.871527296491,1204.5128437625244,32.64131646603346,2.0,0.1476756124042895,1
2020-01-25,2020-01-13,2020-02-07,4.615058751035078,3.2283813520136904,1447.2166421104412,1441.5670413644984,1453.3514255224727,11.784384157974271,1.5,0.0679238014432653,1
2020-01-25,2020-01-13,2020-02-07,3.3788514508383796,3.4526550616154297,437.68121706449494,437.17879033554345,438.1526196761988,0.9738293406553566,0.75,0.052916174759241,1
2020-01-25,2020-01-13,2020-02-07,5.254779783668588,4.2940374852076655,557.7426284333159,556.4446346117184,563.7015606486239,7.256926036905497,1.25,0.1185426798592907,1
2020-01-25,2020-01-13,2020-02-07,3.490042335095083,3.769880558910054,893.2764501699321,891.9754663398489,895.1696995035745,3.1942331637255847,1.25,0.0864626222760283,1
2020-01-25,2020-01-13,2020-02-07,5.154143123534536,3.003982700882438,98.51373811744824,62.58848851779476,221.6214444390498,159.03295592125505,1.0,0.085920853205635,1
2020-01-25,2020-01-13,2020-02-07,2.1605856339665177,5.0930092823139645,141.8566478763085,140.21536995097995,142.7042175126262,2.488847561646253,1.0,0.0370763803627382,1
2020-01-25,2020-01-13,2020-02-07,2.4601174932730068,14.191263587611251,1220.9900415804282,1220.0259808711708,1222.1361884460784,2.1102075749076903,2.0,0.0349852434446397,1
2020-01-25,2020-01-13,2020-02-07,2.334467432098503,4.701140380928058,2410.0296105802427,2409.635159884114,2410.5880005010404,0.9528406169265508,1.25,0.0708982558541914,1
2020-02-20,2020-02-07,2020-03-05,2.9388292797725977,4.761698420315952,145.8279775789608,145.68017428554597,146.14803631044924,0.4678620249032974,0.75,0.1442363180826377,2
2020-02-20,2020-02-07,2020-03-05,3.1936618725610653,3.2482628775889544,105.47284940733392,66.6724191759713,221.19814758282155,154.52572840685025,0.75,0.0560857221239597,2
2020-02-20,2020-02-07,2020-03-05,3.2498308279635446,3.576743197278911,1220.6036795336076,1217.0188018144108,1224.006476917304,6.987675102893263,1.5,0.0532209529404635,2
2020-02-20,2020-02-07,2020-03-05,14.472828915074238,3.3551567221891268,1186.2748142038463,1168.1038951016965,1201.3619754128158,33.258080311119556,2.0,0.1554070754339009,2
2020-02-20,2020-02-07,2020-03-05,11.787307760442731,4.136254010124626,1206.1026029258742,1202.0939264809713,1209.7073849365115,7.61345845554024,3.0,0.0937432400133096,2
2020-02-20,2020-02-07,2020-03-05,3.9094259853457274,3.3082413316657417,1446.004511147358,1440.3798120198771,1450.9618067340923,10.581994714215398,1.25,0.0593939990481468,2
2020-02-20,2020-02-07,2020-03-05,2.196810984552428,4.624131550738697,138.0465304907691,137.8081389456056,138.47044728929177,0.6623083436861634,0.75,0.0668006714547584,2
2020-02-20,2020-02-07,2020-03-05,4.579097309387556,4.774117414455704,869.2565707524675,868.0091959717683,870.9248161637224,2.9156201919540763,2.5,0.1768089848587073,2
2020-02-20,2020-02-07,2020-03-05,2.2082022560988457,4.395509135422335,2374.0418617353735,2279.0758630712517,2452.7996410341,173.72377796284854,1.0,0.0487814248874775,2
2020-03-18,2020-03-05,2020-04-01,2.135078261356224,3.0883643114484443,1486.14530014579,1485.1302537461745,1487.265897711739,2.135643965564668,1.0,0.0660823681091915,3
2020-05-01,2020-04-11,2020-05-21,3.136679625575461,11.273604727734178,1182.307152915483,1180.3466753615066,1185.4391498863697,5.092474524863064,2.0,0.0810469042908966,5
2020-05-01,2020-04-11,2020-05-21,6.413988177087163,3.931799195170447,1236.4346174569744,1234.602817799896,1239.0310591254383,4.428241325542331,1.75,0.1167772546245382,5
2020-05-01,2020-04-11,2020-05-21,3.989715191372307,4.486139215047746,1242.6083907818395,1241.6722336183302,1244.4962950777262,2.8240614593960345,1.75,0.2107343318570455,5
2020-05-01,2020-04-11,2020-05-21,3.8608418893053336,6.103704559119629,2248.359248474571,2245.564965052996,2251.447013234254,5.882048181258142,2.5,0.0847820308233181,5
2020-05-01,2020-04-11,2020-05-21,3.060787614119652,3.1355356120076054,939.6415021875604,936.0002681766636,943.3662488702684,7.365980693604797,1.0,0.0638937843811744,5
2020-05-01,2020-04-11,2020-05-21,4.614385745763313,3.4150550135915947,903.7321807151344,901.1465807985514,906.802027664613,5.6554468660615385,1.75,0.0686550889902808,5
2020-05-01,2020-04-11,2020-05-21,4.848498459748428,3.512048786741415,885.4063034648494,883.2241344121285,887.5690727829933,4.344938370864838,1.5,0.063732536958315,5
2020-05-01,2020-04-11,2020-05-21,3.1209254093838585,4.370061673265895,881.8058519594232,880.6362131712958,884.2002441943623,3.564031023066491,2.0,0.0714870814852606,5
2020-05-01,2020-04-11,2020-05-21,3.011859980946875,3.4802092989415017,687.6357435126265,675.6983565120026,745.4483007518575,69.74994423985481,2.5,0.0952833835103829,5
2020-05-01,2020-04-11,2020-05-21,3.7811958207702943,3.668228171266224,644.8226292627241,603.4098507561721,704.8246270795353,101.41477632336318,2.5,0.1329756130023349,5
2020-05-01,2020-04-11,2020-05-21,4.445174046070438,6.502915399849012,1962.4644652195548,1954.231495385524,1970.8904613954944,16.658966009970754,4.75,0.1549702041392124,5
2020-05-01,2020-04-11,2020-05-21,2.357975508547628,6.160182424271872,1893.38191248694,1799.6874014460482,1969.970360155683,170.28295870963484,2.75,0.1155267708591977,5
2020-05-01,2020-04-11,2020-05-21,2.6819514359564773,7.244542100494521,1835.535012524268,1809.91322642006,1959.1707505509255,149.25752413086593,3.25,0.0992061314100566,5
2020-05-01,2020-04-11,2020-05-21,3.4223355945756286,5.126801608048803,2409.7411492208557,2409.1006304351613,2410.5880005010404,1.4873700658790767,1.75,0.0902764582265479,5
2020-05-01,2020-04-11,2020-05-21,4.2247548444208975,4.631801317749768,1802.4726373904257,1802.0878610112704,1803.0720998947509,0.9842388834804296,0.5,0.1271346607013672,5
2020-06-06,2020-05-21,2020-06-23,4.573142665759587,3.640076018421614,903.930855958404,901.9981265272944,905.8580840053036,3.859957478009164,1.75,0.0998972497282393,6
2020-06-06,2020-05-21,2020-06-23,3.546668417450487,6.449262417083517,2161.023378837537,2157.614731213078,2163.9533575754613,6.338626362383366,3.0,0.0775696196667535,6
2020-06-06,2020-05-21,2020-06-23,8.171505003301816,4.211427552936067,433.0941839586332,431.5568997245282,434.7339070173912,3.1770072928629816,2.0,0.1928990430363858,6
2020-06-06,2020-05-21,2020-06-23,3.0444972770390093,3.108434648747673,68.64573878986673,62.95408280054107,77.85405761608854,14.899974815547466,1.0,0.0534584593484848,6
2020-06-06,2020-05-21,2020-06-23,4.738209144239951,3.3923564985521004,1207.486194985319,1203.8172337152064,1209.9587090234272,6.1414753082208335,2.0,0.06596560652634,6
2020-06-06,2020-05-21,2020-06-23,3.3203659550145153,14.306877952677285,2164.5565075782474,2163.262530511245,2165.996822682675,2.7342921714298427,1.25,0.0366495582488426,6
2020-06-06,2020-05-21,2020-06-23,11.023271894794268,3.5447363867835997,940.1728284650804,936.0002681766636,945.3869341867976,9.386666010133922,3.75,0.0931713990099691,6
2020-06-06,2020-05-21,2020-06-23,4.005686900357356,3.3071856148350274,912.9016698593284,910.8600934119896,915.7746459618212,4.914552549831569,2.0,0.0653944047663741,6
2020-06-06,2020-05-21,2020-06-23,7.456165554998524,4.038953253364606,903.7910898347862,901.9981265272944,905.8580840053036,3.859957478009164,3.25,0.0777681700336369,6
2020-06-06,2020-05-21,2020-06-23,4.4632456099207305,3.110538284043995,898.3758046038052,892.2149085653946,902.089642925188,9.874734359793363,1.25,0.0839629401056813,6
2020-06-06,2020-05-21,2020-06-23,12.762955926420998,3.800418535613473,884.6139293611237,880.164592680987,887.8086557658389,7.64406308485195,2.75,0.1015529725516001,6
2020-06-06,2020-05-21,2020-06-23,2.9023619309751045,3.573957102996122,1216.8975593936298,1214.6065644612536,1218.8513387739658,4.244774312712252,1.75,0.0564778360720457,6
2020-06-06,2020-05-21,2020-06-23,2.020285195952935,3.3081983953714262,689.0254081444764,678.2257417701185,745.4483007518575,67.22255898173898,2.25,0.0585343335601813,6
2020-07-07,2020-06-23,2020-07-22,3.045302496249101,4.412793404358111,905.4860662664762,903.9269052259624,907.4689918775111,3.5420866515487432,1.5,0.0678250349050895,7
2020-07-07,2020-06-23,2020-07-22,3.3214881301857866,3.1228963208901352,2101.112416361625,2094.591207432095,2112.7166239684448,18.125416536349803,1.0,0.1986917565201137,7
2020-07-07,2020-06-23,2020-07-22,4.268384290872749,7.990631158645701,111.34377351368629,111.12589091667904,111.7868340490386,0.6609431323595345,1.25,0.222936126909358,7
2020-07-07,2020-06-23,2020-07-22,4.327207096569798,7.431960286326472,110.77629325529529,110.4535213871859,111.35653014620766,0.903008759021759,1.5,0.1692837706108138,7
2020-07-07,2020-06-23,2020-07-22,2.038200386405606,4.977505762584897,130.93394936775874,78.49588367529213,141.9799656928517,63.48408201755956,0.75,0.0924885496141489,7
2020-07-07,2020-06-23,2020-07-22,2.5257763304136693,4.18709890240339,888.6070346087597,888.3508884874173,889.0774306831881,0.7265421957708895,0.75,0.0689462127955491,7
2020-07-07,2020-06-23,2020-07-22,3.11277853987922,3.1151410089128064,888.8407392632515,888.3508884874173,889.5565415271558,1.205653039738536,1.0,0.0637829684490657,7
2020-07-07,2020-06-23,2020-07-22,2.1216770265842713,6.312262844060233,1161.8589021906023,1160.655982108321,1163.4638633565046,2.8078812481835485,2.0,0.0463306757664223,7
2020-07-07,2020-06-23,2020-07-22,5.460509457469839,3.3338119302005507,2405.9923682656863,2404.993270778563,2406.644921470899,1.6516506923362613,1.25,0.1991089006267889,7
2020-07-07,2020-06-23,2020-07-22,3.855647893856349,3.6030886929499366,2403.7290435025493,2402.7149148713797,2404.5135029391386,1.7985880677588284,0.5,0.1695186822406208,7
2020-07-07,2020-06-23,2020-07-22,2.3945898898539464,3.5344097176906497,887.9414174140206,887.5780165363103,888.3419023267925,0.7638857904821634,1.0,0.085361700839602,7
2020-07-07,2020-06-23,2020-07-22,4.1527636342541046,3.824060858426923,1244.8932800094385,1243.8002478117123,1246.5949963028545,2.794748491141945,2.0,0.1278684296124498,7
2020-07-07,2020-06-23,2020-07-22,3.5950910083704035,4.46155045462284,893.3930383496415,892.2149085653946,895.6488567213528,3.4339481559582055,2.25,0.0745862158485823,7
2020-07-07,2020-06-23,2020-07-22,6.6117320828856005,13.095897384249982,1158.808747218135,1157.1845559854992,1160.653975113295,3.4694191277958453,3.0,0.0785774109044364,7
2020-07-07,2020-06-23,2020-07-22,4.378282615227368,3.967297123933245,1180.0340272650526,1177.759678234812,1182.9348452617414,5.175167026929557,3.0,0.0679249768262445,7
2020-07-07,2020-06-23,2020-07-22,2.5701543741447637,4.036558592205272,1243.2539165900182,1242.381817357149,1244.4962950777262,2.11447772057727,1.5,0.1155623347862992,7
2020-07-07,2020-06-23,2020-07-22,7.770020917696042,4.4871378699274835,904.4903113526768,901.1465807985514,907.4689918775111,6.3224110789597034,3.0,0.0895780401614418,7
2020-08-05,2020-07-22,2020-08-19,3.321761380012971,4.290044978748439,894.4286274295589,893.4730631001294,895.6488567213528,2.17579362122342,3.5,0.1183453667376486,8
2020-08-05,2020-07-22,2020-08-19,2.03167387280802,11.63986528654458,1981.01820817078,1979.644659217447,1982.093670272734,2.4490110552869737,1.75,0.0349646226906187,8
2020-08-05,2020-07-22,2020-08-19,2.334197641859762,20.20392925602346,1968.714439289495,1964.0849702539856,1972.61514672637,8.530176472384483,2.5,0.0372387997317845,8
2020-08-05,2020-07-22,2020-08-19,2.085793368016908,3.627711986438928,2439.295093267061,2438.8408428668045,2439.952964027412,1.112121160607785,0.5,0.1459404859307785,8
2020-08-05,2020-07-22,2020-08-19,2.9798190602424945,10.005470661276243,1967.7211036683595,1967.1135071362369,1968.5998709616251,1.4863638253882527,0.75,0.0220177860483587,8
2020-08-05,2020-07-22,2020-08-19,3.125096981128343,21.6608215889332,1947.3647898011504,1946.7982548433356,1948.2864622296763,1.488207386340946,2.25,0.0407340244119259,8
2020-08-05,2020-07-22,2020-08-19,2.2474570529646147,9.520182472725557,1958.5307701268855,1958.062399234157,1959.5511275995525,1.488728365395218,0.75,0.0208044351058215,8
2020-08-05,2020-07-22,2020-08-19,4.724157391521113,9.4958066825295,1938.299973917268,1937.0063891946336,1939.6421539373696,2.6357647427357733,1.0,0.0291949597730938,8
2020-08-05,2020-07-22,2020-08-19,108.47861091188064,7.626560465028856,1957.5016520431443,1939.7177504799329,1976.823256661184,37.10550618125126,5.0,0.2044790536191189,8
2020-08-05,2020-07-22,2020-08-19,2.6372166509971087,12.499322826219638,1964.9635172139504,1962.8241837774403,1968.5998709616251,5.77568718418479,2.25,0.0598879210956267,8
2020-08-05,2020-07-22,2020-08-19,53.746569622259344,22.952966138885476,1971.6718225949849,1961.1596479881557,1982.9334110445343,21.77376305637881,9.0,0.197265803885224,8
2020-08-05,2020-07-22,2020-08-19,2.865673975754567,8.344852723397816,1976.8018379863329,1975.0695374202917,1977.9302775976248,2.860740177333355,1.25,0.0342914375548496,8
2020-08-05,2020-07-22,2020-08-19,3.808043956881645,9.285097844898726,1860.3531000860355,1859.5074386494232,1861.492822788656,1.9853841392323377,0.75,0.3123710452907249,8
2020-08-05,2020-07-22,2020-08-19,3.3680563240404853,16.451222180870758,1977.543360823204,1976.174629546702,1978.76748856809,2.5928590213879943,1.75,0.0450807831293638,8
2020-08-05,2020-07-22,2020-08-19,12.19854667460161,13.483656495657682,1983.1989943805088,1978.8068583603017,1993.7767650727185,14.96990671241656,5.75,0.120878213954046,8
2020-09-01,2020-08-19,2020-09-14,3.209407728080598,7.921255494637277,111.44133519469852,111.34104273514822,111.7868340490386,0.4457913138903677,1.0,0.0170981037379942,9
2020-09-01,2020-08-19,2020-09-14,2.4855136401148608,22.558580929288652,1902.460042705521,1901.7763329483569,1903.5614513703624,1.7851184220053256,0.75,0.1475983120710495,9
2020-09-01,2020-08-19,2020-09-14,2.092986428987831,3.331989444302414,2438.190802006053,2437.8093381687067,2439.071482096333,1.2621439276263118,0.75,0.147573319717176,9
2020-09-01,2020-08-19,2020-09-14,17.938836739678795,7.800120277029306,112.9805931071105,112.36921115079896,113.7017419571057,1.3325308063067496,1.5,0.0317164105861023,9
2020-10-02,2020-09-14,2020-10-21,71.19746341325607,4.151729674684541,1173.9922783322409,1167.2180755292063,1186.5962485312484,19.378173002041876,5.0,0.2157552242649374,10
2020-10-02,2020-09-14,2020-10-21,2.5332144455659673,9.498659346562327,1073.1922102409485,1073.0766248204743,1073.5397419035437,0.463117083068937,0.75,0.0279592335940477,10
2020-10-02,2020-09-14,2020-10-21,16.084511172622577,9.350651756657536,1073.9529570705367,1073.5415805173106,1074.6631957651116,1.1216152478009462,1.75,0.1444272387705333,10
2020-10-02,2020-09-14,2020-10-21,10.41619807573976,9.355772126308892,1075.1417850002492,1074.6656228601933,1075.8266305187717,1.1610076585784554,1.25,0.26810488504896,10
2020-10-02,2020-09-14,2020-10-21,4.9047104293672135,10.645636640650624,1076.0646294484618,1075.828628463205,1076.5245417072438,0.6959132440388203,1.0,0.0365064227215983,10
2020-10-02,2020-09-14,2020-10-21,2.178666596365413,6.371942490692034,1163.6217740670836,1162.5353956469337,1164.5265039186925,1.9911082717590032,2.25,0.0442335897607887,10
2020-10-02,2020-09-14,2020-10-21,6.444477530034698,12.286283082591998,1333.829458050927,1333.3666886705903,1334.5463583865203,1.1796697159297764,0.75,0.0559237254803708,10
2020-10-02,2020-09-14,2020-10-21,12.356164601504542,12.059541649369578,1340.463276905094,1338.1823903070765,1343.0888614915311,4.906471184454858,1.0,0.0617244741845823,10
2020-10-02,2020-09-14,2020-10-21,3.4184008893198707,12.995808220467405,1342.010835227955,1340.1107991393656,1343.323872771114,3.213073631748557,0.75,0.0434707833912521,10
2020-10-02,2020-09-14,2020-10-21,4.195766376259519,10.665195476393963,1345.6576556154544,1345.475072985515,1346.1875450196676,0.7124720341525972,1.0,0.0254962099691615,10
2020-10-02,2020-09-14,2020-10-21,4.2477046009551405,4.808979103381939,869.3913289866881,868.0091959717683,870.9248161637224,2.9156201919540763,2.0,0.1398146922809343,10
2020-10-02,2020-09-14,2020-10-21,2.2898917882075094,7.09551483702277,110.47556477402128,110.23833125503734,110.89935070928186,0.6610194542445242,1.0,0.1011347424185465,10
2020-10-02,2020-09-14,2020-10-21,2.3456279490957774,3.838952848330063,432.19211438645414,431.5568997245282,432.9693935154937,1.4124937909655273,1.25,0.0904818546837662,10
2020-10-02,2020-09-14,2020-10-21,2.6740110462220734,11.318036997864182,1346.0320277542614,1345.7219302528538,1346.6574964933095,0.9355662404559552,0.5,0.0244083706827654,10
2020-10-02,2020-09-14,2020-10-21,17.65378867802786,15.37144579487648,1173.373033262125,1170.9406713400967,1176.6214565597477,5.680785219650716,3.75,0.0903914876660616,10
2020-10-02,2020-09-14,2020-10-21,5.851521887797132,3.807065675245552,1175.6122638987122,1174.047373299487,1177.5522558027878,3.5048825033009052,1.0,0.0580148692720541,10
2020-10-02,2020-09-14,2020-10-21,6.9986359059780705,14.248455151279146,1168.8986784452093,1166.5201552682556,1170.706076219678,4.185920951422304,1.75,0.0636524871912055,10
2020-10-02,2020-09-14,2020-10-21,8.654147804829492,4.2191628737146525,1166.9005717497437,1165.5890364930965,1168.146557637956,2.557521144859493,1.5,0.0707765727847136,10
2020-10-02,2020-09-14,2020-10-21,4.784389402910583,4.49553371715442,1170.9277798576757,1170.0101516232826,1172.1021665260196,2.0920149027369916,0.75,0.0500798209747858,10
2020-11-03,2020-10-21,2020-11-17,2.4347891543646347,3.4781526187160754,2450.1402182391316,2449.395725880284,2450.7573652323335,1.3616393520496786,0.75,0.0915395962612726,11
2020-11-03,2020-10-21,2020-11-17,2.1601699067552924,11.232147018274851,2157.55492491743,2157.1608963827603,2158.299270038958,1.1383736561983824,1.0,0.1137001294793416,11
2020-11-03,2020-10-21,2020-11-17,2.166315289026082,18.860834979344236,1593.9368066838429,1593.5246248715555,1594.4444386344403,0.919813762884587,1.25,0.1053832020015664,11
2020-11-03,2020-10-21,2020-11-17,5.364267743174068,3.52983850362855,1166.6863077559526,1164.295864689164,1169.2914857310243,4.995621041860431,3.0,0.0817640872421618,11
2020-11-03,2020-10-21,2020-11-17,2.9203001276909206,6.5631830664547675,1171.1896385926457,1167.683304121252,1174.993137802463,7.3098336812108755,2.0,0.0704137368705451,11
2020-11-03,2020-10-21,2020-11-17,5.841689622122713,4.362936690757448,915.5690320298606,913.8933953861706,918.5422946582548,4.648899272084236,4.25,0.0888486291030423,11
2020-11-03,2020-10-21,2020-11-17,2.805029120144241,4.074544415166037,868.5253012379973,867.7708902982995,870.6858685370535,2.9149782387539744,1.75,0.1371284816432981,11
2020-11-03,2020-10-21,2020-11-17,3.158505188845176,5.943166791904865,905.1806415625152,903.2013085787185,908.1515902294776,4.95028165075928,2.5,0.0748851411724551,11
2020-11-03,2020-10-21,2020-11-17,5.300710663672293,3.1532370749237577,1188.2989546995032,1181.9749078666791,1194.087270042859,12.112362176179886,1.5,0.095574679155268,11
2020-11-03,2020-10-21,2020-11-17,3.896204649172807,17.70857976081316,1588.9554172196251,1588.7047207579017,1589.3903106329965,0.6855898750945926,0.75,0.1178561324749161,11
2020-11-03,2020-10-21,2020-11-17,3.3270821693783885,19.002866715203456,1594.664558426896,1594.441272427328,1595.1268573338166,0.685584906488657,0.75,0.023497852696988,11
2020-12-02,2020-11-17,2020-12-18,2.3054120785605625,4.563305717429907,2410.34553346656,2409.635159884114,2411.310271502007,1.6751116178929806,1.75,0.0918101680483666,12
2020-12-02,2020-11-17,2020-12-18,5.625075160523089,3.6070123536921166,2406.770062622429,2405.7037434522063,2407.8985644080676,2.19482095586136,1.0,0.1954881574169218,12
2020-12-02,2020-11-17,2020-12-18,4.062503029437891,11.114924781151924,994.6001589673576,994.3031630599872,995.0065235160292,0.7033604560419917,1.5,0.1413786115073937,12
2020-12-02,2020-11-17,2020-12-18,5.109426962692953,3.875768366426176,1243.2117407289772,1242.86743889004,1243.7962242518552,0.928785361815244,1.0,0.0943413999723657,12
2020-12-02,2020-11-17,2020-12-18,5.541207817489603,3.833938836591304,893.6719469851049,891.0362346260808,896.380753969308,5.344519343227148,2.25,0.085193957879226,12
2020-12-02,2020-11-17,2020-12-18,3.118121701249901,4.057052781277205,926.1304829151626,924.3762417379768,929.02977569215,4.6535339541733265,2.25,0.065920343971264,12
2020-12-02,2020-11-17,2020-12-18,5.13340254486033,4.129887881866443,885.4853975157296,882.744804056827,889.0774306831881,6.3326266263611615,2.75,0.0875880480418162,12
2020-12-02,2020-11-17,2020-12-18,2.431289319376152,3.6959737350158672,938.062716752922,936.0002681766636,939.4731442420745,3.4728760654106736,1.75,0.0463193446620878,12
2020-12-02,2020-11-17,2020-12-18,2.262718681421752,3.3781912415304984,800.9502084157676,800.6019898820668,801.5358818313107,0.9338919492438436,1.5,0.0422292215388181,12
2020-12-02,2020-11-17,2020-12-18,3.28491093945523,4.826610985851462,116.38202285822072,79.65520286513492,143.60741512477398,63.952212259639055,1.0,0.128905007422746,12
2020-12-02,2020-11-17,2020-12-18,17.65496597597499,8.136108711562912,113.10372374490002,112.5844390457496,113.7017419571057,1.1173029113560915,1.75,0.4438693462334885,12
2020-12-02,2020-11-17,2020-12-18,2.054100885528537,4.070250273660105,702.5811526854615,678.2257417701185,745.4483007518575,67.22255898173898,1.75,0.05449010879857,12
2020-12-02,2020-11-17,2020-12-18,2.776772470258159,10.193662629512628,1371.2301939088998,1370.4038104368374,1372.0699484064244,1.6661379695869982,1.25,0.0578581102999866,12
2020-12-02,2020-11-17,2020-12-18,3.021906741104756,3.6269461047909473,2067.247743878875,2062.5537098096684,2071.585107011255,9.031397201586516,1.5,0.0599581622574069,12
2020-12-02,2020-11-17,2020-12-18,4.275464684580048,11.518954252165068,1179.9104986178338,1176.8563344385475,1182.9348452617414,6.0785108231939375,2.75,0.0739844060160646,12
2020-12-02,2020-11-17,2020-12-18,2.765816414937861,3.8461307617770584,2234.0817704212104,2231.8994310819544,2236.2956505538896,4.396219471935183,1.0,0.0388502223019236,12
2020-12-02,2020-11-17,2020-12-18,2.4654954811673475,8.884043932807854,1182.1797422975758,1179.6485181842,1186.3696292382665,6.721111054066569,2.25,0.0638192266082192,12
2020-12-02,2020-11-17,2020-12-18,17.678741478610753,5.0588878416720915,906.1138332539986,901.1465807985514,909.680507636629,8.533926838077605,5.0,0.1326025423205872,12
2020-12-02,2020-11-17,2020-12-18,4.149117862293139,3.6269606765447566,888.4958957559097,887.8716377769597,889.3169859624468,1.4453481854870915,1.75,0.0454240740055128,12
2020-12-02,2020-11-17,2020-12-18,2.588325689461827,3.6908697114699174,1242.0764568953296,1241.6722336183302,1242.6124565866776,0.9402229683473706,1.0,0.0440631282976742,12
2020-12-02,2020-11-17,2020-12-18,2.688296205841194,4.384523584391606,1181.5266870559806,1179.8811592371203,1184.1773741138168,4.296214876696467,3.75,0.0841521423974085,12
2020-12-02,2020-11-17,2020-12-18,25.15973575028668,5.441538577091988,1172.2773478517868,1166.2875409740957,1181.2752374317497,14.987696457654238,6.5,0.2415360882777931,12
2020-12-02,2020-11-17,2020-12-18,9.997609265933878,3.5781521081218903,1166.1619254929487,1162.5353956469337,1169.7568405317145,7.221444884780794,2.75,0.1559397782461097,12
2020-12-02,2020-11-17,2020-12-18,2.461976330143393,3.631058231578721,1152.1672576785547,1151.7919817715883,1152.739384603221,0.947402831632644,1.0,0.0865679599611521,12
2020-12-02,2020-11-17,2020-12-18,10.875071659550676,3.9020294379398246,1016.810667579324,1012.5623607821764,1022.593669267837,10.031308485660702,3.0,0.1064185288194519,12
2020-12-02,2020-11-17,2020-12-18,8.175556584987136,3.873294390023444,1024.1875348882495,1021.893749974668,1027.0245821857825,5.130832211114466,2.25,0.100647508368954,12
2020-12-02,2020-11-17,2020-12-18,7.902247656500557,3.791999026512304,1242.980533100348,1240.9741546874866,1244.9644272439182,3.990272556431591,2.0,0.1391711597894474,12
2020-12-02,2020-11-17,2020-12-18,3.4031523496390084,3.417555829874959,1261.3058105606751,1258.3750268174335,1264.7010519690812,6.326025151647627,2.0,0.0813895524868786,12
2020-12-02,2020-11-17,2020-12-18,3.833820312493376,3.5744024335143303,1307.4225884212376,1304.0938274734654,1310.182881265879,6.089053792413324,2.5,0.0741258162735558,12
2020-12-02,2020-11-17,2020-12-18,7.328257478107127,3.635053685193407,1049.5022407629522,1046.3899363698438,1053.8658118331805,7.475875463336706,1.75,0.06634947560961,12
2020-12-02,2020-11-17,2020-12-18,6.783716931014519,3.6447295525745433,1273.3883512906905,1269.880707890261,1277.4932062416335,7.612498351372778,2.0,0.1434443299093691,12
2020-12-02,2020-11-17,2020-12-18,2.0487194380457536,3.90553565064438,1113.044682404465,1112.3119422732852,1113.9495414746923,1.6375992014072835,1.25,0.0497885356402777,12
2020-12-02,2020-11-17,2020-12-18,6.241011349632041,3.685392044633285,1116.1710255502142,1113.9515115139077,1120.38974600425,6.438234490342438,2.0,0.1029163755659595,12
2020-12-02,2020-11-17,2020-12-18,11.233706551218091,4.201272189045096,1166.6440068792783,1164.4387693246829,1169.0319259897806,4.593156665097922,3.0,0.114442772188238,12
2020-12-02,2020-11-17,2020-12-18,6.647128862039429,3.752280263683847,1154.2210521271872,1152.9732371000573,1156.7173094083555,3.7440723082982,2.75,0.0927662218142108,12
2020-12-02,2020-11-17,2020-12-18,2.8966647960469034,3.6220780019458503,1159.6523807513904,1158.3478257274255,1160.8866213378496,2.538795610424131,1.75,0.0557295054718318,12
2020-12-31,2020-12-18,2021-01-14,2.0684132605767425,3.9528040260694026,1045.6410842660312,1044.527896080166,1046.6205755993724,2.0926795192062855,1.25,0.0471431506588108,12
2020-12-31,2020-12-18,2021-01-14,2.753561399476858,4.371293866858758,869.0152128947038,868.0091959717683,870.6858685370535,2.6766725652851164,2.0,0.1908638708447002,12
2020-12-31,2020-12-18,2021-01-14,3.3436884245436773,3.9658844412549255,799.0575746254227,798.260571797844,800.3647343283519,2.1041625305078924,1.0,0.0766019151748874,12
2020-12-31,2020-12-18,2021-01-14,2.1339431127282915,4.3524568596410464,800.4061780003003,800.1340950988233,801.0670466953889,0.9329515965655446,1.75,0.0527387022397594,12
2020-12-31,2020-12-18,2021-01-14,25.909593703557757,5.0688433968054705,892.9025286368716,886.4002132033929,897.8443558369763,11.444142633583397,5.25,0.1732194889647667,12
2020-12-31,2020-12-18,2021-01-14,2.3635028353430885,4.119422630975188,898.8159423252239,897.0829231860116,900.5042931064963,3.4213699204847217,1.75,0.054126575215557,12
2020-12-31,2020-12-18,2021-01-14,5.678023585044045,3.687665417105233,2414.048242668728,2267.868417955935,2441.3669379544444,173.49851999850944,0.75,0.0484452997233508,12
2020-12-31,2020-12-18,2021-01-14,5.237108263561914,3.774345158542476,2384.061041088102,2270.140388089698,2442.6188064171,172.47841832740232,1.0,0.0185115945638705,12
2020-12-31,2020-12-18,2021-01-14,17.075453198890308,3.824323519832674,2376.4920771302695,2270.6505893282592,2446.3195244050585,175.66893507679924,1.0,0.0753556724112906,12
2020-12-31,2020-12-18,2021-01-14,3.1854033736693346,3.2444759939310104,2406.712917050442,2406.4142822413705,2407.182313273661,0.7680310322903097,0.75,0.1025730125171714,12
2020-12-31,2020-12-18,2021-01-14,10.109688630162536,6.091321957385466,1169.406582485591,1166.0542649901472,1174.743295150809,8.689030160661787,3.75,0.1111702860194466,12
2020-12-31,2020-12-18,2021-01-14,2.916200630705664,3.626957621909331,1270.9447241939429,1269.1804350027817,1273.9934057616629,4.81297075888142,1.5,0.104980870469863,12
2020-12-31,2020-12-18,2021-01-14,2.336940807195967,3.2411063107481937,1276.7587652268692,1275.1701533240266,1277.991840147879,2.82168682385236,2.0,0.0685160982345947,12
2020-12-31,2020-12-18,2021-01-14,2.2352746888609136,3.1041691172297807,1314.6310767801065,1314.4856924330816,1315.1840896871872,0.6983972541056573,0.75,0.1422051738115708,12
2020-12-31,2020-12-18,2021-01-14,4.712570422588441,3.185766631384898,947.7617099780092,946.7816233094782,949.6998808677308,2.9182575582526624,3.0,0.1052578965529655,12
2020-12-31,2020-12-18,2021-01-14,9.496245305165944,4.085665320642058,1164.9627094658854,1163.5984837729484,1167.9139433507808,4.315459577832371,2.25,0.1285498767969966,12
2020-12-31,2020-12-18,2021-01-14,3.575779124403514,3.154164940004055,1171.1529315040648,1167.9159184084274,1173.5684252120554,5.652506803628057,2.25,0.0910066528736003,12
2020-12-31,2020-12-18,2021-01-14,2.5865617606343925,4.570793122531821,1180.6414689013998,1179.1647126823664,1182.2055470962075,3.0408344138413668,4.25,0.0811338826313571,12
2020-12-31,2020-12-18,2021-01-14,2.886392297743121,5.366804320901337,610.3994982062643,610.0197666939348,611.0757072656415,1.055940571706742,1.5,0.1833592361093195,12
2020-12-31,2020-12-18,2021-01-14,3.48245170975226,4.382024535519596,557.3299840808136,556.4446346117184,558.8214574279264,2.376822816208005,1.0,0.1305090683836996,12
2020-12-31,2020-12-18,2021-01-14,2.1006640053201866,3.9705597337925114,1087.6117962461344,1085.5451414952986,1089.247946462594,3.7028049672953784,1.5,0.0486683063045031,12
2020-12-31,2020-12-18,2021-01-14,7.396700073088393,3.854082121309648,1057.2107254949565,1054.7991719171405,1060.388433299493,5.589261382352561,2.5,0.0900950230855019,12
2020-12-31,2020-12-18,2021-01-14,3.425367693206627,7.687357757582982,907.0323098629748,905.3888545464724,908.8676149453968,3.4787603989243507,3.25,0.0619728580403497,12
2020-12-31,2020-12-18,2021-01-14,3.5964733445925834,3.823309469333613,929.5047633902408,927.1209800024516,930.89026876539,3.7692887629382312,1.5,0.0633609440972722,12
2020-12-31,2020-12-18,2021-01-14,4.514392511419838,6.7347397377787415,947.4639963060022,947.0391448875888,948.99216922326,1.953024335671216,2.75,0.1771046589770296,12
2020-12-31,2020-12-18,2021-01-14,3.934756227027743,4.702688387653362,898.3076732376778,896.8435445707291,900.5042931064963,3.6607485357671976,2.25,0.0628140473327124,12
2020-12-31,2020-12-18,2021-01-14,21.10187906344726,3.913677627093236,2380.5990062938868,2270.140388089698,2445.8169084065594,175.67652031686157,1.25,0.0438400942221833,12
2020-12-31,2020-12-18,2021-01-14,3.3317508839821213,4.525440225395402,2434.243325955068,2271.6709916796535,2447.546211323235,175.87521964358166,0.75,0.2479520571782206,12
2020-12-31,2020-12-18,2021-01-14,3.577636116160064,3.7274832997200056,1244.1201346155733,1240.9741546874866,1246.5949963028545,5.620841615367681,2.0,0.0682900810233554,12
2020-12-31,2020-12-18,2021-01-14,34.421202716651095,6.3074651336568515,892.0220234496837,886.8592675928958,896.380753969308,9.521486376412213,5.75,0.1697679046737184,12
2020-12-31,2020-12-18,2021-01-14,3.367684475942678,3.639211546396694,1184.3831552989177,1181.9749078666791,1186.1369945807382,4.1620867140591145,2.0,0.0908168732007605,12
2020-12-31,2020-12-18,2021-01-14,4.689188909416519,4.250234709244951,1266.5420488852535,1264.2374688028358,1268.9452283633873,4.707759560551494,2.25,0.1169350446343068,12
2020-12-31,2020-12-18,2021-01-14,7.957437260074649,3.7388620590237176,1177.4808070490376,1175.92553519411,1180.111798466649,4.186263272538781,2.75,0.1233584507533512,12
2020-12-31,2020-12-18,2021-01-14,2.145117006800879,3.3575659021025883,603.5965491520516,602.2916180440225,604.4631909560412,2.171572912018746,1.5,0.0657930451831078,12
2020-12-31,2020-12-18,2021-01-14,2.4241617599464154,4.213373462816948,1011.9543607939332,1011.6269233678468,1012.5560080353172,0.9290846674703062,2.5,0.0396501047871899,12
2020-12-31,2020-12-18,2021-01-14,13.591318860639024,4.760931343641639,1017.67142935414,1013.7763866460882,1023.0591006856412,9.282714039552957,4.5,0.1389435891480718,12
2020-12-31,2020-12-18,2021-01-14,5.405356352553819,4.02283102371871,1025.4994493274842,1022.8284614561126,1029.2386232409626,6.410161784850061,2.5,0.0771951192793937,12
2020-12-31,2020-12-18,2021-01-14,7.652413592414046,4.214833558876585,1046.604808073515,1044.993363589514,1050.5740861557424,5.58072256622836,2.75,0.0751218743022007,12
2020-12-31,2020-12-18,2021-01-14,4.8877938491185935,4.448051418579561,1152.934985498163,1151.094060593285,1154.8327186722308,3.738658078946173,3.25,0.0721282632107891,12
2020-12-31,2020-12-18,2021-01-14,23.824755124291293,4.389836897327297,1164.0997168073643,1158.580436728429,1167.681329051964,9.100892323534936,4.0,0.1669869210506018,12
2020-12-31,2020-12-18,2021-01-14,2.5447551713331196,3.3668861050558077,1115.8361904110566,1114.8819311182017,1117.9042508602142,3.022319742012769,1.5,0.0515140562792072,12
2020-12-31,2020-12-18,2021-01-14,19.36174130679624,5.17315529876007,1276.8547719713754,1269.1804350027817,1282.1598098636605,12.979374860879034,5.5,0.1605217235367416,12
2020-12-31,2020-12-18,2021-01-14,4.626545507222521,5.58420717958926,521.2726732111485,520.1902646902017,523.1119654830545,2.921700792852789,3.25,0.0614739870119047,12
2020-12-31,2020-12-18,2021-01-14,2.278597442797301,3.993121777746015,679.782701857157,678.2257417701185,684.0285284044221,5.802786634303629,2.25,0.1812788907191586,12
2020-12-31,2020-12-18,2021-01-14,11.004027703441244,3.883925860070312,1288.8905995600137,1282.162276612129,1292.466382708866,10.304106096737089,2.5,0.1415660954029525,12
2020-12-31,2020-12-18,2021-01-14,3.4680373921646037,4.083696252573569,1309.820061019936,1307.6097305943258,1312.065339998342,4.455609404016286,2.75,0.0641626446456847,12
2021-01-20,2021-01-14,2021-01-26,2.0084882876615833,6.544662352993188,1139.5550891501473,1139.3825857858174,1139.8457365701906,0.4631507843732834,0.75,0.1476434715223554,1
2021-01-20,2021-01-14,2021-01-26,2.116496638849829,7.1969467632813915,1139.7630272626652,1139.615097340662,1140.0783374658786,0.4632401252165437,0.75,0.1839671359378581,1
2021-01-20,2021-01-14,2021-01-26,2.600480895796251,3.450725995633432,1218.5750415336518,1217.7174494275823,1219.3164047766477,1.5989553490653634,1.0,0.2112284463648963,1
2021-01-20,2021-01-14,2021-01-26,3.3729055715011316,5.156421991686703,2409.8900295127064,2409.1006304351613,2410.5880005010404,1.4873700658790767,1.5,0.1137228672974421,1
2021-01-20,2021-01-14,2021-01-26,4.513067719685425,15.727300225116457,1080.7962895757546,1080.7141072694212,1081.1773834573105,0.4632761878892779,1.0,0.0999573386054564,1
2021-01-20,2021-01-14,2021-01-26,2.523183368875694,3.56936961363881,895.2767158297012,894.9390602740459,895.6488567213528,0.7097964473068714,1.25,0.1622691262324797,1
2021-01-20,2021-01-14,2021-01-26,4.950163655526563,4.879351890247312,867.606962081526,867.1669114227407,868.239835201297,1.0729237785562873,1.5,0.104023778792733,1
2021-01-20,2021-01-14,2021-01-26,2.4883528090303573,3.967028850841696,868.3706809245705,868.0091959717683,870.6858685370535,2.6766725652851164,1.75,0.1672849046933744,1
2021-01-20,2021-01-14,2021-01-26,5.038117349109224,7.7506269127691985,113.0488363077293,112.82553360331804,113.4865522608161,0.6610186574980617,0.75,0.4220984490362306,1
2021-01-20,2021-01-14,2021-01-26,2.4214370457485717,7.160417832423981,522.5978261583334,521.3750597466715,524.0914313551039,2.7163716084323823,3.25,0.0574000133758257,1
2021-01-20,2021-01-14,2021-01-26,2.0745727695003406,3.7377260764662577,1158.3126290968808,1158.115214833524,1158.8110759579577,0.6958611244335771,1.0,0.1550108270246337,1
2021-01-20,2021-01-14,2021-01-26,2.7370442863737825,4.639692390220937,1213.9249508821408,1212.2871132222936,1216.532518114429,4.2454048921354115,1.5,0.0503949679584885,1
2021-01-20,2021-01-14,2021-01-26,2.1354538573415107,4.785213400034567,1288.0564471523696,1286.798067478463,1289.3988277274184,2.600760248955339,1.5,0.1954488405125884,1
2021-02-23,2021-02-09,2021-03-10,2.782867688496526,4.04868755853536,1065.920095009352,1064.634741585236,1067.424389386084,2.789647800847888,3.0,0.0805463904757146,2
2021-02-23,2021-02-09,2021-03-10,2.2328655467888727,3.514970548086243,1463.3026332724671,1460.2372926753014,1466.5395447434855,6.302252068184316,1.0,0.0469872680687891,2
2021-03-27,2021-03-10,2021-04-14,2.8897715660743675,11.286793187272488,1171.0772200133003,1169.2935240645893,1172.5674516805448,3.273927615955472,3.0,0.0577453216490765,3
2021-03-27,2021-03-10,2021-04-14,2.651975024655415,17.120088534511098,2280.05514117478,2203.826662388165,2359.506648998242,155.67998661007732,2.25,0.0720812753859599,3
2021-03-27,2021-03-10,2021-04-14,4.722395307807514,4.701543046060859,137.8127578375911,137.36795760318637,138.47044728929177,1.1024896861054003,0.75,0.1286262285755516,3
2021-03-27,2021-03-10,2021-04-14,2.1884906743471837,5.723020575298998,870.5520774205369,870.4552293075249,870.9248161637224,0.4695868561975658,1.0,0.0740462614045428,3
2021-03-27,2021-03-10,2021-04-14,2.695125664066766,12.941076408775752,2310.0492580109667,2248.933485245332,2420.2919294806197,171.3584442352876,1.25,0.1048883451465708,3
2021-03-27,2021-03-10,2021-04-14,11.626419772883736,3.770401466587185,2378.4004272069647,2270.6505893282592,2446.068230354227,175.4176410259679,0.75,0.0267879919496175,3
2021-03-27,2021-03-10,2021-04-14,4.341296270503628,4.508717711350077,2367.339748494987,2270.6505893282592,2445.084203442093,174.43361411383376,0.75,0.0318445685723427,3
2021-03-27,2021-03-10,2021-04-14,5.575642831056298,4.155081880413385,2339.69221956757,2273.2470436519943,2449.3093571662903,176.06231351429597,1.5,0.1770842581777181,3
2021-03-27,2021-03-10,2021-04-14,2.3497028830030886,3.0702001833568335,2395.7926928647794,2395.7926928647794,2396.023332094308,0.2306392295286059,1.0,0.1402395897911213,3
2021-03-27,2021-03-10,2021-04-14,2.2040357584174117,3.802186380472164,2304.19969416566,2270.140388089698,2442.6188064171,172.47841832740232,0.75,0.0120711453916278,3
2021-03-27,2021-03-10,2021-04-14,4.081636859919585,4.993562773482887,138.4638730244395,138.23980805976316,138.91062510432675,0.6708170445635915,0.75,0.0691979372134679,3
2021-03-27,2021-03-10,2021-04-14,7.627170705340215,5.038260946707942,139.41742558935132,134.69392282888293,143.80035945773125,9.106436628848314,0.75,0.3012093335768921,3
2021-03-27,2021-03-10,2021-04-14,5.909568592486818,14.32407421518956,1169.973028981,1169.0608465014957,1170.9387187580578,1.8778722565621135,4.25,0.0654360586894965,3
2021-03-27,2021-03-10,2021-04-14,17.185954183551683,3.9901562123290337,2360.1621462065814,2270.140388089698,2445.084203442093,174.94381535239518,1.25,0.034236476371799,3
2021-03-27,2021-03-10,2021-04-14,4.714144189371129,4.621072259814925,2434.8188959349677,2271.6709916796535,2447.292889919132,175.62189823947847,1.0,0.0465753410128813,3
2021-04-23,2021-04-14,2021-05-03,2.10828415248439,7.94734916868116,111.7632523670958,111.55619481950998,112.16939492477104,0.6132001052610576,1.0,0.221055266693596,4
2021-04-23,2021-04-14,2021-05-03,2.4741223685684433,19.1735020494554,1253.157442224913,1252.8972218045965,1253.6048455028797,0.7076236982829869,2.0,0.0811604971512136,4
2021-04-23,2021-04-14,2021-05-03,2.891941477605579,3.586418637414555,2235.557383340571,2233.8843736848794,2236.270733941812,2.386360256932676,1.0,0.0742690274102315,4
2021-04-23,2021-04-14,2021-05-03,7.192085943580565,7.900063647906101,2282.269806676308,2281.995299000293,2282.7828071000986,0.7875080998055637,1.5,0.3632785455271973,4
2021-04-23,2021-04-14,2021-05-03,6.867502166482295,4.104422927731944,2410.136819343078,2409.1006304351613,2411.310271502007,2.2096410668455064,3.5,0.1489867074392823,4
2021-04-23,2021-04-14,2021-05-03,5.162288320904761,8.151242822246372,111.3110148518093,111.12589091667904,111.7868340490386,0.6609431323595345,1.5,0.076786560279976,4
2021-04-23,2021-04-14,2021-05-03,2.400158674050914,5.21602338190851,136.7433900855867,89.12512062722817,145.239852800034,56.114732172805816,0.75,0.0177404058578244,4
2021-04-23,2021-04-14,2021-05-03,3.4240382886876235,7.397543170698233,110.59928529559105,110.23833125503734,111.35653014620766,1.118198891170323,1.0,0.1211708362007731,4
2021-04-23,2021-04-14,2021-05-03,2.2250158559314817,5.780085183012219,2249.515397633077,2248.933485245332,2250.3162121362984,1.3827268909662962,0.75,0.1593342430485199,4
2021-04-23,2021-04-14,2021-05-03,5.349450902471077,8.061143615897546,111.21811728190636,111.12589091667904,111.57168196467684,0.4457910479977727,1.75,0.0991660377906552,4
2021-04-23,2021-04-14,2021-05-03,3.258701674009673,7.54595380069361,111.51499933972912,111.34104273514822,111.7868340490386,0.4457913138903677,1.0,0.0933765548917238,4
2021-04-23,2021-04-14,2021-05-03,2.074247568186706,8.526154385861522,111.49344921297543,111.34104273514822,111.7868340490386,0.4457913138903677,0.75,0.1666296871079423,4
2021-04-23,2021-04-14,2021-05-03,18.854806601397883,8.065271869621382,112.8094799506269,112.36921115079896,113.4865522608161,1.1173411100171506,2.0,0.3970998539479149,4
2021-04-23,2021-04-14,2021-05-03,2.497608937909414,4.071773113533038,2271.1142746296127,2270.2400597487576,2272.3317544339225,2.091694685164839,0.75,0.0899315829891316,4
2021-05-18,2021-05-03,2021-06-02,3.920935632476701,6.0472018784611885,126.04603710760875,118.25097537692636,133.97392127802595,15.722945901099592,2.0,0.1834940820934474,5
2021-05-18,2021-05-03,2021-06-02,2.248208936852878,3.569486562512503,561.0660961157458,560.5316343232989,561.8801018032245,1.348467479925603,0.75,0.0810801380727938,5
2021-05-18,2021-05-03,2021-06-02,50.74047164352396,3.108980318455429,121.69033769629742,60.26243609050289,142.7042175126262,82.44178142212331,3.0,0.2529915220119008,5
2021-05-18,2021-05-03,2021-06-02,2.9985204421688216,5.263393194516155,136.01366778437497,135.68791265040636,136.73866048641503,1.050747836008668,1.25,0.0859971293747586,5
2021-05-18,2021-05-03,2021-06-02,17.842903274713294,3.2825750674784655,104.57765310722228,51.57285683974624,127.98161647142842,76.40875963168219,2.25,0.0940833862244704,5
2021-05-18,2021-05-03,2021-06-02,2.594704593952515,5.223562912900667,83.44188413340281,72.18931288365275,141.01817651977763,68.82886363612488,0.75,0.2057229249960033,5
2021-05-18,2021-05-03,2021-06-02,2.0391829095233978,5.218084172374636,141.366246071785,141.01538533903658,142.0209150761366,1.0055297371000051,1.0,0.1550938599274915,5
2021-05-18,2021-05-03,2021-06-02,2.1976303304153286,3.4879506676465413,2403.7049571352936,2275.894575821236,2450.7751835989766,174.8806077777408,0.75,0.105981959962489,5
2021-05-18,2021-05-03,2021-06-02,3.548761064839808,14.117823945557936,1108.6298990592688,1108.1872384361925,1109.347946194932,1.1607077587395906,0.75,0.1854909821656701,5
2021-05-18,2021-05-03,2021-06-02,2.484716896896454,3.140575554997689,1093.292237810682,1092.851741164457,1093.998492822051,1.146751657593995,0.75,0.1121407261980128,5
2021-05-18,2021-05-03,2021-06-02,2.7826075274456175,5.435607932605388,139.9603484173072,139.64918172126636,140.5572685240768,0.9080868028104304,0.75,0.1001150048907008,5
2021-05-18,2021-05-03,2021-06-02,2.5366905823736143,17.589866213157244,1254.975304413341,1254.3279874082657,1255.9594302927144,1.6314428844489155,1.75,0.0405874452187601,5
2021-05-18,2021-05-03,2021-06-02,2.3088174667845527,5.305710545361552,141.1037508789966,140.78753729024902,141.7017214759253,0.9141841856762768,0.75,0.1729459752834324,5
2021-05-18,2021-05-03,2021-06-02,6.197609082821273,3.2924129495275074,121.1329111385389,71.88539718650281,142.7042175126262,70.81882032612339,1.5,0.0727898526092137,5
2021-05-18,2021-05-03,2021-06-02,3.1476494039299157,3.2032155737508674,1445.1070860550012,1441.3299079355784,1448.9541305317543,7.624222596175969,1.5,0.0581596750803741,5
2021-05-18,2021-05-03,2021-06-02,3.397888989441744,3.736271452168456,108.13552399912324,107.8739820253104,108.56614486128092,0.692162835970521,0.75,0.1577344437100639,5
2021-05-18,2021-05-03,2021-06-02,3.4462257825682756,3.453620651432826,135.87378091557193,135.31525231571868,136.73866048641503,1.423408170696348,1.25,0.0476979348617837,5
2021-05-18,2021-05-03,2021-06-02,2.4619680847909367,5.216402790780224,135.8184107397866,134.8561733760871,136.73866048641503,1.8824871103279293,1.25,0.0906084592398704,5
2021-05-18,2021-05-03,2021-06-02,2.052814264586612,3.524431010806365,90.47494778323076,45.856347432825714,118.14859751891343,72.29225008608773,1.5,0.09493854264089,5
2021-05-18,2021-05-03,2021-06-02,4.286441036152543,3.932832630640304,109.66478034065156,108.33550563175233,110.6754946759902,2.339989044237882,1.0,0.126703384504603,5
2021-06-20,2021-06-02,2021-07-08,2.2875409978605385,8.441208719468577,112.6789284256414,112.5844390457496,113.05617283284664,0.4717337870970368,0.75,0.2211141458199106,6
2021-06-20,2021-06-02,2021-07-08,9.32883547445376,4.780429645518262,1173.9451843241725,1170.9406713400967,1176.6214565597477,5.680785219650716,3.0,0.1110983195879134,6
2021-06-20,2021-06-02,2021-07-08,2.145919285360794,14.13496227520293,1109.3409483023047,1109.1173069654033,1109.8131736572832,0.6958666918799281,0.5,0.1934955327143661,6
2021-06-20,2021-06-02,2021-07-08,3.3284596621767477,8.59539665265907,112.98422647635776,112.82553360331804,113.4865522608161,0.6610186574980617,0.75,0.2415510177037043,6
2021-06-20,2021-06-02,2021-07-08,12.98902250258497,7.860428938239257,113.08547683612863,112.5844390457496,113.7017419571057,1.1173029113560915,1.75,0.5762038050046336,6
2021-06-20,2021-06-02,2021-07-08,27.99652406531644,4.587322576843192,134.61552551698531,77.6073911478743,145.24224731419235,67.63485616631806,3.0,0.1238009033987947,6
2021-06-20,2021-06-02,2021-07-08,2.3546023521559647,3.774491759891343,1201.4719059436077,1200.2004104549997,1203.8153875367716,3.61497708177194,2.25,0.0703275627394914,6
2021-06-20,2021-06-02,2021-07-08,2.3241034853402125,3.8347637530566216,1312.4332350614336,1310.4218804431148,1314.7163316626102,4.294451219495386,1.5,0.0770049959273203,6
2021-06-20,2021-06-02,2021-07-08,66.21663189001832,3.677777251084502,116.19314987236996,51.57285683974624,142.47645031800494,90.9035934782587,3.0,0.191610905774203,6
2021-06-20,2021-06-02,2021-07-08,2.073104058886703,4.490225894668134,119.44370559887156,118.14885045820849,121.3079786687158,3.1591282105073333,0.75,0.040664968943502,6
2021-06-20,2021-06-02,2021-07-08,2.7679941682028772,4.463417030080798,1164.3176421608453,1163.8309440775774,1165.3673141011968,1.5363700236193836,2.0,0.0542214272472612,6
2021-06-20,2021-06-02,2021-07-08,2.6267607945058513,5.000624953573811,1170.459873047402,1168.3363588838838,1172.8000944145024,4.463735530618578,1.5,0.0530492576689001,6
2021-06-20,2021-06-02,2021-07-08,16.168035901080597,4.56981159763966,1167.325837625198,1162.7680021435954,1174.743295150809,11.975293007213622,4.75,0.1778594885515523,6
2021-06-20,2021-06-02,2021-07-08,2.0455471684230098,4.838455060325623,1180.455729802841,1179.4158773361703,1181.9729061499238,2.557028813753277,3.75,0.0646317393053234,6
2021-06-20,2021-06-02,2021-07-08,2.8479014933251663,4.106237972361613,2440.7897515249524,2440.645741989836,2441.1216749008745,0.4759329110383987,1.25,0.2073597729558502,6
2021-07-24,2021-07-08,2021-08-10,2.5935992554449987,4.05067749626176,2222.360405914917,2221.379651497118,2223.4462909274735,2.0666394303552806,0.75,0.0538732389420323,7
2021-07-24,2021-07-08,2021-08-10,2.768119693603549,3.2837620912157868,1199.6120810661023,1198.321135812439,1201.5946040456183,3.273468233179301,1.25,0.0741254588471528,7
2021-07-24,2021-07-08,2021-08-10,2.133968137084695,10.2186164790083,2400.9643366783907,2285.406532179564,2458.726017334033,173.31948515446857,1.0,0.1867491505986757,7
2021-07-24,2021-07-08,2021-08-10,7.184479634770134,4.312695132091574,433.2408118792329,431.29029387841,434.97187983896583,3.6815859605558217,2.0,0.1487797438047584,7
2021-07-24,2021-07-08,2021-08-10,2.759342948363067,8.50843397121798,111.2332565321838,111.12589091667904,111.57168196467684,0.4457910479977727,0.75,0.0751928371903716,7
2021-07-24,2021-07-08,2021-08-10,3.9838988736222474,7.312310789908755,110.54589088024174,110.23833125503734,111.11454082094131,0.8762095659039915,1.5,0.0419643788845496,7
2021-07-24,2021-07-08,2021-08-10,2.8659674641741417,5.798377348894281,142.86803289925,139.50716555304825,146.57858125818893,7.07141570514068,1.0,0.0700862655495225,7
2021-07-24,2021-07-08,2021-08-10,4.06073460314548,3.965429837868939,1166.875381552593,1165.356422075536,1169.2914857310243,3.935063655488193,3.25,0.0941241465815853,7
2021-07-24,2021-07-08,2021-08-10,2.2904470521525995,9.50890128906193,1381.5282519462987,1381.238055207301,1382.1986926821992,0.9606374748982488,1.0,0.0673650065036354,7
2021-07-24,2021-07-08,2021-08-10,2.4054945126260585,10.367568687357288,1901.696166869912,1901.0754608893767,1902.1485900064,1.0731291170231998,1.0,0.2252067056289471,7
2021-08-27,2021-08-10,2021-09-14,4.576604791234039,7.8164446818061615,2282.055943588109,2281.438462925609,2282.7828071000986,1.344344174489379,0.75,0.1337841527674976,8
2021-08-27,2021-08-10,2021-09-14,2.1501441347672987,12.606308158085191,1508.3277331720908,1507.2297122040763,1509.4958540159278,2.266141811851412,1.0,0.0605157062046262,8
2021-08-27,2021-08-10,2021-09-14,2.0651892124469695,5.3988505111708776,145.52379036479076,145.23705961555245,145.91860216809437,0.6815425525419414,0.75,0.1705178677502922,8
2021-08-27,2021-08-10,2021-09-14,2.595762190139518,4.470991349969964,1087.575663103002,1085.5451414952986,1089.9634505631402,4.418309067841619,2.25,0.0617646502869998,8
2021-08-27,2021-08-10,2021-09-14,4.134173593415832,9.27732515892741,867.7752183646436,867.5325849270448,868.239835201297,0.7072502742521465,0.75,0.0339516625172612,8
2021-08-27,2021-08-10,2021-09-14,5.256478499253874,5.102943196109415,435.9990271931728,435.2171864723786,436.933692291379,1.7165058190003035,1.0,0.0328201845601682,8
2021-08-27,2021-08-10,2021-09-14,2.381489581616721,5.2241443721699605,868.6623450580905,868.0091959717683,870.6858685370535,2.6766725652851164,1.0,0.163016614818571,8
2021-08-27,2021-08-10,2021-09-14,3.9316550519475015,8.054523436251138,111.4441483522545,111.34104273514822,111.7868340490386,0.4457913138903677,1.5,0.0189199851604638,8
2021-08-27,2021-08-10,2021-09-14,2.4161033405863,6.225423081025985,129.86229397154156,129.61587432492524,130.32345490111038,0.707580576185137,0.75,0.0232965219651041,8
2021-08-27,2021-08-10,2021-09-14,2.2643087082701228,3.6062956485512903,2450.188752691398,2448.77712275926,2451.0033139646985,2.2261912054382265,1.0,0.077491192065627,8
2021-08-27,2021-08-10,2021-09-14,2.8273440421992073,7.818948720626035,2282.313672247262,2281.995299000293,2282.7828071000986,0.7875080998055637,0.75,0.0755871953638535,8
2021-08-27,2021-08-10,2021-09-14,2.6594023574237315,3.8356688273717543,2020.502900861818,2019.8687527016737,2021.9180696425028,2.049316940829158,0.75,0.1238229401112585,8
2021-09-27,2021-09-14,2021-10-11,20.66392416945555,18.72673136686867,1638.6459758119022,1628.5062233163044,1652.3174848249182,23.811261508613825,7.25,0.1870584206674824,9
2021-09-27,2021-09-14,2021-10-11,2.5954086202006508,15.124940777482848,1648.2213268568848,1645.3039776119404,1651.149756529834,5.845778917893767,4.25,0.0680574651708293,9
2021-09-27,2021-09-14,2021-10-11,5.46971305826437,24.80006887967621,1649.2986972618185,1647.0765166557394,1655.6882048975676,8.611688241828233,5.0,0.1020980271954674,9
2021-09-27,2021-09-14,2021-10-11,28.058867405872817,9.09524743937892,1689.1644989356057,1677.0057897646911,1703.2975347395986,26.291744974907488,11.0,0.2309519226425801,9
2021-09-27,2021-09-14,2021-10-11,68.26635599254791,10.743491929813157,1648.981386802997,1624.1020906800404,1673.031884083059,48.929793403018266,12.5,0.3688548098295516,9
2021-09-27,2021-09-14,2021-10-11,2.1270736962562036,3.809924700852336,126.23788250906604,68.93854928901419,136.4271734142676,67.48862412525341,0.75,0.1093622720540561,9
2021-09-27,2021-09-14,2021-10-11,2.27775872323912,5.91257458059628,1152.6023528769742,1151.094060593285,1154.6001134850085,3.5060528917238116,2.0,0.0626843702842591,9
2021-09-27,2021-09-14,2021-10-11,2.3255739834078804,7.764503998867419,899.3510362564699,899.0636749775149,899.7862488902174,0.7225739127025008,0.75,0.1400969354148041,9
2021-09-27,2021-09-14,2021-10-11,2.5632938372830143,4.5910227695264485,870.633849951306,870.4552293075249,871.1637638481334,0.7085345406085253,1.5,0.2683495846633423,9
2021-09-27,2021-09-14,2021-10-11,2.0158525982604316,4.74412669323712,868.9521376951055,868.0091959717683,870.6858685370535,2.6766725652851164,1.25,0.1002740596400494,9
2021-09-27,2021-09-14,2021-10-11,2.726100916211109,4.472634549552074,610.2943153850733,610.0197666939348,610.8006066381931,0.7808399442583323,0.75,0.2848985920896811,9
2021-09-27,2021-09-14,2021-10-11,3.552190093584824,4.788760429178976,138.10360332363493,137.8081389456056,138.6905363718979,0.8823974262923002,0.75,0.2005289832203673,9
2021-09-27,2021-09-14,2021-10-11,3.007148655745487,7.03537787357231,61.05683338960216,60.880128416698426,61.41961365751922,0.5394852408207953,0.75,0.0944596943645994,9
2021-09-27,2021-09-14,2021-10-11,2.4510307689080384,5.364365592465317,1418.0760845209638,1417.3680623541586,1418.6911642439663,1.323101889807731,0.75,0.0386835206896257,9
2021-09-27,2021-09-14,2021-10-11,3.415438097777346,10.429105656966025,1705.3606150682006,1703.5092994268052,1709.2067231237888,5.697423696983606,4.25,0.0801859740633512,9
2021-09-27,2021-09-14,2021-10-11,9.123953976419102,16.064699880231434,1705.2484561928911,1700.5587326702662,1711.8334474898877,11.274714819621297,6.25,0.1404809488433522,9
2021-09-27,2021-09-14,2021-10-11,2.1511194504091673,15.769358392950918,1682.7617302485917,1679.2353345472366,1687.3244507578202,8.089116210583597,2.5,0.0635554390491981,9
2021-09-27,2021-09-14,2021-10-11,2.437873031502661,19.606198411533853,1681.9162779067997,1678.653583026491,1686.6874438622035,8.033860835712403,3.25,0.0697718402922105,9
2021-09-27,2021-09-14,2021-10-11,2.0162288861634075,8.655651473850158,2210.426439256745,2205.9485026802868,2215.9805501000956,10.032047419808803,2.0,0.0694431729674548,9
2021-09-27,2021-09-14,2021-10-11,2.867621205109669,4.306053615704247,2395.093359657805,2274.439170308411,2449.8134269327857,175.37425662437454,0.75,0.1032698771521412,9
2021-09-27,2021-09-14,2021-10-11,2.3622017994493176,3.897216992519267,2401.3855811157136,2400.5467456174083,2402.240775370039,1.6940297526307404,0.5,0.0871175855388274,9
2021-09-27,2021-09-14,2021-10-11,2.1673889146395378,3.2585431340077284,2158.7196784495313,2158.111368898768,2159.828934383113,1.7175654843449593,0.75,0.1880216985708186,9
2021-10-11,2021-10-11,2021-10-12,2.103969930376442,3.9074198133549474,109.46517280350166,54.55541720241308,127.2409573183395,72.68554011592641,2.5,0.0927049575540144,10
2021-10-11,2021-10-11,2021-10-12,72.29842646394853,9.430904184577658,1510.8149602303497,1502.2401356091725,1518.0010301405564,15.76089453138411,13.75,0.3889111600658115,10
2021-10-11,2021-10-11,2021-10-12,5.394401565749283,7.471727032475554,1503.10957068177,1500.3396883807145,1504.9277410255745,4.588052644859999,6.75,0.0974489544769126,10
2021-10-11,2021-10-11,2021-10-12,4.08217021313787,3.726059076944808,432.26839896221384,431.5568997245282,433.2074229782447,1.6505232537165284,1.0,0.1525943358495921,10
2021-10-11,2021-10-11,2021-10-12,3.5567740482717056,5.200117126391129,131.85525159752223,131.76925798365846,132.2150739757344,0.4458159920759499,0.75,0.0992993715861549,10
2021-10-11,2021-10-11,2021-10-12,2.4564134849065846,4.170274422229673,100.12693678017794,51.57285683974624,122.94405350089072,71.3711966611445,1.0,0.2179332295461417,10
2021-10-11,2021-10-11,2021-10-12,2.2090496822879415,10.564702532592,1527.5522015754602,1521.81313072145,1536.1119330418296,14.298802320379764,3.75,0.0665261885979851,10
2021-10-11,2021-10-11,2021-10-12,3.0367929465560284,13.201935118743442,1520.792320056568,1519.6285340823233,1522.9152551437728,3.286721061449498,3.25,0.0810733126032128,10
2021-10-11,2021-10-11,2021-10-12,14.344980919702136,8.992227450641238,1520.0044893328509,1515.788161075674,1522.2532623065636,6.465101230889559,7.25,0.1932039964940174,10
2021-10-19,2021-10-12,2021-10-27,15.43128194627442,9.534321343351593,1520.1289494008124,1516.241672437638,1522.2532623065636,6.011589868925512,7.0,0.1814274426311257,10
2021-10-19,2021-10-12,2021-10-27,68.1849651382415,10.05443821218434,1510.81899502583,1503.2494304520078,1518.0010301405564,14.751599688548596,13.75,0.3397081163680362,10
2021-10-19,2021-10-12,2021-10-27,4.212480743563651,18.827020772641117,1510.5144460116733,1508.4859190909192,1511.9169405014254,3.4310214105062187,6.5,0.0979111686782929,10
2021-10-19,2021-10-12,2021-10-27,2.1216537320220894,5.037752887129763,867.9986877783958,867.7708902982995,868.4781409152783,0.7072506169788539,0.75,0.0918105529691083,10
2021-10-19,2021-10-12,2021-10-27,2.9371559921623676,3.964964202562259,868.5612089164997,867.7708902982995,870.6858685370535,2.9149782387539744,2.0,0.1548076988503577,10
2021-10-31,2021-10-27,2021-11-04,6.697528550094671,3.6110536715602897,2411.1098289662395,2409.635159884114,2414.8115301607177,5.176370276603848,2.25,0.1405524753654664,10
2021-10-31,2021-10-27,2021-11-04,2.1634069283417263,4.5519333057748375,2450.5155970485685,2450.316387116909,2451.0033139646985,0.6869268477894366,0.75,0.0836219484436056,10
2021-10-31,2021-10-27,2021-11-04,2.661600349281139,3.603969397152235,2406.26140585279,2405.7037434522063,2406.644921470899,0.9411780186928808,1.25,0.1690418341774702,10
2021-10-31,2021-10-27,2021-11-04,3.2051455151189097,3.890216123612697,2401.886011427169,2401.246270792559,2402.9455541009083,1.6992833083495498,0.5,0.0254522757343236,10
2021-11-13,2021-11-04,2021-11-22,3.103492427900324,4.175177276239549,557.7043321802281,556.4446346117184,563.7015606486239,7.256926036905497,1.0,0.1698270587434199,11
2021-11-13,2021-11-04,2021-11-22,2.5156541512277326,3.8624775809806495,588.7009501071982,562.1068284120411,644.5363584086299,82.42952999658883,1.0,0.2114166313660918,11
2021-11-13,2021-11-04,2021-11-22,2.8098973376815164,4.466376178529494,433.9140072370055,433.2148134619929,434.7339070173912,1.5190935553982854,1.0,0.2015954611239939,11
2021-11-13,2021-11-04,2021-11-22,2.257125449466454,3.0662501698787805,433.3085484294178,432.7387542859651,433.9895938318223,1.2508395458571613,1.0,0.0865822707644427,11
2021-11-13,2021-11-04,2021-11-22,2.4855003783591623,9.243860060793912,428.2779772651585,428.1026668618433,428.6703001735732,0.5676333117298782,1.25,0.199452937286875,11
2021-11-13,2021-11-04,2021-11-22,2.322741733669268,3.603603704241558,560.8339930649233,560.3066642871127,561.6551796253771,1.3485153382644055,0.75,0.2507185375376758,11
2021-11-13,2021-11-04,2021-11-22,2.971911824897336,4.001126242754138,1152.779608084502,1151.094060593285,1154.8327186722308,3.738658078946173,3.0,0.0643893629625607,11
2021-11-13,2021-11-04,2021-11-22,2.523813763549803,4.177429320800279,1243.5556069978131,1242.1489989715628,1245.1971314093098,3.048132437746972,2.25,0.0580792403925229,11
2021-11-13,2021-11-04,2021-11-22,2.4211298342948395,5.649579333413591,1287.4966044155312,1286.5645467429422,1288.8957479600797,2.331201217137277,2.5,0.1470231579998962,11
2021-11-13,2021-11-04,2021-11-22,2.349048444189301,3.89162290723639,2439.183003092595,2438.8408428668045,2439.659161571879,0.8183187050744891,1.0,0.2202202911217783,11
2021-11-13,2021-11-04,2021-11-22,3.780710440511751,4.985341055896138,1181.523715779572,1180.3466753615066,1183.167485624086,2.820810262579471,3.5,0.0777308877103669,11
2021-11-13,2021-11-04,2021-11-22,2.938872870586979,4.107097778076694,1312.6983095515754,1311.3665852639824,1314.4824523357674,3.1158670717850327,2.5,0.0711843756898173,11
2021-11-13,2021-11-04,2021-11-22,2.685852410224917,4.928805449413125,1169.2978668128785,1166.985383856576,1171.4039532006718,4.418569344095886,2.25,0.2548917932307811,11
2021-11-13,2021-11-04,2021-11-22,6.824308628174251,4.892720368749223,868.3221692524845,867.7708902982995,870.6858685370535,2.9149782387539744,1.75,0.1861649233957532,11
2021-11-13,2021-11-04,2021-11-22,2.8907139003064133,3.6212191040203296,2395.4622765607205,2395.104066703469,2396.023332094308,0.9192653908394276,1.5,0.2013094512657228,11
2021-11-13,2021-11-04,2021-11-22,4.1774795683482715,3.588421281245143,2392.6329047941117,2390.75928038219,2393.9576331973076,3.198352815117687,1.0,0.4260216162245694,11
2021-11-13,2021-11-04,2021-11-22,2.366778834959313,6.3549043676208585,2377.930722713561,2376.017879121471,2379.316319049336,3.29843992786482,1.0,0.196142508930685,11
2021-11-13,2021-11-04,2021-11-22,2.43418949236786,4.138426061909589,2431.6039820955984,2430.65797697939,2432.3919775979593,1.734000618569553,0.5,0.1896342690295983,11
2021-11-13,2021-11-04,2021-11-22,2.1209047311241944,5.369070064026739,1416.6058704541351,1415.7205728963015,1417.5987015836872,1.8781286873854697,0.75,0.1541793569809996,11
2021-11-13,2021-11-04,2021-11-22,2.619820052852032,8.81998384093956,2240.1863925514845,2239.157964992337,2241.3721329560503,2.2141679637134075,0.75,0.2848932581879744,11
2021-11-13,2021-11-04,2021-11-22,3.160116665141892,3.712221174490564,2440.808896412648,2440.400417654775,2441.3669379544444,0.9665202996693552,0.75,0.2734513791628432,11
2021-11-13,2021-11-04,2021-11-22,5.102955802510454,3.681239010728568,2414.8544526325995,2266.257226638496,2439.952964027412,173.6957373889163,1.25,0.1752030267883838,11
2021-11-13,2021-11-04,2021-11-22,2.412635679770338,3.613254162803976,2396.2855712366745,2275.894575821236,2450.7751835989766,174.8806077777408,1.25,0.2313332416259361,11
2021-11-13,2021-11-04,2021-11-22,2.214635360808473,3.5974059228845583,2450.02454660594,2449.395725880284,2450.5486781890504,1.152952308766544,1.25,0.2582242445522655,11
2021-11-13,2021-11-04,2021-11-22,3.080084852495466,7.679622059735038,1139.466203647706,1139.1499848896638,1139.8457365701906,0.6957516805268824,1.0,0.2194465866837417,11
2021-11-13,2021-11-04,2021-11-22,2.017747299531009,7.025533019946277,1137.9009156138147,1137.7759286970831,1138.2391457180493,0.4632170209661126,0.75,0.1151722519824843,11
2021-11-29,2021-11-22,2021-12-07,2.286550978967788,3.683110503887317,2438.048837714896,2437.5171894622035,2438.6241991193965,1.1070096571929753,0.75,0.0602923696914096,11
2021-11-29,2021-11-22,2021-12-07,2.585003331360468,3.412997541041016,2158.86746074941,2158.111368898768,2159.828934383113,1.7175654843449593,0.75,0.0898599121217393,11
2021-12-10,2021-12-07,2021-12-13,2.3926213840299195,5.378738057735445,1417.989526730428,1417.3680623541586,1418.6911642439663,1.323101889807731,0.5,0.0486303572435198,12
2021-12-10,2021-12-07,2021-12-13,3.097115829801932,4.7225481535402585,138.0528799467094,137.36795760318637,140.40016334550455,3.032205742318183,0.75,0.1782782685713798,12
2021-12-10,2021-12-07,2021-12-13,2.1292117795737413,3.0560633723597332,2110.4843601117946,2110.266137049068,2111.027202265337,0.7610652162693441,1.0,0.0461584890335548,12
2021-12-10,2021-12-07,2021-12-13,2.007760044294346,5.305050660826478,868.0609686041244,867.7708902982995,868.4781409152783,0.7072506169788539,0.75,0.112370283305359,12
2021-12-10,2021-12-07,2021-12-13,2.99005713564127,6.432037018431695,865.1541547008917,864.9874463728629,865.7115565608256,0.7241101879626513,1.0,0.133699703906197,12
2021-12-10,2021-12-07,2021-12-13,3.361364499775134,4.275042235817552,2395.0103246727035,2274.439170308411,2449.8134269327857,175.37425662437454,1.0,0.1899382051966982,12
2021-12-10,2021-12-07,2021-12-13,2.4823333557788905,3.685313466490864,2451.284800285625,2451.022505306173,2451.886198800057,0.8636934938840568,1.0,0.0892262638450132,12
2021-12-10,2021-12-07,2021-12-13,6.112667710555679,4.222025393993628,433.20292746941885,431.29029387841,434.7339070173912,3.4436131389811635,1.75,0.1521127312658473,12
2021-12-10,2021-12-07,2021-12-13,5.74847868028237,3.103822492794629,2395.7452076114896,2395.104066703469,2396.565045252908,1.46097854943946,1.75,0.1968185259833396,12
2021-12-10,2021-12-07,2021-12-13,3.9068521092039954,3.520800526115849,2412.6162783999657,2411.079632272478,2414.8115301607177,3.731897888239473,0.75,0.0699206327796413,12
2021-12-10,2021-12-07,2021-12-13,2.089574698185029,3.726709526649082,139.8794624892997,139.64918172126636,140.33145256200805,0.682270840741694,0.75,0.1318913187672342,12
2021-12-10,2021-12-07,2021-12-13,21.183271705207712,4.753065574463161,136.14207225391254,133.3129435707815,143.80035945773125,10.487415886949748,1.0,0.2302303337235391,12
2021-12-10,2021-12-07,2021-12-13,4.500072928895711,4.8267288724756146,137.95415232435982,137.6877272645943,138.35276659810916,0.6650393335148692,0.75,0.0359025267561321,12
2021-12-10,2021-12-07,2021-12-13,3.14353139814649,7.657252782949817,112.54790155415073,112.36921115079896,113.05617283284664,0.6869616820476949,0.5,0.1952704984846456,12
2021-12-10,2021-12-07,2021-12-13,3.3033978268980957,9.7684809020308,113.37265532059295,113.25591303128748,113.7017419571057,0.4458289258182049,0.75,0.210297543045373,12
2021-12-10,2021-12-07,2021-12-13,4.140862534690813,7.216789953581967,111.86133656318182,111.34104273514822,113.05617283284664,1.7151300976984205,1.25,0.1629858898950797,12
2021-12-10,2021-12-07,2021-12-13,3.4182094587593617,9.760350212103566,98.45452166430312,98.33266358450057,98.78095859522,0.4482950107194483,0.75,0.3110671262781314,12
2021-12-10,2021-12-07,2021-12-13,6.3808349410385725,9.998099418163967,99.40680139052483,99.162883406505,99.82884898828344,0.6659655817784369,0.75,0.2783385528544937,12
2021-12-10,2021-12-07,2021-12-13,2.168335112078679,4.508423864918206,2413.811334045639,2274.439170308411,2449.8134269327857,175.37425662437454,0.75,0.1566130596120641,12
2021-12-15,2021-12-13,2021-12-17,2.0694623807720607,3.830341465385376,2410.596054104808,2409.635159884114,2411.310271502007,1.6751116178929806,1.75,0.1439281340402094,12
2021-12-15,2021-12-13,2021-12-17,2.3465857938160095,3.7307516902932583,2292.594803621263,2273.2470436519943,2447.546211323235,174.29916767124087,1.25,0.3000727726039329,12
2021-12-15,2021-12-13,2021-12-17,2.0581036870168137,4.830282712132505,1287.6804413636346,1286.5645467429422,1289.12925185496,2.564705112017691,2.5,0.0560020705984812,12
2021-12-15,2021-12-13,2021-12-17,2.407675783139325,3.9395228702932266,1258.2682756922543,1257.8323341640644,1259.071122540161,1.238788376096636,1.0,0.1997499311334545,12
2021-12-15,2021-12-13,2021-12-17,3.3026337767904748,3.840313616316961,68.57799155337209,62.95408280054107,77.85405761608854,14.899974815547466,2.5,0.0810234516199901,12
2021-12-15,2021-12-13,2021-12-17,7.059493353298214,3.684857218394344,92.03905297516457,78.41224393900484,105.32069050194696,26.908446562942117,2.5,0.1251583813831654,12
2021-12-15,2021-12-13,2021-12-17,2.857744022445299,3.725592564083681,432.43327037166296,431.7950533670373,433.2074229782447,1.4123696112073958,0.75,0.1469888863067133,12
2021-12-15,2021-12-13,2021-12-17,2.7236832404875755,6.608015105493308,286.86874100011164,286.7074991497211,287.29546892503276,0.5879697753116488,1.0,0.2064116306859654,12
2021-12-15,2021-12-13,2021-12-17,2.259023033727401,3.254946658202834,735.2092650988965,734.8467444283888,735.820995697286,0.9742512688972056,0.75,0.138019353205682,12
2021-12-15,2021-12-13,2021-12-17,5.3305246472959595,4.900525231308812,867.6401904795681,867.1669114227407,868.4781409152783,1.3112294925376773,1.5,0.1798138273874757,12
2021-12-15,2021-12-13,2021-12-17,8.272073509543542,3.7745244003862006,1286.0110853675708,1280.1106304284183,1289.8655532533303,9.754922824911771,3.0,0.1268140767121876,12
2021-12-15,2021-12-13,2021-12-17,15.343998086674116,3.543624528298732,131.4027527017664,116.48573255864903,144.482042751275,27.99631019262597,3.75,0.1661036654200364,12
2021-12-15,2021-12-13,2021-12-17,8.499016111161072,4.1842679815031705,113.65402432558534,98.33266358450057,125.36020833440124,27.0275447499007,5.0,0.1542986961581037,12
2021-12-15,2021-12-13,2021-12-17,8.19474461568777,7.419785834036196,1286.112473400257,1284.0047962805256,1287.955739095807,3.9509428152814503,3.5,0.082163325660762,12
2021-12-15,2021-12-13,2021-12-17,8.305891793810478,8.370875145800131,113.14232843389244,112.82553360331804,113.7017419571057,0.8762083537876606,1.0,0.4951451056424369,12
2021-12-19,2021-12-17,2021-12-21,3.166840663579762,3.412047391208521,99.31786273555127,99.162883406505,99.82884898828344,0.6659655817784369,1.0,0.3724305860484836,12
2021-12-19,2021-12-17,2021-12-21,2.158932584948679,4.100560782505677,97.05269689417524,82.5015584025532,222.04474130785093,139.54318290529773,2.5,0.0543752477618808,12
2021-12-19,2021-12-17,2021-12-21,2.285001083345355,7.607494295214541,110.5562678563892,110.4535213871859,110.89935070928186,0.4458293220959604,1.0,0.086296295274095,12
2021-12-19,2021-12-17,2021-12-21,3.0519889581523647,3.4473219454171997,2406.2620465190907,2405.7037434522063,2407.182313273661,1.4785698214545846,1.25,0.3065291306879029,12
2021-12-19,2021-12-17,2021-12-21,3.3802915045277486,3.811926951665205,120.8251015804698,118.25097537692636,128.98751295451075,10.736537577584386,1.25,0.064140985980378,12
2021-12-19,2021-12-17,2021-12-21,59.978505894807505,5.193091649361019,98.30775710328945,69.7291479818523,125.36020833440124,55.63106035254896,6.0,0.2541056750988238,12
2021-12-19,2021-12-17,2021-12-21,2.5299509581279445,4.246908992667969,100.47868093979724,59.395272864960134,195.9818967469037,136.58662388194352,2.75,0.0597116892581787,12
2021-12-19,2021-12-17,2021-12-21,10.311045268852308,4.104086121676903,69.35018737938188,58.90650992747396,77.85405761608854,18.947547688614577,3.25,0.1124310526674589,12
2021-12-19,2021-12-17,2021-12-21,6.723235079679663,3.918814305042958,136.88284058427234,127.57692819321528,143.80035945773125,16.223431264515966,1.75,0.1003112869746419,12
2021-12-28,2021-12-21,2022-01-04,2.4276456808280593,3.6623891317726014,2450.543441897478,2450.316387116909,2451.0033139646985,0.6869268477894366,1.0,0.0195488030255605,12
2021-12-28,2021-12-21,2022-01-04,6.068393915756332,4.916204967613452,1134.2179174010412,1131.4380367714912,1136.7781568826176,5.340120111126453,3.75,0.0965602137257775,12
2022-01-26,2022-01-19,2022-02-03,2.036533441374188,13.764955275806976,1157.4431893605424,1157.1845559854992,1157.8804173236713,0.6958613381721079,0.75,0.3841670669127279,1
2022-01-26,2022-01-19,2022-02-03,3.4662089420127074,5.889888633119088,1137.1139501602015,1136.7801178637892,1137.4759571999311,0.6958393361419439,1.25,0.2467017521260817,1
2022-01-26,2022-01-19,2022-02-03,4.768844895438429,15.72010875314984,1080.7532384306078,1080.481470107101,1081.1773834573105,0.6959133502095938,0.75,0.4384406440469083,1
2022-01-26,2022-01-19,2022-02-03,2.3038598765458356,5.670392215652786,866.8884069210748,866.6903801849112,867.3975506522693,0.7071704673580825,1.0,0.1887940695334286,1
2022-01-26,2022-01-19,2022-02-03,6.459458124590654,4.936477127622303,867.7776229816953,867.1669114227407,868.4781409152783,1.3112294925376773,1.75,0.2748462494478386,1
2022-01-26,2022-01-19,2022-02-03,2.1254373685825056,20.108983367008776,1255.1142603448234,1255.026574945543,1255.7265675845556,0.6999926390126348,1.25,0.099783368177366,1
2022-01-26,2022-01-19,2022-02-03,2.137084073075626,18.21989214775547,2211.465952034474,2210.139023126103,2213.171568706166,3.0325455800630152,1.0,0.191346190281251,1
2022-01-26,2022-01-19,2022-02-03,2.3658015012241855,3.728900247962848,2389.087997365548,2274.439170308411,2449.8134269327857,175.37425662437454,0.75,0.1939913106297079,1
2022-01-26,2022-01-19,2022-02-03,3.369237831153553,3.735724215272729,2449.9190035260904,2449.1895532421768,2450.7573652323335,1.5678119901567698,1.25,0.3091831317077582,1
2022-01-26,2022-01-19,2022-02-03,4.302374747324528,3.5414875229389513,2391.8633089459104,2390.75928038219,2393.9576331973076,3.198352815117687,1.0,0.1009499804625185,1
2022-01-26,2022-01-19,2022-02-03,2.4736328368037683,4.058146740583495,868.3520261043724,868.0091959717683,870.6858685370535,2.6766725652851164,1.75,0.1439675334275588,1
2022-01-26,2022-01-19,2022-02-03,2.185680911933452,3.529441330495121,2422.376501474882,2275.894575821236,2451.0033139646985,175.1087381434627,1.0,0.3294776104114524,1
2022-01-26,2022-01-19,2022-02-03,10.04628792405838,7.648511675202419,111.05509304568665,110.4535213871859,111.7868340490386,1.3333126618526876,2.5,0.2821359884319819,1
2022-01-26,2022-01-19,2022-02-03,3.0639751635913517,3.029054314285156,1516.866856299844,1516.1267781169154,1517.491987180896,1.3652090639807284,1.0,0.2498837269318903,1
2022-01-26,2022-01-19,2022-02-03,2.446609414877975,3.9382490254950295,866.3702597139184,866.1956970905885,866.682753985282,0.4870568946935236,1.0,0.1416123958693143,1
2022-01-26,2022-01-19,2022-02-03,3.2692245888569156,3.2582296709789507,716.8262097237882,716.49654264329,717.2004952821881,0.7039526388980448,0.75,0.285544461599957,1
2022-01-26,2022-01-19,2022-02-03,3.7066706350484777,5.821888731976949,779.7086411570515,778.9709575744346,780.8340991395526,1.863141565117985,2.0,0.087242244870469,1
2022-01-26,2022-01-19,2022-02-03,2.6070703162436906,3.462658209090895,434.80499446363586,434.50326778786257,435.4478257019073,0.944557914044708,1.25,0.0776316331476793,1
2022-01-26,2022-01-19,2022-02-03,3.618521359399178,12.03506435758972,1901.7285334481796,1900.9991308152676,1902.7841993928887,1.785068577621132,0.75,0.2254705000615529,1
2022-01-26,2022-01-19,2022-02-03,3.9957854429140776,11.844354785876687,2092.5475064789184,2091.997096040286,2093.317331327591,1.3202352873049676,0.75,0.2936535318772008,1
2022-01-26,2022-01-19,2022-02-03,31.92736778611427,8.22327495011735,112.8856522065772,112.36921115079896,113.7017419571057,1.3325308063067496,2.25,0.0466718014633991,1
2022-01-26,2022-01-19,2022-02-03,2.737214844084019,8.68812589790149,111.4987105559682,111.34104273514822,111.7868340490386,0.4457913138903677,0.75,0.0746834083358679,1
2022-01-26,2022-01-19,2022-02-03,3.170083162847897,8.819147755837312,111.2195328319124,111.12589091667904,111.57168196467684,0.4457910479977727,0.75,0.1667419052513245,1
2022-01-26,2022-01-19,2022-02-03,2.6247430472063207,5.095531004352039,105.35518606883588,77.6073911478743,142.43143256707117,64.82404141919687,1.0,0.2481198826216127,1
2022-02-06,2022-02-03,2022-02-10,2.389954041340421,3.143233877501193,2159.0312693965884,2158.629097681027,2159.828934383113,1.1998367020860314,0.75,0.1382049949805482,2
2022-02-06,2022-02-03,2022-02-10,20.40126921655839,7.172320982742585,1032.2035588200606,1027.7891384707764,1035.073765204288,7.284626733511686,4.5,0.1225947542545994,2
2022-02-06,2022-02-03,2022-02-10,2.0561094649186944,5.186519623383722,1244.3230598349096,1242.86743889004,1245.66253975546,2.795100865419954,1.75,0.0523756669916353,2
2022-02-12,2022-02-10,2022-02-15,2.174710556980923,3.8082561539157016,2021.966324032802,2021.0811980427245,2022.6199801494367,1.5387821067124603,0.75,0.1323594923665266,2
2022-02-12,2022-02-10,2022-02-15,2.4761733279170257,3.566938036113098,2020.2220218235104,2019.1652177013457,2021.311837272253,2.1466195709072053,0.75,0.2999469310157275,2
2022-02-22,2022-02-15,2022-03-01,6.7472705127271055,3.3378630971603576,2406.302136622285,2405.7037434522063,2407.182313273661,1.4785698214545846,1.0,0.2854967589223218,2
2022-02-22,2022-02-15,2022-03-01,4.205712404733904,3.988426360230768,2409.910022837918,2408.384243803099,2411.310271502007,2.926027698908001,2.5,0.2357983497242851,2
2022-03-06,2022-03-01,2022-03-11,2.117939806168797,4.597706837229115,1118.8288639768346,1117.208392768167,1120.622349309735,3.413956541568041,2.0,0.0613991130540545,3
2022-03-06,2022-03-01,2022-03-11,3.717329742360757,5.746281062919867,503.68364480177326,501.5167811918072,505.2337577110157,3.7169765192084014,2.25,0.060243264802501,3
2022-03-06,2022-03-01,2022-03-11,2.3193069389435137,4.014978627177122,141.87349421034835,141.4710822463967,142.24868281930685,0.7776005729101598,0.75,0.1606474688947615,3
2022-03-06,2022-03-01,2022-03-11,2.6508243078794886,4.0282290218369186,432.7671328106102,432.2713606534526,433.4454526915215,1.1740920380689204,0.75,0.0901411242179082,3
2022-03-06,2022-03-01,2022-03-11,2.4753799289674476,4.501646895688104,433.7285013923413,433.5208912170492,434.2276570117101,0.7067657946608961,1.0,0.0207269062258911,3
2022-03-06,2022-03-01,2022-03-11,3.4256114788722383,3.433911319796183,499.3712674331933,437.2056597354822,505.2337577110157,68.02809797553346,2.0,0.0593728421545213,3
2022-03-14,2022-03-11,2022-03-17,5.876952803502837,9.9008374818248,1177.5828715133664,1177.3216165732592,1177.9903174643405,0.6687008910812438,1.0,0.0295170181461859,3
2022-03-14,2022-03-11,2022-03-17,2.196130022227245,3.570304174233631,2450.1295121719586,2449.900580881629,2450.7573652323335,0.8567843507044017,1.0,0.0177381650692208,3
2022-03-14,2022-03-11,2022-03-17,7.9069418567391505,11.925406551301965,1177.9760033677178,1177.527157346718,1178.4553589350544,0.9282015883363784,1.25,0.0377168575458377,3
2022-03-19,2022-03-17,2022-03-22,2.05127647752373,7.06063646329637,110.5747182522902,110.4535213871859,110.89935070928186,0.4458293220959604,1.0,0.0228639775919676,3
2022-03-19,2022-03-17,2022-03-22,2.7880396578990903,7.76003494903963,111.46305942565488,111.34104273514822,111.7868340490386,0.4457913138903677,0.75,0.0161750998856571,3
2022-03-19,2022-03-17,2022-03-22,3.9423636313745143,8.819152990910716,2135.9282422851848,2135.396730973851,2136.520792624913,1.1240616510622203,0.75,0.2089609057697329,3
2022-03-19,2022-03-17,2022-03-22,4.942955603005721,4.5677810655063515,1110.730397679828,1110.2679847399704,1111.6474929638207,1.37950822385028,1.25,0.3080342257767251,3
2022-03-26,2022-03-22,2022-03-31,2.4750385829077453,4.745685832332553,79.93983968954862,79.65520286513492,80.47816553059965,0.8229626654647291,0.75,0.2335626750676688,3
2022-03-26,2022-03-22,2022-03-31,2.252467805545738,3.662538287043301,503.47617288142544,501.270933738444,505.2337577110157,3.962823972571641,2.0,0.0546146993943648,3
2022-03-26,2022-03-22,2022-03-31,2.277575711010489,3.4382559370348997,2387.843417058143,2379.0856798198074,2395.334705932997,16.249026113189757,1.75,0.0782680652261982,3
2022-03-26,2022-03-22,2022-03-31,3.866309192241309,3.639562373795371,2450.292603305494,2449.395725880284,2451.2531445357017,1.8574186554178596,1.25,0.0412918776704556,3
2022-03-26,2022-03-22,2022-03-31,2.223856490184448,4.085539844836884,2385.1369771140235,2379.0856798198074,2392.3558498057537,13.270169985946268,1.5,0.0371917844126167,3
2022-04-17,2022-04-15,2022-04-19,3.860632584204536,3.281796152211885,2375.604820887382,2375.350223832298,2376.248518351,0.8982945187017322,1.25,0.1613913557224838,4
2022-04-17,2022-04-15,2022-04-19,3.1934694041240244,3.0695796779144837,1830.424536175628,1830.146113505587,1831.2062500012107,1.0601364956237376,0.75,0.0775808511041103,4
2022-04-24,2022-04-19,2022-04-29,4.04450106097511,7.274176197034111,2234.708960774048,2234.199933820404,2235.4324103337713,1.2324765133671465,0.75,0.1895485966702257,4
2022-04-24,2022-04-19,2022-04-29,2.4113141169851393,3.514696732422805,2411.128805852168,2410.357361271512,2412.032612212468,1.675250940956175,1.0,0.1524520251525086,4
2022-04-24,2022-04-19,2022-04-29,4.0434770227960035,3.53439865192073,2096.0288903898795,2095.027157239616,2097.4344201004133,2.4072628607973456,1.25,0.2813006004450838,4
2022-04-24,2022-04-19,2022-04-29,2.577615380240593,7.246002637356739,1165.9320691181763,1165.8216506857425,1166.2849042196758,0.4632535339333117,0.75,0.1905212638902262,4
2022-05-01,2022-04-29,2022-05-03,2.144282900027288,3.431027034687049,2450.0687249644498,2448.77712275926,2451.0033139646985,2.2261912054382265,0.75,0.176866283060547,5
2022-05-01,2022-04-29,2022-05-03,2.4148025353317597,3.314644794899351,433.3468255429923,432.500725036487,433.9895938318223,1.4888687953352928,1.25,0.1592511963984927,5
2022-05-07,2022-05-03,2022-05-12,3.3370330989364,3.3717334712639464,2406.3959974085783,2405.7037434522063,2407.182313273661,1.4785698214545846,1.0,0.285605966435617,5
2022-05-07,2022-05-03,2022-05-12,2.179080017184343,9.2991812951997,1865.176676342433,1864.1020992631093,1868.031863517128,3.929764254018664,1.0,0.1303182301788201,5
2022-05-07,2022-05-03,2022-05-12,3.030403432660783,3.684783262235381,2410.625677855838,2409.635159884114,2411.310271502007,1.6751116178929806,1.75,0.0955703762912623,5
2022-05-07,2022-05-03,2022-05-12,4.324848233849795,15.815337153724045,1080.9395040609202,1080.7141072694212,1081.5534952199089,0.8393879504874349,0.75,0.2431773628261699,5
2022-05-14,2022-05-12,2022-05-17,6.852027312057457,3.523130317932656,2432.6435636148885,2266.257226638496,2439.952964027412,173.6957373889163,1.25,0.1345299641989286,5
2022-05-14,2022-05-12,2022-05-17,5.2636029450540125,3.7531350503537144,2438.7918891461313,2437.8093381687067,2439.952964027412,2.143625858705491,0.75,0.0709729029837474,5
2022-05-14,2022-05-12,2022-05-17,4.080268016092333,11.611664307433204,1177.7627991911954,1177.527157346718,1178.2228382555768,0.6956809088587761,1.0,0.0238598122291107,5
2022-05-14,2022-05-12,2022-05-17,5.12824637424499,3.668753583256126,1285.4571146465428,1280.5855387528427,1289.8655532533303,9.280014500487596,2.25,0.0910205925033184,5
2022-05-21,2022-05-17,2022-05-25,3.761521660233623,3.0700550209201265,1032.5507906938706,1031.8149867998436,1033.6769307185896,1.8619439187459648,1.0,0.0696776103199193,5
2022-05-21,2022-05-17,2022-05-25,2.730692943271024,4.184279590503876,867.9861368062018,867.7708902982995,868.4781409152783,0.7072506169788539,1.25,0.1315226334325083,5
2022-05-21,2022-05-17,2022-05-25,4.724368426416132,3.447723268177381,2376.3005238343453,2375.350223832298,2379.316319049336,3.966095217037946,1.75,0.2165161300883117,5
2022-05-21,2022-05-17,2022-05-25,7.19079315303925,3.525545589046595,122.81193022298577,68.93854928901419,138.33219466358423,69.39364537457004,2.0,0.1396607102370749,5
2022-05-21,2022-05-17,2022-05-25,2.428885366686776,5.540328398664812,1811.608326273111,1811.3562498549,1812.2583803418092,0.9021304869093,0.75,0.1667268795952279,5
2022-05-21,2022-05-17,2022-05-25,3.95742552625888,5.229491007669082,102.99773193241292,60.26243609050289,132.93073710240424,72.66830101190135,1.25,0.0351100265008053,5
2022-05-28,2022-05-25,2022-06-01,2.0925188079499613,4.738317277368323,2410.1007838265637,2409.635159884114,2410.5880005010404,0.9528406169265508,1.0,0.0743981614454956,5
2022-06-04,2022-06-01,2022-06-07,5.589322620357713,5.748684701896712,100.89419185321132,80.24752630107105,143.60741512477398,63.35988882370293,0.75,0.0447249754555241,6
2022-06-10,2022-06-07,2022-06-14,6.747454447512656,8.008175164798352,111.32925906118597,111.12589091667904,111.7868340490386,0.6609431323595345,1.75,0.0882052478304182,6
2022-06-10,2022-06-07,2022-06-14,3.9459050967439264,7.268541924334952,110.7026340640823,110.4535213871859,111.35653014620766,0.903008759021759,1.25,0.1054414762524297,6
2022-06-10,2022-06-07,2022-06-14,3.4524374736175547,4.468230373849414,138.44161629999903,138.23980805976316,138.91062510432675,0.6708170445635915,0.75,0.2054146859648976,6
2022-06-10,2022-06-07,2022-06-14,2.128909642183059,7.124812374227761,111.66092047184917,111.55619481950998,112.00198600441216,0.4457911849021911,0.5,0.0432204886789454,6
2022-06-10,2022-06-07,2022-06-14,6.229894250469726,7.509548505863722,112.58214628457266,112.36921115079896,113.05617283284664,0.6869616820476949,0.75,0.0904110911295509,6
2022-06-10,2022-06-07,2022-06-14,3.2232513288947864,3.6238919084732752,129.2105763320782,79.65520286513492,142.43143256707117,62.776229701936245,1.75,0.1698194428116015,6
2022-06-10,2022-06-07,2022-06-14,3.0975286740227883,5.148292391991476,127.27461459674312,72.49322857288644,142.24868281930685,69.75545424642041,1.0,0.2314731053268758,6
2022-06-10,2022-06-07,2022-06-14,3.0211281607256755,3.658873809545349,130.4769055777688,130.09281567158175,131.0131065552123,0.920290883630514,0.75,0.2616446777575728,6
2022-06-10,2022-06-07,2022-06-14,3.8658089357524617,3.454871539203954,130.45816162708326,68.93854928901419,137.1119244946167,68.1733752056025,1.25,0.2227607955115022,6
2022-07-03,2022-07-01,2022-07-06,5.6449721185554855,3.0970765337367463,2402.490251875132,2398.4159547663294,2408.6148830326274,10.198928266298026,1.0,0.2048931183598602,7
2022-07-03,2022-07-01,2022-07-06,3.5882049858737903,3.9763070778190985,92.29276962755408,71.88539718650281,141.2460245685652,69.36062738206238,1.0,0.2441651244381137,7
2022-07-03,2022-07-01,2022-07-06,2.308969112077968,4.141869870886751,138.86429692359695,138.32971132965758,139.82073964783922,1.491028318181634,0.5,0.1837935779248481,7
2022-07-03,2022-07-01,2022-07-06,11.297715625949936,5.431522215380468,122.11161517780404,72.18931288365275,142.47645031800494,70.28713743435219,1.0,0.3487161690375787,7
2022-07-03,2022-07-01,2022-07-06,14.75587122266558,4.839106164565558,112.98939144768192,103.2343099527061,125.36020833440124,22.12589838169515,3.5,0.1092792047832749,7
2022-07-12,2022-07-06,2022-07-18,2.485736206971356,3.6447214684723264,2020.1419444505293,2019.1652177013457,2021.311837272253,2.1466195709072053,0.5,0.1616039282021015,7
2022-07-23,2022-07-18,2022-07-29,3.588079864091771,5.653669728824954,866.8141148581844,866.1956970905885,867.7632241565734,1.5675270659849048,1.25,0.2133525627422591,7
2022-07-23,2022-07-18,2022-07-29,2.0073760299771815,4.345066356677592,868.0646705385161,867.7708902982995,868.4781409152783,0.7072506169788539,1.0,0.0939876715578897,7
2022-07-23,2022-07-18,2022-07-29,2.2158410273808338,3.5737626191921006,561.1557140722163,560.5316343232989,561.8801018032245,1.348467479925603,1.0,0.1681644210938774,7
2022-07-23,2022-07-18,2022-07-29,3.7854614933204256,3.4741131030217822,2411.7635352544835,2410.357361271512,2414.8115301607177,4.454168889205903,1.0,0.1172878794827751,7
2022-07-23,2022-07-18,2022-07-29,2.133017961118844,4.258361682950447,2378.470152497646,2376.017879121471,2379.9901941078715,3.9723149864003062,0.75,0.2189821798088504,7
2022-07-23,2022-07-18,2022-07-29,2.730972593336827,3.6020112728060445,2361.0323096590896,2273.2470436519943,2447.546211323235,174.29916767124087,1.0,0.3324914298418046,7
2022-07-23,2022-07-18,2022-07-29,2.5303839256215768,7.775920645254351,1139.4821906828347,1139.1499848896638,1139.8457365701906,0.6957516805268824,1.0,0.1197896993379556,7
2022-07-23,2022-07-18,2022-07-29,3.928936968627506,3.9890260428682383,96.36379168540464,71.88539718650281,141.2460245685652,69.36062738206238,1.25,0.3442499611656819,7
2022-07-23,2022-07-18,2022-07-29,3.1622414290439247,4.54050501904707,2455.496653420163,2455.371077579912,2455.9423311208375,0.5712535409256816,1.25,0.1482287572573177,7
2022-07-23,2022-07-18,2022-07-29,2.4575515165248856,4.701534985689173,868.0321684886643,867.7708902982995,868.4781409152783,0.7072506169788539,0.75,0.1347442275803759,7
2022-07-23,2022-07-18,2022-07-29,2.188732268940115,3.778810511016899,558.001953803645,557.7146553471684,558.4557553925551,0.7411000453867018,0.75,0.1621325481050141,7
2022-07-23,2022-07-18,2022-07-29,2.637572873287115,3.490982949367518,123.59566649386134,79.65520286513492,144.75988843897358,65.10468557383865,1.0,0.1473985107117555,7
2022-07-23,2022-07-18,2022-07-29,2.1274156765737873,3.0356017008894467,2110.209916162608,2109.161698699463,2111.027202265337,1.8655035658739507,1.0,0.1770224646515019,7
2022-07-23,2022-07-18,2022-07-29,5.856272536987155,3.3128751380630166,100.00828767690588,99.81587295234203,100.48880938487127,0.6729364325292408,1.0,0.2832680403333952,7
2022-07-23,2022-07-18,2022-07-29,2.545177760061423,3.0228763127649154,1516.5760650224108,1516.1267781169154,1517.2654246222228,1.1386465053074062,0.75,0.2487425744043691,7
2022-07-31,2022-07-29,2022-08-02,2.1906270278705,3.1582883134309085,319.4574064717199,315.37521965336055,336.3228482073173,20.947628553956747,1.5,0.0530535536593212,7
2022-07-31,2022-07-29,2022-08-02,5.317683865851762,4.542899281119017,113.2957640603164,108.6653403500095,125.36020833440124,16.69486798439175,4.5,0.0931178262910226,7
2022-07-31,2022-07-29,2022-08-02,2.582942108566171,15.673220992113796,1923.319123549191,1916.40806939872,1938.4053564611825,21.99728706246242,4.5,0.0691528877395167,7
2022-07-31,2022-07-29,2022-08-02,2.5502280096106036,3.8908429727389815,115.53323104538782,115.31299834512174,116.00571954017504,0.6927211950533092,1.25,0.1579890825278844,7
2022-07-31,2022-07-29,2022-08-02,2.806554222049499,5.041993258873871,138.39824737278863,137.87959666084498,141.12709437217563,3.247497711330652,1.0,0.0327657010912524,7
2022-07-31,2022-07-29,2022-08-02,2.267846137453017,3.7238647709507062,2437.9116008207684,2437.5171894622035,2438.6241991193965,1.1070096571929753,1.0,0.1184536944321055,7
2022-08-06,2022-08-02,2022-08-11,3.1576724659069626,4.3404376866194925,867.04156473226,866.6903801849112,868.0015295278281,1.311149342916906,1.0,0.1667355815534247,8
2022-08-06,2022-08-02,2022-08-11,2.978065625500004,5.532934970541483,867.1409780025552,866.6903801849112,868.0015295278281,1.311149342916906,1.0,0.0581126391404522,8
2022-08-06,2022-08-02,2022-08-11,2.532551242461458,3.5433669420028973,720.5882828120785,713.3607199727558,759.8558071935549,46.49508722079918,0.75,0.0488454592022974,8
2022-08-06,2022-08-02,2022-08-11,4.953282013229405,15.668232673399524,1924.0078431026857,1914.8792631574904,1939.128719164524,24.249456007033587,5.25,0.1159043093709832,8
2022-08-06,2022-08-02,2022-08-11,7.440936446672749,14.178873238236074,1910.1376938161216,1897.876807129942,1919.1149208475836,21.23811371764168,7.75,0.1082771461152099,8
2022-08-06,2022-08-02,2022-08-11,2.3652736833474095,15.104265452003265,1879.573275632224,1868.6695172423497,1899.6722347000616,31.002717457711697,3.75,0.0614892463698802,8
2022-08-06,2022-08-02,2022-08-11,2.6157373925305314,18.41340580505625,2110.3095733398354,2092.541894046124,2113.661335386336,21.11944134021178,7.0,0.0733348660115729,8
2022-08-06,2022-08-02,2022-08-11,3.629669479537864,3.6161166442119783,2405.2521922896453,2404.28286370961,2407.8985644080676,3.6157006984576583,1.5,0.1492480136342362,8
2022-08-06,2022-08-02,2022-08-11,2.343032854144929,3.6410047741306544,2408.439826509083,2404.28286370961,2410.5880005010404,6.305136791430414,4.0,0.1177923868506525,8
2022-08-06,2022-08-02,2022-08-11,4.035513050200381,3.9051117386443903,2338.7782319678313,2273.2470436519943,2447.546211323235,174.29916767124087,1.0,0.207992733874109,8
2022-08-06,2022-08-02,2022-08-11,2.217993179691372,3.630880691275106,112.5958419739777,81.43908883072436,226.45209430344403,145.01300547271967,3.25,0.0610214027026522,8
2022-08-06,2022-08-02,2022-08-11,4.512591103717605,7.018504508183977,241.20989495719135,211.15995562681928,290.2373994225636,79.07744379574433,5.0,0.1025857767639104,8
2022-08-06,2022-08-02,2022-08-11,2.328347247163539,3.1324257226218615,92.78640998013574,88.01665122853592,105.32069050194696,17.304039273411036,1.75,0.0559634513629922,8
2022-08-06,2022-08-02,2022-08-11,2.4263865636142556,8.618366717977937,325.3014678599449,320.4262797520496,336.75133417127654,16.325054419226944,4.0,0.0656162290909625,8
2022-08-06,2022-08-02,2022-08-11,2.8148335937915023,3.08385224594642,321.5860455104711,314.52565131289884,336.3228482073173,21.797196894418448,2.0,0.0639052220260714,8
2022-08-06,2022-08-02,2022-08-11,15.696116439890629,5.063749910596002,113.96290898591246,98.33266358450057,133.97392127802595,35.641257693525404,8.5,0.326739064300111,8
2022-08-06,2022-08-02,2022-08-11,2.403408380794972,4.789968754318354,143.6929968523547,142.91180210281163,144.482042751275,1.5702406484633684,0.75,0.0853236211805099,8
2022-08-06,2022-08-02,2022-08-11,2.7485927385551236,3.4703164645680116,83.2600085942897,45.856347432825714,117.6753806960769,71.81903326325119,1.5,0.171953677105604,8
2022-08-06,2022-08-02,2022-08-11,3.6374518237402342,5.510469178241197,473.52879256390975,468.6090923235752,477.84874646831304,9.23965414473787,4.25,0.0870494270732034,8
2022-08-06,2022-08-02,2022-08-11,3.254243936641151,3.965119853333235,2363.877344802208,2273.2470436519943,2447.546211323235,174.29916767124087,0.75,0.0546325329098006,8
2022-08-13,2022-08-11,2022-08-15,7.134577147233948,3.747031725902181,2410.1109763285413,2405.7037434522063,2412.032612212468,6.328868760261685,3.0,0.281872977588029,8
2022-08-13,2022-08-11,2022-08-15,2.2629398644428695,5.073885948774921,1137.1348556808985,1137.0127178695984,1137.4759571999311,0.4632393303327262,1.25,0.1949335141224347,8
2022-08-13,2022-08-11,2022-08-15,2.4704886475072194,10.845269703500495,947.4205277703696,947.0391448875888,947.991911042016,0.9527661544270812,1.0,0.1793176508042228,8
2022-08-13,2022-08-11,2022-08-15,2.6883285529931356,4.477480248352993,870.7658736010113,870.6941769341938,871.1637638481334,0.4695869139395654,0.75,0.1001579991628346,8
2022-08-13,2022-08-11,2022-08-15,3.3868650108683505,3.908279755697899,868.6340388318666,868.0091959717683,870.6858685370535,2.6766725652851164,2.0,0.1952519535531961,8
2022-08-13,2022-08-11,2022-08-15,2.2249570429279517,7.00439972260562,208.0805964844808,208.05094259325415,208.53404278727248,0.4831001940183341,0.75,0.1804978177983517,8
2022-08-13,2022-08-11,2022-08-15,2.298174619537955,3.983927170006734,431.2846231814004,430.81400862149894,432.02569259656593,1.2116839750669897,1.0,0.1467020103767734,8
2022-08-13,2022-08-11,2022-08-15,4.208299311992105,3.5740039353307944,100.84379843770142,100.6935442239046,101.23630800889804,0.5427637849934399,0.75,0.4611348561262097,8
2022-08-13,2022-08-11,2022-08-15,7.454019456967761,4.118914146596467,433.0112034721895,431.7950533670373,434.7339070173912,2.938853650353849,1.75,0.1163950695695133,8
2022-08-13,2022-08-11,2022-08-15,2.4465096634112045,3.9907989781775046,576.3280552086726,562.1068284120411,644.5363584086299,82.42952999658883,0.75,0.1385635211571264,8
2022-08-13,2022-08-11,2022-08-15,2.1732229339504636,3.623031562653968,560.9233871833842,560.5316343232989,561.6551796253771,1.123545302078128,1.0,0.2051854244216923,8
2022-08-13,2022-08-11,2022-08-15,5.612755566077819,3.796297689808984,2020.613038269449,2019.1652177013457,2023.225454099011,4.060236397664994,1.25,0.1670635752668825,8
2022-08-13,2022-08-11,2022-08-15,2.995842144115921,3.0009272054691167,2396.5135708926123,2396.3344060233794,2397.2588335848413,0.9244275614619256,0.75,0.0315339650281093,8
2022-08-13,2022-08-11,2022-08-15,2.693798681259673,3.7111694355609814,2422.659357403109,2413.1240943032317,2428.5087689007632,15.384674597531555,1.25,0.0951495548167867,8
2022-08-13,2022-08-11,2022-08-15,2.1534744499220766,3.085332440111139,2457.9436510304504,2456.296690775547,2459.069723473396,2.7730326978489757,0.5,0.115966322851909,8
2022-08-13,2022-08-11,2022-08-15,2.259736862142791,13.532210707346234,2217.1151283370937,2216.2910853251815,2217.8772984612733,1.5862131360918283,1.0,0.1936969424924737,8
2022-08-13,2022-08-11,2022-08-15,2.2126247633250573,4.203179749297567,2227.5327241158348,2226.659438535571,2228.8007976422086,2.1413591066375375,0.75,0.2183962617040982,8
2022-08-13,2022-08-11,2022-08-15,4.34677510540108,3.520718809729637,2395.6633694045554,2395.104066703469,2396.565045252908,1.46097854943946,1.75,0.3870188622051526,8
2022-08-13,2022-08-11,2022-08-15,2.258593468162404,3.866900581092859,2401.4346450893113,2400.5467456174083,2402.176497499924,1.6297518825158477,0.5,0.1555477227234934,8
2022-08-13,2022-08-11,2022-08-15,3.9693824405157168,3.677634834905328,2398.9631466733786,2397.7220438984223,2400.777384846937,3.0553409485146403,0.75,0.2109954593387979,8
2022-08-13,2022-08-11,2022-08-15,2.205847429565359,8.795369134551644,2219.9029206739833,2218.4565721135587,2221.610290726647,3.153718613088131,1.25,0.1063093625476648,8
2022-08-13,2022-08-11,2022-08-15,5.67946219723823,6.318114558957151,1798.2122105843205,1798.037934726104,1798.725983680226,0.6880489541217685,1.25,0.246625455336204,8
2022-08-13,2022-08-11,2022-08-15,3.621162755175354,3.734564035973262,1418.0542105379611,1417.7502105119638,1418.6911642439663,0.9409537320025264,0.75,0.4186232471082436,8
2022-08-13,2022-08-11,2022-08-15,4.333568126520198,6.225474942494111,1230.5580130213662,1230.1722742337734,1231.0836701854132,0.9113959516398608,1.0,0.3205152533328204,8
2022-08-13,2022-08-11,2022-08-15,7.171798340353155,3.401703785876391,2406.3148482039765,2404.993270778563,2407.182313273661,2.189042495097965,1.5,0.3139400097283348,8
2022-08-13,2022-08-11,2022-08-15,3.468442682950692,6.106925051484899,2319.362923380559,2317.966077910736,2321.6605317872018,3.694453876465559,0.5,0.2299714470303904,8
2022-08-13,2022-08-11,2022-08-15,3.3609382784789665,8.333425202996787,112.55982477642928,112.36921115079896,113.05617283284664,0.6869616820476949,1.0,0.1996028914101156,8
2022-08-13,2022-08-11,2022-08-15,5.001394970983679,7.469748717167719,110.80770966448432,110.4535213871859,111.57168196467684,1.1181605774909258,1.5,0.2649954952973052,8
2022-08-13,2022-08-11,2022-08-15,35.41767333823003,8.177489624500758,113.1539399371934,112.36921115079896,114.349550221581,1.9803390707820656,2.0,0.806284569525674,8
2022-08-13,2022-08-11,2022-08-15,3.57157474422863,4.986621840461242,144.056626338399,143.81211183639243,144.482042751275,0.6699309148825705,0.75,0.1676789810498847,8
2022-08-13,2022-08-11,2022-08-15,52.27143599437784,3.5400403602379016,123.96608052472682,69.2429614001885,145.91860216809437,76.67564076790586,2.5,0.7746535975970652,8
2022-08-13,2022-08-11,2022-08-15,3.088435376439779,3.856073908705802,119.9425467629093,54.55541720241308,125.82720395736396,71.27178675495088,1.75,0.1268458326733799,8
2022-08-13,2022-08-11,2022-08-15,2.058296962691159,5.163823630762441,1172.1934085677422,1170.9406713400967,1173.8009562790394,2.860284938942641,2.0,0.0544700241841535,8
2022-08-13,2022-08-11,2022-08-15,2.2037647573227153,3.613739046345224,563.1127245095216,562.7208413518965,563.7015606486239,0.9807192967273296,1.0,0.2150800320424437,8
2022-08-13,2022-08-11,2022-08-15,2.6936490540595166,3.567968021566122,141.46687885849758,138.935653523542,145.91860216809437,6.98294864455238,1.75,0.0993517001862754,8
2022-08-13,2022-08-11,2022-08-15,2.3527496272251613,3.7352712284438927,120.82766709758532,79.65520286513492,144.53437513299286,64.87917226785794,1.0,0.0682920193742334,8
2022-08-13,2022-08-11,2022-08-15,5.557868388193446,3.5937036800422812,123.62268666453528,77.6073911478743,141.75423251418397,64.14684136630967,1.5,0.1761439930358693,8
2022-08-13,2022-08-11,2022-08-15,2.422759012152422,3.7576524650294063,138.93664421190377,137.87959666084498,141.12709437217563,3.247497711330652,1.5,0.0878737210944382,8
2022-08-13,2022-08-11,2022-08-15,2.1555553923704993,4.12787709828959,100.42462191489707,72.18931288365275,141.2460245685652,69.05671168491244,1.0,0.0425998624083836,8
2022-08-19,2022-08-15,2022-08-24,3.0532401759725576,16.552119643281372,1825.394228507148,1801.1382448240183,1963.4455603486856,162.3073155246675,1.5,0.0622436635293226,8
2022-08-27,2022-08-24,2022-08-30,2.3244160014962234,3.906211290781215,114.35197991512103,108.6653403500095,125.36020833440124,16.69486798439175,2.5,0.075409416969854,8
2022-08-27,2022-08-24,2022-08-30,2.7809179221098983,5.082417330532545,902.1661693457528,901.1465807985514,903.6708045564592,2.524223757907748,2.25,0.0621314178916017,8
2022-09-03,2022-08-30,2022-09-08,2.250159568136616,5.240667845405801,868.1323152321809,868.0091959717683,868.4781409152783,0.4689449435099959,0.75,0.1555999482198439,9
2022-09-03,2022-08-30,2022-09-08,2.727424785388603,5.028965629578955,867.4400914455159,866.9286459484138,868.0015295278281,1.072883579414338,1.0,0.1287272427759158,9
2022-09-03,2022-08-30,2022-09-08,2.6928739909286854,3.9566000679359807,868.6301298926578,867.7708902982995,870.6858685370535,2.9149782387539744,2.0,0.2369151147733842,9
2022-09-03,2022-08-30,2022-09-08,2.0578929404208317,3.6162873613942192,1201.832376021136,1201.1313361832872,1202.5571944583207,1.4258582750335336,0.5,0.1843522078984459,9
2022-09-03,2022-08-30,2022-09-08,8.190321358884063,3.3318647555337693,100.60239154408472,100.25817015534268,101.0186247988604,0.7604546435177326,1.0,0.4123050205818755,9
2022-09-03,2022-08-30,2022-09-08,4.292548939548535,7.146467975765561,112.99530451396494,112.82553360331804,113.4865522608161,0.6610186574980617,1.25,0.2647628931919485,9
2022-09-03,2022-08-30,2022-09-08,2.0710399531020367,7.3814664184735,110.55416195796178,110.4535213871859,110.89935070928186,0.4458293220959604,1.0,0.1263728613119853,9
2022-09-03,2022-08-30,2022-09-08,5.363281760467833,6.987165642021609,696.5014601111558,696.2012240686454,696.9332427717745,0.7320187031291425,0.75,0.3609626698846087,9
2022-09-03,2022-08-30,2022-09-08,2.2798210415697575,4.482980030537816,2190.249552941317,2188.258488955442,2194.2222223277204,5.9637333722785115,0.75,0.2173028118542122,9
2022-09-03,2022-08-30,2022-09-08,2.3503613580033926,4.691556111784932,1111.8696632357853,1111.6140474737622,1112.309949892573,0.6959024188108742,1.0,0.2288285348651927,9
2022-09-03,2022-08-30,2022-09-08,2.2964899152858633,5.451958021668132,131.53307414375453,130.90588749572635,132.2150739757344,1.3091864800080657,1.25,0.0352350570060192,9
2022-09-03,2022-08-30,2022-09-08,2.405706124119151,4.775509851899735,138.51810157494515,138.23980805976316,138.91062510432675,0.6708170445635915,0.75,0.0490471404869996,9
2022-09-10,2022-09-08,2022-09-13,4.276626587358606,3.203393463368608,129.29697095128043,94.9180305157788,141.80876554502174,46.89073502924293,1.25,0.1431381117121575,9
2022-09-10,2022-09-08,2022-09-13,40.55910829787736,3.350703202399438,129.0831535935607,64.15784360235557,145.91860216809437,81.7607585657388,2.5,0.3409597136540938,9
2022-09-10,2022-09-08,2022-09-13,7.049910177991686,3.633680942841628,123.13521440369396,122.73101051617414,124.03261019615456,1.301599679980427,1.25,0.0879023839425274,9
2022-09-10,2022-09-08,2022-09-13,13.008978907878776,3.39859810005729,121.5866126306556,118.25097537692636,128.98751295451075,10.736537577584386,1.5,0.2201351274076717,9
2022-09-10,2022-09-08,2022-09-13,2.041181975045337,3.8838553655986656,121.04296013324463,120.77610661834478,121.5389866642654,0.7628800459206104,1.0,0.0554091345637772,9
2022-09-10,2022-09-08,2022-09-13,2.079983508165274,3.782471925480539,137.16048562334302,127.57692819321528,140.32010054122657,12.743172348011283,1.25,0.0547943267826415,9
2022-09-10,2022-09-08,2022-09-13,2.6465833137269175,3.296096094228213,120.052406343388,94.9180305157788,140.21727505885065,45.29924454307184,1.25,0.1448955223471805,9
2022-09-10,2022-09-08,2022-09-13,3.680289024438656,3.396569217912248,121.3430750411532,86.26621090713888,141.57755116699263,55.31134025985375,1.25,0.1606036016773742,9
2022-09-10,2022-09-08,2022-09-13,4.040249861036632,3.319000763531331,144.02907137948435,138.935653523542,145.91860216809437,6.98294864455238,1.5,0.1519763181044138,9
2022-09-10,2022-09-08,2022-09-13,2.452546645244116,3.4188818935661343,110.52444214545557,110.4448554464616,110.90670220647009,0.4618467600084841,1.0,0.0357337149533393,9
2022-09-10,2022-09-08,2022-09-13,3.327785042430376,3.687210161915317,135.640081558014,134.33326484216377,136.73866048641503,2.405395644251257,1.25,0.1124834843713496,9
2022-09-10,2022-09-08,2022-09-13,3.6998061773198256,3.558517905422395,123.15167026652036,69.85178560111672,141.7017214759253,71.84993587480858,1.0,0.1614444335433338,9
2022-09-16,2022-09-13,2022-09-19,9.796750692660272,7.842504778817189,111.11336596292584,110.4535213871859,111.7868340490386,1.3333126618526876,2.25,0.0690504300863711,9
2022-09-16,2022-09-13,2022-09-19,2.296739005653754,5.767945943097539,901.0743427983192,899.5556096606888,902.089642925188,2.5340332644991577,2.0,0.0697923235745381,9
2022-09-16,2022-09-13,2022-09-19,3.7755938821840807,3.5502359747781456,901.1168521143296,899.3030184051022,902.4676195997744,3.1646011946722865,2.25,0.0605070661086915,9
2022-09-16,2022-09-13,2022-09-19,3.562301894005432,8.494908821219084,112.60196469454104,112.36921115079896,113.05617283284664,0.6869616820476949,0.75,0.0287298036774732,9
2022-09-16,2022-09-13,2022-09-19,3.7337700526004,3.758156685891905,1418.0794228216075,1417.7502105119638,1418.6911642439663,0.9409537320025264,0.75,0.144554716271891,9
2022-09-16,2022-09-13,2022-09-19,4.733665147799586,3.5692755888428005,124.72578635660524,123.94829837279394,125.59650517767297,1.6482068048790095,1.5,0.1362470406390865,9
2022-09-16,2022-09-13,2022-09-19,2.241670833634008,3.320716171287533,119.77145438162736,51.57285683974624,122.71317974664272,71.14032290689647,1.5,0.1239888546981113,9
2022-09-16,2022-09-13,2022-09-19,37.141143432020925,8.285540537609764,113.16499948131724,112.36921115079896,114.349550221581,1.9803390707820656,2.25,0.186929925875593,9
2022-09-16,2022-09-13,2022-09-19,4.513412525333572,9.506339635686688,114.76245407016184,114.55076146870852,115.2117796977982,0.6610182290896773,0.75,0.0175732351233725,9
2022-09-16,2022-09-13,2022-09-19,4.949530031903241,6.281316628520404,901.1101184512812,899.5556096606888,902.0938903493808,2.5382806886918843,3.0,0.0648448273037915,9
2022-09-16,2022-09-13,2022-09-19,5.125761697825279,3.7906259282201007,2438.350434906912,2437.5171894622035,2439.3653341131285,1.8481446509249508,1.25,0.1331236150275281,9
2022-09-16,2022-09-13,2022-09-19,3.865053361636526,3.751044202457273,2444.3528286011056,2444.1064028758556,2444.8351778564975,0.7287749806419015,0.75,0.0799381057264343,9
2022-09-16,2022-09-13,2022-09-19,4.198498586232323,3.485234463038829,2438.2362248546415,2437.5171894622035,2439.3653341131285,1.8481446509249508,1.25,0.1666564528466615,9
2022-09-16,2022-09-13,2022-09-19,8.968262867299462,3.7944483777578784,2359.2670570769405,2270.140388089698,2444.8351778564975,174.69478976679966,1.0,0.1878037234536475,9
2022-09-16,2022-09-13,2022-09-19,2.0636046056204935,10.650542307216442,1901.4248037216516,1901.0754608893767,1902.1485900064,1.0731291170231998,1.0,0.0910981059176833,9
2022-09-23,2022-09-19,2022-09-28,2.625799374877561,7.057890884201433,112.88357511613157,112.5844390457496,113.27136257989332,0.6869235341437161,1.0,0.1015129957831381,9
2022-09-23,2022-09-19,2022-09-28,2.2780802919848897,3.179707749746627,2406.1496784569235,2404.28286370961,2408.6148830326274,4.332019323017448,1.25,0.1928839761387811,9
2022-09-23,2022-09-19,2022-09-28,2.622307150983654,13.373580095659207,2228.709991969599,2227.8744658450596,2230.0081081357785,2.1336422907188535,1.0,0.0997959193429801,9
2022-09-23,2022-09-19,2022-09-28,2.072785892069568,3.556026823342478,2450.387959462801,2450.088203016669,2451.0033139646985,0.9151109480299056,1.0,0.1262467585275623,9
2022-09-23,2022-09-19,2022-09-28,2.6083379671089877,12.249258510931671,2263.8190551283515,2248.357441357337,2419.5859113023616,171.2284699450247,1.0,0.16127032564355,9
2022-09-23,2022-09-19,2022-09-28,2.075723774575303,10.207217729627963,1900.168916090312,1899.9077499751,1900.9805609816683,1.0728110065683722,0.75,0.1280566146136453,9
2022-09-23,2022-09-19,2022-09-28,3.129753010574451,13.40291108285005,1157.9144210268312,1157.1845559854992,1159.2491453415714,2.064589356072247,5.25,0.1619430021340532,9
2022-09-23,2022-09-19,2022-09-28,2.9144620721934777,7.320916293627227,1166.3801391869845,1164.9040394714102,1168.3345343312249,3.430494859814644,4.0,0.1261276118108291,9
2022-09-23,2022-09-19,2022-09-28,2.353375236135258,16.854596172518665,561.0994513309561,561.0994513309561,561.3300905604847,0.2306392295286059,1.0,0.0212737376913966,9
2022-09-23,2022-09-19,2022-09-28,3.903322175796061,3.853457611500402,432.58046539575565,431.7950533670373,433.7515304465778,1.956477079540491,1.25,0.0820699961280631,9
2022-09-23,2022-09-19,2022-09-28,2.0917453016339307,6.714304943124986,797.0499081129354,796.3863077252172,798.9592761006206,2.572968375403434,3.5,0.1530636504639403,9
2022-09-23,2022-09-19,2022-09-28,2.0349627882210983,6.609722811345276,655.2950509119615,622.5683001237921,716.9269347465597,94.35863462276755,1.0,0.0474877750103865,9
2022-09-23,2022-09-19,2022-09-28,2.935328233928161,5.815792152939689,865.3355680449156,864.5108916736208,866.9210194144398,2.410127740819007,3.75,0.2051882013499005,9
2022-09-23,2022-09-19,2022-09-28,2.193364946164235,10.08002585715917,863.1627755993607,861.8346086847596,864.979808122851,3.1451994380913675,4.5,0.0751396493921668,9
2022-09-23,2022-09-19,2022-09-28,5.621509478034578,11.79687752899089,2092.337076393429,2091.452298026532,2093.317331327591,1.8650333010591569,0.75,0.5305939964308615,9
2022-09-23,2022-09-19,2022-09-28,2.028119549301562,16.103120384448843,1922.285717017845,1918.1229660962708,1926.497684055008,8.374717958737165,4.5,0.0612789627939589,9
2022-09-23,2022-09-19,2022-09-28,5.026289592820923,5.198670814966273,132.59500650214326,132.47025946481153,132.93073710240424,0.4604776375927031,1.0,0.0315789835709295,9
2022-09-23,2022-09-19,2022-09-28,13.675710446641228,5.0855349767935,135.45171126205813,133.6514859176241,136.73866048641503,3.0871745687909424,1.0,0.0667507142413503,9
2022-09-23,2022-09-19,2022-09-28,12.86200942122376,4.984025989007194,119.79670993125842,68.93854928901419,138.33219466358423,69.39364537457004,0.75,0.0642870290339392,9
2022-09-23,2022-09-19,2022-09-28,5.039879432822822,5.582439279852965,79.37118539670507,51.57285683974624,122.94405350089072,71.3711966611445,0.75,0.0654674572242858,9
2022-09-23,2022-09-19,2022-09-28,20.31705297403043,5.029801645047015,102.04671555195696,54.55541720241308,128.44270802475512,73.88729082234204,1.0,0.1227068486734574,9
2022-09-23,2022-09-19,2022-09-28,2.9087729519785035,5.448165803221788,129.3036835716061,128.57737111160532,130.0765317864716,1.499160674866289,0.75,0.0384926584271998,9
2022-09-23,2022-09-19,2022-09-28,10.272802170966866,5.041645602068272,139.0089515136544,138.55786761594936,139.82073964783922,1.262872031889856,0.75,0.1035216771794914,9
2022-09-23,2022-09-19,2022-09-28,17.043703979151474,5.097073945690851,112.89903492794572,71.88539718650281,142.7042175126262,70.81882032612339,1.25,0.0816649220360749,9
2022-09-23,2022-09-19,2022-09-28,6.140684726282282,5.655341463398601,126.31179123251228,68.93854928901419,137.1119244946167,68.1733752056025,1.0,0.0435619408711942,9
2022-09-23,2022-09-19,2022-09-28,8.510572001457568,5.345494754631325,92.58368383247408,69.2429614001885,138.5603505591862,69.31738915899768,1.0,0.0485979689125375,9
2022-09-23,2022-09-19,2022-09-28,2.082307832660656,5.349333895077987,124.50834441825153,124.40996731910856,124.87144114263356,0.4614738235250115,0.75,0.0429682178110451,9
2022-09-23,2022-09-19,2022-09-28,4.019867003807427,5.033051680717788,121.1969665241198,121.0773394391872,121.5389866642654,0.4616472250781953,1.0,0.0346068216772236,9
2022-09-23,2022-09-19,2022-09-28,2.14375358299552,4.954978490742438,121.53935515042392,121.53935515042394,121.76999437995256,0.2306392295286059,1.0,0.0260233365858038,9
2022-09-23,2022-09-19,2022-09-28,2.797976172505256,5.01943000589998,122.36285693225138,122.25166723970324,122.71317974664272,0.4615125069394707,0.75,0.0657734004781104,9
2022-09-23,2022-09-19,2022-09-28,2.3549499254748643,5.422392288944703,135.55837623587647,135.36234700167552,136.04961624974385,0.6872692480683327,0.5,0.0231409899279009,9
2022-09-23,2022-09-19,2022-09-28,14.334947709598987,6.491158981640826,145.11787539496973,144.75476220948622,145.91860216809437,1.1638399586081505,1.5,0.0490922724439669,9
2022-09-23,2022-09-19,2022-09-28,3.142509089761605,5.668196887168385,135.58061341605583,135.31525231571868,136.27957520494238,0.9643228892236948,1.0,0.0660512582649585,9
2022-09-23,2022-09-19,2022-09-28,2.862894196440673,6.042407354706719,114.39751717997834,79.65520286513492,144.28393166465685,64.62872879952192,0.75,0.0768882480916381,9
2022-09-23,2022-09-19,2022-09-28,2.149843611851223,3.736983759671459,557.7652233796027,557.4594247150235,558.200525061693,0.7411003466695547,0.75,0.1521378748385836,9
2022-09-23,2022-09-19,2022-09-28,4.187709571374012,6.219335501738451,95.5269742347626,79.951364481356,143.60741512477398,63.656050643417984,1.0,0.0367495311011286,9
2022-10-01,2022-09-28,2022-10-05,2.951842521700675,8.369563949837197,112.8940542868176,112.82553360331804,113.27136257989332,0.4458289765752852,1.0,0.1350146756429458,10
2022-10-01,2022-09-28,2022-10-05,2.3610428373209364,3.5816491162775246,2410.1849107239186,2409.1006304351613,2411.310271502007,2.2096410668455064,1.25,0.1204449856592345,10
2022-10-01,2022-09-28,2022-10-05,3.2395401668204364,3.3944548488101884,2098.4958928135975,2095.4631501184776,2104.9849197366275,9.521769618149849,1.0,0.2480669285252869,10
2022-10-01,2022-09-28,2022-10-05,2.110679340883044,3.9479846461196098,1210.3005727394916,1209.9607015810907,1210.888996515423,0.9282949343323708,0.75,0.1895964505667238,10
2022-10-01,2022-09-28,2022-10-05,2.0061905443374046,5.520118516151116,867.177294196903,866.9286459484138,867.7632241565734,0.8345782081596553,0.75,0.0504870602459462,10
2022-10-01,2022-09-28,2022-10-05,2.3357843244393037,3.9151093913220736,869.8463843678746,868.2475016857497,870.9248161637224,2.6773144779726863,1.5,0.1793420657769837,10
2022-10-01,2022-09-28,2022-10-05,2.004488426823483,3.7905703593223463,2388.1965542921484,2387.882217904087,2388.928858894855,1.046640990767628,0.75,0.1761661397256879,10
2022-10-01,2022-09-28,2022-10-05,2.066183844124312,4.401972119247509,1111.8231184752217,1111.6140474737622,1112.309949892573,0.6959024188108742,1.0,0.1661923346623266,10
2022-10-01,2022-09-28,2022-10-05,18.764400059609187,8.101441416822814,113.14890658046136,112.82553360331804,113.7017419571057,0.8762083537876606,2.0,0.4911920796022757,10
2022-10-08,2022-10-05,2022-10-11,5.30893969840245,7.987163188883143,111.60740964985476,111.34104273514822,112.00198600441216,0.660943269263953,1.75,0.2121418770321791,10
2022-10-08,2022-10-05,2022-10-11,3.566340963512552,8.279980475791826,111.35404935250136,111.12589091667904,111.7868340490386,0.6609431323595345,0.75,0.1734732067222409,10
2022-10-15,2022-10-11,2022-10-19,2.0409184697256,3.010967666840133,2109.4365351725805,2108.6311691864394,2110.4967762785964,1.8656070921570065,0.75,0.1062268932787502,10
2022-10-15,2022-10-11,2022-10-19,3.1675288910406754,4.090052780041119,112.58793470294611,72.49322857288644,142.0209150761366,69.52768650325015,0.75,0.0971274288066327,10
2022-10-15,2022-10-11,2022-10-19,2.5587385971802092,20.491541620662556,1256.586504039011,1256.4314503087662,1257.12781599164,0.6963656828738749,2.25,0.0964379120336791,10
2022-10-15,2022-10-11,2022-10-19,3.0970114655505707,5.22288030244384,1418.0524000778746,1417.1313417255878,1419.7109778528102,2.5796361272223294,1.0,0.1846031349805426,10
2022-10-15,2022-10-11,2022-10-19,2.8366370156951812,3.241208091765182,2405.9619038103106,2404.993270778563,2407.8985644080676,2.90529362950474,1.25,0.2027124598749718,10
2022-10-15,2022-10-11,2022-10-19,4.245814281829924,3.217232145442267,2402.9560981146014,2400.5467456174083,2404.5135029391386,3.966757321730256,1.25,0.3123095129607263,10
2022-10-15,2022-10-11,2022-10-19,3.684868193361524,4.180708622914061,2387.1236465078296,2274.439170308411,2449.8134269327857,175.37425662437454,1.25,0.1110305804109544,10
2022-10-15,2022-10-11,2022-10-19,3.9463427346819575,3.5970532567583304,2394.6646596088967,2275.4094405714422,2451.0033139646985,175.59387339325622,1.0,0.3713467317228021,10
2022-10-15,2022-10-11,2022-10-19,3.3539216565186325,6.370386097644712,1798.3693581332898,1798.2666396084242,1798.725983680226,0.4593440718017518,1.0,0.3302326874350234,10
2022-10-15,2022-10-11,2022-10-19,2.1382124755060956,5.70696930742837,1798.6789827233083,1798.4953444506973,1798.954688922502,0.4593444718047976,0.75,0.1740643212570064,10
2022-10-15,2022-10-11,2022-10-19,2.21687365687124,19.197775177346532,2113.5019937898724,2112.9246129742824,2114.792147602886,1.8675346286036072,0.75,0.2300214729796453,10
2022-10-15,2022-10-11,2022-10-19,2.187506998033244,3.045070187905792,2369.8691862742908,2266.7942904117517,2440.6938382838853,173.89954787213355,1.0,0.2222148816695507,10
2022-10-15,2022-10-11,2022-10-19,2.424888331179238,3.7823567796991218,584.2438699838257,563.6514086024836,653.6128587070853,89.96145010460168,1.5,0.0903168817780137,10
2022-10-15,2022-10-11,2022-10-19,2.110892105572284,3.8367360777635926,868.8666268247758,868.2475016857497,870.6858685370535,2.4383668513037264,1.75,0.1330782081271739,10
2022-10-15,2022-10-11,2022-10-19,2.8309777632604307,6.242389090051436,865.3488679647534,865.2257237215526,865.7115565608256,0.4858328392729163,0.75,0.1078059000235684,10
2022-10-15,2022-10-11,2022-10-19,2.2133374385443,6.630721596388697,286.82751126543485,286.7074991497211,287.29546892503276,0.5879697753116488,1.0,0.2019176672791564,10
2022-10-15,2022-10-11,2022-10-19,2.807194245911441,10.508300527508624,1166.103220686154,1165.8216506857425,1166.518180203624,0.6965295178815722,0.75,0.1456771176604225,10
2022-10-15,2022-10-11,2022-10-19,2.7167793434506735,3.8532596036473583,2388.5771971689073,2387.882217904087,2389.3368597752415,1.4546418711543083,1.0,0.185749318972045,10
2022-10-15,2022-10-11,2022-10-19,3.576934223324801,10.463940679427822,1365.79727131015,1365.5859522293322,1366.2877470385283,0.7017948091961443,0.75,0.1970531489225903,10
2022-10-15,2022-10-11,2022-10-19,11.853330719267012,6.417711831979934,141.36263121621673,140.21536995097995,142.7042175126262,2.488847561646253,2.0,0.0462843546793065,10
2022-10-15,2022-10-11,2022-10-19,6.095741789418264,4.973796593765287,109.49950083076394,86.26621090713888,141.57755116699263,55.31134025985375,1.0,0.1227967139194809,10
2022-10-15,2022-10-11,2022-10-19,17.180763763010756,5.020269798515988,135.70218868554687,72.79714427608997,142.7042175126262,69.90707323653623,1.25,0.0891068490584777,10
2022-10-15,2022-10-11,2022-10-19,8.418917586117505,4.944447074017959,139.10186305305584,138.55786761594936,139.82073964783922,1.262872031889856,1.0,0.0566824008255185,10
2022-10-22,2022-10-19,2022-10-25,2.4560627402982793,4.733261592999301,137.25861492421333,137.02986174821854,137.6948991296813,0.6650373814627528,0.75,0.1388244286841692,10
2022-10-22,2022-10-19,2022-10-25,2.1122747877533077,4.2404838207755775,868.0330115852081,867.7708902982995,868.4781409152783,0.7072506169788539,1.5,0.1190204902242956,10
2022-10-22,2022-10-19,2022-10-25,2.36154736063553,9.96832247386011,888.7638509291497,888.5905137234367,889.3169859624468,0.726472239010036,1.0,0.0820890497047784,10
2022-10-22,2022-10-19,2022-10-25,2.777416414987002,3.6877862057397057,561.0600566532072,560.5316343232989,561.8801018032245,1.348467479925603,1.0,0.136672707990757,10
2022-10-22,2022-10-19,2022-10-25,2.572587560356484,3.0724957578618852,115.12419388190578,114.82989392476156,115.49105067458004,0.661156749818474,0.5,0.3023940371369057,10
2022-10-22,2022-10-19,2022-10-25,3.0164493556556504,3.605605270598206,432.2529004959953,431.5568997245282,433.2074229782447,1.6505232537165284,1.0,0.1673367727633218,10
2022-10-28,2022-10-25,2022-11-01,4.527883003573619,4.56732867281993,2409.911990998439,2409.1006304351613,2411.310271502007,2.2096410668455064,2.75,0.1903470185187489,10
2022-10-28,2022-10-25,2022-11-01,2.368258385616739,7.120535656679153,110.55941952971344,110.4535213871859,110.89935070928186,0.4458293220959604,1.0,0.0953659421358982,10
2022-10-28,2022-10-25,2022-11-01,4.024023180383339,7.9285234216542575,111.395042306,111.12589091667904,111.7868340490386,0.6609431323595345,1.25,0.2826816135833772,10
2022-11-10,2022-11-07,2022-11-14,2.207972943044888,3.97682118500556,2409.319256751643,2408.384243803099,2410.5880005010404,2.2037566979415715,3.25,0.1894745956576291,11
2022-11-10,2022-11-07,2022-11-14,3.0096001201161475,3.477621161746213,2405.8459464819307,2404.993270778563,2407.182313273661,2.189042495097965,1.0,0.2637958348170418,11
2022-11-10,2022-11-07,2022-11-14,3.2697061635681717,3.3797993318338326,527.777276705339,526.0285311723128,530.2093454571441,4.1808142848312855,2.0,0.0656983478070587,11
2022-11-10,2022-11-07,2022-11-14,2.4164285418999363,15.997529061617044,1922.4478669611256,1918.1229660962708,1936.958693665918,18.835727569647133,5.5,0.0697318910180872,11
2022-11-18,2022-11-14,2022-11-22,32.609860979183466,8.104143648396812,113.13662255393734,112.36921115079896,114.349550221581,1.9803390707820656,2.0,0.2676002814508972,11
2022-11-18,2022-11-14,2022-11-22,2.7824374310138404,7.624102963148701,111.55619481950995,111.55619481950998,111.7868340490386,0.2306392295286059,1.0,0.0472919397094492,11
2022-11-25,2022-11-22,2022-11-28,2.3140391389410806,19.007572705195923,1253.076112211891,1252.8972218045965,1253.360596830025,0.4633750254288316,1.75,0.1490311382906128,11
2022-11-25,2022-11-22,2022-11-28,2.175905671808533,19.819915037134553,1256.212207489909,1255.7287910631858,1256.6620895382948,0.9332984751090408,1.75,0.1979797218837692,11
2022-11-25,2022-11-22,2022-11-28,2.094677014540275,5.626687944902308,1266.7362171164857,1266.3669494735077,1267.3030737061054,0.9361242325976492,0.5,0.2602281694280247,11
2022-11-25,2022-11-22,2022-11-28,2.000694642136968,11.876309316601349,1341.5390151792972,1339.876286456827,1342.3468776149675,2.4705911581404507,0.75,0.3929111739308019,11
2022-11-25,2022-11-22,2022-11-28,2.207901848502385,4.434137977591589,1209.6083747557916,1209.2440798138268,1210.1913408106193,0.9472609967924654,1.25,0.2476341126455558,11
2022-11-25,2022-11-22,2022-11-28,8.184754304481318,4.4798516073092145,868.1316709125726,867.7708902982995,870.6858685370535,2.9149782387539744,2.25,0.1582651531827173,11
2022-11-25,2022-11-22,2022-11-28,2.1236885466246047,5.11618621093172,867.2895511201359,867.1669114227407,867.7632241565734,0.5963127338327467,1.0,0.0660053289721691,11
2022-11-25,2022-11-22,2022-11-28,3.073180667159527,15.559003547755292,1080.8018129708628,1080.7141072694212,1081.1773834573105,0.4632761878892779,0.75,0.3314359771679945,11
2022-11-25,2022-11-22,2022-11-28,4.403416063986788,3.411259720907333,2096.928944444671,2095.027157239616,2104.1149785686284,9.087821329012511,1.0,0.1463678991729561,11
2022-11-25,2022-11-22,2022-11-28,2.339411183983448,3.7452131546743934,562.9994619548072,562.6064241267741,563.7015606486239,1.0951365218497813,0.75,0.226491598559164,11
2022-11-25,2022-11-22,2022-11-28,4.304298220838989,3.6362651657794154,2442.0491466602975,2275.894575821236,2451.0033139646985,175.1087381434627,1.0,0.2622938190941534,11
2022-11-25,2022-11-22,2022-11-28,2.03401255459544,3.26770696525607,2108.2218438840237,2107.631080220919,2108.8951354124583,1.264055191539228,0.75,0.1611461474628356,11
2022-11-25,2022-11-22,2022-11-28,2.110309164919651,3.712342596076265,713.5409858687924,712.870938513428,714.3096343921497,1.4386958787217736,0.75,0.1589289764961608,11
2022-11-25,2022-11-22,2022-11-28,3.223406376116837,4.037187273439209,431.2539254084843,430.57586620002985,432.2638460895978,1.6879798895679414,1.25,0.0919947375440237,11
2022-11-25,2022-11-22,2022-11-28,4.036873706334985,3.837710252417309,432.33384651693007,431.5568997245282,433.4454526915215,1.888552966993302,1.25,0.1680251760155584,11
2022-11-25,2022-11-22,2022-11-28,3.085842760860648,3.2047118086613327,127.5796631122975,127.23776322230697,128.11696712952107,0.8792039072141051,0.75,0.1392171853124222,11
2022-11-25,2022-11-22,2022-11-28,3.0929176192264376,3.033623526051723,124.71254477487662,124.48623311240226,125.14576314063744,0.6595300282351673,1.0,0.1669151608266088,11
2022-12-02,2022-11-28,2022-12-07,2.9608262656496587,4.629530367683561,134.39234484393305,134.18810845399275,134.85314000211656,0.6650315481238067,0.75,0.0672374396456769,12
2022-12-02,2022-11-28,2022-12-07,6.944733442284169,4.459983989967723,2410.157090289598,2409.1006304351613,2411.310271502007,2.2096410668455064,3.25,0.1130131765534712,12
2022-12-02,2022-11-28,2022-12-07,2.390523143639282,3.39006156430351,2406.939728603036,2406.4142822413705,2407.8985644080676,1.484282166697085,0.5,0.0856724487291135,12
2022-12-02,2022-11-28,2022-12-07,5.202074164596519,5.7856339346072625,63.832929393797826,63.54020600300282,64.38848283188418,0.8482768288813531,0.75,0.0540156218117548,12
2022-12-02,2022-11-28,2022-12-07,4.15429340660376,4.767779243768836,135.0752320121332,134.69392282888293,135.57725314470008,0.8833303158171475,1.0,0.0478523602518545,12
2022-12-09,2022-12-07,2022-12-12,2.362086133875709,3.3758374769418005,1200.0359277165292,1197.6143863280304,1202.7898229840212,5.175436655990779,2.0,0.0898782370984793,12
2022-12-09,2022-12-07,2022-12-12,27.226762119516454,8.168142318066494,112.9161139278023,112.36921115079896,113.7017419571057,1.3325308063067496,2.0,0.7102338671374162,12
2022-12-09,2022-12-07,2022-12-12,6.453613149916325,9.371085907184122,114.76706669436638,114.55076146870852,115.2117796977982,0.6610182290896773,1.0,0.0605709423310638,12
2022-12-09,2022-12-07,2022-12-12,4.510225494800137,4.907832494412297,1201.4180960380086,1200.2004104549997,1203.0224516210146,2.8220411660149693,2.75,0.0849079686417089,12
2022-12-09,2022-12-07,2022-12-12,4.448428769217739,4.010740015886028,2374.125056850113,2270.6505893282592,2445.084203442093,174.43361411383376,0.75,0.5530333359904636,12
2022-12-09,2022-12-07,2022-12-12,3.8387201276050975,3.6667136185000686,2450.7395067075736,2449.900580881629,2451.675208347384,1.7746274657547474,1.25,0.2894497849624831,12
2022-12-09,2022-12-07,2022-12-12,3.260700162933538,3.682742562155773,2449.9670208415137,2448.77712275926,2451.0033139646985,2.2261912054382265,1.0,0.1943725883715559,12
2022-12-09,2022-12-07,2022-12-12,3.504825502470563,3.840230525845293,2350.4565511238643,2273.2470436519943,2447.546211323235,174.29916767124087,1.25,0.2283977673136943,12
2022-12-09,2022-12-07,2022-12-12,3.221703105406768,7.37844740151694,110.7695940105917,110.4535213871859,111.35653014620766,0.903008759021759,1.5,0.2039976002542369,12
2022-12-09,2022-12-07,2022-12-12,4.788151705342267,8.027513833158661,111.32080511955388,111.12589091667904,111.7868340490386,0.6609431323595345,1.5,0.3443233985443353,12
2022-12-09,2022-12-07,2022-12-12,4.075915277233054,8.284973677665922,112.6503408440488,112.36921115079896,113.05617283284664,0.6869616820476949,1.25,0.3193974434988509,12
2022-12-09,2022-12-07,2022-12-12,2.6041636853535564,4.217880313823225,557.4775858540931,556.4446346117184,558.8214574279264,2.376822816208005,1.0,0.1951356387533484,12
2022-12-16,2022-12-12,2022-12-20,4.753506233478629,4.814383364739803,131.78754815168193,131.55408123601228,132.2150739757344,0.6609927397221327,0.75,0.0504910434882646,12
2022-12-27,2022-12-20,2023-01-04,5.624409824005706,3.9244710023825897,901.6486227875248,900.0343057983555,903.909661584068,3.8753557857126,2.5,0.0697286260653672,12
2022-12-27,2022-12-20,2023-01-04,6.293918605050526,3.708140884519296,1263.9204681695765,1262.3813051166944,1266.5975887030363,4.216283586341888,2.5,0.0775893331075976,12
2022-12-27,2022-12-20,2023-01-04,3.971995582986276,6.448661291514345,1266.5760833021488,1265.1729398150928,1267.7689174851405,2.595977670047432,2.0,0.0581184610666708,12
2022-12-27,2022-12-20,2023-01-04,2.246371318791609,7.7981232858604095,112.4572758685347,112.36921115079896,112.8150782752782,0.445867124479264,0.75,0.1541739131019381,12
2022-12-27,2022-12-20,2023-01-04,2.114033700177502,3.2713517081718364,1261.020473127511,1258.3750268174335,1262.611944346223,4.2369175287894905,1.5,0.03752950768518,12
2022-12-27,2022-12-20,2023-01-04,3.0825812915158837,6.146104097365272,1260.12971502322,1257.1337436824106,1263.3173812334426,6.183637551032007,2.75,0.0690413363338479,12
2022-12-27,2022-12-20,2023-01-04,3.3621667783350504,4.357252944697383,1183.0537121732775,1181.509625752922,1184.4100100579672,2.9003843050450087,3.75,0.0624643193445165,12
2022-12-27,2022-12-20,2023-01-04,2.1946767644419856,5.04250727080345,1168.3908706708678,1167.4506898224354,1169.9895180962048,2.538828273769468,2.0,0.0607603783246699,12
2022-12-27,2022-12-20,2023-01-04,2.0364968273965003,3.517322042488251,1164.5350752063162,1163.8309440775774,1165.3673141011968,1.5363700236193836,1.5,0.0860087457328571,12
2022-12-27,2022-12-20,2023-01-04,3.445028188368948,3.651357471478295,111.04440546969528,110.4448554464616,111.71337332436816,1.268517877906561,1.25,0.0563156126001626,12
2022-12-27,2022-12-20,2023-01-04,4.151110585236265,3.8324868869450617,84.086496296781,46.16742232814431,117.6753806960769,71.50795836793259,1.0,0.0651732609266684,12
2022-12-27,2022-12-20,2023-01-04,4.898468755218095,3.883556050198547,122.0554050773486,121.53935515042394,122.48230646923184,0.9429513188079,1.0,0.1074708196443121,12
2022-12-27,2022-12-20,2023-01-04,2.371367979028858,3.4347606115513747,111.8301528092476,111.7140723853372,112.17605020059273,0.4619778152555227,1.0,0.0424060376309633,12
2022-12-27,2022-12-20,2023-01-04,3.2872580972343357,5.036456611542524,110.9023466544325,88.26896434742957,145.239852800034,56.97088845260441,1.25,0.0666063620896187,12
2023-01-31,2023-01-24,2023-02-07,2.2405731638808746,3.016811293140248,603.1741764512302,578.6514820698649,689.021566898562,110.37008482869714,1.0,0.0439121362631479,1
2023-01-31,2023-01-24,2023-02-07,4.04220158785671,8.420207271106829,113.47003817874744,113.25591303128748,113.91917115775868,0.6632581264711916,1.25,0.2092891194379002,1
2023-01-31,2023-01-24,2023-02-07,2.0200173661476444,3.0141812934353736,1322.210899051864,1318.674573819619,1325.742576864548,7.068003044929355,1.25,0.0485354742806846,1
2023-01-31,2023-01-24,2023-02-07,17.056567305580355,9.42826612794041,114.26837320316174,113.04072335036471,115.42696897406132,2.386245623696595,1.0,0.359196763498929,1
2023-01-31,2023-01-24,2023-02-07,2.4429086931205743,3.449165480580002,923.4421211088952,920.2004104317166,926.6592048760504,6.458794444333762,1.25,0.0566833906217115,1
2023-01-31,2023-01-24,2023-02-07,2.838752957646684,4.475538627856649,1159.0080083064468,1158.813047836069,1159.481636124663,0.6685882885940373,0.75,0.266374666314906,1
2023-01-31,2023-01-24,2023-02-07,9.0553712681059,8.337854916425679,113.9034733800088,113.68853192823008,114.349550221581,0.661018293350935,1.5,0.5315908311745745,1
2023-01-31,2023-01-24,2023-02-07,5.780629788878658,9.998818925637526,101.9979512429139,101.65270199393854,102.53689610539004,0.8841941114515066,0.75,0.0676445208243898,1
2023-01-31,2023-01-24,2023-02-07,6.0962734128423275,8.75232246238708,102.09039813999576,101.87055373657496,102.53689610539004,0.6663423688150942,0.75,0.2653168766223069,1
2023-01-31,2023-01-24,2023-02-07,3.453810353631324,8.365621649090922,112.4717972097033,112.36921115079896,112.8150782752782,0.445867124479264,1.0,0.2098571249809929,1
2023-01-31,2023-01-24,2023-02-07,3.905153854897169,3.119638906726305,941.0688309913847,936.0002681766636,944.1568334028124,8.156565226148814,1.25,0.0619258977098592,1
2023-02-11,2023-02-07,2023-02-16,28.645693291647397,8.192879122727412,112.95753966726694,112.36921115079896,113.7017419571057,1.3325308063067496,2.25,0.0432210076345883,2
2023-02-11,2023-02-07,2023-02-16,4.836354151117599,7.97587433872227,111.365419926671,111.12589091667904,112.00198600441216,0.8760950877331197,1.25,0.3328407179205813,2
2023-02-16,2023-02-16,2023-02-17,6.5143664059645285,4.182467624830135,433.4123699640188,432.2713606534526,434.7339070173912,2.4625463639386,1.5,0.1106248876963456,2
2023-02-23,2023-02-17,2023-03-02,2.679497953492559,4.1368265369164,122.01447276613976,63.231387082487345,133.8821251471527,70.65073806466535,1.0,0.0527662343831698,2
2023-02-23,2023-02-17,2023-03-02,2.7447850001952214,3.41610492092005,107.4844503156801,63.849024653900415,135.77543102251366,71.92640636861324,0.5,0.0239235681637512,2
2023-02-23,2023-02-17,2023-03-02,10.901096298292998,3.630097963152635,135.40172805306693,134.33326484216377,136.73866048641503,2.405395644251257,2.0,0.0671186091138386,2
2023-02-23,2023-02-17,2023-03-02,2.5311954297506736,4.13037586644769,84.8330578348125,60.26243609050289,132.47106041014194,72.20862431963906,1.0,0.0362228014340013,2
2023-02-23,2023-02-17,2023-03-02,2.291392096395592,4.041873396603158,128.60606693698816,128.38934139581397,129.31124087935314,0.921899483539164,0.75,0.0415964015290451,2
2023-02-23,2023-02-17,2023-03-02,4.818935699905525,3.1622526930803714,132.85113303692492,132.24042118061334,133.65240240562707,1.411981225013733,1.5,0.0362687891522604,2
2023-02-23,2023-02-17,2023-03-02,2.6790476303969046,3.8735647719690935,65.31508572611114,54.86650698585436,127.01060156850144,72.14409458264709,1.0,0.0463632531209832,2
2023-02-23,2023-02-17,2023-03-02,2.7128599180438715,3.2409883567084057,79.40766284209946,54.55541720241308,125.82720395736396,71.27178675495088,1.25,0.0254125825012294,2
2023-02-23,2023-02-17,2023-03-02,2.7357203018766736,4.220680594395129,1027.1912859699876,1026.5612277444452,1028.019777700305,1.4585499558597803,2.0,0.0391962729223191,2
2023-02-23,2023-02-17,2023-03-02,8.809338253841634,8.543365896619367,1030.4023337906033,1027.09100477444,1033.209677374456,6.118672600015998,2.75,0.1010115815283639,2
2023-02-23,2023-02-17,2023-03-02,21.618437133037887,3.692833742728892,103.09729103770032,60.26243609050289,133.8821251471527,73.6196890566498,1.25,0.1013551988997848,2
2023-02-23,2023-02-17,2023-03-02,10.812599449324797,3.6682721275774632,128.75406825489978,128.34731112327427,129.31124087935314,0.9639297560788692,1.25,0.0653464202717673,2
2023-02-23,2023-02-17,2023-03-02,3.5680482704091374,3.74307667470952,127.47365101152766,127.240673717577,127.98161647142842,0.7409427538514137,0.75,0.0287446815514993,2
2023-02-23,2023-02-17,2023-03-02,12.689685072148974,3.7148671528688944,120.72377019661565,119.4088673684746,122.00100185582414,2.59213448734954,1.25,0.0738020704354263,2
2023-02-23,2023-02-17,2023-03-02,2.0821270115047064,4.266134498001469,691.2072248025003,683.5430400716141,693.2379338853061,9.694893813692032,2.5,0.0611969059401248,2
2023-02-23,2023-02-17,2023-03-02,5.214948446388806,3.74192436838115,118.44552309617276,64.15784360235557,135.5458915452473,71.38804794289172,0.75,0.033190155255228,2
2023-02-23,2023-02-17,2023-03-02,8.436896029378874,3.9195433993639783,91.80905980455076,71.88539718650281,141.2460245685652,69.36062738206238,1.0,0.0607705855979103,2
2023-02-23,2023-02-17,2023-03-02,6.17824663120331,9.37534147233079,114.75720476789984,114.55076146870852,115.2117796977982,0.6610182290896773,1.0,0.0203664142040963,2
2023-02-23,2023-02-17,2023-03-02,21.53746373573691,7.913537310047594,113.51630858356464,112.82553360331804,114.56473975162952,1.7392061483114958,1.5,0.1827886873398976,2
2023-02-23,2023-02-17,2023-03-02,4.159983852994305,3.497911591093909,136.15310542363065,135.91707797488198,136.60604757862166,0.6889696037396789,0.75,0.0431925922355474,2
2023-02-23,2023-02-17,2023-03-02,3.531732393925637,3.650378482380754,140.65528928844384,139.50716555304825,146.57858125818893,7.07141570514068,1.0,0.0898554236709474,2
2023-02-23,2023-02-17,2023-03-02,3.969244633576074,3.5973705755834406,140.0843434268165,139.78906991472468,140.68902689497918,0.8999569802545011,1.0,0.0518962207134781,2
2023-02-23,2023-02-17,2023-03-02,23.795907864998195,3.755081532509404,132.9544937614174,80.24752630107105,145.693150378298,65.44562407722697,1.25,0.1774463311239879,2
2023-02-23,2023-02-17,2023-03-02,6.453381934088723,3.994057384061549,141.5775874156202,140.21536995097995,142.7042175126262,2.488847561646253,0.75,0.0440547734555034,2
2023-02-23,2023-02-17,2023-03-02,3.2978821473837265,3.519670477286233,115.94719171623308,94.9180305157788,141.80876554502174,46.89073502924293,1.0,0.1415721991461427,2
2023-02-23,2023-02-17,2023-03-02,4.29883189811974,3.3322376759112036,121.07260340810508,94.9180305157788,141.58898190921172,46.670951393432915,1.75,0.2283988120985647,2
2023-02-23,2023-02-17,2023-03-02,23.8722481814564,3.0396322227517416,131.1633455975517,96.93424162361772,144.482042751275,47.547801127657294,2.0,0.1499611617912979,2
2023-02-23,2023-02-17,2023-03-02,5.949216110300666,3.8411173587902128,123.63825277560186,72.49322857288644,142.24868281930685,69.75545424642041,1.0,0.0434008618511593,2
2023-02-23,2023-02-17,2023-03-02,2.9101706257094464,4.003558996492865,140.56483120151077,140.21536995097995,141.12709437217563,0.911724421195686,0.75,0.0295797327327484,2
2023-02-23,2023-02-17,2023-03-02,5.50145772287842,3.655465382626044,91.2042834046316,77.90355532383546,141.75423251418397,63.850677190348506,1.25,0.0420073112944213,2
2023-02-23,2023-02-17,2023-03-02,10.298081960317422,3.125270533654124,136.37783512049947,79.951364481356,145.91860216809437,65.96723768673837,1.5,0.0533211388738744,2
2023-02-23,2023-02-17,2023-03-02,9.57116032884547,3.226046201786921,127.16320208142912,86.26621090713888,143.1977049224079,56.93149401526898,1.75,0.0767949116853545,2
2023-02-23,2023-02-17,2023-03-02,14.18880114371493,3.2422610393877593,138.57724615222128,88.55434966366738,146.57858125818893,58.02423159452155,1.75,0.2464215298261058,2
2023-02-23,2023-02-17,2023-03-02,15.900783674081053,4.6769581234739155,1030.1163379763748,1026.3285125344992,1034.1422145892866,7.813702054787427,4.25,0.1004268181858368,2
2023-02-23,2023-02-17,2023-03-02,2.013657316413971,3.71764663452955,1046.187725772567,1044.527896080166,1048.0182203389704,3.4903242588043213,2.0,0.0536196002307818,2
2023-03-04,2023-03-02,2023-03-07,3.3889528724936584,5.820053599355917,108.14936929182252,69.85178560111672,138.5603505591862,68.70856495806947,0.75,0.0264234651336193,3
2023-03-04,2023-03-02,2023-03-07,2.498671608159468,4.603798755362905,143.6552000942242,142.91180210281163,144.482042751275,1.5702406484633684,1.0,0.1249899648114914,3
2023-03-04,2023-03-02,2023-03-07,3.170986692029575,7.502164979384396,113.26891400351468,113.04072335036471,113.7017419571057,0.6610186067409813,0.75,0.1627641205591687,3
2023-03-04,2023-03-02,2023-03-07,4.848720450006849,9.637263969425817,112.95521877218776,112.5844390457496,113.7017419571057,1.1173029113560915,0.5,0.3076054240704434,3
2023-03-04,2023-03-02,2023-03-07,3.4863804183880505,4.646798548725721,170.4170485185227,131.49996514199302,253.84590410767123,122.34593896567822,2.25,0.0506282196175968,3
2023-03-04,2023-03-02,2023-03-07,8.78523391732437,9.08089668884656,112.95968609041051,112.36921115079896,113.7017419571057,1.3325308063067496,1.25,0.3205282306606842,3
2023-03-04,2023-03-02,2023-03-07,2.8944387238633,8.663801095848386,113.08739216960976,112.82553360331804,113.4865522608161,0.6610186574980617,0.5,0.3103357768688538,3
2023-03-04,2023-03-02,2023-03-07,2.617819661154523,3.292224853190286,147.72364975582883,132.05335939023644,253.02242835890505,120.96906896866858,1.0,0.0874684682892485,3
2023-03-04,2023-03-02,2023-03-07,6.7796643691124725,4.022105508723306,100.38943206069028,100.04048313340172,100.92418345343322,0.8837003200314939,0.75,0.3126755450917681,3
2023-03-04,2023-03-02,2023-03-07,3.61322126990461,8.021614520955815,112.4742336006132,112.36921115079896,112.8150782752782,0.445867124479264,1.25,0.2178226473159119,3
2023-03-04,2023-03-02,2023-03-07,4.24484455918937,8.092505175785453,113.3952039443772,113.04072335036471,114.1343606794253,1.0936373290605843,1.0,0.2425715800617108,3
2023-03-04,2023-03-02,2023-03-07,11.21136706608518,3.3053383801919094,131.1395072309755,94.9180305157788,144.482042751275,49.56401223549619,2.0,0.1092303954585073,3
2023-03-11,2023-03-07,2023-03-16,2.2544933945790735,5.17932677188634,1099.7351700232362,1098.8865570398048,1100.746403284371,1.8598462445661423,2.25,0.057728776930767,3
2023-03-11,2023-03-07,2023-03-16,7.763936712480886,4.501495106707792,1101.695466767944,1098.403578734491,1105.8580584386364,7.454479704145342,4.0,0.2314820959756289,3
2023-03-11,2023-03-07,2023-03-16,4.468261263585481,3.0873768576021656,1090.8782366228393,1088.076905301772,1094.2311416799205,6.154236378148198,2.25,0.0954623029194383,3
2023-03-30,2023-03-16,2023-04-14,3.09855963137878,5.285601943033916,1111.3860315826864,1110.7194775021635,1112.309949892573,1.590472390409559,1.25,0.1572785050914906,3
2023-03-30,2023-03-16,2023-04-14,4.142615104536194,3.607008914035089,1102.2560557669672,1100.747554700356,1103.7641554153524,3.016600714996457,3.0,0.0876560277942387,3
2023-03-30,2023-03-16,2023-04-14,3.536512968555691,3.5132374546561445,2408.4480533292913,2275.4094405714422,2451.0033139646985,175.59387339325622,1.0,0.2549598967077278,3
2023-03-30,2023-03-16,2023-04-14,3.310293017304083,3.309074772820437,1112.1311038062524,1110.2679847399704,1113.9495414746923,3.681556734722107,2.0,0.0735107335490332,3
2023-04-22,2023-04-18,2023-04-27,2.994736805608405,3.827407296734204,431.22415668830104,430.57586620002985,432.2638460895978,1.6879798895679414,1.25,0.0631876610276492,4
2023-04-22,2023-04-18,2023-04-27,2.4075474900679,6.435784886578871,1112.963595118798,1112.5552907842211,1113.4837581156753,0.9284673314541578,1.5,0.1905249206372726,4
2023-04-22,2023-04-18,2023-04-27,2.076110556563223,3.7026384344918375,2395.329689874066,2395.104066703469,2396.023332094308,0.9192653908394276,1.25,0.0839653114923937,4
2023-04-22,2023-04-18,2023-04-27,2.174326542663758,4.780513275542521,436.31816079573696,435.9592941105366,436.933692291379,0.9743981808423996,0.75,0.0215559258365891,4
2023-04-22,2023-04-18,2023-04-27,5.04169859974573,12.000222069861511,2112.9334387760737,2112.3692283374257,2113.661335386336,1.2921070489101112,0.75,0.1569308666730355,4
2023-04-29,2023-04-27,2023-05-01,2.381835540461014,3.6849040098846673,2450.3921859593343,2449.900580881629,2451.2531445357017,1.3525636540725827,1.0,0.2435448796515013,4
2023-04-29,2023-04-27,2023-05-01,3.8257847264169857,3.4684248069885326,2323.8111175123445,2266.257226638496,2440.4207848953083,174.1635582568124,0.75,0.2891706074473776,4
2023-04-29,2023-04-27,2023-05-01,3.705254971457632,7.176795679842491,110.56660754541478,110.4535213871859,110.89935070928186,0.4458293220959604,1.5,0.0506941785361253,4
2023-04-29,2023-04-27,2023-05-01,3.0033321530948625,3.192842565625655,433.3938324505966,432.7387542859651,434.2276570117101,1.4889027257449925,1.25,0.0856820923684107,4
2023-05-06,2023-05-01,2023-05-11,6.455209173384663,4.191755834751186,433.2226644714996,431.5568997245282,434.7339070173912,3.1770072928629816,1.75,0.1633204822498242,5
2023-05-17,2023-05-11,2023-05-23,2.618519997174987,5.006191247477636,2402.9334100425367,2398.4159547663294,2408.6148830326274,10.198928266298026,2.5,0.072630694756095,5
2023-05-17,2023-05-11,2023-05-23,5.031395714723457,4.7430164664420875,2409.2033366448777,2406.4142822413705,2410.5880005010404,4.17371825966984,2.75,0.1153646367439154,5
2023-05-28,2023-05-23,2023-06-02,2.1952968380105733,3.404070796669368,2412.249359616439,2411.8019729829393,2414.0830961288884,2.2811231459490955,0.5,0.1432193574830002,5
2023-06-05,2023-06-02,2023-06-09,4.108241844623206,3.27481064717457,1094.9930268910466,1091.6417854516767,1098.8668656139637,7.225080162286758,1.5,0.0731104984606553,6
2023-06-05,2023-06-02,2023-06-09,3.60720100941584,3.395209703283532,121.11016137520816,118.25097537692636,128.98751295451075,10.736537577584386,1.5,0.0604926522016308,6
2023-06-05,2023-06-02,2023-06-09,5.235797656140118,3.9282512644130314,432.5757704506818,431.7950533670373,433.4454526915215,1.6503993244841697,1.5,0.1155483401679037,6
2023-06-16,2023-06-12,2023-06-20,2.852463537285242,7.097039411512743,110.61234507151416,110.4535213871859,111.11454082094131,0.6610194337554276,1.5,0.0467287491124204,6
2023-06-16,2023-06-12,2023-06-20,3.9887324952750927,7.867268275582925,111.3489334024686,111.12589091667904,111.7868340490386,0.6609431323595345,1.0,0.0212712494537447,6
2023-06-30,2023-06-26,2023-07-05,6.49944750740247,4.078582182722784,433.2838173865245,431.7950533670373,434.7339070173912,2.938853650353849,1.75,0.1170756231880525,6
2023-06-30,2023-06-26,2023-07-05,5.938606129144277,5.373954330869822,611.1278380018347,610.5699674086645,611.9594805501401,1.389513141475618,1.25,0.3060271665463547,6
2023-08-04,2023-08-01,2023-08-07,3.656795362941376,4.223497079320809,2409.9325017269175,2409.1006304351613,2410.5880005010404,1.4873700658790767,2.25,0.142296138831142,8
2023-08-04,2023-08-01,2023-08-07,5.51549269659331,8.254138825513488,112.60154399925192,112.36921115079896,113.05617283284664,0.6869616820476949,1.25,0.0184982065393224,8
2023-08-04,2023-08-01,2023-08-07,8.962221849280033,7.63401394712594,111.03368416390867,110.4535213871859,112.00198600441216,1.5484646172262728,2.0,0.0582369822871988,8
2023-08-04,2023-08-01,2023-08-07,2.524653117365865,7.465989913971168,111.24282980493268,111.12589091667904,111.57168196467684,0.4457910479977727,0.75,0.061038889102062,8
2023-08-04,2023-08-01,2023-08-07,38.11849158210022,8.314554433148237,113.16968070308486,112.36921115079896,114.349550221581,1.9803390707820656,2.25,0.0540612727243649,8
2023-08-04,2023-08-01,2023-08-07,2.1021900874421697,7.503636326233937,111.55619481951,111.55619481950998,111.7868340490386,0.2306392295286059,0.75,0.0131166992443096,8
2023-08-12,2023-08-07,2023-08-17,2.271549626881173,3.590977903183392,230.3997216343734,211.15995562681928,288.0101304589771,76.85017483215779,0.75,0.0908097934085466,8
2023-08-12,2023-08-07,2023-08-17,3.617199911933593,3.711832791591704,1056.4070286106762,1054.333138098009,1058.5197783885524,4.186640290543437,1.75,0.0612556063532378,8
2023-09-16,2023-09-14,2023-09-18,2.6869447752757707,3.7485130835195335,2246.61914598779,2245.131912476849,2248.0989325819537,2.9670201051048934,0.75,0.0811606896115844,9
2023-09-16,2023-09-14,2023-09-18,2.6533336626967596,4.102779970202342,2204.8063858362816,2204.1486246478744,2205.96790316701,1.8192785191349683,0.75,0.028515440629048,9
2023-09-16,2023-09-14,2023-09-18,3.833935401468911,4.080716495485542,2154.892073941792,2154.130539881997,2156.3281574104913,2.1976175284944475,0.75,0.1449497824245944,9
2023-09-16,2023-09-14,2023-09-18,2.377136842757442,5.266098336694,868.1417693643884,868.0091959717683,868.4781409152783,0.4689449435099959,0.75,0.1128010508568574,9
2023-09-16,2023-09-14,2023-09-18,2.6354602756044407,6.279154850476054,2401.886674675931,2401.246270792559,2402.240775370039,0.9945045774802566,0.75,0.133295784576434,9
2023-09-16,2023-09-14,2023-09-18,2.517652063553524,3.5755589857983376,2406.143633614918,2405.7037434522063,2406.644921470899,0.9411780186928808,0.75,0.154103775043928,9
2023-09-16,2023-09-14,2023-09-18,11.383991995735853,4.369027585202631,2409.61700518057,2407.667925178539,2411.310271502007,3.642346323467791,3.75,0.1418873667505994,9
2023-09-16,2023-09-14,2023-09-18,2.295495110629099,3.900264189485878,487.3817613170541,485.0203058421612,489.3300116704777,4.30970582831651,1.0,0.1400236630021829,9
2023-09-23,2023-09-18,2023-09-28,3.1807681017538836,8.241419917812923,112.55519870227,112.36921115079896,113.05617283284664,0.6869616820476949,1.0,0.1539442391436524,9
2023-09-23,2023-09-18,2023-09-28,2.0035949304482896,3.4487423275224627,1454.0798784114254,1451.4678141595796,1457.3606681665406,5.892854006960988,1.5,0.0557016812010729,9
2023-09-23,2023-09-18,2023-09-28,2.8184379083509605,4.347892644627321,2194.322575571227,2193.523347259499,2195.15891277045,1.6355655109509826,0.75,0.1387480769056142,9
2023-09-23,2023-09-18,2023-09-28,4.278554904296887,3.771466968773138,2376.900668335028,2270.6505893282592,2444.8351778564975,174.18458852823824,0.75,0.2724235582994213,9
2023-09-23,2023-09-18,2023-09-28,2.27955799752848,13.373648936969404,1337.0604190788183,1336.49627988087,1337.922251422424,1.4259715415537355,1.0,0.0390273133374558,9
2023-09-23,2023-09-18,2023-09-28,2.9429104409391065,6.730578163450838,811.7372143713314,811.5497764693573,812.2498538726941,0.7000774033367634,0.75,0.2687664813209692,9
2023-10-05,2023-09-28,2023-10-13,3.084342452672564,4.247867487648169,557.3070697967263,556.4446346117184,558.8214574279264,2.376822816208005,1.25,0.1181298386166213,10
2023-10-05,2023-09-28,2023-10-13,2.257557782702205,3.7387468112963247,1489.7584246136066,1485.959061909001,1493.2243795217946,7.265317612793297,1.0,0.0492872382364429,10
2023-10-05,2023-09-28,2023-10-13,2.194563405260672,3.093535108802975,1315.316088003789,1312.3452554102987,1319.3736374601722,7.028382049873471,1.25,0.0470173812432445,10
2023-10-15,2023-10-13,2023-10-18,2.0205755130831036,7.384194226815303,207.5004301058358,207.13523345720023,208.53404278727248,1.398809330072254,1.0,0.1528006121256486,10
2023-10-15,2023-10-13,2023-10-18,2.373175037392215,5.254849578042976,867.621371417092,867.1669114227407,868.239835201297,1.0729237785562873,1.25,0.1292836869495873,10
2023-10-15,2023-10-13,2023-10-18,2.3623396063889612,6.964197235558441,928.2822750661004,928.0975053450092,928.795898616314,0.698393271304667,1.25,0.1832245688383931,10
2023-12-10,2023-12-08,2023-12-13,2.3981250126445457,14.06196176666403,2133.2732946799406,2132.8593623968773,2133.690356404521,0.8309940076433122,1.0,0.052617359412723,12
2023-12-10,2023-12-08,2023-12-13,2.42256700499384,15.252822098768457,2210.3722035740943,2208.895156281069,2211.814482302405,2.919326021336019,0.75,0.1164349363606205,12
2023-12-10,2023-12-08,2023-12-13,4.769517093472889,14.702688450966331,2212.418301922291,2210.139023126103,2216.0272779553197,5.8882548292167485,0.75,0.10602490611953,12
2023-12-10,2023-12-08,2023-12-13,3.130241389142978,5.4928922728922185,2240.661518345662,2239.6151831327006,2241.9562866427004,2.3411035099998116,0.75,0.1369482562531547,12
2023-12-17,2023-12-13,2023-12-21,3.00246990833527,4.409056239971364,1020.5085714079694,1018.7590297623536,1023.0591006856412,4.3000709232874215,2.25,0.0594025704082349,12
2023-12-24,2023-12-21,2023-12-28,2.4469749780567787,5.724509073677592,138.46513819972776,137.36795760318637,140.40016334550455,3.032205742318183,0.75,0.0310465213341843,12
2023-12-24,2023-12-21,2023-12-28,3.749550965282822,7.158179754063004,110.60478152119518,110.4535213871859,111.11454082094131,0.6610194337554276,1.5,0.1023888829309334,12
2023-12-24,2023-12-21,2023-12-28,4.569129197206944,7.6979974730852785,111.45903820538908,111.34104273514822,111.7868340490386,0.4457913138903677,1.25,0.0421525295178217,12
2023-12-24,2023-12-21,2023-12-28,2.471494811146038,5.2471575393360155,610.9232423505548,610.5699674086645,611.4093870259821,0.8394196173176169,1.0,0.2106628328292701,12
2023-12-24,2023-12-21,2023-12-28,2.1914964801060153,3.758357922875444,797.9882857737783,797.791736763902,798.4912110273726,0.6994742634706199,0.75,0.1311470195244314,12
2023-12-24,2023-12-21,2023-12-28,2.714718870233872,5.0450940546900975,804.5134559400129,804.3271579667926,805.0266258325428,0.6994678657501936,0.75,0.1490632654253775,12
2023-12-24,2023-12-21,2023-12-28,8.30999936316877,3.3392844561678503,1181.097124624088,1172.3368124510162,1194.3198111588135,21.98299870779738,1.75,0.0895115244825548,12
2023-12-24,2023-12-21,2023-12-28,2.121317921303895,3.474124119508231,1168.112139631565,1165.356422075536,1170.4734333725646,5.117011297028512,1.0,0.0419411255475986,12
2023-12-24,2023-12-21,2023-12-28,3.4165286753741726,3.296763753389901,434.0634781437746,433.2148134619929,434.97187983896583,1.7570663769729435,1.75,0.1662921803532962,12
2024-01-04,2023-12-28,2024-01-11,6.213272081197598,4.1215505693250645,432.907587359869,431.7950533670373,434.2276570117101,2.4326036446727812,1.5,0.2105418164975056,1
2024-01-04,2023-12-28,2024-01-11,2.074809174710607,3.826054305805167,579.2334001163117,562.3566260840744,644.5363584086299,82.17973232455552,0.75,0.1655098839344175,1
2024-01-04,2023-12-28,2024-01-11,2.6864586454397323,3.763648457133733,713.5395245412858,713.1158292694017,714.3096343921497,1.193805122748017,0.75,0.1301492087316947,1
2024-01-04,2023-12-28,2024-01-11,2.5245876734844863,4.428940723688244,2189.3549209273906,2188.258488955442,2193.7539864890277,5.495497533585876,0.75,0.1531421880424215,1
2024-01-04,2023-12-28,2024-01-11,3.310427825933742,3.073929296474749,1176.1628585504689,1172.8727241610177,1181.2752374317497,8.402513270732015,1.75,0.0756753422137086,1
2024-01-04,2023-12-28,2024-01-11,5.113768227250561,3.0092648592726303,127.4105338453856,91.2702166205272,236.6506428816356,145.38042626110837,1.0,0.0612551939381574,1
2024-01-04,2023-12-28,2024-01-11,2.6513046140749825,9.225322219527923,115.03633318500192,114.82989392476156,115.49105067458004,0.661156749818474,0.75,0.3723343833573911,1
2024-01-04,2023-12-28,2024-01-11,5.284589961744968,3.3353342438870683,519.1076229306836,455.34732259530574,534.5325538381003,79.18523124279454,1.0,0.0663730726257947,1
2024-01-04,2023-12-28,2024-01-11,6.203625941381408,3.392906018160068,1088.0322885716146,1082.020770564675,1093.3149089743383,11.294138409662992,1.25,0.0628364964602565,1
2024-01-04,2023-12-28,2024-01-11,10.023303341000476,3.4232462250191396,133.9401518965845,127.02238052664325,140.32010054122657,13.29772001458332,2.25,0.1003956945944345,1
2024-01-15,2024-01-11,2024-01-19,3.575327821091135,4.5767644541092585,2411.5181821862056,2267.868417955935,2441.1216749008745,173.2532569449395,0.75,0.4850228448972939,1
2024-02-01,2024-01-25,2024-02-08,3.1146913463293147,15.144995602795747,1238.9596247197635,1236.5635582162067,1240.5311388308182,3.9675806146115065,2.75,0.0938016861037898,2
2024-02-01,2024-01-25,2024-02-08,4.097485868834524,11.39126540755225,1240.9394753393467,1239.8329189945944,1242.1468196087517,2.313900614157319,3.75,0.0716710323582972,2
2024-02-01,2024-01-25,2024-02-08,4.808192409274469,4.589533619179263,1256.257101773214,1255.263065633364,1258.062973393593,2.7999077602289617,3.25,0.0722671783570438,2
2024-02-01,2024-01-25,2024-02-08,4.685747137854071,15.138442540310235,1222.2989792557448,1220.258670439478,1225.329243300017,5.0705728605389595,4.5,0.0738692872199501,2
2024-02-01,2024-01-25,2024-02-08,2.0921516879563593,19.62237223525491,1252.209575409339,1251.5217946982011,1253.127861034125,1.6060663359239695,1.75,0.043674042163637,2
2024-02-01,2024-01-25,2024-02-08,7.065200117414246,5.923849810828958,1236.983842130884,1233.204155803658,1242.1468196087517,8.942663805093616,4.0,0.1246159730693975,2
2024-02-01,2024-01-25,2024-02-08,2.010759622793981,14.49294689083289,1285.9238383036209,1284.2382473289035,1287.488966102712,3.2507187738083303,3.0,0.0545352819970453,2
2024-02-01,2024-01-25,2024-02-08,6.016242176793974,17.76700273365107,1276.6188593732095,1275.6255112928338,1277.991840147879,2.36632885504514,4.75,0.0985987539739532,2
2024-02-01,2024-01-25,2024-02-08,3.8370937174182687,10.294197822676397,1296.1469370407262,1293.0821099127645,1298.160975605715,5.078865692950785,3.75,0.0702983706253823,2
2024-02-01,2024-01-25,2024-02-08,6.872923860510631,6.711060618394317,1297.1462987808577,1292.469045843929,1300.502043556422,8.032997712492943,6.25,0.1049227199435238,2
2024-02-01,2024-01-25,2024-02-08,3.4859267510235674,7.212520275638858,1280.4525271447835,1279.169155281037,1282.1598098636605,2.9906545826233923,5.0,0.0740998135027353,2
2024-02-01,2024-01-25,2024-02-08,3.7995608153803535,4.447439848406379,1265.8336686265086,1264.0045247897506,1268.0074561545623,4.002931364811957,2.75,0.0824476996058807,2
2024-02-01,2024-01-25,2024-02-08,6.726463625274412,8.261855945726506,1268.7906010387287,1266.8395129083656,1270.809776027687,3.970263119321317,5.75,0.1051768501160784,2
2024-02-01,2024-01-25,2024-02-08,3.809245990886141,11.25014769357425,1272.001813438245,1268.947512138635,1274.9344062162563,5.9868940776214,3.5,0.1093488410696038,2
2024-02-01,2024-01-25,2024-02-08,22.685575845183635,7.923937606636642,1275.9014958330715,1269.1804350027817,1279.3997945105657,10.219359507784247,11.0,0.1768924714181536,2
2024-02-01,2024-01-25,2024-02-08,3.079326741348005,5.791298340296529,1143.0393393442207,1141.0110438200643,1145.19586989237,4.184826072305441,3.5,0.0802356150918644,2
2024-02-01,2024-01-25,2024-02-08,19.779709293456037,9.777455117148888,1152.2346163630266,1148.0886515974998,1156.9499204144813,8.861268816981465,10.25,0.1565697835229588,2
2024-02-01,2024-01-25,2024-02-08,2.636890988405014,5.738158816499818,1114.2368501612389,1113.020509511698,1115.3451798348688,2.3246703231707215,3.5,0.0928734703558739,2
2024-02-01,2024-01-25,2024-02-08,12.758236413526962,4.2832915900273125,1117.110356201009,1114.6493218499236,1119.9815421975218,5.332220347598195,3.75,0.1106219183077666,2
2024-02-01,2024-01-25,2024-02-08,3.7591446923341008,6.9177154818139694,1117.1164002643272,1116.0177229465917,1118.369859980885,2.352137034293264,2.25,0.0594893631619092,2
2024-02-01,2024-01-25,2024-02-08,7.085204495667797,5.1279530470493535,1127.2148021028522,1123.4576490530744,1129.4017884647474,5.94413941167295,4.5,0.11814039644268,2
2024-02-01,2024-01-25,2024-02-08,2.645202073041077,17.972132261144843,1192.822383166241,1191.9877754338086,1194.3198111588135,2.332035725004971,2.25,0.0401821099305543,2
2024-02-01,2024-01-25,2024-02-08,3.460779694549604,5.425162893910198,1196.6163990457076,1194.847586018033,1198.3100407235324,3.4624547054991126,3.75,0.0777192369843451,2
2024-02-01,2024-01-25,2024-02-08,2.1329138851665195,4.975480339374513,1221.642771379584,1220.258670439478,1222.8355632591993,2.5768928197212517,3.0,0.0590653179762217,2
2024-02-01,2024-01-25,2024-02-08,4.17500256068294,7.595768890021493,1220.355740946302,1217.7174494275823,1223.5411647320725,5.823715304490179,3.5,0.1051077637165234,2
2024-02-01,2024-01-25,2024-02-08,2.994039179598889,12.10953512321233,1162.767004937474,1161.1395841888152,1164.5265039186925,3.3869197298772633,2.5,0.0620286578007305,2
2024-02-01,2024-01-25,2024-02-08,2.3671803201981145,18.077584836338396,1158.3561774150555,1157.649778094143,1159.481636124663,1.8318580305203795,2.5,0.0495524108227758,2
2024-02-01,2024-01-25,2024-02-08,7.170782316887275,6.879575277959707,1165.5711536334077,1163.233224126976,1168.799462103285,5.566237976308912,4.0,0.1260700936542799,2
2024-02-01,2024-01-25,2024-02-08,2.4115532322063524,5.157354839229523,1160.0746192359209,1158.813047836069,1161.3702234183438,2.5571755822747946,3.0,0.1007658233819418,2
2024-02-01,2024-01-25,2024-02-08,4.033753272879077,4.491933797946763,1176.6239336548815,1174.047373299487,1180.809955532197,6.762582232709974,2.75,0.1130605492990421,2
2024-02-01,2024-01-25,2024-02-08,2.5916719187234434,14.615331576741047,1163.6376632321512,1162.3027847679332,1165.1346787009388,2.831893933005631,2.0,0.0587013547941666,2
2024-02-01,2024-01-25,2024-02-08,2.301764173186724,8.975278079257741,1531.3194049762517,1530.242422616575,1532.9787482274696,2.73632561089471,4.0,0.0661206883437472,2
2024-02-01,2024-01-25,2024-02-08,3.2858595586062815,13.32783859642239,1584.5638417017549,1578.1369213177825,1590.5730166551657,12.436095337383447,4.25,0.0842514863166969,2
2024-02-01,2024-01-25,2024-02-08,6.984116878180207,8.57252060310852,1520.6920920479013,1518.7472969279625,1522.2532623065636,3.505965378601104,5.25,0.1140203079270254,2
2024-02-01,2024-01-25,2024-02-08,2.454781251079211,14.684721895826105,1448.64577623084,1447.2617627768775,1450.0162820564583,2.7545192795805633,2.75,0.0814450841774571,2
2024-02-01,2024-01-25,2024-02-08,38.56038971499918,7.8853561883275,1333.1001200162314,1325.2778220297769,1339.116684812121,13.838862782344222,9.25,0.2225093597841397,2
2024-02-01,2024-01-25,2024-02-08,3.8894561453168017,13.58121492859561,1324.159566243299,1323.338758674916,1325.2743456042372,1.935586929321289,1.75,0.0465106537075175,2
2024-02-01,2024-01-25,2024-02-08,2.1164712685345815,8.943057054697599,1340.327160631207,1338.8860455825925,1342.1119356146082,3.225890032015741,2.25,0.0470275094702611,2
2024-02-01,2024-01-25,2024-02-08,6.544790833968952,5.883629176069024,1350.3074726924278,1347.4157063802704,1354.9269930412993,7.511286661028862,5.0,0.1085097207262279,2
2024-02-01,2024-01-25,2024-02-08,5.724263925233969,4.6737623362652565,1346.8172091982303,1345.2402520254254,1349.1018606019206,3.8616085764952,4.0,0.0798382187939567,2
2024-02-01,2024-01-25,2024-02-08,3.1390074096592864,14.445329759499108,1320.0820780831627,1318.674573819619,1321.212105750572,2.537531930953264,2.25,0.0509285952678358,2
2024-02-01,2024-01-25,2024-02-08,2.0218755111003417,18.81712530281818,1301.759878153999,1300.505110783968,1302.907624469139,2.402513685170561,2.0,0.0623579437481069,2
2024-02-01,2024-01-25,2024-02-08,34.66523631943457,6.706502154513502,1314.906658664573,1307.141760551371,1323.100901992526,15.959141441155223,8.0,0.2418379486223216,2
2024-02-01,2024-01-25,2024-02-08,5.871135793835088,11.687162622184823,1299.924666919507,1298.6313307760283,1301.7101795612834,3.0788487852551043,4.75,0.0764314502749806,2
2024-02-01,2024-01-25,2024-02-08,4.4236267490311505,14.599642902000191,1315.5007742173516,1313.5325061250478,1318.9052130491473,5.372706924099475,3.5,0.0730807083446796,2
2024-02-01,2024-01-25,2024-02-08,2.0825525408831864,15.366828136356895,1435.3209636985491,1434.211488392204,1436.9512076904066,2.7397192982025445,3.5,0.0617906118163122,2
2024-02-01,2024-01-25,2024-02-08,4.699039164950842,7.18307064493362,1437.5779294919766,1435.6266242656857,1439.6207791995255,3.994154933840037,5.5,0.115405149651982,2
2024-02-01,2024-01-25,2024-02-08,2.415798089566019,10.404991835299898,565.7190096332428,564.0603653080761,567.2032484896481,3.1428831815719604,2.75,0.0772787020690255,2
2024-02-01,2024-01-25,2024-02-08,2.464901527491504,5.652157275243735,560.8572385285715,559.4628825681284,562.4550969256088,2.9922143574804068,4.0,0.0823684471745934,2
2024-02-01,2024-01-25,2024-02-08,5.32599990923126,6.078929121599371,565.5118159818564,559.4628825681284,567.2032484896481,7.740365921519697,5.0,0.1432831580959411,2
2024-02-01,2024-01-25,2024-02-08,7.913934434559807,4.307997736910312,816.707570495022,812.6106574311852,823.1675798334181,10.556922402232884,4.75,0.1207371405022038,2
2024-02-01,2024-01-25,2024-02-08,8.232340828194191,5.183346134653414,856.4064729568986,850.8849714770913,862.0652479142882,11.18027643719688,5.0,0.107978516355478,2
2024-02-01,2024-01-25,2024-02-08,2.4481641539242274,4.278793902243599,627.448662332921,593.0875796359032,698.6044651181437,105.51688548224048,3.25,0.0774767300434736,2
2024-02-01,2024-01-25,2024-02-08,11.21395622207587,4.320258277816484,1092.2160463519383,1088.5519517092034,1095.860285110306,7.308333401102573,5.75,0.1322016473680806,2
2024-02-01,2024-01-25,2024-02-08,93.82742533634313,4.576410574835339,911.8737577859256,894.6994814565405,922.1723967827857,27.47291532624513,7.0,0.3091787601079058,2
2024-02-01,2024-01-25,2024-02-08,2.224738166299129,4.5234984889019945,100.88238656577454,98.5503193656914,103.1259601614438,4.575640795752406,2.75,0.1476645734273036,2
2024-02-01,2024-01-25,2024-02-08,3.7866429427736863,8.094953354649322,112.76100568345694,112.5844390457496,113.27136257989332,0.6869235341437161,1.0,0.1985505730909167,2
2024-02-01,2024-01-25,2024-02-08,2.4490293969938044,7.98033374480297,111.2203409691956,111.12589091667904,111.57168196467684,0.4457910479977727,1.0,0.1814110972467718,2
2024-02-01,2024-01-25,2024-02-08,3.051772272596223,13.56004482345392,1047.2616344849605,1046.3899363698438,1048.4835789995268,2.0936426296830177,4.75,0.0674296113259831,2
2024-02-01,2024-01-25,2024-02-08,2.3727007854764968,13.16293080959062,1089.33413660622,1088.5519517092034,1090.4297621464357,1.877810437232256,2.0,0.042354935965707,2
2024-02-01,2024-01-25,2024-02-08,2.145727797140477,14.923882643752163,1088.8553763406308,1088.3192737796344,1089.7308065546677,1.4115327750332654,2.75,0.0390275229817884,2
2024-02-01,2024-01-25,2024-02-08,4.752188418580909,5.7462924527311765,1100.3571593574834,1098.1709309881553,1102.5739750200885,4.40304403193295,4.25,0.0872663848998429,2
2024-02-01,2024-01-25,2024-02-08,21.368983566020297,7.53487724599646,1086.55809199003,1080.7141072694212,1091.6397801036946,10.925672834273428,7.5,0.1734048283019073,2
2024-02-01,2024-01-25,2024-02-08,3.2767859230175893,7.980456530982239,1071.263220063359,1069.054748325143,1074.1979213156735,5.143172990530729,4.0,0.0961385193060484,2
2024-02-01,2024-01-25,2024-02-08,2.766748543384001,11.156538039987742,917.6150214033256,916.700476265978,918.8219536901452,2.1214774241670966,3.5,0.0574603909435992,2
2024-02-01,2024-01-25,2024-02-08,2.2205543130156724,5.412157198368491,924.3303740254912,923.3219967107289,925.937364612706,2.6153679019771516,2.5,0.0490677749881899,2
2024-02-01,2024-01-25,2024-02-08,3.289795474717994,5.263877540972865,890.4098104655964,888.3508884874173,892.9849973237142,4.634108836296946,4.75,0.0853815036370468,2
2024-02-01,2024-01-25,2024-02-08,12.415257543399177,5.024360935104245,882.3772340402827,875.7483882964589,889.0774306831881,13.32904238672927,5.75,0.1491019912014289,2
2024-02-01,2024-01-25,2024-02-08,2.520495038016309,8.113768560009072,925.2348635298434,924.5349156223238,926.4071175903082,1.872201967984438,1.75,0.0456449085339082,2
2024-02-01,2024-01-25,2024-02-08,2.3764435412334795,17.808210832750657,922.4801559512084,921.7261927053332,923.5526359402576,1.826443234924227,4.25,0.0758406106836021,2
2024-02-01,2024-01-25,2024-02-08,5.7171923534772,9.165366689513988,953.212527209236,952.0798452254384,954.5920994342304,2.512254208792001,8.25,0.1158315181092892,2
2024-02-01,2024-01-25,2024-02-08,2.0393850648080796,16.963796350763964,947.4250575849472,947.0391448875888,947.991911042016,0.9527661544270812,1.5,0.0355822795726015,2
2024-02-01,2024-01-25,2024-02-08,5.108990593270684,14.640364617637918,948.772192649722,947.0391448875888,950.63211571984,3.5929708322510123,2.5,0.0675965294561983,2
2024-02-01,2024-01-25,2024-02-08,7.1045620462021315,6.160364118036974,947.4081712753056,944.9242086610756,949.412017150782,4.487808489706367,5.75,0.088577452440497,2
2024-02-01,2024-01-25,2024-02-08,5.735277813341071,5.432438616442377,948.6430544108606,947.0391448875888,950.8642844660208,3.8251395784318447,5.25,0.0962957731762124,2
2024-02-01,2024-01-25,2024-02-08,2.1660604326774524,6.9226333984716595,934.4242844201772,933.3168621505612,935.8627272900194,2.5458651394583285,4.25,0.0606459537606074,2
2024-02-01,2024-01-25,2024-02-08,2.170333082064278,14.467160924892465,1221.0790431848452,1219.5606020763516,1223.0682190642692,3.5076169879175723,2.25,0.0439788753335368,2
2024-02-01,2024-01-25,2024-02-08,2.6599135692759814,13.27106327012486,1242.077527340162,1240.9741546874866,1243.5635088845156,2.5893541970290244,2.0,0.0652049206576753,2
2024-02-01,2024-01-25,2024-02-08,2.225289105758665,10.195970794917134,1264.5777367438382,1264.2374688028358,1265.6366599639878,1.3991911611519754,3.0,0.0464436121994029,2
2024-02-01,2024-01-25,2024-02-08,2.2963479568400884,20.61776944844799,1247.4337099539146,1247.0800157925114,1248.0088623752818,0.9288465827703476,1.5,0.0282013934188931,2
2024-02-01,2024-01-25,2024-02-08,4.707963519298222,6.179226440905625,1252.3982136459324,1250.587656618096,1254.303526401054,3.71586978295818,4.25,0.0846555018766454,2
2024-02-01,2024-01-25,2024-02-08,4.862884812329504,8.0729784138527,1217.6686920645736,1214.141283870209,1219.5489377696067,5.407653899397701,3.5,0.1159736363460018,2
2024-02-01,2024-01-25,2024-02-08,3.444941525678453,4.879136138321079,1168.720477620596,1166.5201552682556,1170.9387187580578,4.418563489802182,2.5,0.0711539325832976,2
2024-02-01,2024-01-25,2024-02-08,3.737373502262748,7.121060511985507,1162.0602037099738,1160.9069732003843,1163.4638633565046,2.556890156120062,5.75,0.0749881143444513,2
2024-02-01,2024-01-25,2024-02-08,4.023053919021245,12.696248400510004,1144.9574896931829,1143.3369381660596,1146.8468150687404,3.509876902680844,3.25,0.0715068361676127,2
2024-02-01,2024-01-25,2024-02-08,2.3978875118979386,5.646983703559286,1201.11204218867,1200.2004104549997,1202.0598616315983,1.859451176598668,3.0,0.0571214544833409,2
2024-02-01,2024-01-25,2024-02-08,3.4947500277286063,6.192388947558341,1185.1772695419738,1183.7140989513136,1187.0615183208138,3.3474193695001304,4.0,0.0722897374619427,2
2024-02-01,2024-01-25,2024-02-08,2.193433618994826,8.556413094984547,1182.1080172364923,1180.5793163026683,1183.167485624086,2.5881693214178085,3.0,0.0644065950393376,2
2024-02-01,2024-01-25,2024-02-08,2.036721181707024,17.653136508591864,1265.087448559215,1263.7859763191082,1266.3646292644553,2.5786529453471303,1.75,0.0590690503326995,2
2024-02-01,2024-01-25,2024-02-08,2.065535459590299,7.10103221286893,1342.9664406498212,1341.646354636643,1344.7576919314452,3.1113372948020697,2.0,0.0509857250668509,2
2024-02-01,2024-01-25,2024-02-08,4.037565739343185,12.00564913389596,1335.708706556478,1333.3666886705903,1338.1567979725078,4.790109301917255,1.25,0.0780067040425669,2
2024-02-01,2024-01-25,2024-02-08,2.1560627986754617,12.740320200509082,1323.3173425030536,1322.8702627629973,1324.5517155076377,1.68145274464041,1.25,0.0361629806265864,2
2024-02-01,2024-01-25,2024-02-08,2.541177841563516,11.244883362214164,1322.6231541597465,1322.1573802670464,1323.5693979044445,1.412017637398094,1.0,0.042647455108664,2
2024-02-01,2024-01-25,2024-02-08,11.202915579818145,12.785504673518812,1317.768908843075,1313.5325061250478,1320.9579147985205,7.4254086734727025,4.0,0.1948216534054556,2
2024-02-01,2024-01-25,2024-02-08,5.986870559212543,5.262759097326649,100.78994075457727,98.5503193656914,103.34397150576116,4.793652140069753,3.75,0.0628021422840576,2
2024-02-01,2024-01-25,2024-02-08,7.083072581949648,8.129541243312778,113.04299244559829,112.82553360331804,113.4865522608161,0.6610186574980617,1.0,0.2905841738826854,2
2024-02-01,2024-01-25,2024-02-08,2.3443180335916693,7.506425281772847,111.22529306504184,111.12589091667904,111.57168196467684,0.4457910479977727,0.75,0.09892771686285,2
2024-02-01,2024-01-25,2024-02-08,2.0494826809160713,4.627470249172936,583.8002872421332,559.8097425503656,653.2448873319663,93.43514478160068,2.25,0.0707175011980282,2
2024-02-01,2024-01-25,2024-02-08,4.173759184596553,5.59859889635745,569.6636776732103,555.0708531155251,640.0672937938944,84.99644067836925,3.5,0.1250146684748085,2
2024-02-01,2024-01-25,2024-02-08,4.470722587783203,5.307402768260361,560.8821043459336,557.4282764638774,562.5201207413338,5.091844277456403,2.25,0.0864103692853391,2
2024-02-01,2024-01-25,2024-02-08,2.58080166119653,5.717574528403268,548.0487722715518,546.5493876379915,550.0908012404107,3.5414136024191976,2.5,0.0550124599922602,2
2024-02-01,2024-01-25,2024-02-08,3.597954279085386,3.282637852881744,526.0814787314403,464.3855469860137,536.1658151270822,71.78026814106852,1.0,0.0710671192088693,2
2024-02-01,2024-01-25,2024-02-08,6.403441448739471,3.626001781342808,511.38206806440087,446.2869705152698,525.559513032902,79.27254251763225,1.25,0.07572849564399,2
2024-02-01,2024-01-25,2024-02-08,2.7907426920093577,11.175765636747451,1139.5736028130873,1138.684783414472,1141.4742837236265,2.7895003091543913,3.75,0.0719444360622767,2
2024-02-01,2024-01-25,2024-02-08,7.328420078763946,3.711229108143212,1440.5137453535283,1433.0350566022098,1447.9660290949978,14.930972492787989,1.5,0.0964020594160212,2
2024-02-01,2024-01-25,2024-02-08,32.65250346271236,6.370096313349825,1361.557914083675,1353.1079507283866,1372.0699484064244,18.961997678037733,6.5,0.1994144177183638,2
2024-02-01,2024-01-25,2024-02-08,5.724953882489105,13.82360113133784,1023.1756665033164,1021.6610340895132,1024.7382480315864,3.0772139420732856,3.75,0.0800664218051222,2
2024-02-01,2024-01-25,2024-02-08,2.2411578343277294,14.752164483175012,1019.9910550457708,1019.605985646136,1020.5343817812392,0.9283961351029576,3.0,0.0660903277202436,2
2024-02-01,2024-01-25,2024-02-08,5.416218191748854,5.8744271059289765,1139.4215947459138,1137.4249040931463,1141.4742837236265,4.049379630479962,5.25,0.0919511727643621,2
2024-02-23,2024-02-21,2024-02-26,4.7175916692545075,7.395120070625323,110.80645061911844,110.4535213871859,111.57168196467684,1.1181605774909258,1.5,0.0495537889765028,2
2024-02-23,2024-02-21,2024-02-26,3.0777473239041933,7.903458354979393,111.493250155407,111.34104273514822,111.7868340490386,0.4457913138903677,1.0,0.1847673449183964,2
2024-02-23,2024-02-21,2024-02-26,8.882504282583838,8.039673076677154,112.57460714274151,112.36921115079896,113.05617283284664,0.6869616820476949,1.75,0.0228044712510516,2
2024-02-23,2024-02-21,2024-02-26,3.2778677939835004,9.650676624144216,112.77209370989014,112.5844390457496,113.27136257989332,0.6869235341437161,0.5,0.0180464247210805,2
2024-02-23,2024-02-21,2024-02-26,2.01128363512347,7.440977412354258,111.24614781743487,111.12589091667904,111.57168196467684,0.4457910479977727,0.75,0.0728636749086088,2
2024-02-23,2024-02-21,2024-02-26,2.113698984995647,7.497156153755924,111.55619481951,111.55619481950998,111.7868340490386,0.2306392295286059,0.75,0.0870488084505828,2
2024-02-23,2024-02-21,2024-02-26,2.995587287767292,3.6620585077449177,432.5152915250158,431.7950533670373,433.4454526915215,1.6503993244841697,1.0,0.0730640261546766,2
2024-02-23,2024-02-21,2024-02-26,41.50230465936384,8.38307578011888,113.22489109419485,112.36921115079896,114.56473975162952,2.1955286008305848,2.75,0.1821123815966867,2
2024-02-23,2024-02-21,2024-02-26,2.2543900682042444,4.418407521896193,433.8993366256736,433.5208912170492,434.46572018601,0.9448289689607918,0.75,0.0207418975140644,2
2024-03-02,2024-02-26,2024-03-07,2.587032379982246,3.2936526306428515,435.68296187251616,435.4834975954145,436.1899333400652,0.706435744650662,0.75,0.2551098508309684,3
2024-03-02,2024-02-26,2024-03-07,3.7549046783982543,5.249943951094642,144.6419019942009,144.52924920944497,144.98540143901482,0.4561522295698523,0.75,0.0713898615036364,3
2024-03-23,2024-03-21,2024-03-25,3.0112469418747883,6.72289327125784,1803.8827151951205,1803.3837459939532,1804.58598935185,1.2022433578968048,1.0,0.1618515422163854,3
2024-03-23,2024-03-21,2024-03-25,2.2781949196819657,3.97058987668488,2357.4809743547185,2271.160790442489,2445.5655590016395,174.4047685591504,0.75,0.1129609648042901,3
2024-03-23,2024-03-21,2024-03-25,3.614999498364276,3.9813234434920255,2384.322857870736,2270.140388089698,2442.6188064171,172.47841832740232,0.75,0.0234636188085208,3
2024-04-02,2024-03-25,2024-04-11,2.1218463157787455,3.2143653836747337,2411.85097887542,2411.079632272478,2414.0830961288884,3.003463856410235,0.75,0.078739813089521,4
2024-04-02,2024-03-25,2024-04-11,8.629491317996736,4.558023133569634,2409.576039081071,2408.384243803099,2410.5880005010404,2.2037566979415715,3.75,0.2841180003198015,4
2024-04-02,2024-03-25,2024-04-11,2.7557217394800455,3.6354844865960585,2222.356652060059,2220.3075602701865,2224.213759661652,3.906199391465634,0.75,0.171940974721127,4
2024-04-02,2024-03-25,2024-04-11,2.0217016091212767,6.449110561744173,929.29483802042,929.0275076599792,929.7258986560628,0.6983909960836172,0.75,0.0532469832056227,4
2024-04-02,2024-03-25,2024-04-11,2.3114577093645816,4.101000427810422,866.3346675035167,866.1956970905885,866.682753985282,0.4870568946935236,1.0,0.2284224434826728,4
2024-04-02,2024-03-25,2024-04-11,2.2268771145137776,3.1956848690452015,2437.8783835355507,2437.5171894622035,2438.6241991193965,1.1070096571929753,0.75,0.0874803870850726,4
2024-04-02,2024-03-25,2024-04-11,4.938281064761442,3.7558052140718026,96.15710336421682,42.86993162659928,116.00571954017504,73.13578791357577,2.25,0.0510528490579816,4
2024-04-02,2024-03-25,2024-04-11,2.256159532373188,3.2050547770328195,1442.9534968245416,1439.390139969997,1447.017692593392,7.627552623394877,1.25,0.0504130454861802,4
2024-04-02,2024-03-25,2024-04-11,2.22801070632691,8.068698690652479,111.3087425247719,111.12589091667904,111.7868340490386,0.6609431323595345,0.75,0.3489606761915902,4
2024-04-02,2024-03-25,2024-04-11,4.997041597866519,3.2288101452584654,599.8145986387801,578.6514820698649,689.4272599029355,110.7757778330706,1.25,0.0676737541800069,4
2024-04-13,2024-04-11,2024-04-16,2.9408393006579394,7.250548592168974,110.55537793592976,110.4535213871859,110.89935070928186,0.4458293220959604,1.25,0.0203096555786536,4
2024-04-13,2024-04-11,2024-04-16,3.6966705793345778,8.180541309594778,112.72479265819923,112.5844390457496,113.05617283284664,0.4717337870970368,1.0,0.0140396317832057,4
2024-04-13,2024-04-11,2024-04-16,3.0630215856968657,8.07412353192539,111.54881966442062,111.34104273514822,112.00198600441216,0.660943269263953,0.75,0.014631651912752,4
2024-04-13,2024-04-11,2024-04-16,5.565928306708552,8.590602946406456,111.5804645146939,111.34104273514822,112.00198600441216,0.660943269263953,1.0,0.0223632885003765,4
2024-04-13,2024-04-11,2024-04-16,22.057829082408983,8.121438336321038,113.02428456535606,112.5844390457496,113.7017419571057,1.1173029113560915,2.0,0.0323064219105277,4
2024-04-13,2024-04-11,2024-04-16,3.1731841072889093,9.233673481625342,111.42104379676096,111.34104273514822,111.7868340490386,0.4457913138903677,1.0,0.0201122531004107,4
2024-04-21,2024-04-16,2024-04-26,2.1097890734570632,4.9803451954056674,867.8958697895711,867.7708902982995,868.239835201297,0.4689449029974639,0.75,0.1271683275190988,4
2024-04-29,2024-04-26,2024-05-02,2.084897911208263,4.059235147378493,2409.467338339134,2409.1006304351613,2409.8657991136424,0.7651686784811318,0.75,0.0206345475870273,4
2024-04-29,2024-04-26,2024-05-02,2.4734039273684605,3.314324536966886,2407.670561831916,2406.951674044132,2408.6148830326274,1.663208988495171,1.25,0.0436491082352333,4
2024-04-29,2024-04-26,2024-05-02,4.363530468828258,5.077715356918786,2409.239282118172,2408.384243803099,2410.5880005010404,2.2037566979415715,1.5,0.0719618605994244,4
2024-05-05,2024-05-02,2024-05-09,12.192172613534742,3.891531257656948,2357.277910633981,2270.140388089698,2445.084203442093,174.94381535239518,1.0,0.3010961393844863,5
2024-05-05,2024-05-02,2024-05-09,3.103789952506416,3.4829152683433855,2438.7941032105455,2438.1014617746696,2439.659161571879,1.5576997972093525,1.0,0.2595940125060327,5
2024-05-05,2024-05-02,2024-05-09,3.8057260326248823,3.8376942143626582,2386.051025562098,2270.140388089698,2442.6188064171,172.47841832740232,0.75,0.1651575439840456,5
2024-05-05,2024-05-02,2024-05-09,5.953860031187224,3.780267316725098,2374.2053946855585,2270.6505893282592,2445.084203442093,174.43361411383376,0.75,0.3191988243961208,5
2024-05-05,2024-05-02,2024-05-09,3.515569773318346,3.639259366231984,2414.8886279845383,2275.894575821236,2451.0033139646985,175.1087381434627,1.0,0.2323926534845182,5
2024-05-05,2024-05-02,2024-05-09,3.5658450891690654,3.624802240583466,2450.1340052415035,2449.1895532421768,2451.464190263767,2.274637021590024,1.0,0.2536273010998757,5
2024-05-05,2024-05-02,2024-05-09,2.0191517771192236,3.876360415014319,2102.859814277316,2095.4631501184776,2108.2970138951205,12.83386377664283,1.0,0.0404958512661912,5
2024-05-26,2024-05-24,2024-05-29,2.3801939657448443,3.509083828832156,432.0182235655848,431.29029387841,432.7313642660156,1.4410703876055777,0.75,0.1316492723565359,5
2024-05-26,2024-05-24,2024-05-29,3.500209777229814,7.1095434028778755,110.63478947034916,110.4535213871859,111.35653014620766,0.903008759021759,1.5,0.106597771286987,5
2024-05-26,2024-05-24,2024-05-29,10.02891098790762,5.501386069786638,140.6418143747709,137.36795760318637,146.57858125818893,9.210623655002564,1.0,0.2606168843884896,5
2024-05-26,2024-05-24,2024-05-29,2.476441446021353,12.329542554712337,2307.3987296065393,2306.343100196682,2308.776803323999,2.4337031273171306,1.0,0.0280838018506923,5
2024-06-02,2024-05-29,2024-06-07,2.1093864926819217,3.6141959469602902,1025.8327749487578,1022.595745802857,1029.9365896098316,7.34084380697459,1.5,0.0508494115723952,6
2024-06-02,2024-05-29,2024-06-07,2.072328130858761,3.5462984258387893,1041.467057510814,1037.1747787846252,1044.9912147698924,7.816435985267162,1.25,0.0477476789940669,6
2024-06-02,2024-05-29,2024-06-07,4.55637311801979,4.907206600975809,2409.73315249524,2408.384243803099,2410.5880005010404,2.2037566979415715,2.5,0.1359626117052904,6
2024-06-09,2024-06-07,2024-06-11,4.947055215310592,11.50800712936271,2092.5619405309476,2091.997096040286,2093.317331327591,1.3202352873049676,0.75,0.158110263825681,6
2024-06-09,2024-06-07,2024-06-11,4.421915059989204,6.604074691617769,1832.548984734797,1804.5689139519816,1977.2387542980723,172.6698403460905,0.75,0.0609944307563927,6
2024-06-09,2024-06-07,2024-06-11,2.6084506920324197,3.304122660213185,2429.6126460645355,2284.071795569267,2455.7720361412503,171.70024057198316,1.0,0.1792998757142567,6
2024-06-24,2024-06-21,2024-06-27,3.1286952990678327,3.676380145136995,432.02429703905904,431.29029387841,432.9693935154937,1.6790996370837092,1.25,0.1630368369046809,6
2024-06-30,2024-06-27,2024-07-03,2.4320260963948814,9.1986420692062,111.72476967950615,111.55619481950998,112.00198600441216,0.4457911849021911,0.75,0.0901320373389696,6
2024-06-30,2024-06-27,2024-07-03,3.3152273129806185,9.315267513596083,111.42501765042316,111.34104273514822,111.7868340490386,0.4457913138903677,0.75,0.0160171844329682,6
2024-06-30,2024-06-27,2024-07-03,2.435357680065422,7.147058858347227,110.60369035314318,110.4535213871859,111.11454082094131,0.6610194337554276,1.0,0.0610372394417403,6
2024-06-30,2024-06-27,2024-07-03,2.921504814046556,3.129916371213682,2158.678243603859,2157.5936440918595,2159.828934383113,2.2352902912534773,0.5,0.2126544677356328,6
2024-06-30,2024-06-27,2024-07-03,2.1054732368745097,7.685814069336149,111.4771001745537,111.34104273514822,111.7868340490386,0.4457913138903677,0.75,0.0955126313064188,6
2024-07-06,2024-07-03,2024-07-10,2.315729551514103,6.677684289729352,1883.0916301359543,1881.1955941608176,1885.0329073406756,3.837313179858029,4.0,0.0667362247248582,7
2024-07-06,2024-07-03,2024-07-10,6.870887950371773,4.134788963006153,433.34205401135046,431.7950533670373,434.7339070173912,2.938853650353849,1.75,0.1188532834035241,7
2024-07-06,2024-07-03,2024-07-10,5.567032492019921,10.298927095725492,1822.954032888829,1797.046729028225,1828.8051979439333,31.758468915708363,4.0,0.0942057772731697,7
2024-07-06,2024-07-03,2024-07-10,3.886822187655776,5.407039452668722,1804.1803224354005,1803.7550829132088,1804.6938551836647,0.9387722704559563,1.0,0.1009748009767751,7
2024-07-06,2024-07-03,2024-07-10,2.5367530279450095,5.230956489087325,1873.4876287448808,1813.855827313848,1958.845308877062,144.9894815632142,0.75,0.0692427667327095,7
2024-07-06,2024-07-03,2024-07-10,3.9728393189476994,8.127443404131206,2161.527426172242,2159.079698825255,2164.889547756873,5.809848931618035,2.25,0.1112828890835705,7
2024-07-06,2024-07-03,2024-07-10,4.3393434481472095,14.545647675542272,1843.2782736312183,1804.642412363086,1965.8952843244188,161.25287196133286,3.75,0.0772039793300381,7
2024-07-06,2024-07-03,2024-07-10,4.5732202182005155,14.456941315191294,1859.465443712364,1804.5689139519816,1978.08590819221,173.5169942402281,2.5,0.0496840021645607,7
2024-07-06,2024-07-03,2024-07-10,3.0250806252021065,11.47375413628997,1877.7459548898064,1804.5689139519816,1978.08590819221,173.5169942402281,1.25,0.0403946239847022,7
2024-07-06,2024-07-03,2024-07-10,2.8873637501778955,5.186005771684586,2411.327430289685,2409.1006304351613,2413.3547335327603,4.254103097599,2.5,0.0925903199088271,7
2024-07-06,2024-07-03,2024-07-10,8.276275756305553,7.892708314159903,2343.053063948893,2332.2311777402647,2359.6499069337733,27.418729193508625,5.5,0.1088849978286558,7
2024-07-06,2024-07-03,2024-07-10,2.2778553610762926,14.355080514833013,1835.530415050969,1802.7954707210883,1963.4455603486856,160.65008962759748,2.5,0.1083899828812127,7
2024-07-06,2024-07-03,2024-07-10,3.345570210017401,15.882251337712203,1874.5434776874724,1802.0865495526232,1978.509485075716,176.42293552309275,1.0,0.042575684574294,7
2024-07-06,2024-07-03,2024-07-10,2.215108171229006,14.452058016209037,1839.011691711744,1804.024522638414,1977.2387542980723,173.21423165965825,1.25,0.0381065141874028,7
2024-07-06,2024-07-03,2024-07-10,2.5487860531475905,6.675413425433887,2432.0113588967693,2420.380663195625,2438.1698800507,17.78921685507521,3.0,0.0699716141571658,7
2024-07-06,2024-07-03,2024-07-10,4.242494749059128,5.377090388060836,2430.6513766855637,2287.5986551437527,2447.764120310545,160.16546516679227,5.5,0.078618363721922,7
2024-07-14,2024-07-10,2024-07-18,4.100720526368855,18.378555399651457,2212.5391315683582,2210.139023126103,2214.675311553292,4.5362884271889925,1.75,0.1158806229981978,7
2024-07-14,2024-07-10,2024-07-18,6.837509091496898,13.885048793456114,2228.2294559794223,2227.266952158883,2229.4044528887607,2.1375007298775017,1.0,0.3443469886869353,7
2024-07-14,2024-07-10,2024-07-18,2.258633772367763,14.49156641555608,2207.676150082974,2205.699248746969,2209.466933400836,3.767684653867036,2.5,0.0930950953465068,7
2024-07-14,2024-07-10,2024-07-18,6.651245311008055,4.459334989608224,2410.6892369421344,2408.384243803099,2412.626441953704,4.242198150604963,3.0,0.1927789752593063,7
2024-07-14,2024-07-10,2024-07-18,4.8119605353466985,16.632513419405722,2239.8005992674343,2230.1054500285536,2248.9816575432196,18.87620751466602,2.0,0.1262416995692425,7
2024-07-14,2024-07-10,2024-07-18,2.564434924871107,14.642354535982475,1860.23061980011,1802.0865495526232,1978.509485075716,176.42293552309275,1.0,0.0345477363433688,7
2024-07-14,2024-07-10,2024-07-18,2.433478777582067,13.838446212562326,1895.0204336327745,1804.782493354753,1977.6623311694711,172.87983781471848,2.0,0.0739158901240375,7
2024-07-14,2024-07-10,2024-07-18,4.243584750057879,11.336284867266675,1884.5048786497864,1804.782493354753,1978.08590819221,173.30341483745724,2.75,0.0475024604240417,7
2024-07-14,2024-07-10,2024-07-18,3.035603424729735,14.257528555780343,1864.4268712195492,1805.244652860798,1965.5319364159368,160.28728355513886,4.5,0.0568369980552062,7
2024-07-14,2024-07-10,2024-07-18,3.0414000228256697,10.66809638083,2331.385425431885,2327.719092044048,2339.8856945792213,12.166602535173295,3.75,0.0656365405336732,7
2024-07-14,2024-07-10,2024-07-18,5.576666350297138,8.017923476318739,2342.590652948472,2333.2766432473436,2359.1654481329024,25.888804885558784,5.25,0.1047318404971362,7
2024-07-14,2024-07-10,2024-07-18,3.1713276921304336,7.882876118550132,2161.5675153482116,2159.079698825255,2164.36874467507,5.289045849815011,2.5,0.0600026824653382,7
2024-07-14,2024-07-10,2024-07-18,2.941263619180465,6.941155584230183,2430.9922214399085,2418.908120942302,2438.1698800507,19.26175910839811,2.75,0.0675060318403849,7
2024-07-14,2024-07-10,2024-07-18,3.0479384720033837,14.57363336782145,1873.982053702783,1867.801224287599,1883.4275304148905,15.626306127291173,3.0,0.0747228077232173,7
2024-07-14,2024-07-10,2024-07-18,2.4418640703902312,6.877994601400382,2119.9616187778306,2116.581072068773,2125.55551052792,8.974438459146768,2.25,0.1188327863740272,7
2024-07-14,2024-07-10,2024-07-18,3.486643174130291,14.337025524873292,2076.0202455407248,2071.3361156713217,2092.2277352698147,20.89161959849298,4.0,0.061926598815496,7
2024-07-14,2024-07-10,2024-07-18,2.0930849119388397,16.250627889278263,2275.0795064633016,2274.0315899373963,2276.532137964852,2.5005480274558067,3.75,0.0601876506289064,7
2024-07-14,2024-07-10,2024-07-18,2.7395331719594327,4.823141611340477,2188.5171394305735,2187.4425129322335,2194.2222223277204,6.7797093954868615,1.25,0.1218131864356961,7
2024-07-14,2024-07-10,2024-07-18,7.149202845675468,5.169948274756857,2429.4886484416593,2286.7580765718594,2450.746719697956,163.98864312609658,6.0,0.0857297538045379,7
2024-07-14,2024-07-10,2024-07-18,2.1368085168561475,4.19872424137031,2222.370055159128,2220.753014704678,2224.213759661652,3.46074495697394,1.5,0.1407173864089568,7
2024-07-14,2024-07-10,2024-07-18,9.896588995101313,18.875122580973912,2262.8136856102155,2203.826662388165,2359.506648998242,155.67998661007732,6.25,0.1120612538120159,7
2024-07-14,2024-07-10,2024-07-18,5.460587759488265,10.647509071941958,1822.8930895992437,1797.046729028225,1828.8051979439333,31.758468915708363,5.5,0.0917435011506167,7
2024-07-14,2024-07-10,2024-07-18,6.426547578671335,13.82176607564658,1812.611412528752,1810.7736200750803,1814.437982768286,3.664362693205476,4.5,0.0894800090968261,7
2024-07-14,2024-07-10,2024-07-18,2.279110038484928,5.254439856450962,2410.3322471364636,2409.1006304351613,2412.032612212468,2.931981777306646,2.5,0.0895083145185122,7
2024-07-14,2024-07-10,2024-07-18,4.422849552487446,13.051678617132334,2079.296331602017,2072.734734089579,2086.004955469165,13.270221379585564,4.0,0.1028761788427879,7
2024-07-21,2024-07-18,2024-07-25,4.161884896843694,4.9624013577168204,2409.8129234101807,2409.1006304351613,2411.310271502007,2.2096410668455064,1.75,0.129240410860482,7
2024-07-27,2024-07-25,2024-07-29,2.9685500274877277,4.647452833285454,795.957033452751,795.9178221784532,796.3827043860219,0.4648822075687349,1.0,0.2137612110982776,7
2024-07-27,2024-07-25,2024-07-29,2.202048801455023,6.569446844701123,865.1637743162111,864.9874463728629,865.4563629510812,0.4689165782183409,0.75,0.0177052079491068,7
2024-07-27,2024-07-25,2024-07-29,2.035660471890422,4.819295860859202,1417.0187634342512,1416.1938558090478,1417.9808497414924,1.7869939324446025,0.75,0.0455403922421528,7
2024-07-27,2024-07-25,2024-07-29,2.3780570932832616,12.129689080954316,2285.988598663143,2285.695918172132,2286.4889705618843,0.7930523897521198,0.5,0.071188699174577,7
2024-07-27,2024-07-25,2024-07-29,2.2620063521613525,11.522394284914611,1602.869725201945,1602.6804815041833,1603.5954377586022,0.9149562544189394,1.5,0.3121911498326458,7
2024-07-27,2024-07-25,2024-07-29,2.308703300365936,3.812647664540131,431.96459558700474,431.5568997245282,432.7313642660156,1.1744645414873958,0.75,0.1646974537203294,7
2024-08-02,2024-07-29,2024-08-07,2.7891061336964307,5.213667036400332,168.2164811136689,150.7043554605916,262.495231424924,111.79087596433236,1.75,0.0387977837244483,8
2024-08-02,2024-07-29,2024-08-07,3.2384815327569005,3.0805152984083413,2020.4799440661225,2019.1652177013457,2021.311837272253,2.1466195709072053,1.0,0.1780316168589502,8
2024-08-14,2024-08-07,2024-08-21,2.345278069384582,13.913009042542733,2439.166314887882,2438.8408428668045,2439.952964027412,1.112121160607785,1.0,0.0946321869719849,8
2024-08-14,2024-08-07,2024-08-21,5.461077983170627,13.22307739332824,1344.9440843037166,1344.292035351973,1345.7057122150436,1.4136768630705774,1.0,0.0777264542482524,8
2024-08-14,2024-08-07,2024-08-21,3.824881773833382,6.271434961043376,129.49953425320084,129.15583711583167,130.0765317864716,0.9206946706399322,2.0,0.0760994561352428,8
2024-08-28,2024-08-21,2024-09-05,3.2339310207583014,16.79942642066526,561.1890064840885,561.0994513309561,561.5527454065159,0.4532940755598247,0.75,0.0740197293677025,8
2024-08-28,2024-08-21,2024-09-05,4.495473406060837,4.470669992840419,572.157921705225,556.4446346117184,649.262741540093,92.81810692837462,1.5,0.1408377703709313,8
2024-08-28,2024-08-21,2024-09-05,2.9963558353398887,3.008118801043965,1876.135242929107,1813.425596383866,1961.465089583304,148.03949319943786,1.0,0.1982991098692155,8
2024-08-28,2024-08-21,2024-09-05,2.5240603745459773,3.802995382756931,2451.389805635484,2451.233551034238,2451.886198800057,0.6526477658189833,1.25,0.1073974510015054,8
2024-08-28,2024-08-21,2024-09-05,5.064853625194254,3.6971104543382594,2372.7502035144335,2273.2470436519943,2447.546211323235,174.29916767124087,1.25,0.2792240355264934,8
2024-08-28,2024-08-21,2024-09-05,2.0188733955691824,4.344092769280904,2438.952742150733,2438.393559889868,2439.659161571879,1.265601682011038,0.5,0.1153236701792604,8
2024-08-28,2024-08-21,2024-09-05,4.153450996817907,4.130986310163309,2441.351912394974,2440.891035671346,2441.875209069345,0.9841733979992568,1.0,0.1854422621975032,8
2024-08-28,2024-08-21,2024-09-05,2.0715458025922,4.015829389529606,2398.838247176458,2397.7220438984223,2400.777384846937,3.0553409485146403,1.5,0.1151717502108031,8
2024-08-28,2024-08-21,2024-09-05,2.816497655832551,6.018112544094486,133.3220820700171,133.09774230001494,133.75874120928347,0.6609989092685282,0.75,0.2067221929886908,8
2024-09-08,2024-09-05,2024-09-11,2.289004403771898,3.945650005390641,433.54570885576607,432.9767837487161,434.2276570117101,1.2508732629939914,1.0,0.1205835296319168,9
2024-09-08,2024-09-05,2024-09-11,2.542919744344531,3.343153061576177,437.68050039441334,437.17879033554345,438.390499482397,1.2117091468535364,0.75,0.1918662319504908,9
2024-09-08,2024-09-05,2024-09-11,2.144376308915247,4.907319520711673,2410.5611672246223,2409.635159884114,2412.032612212468,2.3974523283541203,0.75,0.0888301047923467,9
2024-09-08,2024-09-05,2024-09-11,3.431858688362865,13.88451064767802,2419.0410591350383,2266.257226638496,2439.952964027412,173.6957373889163,1.25,0.0525961097257043,9
2024-09-08,2024-09-05,2024-09-11,2.8413230859009357,12.636738960853425,2289.606435478818,2248.357441357337,2419.938927420415,171.58148606307805,1.0,0.0918408379831804,9
2024-09-08,2024-09-05,2024-09-11,2.8191315558337675,17.471233925701068,1496.7177475693395,1496.5153943877667,1497.2069266461767,0.6915322584100068,0.75,0.0568266567470646,9
2024-09-08,2024-09-05,2024-09-11,2.4775006566829627,6.3509063234929615,131.60320668686782,131.33890450559556,132.2150739757344,0.8761694701388478,1.0,0.313657532892586,9
2024-09-08,2024-09-05,2024-09-11,2.0697893118799175,6.271374674516257,70.19246268139715,69.40683162445202,71.14254911895841,1.735717494506389,0.75,0.1750939567467822,9
2024-09-11,2024-09-11,2024-09-11,2.472780913149697,6.55512780543722,811.8708502841025,811.5497764693573,812.2498538726941,0.7000774033367634,0.75,0.2066412084140657,9
2024-09-14,2024-09-11,2024-09-18,9.267965860914256,3.913350111229464,2358.445962629103,2270.6505893282592,2445.084203442093,174.43361411383376,1.0,0.13331545677577,9
2024-09-14,2024-09-11,2024-09-18,2.1585623513254784,3.415523810261573,437.7257472276524,437.17879033554345,438.390499482397,1.2117091468535364,1.0,0.1125187252399714,9
2024-09-14,2024-09-11,2024-09-18,4.728183775870609,5.403946494558994,1416.0879329191755,1415.1041245427914,1417.3619809551165,2.2578564123250544,1.0,0.0568921585722123,9
2024-09-14,2024-09-11,2024-09-18,4.73534627714362,3.772358923405126,2349.042358531082,2270.6505893282592,2444.8351778564975,174.18458852823824,0.75,0.1689732632967658,9
2024-09-14,2024-09-11,2024-09-18,2.236934714715446,13.221588699069656,2438.508264672193,2437.8093381687067,2439.071482096333,1.2621439276263118,1.25,0.0793121008758653,9
2024-09-14,2024-09-11,2024-09-18,4.2643665554943615,3.081046136726099,2020.2576049403149,2019.1652177013457,2021.311837272253,2.1466195709072053,1.0,0.0961052511562279,9
2024-09-14,2024-09-11,2024-09-18,5.6777768010684495,4.211622782185933,433.38641420322585,432.500725036487,434.46572018601,1.96499514952302,1.25,0.0980529707301105,9
2024-09-18,2024-09-18,2024-09-18,3.873746154197459,5.757993417360819,109.22358610024344,109.09569528372958,109.60711921937764,0.5114239356480539,1.25,0.1758422014271876,9
2024-09-21,2024-09-18,2024-09-24,3.2155830934512264,13.410468225703582,2438.482801467322,2438.1014617746696,2439.071482096333,0.9700203216634692,1.5,0.077717511714592,9
2024-09-21,2024-09-18,2024-09-24,2.5590518052539086,4.42686252729153,2433.1611184243193,2275.894575821236,2451.0033139646985,175.1087381434627,1.0,0.1051155583615434,9
2024-09-21,2024-09-18,2024-09-24,2.3096869766798753,14.029067289876412,1875.3862949994189,1874.7697888598775,1875.840819844976,1.0710309850983322,0.75,0.1390157617871453,9
2024-09-21,2024-09-18,2024-09-24,2.526032166979024,3.2000587969610153,2020.4246030032807,2019.8687527016737,2021.311837272253,1.4430845705792308,1.0,0.117086648417869,9
2024-09-21,2024-09-18,2024-09-24,4.121188028195297,5.518028186118655,1415.7164738650006,1414.6309407884255,1417.1252602548338,2.494319466408342,0.75,0.0569170340751463,9
2024-09-21,2024-09-18,2024-09-24,8.419508714462788,3.9614211978996634,2367.008743650427,2270.6505893282592,2445.084203442093,174.43361411383376,1.25,0.2276483128823864,9
2024-09-21,2024-09-18,2024-09-24,2.0103933676974894,4.3048042445375865,2270.33337772974,2270.140388089698,2270.881228557788,0.7408404680900276,0.75,0.1286427114315991,9
2024-09-21,2024-09-18,2024-09-24,2.9376893453806523,5.321545762252778,135.65270438533486,135.31525231571868,136.05003245640546,0.7347801406867802,1.0,0.041502896719937,9
2024-09-21,2024-09-18,2024-09-24,2.8119425310493606,3.8227779758820417,431.7639588146789,431.29029387841,432.5019998829812,1.2117060045711696,1.0,0.1189675361279697,9
2024-09-21,2024-09-18,2024-09-24,3.765709549703596,4.180406050673803,433.5558933211552,432.7387542859651,434.2276570117101,1.4889027257449925,1.25,0.0815976915043818,9
2024-09-28,2024-09-24,2024-10-03,4.3933082997526975,3.727123537934944,2374.973667242487,2270.140388089698,2444.586124241352,174.44573615165427,0.75,0.0170410495484105,9
2024-09-28,2024-09-24,2024-10-03,4.303589062867996,4.3000190989553655,2441.702981701493,2441.136298724916,2442.370970725082,1.2346720001660287,1.0,0.1971965181517135,9
2024-09-28,2024-09-24,2024-10-03,5.337130154829659,3.5375335989559473,2436.927399126745,2266.257226638496,2439.952964027412,173.6957373889163,1.25,0.2329818296684057,9
2024-09-28,2024-09-24,2024-10-03,3.606313624980229,4.843825580980761,2202.8467973546876,2202.5138423382305,2203.6778354272246,1.1639930889941752,1.25,0.2614243656216126,9
2024-09-28,2024-09-24,2024-10-03,3.792668392645121,4.002158555073656,2442.142078679944,2441.8924655849114,2442.6188064171,0.7263408321887255,0.75,0.0603967313275098,9
2024-09-28,2024-09-24,2024-10-03,13.581767052267708,8.101553538592807,113.16362923973848,112.82553360331804,113.7017419571057,0.8762083537876606,1.5,0.3239994734038992,9
2024-09-28,2024-09-24,2024-10-03,4.229338799107778,3.8205869786254536,2439.041473832279,2438.393559889868,2439.952964027412,1.559404137544334,1.25,0.1898451368602168,9
2024-09-28,2024-09-24,2024-10-03,2.18262840173064,3.238749866260892,437.4788440707932,437.17879033554345,437.91473979782313,0.7359494622796774,0.75,0.1176114878492111,9
2024-10-03,2024-10-03,2024-10-03,3.0245117535424746,6.393125450629328,811.9011477357071,811.7844955571927,812.2498538726941,0.4653583155013621,1.0,0.2095826215034655,10
2024-10-03,2024-10-03,2024-10-03,2.2306659404568583,4.549099987153197,2450.512123885874,2450.316387116909,2451.0033139646985,0.6869268477894366,0.75,0.0815102251394094,10
2024-10-06,2024-10-03,2024-10-09,5.771213942333153,3.7889571674747993,2376.060951137516,2270.6505893282592,2444.8351778564975,174.18458852823824,0.75,0.1329999179977409,10
2024-10-06,2024-10-03,2024-10-09,2.059964080701999,3.4764571741107426,2248.930768879707,2248.1152884298936,2249.824460100848,1.7091716709546745,1.25,0.0638472089714257,10
2024-10-06,2024-10-03,2024-10-09,2.2807729473298295,3.094062007174139,2398.018165035576,2395.104066703469,2402.240775370039,7.136708666570485,0.5,0.123185277661083,10
2024-10-06,2024-10-03,2024-10-09,2.9504269734294435,3.929439250601334,2442.091115544074,2441.8924655849114,2442.6188064171,0.7263408321887255,0.75,0.1034553195930519,10
2024-10-06,2024-10-03,2024-10-09,2.5986762014849973,13.74687113856919,2400.3982321412186,2266.257226638496,2439.952964027412,173.6957373889163,0.75,0.0341973003759515,10
2024-10-06,2024-10-03,2024-10-09,3.0612871786908107,4.578220311751891,2449.6926869235067,2449.1895532421768,2450.3399633155204,1.1504100733436644,1.25,0.0586085957689956,10
2024-10-06,2024-10-03,2024-10-09,3.2016530605857727,3.6430494123537183,2431.642217534582,2275.894575821236,2451.0033139646985,175.1087381434627,1.0,0.1249929891887478,10
2024-10-06,2024-10-03,2024-10-09,4.185037615899923,4.019902030185636,2437.0064703657513,2436.4823820614256,2438.0399773982354,1.5575953368097544,1.0,0.2023930856366949,10
2024-10-06,2024-10-03,2024-10-09,3.4518705623913735,4.426238456163907,557.2642596293426,556.4446346117184,558.8214574279264,2.376822816208005,1.0,0.0994100156786468,10
2024-10-06,2024-10-03,2024-10-09,2.810175834551172,3.4040044282423456,557.1837909144764,556.9550870480016,557.6900639445521,0.7349768965505064,0.5,0.1374335175839459,10
2024-10-06,2024-10-03,2024-10-09,2.521901591357589,3.309911780710418,437.41957053812183,437.17879033554345,437.91473979782313,0.7359494622796774,0.75,0.1925596391723698,10
2024-10-06,2024-10-03,2024-10-09,5.4851653677045205,3.960484512790367,433.60599040823246,432.7387542859651,434.7339070173912,1.99515273142606,2.0,0.1344076281389067,10
2024-10-06,2024-10-03,2024-10-09,2.059932367807939,6.983707420612994,112.93666264733812,112.82553360331804,113.27136257989332,0.4458289765752852,0.75,0.1222884535743717,10
2024-10-06,2024-10-03,2024-10-09,5.1127671953346,5.283755980658895,115.56330307413468,115.31299834512174,116.00571954017504,0.6927211950533092,1.0,0.2915136749909353,10
2024-10-06,2024-10-03,2024-10-09,3.1149557742059697,5.318479120004443,46.000955253126214,45.856347432825714,46.39806155767292,0.5417141248472035,0.75,0.296087578187499,10
2024-10-06,2024-10-03,2024-10-09,2.0021641599879088,3.716138152169093,431.73201968434785,431.29029387841,432.5019998829812,1.2117060045711696,1.0,0.096535812500186,10
2024-10-06,2024-10-03,2024-10-09,2.4274807737789468,5.445799411164593,742.3692191103071,718.6540297595784,763.9862868557684,45.332257096190006,1.0,0.0380299218333842,10
2024-10-06,2024-10-03,2024-10-09,2.0036356382723013,5.1820675461865955,865.8063619871198,865.7191771729849,866.1880762805231,0.4688991075381636,0.75,0.1339589342785795,10
2024-10-09,2024-10-09,2024-10-09,3.8947521986248503,6.303078415369189,811.979072282738,811.7844955571927,812.8412966607139,1.0568011035211384,1.25,0.2016373762433339,10
2024-10-12,2024-10-09,2024-10-16,3.573955229376402,3.904999618850024,560.3499517487679,557.829813614022,563.7015606486239,5.871747034601867,1.5,0.1346347313765245,10
2024-10-12,2024-10-09,2024-10-16,2.817427304906974,3.1026655982767135,1491.307066938043,1489.9528490304947,1493.2243795217946,3.2715304912999272,1.5,0.0657340767001924,10
2024-10-12,2024-10-09,2024-10-16,2.7080678114523415,4.7572193785757015,2154.4245410418594,2141.074107090477,2155.8204270009883,14.746319910511374,0.75,0.1290931649296028,10
2024-10-12,2024-10-09,2024-10-16,2.508665782573016,6.392381294955761,163.86968161433958,80.71314259944484,218.40090533625337,137.6877627368085,0.5,0.2287133473332315,10
2024-10-12,2024-10-09,2024-10-16,3.0126032735238386,4.975991470660346,96.18456191674775,45.856347432825714,116.00571954017504,70.14937210734934,1.0,0.1644282154086621,10
2024-10-12,2024-10-09,2024-10-16,2.493051506733929,4.15230027349103,557.5628406734083,556.4446346117184,558.8214574279264,2.376822816208005,1.0,0.0776785316159077,10
2024-10-12,2024-10-09,2024-10-16,4.923394513351326,4.1890370763959925,433.99236979514393,433.5208912170492,434.7339070173912,1.2130158003419638,1.5,0.0535802489585251,10
2024-10-12,2024-10-09,2024-10-16,9.281224733621784,3.8872573668700143,2357.428576120406,2270.6505893282592,2445.084203442093,174.43361411383376,1.0,0.2794351645533296,10
2024-10-12,2024-10-09,2024-10-16,2.268961393447403,3.738467130758505,431.93984958194386,431.29029387841,432.7313642660156,1.4410703876055777,1.0,0.0792356391199555,10
2024-10-12,2024-10-09,2024-10-16,3.0239622555781227,5.499675087506142,1415.6764740399178,1414.867532810662,1416.8885397077538,2.0210068970918655,0.75,0.0370616915122906,10
2024-10-12,2024-10-09,2024-10-16,3.693900602187938,13.957999655030854,2399.900864115543,2266.257226638496,2439.952964027412,173.6957373889163,1.25,0.0458255085344163,10
2024-10-12,2024-10-09,2024-10-16,3.1762827453376263,3.2217237948974886,437.7113074308483,437.17879033554345,438.390499482397,1.2117091468535364,0.75,0.1326471243907806,10
2024-10-12,2024-10-09,2024-10-16,2.707595462310266,19.57476808903801,1148.5839384225849,1147.3908356996253,1149.9475071295165,2.5566714298911393,2.0,0.0478995920889395,10
2024-10-16,2024-10-16,2024-10-16,3.249812838103641,8.325883567676287,112.47865432290992,112.36921115079896,112.8150782752782,0.445867124479264,1.0,0.1855708807139167,10
2024-10-18,2024-10-16,2024-10-21,6.431651682480611,4.472708342298341,573.9883252712427,556.4446346117184,649.630334738642,93.18570012692362,1.25,0.100571788960189,10
2024-10-18,2024-10-16,2024-10-21,2.257172730508507,3.3305647929642537,437.47439368232097,436.9409217340872,438.1526196761988,1.2116979421116412,1.0,0.1133550480343851,10
2024-10-18,2024-10-16,2024-10-21,2.3061339793489872,3.849461514689645,433.0612163810192,432.500725036487,433.9895938318223,1.4888687953352928,1.0,0.0925125452982446,10
2024-10-18,2024-10-16,2024-10-21,4.897876185377629,3.5878040120444465,236.0382576029368,211.15995562681928,288.0101304589771,76.85017483215779,0.75,0.1052506999098122,10
2024-10-18,2024-10-16,2024-10-21,3.341713345501609,16.25211653111481,1590.011202363003,1589.8580660130829,1590.543654417619,0.6855884045362473,1.25,0.2040424572678172,10
2024-10-18,2024-10-16,2024-10-21,2.1867392000381436,3.0404429745314183,2403.185619384541,2401.246270792559,2405.2239100080915,3.9776392155326903,0.75,0.107797314916311,10
2024-10-18,2024-10-16,2024-10-21,4.870655393931168,3.603252806719553,2411.950183755312,2409.635159884114,2414.8115301607177,5.176370276603848,1.5,0.0952491943002161,10
2024-10-18,2024-10-16,2024-10-21,3.2828426821644325,4.002672272857246,2436.99662477395,2436.7720536598936,2437.747828691732,0.975775031838566,1.25,0.2101459942504882,10
2024-10-18,2024-10-16,2024-10-21,3.391392458943997,5.509612567873348,1415.777988793838,1414.867532810662,1416.8885397077538,2.0210068970918655,1.0,0.0538402835403144,10
2024-10-18,2024-10-16,2024-10-21,2.2410528934782943,5.211661506994707,135.95310865185894,135.31525231571868,136.73866048641503,1.423408170696348,1.25,0.1681486805849747,10
2024-10-18,2024-10-16,2024-10-21,2.135042339296225,3.152693780372073,2159.007303898742,2158.111368898768,2159.828934383113,1.7175654843449593,0.5,0.1810419857497961,10
2024-10-18,2024-10-16,2024-10-21,2.959134180942222,5.7205355961556945,118.02737037246531,117.91795828938484,118.6103820516728,0.6924237622879446,0.75,0.2534296992876773,10
2024-10-18,2024-10-16,2024-10-21,3.8672046490499543,4.954879376311049,115.335281546488,115.08195746829732,115.77467869315296,0.6927212248556316,1.0,0.2334188521819571,10
2024-10-18,2024-10-16,2024-10-21,5.983836903766745,4.133822150029012,559.2406474522734,556.4446346117184,563.7015606486239,7.256926036905497,1.5,0.1270316806557864,10
2024-10-21,2024-10-21,2024-10-21,4.417276155505888,6.34792511812897,811.8605860972799,811.5497764693573,812.8412966607139,1.2915201913565395,1.25,0.2595513687867173,10
2024-10-25,2024-10-21,2024-10-29,4.62357735331791,4.2384446616030145,433.7803832992308,432.7387542859651,434.7339070173912,1.99515273142606,1.25,0.1075558871282333,10
2024-10-25,2024-10-21,2024-10-29,2.177664468913111,16.864609706345092,561.2015722972174,561.0994513309561,561.5527454065159,0.4532940755598247,0.5,0.1835636290231755,10
2024-10-25,2024-10-21,2024-10-29,2.403738194893198,5.187270079264484,865.997745916774,865.7191771729849,866.682753985282,0.9635768122971058,0.5,0.2126938396286435,10
2024-10-25,2024-10-21,2024-10-29,4.322997930630901,3.750136546972158,2389.3340778210113,2273.2470436519943,2447.546211323235,174.29916767124087,1.25,0.1865301306966342,10
2024-10-25,2024-10-21,2024-10-29,2.5457139386102696,14.821882068140445,1874.903176213633,1874.7697888598775,1875.420621552039,0.6508326921612024,1.0,0.0258912606562994,10
2024-10-25,2024-10-21,2024-10-29,2.568935849435358,5.558874007593599,1415.552573728234,1414.867532810662,1416.4244950385764,1.5569622279144824,0.75,0.0529253853627037,10
2024-10-25,2024-10-21,2024-10-29,6.00827186161954,5.084567937607387,2353.8634552059516,2271.6709916796535,2446.3195244050585,174.64853272540495,1.0,0.0227561860371153,10
2024-10-25,2024-10-21,2024-10-29,2.1177069182067805,4.798489746542179,2375.2995425850363,2274.439170308411,2449.8134269327857,175.37425662437454,0.75,0.0293246643158858,10
2024-10-25,2024-10-21,2024-10-29,5.1337553652217025,4.962371616859615,2410.058080613672,2409.1006304351613,2411.310271502007,2.2096410668455064,2.5,0.0818251865363259,10
2024-10-25,2024-10-21,2024-10-29,4.164517643648764,4.2370773074278585,2441.7708635607705,2441.136298724916,2442.370970725082,1.2346720001660287,1.0,0.2968733663873919,10
2024-10-25,2024-10-21,2024-10-29,2.059974344147713,4.536336641517347,2376.0258193822915,2274.439170308411,2449.8134269327857,175.37425662437454,0.75,0.115150290879452,10
2024-10-25,2024-10-21,2024-10-29,5.421856628993139,9.776482072770689,112.61831081790577,112.36921115079896,113.05617283284664,0.6869616820476949,1.0,0.0370730054326635,10
2024-10-25,2024-10-21,2024-10-29,5.117352879815702,15.49984724077918,95.94541697396102,95.7150821806863,96.4061563014984,0.691074120812118,0.75,0.0157255468272456,10
2024-10-25,2024-10-21,2024-10-29,22.766195960844783,15.137480587217254,66.44723717051993,28.394260443281382,94.82872399594636,66.43446355266497,1.5,0.0339615639159836,10
2024-10-25,2024-10-21,2024-10-29,13.651872729073297,15.030622787476435,91.323785147367,90.83791958820076,92.01756467111409,1.1796450829133391,1.5,0.0510456627252053,10
2024-10-25,2024-10-21,2024-10-29,6.834576686672864,13.624822000700735,79.64783419148235,79.41809231415391,80.10801559733227,0.6899232831783593,1.0,0.0173733512810624,10
2024-10-25,2024-10-21,2024-10-29,5.077064242603572,15.249678315269207,16.972749937668855,16.670165857765824,17.50492259534076,0.834756737574935,0.75,0.0169400405032348,10
2024-10-25,2024-10-21,2024-10-29,5.136405986567061,13.499966463189434,73.52719120151008,73.29767890973017,73.98724621580914,0.6895673060789704,0.75,0.0140690481480147,10
2024-10-25,2024-10-21,2024-10-29,27.308917542868773,8.33755534325752,113.18923440707388,112.36921115079896,114.349550221581,1.9803390707820656,2.25,0.5180929255018578,10
2024-10-25,2024-10-21,2024-10-29,2.0806593387676005,7.606313369316801,110.91841693562786,110.66871147975326,111.35653014620766,0.6878186664544046,1.0,0.1280932233256173,10
2024-10-25,2024-10-21,2024-10-29,14.810066828820212,14.692316129504976,90.45299315141176,89.15313405403867,91.75990307005122,2.6067690160125494,1.25,0.0260948699815025,10
2024-10-25,2024-10-21,2024-10-29,5.695353240152751,13.425099519008333,37.7850072086394,19.632532661780715,80.10801559733227,60.475482935551554,1.0,0.0159134826609967,10
2024-11-01,2024-10-29,2024-11-04,5.007704683705508,4.507381477813137,2438.0079676459036,2437.06169877341,2439.071482096333,2.0097833229228854,0.75,0.2665619302557552,11
2024-11-01,2024-10-29,2024-11-04,2.0424003267753217,3.0751723667732307,2443.915001428579,2286.3377874083817,2459.069723473396,172.73193606501445,0.5,0.0745546111062528,11
2024-11-01,2024-10-29,2024-11-04,10.877756761460848,13.3551925413108,70.34581433241101,69.52448364207521,71.30391689157113,1.7794332494959235,1.5,0.0199221692714491,11
2024-11-09,2024-11-04,2024-11-14,2.452183965055682,13.077872051857954,2438.7049631392924,2438.393559889868,2439.3653341131285,0.9717742232605816,1.0,0.1414779210587587,11
2024-11-09,2024-11-04,2024-11-14,2.419047450351233,3.752072280001402,2266.5188790332572,2266.257226638496,2267.0249296412803,0.7677030027844012,1.0,0.210850797875756,11
2024-11-09,2024-11-04,2024-11-14,2.4656325385294946,18.960040545609488,2246.1802068260117,2245.72927747434,2247.3868044968694,1.6575270225293934,1.0,0.2351631755117614,11
2024-11-09,2024-11-04,2024-11-14,5.7271335961875725,5.501463434597914,140.0990864453366,139.78906991472468,140.68902689497918,0.8999569802545011,0.75,0.0377935426932494,11
2024-11-09,2024-11-04,2024-11-14,13.11242429255003,5.592314885005341,135.71130262714672,134.8561733760871,136.73866048641503,1.8824871103279293,1.0,0.1431213814070618,11
2024-11-09,2024-11-04,2024-11-14,4.378714025906201,8.162882475475204,93.30415731127964,92.99614063231274,93.91197961568832,0.9158389833755792,0.5,0.3836718113898213,11
2024-11-09,2024-11-04,2024-11-14,11.590069300515808,5.466386772013839,128.5591343152676,63.849024653900415,136.73866048641503,72.88963583251461,1.0,0.234017541407033,11
2024-11-16,2024-11-14,2024-11-19,4.2654789284983785,3.4180870530727785,1163.693547287995,1162.7680021435954,1166.7507944977842,3.982792354188859,2.0,0.1251450053873905,11
2024-11-16,2024-11-14,2024-11-19,3.187458080905398,3.7937655994442143,2260.340518889258,2248.2677209051326,2265.9059456451796,17.638224740047008,1.25,0.0770550631180832,11
2024-11-16,2024-11-14,2024-11-19,2.6612336329061885,5.150039974823445,135.98053262809296,135.68791265040636,136.73866048641503,1.050747836008668,0.75,0.2427796572169519,11
2024-11-16,2024-11-14,2024-11-19,2.8726323613094444,8.305187427389123,113.13139085012362,113.04072335036471,113.4865522608161,0.4458289104513824,0.75,0.1916170095173932,11
2024-11-16,2024-11-14,2024-11-19,2.0506843113019153,8.187392855325271,113.4176631187266,113.25591303128748,113.7017419571057,0.4458289258182049,0.75,0.1667382072627701,11
2024-11-16,2024-11-14,2024-11-19,7.354131221133528,3.908324035718085,2235.0586925487264,2229.1425616806373,2243.5170029038563,14.374441223219035,1.25,0.1442152436720282,11
2024-11-16,2024-11-14,2024-11-19,3.220007330471659,4.416922210650495,557.4388157023152,556.4446346117184,558.8214574279264,2.376822816208005,1.0,0.0748610217638353,11
2024-11-16,2024-11-14,2024-11-19,4.263104612949995,3.868458169816856,2191.3535717098384,2181.215566091705,2204.379263877403,23.163697785697877,1.25,0.0767601588412445,11
2024-11-16,2024-11-14,2024-11-19,2.7666736432942116,3.7135007149554946,1031.0022507323308,1027.09100477444,1035.073765204288,7.9827604298479855,1.75,0.074085750148493,11
2024-11-16,2024-11-14,2024-11-19,4.590253559559084,3.858264198144231,1164.2833888757937,1163.0006130309775,1168.146557637956,5.145944606978446,1.25,0.0740879015804959,11
2024-11-16,2024-11-14,2024-11-19,6.8503024765794285,3.923414648785968,1994.309985587738,1981.172887795139,2002.868466671556,21.69557887641713,1.5,0.0857783363010113,11
2024-11-16,2024-11-14,2024-11-19,11.51283808237374,4.032918543656353,2021.338136183457,2006.2443622844296,2039.0864222389648,32.842059954535216,1.5,0.0920518639062465,11
2024-11-16,2024-11-14,2024-11-19,2.0842545430774924,3.5635904540631125,2059.7394089659074,2048.8117569242604,2069.0702151251025,20.258458200842146,1.0,0.057209274837924,11
2024-11-16,2024-11-14,2024-11-19,11.086781174315725,3.908698192626064,2129.3753652708137,2108.6644961829297,2155.4237728961743,46.75927671324462,1.5,0.1070415574078572,11
2024-11-16,2024-11-14,2024-11-19,2.9219422213453567,3.351016252493856,816.9279044816824,815.2053290088661,818.273857567925,3.0685285590589046,1.5,0.0460714969459249,11
2024-11-16,2024-11-14,2024-11-19,2.4396143000257946,3.8006053960669743,1160.9128876629718,1159.2509968951344,1163.2312522605062,3.980255365371704,1.5,0.0554163930691926,11
2024-11-16,2024-11-14,2024-11-19,2.3875148008489258,4.971262880336224,1417.0333284740384,1416.6579004782252,1417.5987015836872,0.9408011054620148,1.0,0.0366790974789776,11
2024-11-16,2024-11-14,2024-11-19,3.2098038509573135,4.0455919347502585,2440.888970942724,2440.645741989836,2441.3669379544444,0.7211959646083415,0.75,0.1332823535919817,11
2024-11-16,2024-11-14,2024-11-19,8.101590987695968,4.002967420137098,2368.8174083695963,2270.140388089698,2445.084203442093,174.94381535239518,0.75,0.2595720995180931,11
2024-11-16,2024-11-14,2024-11-19,2.214058705074844,3.8050951610302737,1146.800578087407,1144.2674282980151,1149.9475071295165,5.680078831501305,1.25,0.0511097589022872,11
2024-11-16,2024-11-14,2024-11-19,2.112068769261532,3.6254581682845504,932.3492933947576,929.6197792030872,935.16038904991,5.5406098468229175,1.0,0.053293493316317,11
2024-11-16,2024-11-14,2024-11-19,2.5487728490517,3.204126483410379,953.973862702354,952.73357178038,955.2793940287085,2.545822248328477,1.5,0.0573485714681281,11
2024-11-16,2024-11-14,2024-11-19,2.06167744187836,3.904009207155688,1017.9398948582688,1014.432800637558,1021.4252991988324,6.99249856127426,1.25,0.0549966301267567,11
2024-11-16,2024-11-14,2024-11-19,2.005132025593483,3.720425572100035,2451.344763900624,2451.022505306173,2451.886198800057,0.8636934938840568,1.0,0.1324106318364986,11
2024-11-16,2024-11-14,2024-11-19,2.218235639181414,4.35273311725766,557.1161024300428,556.4446346117184,558.8214574279264,2.376822816208005,1.0,0.0826289904016485,11
2024-11-16,2024-11-14,2024-11-19,2.736438166478581,5.2245699016379215,136.1092322031572,135.68791265040636,136.73866048641503,1.050747836008668,1.25,0.1586547342148511,11
2024-11-16,2024-11-14,2024-11-19,3.848862487723618,8.378295819911605,112.64531117458192,112.36921115079896,113.05617283284664,0.6869616820476949,1.0,0.199394951726568,11
2024-11-16,2024-11-14,2024-11-19,8.47152333840319,3.8014469090354814,432.8777202201796,431.0521513237618,434.46572018601,3.413568862248212,1.5,0.1753230395767859,11
2024-11-16,2024-11-14,2024-11-19,3.975350807177844,3.1729512486199125,437.74165610548255,437.4462203918956,438.390499482397,0.944279090501368,1.0,0.2025860683999926,11
2024-11-16,2024-11-14,2024-11-19,2.4561578789804592,13.56837177855926,2438.213284032271,2438.1014617746696,2438.6241991193965,0.5227373447269201,1.75,0.0256834704732184,11
2024-11-16,2024-11-14,2024-11-19,3.4472928349636898,3.919712352347734,2437.1517925077605,2436.7720536598936,2438.0399773982354,1.2679237383417783,1.25,0.1711210935412527,11
2024-11-16,2024-11-14,2024-11-19,4.918502655293023,3.7711225749424697,2349.1887417843204,2270.140388089698,2444.337042105384,174.19665401568636,0.75,0.1335440034661693,11
2024-11-16,2024-11-14,2024-11-19,2.579575813691586,4.979866991820125,2384.3535200097876,2274.439170308411,2449.8134269327857,175.37425662437454,0.75,0.1252469269009316,11
2024-11-16,2024-11-14,2024-11-19,2.0038870350324873,4.49793870393933,2449.3781472903797,2448.77712275926,2451.0033139646985,2.2261912054382265,0.75,0.1113437134343477,11
2024-11-16,2024-11-14,2024-11-19,2.889219358099068,5.320134267900774,1416.3458211936031,1415.4839315447025,1417.3619809551165,1.878049410413951,1.0,0.0527852639023388,11
2024-11-22,2024-11-19,2024-11-26,2.127836016569603,3.2167464518059106,2431.1925951879552,2284.071795569267,2455.9423311208375,171.87053555157036,1.0,0.1317470559721034,11
2024-11-22,2024-11-19,2024-11-26,2.6879116725857624,14.735775546676056,1874.8631479385208,1874.7697888598775,1875.420621552039,0.6508326921612024,1.25,0.0887739063640549,11
2024-11-22,2024-11-19,2024-11-26,2.2057188481948966,4.063023654252195,2431.202762632144,2429.7689912011847,2432.3919775979593,2.6229863967746496,0.5,0.1374792131748564,11
2024-11-22,2024-11-19,2024-11-26,2.773573158185753,11.32482756669391,2022.2996758841923,2019.8687527016737,2024.4364213431256,4.567668641451746,0.5,0.1204614135266045,11
2024-11-22,2024-11-19,2024-11-26,2.1576363348189207,3.3744471889580225,2412.68027312903,2411.8019729829393,2414.8115301607177,3.0095571777783334,0.75,0.2191458536070997,11
2024-11-22,2024-11-19,2024-11-26,5.377038237313067,4.654235885377365,2409.685488383155,2408.384243803099,2411.310271502007,2.926027698908001,3.0,0.2370640791004318,11
2024-11-22,2024-11-19,2024-11-26,2.688764461136944,5.284981167244817,867.5389093549256,867.1669114227407,868.0015295278281,0.8346181050874293,1.0,0.1421554365528722,11
2024-11-22,2024-11-19,2024-11-26,2.399280515184484,3.8074137060491497,868.5550758554325,867.7708902982995,870.6858685370535,2.9149782387539744,1.75,0.1553456393340878,11
2024-11-22,2024-11-19,2024-11-26,3.0489335072993775,5.0473997025112665,626.8069184839541,626.4319764724933,629.4988487642258,3.0668722917325795,1.5,0.1104415966874378,11
2024-11-22,2024-11-19,2024-11-26,2.256866556931308,6.107515136913734,1112.8732261114717,1112.7879001516849,1113.2511487412266,0.463248589541763,1.0,0.1003799884534552,11
2024-11-22,2024-11-19,2024-11-26,2.3723055274968923,7.659811149562235,1302.3986858272394,1302.1947845066898,1302.907624469139,0.7128399624489248,1.0,0.0986924821745633,11
2024-11-22,2024-11-19,2024-11-26,3.1575092886520713,7.759634592203467,111.52770022740228,111.34104273514822,111.7868340490386,0.4457913138903677,1.25,0.1423413120296173,11
2024-11-22,2024-11-19,2024-11-26,3.445464096512757,3.379699059694379,439.923947974546,439.03253813413903,444.85186056792736,5.819322433788329,0.75,0.3553503605042256,11
2024-11-22,2024-11-19,2024-11-26,3.5884800231550034,4.000964764736714,2438.0537504997696,2437.5171894622035,2439.071482096333,1.5542926341295242,0.75,0.2360812114807756,11
2024-11-22,2024-11-19,2024-11-26,5.5336059484843405,7.746599975617353,113.25107221628885,113.04072335036471,113.7017419571057,0.6610186067409813,0.75,0.0881855893782516,11
2024-11-29,2024-11-26,2024-12-03,2.3580678218992466,5.762427495122166,2405.873918561102,2404.124664494302,2407.182313273661,3.057648779358715,1.0,0.1240004985505485,11
2024-11-29,2024-11-26,2024-12-03,6.803461724815234,4.024964629299635,433.46034812125896,432.2713606534526,434.7339070173912,2.4625463639386,1.75,0.1157927098502217,11
2024-11-29,2024-11-26,2024-12-03,2.1918211048215768,4.199915528853565,557.1406348382503,556.4446346117184,558.8214574279264,2.376822816208005,1.0,0.0780368240906069,11
2024-11-29,2024-11-26,2024-12-03,2.1447327618444834,6.095532785472715,1860.7699833157192,1799.6874014460482,1968.3636786518616,168.67627720581368,1.75,0.0652929987716836,11
2024-12-03,2024-12-03,2024-12-03,3.7528762063745504,6.422748865663735,811.8521807792375,811.5497764693573,812.2498538726941,0.7000774033367634,1.0,0.2385552345595358,12
2024-12-08,2024-12-03,2024-12-13,27.459880720762495,8.143006329482715,113.18723717295748,112.5844390457496,114.349550221581,1.7651111758314073,2.0,0.0431157764900269,12
2024-12-08,2024-12-03,2024-12-13,3.2049402462046293,11.973085591238137,2112.969399592897,2112.3692283374257,2113.661335386336,1.2921070489101112,0.75,0.2337833721243707,12
2024-12-08,2024-12-03,2024-12-13,5.403592885004843,11.790759533125248,2087.7326120068183,2079.0023488649167,2092.2277352698147,13.225386404898018,0.75,0.1778621417552364,12
2024-12-08,2024-12-03,2024-12-13,2.644636257351237,7.7538819980726545,1871.1726695755297,1869.905322033912,1872.7252459209412,2.81992388702929,0.75,0.1022220610309036,12
2024-12-08,2024-12-03,2024-12-13,2.100317296898398,7.692188647016612,1860.4335586928469,1859.5074386494232,1861.492822788656,1.9853841392323377,0.75,0.118702202012397,12
2024-12-08,2024-12-03,2024-12-13,8.534448927694514,8.207012648750458,1847.2909494320604,1843.5423180041837,1852.239926369395,8.697608365211636,1.5,0.0870305315889355,12
2024-12-08,2024-12-03,2024-12-13,2.275190843717356,3.64298553151674,2370.0097898757026,2270.140388089698,2444.586124241352,174.44573615165427,0.5,0.3056879139012015,12
2024-12-08,2024-12-03,2024-12-13,3.4376073711588657,3.007398423785257,2401.984896538635,2395.7926928647794,2407.182313273661,11.389620408881456,0.5,0.1394482889763201,12
2024-12-08,2024-12-03,2024-12-13,2.5470966207912933,5.68164900793579,2408.5916067179314,2407.667925178539,2409.8657991136424,2.1978739351034164,1.0,0.1251634403414853,12
2024-12-08,2024-12-03,2024-12-13,3.7442035947462,3.9169358928337417,2410.045673465044,2409.1006304351613,2411.310271502007,2.2096410668455064,2.25,0.1829322352822223,12
2024-12-08,2024-12-03,2024-12-13,2.584538708632582,3.857896894876802,2441.5205539110093,2440.891035671346,2442.12310481444,1.2320691430941224,0.75,0.2598820157038591,12
2024-12-08,2024-12-03,2024-12-13,3.033634803586093,3.202458693292765,2440.2191434328984,2284.071795569267,2456.112601332832,172.040805763565,1.5,0.1416138668164344,12
2024-12-08,2024-12-03,2024-12-13,2.4324858180391393,11.349751337223472,2022.062171905382,2019.1652177013457,2024.4364213431256,5.271203641779721,0.5,0.1695746744613724,12
2024-12-08,2024-12-03,2024-12-13,2.044641563488266,7.225499239574929,110.64515075975038,110.4535213871859,111.11454082094131,0.6610194337554276,1.0,0.0179403756199429,12
2024-12-08,2024-12-03,2024-12-13,2.4514955069555393,7.873985042056573,111.55619481950998,111.55619481950998,111.7868340490386,0.2306392295286059,1.0,0.0147901945800423,12
2024-12-08,2024-12-03,2024-12-13,2.2063427273107714,11.525593541118567,1602.7933128920197,1602.453150276095,1603.3681065714918,0.9149562953971326,1.5,0.0706928456498038,12
2024-12-08,2024-12-03,2024-12-13,2.975677125639006,6.794362477637928,634.6353320828106,607.5367253809236,706.5966408946551,99.05991551373154,2.25,0.1706763451185282,12
2024-12-08,2024-12-03,2024-12-13,2.140393746019362,3.8679137616453407,868.6042156354209,868.0091959717683,870.6858685370535,2.6766725652851164,1.5,0.1282034893709521,12
2024-12-14,2024-12-13,2024-12-16,5.180973558085021,5.045057207145445,1416.2625098565668,1415.1041245427914,1417.5987015836872,2.4945770408958197,1.25,0.3212885591029459,12
2024-12-14,2024-12-13,2024-12-16,4.041817573539545,3.522368970661788,115.14024095966175,115.04515267396346,115.49105067458004,0.4458980006165802,1.25,0.1673568711249076,12
2024-12-28,2024-12-27,2024-12-30,6.85933292497239,4.497223906231664,2409.296879913938,2267.868417955935,2441.1216749008745,173.2532569449395,0.75,0.22540737305991,12
2024-12-28,2024-12-27,2024-12-30,3.088587367692038,3.604728185149859,2385.716252595774,2266.257226638496,2439.952964027412,173.6957373889163,1.0,0.1909770375427673,12
2024-12-28,2024-12-27,2024-12-30,2.4752173283106296,13.679026543312691,2438.660851106521,2438.393559889868,2439.3653341131285,0.9717742232605816,1.5,0.161478361557283,12
2024-12-28,2024-12-27,2024-12-30,2.012553304082025,4.1314642452767485,2431.7279063120327,2430.65797697939,2432.3919775979593,1.734000618569553,0.5,0.1985091941111813,12
2024-12-28,2024-12-27,2024-12-30,2.1298154777570324,3.3846151659514514,2413.5116665692253,2411.8019729829393,2419.1387601718307,7.336787188891321,0.5,0.0692553385190776,12
2024-12-28,2024-12-27,2024-12-30,2.132166268104003,13.416052366274563,2217.0282824353662,2216.2910853251815,2217.8772984612733,1.5862131360918283,0.75,0.3097455009114185,12
2024-12-28,2024-12-27,2024-12-30,2.497062322935432,10.830038047133929,1346.5236294225504,1346.1918814629316,1347.411472600419,1.2195911374874413,1.0,0.2432793668227271,12
2024-12-28,2024-12-27,2024-12-30,2.0736946106339103,7.704926899731124,1871.747006699165,1870.7683840552345,1872.7252459209412,1.9568618657067416,0.75,0.0816554433628099,12
2024-12-28,2024-12-27,2024-12-30,3.8488561451448056,8.981831950060457,1860.4847306488496,1859.5074386494232,1861.492822788656,1.9853841392323377,0.75,0.3026500369244915,12
2024-12-28,2024-12-27,2024-12-30,2.1289995914825752,11.329002143894424,2021.9510830368397,2020.4749721172263,2023.225454099011,2.7504819817841053,0.5,0.0877431023648846,12
2024-12-28,2024-12-27,2024-12-30,2.275106083800504,9.207659906633484,1865.6015794486505,1864.1020992631093,1868.031863517128,3.929764254018664,0.75,0.2226430510060424,12
2024-12-28,2024-12-27,2024-12-30,3.74415977329259,5.4150706818397065,129.1516497111977,128.80743072461337,129.61649488890544,0.8090641642920673,1.0,0.1121471392525133,12
2024-12-28,2024-12-27,2024-12-30,2.607434726226346,7.110352024424045,110.62777521877103,110.4535213871859,111.11454082094131,0.6610194337554276,1.0,0.0400163603097336,12
2024-12-28,2024-12-27,2024-12-30,2.1807029101229207,3.0739013609568406,735.1079849483898,734.1405841731466,736.3015595735051,2.1609754003584385,1.0,0.0491309329209639,12
2024-12-28,2024-12-27,2024-12-30,2.3335696688975633,6.7879590223600195,928.2672894758396,928.0975053450092,928.795898616314,0.698393271304667,1.25,0.1899478282152413,12
2024-12-28,2024-12-27,2024-12-30,2.4854069694712035,5.0364069600811225,627.3858100657903,626.4319764724933,629.7693009148352,3.3373244423419237,1.25,0.0987129242153828,12
2024-12-28,2024-12-27,2024-12-30,2.188225439233226,3.2223480143407404,557.182929832233,556.9550870480016,557.6900639445521,0.7349768965505064,0.75,0.1647532947222182,12
2025-01-04,2024-12-30,2025-01-10,5.603298204470999,3.813470905831305,2438.8262849527387,2437.8093381687067,2439.952964027412,2.143625858705491,1.0,0.1159679175235533,1
2025-01-04,2024-12-30,2025-01-10,2.0479696875703635,3.5824461578094584,2438.9645598316915,2438.393559889868,2439.659161571879,1.265601682011038,0.75,0.0612407594103427,1
2025-01-04,2024-12-30,2025-01-10,2.822619974180388,3.687178045712836,719.5724832317006,713.1158292694017,759.8558071935549,46.73997792415321,1.0,0.0507011586613614,1
2025-01-12,2025-01-10,2025-01-14,2.477354316091827,5.721245294892505,130.7718255926443,128.11256739962846,133.97392127802595,5.8613538783974946,1.25,0.1052559238341642,1
2025-01-12,2025-01-10,2025-01-14,2.0338268900156695,4.911041970783779,436.04443374198695,435.4834975954145,436.6958235236816,1.2123259282670915,0.5,0.0187378901552891,1
2025-01-12,2025-01-10,2025-01-14,12.022764639857538,4.062931159134449,433.0824988677824,431.0521513237618,434.97187983896583,3.919728515204042,1.75,0.2135258183175434,1
2025-01-12,2025-01-10,2025-01-14,3.302213494454466,4.0922507749609185,557.6151195515532,556.4446346117184,558.8214574279264,2.376822816208005,1.25,0.1369250097897884,1
2025-01-12,2025-01-10,2025-01-14,2.294400727484987,3.657399708117421,1271.150603218215,1265.1729398150928,1278.4582331371494,13.285293322056532,1.0,0.0802944804710096,1
2025-01-12,2025-01-10,2025-01-14,4.758163012502233,3.2896487723117054,1174.8714422720675,1170.475436990149,1181.7402649824508,11.264827992301434,0.75,0.0999907579741397,1
2025-01-12,2025-01-10,2025-01-14,2.358156387363386,4.182200976826354,559.1462656669137,557.829813614022,563.7015606486239,5.871747034601867,1.0,0.0923277283535392,1
2025-01-12,2025-01-10,2025-01-14,5.471663631888301,3.442189114866282,2402.1833920747376,2396.3344060233794,2410.5880005010404,14.253594477660954,1.25,0.2001170217965361,1
2025-01-12,2025-01-10,2025-01-14,6.126598435338821,13.709581750298318,2424.379834754234,2266.257226638496,2439.952964027412,173.6957373889163,2.25,0.0817327299488805,1
2025-01-12,2025-01-10,2025-01-14,3.17059056915286,3.8388766306320585,2441.5553980990276,2441.136298724916,2442.12310481444,0.9868060895241796,1.0,0.3089228977920134,1
2025-01-12,2025-01-10,2025-01-14,6.568118896499429,3.884594048901005,2400.2409309478953,2267.868417955935,2440.6310568843037,172.7626389283687,1.0,0.3683069301423834,1
2025-01-12,2025-01-10,2025-01-14,2.1049450730388894,14.802844948869067,1874.8653065751676,1874.7697888598775,1875.420621552039,0.6508326921612024,1.0,0.1128457497779902,1
2025-01-12,2025-01-10,2025-01-14,4.393521641040011,3.473181497244653,2021.148312762213,2019.8687527016737,2023.225454099011,3.356701397337019,1.25,0.1763285900258652,1
2025-01-12,2025-01-10,2025-01-14,3.0410385534931907,3.55641714045641,1018.8322099737528,1013.2608052305876,1021.8916733190416,8.630868088454008,1.25,0.1271477617537552,1
2025-01-12,2025-01-10,2025-01-14,2.318262489192594,3.2392453317632803,946.8255079199928,943.9948678687216,949.412017150782,5.417149282060564,0.75,0.0607560204719868,1
2025-01-12,2025-01-10,2025-01-14,3.635185043732619,5.4638974396066065,1416.076082305536,1414.867532810662,1417.3619809551165,2.494448144454509,1.0,0.0689039539969754,1
2025-01-12,2025-01-10,2025-01-14,4.9905085110508915,3.5361133485548195,1159.3571139362011,1157.882388997357,1165.3673141011968,7.484925103839487,1.0,0.1291869893603983,1
2025-01-14,2025-01-14,2025-01-14,2.9483212372638468,4.775701043786953,2361.88767344134,2271.160790442489,2446.3195244050585,175.1587339625694,0.75,0.2273866217666907,1
2025-01-19,2025-01-14,2025-01-24,8.32374269357792,5.875145496109609,2379.590774246586,2270.6505893282592,2445.5655590016395,174.91496967338026,1.0,0.0279753023166186,1
2025-01-19,2025-01-14,2025-01-24,2.1870774324682474,4.523050319912282,2385.9116231232433,2267.331354212947,2441.2398623651825,173.9085081522353,1.25,0.1537857205339084,1
2025-01-19,2025-01-14,2025-01-24,3.8445143616489297,4.015406487000308,727.8458693402052,713.1158292694017,760.5010567014106,47.38522743200883,1.5,0.0662325078192183,1
2025-01-19,2025-01-14,2025-01-24,2.2334434133784566,4.574870904333153,576.6918606496879,557.4594247150235,649.262741540093,91.80331682506949,1.0,0.049740021879651,1
2025-01-19,2025-01-14,2025-01-24,3.641881653761983,12.02542251588902,560.6755645649365,560.4976428835653,561.1875142809004,0.6898713973350823,0.75,0.1080465648437473,1
2025-01-19,2025-01-14,2025-01-24,2.6325824746179975,4.2238383801879875,432.4736665154322,432.0332068600692,433.2074229782447,1.1742161181755364,0.75,0.1010491181742667,1
2025-01-19,2025-01-14,2025-01-24,2.349990028843852,4.623455078648312,2417.1065084736983,2275.894575821236,2450.7751835989766,174.8806077777408,1.0,0.1218277034465268,1
2025-01-19,2025-01-14,2025-01-24,2.5122421321258934,3.0017883604744773,2158.2663863877833,2141.074107090477,2162.8761936137453,21.802086523268372,1.0,0.1449572333903806,1
2025-01-27,2025-01-24,2025-01-30,2.393830510190723,5.622322958730817,130.2389887924791,130.09281567158175,130.7832225849852,0.6904069134034216,0.75,0.0646179646416373,1
2025-01-27,2025-01-24,2025-01-30,2.4239969682169167,5.608484779718566,129.46603693232018,129.15583711583167,129.84651355445385,0.6906764386221766,0.75,0.1625303774387562,1
2025-01-27,2025-01-24,2025-01-30,3.4840189033169064,3.5663429664188055,2021.6245281523736,2020.4749721172263,2023.225454099011,2.7504819817841053,1.0,0.1384951289896235,1
2025-02-04,2025-01-30,2025-02-10,5.740969643566992,4.582496650721836,384.52871812130496,381.60434125270694,393.3560328427702,11.751691590063274,4.0,0.078256002085096,2
2025-02-04,2025-01-30,2025-02-10,5.085506791600467,8.484256076097465,113.04769691362289,112.82553360331804,113.4865522608161,0.6610186574980617,0.75,0.1713640197707893,2
2025-02-04,2025-01-30,2025-02-10,3.235681572510423,4.439673815808325,2439.1645093522684,2275.894575821236,2451.0033139646985,175.1087381434627,1.0,0.1223615335266221,2
2025-02-04,2025-01-30,2025-02-10,5.252592343555931,4.0711647115844025,2449.826205137204,2448.9833521954715,2450.7573652323335,1.7740130368620155,1.5,0.1948017200099019,2
2025-02-04,2025-01-30,2025-02-10,2.6005374600672932,4.7826099705574485,2446.1629805013836,2445.8375911246985,2446.78616601415,0.9485748894512652,0.75,0.1285791307733677,2
2025-02-04,2025-01-30,2025-02-10,2.2894645290348072,3.7843613199074615,2445.440868825478,2445.334919772111,2445.8169084065594,0.4819886344484985,0.75,0.0280316674293387,2
2025-02-04,2025-01-30,2025-02-10,5.840029769247603,4.115670414271756,2442.0945055781467,2441.6445698398165,2442.6188064171,0.974236577283591,1.25,0.2030959646582541,2
2025-02-04,2025-01-30,2025-02-10,6.7977995317303055,3.7504987491405486,2375.745969455427,2271.160790442489,2445.5655590016395,174.4047685591504,0.75,0.0210307616283712,2
2025-02-04,2025-01-30,2025-02-10,6.8683388102874074,4.402364464371599,2376.4318414882887,2270.140388089698,2444.8351778564975,174.69478976679966,1.0,0.1299901677295156,2
2025-02-04,2025-01-30,2025-02-10,3.761209778335493,4.498453228945418,2437.984917041386,2437.5171894622035,2438.6241991193965,1.1070096571929753,0.75,0.1590900658265727,2
2025-02-15,2025-02-10,2025-02-20,2.5745323103398694,4.704922388118532,2202.815593883901,2202.5138423382305,2203.2640476915985,0.7502053533680737,1.0,0.1436766570713388,2
2025-02-15,2025-02-10,2025-02-20,5.518003435245959,14.023796494904497,2418.43334902937,2266.257226638496,2439.952964027412,173.6957373889163,1.5,0.1173281861833015,2
2025-02-15,2025-02-10,2025-02-20,2.186568181049448,6.735354713972762,1516.6210555494213,1514.7178381131962,1518.0010301405564,3.283192027360201,2.5,0.0721342707237939,2
2025-02-15,2025-02-10,2025-02-20,17.103648960019793,3.1163487713489277,1279.4242942055384,1261.3686544629743,1293.779196803458,32.41054234048352,1.5,0.1056558771055705,2
2025-02-15,2025-02-10,2025-02-20,2.102040114283169,5.282752888634017,545.6950686839716,544.4523192103952,547.0156323937699,2.563313183374703,2.5,0.0516377533089944,2
2025-02-15,2025-02-10,2025-02-20,2.82166974055473,3.1448389454008883,50.910927451863536,25.41940247407183,89.84468864183873,64.4252861677669,1.0,0.1061404098363862,2
2025-02-15,2025-02-10,2025-02-20,2.861783091952419,3.730482630227957,717.6386654899652,712.870938513428,759.8558071935549,46.984868680126965,1.0,0.0824418158174001,2
2025-02-15,2025-02-10,2025-02-20,2.5722021622039413,3.825747089753573,546.1585195966414,543.993240292184,548.1810394381173,4.187799145933241,3.0,0.062710489906019,2
2025-02-15,2025-02-10,2025-02-20,3.4367713039518244,4.403217856167375,433.1530367975975,432.2713606534526,434.2276570117101,1.956296358257532,1.0,0.1096089306400704,2
2025-02-22,2025-02-20,2025-02-25,2.9413570857282307,4.340034336843732,557.0291478190179,556.4446346117184,557.945294576697,1.500659964978695,1.0,0.0917100817819334,2
2025-02-22,2025-02-20,2025-02-25,3.4668449296881323,3.045382061126787,86.46271480773432,86.3107942296192,86.77167354058474,0.460879310965538,1.5,0.1809331494100734,2
2025-02-22,2025-02-20,2025-02-25,5.4650115352302375,3.885717658930245,2384.2813182635496,2267.868417955935,2440.1820007194765,172.3135827635415,1.0,0.3040347617985086,2
2025-02-22,2025-02-20,2025-02-25,4.086524566471755,6.157829457749353,1865.880324957172,1799.8653079620562,1969.970360155683,170.10505219362676,3.0,0.0856044827238604,2
2025-02-22,2025-02-20,2025-02-25,2.0031224083267927,5.902118289854172,1873.8526652487844,1799.1386089813896,1972.9686299520545,173.83002097066492,2.25,0.0852820497404036,2
2025-03-02,2025-02-25,2025-03-07,9.465594850716585,5.078978905633853,100.40198741064798,98.33266358450057,104.11509592691436,5.782432342413813,0.75,0.1673673602151196,3
2025-03-02,2025-02-25,2025-03-07,5.557142681857734,5.102844940915001,99.53432322491936,99.162883406505,100.04651218187064,0.8836287753656507,0.5,0.0197858385930317,3
2025-03-02,2025-02-25,2025-03-07,7.188309802795108,4.391328019469373,99.97621717674646,99.59820975875482,100.7064963565208,1.1082865977659822,0.5,0.0191864224863766,3
2025-03-02,2025-02-25,2025-03-07,7.146967720902106,3.461918699869141,100.5662653135033,100.25817015534268,101.23630800889804,0.9781378535553812,1.0,0.171582572269073,3
2025-03-02,2025-02-25,2025-03-07,6.110786386360414,3.530796848461974,102.0665187345292,101.65270199393854,102.53689610539004,0.8841941114515066,0.75,0.1452398751921615,3
2025-03-02,2025-02-25,2025-03-07,5.2244571252241965,8.646543418207825,91.3964709146372,91.2400467810221,91.87417730968446,0.6341305286623538,1.0,0.0238862961508583,3
2025-03-02,2025-02-25,2025-03-07,2.1387371797532726,4.506676108867761,2437.0920252696355,2436.7720536598936,2437.747828691732,0.975775031838566,0.75,0.2531252544753115,3
2025-03-02,2025-02-25,2025-03-07,2.7227612601675344,3.3354158032643446,1346.3240043628207,1343.3282445995137,1350.533652971499,7.205408371984959,1.0,0.0729452024964231,3
2025-03-02,2025-02-25,2025-03-07,2.4313295659217053,13.73124199607274,2437.900533886688,2437.06169877341,2439.071482096333,2.0097833229228854,1.25,0.095214084029703,3
2025-03-02,2025-02-25,2025-03-07,2.3982218811209473,3.624822654793724,2415.34980425824,2413.1240943032317,2419.1387601718307,6.014665868598968,0.5,0.07729366586286,3
2025-03-02,2025-02-25,2025-03-07,2.6968804249848266,3.154973140498872,1268.7373272498269,1264.9398586787283,1274.226597826928,9.286739148199558,1.25,0.0616071214734489,3
2025-03-02,2025-02-25,2025-03-07,2.7204511199847694,3.9599925309019617,2450.449913628553,2450.088203016669,2451.0033139646985,0.9151109480299056,1.0,0.0642065943460881,3
2025-03-02,2025-02-25,2025-03-07,5.665782407936814,5.382697399052026,128.13493680237656,127.88632789999248,128.7631160612218,0.8767881612293422,1.25,0.0829457045626568,3
2025-03-02,2025-02-25,2025-03-07,3.429567287617498,4.021935641854802,2442.1633945680974,2441.8924655849114,2442.6188064171,0.7263408321887255,0.75,0.1098937513681929,3
2025-03-02,2025-02-25,2025-03-07,5.073690682593256,4.114400372700079,2444.4484846563196,2444.1064028758556,2445.084203442093,0.9778005662374198,1.25,0.251834477756614,3
2025-03-02,2025-02-25,2025-03-07,2.6460229757187768,3.030056765870747,61.99447853350467,25.41940247407183,89.84468864183873,64.4252861677669,0.75,0.0721055941285354,3
2025-03-08,2025-03-07,2025-03-10,4.244031094626824,8.099424296039912,111.45613691625654,111.12589091667904,112.16939492477104,1.0435040080919862,1.0,0.2400999764847557,3
2025-03-08,2025-03-07,2025-03-10,5.081040462920646,14.25269558303973,2430.4687492319813,2266.257226638496,2439.952964027412,173.6957373889163,1.0,0.1247628203323656,3
2025-03-08,2025-03-07,2025-03-10,3.8350835235535055,9.40965231968547,115.00250738783662,114.61463473644108,115.49105067458004,0.8764159381389618,0.75,0.1994689527391646,3
2025-03-08,2025-03-07,2025-03-10,12.411164561972155,9.444924046022985,114.19565569567192,113.68853192823008,114.99659012258051,1.3080581943504512,1.25,0.2599477271733393,3
2025-03-14,2025-03-10,2025-03-18,4.968533608880058,6.060810150267044,811.693154897839,811.3150573829189,812.2498538726941,0.9347964897751808,1.0,0.2329210396855519,3
2025-03-14,2025-03-10,2025-03-18,8.964168444377254,5.111391216114082,98.98041541941969,98.33266358450057,104.11509592691436,5.782432342413813,1.0,0.1901033361948982,3
2025-03-14,2025-03-10,2025-03-18,3.792210573774506,4.3484803561572605,100.08413865571148,99.81587295234203,100.48880938487127,0.6729364325292408,0.5,0.0502404875797403,3
2025-03-14,2025-03-10,2025-03-18,4.467885494620772,3.387460477241344,100.44236150929508,100.04048313340172,100.92418345343322,0.8837003200314939,1.0,0.2669805315623812,3
2025-03-14,2025-03-10,2025-03-18,10.946670033449776,5.293689458208495,114.9811625984867,114.35582222323865,115.54363757465036,1.1878153514117002,1.5,0.8633981193866402,3
2025-03-14,2025-03-10,2025-03-18,2.1193513759133196,3.398495774718394,81.97781183158642,81.75296858418733,82.44135486287996,0.6883862786926329,1.0,0.0205975350519558,3
2025-03-14,2025-03-10,2025-03-18,2.092475563094425,5.393722227212881,82.9594924568141,60.26243609050289,131.0131065552123,70.7506704647094,1.0,0.2009781444844524,3
2025-03-14,2025-03-10,2025-03-18,4.417771049632649,5.05079070336864,115.61238766970467,115.54403946362436,116.00571954017504,0.4616800765506923,1.0,0.4702600896672688,3
2025-03-14,2025-03-10,2025-03-18,3.4801187939455778,6.071911047540213,60.80582656562333,60.26243609050289,61.41961365751922,1.1571775670163331,1.25,0.0245229327185213,3
2025-03-21,2025-03-18,2025-03-25,4.683845690386029,6.004748011939077,88.95681143935009,88.01665122853592,91.4736914811656,3.4570402526296675,0.75,0.3346644723948745,3
2025-03-21,2025-03-18,2025-03-25,4.823842434194132,4.123057937161618,432.8298387695368,431.5568997245282,433.9895938318223,2.432694107294082,1.5,0.1502635307810922,3
2025-03-21,2025-03-18,2025-03-25,2.3391367233003098,14.085279811200431,2407.84366312589,2266.257226638496,2439.952964027412,173.6957373889163,1.0,0.087535121439829,3
2025-03-21,2025-03-18,2025-03-25,4.816763078363365,4.457982134276748,2390.373741018912,2274.439170308411,2449.8134269327857,175.37425662437454,1.25,0.1226895822287572,3
2025-03-28,2025-03-25,2025-04-01,2.9588528010821973,4.2451462213603675,208.06329886318764,206.88235179008916,209.3053755830042,2.423023792915046,1.25,0.0272778740477055,3
2025-03-28,2025-03-25,2025-04-01,7.074218918526118,6.941143254105038,108.94987165517276,108.6653403500095,109.5415121819824,0.876171831972897,1.25,0.0593522832627624,3
2025-03-28,2025-03-25,2025-04-01,3.0279015736184713,5.689883888263543,133.45038221653925,127.57692819321528,137.72496448084712,10.14803628763184,1.25,0.2855708286707652,3
2025-03-28,2025-03-25,2025-04-01,6.078114609703467,4.405585079008478,2429.5292597069574,2270.140388089698,2442.6188064171,172.47841832740232,1.0,0.0595941372130898,3
2025-03-28,2025-03-25,2025-04-01,5.189160674135213,4.4184924299539485,2381.8690482352345,2270.6505893282592,2444.586124241352,173.93553491309285,1.0,0.0224000913911154,3
2025-03-28,2025-03-25,2025-04-01,2.0023648161175984,4.444887540666947,2426.7301679867783,2275.894575821236,2450.5470263464376,174.65245052520186,1.0,0.0577540029865193,3
2025-03-28,2025-03-25,2025-04-01,5.558398800761555,4.3498935060970245,2449.9748903503337,2449.1895532421768,2450.7573652323335,1.5678119901567698,1.5,0.1578917113273973,3
2025-03-28,2025-03-25,2025-04-01,4.723867939288054,13.88198645786658,2438.018056527111,2437.06169877341,2439.3653341131285,2.303635339718312,1.5,0.0766337604926805,3
2025-03-28,2025-03-25,2025-04-01,4.982419128374212,4.142351442722138,20.051767986303716,19.632532661780715,20.769272751174867,1.1367400893941522,0.75,0.0265004286612102,3
2025-03-28,2025-03-25,2025-04-01,7.44516118075964,10.49340460044826,113.60822705328218,113.04072335036471,114.349550221581,1.3088268712162971,0.75,0.1007536433899,3
2025-03-28,2025-03-25,2025-04-01,21.701854152975724,9.164874368154312,113.38697923034594,112.5844390457496,114.349550221581,1.7651111758314073,1.75,0.4922832199277114,3
2025-03-28,2025-03-25,2025-04-01,7.281793648503792,9.746010575751312,114.86532230537136,114.55076146870852,115.42696897406132,0.8762075053527951,1.25,0.2128815572260812,3
2025-03-28,2025-03-25,2025-04-01,4.212191925588473,7.937529670450614,114.1609252519352,113.9037214498967,114.56473975162952,0.6610183017328382,0.75,0.2325224542574956,3
2025-03-28,2025-03-25,2025-04-01,2.5683936166067363,3.9667864742740626,2437.979265866086,2437.5171894622035,2438.6241991193965,1.1070096571929753,1.0,0.1467293809909439,3
2025-03-28,2025-03-25,2025-04-01,4.476254700342676,4.009656547181974,2440.005529860044,2439.463138391264,2440.8763812193647,1.4132428281009195,1.0,0.1826085856742783,3
2025-03-28,2025-03-25,2025-04-01,6.986065722009916,4.241969238872943,2376.063033321691,2270.140388089698,2442.6188064171,172.47841832740232,1.0,0.1600984069510295,3
2025-03-28,2025-03-25,2025-04-01,3.884220058208427,4.229030810473716,2331.0977937932066,2271.160790442489,2445.5655590016395,174.4047685591504,1.0,0.0405063575403649,3
2025-03-28,2025-03-25,2025-04-01,2.1474809435839317,4.0245692700329805,2450.2198052360723,2449.900580881629,2450.7573652323335,0.8567843507044017,0.75,0.100183665128006,3
2025-03-28,2025-03-25,2025-04-01,12.737854594174287,3.1443334906238527,857.9844276964807,819.9384269104339,892.9849973237142,73.04657041328028,1.25,0.2142383203576458,3
2025-03-28,2025-03-25,2025-04-01,3.1155021008809154,3.2498587654924194,983.2957420616044,975.7058781902306,993.1187493456528,17.41287115542218,1.0,0.0816504668875061,3
2025-04-04,2025-04-01,2025-04-08,10.258530792041707,6.869652003577443,129.45844912295576,128.11256739962846,133.97392127802595,5.8613538783974946,1.0,0.0459577872346686,4
2025-04-04,2025-04-01,2025-04-08,3.167813672829335,6.821258917955899,146.22184301663563,146.1253528869711,146.57858125818893,0.4532283712178468,1.0,0.1082259104150524,4
2025-04-04,2025-04-01,2025-04-08,2.0725414144862677,5.639517948603813,130.02955675977637,129.61587432492524,130.5533387772739,0.9374644523486496,0.75,0.0428456274283903,4
2025-04-04,2025-04-01,2025-04-08,2.860485746286321,3.469084019859019,88.38504045553523,87.97902667662129,88.90143744694069,0.9224107703194022,1.0,0.0709202994402399,4
2025-04-04,2025-04-01,2025-04-08,4.0438053377392364,3.019682265051282,109.20392147999335,64.52496141707525,218.82107270229608,154.29611128522083,1.0,0.0571820691897856,4
2025-04-04,2025-04-01,2025-04-08,2.520202356834037,4.926761411435355,396.61087160398745,394.99358589341864,398.31524530099705,3.3216594075784087,2.75,0.0549238869801554,4
2025-04-11,2025-04-08,2025-04-15,3.0277366665693584,8.261528727193783,111.09501679846284,110.88390159141272,111.57168196467684,0.6877803732641041,1.25,0.0823681172425291,4
2025-04-11,2025-04-08,2025-04-15,10.7140721002644,5.687875177743744,129.57707828524843,129.03749053319916,130.5533387772739,1.515848244074732,1.5,0.4267785628631717,4
2025-04-11,2025-04-08,2025-04-15,3.4433647029259733,5.436646989390079,112.80528572115492,63.231387082487345,133.8821251471527,70.65073806466535,1.0,0.0258100526901724,4
2025-04-11,2025-04-08,2025-04-15,2.0242028915655146,7.922707497530335,111.465779299184,111.34104273514822,111.7868340490386,0.4457913138903677,1.25,0.1792139834001747,4
2025-04-11,2025-04-08,2025-04-15,6.802322367021362,8.083318965685311,112.54337076485687,112.36921115079896,113.05617283284664,0.6869616820476949,1.5,0.305156723277621,4
2025-04-11,2025-04-08,2025-04-15,3.0999676838750534,5.841130880571157,131.2366023490964,131.12110581062734,131.56954373512417,0.4484379244968295,1.0,0.2015449265294731,4
2025-04-11,2025-04-08,2025-04-15,2.251089793809113,10.117457243474744,1724.2469600505694,1723.7527624685315,1724.8427001317032,1.0899376631714404,1.75,0.1208150182165563,4
2025-04-11,2025-04-08,2025-04-15,3.0387942608104557,7.791346991846988,111.38880970950632,111.12589091667904,111.7868340490386,0.6609431323595345,0.75,0.1532364386354668,4
2025-04-11,2025-04-08,2025-04-15,3.0745852600673556,9.775126985898169,112.03559995455448,111.93875569524243,112.3846227102913,0.4458670150488615,0.75,0.1632660847007169,4
2025-04-11,2025-04-08,2025-04-15,40.90864504853795,8.6423507116155,113.239478893889,112.36921115079896,114.56473975162952,2.1955286008305848,2.75,0.6612701341636391,4
2025-04-11,2025-04-08,2025-04-15,4.387200396356706,9.509896872909897,114.76565214614966,114.55076146870852,115.2117796977982,0.6610182290896773,0.75,0.0202762808882706,4
2025-04-11,2025-04-08,2025-04-15,2.785593728869939,6.31066066125118,132.11990189019608,131.9844347462058,132.6459876797162,0.6615529335103929,1.0,0.0957652149224219,4
2025-04-11,2025-04-08,2025-04-15,5.004555881624369,14.221536455119926,2423.850226224157,2266.257226638496,2439.952964027412,173.6957373889163,1.0,0.1370194390960352,4
2025-04-11,2025-04-08,2025-04-15,2.4407805849497137,4.85977036529744,436.2745926875248,435.72139588883147,436.933692291379,1.2122964025475085,0.75,0.0281181044750062,4
2025-04-11,2025-04-08,2025-04-15,4.99116093177142,4.1583187503740096,432.81893684699327,431.5568997245282,433.9895938318223,2.432694107294082,1.5,0.1291068158687647,4
2025-04-11,2025-04-08,2025-04-15,2.141941162270077,20.6908253202529,1256.0994664797051,1255.495928355027,1256.6620895382948,1.1661611832678318,2.0,0.0885100019540943,4
2025-04-18,2025-04-15,2025-04-21,2.461867929705514,4.9774746975332596,2365.064288078247,2273.749806185253,2449.0572830052115,175.30747681995854,0.75,0.1237069964849832,4
2025-04-18,2025-04-15,2025-04-21,2.0262123358527826,6.870399828575382,124.24057377031876,124.0172128858976,124.676744078286,0.6595311923883855,1.0,0.0210118489601416,4
2025-04-18,2025-04-15,2025-04-21,2.0059218496350035,6.4607744249532395,134.63067979234958,134.40530464006588,135.0703364238143,0.6650317837484181,0.75,0.0221406170064771,4
2025-04-18,2025-04-15,2025-04-21,2.3869315142374488,5.613093524137131,143.90806155407955,143.59246599348262,144.482042751275,0.8895767577923834,1.0,0.0289998908768477,4
2025-04-18,2025-04-15,2025-04-21,7.491193311385108,5.589607867239467,116.45271869986148,86.26621090713888,141.57755116699263,55.31134025985375,1.0,0.2899186459202428,4
2025-04-25,2025-04-21,2025-04-29,8.814645608471933,4.238152591842225,2393.6856135654107,2270.140388089698,2442.6188064171,172.47841832740232,1.25,0.1655455440917044,4
2025-04-25,2025-04-21,2025-04-29,3.5049280792678963,4.508555953287524,2440.087694243553,2439.463138391264,2441.1216749008745,1.6585365096107123,1.0,0.2269127705864579,4
2025-04-25,2025-04-21,2025-04-29,9.82538922345065,4.245999709300451,2371.7226314771247,2270.6505893282592,2445.5655590016395,174.91496967338026,1.25,0.107043963162493,4
2025-04-25,2025-04-21,2025-04-29,2.5934251228267047,3.478357160516554,2021.9193228628385,2020.4749721172263,2023.225454099011,2.7504819817841053,0.75,0.1211566491220066,4
2025-04-25,2025-04-21,2025-04-29,2.0648294152489046,5.4409336773660275,128.0960852365329,128.00794278876856,128.45408929837868,0.4461465096101165,0.75,0.1353498316316335,4
2025-04-25,2025-04-21,2025-04-29,3.011740106207328,13.825368799982844,2439.1332874477357,2438.393559889868,2439.952964027412,1.559404137544334,1.75,0.087458515338641,4
2025-04-25,2025-04-21,2025-04-29,5.54248555882119,3.4307846435693934,102.3343808931528,101.87055373657496,103.1259601614438,1.255406424868852,0.5,0.1136060438523285,4
2025-04-25,2025-04-21,2025-04-29,4.369831301939752,3.0260197451427846,261.37377898333483,232.31418619630855,308.9472856801003,76.63309948379174,1.0,0.1694980064979224,4
2025-04-25,2025-04-21,2025-04-29,5.522632710541442,4.3630013450673575,433.52652786367224,432.500725036487,434.7339070173912,2.2331819809041917,1.5,0.1389420769594436,4
2025-04-25,2025-04-21,2025-04-29,5.264463805978228,3.492253248390454,100.47791882114498,100.25817015534268,100.92418345343322,0.6660132980905473,1.0,0.1434003389674576,4
2025-04-25,2025-04-21,2025-04-29,6.745917237047846,5.280526695382389,99.03795451805864,98.5503193656914,99.61118554044516,1.060866174753755,0.75,0.1373444221794059,4
2025-04-25,2025-04-21,2025-04-29,7.9019959137815245,3.1737044461382253,511.2432381785901,437.2056597354822,533.108057315927,95.9023975804448,1.25,0.1090595043963507,4
2025-04-25,2025-04-21,2025-04-29,3.0570209295426056,5.63611610572439,135.4872685870973,135.31525231571868,135.77543102251366,0.4601787067949772,1.5,0.1668475385005893,4
2025-04-25,2025-04-21,2025-04-29,3.5354168556173566,4.48092333699203,2450.039445033599,2449.1895532421768,2450.7573652323335,1.5678119901567698,1.0,0.1869574202142876,4
2025-04-25,2025-04-21,2025-04-29,3.0689253733747246,3.949335543335245,2440.7041136078956,2440.645741989836,2441.1216749008745,0.4759329110383987,1.0,0.1652332084041333,4
2025-04-25,2025-04-21,2025-04-29,15.74731604245368,4.5842631265151335,2393.356266898704,2270.140388089698,2445.5655590016395,175.42517091194168,1.25,0.3587386803219375,4
2025-05-02,2025-04-29,2025-05-05,3.2652996857684133,4.4766655047471815,131.41284734757406,129.58060414204374,133.75874120928347,4.1781370672397316,0.75,0.0677892510232784,5
2025-05-02,2025-04-29,2025-05-05,4.265334087062234,8.263070177371468,112.46994230710128,112.36921115079896,112.8150782752782,0.445867124479264,1.25,0.2304630045647426,5
2025-05-02,2025-04-29,2025-05-05,2.950775238666031,14.343184642681278,2418.3719267667343,2266.257226638496,2439.952964027412,173.6957373889163,0.75,0.153207157164757,5
2025-05-02,2025-04-29,2025-05-05,60.72207362437164,8.963285172610782,113.59645696627686,112.15398348076268,115.42696897406132,3.27298549329862,2.75,0.7055942524713723,5
2025-05-02,2025-04-29,2025-05-05,2.049909940088773,9.161643714242317,107.55121397860684,103.2343099527061,115.49105067458004,12.25674072187394,0.5,0.0114305204264579,5
2025-05-02,2025-04-29,2025-05-05,3.5747235463097686,8.85094875864561,105.71777961603873,103.2343099527061,115.49105067458004,12.25674072187394,0.5,0.0162596982474244,5
2025-05-09,2025-05-05,2025-05-14,3.365742493630046,13.836989112323938,2438.6324704375666,2438.1014617746696,2439.952964027412,1.851502252742648,1.25,0.1978958916450892,5
2025-05-09,2025-05-05,2025-05-14,7.417887515269808,5.798756000717922,140.92649135312527,139.50716555304825,146.57858125818893,7.07141570514068,1.0,0.2224796384040108,5
2025-05-09,2025-05-05,2025-05-14,3.653107441661214,7.76584603690056,112.70445988812244,112.5844390457496,113.05617283284664,0.4717337870970368,0.75,0.2377515475451527,5
2025-05-09,2025-05-05,2025-05-14,11.220235259780171,8.434550540433735,112.93564680445292,112.5844390457496,113.4865522608161,0.9021132150664926,1.75,0.302212849444908,5
2025-05-09,2025-05-05,2025-05-14,4.221783057948421,6.309698858845309,1044.5139650340398,1044.295216933824,1044.9912147698924,0.6959978360682726,1.0,0.2597081415059542,5
2025-05-09,2025-05-05,2025-05-14,3.19274000756064,7.31975066107395,110.64112828666022,110.4535213871859,111.35653014620766,0.903008759021759,1.25,0.1073973135298119,5
2025-05-09,2025-05-05,2025-05-14,5.762732761265312,4.4380325687459745,433.7603544339573,432.7387542859651,435.2098528011702,2.4710985152050853,1.0,0.07176427940798,5
2025-05-16,2025-05-14,2025-05-19,2.0418761991262184,5.743328197665962,107.08434637669724,60.26243609050289,132.241222247947,71.97878615744412,0.75,0.0304506502788246,5
2025-05-16,2025-05-14,2025-05-19,3.473966492497902,4.722605061696922,2353.338525896426,2274.439170308411,2449.8134269327857,175.37425662437454,1.5,0.2425690780768896,5
2025-05-23,2025-05-19,2025-05-27,4.735458713768015,3.616616774760723,2378.2374519225273,2271.160790442489,2445.8169084065594,174.6561179640703,0.5,0.2591594094942865,5
2025-05-23,2025-05-19,2025-05-27,2.1242397743831787,12.467682937256434,2273.26259244127,2248.357441357337,2419.5859113023616,171.2284699450247,1.0,0.0974423283412871,5
2025-05-23,2025-05-19,2025-05-27,2.5371670253620136,18.856660837432543,2235.871131827516,2235.095473004505,2236.780538134277,1.6850651297718289,1.0,0.2453200241349823,5
2025-05-30,2025-05-27,2025-06-02,2.494915648306594,4.648245719047886,2450.5538805474025,2450.316387116909,2451.0033139646985,0.6869268477894366,1.0,0.1518909069412589,5
2025-05-30,2025-05-27,2025-06-02,4.427887462837847,4.360935119218068,2387.160997797809,2274.439170308411,2449.8134269327857,175.37425662437454,1.5,0.269154398945612,5
2025-05-30,2025-05-27,2025-06-02,3.5086970125774304,3.997285983570384,559.9509349949502,556.6998607553542,563.7015606486239,7.001699893269688,1.5,0.1017496739242063,5
2025-05-30,2025-05-27,2025-06-02,9.998267106676302,5.570680007114147,2386.003111822945,2270.6505893282592,2446.068230354227,175.4176410259679,1.0,0.112226446672478,5
2025-05-30,2025-05-27,2025-06-02,4.492724186444856,23.291849113257587,1864.5586440930656,1802.563928692136,1978.509485075716,175.94555638357997,1.0,0.2901991706579443,5
2025-05-30,2025-05-27,2025-06-02,13.187722811608454,4.202571253856966,433.29153530478834,431.0521513237618,435.4478257019073,4.395674378145486,2.0,0.1528854734020296,5
2025-05-30,2025-05-27,2025-06-02,4.153456762798644,4.948696501352213,436.32031934631055,435.4834975954145,437.40942956507206,1.9259319696575403,0.75,0.0896095418000012,5
2025-05-30,2025-05-27,2025-06-02,2.7482094161556474,3.2683774008402415,437.7141611923183,437.4462203918956,438.1526196761988,0.7063992843031883,0.75,0.1240872569362995,5
2025-05-30,2025-05-27,2025-06-02,3.5179142210865044,4.752266210250355,2369.2468789676464,2270.6505893282592,2444.8351778564975,174.18458852823824,0.75,0.3330717528486324,5
2025-05-30,2025-05-27,2025-06-02,10.29496314133612,5.710187874751585,2365.6690998981276,2270.6505893282592,2445.8169084065594,175.16631907830015,1.25,0.2201711449913617,5
2025-05-30,2025-05-27,2025-06-02,5.555677200193309,4.35963195379176,560.7795502217177,556.4446346117184,648.895148341544,92.45051372982562,1.25,0.1048563761042536,5
2025-06-07,2025-06-02,2025-06-13,2.351306402246386,6.947758984721285,1858.6353646385296,1800.566772274673,1969.577122085728,169.01034981105477,1.25,0.0641271013393372,6
2025-06-14,2025-06-13,2025-06-16,2.3887498162632443,4.125652165359773,558.1016323038928,556.4446346117184,563.7015606486239,7.256926036905497,1.25,0.0920106430189586,6
2025-06-14,2025-06-13,2025-06-16,2.2082702946715567,6.753824325178219,284.47748921539596,209.83209385396913,286.9381383792497,77.1060445252806,0.75,0.1466380447978003,6
2025-06-14,2025-06-13,2025-06-16,2.990536980558304,6.407589506272338,1870.2923625922892,1800.0432289778255,1969.970360155683,169.92713117785752,1.75,0.1169478844904772,6
2025-06-14,2025-06-13,2025-06-16,2.7446387749237005,3.992446227621637,560.3357147488737,557.829813614022,563.7015606486239,5.871747034601867,1.25,0.0714077671917113,6
2025-06-14,2025-06-13,2025-06-16,33.83288545995859,8.434747271929277,113.23405223875145,112.5844390457496,114.349550221581,1.7651111758314073,2.75,0.4926562081264429,6
2025-06-14,2025-06-13,2025-06-16,3.18049133467845,9.563758224091224,112.781303703196,112.5844390457496,113.27136257989332,0.6869235341437161,0.75,0.0581333836189973,6
2025-06-14,2025-06-13,2025-06-16,5.592936160486352,9.7872999963814,112.23819951224226,111.93875569524243,112.8150782752782,0.8763225800357759,0.75,0.1820495982742775,6
2025-06-21,2025-06-16,2025-06-27,2.5593464468696316,4.703457385392709,2450.1293374549086,2449.900580881629,2450.5486781890504,0.648097307421267,0.75,0.2039473543502725,6
2025-06-21,2025-06-16,2025-06-27,17.07176735336321,3.365286067097868,661.8182062556689,605.9058248368092,745.0864653545432,139.180640517734,1.25,0.1493530007665417,6
2025-06-21,2025-06-16,2025-06-27,2.6536663021255475,3.1017206109692266,732.3784014869644,715.76135610044,763.9862868557684,48.22493075532839,1.25,0.0522930430670656,6
2025-06-21,2025-06-16,2025-06-27,6.97827034669108,3.478375790614398,961.9820119299472,954.7747239866294,969.7671327874996,14.99240880087018,1.25,0.0828133261954268,6
2025-06-21,2025-06-16,2025-06-27,6.598644286826576,3.2751580902363906,1371.5655310552995,1365.5859522293322,1377.842604354024,12.256652124691756,1.25,0.062363923766773,6
2025-06-21,2025-06-16,2025-06-27,2.7137565280486644,4.187860724836481,561.8922778288761,561.4245403958485,562.5487331873737,1.1241927915252743,1.0,0.0524744163458495,6
2025-06-21,2025-06-16,2025-06-27,2.7357289508477804,5.419128744807522,128.55441915556494,128.34731112327427,129.03806995414195,0.6907588308677077,1.0,0.0211302395825607,6
2025-06-21,2025-06-16,2025-06-27,6.7210181177456265,3.566376830901991,127.78647113164648,118.25097537692636,137.72496448084712,19.47398910392076,1.5,0.0735150639073776,6
2025-06-21,2025-06-16,2025-06-27,2.3974434737212884,3.986595311924666,432.81607080667146,432.2713606534526,433.7515304465778,1.480169793125242,1.0,0.1087469625012393,6
2025-06-29,2025-06-27,2025-07-01,2.2782600752643076,3.284634833380155,437.59747217006645,437.17879033554345,438.390499482397,1.2117091468535364,0.75,0.1054144080759848,6
2025-06-29,2025-06-27,2025-07-01,3.9887544060018985,5.502615522588453,138.0183132673985,137.36795760318637,140.40016334550455,3.032205742318183,1.0,0.1895028048491298,6
2025-07-06,2025-07-01,2025-07-11,2.496353683902705,17.083905249440345,2039.5893836775076,2039.1245523393152,2040.1963320062496,1.0717796669341624,1.0,0.0895864809234211,7
2025-07-06,2025-07-01,2025-07-11,2.2236902569597654,4.786355112536558,2450.135128547543,2449.900580881629,2450.7573652323335,0.8567843507044017,1.0,0.0726097028285017,7
2025-07-06,2025-07-01,2025-07-11,3.95594366920916,23.42347810776357,1864.6020122421205,1802.3252318315208,1978.509485075716,176.18425324419513,1.0,0.1318377872897957,7
2025-07-06,2025-07-01,2025-07-11,2.6943211367743625,4.880131009553395,2441.5364866958753,2441.136298724916,2442.12310481444,0.9868060895241796,0.5,0.1827323789342509,7
2025-07-06,2025-07-01,2025-07-11,6.929771298866575,5.679000004493121,135.58499028314515,135.31525231571868,136.05003245640546,0.7347801406867802,1.5,0.0599911692110098,7
2025-07-06,2025-07-01,2025-07-11,2.040944993236996,5.4666959729146996,141.69793552907657,139.50716555304825,146.57858125818893,7.07141570514068,1.0,0.2000619781304694,7
2025-07-06,2025-07-01,2025-07-11,4.4064143739706605,5.600928836221505,119.2005424900757,118.86985566327348,119.74383302778006,0.8739773645065725,1.5,0.1296885135925273,7
2025-07-12,2025-07-11,2025-07-14,4.360999779882256,7.320355314532876,110.78864480123671,110.4535213871859,111.57168196467684,1.1181605774909258,1.5,0.0783292332562091,7
2025-07-12,2025-07-11,2025-07-14,2.747453496080867,7.904989667229598,111.66635371170132,111.34104273514822,112.16939492477104,0.8283521896228194,0.75,0.1116617885651214,7
2025-07-12,2025-07-11,2025-07-14,7.084196948193601,8.165637863013092,112.59655872311914,112.36921115079896,113.05617283284664,0.6869616820476949,1.5,0.141689764938401,7
2025-07-12,2025-07-11,2025-07-14,9.444997556663724,4.16369319073639,433.14287349269927,431.0521513237618,435.2098528011702,4.157701477408409,1.75,0.1214281557166163,7
2025-07-12,2025-07-11,2025-07-14,2.3862401731469367,4.860009324677339,436.3117825695373,435.72139588883147,437.1715609636158,1.450165074784309,0.5,0.0223904340046489,7
2025-07-12,2025-07-11,2025-07-14,2.0985760860350715,11.943986791945512,1349.0183740827283,1348.1432162118144,1350.064125592355,1.9209093805402515,0.75,0.1459432078703093,7
2025-07-12,2025-07-11,2025-07-14,45.31125099223102,8.27969773809913,113.14867304571084,111.55619481950998,114.56473975162952,3.0085449321195483,2.75,0.4152812827455708,7
2025-07-12,2025-07-11,2025-07-14,3.561272089845587,9.284196202579809,111.499953528037,111.34104273514822,112.00198600441216,0.660943269263953,0.75,0.0946727823630675,7
2025-07-12,2025-07-11,2025-07-14,2.000208339321506,7.441593600082101,111.2201830393504,111.12589091667904,111.57168196467684,0.4457910479977727,0.75,0.1067815365732373,7
2025-07-12,2025-07-11,2025-07-14,2.9121535464853188,9.643006800409776,112.99510679829956,112.82553360331804,113.4865522608161,0.6610186574980617,0.5,0.0149446680852059,7
2025-07-18,2025-07-14,2025-07-22,7.010452360944124,8.832694126645993,91.43286387337368,91.2400467810221,91.87417730968446,0.6341305286623538,1.0,0.0973504491349543,7
2025-07-18,2025-07-14,2025-07-22,38.49537453428833,6.000632450560961,108.91080855578429,60.26243609050289,136.73866048641503,76.47622439591214,2.5,0.4176304815266574,7
2025-07-18,2025-07-14,2025-07-22,2.0404975531317104,8.409815417750822,111.12589091667904,111.12589091667904,111.35653014620766,0.2306392295286059,1.0,0.0849531074722609,7
2025-07-18,2025-07-14,2025-07-22,39.0473817957977,5.42828377591463,897.6102330492891,891.0362346260808,903.4319478082472,12.39571318216622,6.25,0.2231398599590853,7
2025-07-18,2025-07-14,2025-07-22,6.29135954747929,8.858604383018545,901.4661432230396,901.141317973379,902.0938903493808,0.9525723760016264,3.25,0.0673355669404781,7
2025-07-18,2025-07-14,2025-07-22,11.42832414226027,10.73139973633142,896.9646503009368,895.4182174918242,899.5336576346308,4.115440142806619,3.75,0.0809071505673117,7
2025-07-18,2025-07-14,2025-07-22,2.279489670656732,11.629778820074408,894.6730838660624,893.9672294445336,895.6488567213528,1.681627276819199,1.75,0.0473519014253499,7
2025-07-18,2025-07-14,2025-07-22,4.369546635470705,9.067395407419957,894.4343207929746,892.9939263742417,895.6488567213528,2.654930347111076,3.25,0.0673867682727122,7
2025-07-18,2025-07-14,2025-07-22,5.303145118399774,6.29910088607097,114.0034350387078,63.231387082487345,135.77543102251366,72.54404394002631,1.0,0.1825807201620113,7
2025-07-18,2025-07-14,2025-07-22,4.7626070844964055,6.9549150033644125,132.68994289137282,132.24042118061334,133.8821251471527,1.6417039665393531,1.25,0.2006390980468393,7
2025-07-18,2025-07-14,2025-07-22,2.7056401029223234,6.041005172470083,128.9660250930657,128.34731112327427,129.84651355445385,1.499202431179583,1.25,0.1020968655596576,7
2025-07-25,2025-07-22,2025-07-29,4.074382967851873,5.262314295804511,135.31025764440304,135.0183282098733,135.8213010886684,0.8029728787951171,1.0,0.2211343129173431,7
2025-07-25,2025-07-22,2025-07-29,7.018201839056285,5.531573300119786,134.10600858737865,94.9180305157788,140.21727505885065,45.29924454307184,1.25,0.2268986110020301,7
2025-07-25,2025-07-22,2025-07-29,8.11284998764425,4.2492427968114965,433.2914323752192,431.29029387841,435.2098528011702,3.9195589227601886,1.75,0.113361179271914,7
2025-07-25,2025-07-22,2025-07-29,2.4931034005605737,5.491024072491538,95.258635188214,95.1899253022857,95.69245932390912,0.5025340216234326,1.25,0.1297867096231752,7
2025-07-25,2025-07-22,2025-07-29,3.4305361453609406,5.43623396730104,136.18111287961082,135.68791265040636,136.73866048641503,1.050747836008668,1.0,0.159325582331831,7
2025-07-25,2025-07-22,2025-07-29,3.1887637872435666,3.759636130441968,628.4559008759446,561.0623132400215,658.7083542272449,97.6460409872234,0.75,0.0752840634061604,7
2025-07-25,2025-07-22,2025-07-29,3.803810573823648,6.18889499268454,811.8216364595405,811.5497764693573,812.2498538726941,0.7000774033367634,1.0,0.2081712958567614,7
2025-07-25,2025-07-22,2025-07-29,3.1599598304658127,18.947404600544743,2236.28727226749,2235.5802027136087,2241.00426026294,5.424057549331337,1.0,0.2004701178412221,7
2025-07-25,2025-07-22,2025-07-29,2.6161465465237157,17.14879562550554,2039.6291574989257,2039.1245523393152,2040.6169425100088,1.4923901706933975,1.0,0.1008750790103296,7
2025-07-25,2025-07-22,2025-07-29,5.271382406266013,9.595422765800796,112.78932504832764,112.36921115079896,113.4865522608161,1.1173411100171506,0.75,0.1419261062738201,7
2025-07-25,2025-07-22,2025-07-29,8.641846661522584,9.031119984568624,112.8907612490224,112.36921115079896,113.7017419571057,1.3325308063067496,1.25,0.3489627107726536,7
2025-07-25,2025-07-22,2025-07-29,7.136350243970756,8.288404548372798,113.30289793745207,113.04072335036471,113.7017419571057,0.6610186067409813,1.5,0.3515447591081451,7
2025-07-25,2025-07-22,2025-07-29,4.626603340009325,4.6715132828329535,435.155713292888,434.2350809564814,436.1899333400652,1.954852383583784,1.0,0.0535664949155931,7
2025-07-25,2025-07-22,2025-07-29,2.3686695000433735,4.234145174498199,2390.231599511556,2274.439170308411,2449.8134269327857,175.37425662437454,0.75,0.1671980225830993,7
2025-08-01,2025-07-29,2025-08-05,2.401073735194069,4.603815144155898,557.6216846807894,556.9550870480016,558.200525061693,1.2454380136914551,1.25,0.0630151546730943,8
2025-08-01,2025-07-29,2025-08-05,4.918961627359786,5.653736851199026,121.40852684128674,118.25097537692636,128.98751295451075,10.736537577584386,1.0,0.1829880212954338,8
2025-08-01,2025-07-29,2025-08-05,2.5255462677822145,7.873644631229422,111.66441322021323,111.55619481950998,112.00198600441216,0.4457911849021911,1.0,0.0129941586951438,8
2025-08-01,2025-07-29,2025-08-05,4.604756615590302,5.996408969009439,125.98937119305752,60.26243609050289,130.7832225849852,70.52078649448231,1.0,0.119593870910603,8
2025-08-09,2025-08-05,2025-08-13,3.093269920649542,3.3791151026433957,102.2003163138706,102.0884050903842,102.53689610539004,0.4484910150058567,0.5,0.152589029442224,8
2025-08-09,2025-08-05,2025-08-13,6.598176723448514,4.111883943459214,432.7904150866136,431.29029387841,434.2276570117101,2.937363133300096,1.75,0.1326682675372368,8
2025-08-09,2025-08-05,2025-08-13,2.7709977252292215,5.146012553659456,1871.265956061124,1802.3252318315208,1979.4026349629276,177.07740313140675,1.0,0.1322277669898405,8
2025-08-09,2025-08-05,2025-08-13,2.485195934576185,3.6225388917800303,2021.8177949190945,2020.4749721172263,2023.225454099011,2.7504819817841053,1.0,0.0779701709400264,8
2025-08-09,2025-08-05,2025-08-13,2.0206633289697464,3.2720974086344268,777.0522775346973,774.5296777659096,779.90002788743,5.37035012152046,1.25,0.0480165564425389,8
2025-08-09,2025-08-05,2025-08-13,5.341475397913977,5.770656614538175,100.8271625945096,60.26243609050289,131.0131065552123,70.7506704647094,1.25,0.0471349435987104,8
2025-08-17,2025-08-13,2025-08-21,5.083623622291365,8.239768624594953,112.50617485914874,112.36921115079896,113.05617283284664,0.6869616820476949,1.25,0.1379911577613506,8
2025-08-17,2025-08-13,2025-08-21,3.85844358727708,5.950627673950086,127.58350914701352,127.45314594404772,128.11696712952107,0.6638211854733527,1.25,0.3291350584456558,8
2025-08-17,2025-08-13,2025-08-21,2.7105673641023578,7.95794767670042,111.4609622875608,111.34104273514822,111.7868340490386,0.4457913138903677,1.25,0.1554671780582874,8
2025-08-17,2025-08-13,2025-08-21,2.4298073470068164,5.0440559415667625,139.11245981691783,137.36795760318637,140.40016334550455,3.032205742318183,0.5,0.1644035804811917,8
2025-08-17,2025-08-13,2025-08-21,3.001327494571607,5.542882150930681,110.0730410240541,86.83699896698818,144.5717206588015,57.73472169181332,1.25,0.1027667719955373,8
2025-08-17,2025-08-13,2025-08-21,3.979900742578368,5.626635612657251,136.01872444965255,135.31525231571868,136.73866048641503,1.423408170696348,1.5,0.025907143792084,8
2025-08-17,2025-08-13,2025-08-21,6.650729544031022,5.566178806943976,102.42847585725424,63.231387082487345,135.31635226868093,72.08496518619359,1.5,0.0376278893026141,8
2025-08-17,2025-08-13,2025-08-21,2.854132212110881,4.978829436897456,954.520953742575,953.4328818493524,955.2793940287085,1.8465121793560684,1.0,0.154356255556161,8
2025-08-17,2025-08-13,2025-08-21,2.1303782374770823,3.787707352377179,713.5558093950053,712.870938513428,714.5545335398056,1.6835950263775885,1.25,0.0646703482304353,8
2025-08-17,2025-08-13,2025-08-21,41.775256385343695,8.545542148549828,113.3027716558886,112.36921115079896,114.56473975162952,2.1955286008305848,2.75,0.5388148037005602,8
2025-08-17,2025-08-13,2025-08-21,2.5024108466682,7.9269985278656,112.58443904574962,112.5844390457496,112.8150782752782,0.2306392295286059,1.0,0.2069952805077753,8
2025-08-23,2025-08-21,2025-08-25,2.2291760110341032,5.547265087169625,145.63242703726365,145.47196633554995,146.14803631044924,0.676069974899292,1.5,0.1367107876498491,8
2025-08-23,2025-08-21,2025-08-25,2.270556263719593,6.124247749253578,128.41051402014418,63.849024653900415,136.73866048641503,72.88963583251461,2.0,0.2249625833956774,8
2025-08-23,2025-08-21,2025-08-25,4.128330925133798,4.579837277736677,2381.8020847485927,2266.7942904117517,2440.6938382838853,173.89954787213355,1.0,0.1837784147970581,8
2025-08-23,2025-08-21,2025-08-25,2.9022640822819765,3.4272311728952203,143.61435914123084,141.54209154751152,145.91860216809437,4.376510620582849,1.0,0.0805291102838451,8
2025-08-23,2025-08-21,2025-08-25,2.3513022507402552,6.312459056622399,135.6566212981076,134.8561733760871,136.73866048641503,1.8824871103279293,1.75,0.1678829752958296,8
2025-08-30,2025-08-25,2025-09-05,13.761507202149334,3.6596962529528874,95.92084528720406,37.136100207455456,113.12009968794882,75.98399948049337,2.0,0.0677107478127205,8
2025-08-30,2025-08-25,2025-09-05,2.4485765945264326,4.293736798383512,103.89008133967788,42.86993162659928,113.12009968794882,70.25016806134954,1.0,0.0340796899053928,8
2025-08-30,2025-08-25,2025-09-05,2.558881132224058,5.311922051315331,114.64866120633788,114.35582222323865,115.04881966300309,0.6929974397644401,0.75,0.1837107924710386,8
2025-08-30,2025-08-25,2025-09-05,3.273554263793242,3.56055813099013,563.2776089424393,562.7743461211212,564.0675607142039,1.2932145930826664,0.75,0.0488484114069147,8
2025-08-30,2025-08-25,2025-09-05,5.95540589062314,6.533284360530963,118.61790168501868,63.849024653900415,136.73866048641503,72.88963583251461,1.75,0.0481703975779124,8
2025-08-30,2025-08-25,2025-09-05,2.208918967504606,5.4586447333834345,118.91501087688631,118.67986919311808,119.5293868565932,0.849517663475126,0.75,0.0702517127326175,8
2025-08-30,2025-08-25,2025-09-05,2.655543763113718,6.3326298865908575,123.0361540638001,81.72144921217114,221.19814758282155,139.4766983706504,0.5,0.1947157039712957,8
2025-08-30,2025-08-25,2025-09-05,4.196688933177634,4.522707687898417,434.1179621183717,433.2148134619929,435.2098528011702,1.9950393391773105,1.0,0.0630594068112234,8
2025-09-08,2025-09-05,2025-09-11,4.6718512972543955,5.235477214271255,98.96033042884066,98.76797527866438,99.3935226360336,0.6255473573692143,0.75,0.2961463610836281,9
2025-09-08,2025-09-05,2025-09-11,4.585385803300268,5.9214640473251,111.71882691233604,61.188974427990615,132.93073710240424,71.74176267441362,1.5,0.1520855806063863,9
2025-09-08,2025-09-05,2025-09-11,5.519952106096246,6.129964818855756,118.01152135584394,63.231387082487345,133.8821251471527,70.65073806466535,1.5,0.2081314153184848,9
2025-09-08,2025-09-05,2025-09-11,3.4092514310844706,5.133143572310451,145.0546088938907,139.50716555304825,146.57858125818893,7.07141570514068,1.25,0.0268757779362772,9
2025-09-08,2025-09-05,2025-09-11,2.1520891730497205,5.247755185316222,137.7292630282786,137.588048373349,138.0387781751342,0.4507298017852008,2.0,0.0786746240124759,9
2025-09-08,2025-09-05,2025-09-11,3.3533957990753067,5.377606055817666,135.25066949413824,134.62250077258795,135.91627414431423,1.2937733717262745,1.5,0.2161303707692565,9
2025-09-08,2025-09-05,2025-09-11,2.3660571648101176,10.293356830721184,901.239966833836,900.0343057983555,902.0938903493808,2.059584551025182,3.0,0.0588028638926273,9
2025-09-08,2025-09-05,2025-09-11,3.67439025316404,5.628524206936236,134.84214263071564,134.40530464006588,135.4821445341222,1.0768398940563202,1.0,0.122533826800052,9
2025-09-08,2025-09-05,2025-09-11,12.487693598979924,6.26486914294004,112.90436095402424,60.26243609050289,133.8821251471527,73.6196890566498,1.25,0.2474605958740539,9
2025-09-08,2025-09-05,2025-09-11,5.765570546345431,4.2568793793990505,2360.1382004203806,2270.6505893282592,2445.084203442093,174.43361411383376,1.0,0.2055705651181269,9
2025-09-08,2025-09-05,2025-09-11,4.326058686186168,4.466292298629552,2450.188483500756,2449.900580881629,2450.7573652323335,0.8567843507044017,1.5,0.244158800740214,9
2025-09-08,2025-09-05,2025-09-11,4.467613340329929,4.524121515267748,2336.832095926965,2270.140388089698,2444.586124241352,174.44573615165427,1.0,0.2665207437363907,9
2025-09-08,2025-09-05,2025-09-11,2.668778995300217,4.476858710538705,2450.249521446897,2449.900580881629,2451.2531445357017,1.3525636540725827,1.0,0.1311330936418826,9
2025-09-08,2025-09-05,2025-09-11,2.963721018619472,4.5717886456296215,1882.9851696827652,1802.936002151575,1963.4455603486856,160.5095581971109,0.75,0.1275765497128675,9
2025-09-13,2025-09-11,2025-09-15,7.335343464815741,8.004413618176477,114.02579770743549,113.68853192823008,114.56473975162952,0.8762078233994544,0.75,0.2965982305400746,9
2025-09-13,2025-09-11,2025-09-15,2.9005564294265462,9.952003790902031,276.45987112593735,276.0944859101437,277.07500439323485,0.9805184830911458,1.0,0.0260884294326633,9
2025-09-13,2025-09-11,2025-09-15,2.204986568641143,5.4207196353890605,128.4290228635471,128.11256739962846,128.98751295451075,0.874945554882288,1.0,0.0341073045318193,9
2025-09-13,2025-09-11,2025-09-15,3.2375803099675173,8.1287300962837,114.23305995280494,114.1189109920524,114.56473975162952,0.4458287595771253,1.0,0.1774574800783286,9
2025-09-13,2025-09-11,2025-09-15,5.992387737881905,6.187836896424977,134.7880996157287,134.69392282888293,135.1421257662587,0.4482029373757541,1.25,0.1949677033326015,9
2025-09-13,2025-09-11,2025-09-15,4.820588806583171,5.3222758440777405,145.7299418399023,145.24925094284117,146.14803631044924,0.8987853676080704,1.0,0.0381642419882846,9
2025-09-13,2025-09-11,2025-09-15,2.107171894799988,5.824673347033374,144.3662310809958,139.50716555304825,146.57858125818893,7.07141570514068,1.75,0.0485450320001733,9
2025-09-13,2025-09-11,2025-09-15,4.812099553142297,13.252565640594156,2228.774683559012,2227.8744658450596,2230.0081081357785,2.1336422907188535,0.75,0.1865287697268688,9
2025-09-13,2025-09-11,2025-09-15,3.4026384277758117,12.383793398360444,1348.8494930901363,1348.1432162118144,1349.8293619062752,1.6861456944607198,0.5,0.1334571213558942,9
2025-09-18,2025-09-15,2025-09-22,3.187470477763985,5.742338365174203,109.18665239340235,109.09569528372958,109.5415121819824,0.445816898252815,1.25,0.0814779467857819,9
2025-09-18,2025-09-15,2025-09-22,3.632276683048264,6.281826876598838,111.47719591007711,81.43908883072436,221.19814758282155,139.7590587520972,0.75,0.084668272996969,9
2025-09-18,2025-09-15,2025-09-22,3.0407770086069053,8.616232473479949,103.394132221199,103.17666153470054,103.84410365205258,0.6674421173520386,0.75,0.2842919570007225,9
2025-09-18,2025-09-15,2025-09-22,10.138536120094862,7.995709567700567,2234.942961570188,2234.199933820404,2236.021181839984,1.821248019579798,1.5,0.4658771071586007,9
2025-09-18,2025-09-15,2025-09-22,5.52076741577263,5.5241325755186255,109.08528640011158,108.88051790138708,109.5415121819824,0.6609942805953324,0.75,0.0987466803897151,9
2025-09-26,2025-09-22,2025-09-30,3.953358780044218,10.495545042836923,114.12791995648082,113.9037214498967,114.56473975162952,0.6610183017328382,0.75,0.0275012672679957,9
2025-09-26,2025-09-22,2025-09-30,4.557637597595681,9.42840958747061,114.96637112264632,114.61463473644108,115.49105067458004,0.8764159381389618,0.75,0.0979829563966246,9
2025-09-26,2025-09-22,2025-09-30,5.376203899900247,9.744748019252668,114.05536270385228,113.68853192823008,114.56473975162952,0.8762078233994544,0.75,0.1361701252265882,9
2025-09-26,2025-09-22,2025-09-30,7.361565992016997,3.244914131793559,9.270258656310205,9.09522310225293,9.623746083583685,0.5285229813307524,1.5,0.2243684994723329,9
2025-09-26,2025-09-22,2025-09-30,33.33269470329145,3.1485008918211457,38.77994204513858,9.690990591421723,67.43841260764748,57.747422016225755,1.5,0.690615776659949,9
2025-09-26,2025-09-22,2025-09-30,2.588562094672094,8.812473687844841,106.03560379361063,103.2343099527061,115.49105067458004,12.25674072187394,0.5,0.2127433981741406,9
2025-09-26,2025-09-22,2025-09-30,4.451326462837729,5.870074701603883,1862.7770011497907,1800.0432289778255,1969.577122085728,169.53389310790226,1.75,0.0651128283702176,9
2025-09-26,2025-09-22,2025-09-30,3.571839402744514,9.26150447206457,104.7910561540481,103.2343099527061,115.49105067458004,12.25674072187394,0.75,0.1660272861471426,9
2025-09-26,2025-09-22,2025-09-30,3.041644788708007,5.372068807064662,74.95766526648484,74.47298598801717,75.54683320596814,1.07384721795097,1.0,0.1967469994612254,9
2025-09-26,2025-09-22,2025-09-30,3.323963177417666,7.942281338326708,111.42159474287337,111.12589091667904,112.00198600441216,0.8760950877331197,1.0,0.1908494775583935,9
2025-09-26,2025-09-22,2025-09-30,2.046668305717749,4.9518492865872314,112.09492006495908,111.55619481950998,112.59985038032757,1.0436555608175695,0.75,0.149390654263384,9
2025-09-26,2025-09-22,2025-09-30,2.703055444396611,6.000799552127086,75.10557725593515,74.75405555125326,75.9522977587767,1.1982422075234354,1.0,0.1047375249516613,9
2025-09-26,2025-09-22,2025-09-30,2.989804585684936,5.540544051018572,96.85883855899736,63.849024653900415,135.5458915452473,71.69686689134687,1.0,0.1049512728142582,9
2025-09-26,2025-09-22,2025-09-30,5.845385212157257,4.1693414648196745,2400.0352360013544,2261.63821324287,2435.6708767917007,174.0326635488309,1.25,0.5110415624341971,9
2025-09-26,2025-09-22,2025-09-30,3.096098134201638,3.8845510229356215,2439.1677474479643,2438.393559889868,2439.952964027412,1.559404137544334,1.0,0.1526780973524253,9
2025-09-26,2025-09-22,2025-09-30,4.133784389716003,4.61189316478049,2419.6068624983063,2266.257226638496,2439.952964027412,173.6957373889163,1.0,0.3296924511740123,9
2025-09-26,2025-09-22,2025-09-30,12.338347144425382,4.923542608524897,2371.9419766004276,2266.7942904117517,2441.2398623651825,174.44557195343077,2.0,0.4275088399932402,9
2025-10-04,2025-09-30,2025-10-08,4.8611715088129515,8.499318864921158,92.70895925752453,92.5508085549809,93.22677986184137,0.6759713068604469,0.75,0.0180244533076712,10
2025-10-04,2025-09-30,2025-10-08,8.131797230989253,8.684900830032632,91.32272942381933,91.0177552010864,91.87417730968446,0.8564221085980535,1.25,0.0904707263501796,10
2025-10-04,2025-09-30,2025-10-08,6.847430787532567,8.861484964511178,90.60957046986572,90.27466356381774,91.248394430615,0.9737308667972684,1.0,0.2102436816358702,10
2025-10-04,2025-09-30,2025-10-08,4.868204275519353,8.722324364972213,88.21020058116044,88.01665122853592,88.69188013998792,0.6752289114519954,0.75,0.3542114075238,10
2025-10-04,2025-09-30,2025-10-08,6.726475503194733,3.5014864823626266,100.97995700266208,100.6935442239046,101.67167361127213,0.9781293873675168,0.75,0.3470169089288949,10
2025-10-04,2025-09-30,2025-10-08,7.693327838536273,5.33125466831172,99.97107496961944,99.59820975875482,100.7064963565208,1.1082865977659822,1.0,0.2523704798894661,10
2025-10-04,2025-09-30,2025-10-08,20.430409272353373,5.3531486619551965,102.566135968025,98.33266358450057,115.49105067458004,17.158387090079486,1.5,0.2844458703087351,10
2025-10-04,2025-09-30,2025-10-08,2.329817745231206,5.446230436513937,742.4211492558475,718.6540297595784,763.9862868557684,45.332257096190006,1.0,0.0706563194208479,10
2025-10-04,2025-09-30,2025-10-08,2.807806016467765,5.974479152013705,109.09445514774303,108.88051790138708,109.5415121819824,0.6609942805953324,1.25,0.0304947030829981,10
2025-10-04,2025-09-30,2025-10-08,2.3727685357501698,6.383962594502176,140.8329680407707,139.50716555304825,146.57858125818893,7.07141570514068,1.0,0.074916086050656,10
2025-10-04,2025-09-30,2025-10-08,6.039144940585202,4.621622753795523,2449.5637415571528,2448.9833521954715,2450.5486781890504,1.565325993578881,1.25,0.1356232353356131,10
2025-10-04,2025-09-30,2025-10-08,6.342176346581136,4.370834622051472,2385.496140835077,2275.4094405714422,2451.0033139646985,175.59387339325622,1.0,0.138526417547058,10
2025-10-04,2025-09-30,2025-10-08,12.047079780630597,4.487383321268105,2356.8267427548462,2270.140388089698,2445.084203442093,174.94381535239518,1.25,0.1942320785536569,10
2025-10-04,2025-09-30,2025-10-08,3.00789592684916,4.67397666115544,2441.297651630384,2440.891035671346,2442.12310481444,1.2320691430941224,1.0,0.1567007390581614,10
2025-10-04,2025-09-30,2025-10-08,11.325842079990952,4.500027007729403,2430.517378470627,2266.257226638496,2439.952964027412,173.6957373889163,1.5,0.3453684858524575,10
2025-10-04,2025-09-30,2025-10-08,5.317757324446367,4.420180153917942,2449.7307972244057,2449.1895532421768,2450.7573652323335,1.5678119901567698,1.25,0.19395798749121,10
2025-10-04,2025-09-30,2025-10-08,2.5666000506383067,4.640904663174489,2385.827293115685,2274.439170308411,2449.8134269327857,175.37425662437454,1.0,0.118607484015594,10
2025-10-04,2025-09-30,2025-10-08,4.7515550832566245,4.461347374366148,2450.416207829256,2450.088203016669,2451.0033139646985,0.9151109480299056,1.5,0.1419178029835344,10
2025-10-04,2025-09-30,2025-10-08,10.097507707554016,4.364706597316205,2346.2694752740463,2270.140388089698,2445.084203442093,174.94381535239518,1.0,0.1867352934519736,10
2025-10-04,2025-09-30,2025-10-08,3.3712080667718007,9.508002305907876,2437.8081886990653,2437.5171894622035,2438.332101004198,0.8149115419946611,0.75,0.0138604099364247,10
2025-10-04,2025-09-30,2025-10-08,8.394880596255264,4.4655853866938715,2438.639263076807,2437.8093381687067,2439.659161571879,1.849823403172195,1.5,0.2446210080680096,10
2025-10-04,2025-09-30,2025-10-08,11.296247030655914,5.624359329633645,135.74158074414834,135.2515053045936,136.3540892819874,1.102583977393806,1.25,0.2341421457499971,10
2025-10-04,2025-09-30,2025-10-08,4.53376470754525,5.504834124066587,145.07383019516757,144.78650274546817,145.70260556507856,0.9161028196103872,1.0,0.175747263475675,10
2025-10-04,2025-09-30,2025-10-08,2.777794086725356,5.257681953737133,145.60079062120676,145.47196633554995,145.92532074358314,0.4533544080331921,0.75,0.1615495856416715,10
2025-10-04,2025-09-30,2025-10-08,3.914440601133946,3.3179079518684063,696.2467245096519,679.2405576109886,754.7123767705634,75.4718191595748,1.25,0.061209601451017,10
2025-10-04,2025-09-30,2025-10-08,2.509182126148123,6.324372908935254,89.52049207857063,63.231387082487345,135.31635226868093,72.08496518619359,1.75,0.1070541223206407,10
2025-10-12,2025-10-08,2025-10-17,3.5135484511107578,5.591908871715777,1880.3768282195729,1800.9221015991643,1969.970360155683,169.0482585565187,1.75,0.1391482570053148,10
2025-10-12,2025-10-08,2025-10-17,7.822720482488337,3.003765195391031,82.5004635557284,82.21071563335136,82.90032364381477,0.6896080104634166,1.25,0.3681607152492053,10
2025-10-19,2025-10-17,2025-10-22,8.308459961631279,3.3863227446325497,66.73830287922208,66.52097678743303,67.20948041789234,0.6885036304593086,1.0,0.4677358344317135,10
2025-10-24,2025-10-22,2025-10-27,2.5699172193570017,6.334161686897609,865.1152748066678,864.9874463728629,865.4563629510812,0.4689165782183409,1.0,0.3353441874360835,10
2025-10-24,2025-10-22,2025-10-27,3.3986276115743097,4.3990663397958185,433.98971594619456,433.2148134619929,434.97187983896583,1.7570663769729435,1.0,0.0557941584092723,10
2025-10-24,2025-10-22,2025-10-27,3.450907182329632,8.318819524460045,112.4540572981559,112.36921115079896,112.8150782752782,0.445867124479264,1.25,0.2878196731156163,10
2025-10-24,2025-10-22,2025-10-27,2.718194603422869,7.916569495563715,111.4587733437073,111.34104273514822,111.7868340490386,0.4457913138903677,1.0,0.13902956394517,10
2025-10-24,2025-10-22,2025-10-27,2.415769490301558,5.923451688834554,169.8724337779635,72.82151324255392,213.17591739958152,140.3544041570276,0.75,0.2043091523531553,10
2025-10-24,2025-10-22,2025-10-27,3.916513009930874,8.541289710088366,113.8895099065726,113.68853192823008,114.349550221581,0.661018293350935,0.75,0.2782365213635979,10
2025-10-24,2025-10-22,2025-10-27,35.18567333724722,9.427906770931171,113.66457285763416,112.36921115079896,115.42696897406132,3.0577578232623637,1.5,0.4616901592848255,10
2025-10-24,2025-10-22,2025-10-27,12.847921688785116,3.278337146317778,1272.0190338351413,1263.552898329217,1280.8161779823713,17.263279653154314,1.5,0.0880797911629546,10
2025-10-24,2025-10-22,2025-10-27,2.1316393151243376,3.3535151357313504,1251.5809992700597,1247.54548736196,1254.303526401054,6.758039039094001,1.0,0.0469717303306343,10
2025-10-24,2025-10-22,2025-10-27,2.8985135424509973,4.710010668556225,2450.114107171762,2449.900580881629,2450.5486781890504,0.648097307421267,0.75,0.1505166299159458,10
2025-11-01,2025-10-27,2025-11-06,14.881540599875557,3.1283264584037225,1850.334077696612,1829.895641132258,1876.2348867831752,46.33924565091729,1.75,0.1492524814642741,11
2025-11-01,2025-10-27,2025-11-06,2.3596330550304425,19.391176763100585,1593.027740485859,1592.835465760436,1593.5277907559648,0.6923249955289066,1.5,0.1401576704089806,11
2025-11-01,2025-10-27,2025-11-06,5.605991667053241,3.2991861978754846,2237.903863791305,2200.6554939760827,2292.8344271867536,92.17893321067096,1.25,0.1335881181326048,11
2025-11-01,2025-10-27,2025-11-06,2.2136326567580973,5.087389681922395,865.8469499707162,865.7191771729849,866.1880762805231,0.4688991075381636,0.75,0.1470004064346264,11
2025-11-01,2025-10-27,2025-11-06,3.779901934692638,3.3603207173554273,2021.4373808978776,2019.1652177013457,2023.225454099011,4.060236397664994,1.25,0.2511425277346859,11
2025-11-01,2025-10-27,2025-11-06,7.705989701598164,3.4718407093539563,1272.657688086905,1264.4704127395526,1284.9357883152552,20.465375575702637,1.0,0.0832315288341417,11
2025-11-01,2025-10-27,2025-11-06,3.773738850860982,3.4536328711943094,1250.2318928951584,1245.4319005259313,1254.303526401054,8.871625875122845,1.0,0.0552252043114947,11
2025-11-01,2025-10-27,2025-11-06,2.5374375075184425,3.4731774058610307,1188.3636179044604,1186.3656093017198,1190.7900499827228,4.424440681003034,1.0,0.0372232688672144,11
2025-11-01,2025-10-27,2025-11-06,2.1894985677802237,3.4293805878960413,842.4467307688216,835.7378934766166,849.1885098055936,13.450616328977048,1.0,0.0522375216868641,11
2025-11-08,2025-11-06,2025-11-10,5.104599683618917,3.339162946630281,88.16894509563487,87.97902667662129,88.67084719566628,0.6918205190449953,1.25,0.3073471972414233,11
2025-11-08,2025-11-06,2025-11-10,4.132468016313468,4.791388167292733,954.1411574042168,953.4300776449963,955.047215684317,1.617138039320707,1.25,0.0487899756268116,11
2025-11-08,2025-11-06,2025-11-10,2.020519006471869,3.967844936101092,562.9914971884165,562.3180939578451,563.8918295688927,1.5737356110475955,1.0,0.0919990472816141,11
2025-11-08,2025-11-06,2025-11-10,2.060635817458001,4.5074586250644275,713.5769287831382,712.870938513428,714.5545335398056,1.6835950263775885,0.75,0.0611280326216947,11
2025-11-08,2025-11-06,2025-11-10,5.304148168408994,3.242284857146491,133.59697457997544,127.02238052664325,140.32010054122657,13.29772001458332,1.5,0.0752658621539446,11
2025-11-08,2025-11-06,2025-11-10,10.188750374209562,3.5516481547778587,1275.139523120189,1265.1729398150928,1290.0989160183815,24.925976203288883,1.25,0.0902043886912445,11
2025-11-08,2025-11-06,2025-11-10,2.5569137219363713,3.587353913881123,1823.7958710488267,1820.4815896893851,1828.5794112845324,8.097821595147252,1.25,0.049893948934833,11
2025-11-08,2025-11-06,2025-11-10,5.04329081766678,3.5225234854414915,1850.9636576613432,1831.692096472252,1872.449525832664,40.75742936041206,1.0,0.0799772232968121,11
2025-11-08,2025-11-06,2025-11-10,3.599337883823329,3.421519381047794,1236.2800874130646,1232.506013339851,1240.9967748145573,8.490761474706233,0.5,0.0456129669859297,11
2025-11-08,2025-11-06,2025-11-10,24.00542699900041,4.078127807803125,1247.3303118535923,1228.7807192201726,1261.832337809261,33.05161858908832,2.5,0.1307690136088881,11
2025-11-08,2025-11-06,2025-11-10,4.822158767818573,3.672905672115327,1191.1474546242894,1184.5106063564308,1199.017101907637,14.506495551206172,1.25,0.0670550696971153,11
2025-11-08,2025-11-06,2025-11-10,3.287214852378799,3.43717934748414,710.6269348212867,695.2145055895671,754.7123767705634,59.4978711809963,1.5,0.0596924088531691,11
2025-11-08,2025-11-06,2025-11-10,4.485637680797974,3.5133070714501273,2241.5496295376406,2207.9334457288496,2281.669102155138,73.73565642628819,0.75,0.0595946046168476,11
2025-11-08,2025-11-06,2025-11-10,2.956144289290228,3.6006795206261852,881.1049424760049,876.226805172395,886.6308524329215,10.404047260526568,1.0,0.0607701250677371,11
2025-11-08,2025-11-06,2025-11-10,6.013291782110037,3.681579683833046,990.6158139293188,977.052453909535,1002.064028312452,25.011574402917176,1.0,0.0834682825846413,11
2025-11-08,2025-11-06,2025-11-10,3.8385463409456473,3.519425149550926,1173.2893599859394,1164.6714042895474,1183.7121022348292,19.040697945281863,0.75,0.0579604785965314,11
2025-11-08,2025-11-06,2025-11-10,2.608153744024402,5.073160963958554,2233.268909626983,2232.6802426977083,2234.115012914408,1.4347702166996896,0.75,0.0416522322205569,11
2025-11-08,2025-11-06,2025-11-10,2.690342667724802,4.347862645299478,901.9188861888794,900.2736538769677,903.909661584068,3.6360077071003616,2.0,0.0613253801112602,11
2025-11-08,2025-11-06,2025-11-10,2.0879440788322614,5.187286997503276,74.77721076862733,74.47298598801717,75.26576410932466,0.7927781213074923,1.0,0.1029552869287971,11
2025-11-08,2025-11-06,2025-11-10,3.0722275505435,3.925912916867172,562.860258297119,562.0932048237883,563.6669413154013,1.57373649161309,1.0,0.1029205340846871,11
2025-11-13,2025-11-10,2025-11-17,2.333765135644588,5.579963288204763,142.68271147211493,142.52129155304283,142.974817823153,0.4535262701101601,1.25,0.2073318799492445,11
2025-11-13,2025-11-10,2025-11-17,2.9570486257092097,3.146259876297665,82.63781397404347,82.44020006153733,82.90032364381477,0.460123582277447,1.0,0.4020592277729775,11
2025-11-13,2025-11-10,2025-11-17,3.595417074581149,8.397905066883231,112.4726364760135,112.36921115079896,112.8150782752782,0.445867124479264,1.0,0.1591956578343295,11
2025-11-13,2025-11-10,2025-11-17,2.9175089893949733,4.934771395131808,2372.041376925829,2279.0758630712517,2452.7996410341,173.72377796284854,1.0,0.1687436168328188,11
2025-11-13,2025-11-10,2025-11-17,2.0424135885310197,5.0214224775201926,2375.2065192533405,2274.439170308411,2449.8134269327857,175.37425662437454,0.75,0.1328578959912137,11
2025-11-13,2025-11-10,2025-11-17,2.1175368217750035,6.577144145105768,929.5804755470576,929.4952594265342,929.9597745467908,0.4645151202566921,1.0,0.1624766947424549,11
2025-11-13,2025-11-10,2025-11-17,5.031338977472992,4.006576347878808,902.1828276907046,900.7656358093956,905.380903202109,4.6152673927135766,2.5,0.0782827746973999,11
2025-11-13,2025-11-10,2025-11-17,13.966457488334202,11.268246094210644,900.8095780661388,898.5849877097644,902.0938903493808,3.508902639616281,4.5,0.0968393912408829,11
2025-11-13,2025-11-10,2025-11-17,6.4134046598364565,9.633689714329998,114.85969347411653,114.55076146870852,115.42696897406132,0.8762075053527951,1.0,0.1741238190059416,11
2025-11-13,2025-11-10,2025-11-17,28.9037543723708,8.730156261719976,113.580596979392,112.5844390457496,114.56473975162952,1.980300705879927,2.0,0.7006002907682318,11
2025-11-13,2025-11-10,2025-11-17,2.439002356490048,7.466199955224448,111.4624661962302,111.34104273514822,111.7868340490386,0.4457913138903677,0.75,0.0792377493104503,11
