mid_date,start_date,end_date,volume,elevation,alongshore_centroid_m,alongshore_start_m,alongshore_end_m,width,height,vol_unc,month
2017-12-02,2017-10-04,2018-01-31,2.2540141262601128,13.28804020556846,1221.4546199765127,1221.208507432137,1221.9035324584693,0.695025026332587,1.0,0.2330700864956155,12
2017-12-02,2017-10-04,2018-01-31,2.2856317086586935,6.093395218212577,1151.503619715191,1149.4842625013553,1153.4364816294983,3.9522191281430423,2.25,0.0723514072636348,12
2017-12-02,2017-10-04,2018-01-31,2.6325887595370023,16.349614127076702,1248.6333791609586,1246.3643570733257,1251.05115735624,4.6868002829141915,2.0,0.0587945674759262,12
2017-12-02,2017-10-04,2018-01-31,5.66357288411793,5.298369348487686,1414.6099367202416,1413.8818128979765,1415.714570774231,1.8327578762546184,1.25,0.0778206635997896,12
2017-12-02,2017-10-04,2018-01-31,5.594431567590808,14.078349776121682,1254.0691272000108,1252.2203792370856,1257.3643829119392,5.144003674853593,4.0,0.099872147397011,12
2017-12-02,2017-10-04,2018-01-31,7.2279352945625375,19.323199603263784,1251.2033607272851,1249.676826294046,1252.8951252168044,3.2182989227585495,5.5,0.0794226693589258,12
2017-12-02,2017-10-04,2018-01-31,39.43881727613176,7.971967572447192,1158.5844313632613,1152.2761400789022,1162.3008130015803,10.024672922678292,7.5,0.3590955018495166,12
2017-12-02,2017-10-04,2018-01-31,6.394275442139353,8.082325487404571,111.34787427569508,111.12589091667904,111.7868340490386,0.6609431323595345,1.5,0.1418535074724969,12
2017-12-02,2017-10-04,2018-01-31,3.9413591975299176,7.6806665603595325,110.83455832290709,110.4535213871859,111.35653014620766,0.903008759021759,1.5,0.0316429594602796,12
2017-12-02,2017-10-04,2018-01-31,3.262176254002522,7.118650030949375,110.44634493332588,110.23833125503734,110.89935070928186,0.6610194542445242,1.5,0.0994304714666356,12
2017-12-02,2017-10-04,2018-01-31,2.284105165258252,7.126203580438491,114.24963917800862,112.82553360331804,115.42696897406132,2.6014353707432747,1.75,0.0693478913367085,12
2017-12-02,2017-10-04,2018-01-31,26.542398557615396,17.247601112574703,1252.4265651727187,1247.0800157925114,1257.12781599164,10.047800199128687,9.75,0.174135985250814,12
2017-12-02,2017-10-04,2018-01-31,2.5049007124705756,8.988958877421029,528.9227873004734,464.7174701765179,534.2903633457609,69.57289316924289,3.75,0.0538254915860967,12
2017-12-02,2017-10-04,2018-01-31,3.4879022913440947,8.57718666645727,1142.862531916421,1142.6206792695448,1143.3165894933045,0.6959102237597108,1.5,0.1443244924268314,12
2017-12-02,2017-10-04,2018-01-31,3.318664356438861,10.386402765490455,1154.8901451294134,1152.7413506670855,1156.2838031733409,3.5424525062553585,2.5,0.0556518958272815,12
2017-12-02,2017-10-04,2018-01-31,3.2208454157719584,12.648474031835793,1161.2858244324411,1159.958043138031,1162.766034876462,2.8079917384311557,3.5,0.061345182908705,12
2017-12-02,2017-10-04,2018-01-31,2.0027695879654215,10.285928740631723,1158.3827779027715,1158.115214833524,1158.8110759579577,0.6958611244335771,0.75,0.0384254450794684,12
2017-12-02,2017-10-04,2018-01-31,5.395234807625764,9.53418554364286,1157.5601679319443,1156.486670178827,1159.0436870655976,2.5570168867707253,2.0,0.1075760473520811,12
2017-12-02,2017-10-04,2018-01-31,2.365663405985505,8.18859672961929,1234.4698678125562,1233.6701801805757,1235.2988854632713,1.6287052826955914,1.75,0.053016075438888,12
2017-12-02,2017-10-04,2018-01-31,2.3872398212275208,10.201579980864278,521.0291431140596,519.2104863720015,522.8678229632787,3.657336591277271,2.0,0.0607112734357613,12
2017-12-02,2017-10-04,2018-01-31,2.003329349375487,5.160386313898469,719.245043889787,695.2145055895671,751.9068608740345,56.69235528446734,1.25,0.0496264496400881,12
2017-12-02,2017-10-04,2018-01-31,5.544300574237966,5.445737208271388,720.1586011960219,695.9662732742727,754.7123767705634,58.74610349629074,5.0,0.1190808402977303,12
2017-12-02,2017-10-04,2018-01-31,2.781932331101172,9.576059322648671,114.9965641452305,114.76595089305192,115.42696897406132,0.661018081009388,1.0,0.0130914371022378,12
2017-12-02,2017-10-04,2018-01-31,3.620671839575302,9.278614899275066,114.29479058254144,113.04072335036471,115.42696897406132,2.386245623696595,2.0,0.0708083012515672,12
2017-12-02,2017-10-04,2018-01-31,38.46122436017011,8.077100735447969,113.163148061694,112.36921115079896,114.56473975162952,2.1955286008305848,2.0,0.0441568186935686,12
2017-12-02,2017-10-04,2018-01-31,43.822425697127784,5.051866265903453,1307.1023629352762,1293.3153336695395,1320.9579147985205,27.642581128980964,4.5,0.2014532466570958,12
2018-04-25,2018-03-28,2018-05-23,3.1257415601150673,11.753712258457425,930.2432990499976,928.6931091747248,932.662305011414,3.969195836689323,3.25,0.0864647255929384,4
2018-04-25,2018-03-28,2018-05-23,5.069961707530237,12.24815953508785,1076.006204335245,1075.595991289243,1076.5245417072438,0.9285504180006684,0.75,0.1243980666880731,4
2018-04-25,2018-03-28,2018-05-23,2.571121156135141,6.984635316100343,2182.758193034132,2173.075911644846,2186.4334339308552,13.357522286009043,1.0,0.018634590488021,4
2018-04-25,2018-03-28,2018-05-23,2.8621123294525703,7.804809167025768,102.76178820068766,102.67730981623754,103.1259601614438,0.4486503452062607,0.75,0.2356117456475646,4
2018-04-25,2018-03-28,2018-05-23,2.8568846030162676,10.275727141842095,1849.339518940786,1843.5423180041837,1854.0132096088491,10.470891604665669,2.0,0.0463904484587445,4
2018-04-25,2018-03-28,2018-05-23,4.341868255792858,9.024306265203055,1859.4467408575376,1858.6301161521112,1860.615433706902,1.9853175547905264,0.75,0.0446795170032848,4
2018-04-25,2018-03-28,2018-05-23,3.1448466183528767,5.369112270678787,127.47102980082856,127.47102980082856,127.70166903035717,0.2306392295286059,1.0,0.0149977493428482,4
2018-07-01,2018-05-23,2018-08-09,3.0024637963956873,5.0505054151901865,139.8729362118326,137.87959666084498,142.7042175126262,4.824620851781219,1.0,0.0670581559366338,7
2018-07-01,2018-05-23,2018-08-09,2.025015202931914,10.054129431998495,523.0513995692856,522.1488992357627,524.0914313551039,1.9425321193411944,2.5,0.0519170786061704,7
2018-07-01,2018-05-23,2018-08-09,4.884762673044514,7.660271350203568,2168.0667225145708,2167.1287361527793,2168.9288734653965,1.800137312617153,1.0,0.0390363383541323,7
2018-07-01,2018-05-23,2018-08-09,2.9236451460965815,11.50324858968766,1352.0531081221789,1350.9161264495924,1353.8089782241732,2.8928517745807767,1.0,0.1877504531724266,7
2018-07-01,2018-05-23,2018-08-09,3.101244272010494,11.870200817325212,321.53171894386713,321.3442179621197,321.8063824637793,0.4621645016595721,1.0,0.1508962167559641,7
2018-08-25,2018-08-09,2018-09-11,2.556020513860214,5.111468647799038,1451.228610327798,1449.07544825878,1453.8249105256982,4.749462266918272,2.0,0.0639835190290891,8
2018-08-25,2018-08-09,2018-09-11,3.097170318319908,8.367595173709468,2392.9528720681083,2381.1074905716814,2397.2588335848413,16.15134301315993,3.25,0.0599830377603409,8
2018-08-25,2018-08-09,2018-09-11,3.19753211415217,9.718047185174756,1137.6987415747094,1137.4249040931463,1138.120788956061,0.6958848629146814,0.75,0.0867678369298775,8
2018-08-25,2018-08-09,2018-09-11,8.588405245648511,8.123234469914657,113.04117393486062,112.82553360331804,113.4865522608161,0.6610186574980617,1.0,0.0204941511832755,8
2018-08-25,2018-08-09,2018-09-11,5.4054333860564805,7.275317879539387,110.5916951989595,110.23833125503734,111.35653014620766,1.118198891170323,1.25,0.1263331044982328,8
2018-08-25,2018-08-09,2018-09-11,7.82688698016977,7.960250495589039,111.31747318676076,110.88390159141272,111.7868340490386,0.902932457625866,1.75,0.1270012444228514,8
2018-09-25,2018-09-11,2018-10-09,4.2907132242609105,10.470092005052308,547.7930089118332,546.3137826123275,549.1097590439022,2.7959764315746725,3.5,0.0814845316798993,9
2018-09-25,2018-09-11,2018-10-09,2.6083497873695003,8.8422858185622,1142.8709370393149,1142.6206792695448,1143.3165894933045,0.6959102237597108,1.0,0.1400727541439222,9
2018-09-25,2018-09-11,2018-10-09,5.124024696127892,5.652101990300281,2374.8900757101537,2271.160790442489,2445.8169084065594,174.6561179640703,1.25,0.315600337853427,9
2018-09-25,2018-09-11,2018-10-09,2.8231439288500693,5.11066901839152,1083.0085562743948,1080.946744227782,1084.8452054653317,3.898461237549782,3.0,0.0761112168386194,9
2018-09-25,2018-09-11,2018-10-09,7.614559928867664,9.414414895187871,1073.7893436273048,1073.3091026740149,1074.4305583769456,1.1214557029306889,1.0,0.2034415135069684,9
2018-09-25,2018-09-11,2018-10-09,4.088404968110102,7.986334935603844,102.51869131358949,102.30625687586144,102.90794904576614,0.6016921699047089,1.25,0.3824674218833024,9
2018-09-25,2018-09-11,2018-10-09,2.940108174300333,11.488130459339564,561.3541304988942,560.8139559146948,561.946609119419,1.1326532047241926,1.0,0.0952011685641012,9
2018-10-24,2018-10-09,2018-11-09,11.973387663805834,8.851806463776338,110.87592030775724,103.2343099527061,115.49105067458004,12.25674072187394,1.0,0.1751584859596985,10
2018-10-24,2018-10-09,2018-11-09,2.25917237262852,14.200555574555665,540.3451196882085,539.9586468529887,540.9096447578631,0.9509979048743844,1.25,0.0797698816151311,10
2018-10-24,2018-10-09,2018-11-09,2.316076259935892,12.79121227247096,1343.730391619349,1343.3282445995137,1344.287657178007,0.9594125784933568,0.75,0.1369092830280551,10
2018-10-24,2018-10-09,2018-11-09,3.990014272793198,7.746486521598579,2375.657910370597,2270.6505893282592,2444.8351778564975,174.18458852823824,1.0,0.0742755435685021,10
2018-10-24,2018-10-09,2018-11-09,2.7281818586595312,6.677613497497839,2346.922972037887,2273.2470436519943,2447.546211323235,174.29916767124087,1.0,0.0381694074871668,10
2018-10-24,2018-10-09,2018-11-09,3.3666973400402953,6.381111213109049,2339.069756520437,2270.140388089698,2444.337042105384,174.19665401568636,1.0,0.3517094776912647,10
2018-10-24,2018-10-09,2018-11-09,10.371791951682468,5.226380227359428,2374.4107204749016,2271.160790442489,2447.546211323235,176.3854208807461,1.5,0.7046331053792849,10
2018-10-24,2018-10-09,2018-11-09,4.288374946092141,5.23669926867995,635.0069983316456,607.5367253809236,707.002317879349,99.4655924984254,0.75,0.1912160045875318,10
2018-11-21,2018-11-09,2018-12-03,2.587344319540183,13.2126759259218,1410.264657492231,1409.1737128091045,1411.2553511685692,2.081638359464705,1.75,0.0335627825907642,11
2018-11-21,2018-11-09,2018-12-03,2.0787552389484194,7.92135746335987,1158.393864311322,1156.9518920751289,1160.653975113295,3.702083038166166,2.75,0.1118279849689459,11
2018-11-21,2018-11-09,2018-12-03,2.5241163045591373,17.724669630694986,1594.0358639822298,1593.7520982283168,1594.6719116568563,0.9198134285397828,1.25,0.1035839930981429,11
2018-11-21,2018-11-09,2018-12-03,2.4262693412258476,5.27371192403629,939.1258991557364,938.5039794212208,939.8914948804304,1.3875154592096806,1.25,0.033950140018256,11
2018-11-21,2018-11-09,2018-12-03,5.085777792695163,9.435264968367918,937.1458945509208,936.0002681766636,939.4731442420745,3.4728760654106736,1.25,0.1070862425818207,11
2018-11-21,2018-11-09,2018-12-03,36.21065575335992,5.350106856051145,924.3830837288202,919.0306429076008,929.02977569215,9.999132784549149,6.5,0.1559113903414075,11
2018-11-21,2018-11-09,2018-12-03,51.870562295493016,7.112554008990368,935.7409602690202,928.6931091747248,939.4731442420745,10.780035067349672,8.5,0.3617906069057205,11
2018-11-21,2018-11-09,2018-12-03,21.001925210752223,5.132154538360792,939.8053926264132,936.232406477444,943.3662488702684,7.13384239282459,4.5,0.1361854808147492,11
2018-11-21,2018-11-09,2018-12-03,4.842669226201514,5.980267083396671,1035.1137740505171,1034.1450462294742,1036.0064561245963,1.8614098951220512,2.0,0.0629638296163361,11
2018-11-21,2018-11-09,2018-12-03,3.7543539695779473,6.458027894302797,1299.2887789753263,1297.9303363761865,1301.2428346429951,3.3124982668086886,2.75,0.0633233043475992,11
2018-11-21,2018-11-09,2018-12-03,3.914306945700434,11.99694157416018,316.76096952876674,316.5236968914978,317.2171093453653,0.6934124538674951,0.75,0.0207690155239982,11
2018-11-21,2018-11-09,2018-12-03,33.70929696753721,8.80915180060863,915.5589745835404,913.8933953861706,919.5306944618932,5.637299075722694,8.0,0.1572756181859277,11
2018-12-29,2018-12-03,2019-01-24,4.459538084306058,10.511638628728443,1073.4455565669766,1073.0766248204743,1073.965284250211,0.8886594297364354,0.75,0.4437307472721288,12
2018-12-29,2018-12-03,2019-01-24,2.078616048173399,5.586424673768706,71.65958114695705,69.7291479818523,81.29386513633654,11.564717154484242,2.25,0.0426226311576151,12
2018-12-29,2018-12-03,2019-01-24,6.129911567871,8.106593498795853,111.3371090336768,111.12589091667904,111.7868340490386,0.6609431323595345,1.5,0.3345933995293488,12
2018-12-29,2018-12-03,2019-01-24,4.1947590594245545,7.2367782385023585,110.5790876243549,110.23833125503734,111.11454082094131,0.8762095659039915,1.25,0.1915047088909949,12
2018-12-29,2018-12-03,2019-01-24,3.414727786610205,12.160628030030136,868.329596347069,865.7191771729849,873.3124846303836,7.593307457398623,2.0,0.058975920133956,12
2018-12-29,2018-12-03,2019-01-24,5.579460659882492,5.191645473691809,2313.685974734901,2311.97407325916,2315.6381151927635,3.6640419336035848,2.0,0.055252695213397,12
2018-12-29,2018-12-03,2019-01-24,9.19725579400769,6.086733553547507,1096.6243065279325,1094.4662176636048,1099.815037866589,5.348820202983916,2.5,0.0884735100930619,12
2018-12-29,2018-12-03,2019-01-24,2.8905747671912008,5.327499229676519,1094.2055807573015,1093.535204618238,1095.627636469435,2.092431851197034,1.75,0.0713827610906685,12
2018-12-29,2018-12-03,2019-01-24,3.092572236980218,8.491355565789377,1142.8394519627377,1142.6206792695448,1143.3165894933045,0.6959102237597108,0.75,0.2183867211685712,12
2018-12-29,2018-12-03,2019-01-24,2.492216189104384,5.50440126884068,1298.8784891983462,1297.6819209554233,1300.502043556422,2.8201226009987295,1.75,0.0505460768439542,12
2018-12-29,2018-12-03,2019-01-24,36.218727722774766,5.200514010902821,1290.3884540625152,1281.4629590632394,1297.4452357026748,15.98227663943544,5.25,0.1853113341566393,12
2018-12-29,2018-12-03,2019-01-24,5.564872670955,5.997777725671508,1276.0714902714608,1273.7627665321345,1279.3997945105657,5.637027978431433,2.75,0.087934786020679,12
2018-12-29,2018-12-03,2019-01-24,15.132726786445176,5.692483558056517,1263.764654964535,1257.1337436824106,1268.473301076796,11.339557394385338,4.0,0.1213053522528366,12
2018-12-29,2018-12-03,2019-01-24,48.770289533577106,5.353273649174133,1231.4317490865435,1219.793291427195,1249.6746219932102,29.881330566015095,6.0,0.2155446588720445,12
2018-12-29,2018-12-03,2019-01-24,86.82439206281484,5.5212033256786714,1032.4850128173236,1021.4283180842176,1042.2624518754892,20.834133791271597,6.25,0.2185506286686993,12
2018-12-29,2018-12-03,2019-01-24,16.797351760193543,5.858322812077712,915.4535027680907,913.8933953861706,919.5306944618932,5.637299075722694,5.75,0.1574092406719837,12
2018-12-29,2018-12-03,2019-01-24,148.66246866437672,5.270577661121866,1122.934549472055,1107.9388587549329,1137.243357099127,29.304498344194144,7.5,0.3429292981008234,12
2018-12-29,2018-12-03,2019-01-24,2.0664822336275144,5.2553875342972765,64.66335667716471,63.689421913120896,66.13964252406731,2.450220610946417,3.0,0.0481898292017849,12
2018-12-29,2018-12-03,2019-01-24,2.760928708385691,6.826575678978993,70.09829183163585,69.7291479818523,70.81658836221322,1.0874403803609312,3.5,0.049072101909742,12
2018-12-29,2018-12-03,2019-01-24,4.871603897762604,7.207718769118675,112.70695904931809,112.15398348076268,113.27136257989332,1.1173790991306305,0.75,0.3958975540111368,12
2018-12-29,2018-12-03,2019-01-24,3.935442148096361,7.718271329021323,112.55963542715786,112.36921115079896,113.05617283284664,0.6869616820476949,0.75,0.2569585701647963,12
2018-12-29,2018-12-03,2019-01-24,4.865312636179136,6.144312512902998,106.9856522966991,106.26399073470384,107.6475920896046,1.3836013549007475,1.0,0.1206922697414541,12
2018-12-29,2018-12-03,2019-01-24,2.051848520472769,7.0496826916843265,1376.9414256303774,1376.6252953992223,1377.60669141775,0.9813960185274482,1.25,0.0755887487939898,12
2018-12-29,2018-12-03,2019-01-24,3.0944888489776012,15.650805768200216,1312.7837265542437,1312.5792277748697,1313.529269703664,0.950041928794235,1.25,0.1322779304107889,12
2018-12-29,2018-12-03,2019-01-24,3.0778612020237732,19.07079703478843,1253.1496345901626,1253.1299576004967,1253.6048455028797,0.4748879023827612,2.25,0.0886776074427769,12
2018-12-29,2018-12-03,2019-01-24,5.440921786644241,5.561501813819644,2179.9991666994615,2178.7432403136045,2182.535094036255,3.7918537226505578,2.25,0.2752889083008224,12
2018-12-29,2018-12-03,2019-01-24,4.265738858910057,5.202356681397897,2359.1753576752294,2271.6709916796535,2446.78616601415,175.11517433449626,0.75,0.2467615248184038,12
2018-12-29,2018-12-03,2019-01-24,5.047465157082018,5.494487981374182,2367.6261020907637,2270.6505893282592,2445.084203442093,174.43361411383376,1.25,0.0917698063591628,12
2018-12-29,2018-12-03,2019-01-24,2.232628103702073,12.865734607070635,2306.136682796447,2248.933485245332,2419.938927420415,171.00544217508286,1.0,0.0774044680477994,12
2018-12-29,2018-12-03,2019-01-24,2.407687891698875,14.95365327498912,2228.682292908332,2227.8744658450596,2230.0081081357785,2.1336422907188535,1.0,0.1689611382934014,12
2018-12-29,2018-12-03,2019-01-24,2.0032523735326317,5.447554023930211,2270.5378200444916,2238.4397792937234,2405.3022430427372,166.86246374901384,1.0,0.0559209760465014,12
2018-12-29,2018-12-03,2019-01-24,2.6976353071830736,6.049221815461621,1132.633995351629,1131.2054365468211,1134.2090713442303,3.003634797409177,1.25,0.0416645737418385,12
2018-12-29,2018-12-03,2019-01-24,6.34830731390008,12.90626073178452,1174.609051673158,1174.047373299487,1175.4584199227393,1.4110466232523322,1.5,0.0316340616049195,12
2018-12-29,2018-12-03,2019-01-24,11.156264471160428,7.978202322444356,1159.1239537784,1157.1845559854992,1161.1376124299131,3.95305644441396,3.5,0.2954228475608785,12
2018-12-29,2018-12-03,2019-01-24,2.947843237460649,8.77854018846058,1157.274213861169,1156.9518920751289,1157.8804173236713,0.928525248542428,0.75,0.072225490065998,12
2018-12-29,2018-12-03,2019-01-24,2.707732807971451,8.95727131467325,1159.93144531775,1159.7159784617834,1160.421328795608,0.7053503338247538,0.75,0.1080419251740925,12
2019-02-07,2019-01-24,2019-02-22,11.79196626926056,7.541178691686817,2360.8901643035174,2270.140388089698,2445.8169084065594,175.67652031686157,1.25,0.0474519705078214,2
2019-02-07,2019-01-24,2019-02-22,9.283897265693946,5.653956649952963,2379.912075350882,2270.6505893282592,2445.084203442093,174.43361411383376,1.0,0.0548901376794077,2
2019-02-07,2019-01-24,2019-02-22,4.6767409642400155,5.537411510348728,2339.622594754267,2194.019352720119,2345.872691200115,151.85333847999573,4.25,0.0855421461844549,2
2019-02-07,2019-01-24,2019-02-22,4.58815924003535,6.136502845440383,2356.6648316571927,2273.2470436519943,2447.546211323235,174.29916767124087,1.5,0.0194341052365073,2
2019-02-07,2019-01-24,2019-02-22,14.094275673585887,14.11671718994489,1175.4142883151655,1174.9951396319084,1176.1561744236387,1.1610347917303443,2.5,0.0381248185433888,2
2019-02-07,2019-01-24,2019-02-22,3.4405422553546163,11.627061264615463,1175.4190139249283,1175.227780693211,1175.9235336724669,0.6957529792562127,1.0,0.0273693459941464,2
2019-02-07,2019-01-24,2019-02-22,2.1374415638813957,7.997987246785598,1158.828006662483,1158.3478257274255,1159.2491453415714,0.9013196141459048,1.0,0.0290702213952286,2
2019-02-07,2019-01-24,2019-02-22,3.235701176844933,6.723812082235183,1157.8702557962292,1157.1845559854992,1158.8110759579577,1.6265199724584818,1.5,0.0415788773249196,2
2019-02-07,2019-01-24,2019-02-22,2.6612186413562693,5.584240969159845,1313.0010397776782,1312.3452554102987,1313.7631453545764,1.4178899442777038,0.75,0.0348307836866455,2
2019-02-07,2019-01-24,2019-02-22,3.751843692203758,7.136052719457844,1291.6994103342245,1289.6349140238017,1296.0457518314945,6.410837807692587,2.75,0.0696352415439909,2
2019-02-07,2019-01-24,2019-02-22,3.0209888546310397,15.917424199595516,1257.7616777490211,1256.4314503087662,1259.3038506386802,2.872400329913944,3.0,0.0587916805703632,2
2019-02-07,2019-01-24,2019-02-22,3.7059845986602458,11.849434502122918,1244.851182873278,1242.381817357149,1247.7761265914887,5.394309234339744,2.0,0.0521037479819453,2
2019-02-07,2019-01-24,2019-02-22,3.1278092984675987,8.646946641332656,1225.8226266250829,1223.310525502544,1227.8130698418245,4.5025443392805755,2.5,0.0536207274986683,2
2019-02-07,2019-01-24,2019-02-22,11.791194319759327,6.771146130351306,1158.296903776988,1157.1845559854992,1159.946617691312,2.762061705812812,3.25,0.084245038894273,2
2019-02-07,2019-01-24,2019-02-22,59.98277243225474,8.487856783163283,1124.2803919966866,1118.3718300345354,1130.054450981319,11.682620946783572,7.25,0.1589726650003466,2
2019-02-07,2019-01-24,2019-02-22,2.145497503869793,5.974612072400162,1098.9838394677138,1097.938283121679,1100.5137893049978,2.5755061833187938,2.5,0.0490212030152335,2
2019-02-07,2019-01-24,2019-02-22,9.891421061885264,6.1862900065869635,1311.4169547514566,1309.4840875961818,1313.2778113787062,3.7937237825244665,4.25,0.0840152137171245,2
2019-02-07,2019-01-24,2019-02-22,2.3711033205129746,5.0393563320525185,2338.960688382168,2273.2470436519943,2447.546211323235,174.29916767124087,0.75,0.0891954289441672,2
2019-02-07,2019-01-24,2019-02-22,2.7099169614750864,6.10655391346551,2340.585711579096,2338.242106146179,2343.1310119833797,4.888905837200582,2.5,0.0591653904954855,2
2019-02-07,2019-01-24,2019-02-22,2.5981080794028606,13.221122704042816,1505.7363087197762,1504.9401567606255,1506.5309982392937,1.5908414786681533,1.75,0.0420612551869401,2
2019-02-07,2019-01-24,2019-02-22,2.7576303944240097,11.519521359873252,887.2550801313306,884.9452053527348,889.3169859624468,4.371780609712005,2.0,0.0589390914672746,2
2019-02-07,2019-01-24,2019-02-22,17.93782636687404,7.757823938307305,889.6371404703617,887.3384335534647,891.96666336013,4.628229806665331,2.5,0.1189706292410728,2
2019-02-07,2019-01-24,2019-02-22,2.1229616870927455,9.25672813553879,883.6969909335942,882.744804056827,884.9195320014842,2.1747279446572065,2.25,0.0489870138050667,2
2019-02-07,2019-01-24,2019-02-22,3.204122341836914,11.706724633195323,864.761546704444,863.5389497219585,866.1880762805231,2.6491265585646033,2.25,0.0519644513517412,2
2019-02-07,2019-01-24,2019-02-22,4.260822899052269,5.0605695848424155,937.5731295492784,936.0002681766636,939.4731442420745,3.4728760654106736,4.5,0.0803373853865426,2
2019-02-07,2019-01-24,2019-02-22,4.8939903756385315,11.493259082223956,934.4466503849516,933.084470950067,935.8627272900194,2.7782563399523497,3.25,0.0663552837886592,2
2019-02-07,2019-01-24,2019-02-22,3.2553866387038513,6.09612150654285,927.7089641689472,926.0080737215468,929.9597745467908,3.951700825244188,2.75,0.0761343876925544,2
2019-02-07,2019-01-24,2019-02-22,11.117447715851345,10.380377284662297,924.5446766613068,923.2982971915044,926.6592048760504,3.360907684545964,5.75,0.0977429858084978,2
2019-02-07,2019-01-24,2019-02-22,3.081162514295438,6.198524213221869,1146.5887117113905,1146.47887498606,1146.9420971670188,0.4632221809588372,0.75,0.1100537821665651,2
2019-02-07,2019-01-24,2019-02-22,19.52626284243703,7.162325734134256,889.5788538589218,887.3384335534647,891.96666336013,4.628229806665331,3.75,0.1480102047590339,2
2019-02-07,2019-01-24,2019-02-22,5.56629905927002,5.638148573239872,437.7851897696551,436.7030530618504,439.5013033044525,2.79825024260208,1.25,0.1049302602659108,2
2019-03-06,2019-02-22,2019-03-19,5.147498580311238,7.677535385601121,108.045426210127,98.33266358450057,115.49105067458004,17.158387090079486,2.75,0.1950280259116976,3
2019-03-06,2019-02-22,2019-03-19,4.005423279718006,5.2565917053220055,436.1375410918084,435.4834975954145,436.933692291379,1.4501946959644556,0.75,0.1635966078933345,3
2019-03-06,2019-02-22,2019-03-19,2.1805891473229555,5.400433985683554,800.4789036812151,799.8996773380786,801.0670466953889,1.1673693573102355,0.75,0.1019985595516549,3
2019-03-06,2019-02-22,2019-03-19,4.069932495619082,5.286286187796149,641.1420676053486,607.8146783811972,707.002317879349,99.18763949815184,0.75,0.1824300099444566,3
2019-03-06,2019-02-22,2019-03-19,2.949843456178736,11.454521296558369,1118.1710645896312,1117.9062209096735,1118.602469264064,0.6962483543902636,0.75,0.3471082176276998,3
2019-03-06,2019-02-22,2019-03-19,3.996462369052745,9.037769188640311,2169.625278301499,2169.1515511125326,2170.431131591089,1.2795804785564542,0.75,0.2165922344178185,3
2019-03-06,2019-02-22,2019-03-19,3.5574495329151876,7.827623288992865,925.4785297242678,923.2982971915044,926.6592048760504,3.360907684545964,4.5,0.0710945723060559,3
2019-03-06,2019-02-22,2019-03-19,2.823874074990949,8.656194448403403,114.95907291451196,114.76595089305192,115.42696897406132,0.661018081009388,1.75,0.0355691235315361,3
2019-03-06,2019-02-22,2019-03-19,2.0499158213891255,8.767918513895546,100.0404920963451,98.33266358450057,104.11509592691436,5.782432342413813,2.0,0.0477000450522785,3
2019-03-19,2019-03-19,2019-03-19,2.021081766191919,5.830199521679752,92.36670252329183,42.86993162659928,112.88889572070912,70.01896409410983,0.75,0.0807057201684501,3
2019-03-19,2019-03-19,2019-03-19,4.605214434460916,7.135648866746439,110.47251426518862,110.23833125503734,110.89935070928186,0.6610194542445242,1.5,0.1092581441198348,3
2019-03-19,2019-03-19,2019-03-19,7.461933265530961,7.968920201111047,111.32193066194851,110.88390159141272,111.7868340490386,0.902932457625866,1.75,0.024316445079736,3
2019-03-19,2019-03-19,2019-03-19,4.168688754114788,18.569565859359873,1592.8553434506812,1592.3805188671686,1593.7552641010843,1.3747452339157462,1.0,0.0301072494253208,3
2019-03-19,2019-03-19,2019-03-19,2.394540879017671,5.2485629841673616,947.208076625276,947.0137098017148,947.7085220310836,0.6948122293688357,0.75,0.2556876168642976,3
2019-03-19,2019-03-19,2019-03-19,2.089099004774126,12.06965652225994,1500.7789737651349,1500.5670718722977,1501.25247808313,0.6854062108322978,1.0,0.0595848166322723,3
2019-03-19,2019-03-19,2019-03-19,4.008409135183482,8.648091625690139,1138.758911231081,1137.7759286970831,1139.8457365701906,2.069807873107493,2.25,0.0892394336332479,3
2019-03-19,2019-03-19,2019-03-19,2.143620965438541,7.785878730528305,1139.5425047433791,1139.3825857858174,1139.8457365701906,0.4631507843732834,1.25,0.0590301733377852,3
2019-04-03,2019-03-19,2019-04-18,3.0412123401526405,5.322032281928999,437.2315652549032,436.7030530618504,438.1526196761988,1.4495666143484414,1.0,0.1298047321621895,4
2019-04-03,2019-03-19,2019-04-18,2.662428920713221,5.0885740007857105,433.43883503469215,432.9767837487161,434.2276570117101,1.2508732629939914,1.0,0.1483525642644597,4
2019-04-03,2019-03-19,2019-04-18,4.0669399516159475,8.360572075398085,1214.9764010395686,1210.6583572858945,1218.8513387739658,8.192981488071382,2.5,0.0687503500002731,4
2019-04-03,2019-03-19,2019-04-18,49.69923608090639,6.684755597591375,1205.724105191406,1199.7357695782557,1214.6045634397306,14.868793861474842,8.5,0.241798659212327,4
2019-04-03,2019-03-19,2019-04-18,91.9118539255042,14.995011007694538,1210.4943513211583,1203.584748307243,1221.4391466616653,17.8543983544223,9.5,0.202867266748992,4
2019-04-03,2019-03-19,2019-04-18,2.9025219369405897,5.09188839815571,451.80675193884093,450.60820846958086,453.33610876929015,2.7279002997092903,3.0,0.1051470737472721,4
2019-05-04,2019-04-18,2019-05-21,2.1486523602307073,7.004187949324153,1155.8833046510206,1154.36947425548,1157.4151952150278,3.045720959547907,3.0,0.0767873163742901,5
2019-05-04,2019-04-18,2019-05-21,3.364812440936973,9.203743418233064,72.85477243191326,62.95408280054107,77.85405761608854,14.899974815547466,0.75,0.0882874696502846,5
2019-06-04,2019-05-21,2019-06-18,2.2855947487221613,5.092895988138643,141.32477242193144,137.87959666084498,142.7042175126262,4.824620851781219,1.5,0.0614818022776787,6
2019-06-04,2019-05-21,2019-06-18,8.378563332044571,8.087571585604847,111.3073242266031,110.88390159141272,111.7868340490386,0.902932457625866,1.5,0.2399168641890494,6
2019-06-04,2019-05-21,2019-06-18,3.902402501868315,7.283994131481237,110.55288005537068,110.23833125503734,111.11454082094131,0.8762095659039915,1.25,0.1084838004384235,6
2019-06-04,2019-05-21,2019-06-18,4.135261633981134,10.219893027257903,1361.3346988829198,1360.9766280329786,1361.91248973459,0.9358617016114296,0.75,0.0498875702482558,6
2019-07-03,2019-06-18,2019-07-18,4.790516507022431,19.653812226925545,1951.990204768673,1947.636625340674,1954.9115899084136,7.2749645677395165,2.25,0.2284743115526202,7
2019-07-03,2019-06-18,2019-07-18,2.607286540521374,13.525073786269497,1341.954552436577,1341.646354636643,1342.5818194951862,0.9354648585431278,0.75,0.0827278256756711,7
2019-07-03,2019-06-18,2019-07-18,2.237189167445423,8.508964865105115,1201.7422595964624,1201.5965934456326,1202.7898229840212,1.1932295383885505,0.75,0.1002499127370908,7
2019-07-03,2019-06-18,2019-07-18,2.1669184106112995,8.27491612137913,2093.7467100318236,2079.0023488649167,2107.800750155933,28.79840129101649,1.75,0.0467659558262589,7
2019-07-03,2019-06-18,2019-07-18,3.875978857258911,10.085586985991474,1209.1050431425788,1206.2381596248597,1212.2851206641644,6.046961039304733,2.5,0.0639953622154818,7
2019-07-03,2019-06-18,2019-07-18,2.883127541789336,10.43165297695136,1205.1921482758405,1203.584748307243,1206.9340624203903,3.349314113147557,3.25,0.059729629314177,7
2019-07-03,2019-06-18,2019-07-18,8.601587892090677,20.110387735333603,1952.7282610587704,1950.2973889485,1955.2010995713065,4.903710622806102,3.75,0.098765239068334,7
2019-07-03,2019-06-18,2019-07-18,3.619095362781666,7.69256640242474,490.42930197113947,489.3448822395876,491.5467201983556,2.20183795876801,4.5,0.1221193221498916,7
2019-08-01,2019-07-18,2019-08-15,2.3747624118894453,10.250038484184456,78.64252130451484,78.41224393900484,79.1001695273444,0.6879255883395672,0.75,0.071686305463442,8
2019-08-01,2019-07-18,2019-08-15,2.097709920408577,10.408965786898586,1900.5657605083493,1900.3288333485832,1900.9805609816683,0.6517276330851018,1.0,0.0517776307571034,8
2019-08-24,2019-08-15,2019-09-03,95.2785675256102,13.78577298566135,1310.7586249094052,1304.703810714651,1314.4824523357674,9.778641621116549,8.75,0.2585670164727717,8
2019-08-24,2019-08-15,2019-09-03,13.22721574347871,7.863680480514096,113.07567454703027,112.5844390457496,113.7017419571057,1.1173029113560915,1.5,0.545583799909827,8
2019-08-24,2019-08-15,2019-09-03,55.164742164304535,12.950597537810092,1310.896784164367,1304.9374251365662,1313.9970211354084,9.05959599884227,7.0,0.1541382941861592,8
2019-08-24,2019-08-15,2019-09-03,4.76354768893423,7.826943025877962,111.36608424638511,111.12589091667904,111.7868340490386,0.6609431323595345,1.5,0.3643272345936884,8
2019-09-07,2019-09-03,2019-09-12,4.824380515516621,7.582036627822275,110.73627690608976,110.23833125503734,111.35653014620766,1.118198891170323,1.5,0.1251382280329023,9
2019-10-05,2019-09-25,2019-10-16,3.0956466579098345,8.809751021268765,111.21291924801474,111.12589091667904,111.57168196467684,0.4457910479977727,0.75,0.1858317744937902,10
2019-10-05,2019-09-25,2019-10-16,4.225141165130357,8.71555214551457,111.59427763227106,111.34104273514822,112.00198600441216,0.660943269263953,0.75,0.1192898660076564,10
2019-10-05,2019-09-25,2019-10-16,4.19699453015676,7.246269658386147,110.54821536926094,110.23833125503734,111.11454082094131,0.8762095659039915,1.25,0.144487905028863,10
2019-10-05,2019-09-25,2019-10-16,6.643394063335864,8.076987203371862,111.3381344527796,111.12589091667904,111.7868340490386,0.6609431323595345,1.5,0.2098590495847015,10
2019-10-05,2019-09-25,2019-10-16,2.531670315924273,10.189876072208952,873.1872203575956,873.081845400855,873.5518421945162,0.4699967936612665,1.0,0.1623973460809822,10
2019-10-05,2019-09-25,2019-10-16,3.250656401085642,19.394450424086504,1894.1671153017755,1893.5523615027776,1894.9528117696757,1.4004502668976784,0.5,0.2644793990656681,10
2019-10-30,2019-10-16,2019-11-13,2.2123003115889177,19.90351486296461,1905.067308604259,1904.677748341579,1905.7515903688036,1.0738420272246003,1.0,0.1502569733813136,10
2019-10-30,2019-10-16,2019-11-13,3.770733448720802,11.429446801359466,316.8867066559446,316.7550834431313,317.2171093453653,0.4620259022340178,1.25,0.0520492645130295,10
2019-11-27,2019-11-13,2019-12-12,7.056503403986413,7.456775413454896,1097.984182236356,1093.535204618238,1100.746403284371,7.211198666132987,4.75,0.0963807031884402,11
2019-11-27,2019-11-13,2019-12-12,3.631731394249851,7.565798675260029,1160.2197920728831,1159.958043138031,1160.8866213378496,0.9285781998187304,2.5,0.0540346444573392,11
2019-11-27,2019-11-13,2019-12-12,36.93920961865925,8.333942315382476,1208.0831031351315,1200.4330392004922,1214.3719230997376,13.938883899245411,10.25,0.180125654429781,11
2019-11-27,2019-11-13,2019-12-12,3.52607879215201,5.755016515993314,947.631819617052,946.7816233094782,948.7157537341118,1.9341304246336224,2.0,0.0900299989744891,11
2019-11-27,2019-11-13,2019-12-12,3.177621260106195,6.759444279742987,1010.022704853106,1008.8781035547144,1012.3231929084286,3.4450893537141383,3.5,0.0660103535625656,11
2019-11-27,2019-11-13,2019-12-12,6.716707470545737,12.07015643262524,1013.6829307183116,1009.989583821036,1020.5343817812392,10.54479796020314,3.5,0.1013266460290505,11
2019-11-27,2019-11-13,2019-12-12,31.98253409512617,9.451789505572886,1024.4052388676664,1016.0664753876626,1029.9365896098316,13.870114222168922,8.75,0.1741421164883429,11
2019-11-27,2019-11-13,2019-12-12,2.163090203019776,11.65854067140673,1270.736437533465,1268.714589133859,1274.4597898679783,5.745200734119862,2.5,0.0435658588144582,11
2019-11-27,2019-11-13,2019-12-12,2.0501732724290873,14.176002676257674,2332.4923154326493,2329.3648382909596,2336.398550158832,7.033711867872626,2.25,0.056419833327777,11
2019-11-27,2019-11-13,2019-12-12,2.2582723030352847,12.02245142083137,2320.4341641278006,2320.4341641278006,2320.664803357329,0.2306392295286059,1.25,0.01905110050651,11
2019-11-27,2019-11-13,2019-12-12,3.6034992497819056,7.4319891349603,2321.3211476712054,2321.0256031309254,2322.2885556872934,1.2629525563679636,1.5,0.0943477305438501,11
2019-11-27,2019-11-13,2019-12-12,3.798693842516556,8.266849852628539,1289.213410118563,1288.4316051583737,1290.0989160183815,1.667310860008001,3.75,0.0545117674638767,11
2019-11-27,2019-11-13,2019-12-12,2.10322969376927,7.899431031405675,1296.9549121946068,1295.5815312489867,1298.861970005557,3.28043875657022,2.25,0.0471002113753544,11
2019-11-27,2019-11-13,2019-12-12,2.9503036391014525,7.316894855810692,1309.126810197787,1307.375745542813,1310.416958434973,3.0412128921598196,4.25,0.0577223020140044,11
2019-11-27,2019-11-13,2019-12-12,19.98051505034608,6.990140357119942,1264.497283510931,1260.9025662438944,1268.706223228015,7.803656984120607,4.75,0.1405518567428457,11
2019-11-27,2019-11-13,2019-12-12,2.3539439348154683,8.231655520348921,1272.120303784808,1268.947512138635,1274.6929819029756,5.745469764340669,2.5,0.0573829703226274,11
2019-11-27,2019-11-13,2019-12-12,3.417573701723166,5.340787259824454,1288.6233487149098,1287.2583268731833,1290.0989160183815,2.8405891451984644,2.5,0.0672577510883876,11
2019-11-27,2019-11-13,2019-12-12,35.09260268171824,5.276270172132371,916.183787446776,913.8933953861706,919.5306944618932,5.637299075722694,6.75,0.1912521184014072,11
2019-11-27,2019-11-13,2019-12-12,12.497654791983653,7.119098816723756,1162.3654977189556,1160.655982108321,1164.5265039186925,3.8705218103714287,8.0,0.1159470218261454,11
2019-11-27,2019-11-13,2019-12-12,2.624707644084588,8.003342175415353,865.9052372915954,865.480917331297,866.4263363201171,0.9454189888201654,3.25,0.0502601460319069,11
2019-11-27,2019-11-13,2019-12-12,17.287061347713973,7.795880362471472,907.818782204676,905.1502639725804,909.680507636629,4.530243664048612,6.0,0.1368948897417484,11
2019-11-27,2019-11-13,2019-12-12,10.712862801124167,9.956866165642651,924.6885234671818,923.2982971915044,926.6592048760504,3.360907684545964,5.25,0.1442699299116919,11
2019-11-27,2019-11-13,2019-12-12,2.6863208385000896,8.711990283572522,908.0820715765182,907.7157260389068,908.6289401673712,0.9132141284644604,1.75,0.0305465333482299,11
2019-11-27,2019-11-13,2019-12-12,2.4496363817861155,8.69262101124093,909.0962968645468,908.6369757158682,909.680507636629,1.04353192076087,1.25,0.0355516508792957,11
2019-11-27,2019-11-13,2019-12-12,3.941561064515563,5.879316480673087,936.787782626423,936.0002681766636,938.1606338522396,2.160365675576031,1.75,0.0590659022309189,11
2019-11-27,2019-11-13,2019-12-12,3.5726818125303668,8.273340422156444,1160.8192542534955,1160.655982108321,1161.3702234183438,0.7142413100227714,1.25,0.0268334486834606,11
2019-11-27,2019-11-13,2019-12-12,3.5606084254626182,11.5403909994818,297.16466175687395,297.11532709607854,297.57959469780326,0.464267601724714,1.0,0.0464095913920606,11
2019-11-27,2019-11-13,2019-12-12,8.509686231496561,5.17386056089626,1277.8227130943037,1272.9009778904729,1281.9267041371204,9.025726246647537,4.25,0.1123616225886702,11
2019-11-27,2019-11-13,2019-12-12,2.488243831994405,20.107470662538496,1875.7239184058828,1874.7697888598775,1876.6553720538504,1.8855831939727068,1.0,0.0814387604795574,11
2019-11-27,2019-11-13,2019-12-12,2.1901789535073335,5.832085653358605,2275.136745917654,2274.8234130260535,2275.7256450657733,0.90223203971982,1.5,0.1209485032309188,11
2019-12-28,2019-12-12,2020-01-13,3.440081611153441,10.73594565480888,1274.4471174593898,1270.5791367981583,1275.6339855464175,5.054848748259246,1.25,0.0370311040604928,12
2019-12-28,2019-12-12,2020-01-13,4.340254876722499,5.615557919070284,1155.152954126212,1153.4384476994164,1156.9499204144813,3.5114727150648832,4.25,0.0812274183715963,12
2019-12-28,2019-12-12,2020-01-13,2.991212061583134,20.07620463539649,2302.523434652605,2300.610818541143,2304.774478701409,4.163660160265863,1.75,0.0481478178522594,12
2019-12-28,2019-12-12,2020-01-13,9.300326332271151,13.66223960899938,2028.0733740139715,2023.889116682112,2034.4152676044032,10.52615092229098,5.5,0.0918704631331239,12
2019-12-28,2019-12-12,2020-01-13,4.355224112296401,21.214718452182726,1955.4268120736945,1953.1377741564063,1958.0033502895385,4.865576133131981,2.5,0.0635323850462027,12
2019-12-28,2019-12-12,2020-01-13,2.3573030222141296,9.770264132113756,1376.326143074274,1375.9175964551978,1376.8559346287511,0.9383381735533476,1.0,0.0970179051084426,12
2019-12-28,2019-12-12,2020-01-13,16.899678775240808,5.919085669792943,1097.5835457366338,1094.0005024503917,1100.9781939298846,6.977691479492933,7.5,0.1220785068040994,12
2019-12-28,2019-12-12,2020-01-13,13.487316309249035,5.449309752152392,104.19971656050288,46.47849696362391,117.90609681699424,71.42759985337034,1.5,0.2247898639599976,12
2019-12-28,2019-12-12,2020-01-13,56.22311918041953,11.236621851855851,904.45861984836,901.1465807985514,909.680507636629,8.533926838077605,13.0,0.1865565527561197,12
2019-12-28,2019-12-12,2020-01-13,11.327030736920134,5.250377742743528,1118.605153089758,1114.8819311182017,1121.131113267038,6.249182148836553,4.25,0.107603115528526,12
2019-12-28,2019-12-12,2020-01-13,18.04271399630734,5.662155147709077,1208.7478689637278,1203.584748307243,1214.3719230997376,10.787174792494625,6.25,0.1355480795607913,12
2019-12-28,2019-12-12,2020-01-13,69.49299902985491,6.487227197099929,1272.049325626895,1261.6016985797323,1286.083572441712,24.481873861979693,9.5,0.2543428962530812,12
2019-12-28,2019-12-12,2020-01-13,15.556765947203663,5.46294021999788,141.40829188035738,134.69392282888293,143.80035945773125,9.106436628848314,1.25,0.2364133980808843,12
2019-12-28,2019-12-12,2020-01-13,7.72078307475955,11.157604108394253,1017.4978653406098,1010.6918817353436,1024.505628325045,13.813746589701625,3.25,0.1010690859377437,12
2019-12-28,2019-12-12,2020-01-13,7.606034234428524,8.204006731354221,100.900413357981,99.162883406505,102.53689610539004,3.3740126988850534,3.75,0.1248057252478986,12
2019-12-28,2019-12-12,2020-01-13,5.144318641934113,5.894784514862117,109.01624745607096,108.6653403500095,109.5415121819824,0.876171831972897,1.0,0.1018240048688672,12
2019-12-28,2019-12-12,2020-01-13,22.222117557108337,5.353102783613021,134.17307974414572,133.3129435707815,136.3540892819874,3.0411457112058997,2.0,0.1661660363273652,12
2019-12-28,2019-12-12,2020-01-13,6.851927099312228,7.232509291557747,886.32620158501,884.209367566742,889.3169859624468,5.107618395704776,4.5,0.0905558556963629,12
2019-12-28,2019-12-12,2020-01-13,2.2898709730170443,7.848073162533345,903.0284113659684,902.236980370246,903.909661584068,1.6726812138222158,1.25,0.0400032283262146,12
2019-12-28,2019-12-12,2020-01-13,2.012642215505008,7.7904808637112435,1022.2025152156422,1020.3037425517105,1023.991954033263,3.688211481552571,2.25,0.0559653312884005,12
2019-12-28,2019-12-12,2020-01-13,5.3885523242492095,10.219806285901267,903.0001996433252,901.9981265272944,904.157544455491,2.15941792819649,1.25,0.0382591490086662,12
2019-12-28,2019-12-12,2020-01-13,3.287950937479839,6.738082918355108,1011.3263153840338,1008.359825644642,1015.1290691406466,6.769243496004492,3.25,0.0725178786108462,12
2019-12-28,2019-12-12,2020-01-13,2.3734375048354184,7.717896896010796,101.46266650197524,100.4758571269922,102.90794904576614,2.432091918773949,2.0,0.186341959442608,12
2019-12-28,2019-12-12,2020-01-13,3.401846931599877,5.096782794766443,133.6908693258304,133.3129435707815,135.57725314470008,2.264309573918581,1.0,0.1462726175422098,12
2019-12-28,2019-12-12,2020-01-13,5.2800659732577655,5.099228804252094,63.23497321037802,46.16742232814431,117.21394847892223,71.04652615077794,0.75,0.2137460479704875,12
2019-12-28,2019-12-12,2020-01-13,2.9210958330327945,5.005964085652147,1264.9440576677362,1264.0045247897506,1266.1316700330935,2.127145243342966,1.5,0.0434358896386563,12
2019-12-28,2019-12-12,2020-01-13,2.9494396068878315,9.053521229174695,1265.5969402826513,1263.7859763191082,1267.3030737061054,3.517097386997193,2.75,0.0839843238276011,12
2020-01-25,2020-01-13,2020-02-07,13.380739593418278,14.687349833698574,1219.6314766003684,1214.141283870209,1223.0682190642692,8.926935194060206,3.5,0.1066696964770122,1
2020-01-25,2020-01-13,2020-02-07,7.1879286714683115,10.652295076430889,1361.0876650969717,1360.4831717042252,1361.91248973459,1.4293180303648114,1.0,0.1972079557966105,1
2020-01-25,2020-01-13,2020-02-07,2.1605856339665177,5.0930092823139645,141.8566478763085,140.21536995097995,142.7042175126262,2.488847561646253,1.0,0.0370763803627382,1
2020-01-25,2020-01-13,2020-02-07,2.4601174932730068,14.191263587611251,1220.9900415804282,1220.0259808711708,1222.1361884460784,2.1102075749076903,2.0,0.0349852434446397,1
2020-05-01,2020-04-11,2020-05-21,3.136679625575461,11.273604727734178,1182.307152915483,1180.3466753615066,1185.4391498863697,5.092474524863064,2.0,0.0810469042908966,5
2020-05-01,2020-04-11,2020-05-21,3.8608418893053336,6.103704559119629,2248.359248474571,2245.564965052996,2251.447013234254,5.882048181258142,2.5,0.0847820308233181,5
2020-05-01,2020-04-11,2020-05-21,4.445174046070438,6.502915399849012,1962.4644652195548,1954.231495385524,1970.8904613954944,16.658966009970754,4.75,0.1549702041392124,5
2020-05-01,2020-04-11,2020-05-21,2.357975508547628,6.160182424271872,1893.38191248694,1799.6874014460482,1969.970360155683,170.28295870963484,2.75,0.1155267708591977,5
2020-05-01,2020-04-11,2020-05-21,2.6819514359564773,7.244542100494521,1835.535012524268,1809.91322642006,1959.1707505509255,149.25752413086593,3.25,0.0992061314100566,5
2020-05-01,2020-04-11,2020-05-21,3.4223355945756286,5.126801608048803,2409.7411492208557,2409.1006304351613,2410.5880005010404,1.4873700658790767,1.75,0.0902764582265479,5
2020-06-06,2020-05-21,2020-06-23,3.546668417450487,6.449262417083517,2161.023378837537,2157.614731213078,2163.9533575754613,6.338626362383366,3.0,0.0775696196667535,6
2020-06-06,2020-05-21,2020-06-23,3.3203659550145153,14.306877952677285,2164.5565075782474,2163.262530511245,2165.996822682675,2.7342921714298427,1.25,0.0366495582488426,6
2020-07-07,2020-06-23,2020-07-22,4.268384290872749,7.990631158645701,111.34377351368629,111.12589091667904,111.7868340490386,0.6609431323595345,1.25,0.222936126909358,7
2020-07-07,2020-06-23,2020-07-22,4.327207096569798,7.431960286326472,110.77629325529529,110.4535213871859,111.35653014620766,0.903008759021759,1.5,0.1692837706108138,7
2020-07-07,2020-06-23,2020-07-22,2.1216770265842713,6.312262844060233,1161.8589021906023,1160.655982108321,1163.4638633565046,2.8078812481835485,2.0,0.0463306757664223,7
2020-07-07,2020-06-23,2020-07-22,6.6117320828856005,13.095897384249982,1158.808747218135,1157.1845559854992,1160.653975113295,3.4694191277958453,3.0,0.0785774109044364,7
2020-08-05,2020-07-22,2020-08-19,2.03167387280802,11.63986528654458,1981.01820817078,1979.644659217447,1982.093670272734,2.4490110552869737,1.75,0.0349646226906187,8
2020-08-05,2020-07-22,2020-08-19,2.334197641859762,20.20392925602346,1968.714439289495,1964.0849702539856,1972.61514672637,8.530176472384483,2.5,0.0372387997317845,8
2020-08-05,2020-07-22,2020-08-19,2.9798190602424945,10.005470661276243,1967.7211036683595,1967.1135071362369,1968.5998709616251,1.4863638253882527,0.75,0.0220177860483587,8
2020-08-05,2020-07-22,2020-08-19,3.125096981128343,21.6608215889332,1947.3647898011504,1946.7982548433356,1948.2864622296763,1.488207386340946,2.25,0.0407340244119259,8
2020-08-05,2020-07-22,2020-08-19,2.2474570529646147,9.520182472725557,1958.5307701268855,1958.062399234157,1959.5511275995525,1.488728365395218,0.75,0.0208044351058215,8
2020-08-05,2020-07-22,2020-08-19,4.724157391521113,9.4958066825295,1938.299973917268,1937.0063891946336,1939.6421539373696,2.6357647427357733,1.0,0.0291949597730938,8
2020-08-05,2020-07-22,2020-08-19,108.47861091188064,7.626560465028856,1957.5016520431443,1939.7177504799329,1976.823256661184,37.10550618125126,5.0,0.2044790536191189,8
2020-08-05,2020-07-22,2020-08-19,2.6372166509971087,12.499322826219638,1964.9635172139504,1962.8241837774403,1968.5998709616251,5.77568718418479,2.25,0.0598879210956267,8
2020-08-05,2020-07-22,2020-08-19,53.746569622259344,22.952966138885476,1971.6718225949849,1961.1596479881557,1982.9334110445343,21.77376305637881,9.0,0.197265803885224,8
2020-08-05,2020-07-22,2020-08-19,2.865673975754567,8.344852723397816,1976.8018379863329,1975.0695374202917,1977.9302775976248,2.860740177333355,1.25,0.0342914375548496,8
2020-08-05,2020-07-22,2020-08-19,3.808043956881645,9.285097844898726,1860.3531000860355,1859.5074386494232,1861.492822788656,1.9853841392323377,0.75,0.3123710452907249,8
2020-08-05,2020-07-22,2020-08-19,3.3680563240404853,16.451222180870758,1977.543360823204,1976.174629546702,1978.76748856809,2.5928590213879943,1.75,0.0450807831293638,8
2020-08-05,2020-07-22,2020-08-19,12.19854667460161,13.483656495657682,1983.1989943805088,1978.8068583603017,1993.7767650727185,14.96990671241656,5.75,0.120878213954046,8
2020-09-01,2020-08-19,2020-09-14,3.209407728080598,7.921255494637277,111.44133519469852,111.34104273514822,111.7868340490386,0.4457913138903677,1.0,0.0170981037379942,9
2020-09-01,2020-08-19,2020-09-14,2.4855136401148608,22.558580929288652,1902.460042705521,1901.7763329483569,1903.5614513703624,1.7851184220053256,0.75,0.1475983120710495,9
2020-09-01,2020-08-19,2020-09-14,17.938836739678795,7.800120277029306,112.9805931071105,112.36921115079896,113.7017419571057,1.3325308063067496,1.5,0.0317164105861023,9
2020-10-02,2020-09-14,2020-10-21,2.5332144455659673,9.498659346562327,1073.1922102409485,1073.0766248204743,1073.5397419035437,0.463117083068937,0.75,0.0279592335940477,10
2020-10-02,2020-09-14,2020-10-21,16.084511172622577,9.350651756657536,1073.9529570705367,1073.5415805173106,1074.6631957651116,1.1216152478009462,1.75,0.1444272387705333,10
2020-10-02,2020-09-14,2020-10-21,10.41619807573976,9.355772126308892,1075.1417850002492,1074.6656228601933,1075.8266305187717,1.1610076585784554,1.25,0.26810488504896,10
2020-10-02,2020-09-14,2020-10-21,4.9047104293672135,10.645636640650624,1076.0646294484618,1075.828628463205,1076.5245417072438,0.6959132440388203,1.0,0.0365064227215983,10
2020-10-02,2020-09-14,2020-10-21,2.178666596365413,6.371942490692034,1163.6217740670836,1162.5353956469337,1164.5265039186925,1.9911082717590032,2.25,0.0442335897607887,10
2020-10-02,2020-09-14,2020-10-21,6.444477530034698,12.286283082591998,1333.829458050927,1333.3666886705903,1334.5463583865203,1.1796697159297764,0.75,0.0559237254803708,10
2020-10-02,2020-09-14,2020-10-21,12.356164601504542,12.059541649369578,1340.463276905094,1338.1823903070765,1343.0888614915311,4.906471184454858,1.0,0.0617244741845823,10
2020-10-02,2020-09-14,2020-10-21,3.4184008893198707,12.995808220467405,1342.010835227955,1340.1107991393656,1343.323872771114,3.213073631748557,0.75,0.0434707833912521,10
2020-10-02,2020-09-14,2020-10-21,4.195766376259519,10.665195476393963,1345.6576556154544,1345.475072985515,1346.1875450196676,0.7124720341525972,1.0,0.0254962099691615,10
2020-10-02,2020-09-14,2020-10-21,2.2898917882075094,7.09551483702277,110.47556477402128,110.23833125503734,110.89935070928186,0.6610194542445242,1.0,0.1011347424185465,10
2020-10-02,2020-09-14,2020-10-21,2.6740110462220734,11.318036997864182,1346.0320277542614,1345.7219302528538,1346.6574964933095,0.9355662404559552,0.5,0.0244083706827654,10
2020-10-02,2020-09-14,2020-10-21,17.65378867802786,15.37144579487648,1173.373033262125,1170.9406713400967,1176.6214565597477,5.680785219650716,3.75,0.0903914876660616,10
2020-10-02,2020-09-14,2020-10-21,6.9986359059780705,14.248455151279146,1168.8986784452093,1166.5201552682556,1170.706076219678,4.185920951422304,1.75,0.0636524871912055,10
2020-11-03,2020-10-21,2020-11-17,2.1601699067552924,11.232147018274851,2157.55492491743,2157.1608963827603,2158.299270038958,1.1383736561983824,1.0,0.1137001294793416,11
2020-11-03,2020-10-21,2020-11-17,2.166315289026082,18.860834979344236,1593.9368066838429,1593.5246248715555,1594.4444386344403,0.919813762884587,1.25,0.1053832020015664,11
2020-11-03,2020-10-21,2020-11-17,2.9203001276909206,6.5631830664547675,1171.1896385926457,1167.683304121252,1174.993137802463,7.3098336812108755,2.0,0.0704137368705451,11
2020-11-03,2020-10-21,2020-11-17,3.158505188845176,5.943166791904865,905.1806415625152,903.2013085787185,908.1515902294776,4.95028165075928,2.5,0.0748851411724551,11
2020-11-03,2020-10-21,2020-11-17,3.896204649172807,17.70857976081316,1588.9554172196251,1588.7047207579017,1589.3903106329965,0.6855898750945926,0.75,0.1178561324749161,11
2020-11-03,2020-10-21,2020-11-17,3.3270821693783885,19.002866715203456,1594.664558426896,1594.441272427328,1595.1268573338166,0.685584906488657,0.75,0.023497852696988,11
2020-12-02,2020-11-17,2020-12-18,4.062503029437891,11.114924781151924,994.6001589673576,994.3031630599872,995.0065235160292,0.7033604560419917,1.5,0.1413786115073937,12
2020-12-02,2020-11-17,2020-12-18,17.65496597597499,8.136108711562912,113.10372374490002,112.5844390457496,113.7017419571057,1.1173029113560915,1.75,0.4438693462334885,12
2020-12-02,2020-11-17,2020-12-18,2.776772470258159,10.193662629512628,1371.2301939088998,1370.4038104368374,1372.0699484064244,1.6661379695869982,1.25,0.0578581102999866,12
2020-12-02,2020-11-17,2020-12-18,4.275464684580048,11.518954252165068,1179.9104986178338,1176.8563344385475,1182.9348452617414,6.0785108231939375,2.75,0.0739844060160646,12
2020-12-02,2020-11-17,2020-12-18,2.4654954811673475,8.884043932807854,1182.1797422975758,1179.6485181842,1186.3696292382665,6.721111054066569,2.25,0.0638192266082192,12
2020-12-02,2020-11-17,2020-12-18,17.678741478610753,5.0588878416720915,906.1138332539986,901.1465807985514,909.680507636629,8.533926838077605,5.0,0.1326025423205872,12
2020-12-02,2020-11-17,2020-12-18,25.15973575028668,5.441538577091988,1172.2773478517868,1166.2875409740957,1181.2752374317497,14.987696457654238,6.5,0.2415360882777931,12
2020-12-31,2020-12-18,2021-01-14,25.909593703557757,5.0688433968054705,892.9025286368716,886.4002132033929,897.8443558369763,11.444142633583397,5.25,0.1732194889647667,12
2020-12-31,2020-12-18,2021-01-14,10.109688630162536,6.091321957385466,1169.406582485591,1166.0542649901472,1174.743295150809,8.689030160661787,3.75,0.1111702860194466,12
2020-12-31,2020-12-18,2021-01-14,2.886392297743121,5.366804320901337,610.3994982062643,610.0197666939348,611.0757072656415,1.055940571706742,1.5,0.1833592361093195,12
2020-12-31,2020-12-18,2021-01-14,3.425367693206627,7.687357757582982,907.0323098629748,905.3888545464724,908.8676149453968,3.4787603989243507,3.25,0.0619728580403497,12
2020-12-31,2020-12-18,2021-01-14,4.514392511419838,6.7347397377787415,947.4639963060022,947.0391448875888,948.99216922326,1.953024335671216,2.75,0.1771046589770296,12
2020-12-31,2020-12-18,2021-01-14,34.421202716651095,6.3074651336568515,892.0220234496837,886.8592675928958,896.380753969308,9.521486376412213,5.75,0.1697679046737184,12
2020-12-31,2020-12-18,2021-01-14,19.36174130679624,5.17315529876007,1276.8547719713754,1269.1804350027817,1282.1598098636605,12.979374860879034,5.5,0.1605217235367416,12
2020-12-31,2020-12-18,2021-01-14,4.626545507222521,5.58420717958926,521.2726732111485,520.1902646902017,523.1119654830545,2.921700792852789,3.25,0.0614739870119047,12
2021-01-20,2021-01-14,2021-01-26,2.0084882876615833,6.544662352993188,1139.5550891501473,1139.3825857858174,1139.8457365701906,0.4631507843732834,0.75,0.1476434715223554,1
2021-01-20,2021-01-14,2021-01-26,2.116496638849829,7.1969467632813915,1139.7630272626652,1139.615097340662,1140.0783374658786,0.4632401252165437,0.75,0.1839671359378581,1
2021-01-20,2021-01-14,2021-01-26,3.3729055715011316,5.156421991686703,2409.8900295127064,2409.1006304351613,2410.5880005010404,1.4873700658790767,1.5,0.1137228672974421,1
2021-01-20,2021-01-14,2021-01-26,4.513067719685425,15.727300225116457,1080.7962895757546,1080.7141072694212,1081.1773834573105,0.4632761878892779,1.0,0.0999573386054564,1
2021-01-20,2021-01-14,2021-01-26,5.038117349109224,7.7506269127691985,113.0488363077293,112.82553360331804,113.4865522608161,0.6610186574980617,0.75,0.4220984490362306,1
2021-01-20,2021-01-14,2021-01-26,2.4214370457485717,7.160417832423981,522.5978261583334,521.3750597466715,524.0914313551039,2.7163716084323823,3.25,0.0574000133758257,1
2021-03-27,2021-03-10,2021-04-14,2.8897715660743675,11.286793187272488,1171.0772200133003,1169.2935240645893,1172.5674516805448,3.273927615955472,3.0,0.0577453216490765,3
2021-03-27,2021-03-10,2021-04-14,2.651975024655415,17.120088534511098,2280.05514117478,2203.826662388165,2359.506648998242,155.67998661007732,2.25,0.0720812753859599,3
2021-03-27,2021-03-10,2021-04-14,2.1884906743471837,5.723020575298998,870.5520774205369,870.4552293075249,870.9248161637224,0.4695868561975658,1.0,0.0740462614045428,3
2021-03-27,2021-03-10,2021-04-14,2.695125664066766,12.941076408775752,2310.0492580109667,2248.933485245332,2420.2919294806197,171.3584442352876,1.25,0.1048883451465708,3
2021-03-27,2021-03-10,2021-04-14,7.627170705340215,5.038260946707942,139.41742558935132,134.69392282888293,143.80035945773125,9.106436628848314,0.75,0.3012093335768921,3
2021-03-27,2021-03-10,2021-04-14,5.909568592486818,14.32407421518956,1169.973028981,1169.0608465014957,1170.9387187580578,1.8778722565621135,4.25,0.0654360586894965,3
2021-04-23,2021-04-14,2021-05-03,2.10828415248439,7.94734916868116,111.7632523670958,111.55619481950998,112.16939492477104,0.6132001052610576,1.0,0.221055266693596,4
2021-04-23,2021-04-14,2021-05-03,2.4741223685684433,19.1735020494554,1253.157442224913,1252.8972218045965,1253.6048455028797,0.7076236982829869,2.0,0.0811604971512136,4
2021-04-23,2021-04-14,2021-05-03,7.192085943580565,7.900063647906101,2282.269806676308,2281.995299000293,2282.7828071000986,0.7875080998055637,1.5,0.3632785455271973,4
2021-04-23,2021-04-14,2021-05-03,5.162288320904761,8.151242822246372,111.3110148518093,111.12589091667904,111.7868340490386,0.6609431323595345,1.5,0.076786560279976,4
2021-04-23,2021-04-14,2021-05-03,2.400158674050914,5.21602338190851,136.7433900855867,89.12512062722817,145.239852800034,56.114732172805816,0.75,0.0177404058578244,4
2021-04-23,2021-04-14,2021-05-03,3.4240382886876235,7.397543170698233,110.59928529559105,110.23833125503734,111.35653014620766,1.118198891170323,1.0,0.1211708362007731,4
2021-04-23,2021-04-14,2021-05-03,2.2250158559314817,5.780085183012219,2249.515397633077,2248.933485245332,2250.3162121362984,1.3827268909662962,0.75,0.1593342430485199,4
2021-04-23,2021-04-14,2021-05-03,5.349450902471077,8.061143615897546,111.21811728190636,111.12589091667904,111.57168196467684,0.4457910479977727,1.75,0.0991660377906552,4
2021-04-23,2021-04-14,2021-05-03,3.258701674009673,7.54595380069361,111.51499933972912,111.34104273514822,111.7868340490386,0.4457913138903677,1.0,0.0933765548917238,4
2021-04-23,2021-04-14,2021-05-03,2.074247568186706,8.526154385861522,111.49344921297543,111.34104273514822,111.7868340490386,0.4457913138903677,0.75,0.1666296871079423,4
2021-04-23,2021-04-14,2021-05-03,18.854806601397883,8.065271869621382,112.8094799506269,112.36921115079896,113.4865522608161,1.1173411100171506,2.0,0.3970998539479149,4
2021-05-18,2021-05-03,2021-06-02,3.920935632476701,6.0472018784611885,126.04603710760875,118.25097537692636,133.97392127802595,15.722945901099592,2.0,0.1834940820934474,5
2021-05-18,2021-05-03,2021-06-02,2.9985204421688216,5.263393194516155,136.01366778437497,135.68791265040636,136.73866048641503,1.050747836008668,1.25,0.0859971293747586,5
2021-05-18,2021-05-03,2021-06-02,2.594704593952515,5.223562912900667,83.44188413340281,72.18931288365275,141.01817651977763,68.82886363612488,0.75,0.2057229249960033,5
2021-05-18,2021-05-03,2021-06-02,2.0391829095233978,5.218084172374636,141.366246071785,141.01538533903658,142.0209150761366,1.0055297371000051,1.0,0.1550938599274915,5
2021-05-18,2021-05-03,2021-06-02,3.548761064839808,14.117823945557936,1108.6298990592688,1108.1872384361925,1109.347946194932,1.1607077587395906,0.75,0.1854909821656701,5
2021-05-18,2021-05-03,2021-06-02,2.7826075274456175,5.435607932605388,139.9603484173072,139.64918172126636,140.5572685240768,0.9080868028104304,0.75,0.1001150048907008,5
2021-05-18,2021-05-03,2021-06-02,2.5366905823736143,17.589866213157244,1254.975304413341,1254.3279874082657,1255.9594302927144,1.6314428844489155,1.75,0.0405874452187601,5
2021-05-18,2021-05-03,2021-06-02,2.3088174667845527,5.305710545361552,141.1037508789966,140.78753729024902,141.7017214759253,0.9141841856762768,0.75,0.1729459752834324,5
2021-05-18,2021-05-03,2021-06-02,2.4619680847909367,5.216402790780224,135.8184107397866,134.8561733760871,136.73866048641503,1.8824871103279293,1.25,0.0906084592398704,5
2021-06-20,2021-06-02,2021-07-08,2.2875409978605385,8.441208719468577,112.6789284256414,112.5844390457496,113.05617283284664,0.4717337870970368,0.75,0.2211141458199106,6
2021-06-20,2021-06-02,2021-07-08,2.145919285360794,14.13496227520293,1109.3409483023047,1109.1173069654033,1109.8131736572832,0.6958666918799281,0.5,0.1934955327143661,6
2021-06-20,2021-06-02,2021-07-08,3.3284596621767477,8.59539665265907,112.98422647635776,112.82553360331804,113.4865522608161,0.6610186574980617,0.75,0.2415510177037043,6
2021-06-20,2021-06-02,2021-07-08,12.98902250258497,7.860428938239257,113.08547683612863,112.5844390457496,113.7017419571057,1.1173029113560915,1.75,0.5762038050046336,6
2021-06-20,2021-06-02,2021-07-08,2.6267607945058513,5.000624953573811,1170.459873047402,1168.3363588838838,1172.8000944145024,4.463735530618578,1.5,0.0530492576689001,6
2021-07-24,2021-07-08,2021-08-10,2.133968137084695,10.2186164790083,2400.9643366783907,2285.406532179564,2458.726017334033,173.31948515446857,1.0,0.1867491505986757,7
2021-07-24,2021-07-08,2021-08-10,2.759342948363067,8.50843397121798,111.2332565321838,111.12589091667904,111.57168196467684,0.4457910479977727,0.75,0.0751928371903716,7
2021-07-24,2021-07-08,2021-08-10,3.9838988736222474,7.312310789908755,110.54589088024174,110.23833125503734,111.11454082094131,0.8762095659039915,1.5,0.0419643788845496,7
2021-07-24,2021-07-08,2021-08-10,2.8659674641741417,5.798377348894281,142.86803289925,139.50716555304825,146.57858125818893,7.07141570514068,1.0,0.0700862655495225,7
2021-07-24,2021-07-08,2021-08-10,2.2904470521525995,9.50890128906193,1381.5282519462987,1381.238055207301,1382.1986926821992,0.9606374748982488,1.0,0.0673650065036354,7
2021-07-24,2021-07-08,2021-08-10,2.4054945126260585,10.367568687357288,1901.696166869912,1901.0754608893767,1902.1485900064,1.0731291170231998,1.0,0.2252067056289471,7
2021-08-27,2021-08-10,2021-09-14,4.576604791234039,7.8164446818061615,2282.055943588109,2281.438462925609,2282.7828071000986,1.344344174489379,0.75,0.1337841527674976,8
2021-08-27,2021-08-10,2021-09-14,2.1501441347672987,12.606308158085191,1508.3277331720908,1507.2297122040763,1509.4958540159278,2.266141811851412,1.0,0.0605157062046262,8
2021-08-27,2021-08-10,2021-09-14,2.0651892124469695,5.3988505111708776,145.52379036479076,145.23705961555245,145.91860216809437,0.6815425525419414,0.75,0.1705178677502922,8
2021-08-27,2021-08-10,2021-09-14,4.134173593415832,9.27732515892741,867.7752183646436,867.5325849270448,868.239835201297,0.7072502742521465,0.75,0.0339516625172612,8
2021-08-27,2021-08-10,2021-09-14,5.256478499253874,5.102943196109415,435.9990271931728,435.2171864723786,436.933692291379,1.7165058190003035,1.0,0.0328201845601682,8
2021-08-27,2021-08-10,2021-09-14,2.381489581616721,5.2241443721699605,868.6623450580905,868.0091959717683,870.6858685370535,2.6766725652851164,1.0,0.163016614818571,8
2021-08-27,2021-08-10,2021-09-14,3.9316550519475015,8.054523436251138,111.4441483522545,111.34104273514822,111.7868340490386,0.4457913138903677,1.5,0.0189199851604638,8
2021-08-27,2021-08-10,2021-09-14,2.4161033405863,6.225423081025985,129.86229397154156,129.61587432492524,130.32345490111038,0.707580576185137,0.75,0.0232965219651041,8
2021-08-27,2021-08-10,2021-09-14,2.8273440421992073,7.818948720626035,2282.313672247262,2281.995299000293,2282.7828071000986,0.7875080998055637,0.75,0.0755871953638535,8
2021-09-27,2021-09-14,2021-10-11,20.66392416945555,18.72673136686867,1638.6459758119022,1628.5062233163044,1652.3174848249182,23.811261508613825,7.25,0.1870584206674824,9
2021-09-27,2021-09-14,2021-10-11,2.5954086202006508,15.124940777482848,1648.2213268568848,1645.3039776119404,1651.149756529834,5.845778917893767,4.25,0.0680574651708293,9
2021-09-27,2021-09-14,2021-10-11,5.46971305826437,24.80006887967621,1649.2986972618185,1647.0765166557394,1655.6882048975676,8.611688241828233,5.0,0.1020980271954674,9
2021-09-27,2021-09-14,2021-10-11,28.058867405872817,9.09524743937892,1689.1644989356057,1677.0057897646911,1703.2975347395986,26.291744974907488,11.0,0.2309519226425801,9
2021-09-27,2021-09-14,2021-10-11,68.26635599254791,10.743491929813157,1648.981386802997,1624.1020906800404,1673.031884083059,48.929793403018266,12.5,0.3688548098295516,9
2021-09-27,2021-09-14,2021-10-11,2.27775872323912,5.91257458059628,1152.6023528769742,1151.094060593285,1154.6001134850085,3.5060528917238116,2.0,0.0626843702842591,9
2021-09-27,2021-09-14,2021-10-11,2.3255739834078804,7.764503998867419,899.3510362564699,899.0636749775149,899.7862488902174,0.7225739127025008,0.75,0.1400969354148041,9
2021-09-27,2021-09-14,2021-10-11,3.007148655745487,7.03537787357231,61.05683338960216,60.880128416698426,61.41961365751922,0.5394852408207953,0.75,0.0944596943645994,9
2021-09-27,2021-09-14,2021-10-11,2.4510307689080384,5.364365592465317,1418.0760845209638,1417.3680623541586,1418.6911642439663,1.323101889807731,0.75,0.0386835206896257,9
2021-09-27,2021-09-14,2021-10-11,3.415438097777346,10.429105656966025,1705.3606150682006,1703.5092994268052,1709.2067231237888,5.697423696983606,4.25,0.0801859740633512,9
2021-09-27,2021-09-14,2021-10-11,9.123953976419102,16.064699880231434,1705.2484561928911,1700.5587326702662,1711.8334474898877,11.274714819621297,6.25,0.1404809488433522,9
2021-09-27,2021-09-14,2021-10-11,2.1511194504091673,15.769358392950918,1682.7617302485917,1679.2353345472366,1687.3244507578202,8.089116210583597,2.5,0.0635554390491981,9
2021-09-27,2021-09-14,2021-10-11,2.437873031502661,19.606198411533853,1681.9162779067997,1678.653583026491,1686.6874438622035,8.033860835712403,3.25,0.0697718402922105,9
2021-09-27,2021-09-14,2021-10-11,2.0162288861634075,8.655651473850158,2210.426439256745,2205.9485026802868,2215.9805501000956,10.032047419808803,2.0,0.0694431729674548,9
2021-10-11,2021-10-11,2021-10-12,72.29842646394853,9.430904184577658,1510.8149602303497,1502.2401356091725,1518.0010301405564,15.76089453138411,13.75,0.3889111600658115,10
2021-10-11,2021-10-11,2021-10-12,5.394401565749283,7.471727032475554,1503.10957068177,1500.3396883807145,1504.9277410255745,4.588052644859999,6.75,0.0974489544769126,10
2021-10-11,2021-10-11,2021-10-12,3.5567740482717056,5.200117126391129,131.85525159752223,131.76925798365846,132.2150739757344,0.4458159920759499,0.75,0.0992993715861549,10
2021-10-11,2021-10-11,2021-10-12,2.2090496822879415,10.564702532592,1527.5522015754602,1521.81313072145,1536.1119330418296,14.298802320379764,3.75,0.0665261885979851,10
2021-10-11,2021-10-11,2021-10-12,3.0367929465560284,13.201935118743442,1520.792320056568,1519.6285340823233,1522.9152551437728,3.286721061449498,3.25,0.0810733126032128,10
2021-10-11,2021-10-11,2021-10-12,14.344980919702136,8.992227450641238,1520.0044893328509,1515.788161075674,1522.2532623065636,6.465101230889559,7.25,0.1932039964940174,10
2021-10-19,2021-10-12,2021-10-27,15.43128194627442,9.534321343351593,1520.1289494008124,1516.241672437638,1522.2532623065636,6.011589868925512,7.0,0.1814274426311257,10
2021-10-19,2021-10-12,2021-10-27,68.1849651382415,10.05443821218434,1510.81899502583,1503.2494304520078,1518.0010301405564,14.751599688548596,13.75,0.3397081163680362,10
2021-10-19,2021-10-12,2021-10-27,4.212480743563651,18.827020772641117,1510.5144460116733,1508.4859190909192,1511.9169405014254,3.4310214105062187,6.5,0.0979111686782929,10
2021-10-19,2021-10-12,2021-10-27,2.1216537320220894,5.037752887129763,867.9986877783958,867.7708902982995,868.4781409152783,0.7072506169788539,0.75,0.0918105529691083,10
2021-11-13,2021-11-04,2021-11-22,2.4855003783591623,9.243860060793912,428.2779772651585,428.1026668618433,428.6703001735732,0.5676333117298782,1.25,0.199452937286875,11
2021-11-13,2021-11-04,2021-11-22,2.4211298342948395,5.649579333413591,1287.4966044155312,1286.5645467429422,1288.8957479600797,2.331201217137277,2.5,0.1470231579998962,11
2021-11-13,2021-11-04,2021-11-22,2.366778834959313,6.3549043676208585,2377.930722713561,2376.017879121471,2379.316319049336,3.29843992786482,1.0,0.196142508930685,11
2021-11-13,2021-11-04,2021-11-22,2.1209047311241944,5.369070064026739,1416.6058704541351,1415.7205728963015,1417.5987015836872,1.8781286873854697,0.75,0.1541793569809996,11
2021-11-13,2021-11-04,2021-11-22,2.619820052852032,8.81998384093956,2240.1863925514845,2239.157964992337,2241.3721329560503,2.2141679637134075,0.75,0.2848932581879744,11
2021-11-13,2021-11-04,2021-11-22,3.080084852495466,7.679622059735038,1139.466203647706,1139.1499848896638,1139.8457365701906,0.6957516805268824,1.0,0.2194465866837417,11
2021-11-13,2021-11-04,2021-11-22,2.017747299531009,7.025533019946277,1137.9009156138147,1137.7759286970831,1138.2391457180493,0.4632170209661126,0.75,0.1151722519824843,11
2021-12-10,2021-12-07,2021-12-13,2.3926213840299195,5.378738057735445,1417.989526730428,1417.3680623541586,1418.6911642439663,1.323101889807731,0.5,0.0486303572435198,12
2021-12-10,2021-12-07,2021-12-13,2.007760044294346,5.305050660826478,868.0609686041244,867.7708902982995,868.4781409152783,0.7072506169788539,0.75,0.112370283305359,12
2021-12-10,2021-12-07,2021-12-13,2.99005713564127,6.432037018431695,865.1541547008917,864.9874463728629,865.7115565608256,0.7241101879626513,1.0,0.133699703906197,12
2021-12-10,2021-12-07,2021-12-13,3.14353139814649,7.657252782949817,112.54790155415073,112.36921115079896,113.05617283284664,0.6869616820476949,0.5,0.1952704984846456,12
2021-12-10,2021-12-07,2021-12-13,3.3033978268980957,9.7684809020308,113.37265532059295,113.25591303128748,113.7017419571057,0.4458289258182049,0.75,0.210297543045373,12
2021-12-10,2021-12-07,2021-12-13,4.140862534690813,7.216789953581967,111.86133656318182,111.34104273514822,113.05617283284664,1.7151300976984205,1.25,0.1629858898950797,12
2021-12-10,2021-12-07,2021-12-13,3.4182094587593617,9.760350212103566,98.45452166430312,98.33266358450057,98.78095859522,0.4482950107194483,0.75,0.3110671262781314,12
2021-12-10,2021-12-07,2021-12-13,6.3808349410385725,9.998099418163967,99.40680139052483,99.162883406505,99.82884898828344,0.6659655817784369,0.75,0.2783385528544937,12
2021-12-15,2021-12-13,2021-12-17,2.7236832404875755,6.608015105493308,286.86874100011164,286.7074991497211,287.29546892503276,0.5879697753116488,1.0,0.2064116306859654,12
2021-12-15,2021-12-13,2021-12-17,8.19474461568777,7.419785834036196,1286.112473400257,1284.0047962805256,1287.955739095807,3.9509428152814503,3.5,0.082163325660762,12
2021-12-15,2021-12-13,2021-12-17,8.305891793810478,8.370875145800131,113.14232843389244,112.82553360331804,113.7017419571057,0.8762083537876606,1.0,0.4951451056424369,12
2021-12-19,2021-12-17,2021-12-21,2.285001083345355,7.607494295214541,110.5562678563892,110.4535213871859,110.89935070928186,0.4458293220959604,1.0,0.086296295274095,12
2021-12-19,2021-12-17,2021-12-21,59.978505894807505,5.193091649361019,98.30775710328945,69.7291479818523,125.36020833440124,55.63106035254896,6.0,0.2541056750988238,12
2022-01-26,2022-01-19,2022-02-03,2.036533441374188,13.764955275806976,1157.4431893605424,1157.1845559854992,1157.8804173236713,0.6958613381721079,0.75,0.3841670669127279,1
2022-01-26,2022-01-19,2022-02-03,3.4662089420127074,5.889888633119088,1137.1139501602015,1136.7801178637892,1137.4759571999311,0.6958393361419439,1.25,0.2467017521260817,1
2022-01-26,2022-01-19,2022-02-03,4.768844895438429,15.72010875314984,1080.7532384306078,1080.481470107101,1081.1773834573105,0.6959133502095938,0.75,0.4384406440469083,1
2022-01-26,2022-01-19,2022-02-03,2.3038598765458356,5.670392215652786,866.8884069210748,866.6903801849112,867.3975506522693,0.7071704673580825,1.0,0.1887940695334286,1
2022-01-26,2022-01-19,2022-02-03,2.1254373685825056,20.108983367008776,1255.1142603448234,1255.026574945543,1255.7265675845556,0.6999926390126348,1.25,0.099783368177366,1
2022-01-26,2022-01-19,2022-02-03,2.137084073075626,18.21989214775547,2211.465952034474,2210.139023126103,2213.171568706166,3.0325455800630152,1.0,0.191346190281251,1
2022-01-26,2022-01-19,2022-02-03,10.04628792405838,7.648511675202419,111.05509304568665,110.4535213871859,111.7868340490386,1.3333126618526876,2.5,0.2821359884319819,1
2022-01-26,2022-01-19,2022-02-03,3.7066706350484777,5.821888731976949,779.7086411570515,778.9709575744346,780.8340991395526,1.863141565117985,2.0,0.087242244870469,1
2022-01-26,2022-01-19,2022-02-03,3.618521359399178,12.03506435758972,1901.7285334481796,1900.9991308152676,1902.7841993928887,1.785068577621132,0.75,0.2254705000615529,1
2022-01-26,2022-01-19,2022-02-03,3.9957854429140776,11.844354785876687,2092.5475064789184,2091.997096040286,2093.317331327591,1.3202352873049676,0.75,0.2936535318772008,1
2022-01-26,2022-01-19,2022-02-03,31.92736778611427,8.22327495011735,112.8856522065772,112.36921115079896,113.7017419571057,1.3325308063067496,2.25,0.0466718014633991,1
2022-01-26,2022-01-19,2022-02-03,2.737214844084019,8.68812589790149,111.4987105559682,111.34104273514822,111.7868340490386,0.4457913138903677,0.75,0.0746834083358679,1
2022-01-26,2022-01-19,2022-02-03,3.170083162847897,8.819147755837312,111.2195328319124,111.12589091667904,111.57168196467684,0.4457910479977727,0.75,0.1667419052513245,1
2022-01-26,2022-01-19,2022-02-03,2.6247430472063207,5.095531004352039,105.35518606883588,77.6073911478743,142.43143256707117,64.82404141919687,1.0,0.2481198826216127,1
2022-02-06,2022-02-03,2022-02-10,20.40126921655839,7.172320982742585,1032.2035588200606,1027.7891384707764,1035.073765204288,7.284626733511686,4.5,0.1225947542545994,2
2022-02-06,2022-02-03,2022-02-10,2.0561094649186944,5.186519623383722,1244.3230598349096,1242.86743889004,1245.66253975546,2.795100865419954,1.75,0.0523756669916353,2
2022-03-06,2022-03-01,2022-03-11,3.717329742360757,5.746281062919867,503.68364480177326,501.5167811918072,505.2337577110157,3.7169765192084014,2.25,0.060243264802501,3
2022-03-14,2022-03-11,2022-03-17,5.876952803502837,9.9008374818248,1177.5828715133664,1177.3216165732592,1177.9903174643405,0.6687008910812438,1.0,0.0295170181461859,3
2022-03-14,2022-03-11,2022-03-17,7.9069418567391505,11.925406551301965,1177.9760033677178,1177.527157346718,1178.4553589350544,0.9282015883363784,1.25,0.0377168575458377,3
2022-03-19,2022-03-17,2022-03-22,2.05127647752373,7.06063646329637,110.5747182522902,110.4535213871859,110.89935070928186,0.4458293220959604,1.0,0.0228639775919676,3
2022-03-19,2022-03-17,2022-03-22,2.7880396578990903,7.76003494903963,111.46305942565488,111.34104273514822,111.7868340490386,0.4457913138903677,0.75,0.0161750998856571,3
2022-03-19,2022-03-17,2022-03-22,3.9423636313745143,8.819152990910716,2135.9282422851848,2135.396730973851,2136.520792624913,1.1240616510622203,0.75,0.2089609057697329,3
2022-04-24,2022-04-19,2022-04-29,4.04450106097511,7.274176197034111,2234.708960774048,2234.199933820404,2235.4324103337713,1.2324765133671465,0.75,0.1895485966702257,4
2022-04-24,2022-04-19,2022-04-29,2.577615380240593,7.246002637356739,1165.9320691181763,1165.8216506857425,1166.2849042196758,0.4632535339333117,0.75,0.1905212638902262,4
2022-05-07,2022-05-03,2022-05-12,2.179080017184343,9.2991812951997,1865.176676342433,1864.1020992631093,1868.031863517128,3.929764254018664,1.0,0.1303182301788201,5
2022-05-07,2022-05-03,2022-05-12,4.324848233849795,15.815337153724045,1080.9395040609202,1080.7141072694212,1081.5534952199089,0.8393879504874349,0.75,0.2431773628261699,5
2022-05-14,2022-05-12,2022-05-17,4.080268016092333,11.611664307433204,1177.7627991911954,1177.527157346718,1178.2228382555768,0.6956809088587761,1.0,0.0238598122291107,5
2022-05-21,2022-05-17,2022-05-25,2.428885366686776,5.540328398664812,1811.608326273111,1811.3562498549,1812.2583803418092,0.9021304869093,0.75,0.1667268795952279,5
2022-05-21,2022-05-17,2022-05-25,3.95742552625888,5.229491007669082,102.99773193241292,60.26243609050289,132.93073710240424,72.66830101190135,1.25,0.0351100265008053,5
2022-06-04,2022-06-01,2022-06-07,5.589322620357713,5.748684701896712,100.89419185321132,80.24752630107105,143.60741512477398,63.35988882370293,0.75,0.0447249754555241,6
2022-06-10,2022-06-07,2022-06-14,6.747454447512656,8.008175164798352,111.32925906118597,111.12589091667904,111.7868340490386,0.6609431323595345,1.75,0.0882052478304182,6
2022-06-10,2022-06-07,2022-06-14,3.9459050967439264,7.268541924334952,110.7026340640823,110.4535213871859,111.35653014620766,0.903008759021759,1.25,0.1054414762524297,6
2022-06-10,2022-06-07,2022-06-14,2.128909642183059,7.124812374227761,111.66092047184917,111.55619481950998,112.00198600441216,0.4457911849021911,0.5,0.0432204886789454,6
2022-06-10,2022-06-07,2022-06-14,6.229894250469726,7.509548505863722,112.58214628457266,112.36921115079896,113.05617283284664,0.6869616820476949,0.75,0.0904110911295509,6
2022-06-10,2022-06-07,2022-06-14,3.0975286740227883,5.148292391991476,127.27461459674312,72.49322857288644,142.24868281930685,69.75545424642041,1.0,0.2314731053268758,6
2022-07-03,2022-07-01,2022-07-06,11.297715625949936,5.431522215380468,122.11161517780404,72.18931288365275,142.47645031800494,70.28713743435219,1.0,0.3487161690375787,7
2022-07-23,2022-07-18,2022-07-29,3.588079864091771,5.653669728824954,866.8141148581844,866.1956970905885,867.7632241565734,1.5675270659849048,1.25,0.2133525627422591,7
2022-07-23,2022-07-18,2022-07-29,2.5303839256215768,7.775920645254351,1139.4821906828347,1139.1499848896638,1139.8457365701906,0.6957516805268824,1.0,0.1197896993379556,7
2022-07-31,2022-07-29,2022-08-02,2.582942108566171,15.673220992113796,1923.319123549191,1916.40806939872,1938.4053564611825,21.99728706246242,4.5,0.0691528877395167,7
2022-07-31,2022-07-29,2022-08-02,2.806554222049499,5.041993258873871,138.39824737278863,137.87959666084498,141.12709437217563,3.247497711330652,1.0,0.0327657010912524,7
2022-08-06,2022-08-02,2022-08-11,2.978065625500004,5.532934970541483,867.1409780025552,866.6903801849112,868.0015295278281,1.311149342916906,1.0,0.0581126391404522,8
2022-08-06,2022-08-02,2022-08-11,4.953282013229405,15.668232673399524,1924.0078431026857,1914.8792631574904,1939.128719164524,24.249456007033587,5.25,0.1159043093709832,8
2022-08-06,2022-08-02,2022-08-11,7.440936446672749,14.178873238236074,1910.1376938161216,1897.876807129942,1919.1149208475836,21.23811371764168,7.75,0.1082771461152099,8
2022-08-06,2022-08-02,2022-08-11,2.3652736833474095,15.104265452003265,1879.573275632224,1868.6695172423497,1899.6722347000616,31.002717457711697,3.75,0.0614892463698802,8
2022-08-06,2022-08-02,2022-08-11,2.6157373925305314,18.41340580505625,2110.3095733398354,2092.541894046124,2113.661335386336,21.11944134021178,7.0,0.0733348660115729,8
2022-08-06,2022-08-02,2022-08-11,4.512591103717605,7.018504508183977,241.20989495719135,211.15995562681928,290.2373994225636,79.07744379574433,5.0,0.1025857767639104,8
2022-08-06,2022-08-02,2022-08-11,2.4263865636142556,8.618366717977937,325.3014678599449,320.4262797520496,336.75133417127654,16.325054419226944,4.0,0.0656162290909625,8
2022-08-06,2022-08-02,2022-08-11,15.696116439890629,5.063749910596002,113.96290898591246,98.33266358450057,133.97392127802595,35.641257693525404,8.5,0.326739064300111,8
2022-08-06,2022-08-02,2022-08-11,3.6374518237402342,5.510469178241197,473.52879256390975,468.6090923235752,477.84874646831304,9.23965414473787,4.25,0.0870494270732034,8
2022-08-13,2022-08-11,2022-08-15,2.2629398644428695,5.073885948774921,1137.1348556808985,1137.0127178695984,1137.4759571999311,0.4632393303327262,1.25,0.1949335141224347,8
2022-08-13,2022-08-11,2022-08-15,2.4704886475072194,10.845269703500495,947.4205277703696,947.0391448875888,947.991911042016,0.9527661544270812,1.0,0.1793176508042228,8
2022-08-13,2022-08-11,2022-08-15,2.2249570429279517,7.00439972260562,208.0805964844808,208.05094259325415,208.53404278727248,0.4831001940183341,0.75,0.1804978177983517,8
2022-08-13,2022-08-11,2022-08-15,2.259736862142791,13.532210707346234,2217.1151283370937,2216.2910853251815,2217.8772984612733,1.5862131360918283,1.0,0.1936969424924737,8
2022-08-13,2022-08-11,2022-08-15,2.205847429565359,8.795369134551644,2219.9029206739833,2218.4565721135587,2221.610290726647,3.153718613088131,1.25,0.1063093625476648,8
2022-08-13,2022-08-11,2022-08-15,5.67946219723823,6.318114558957151,1798.2122105843205,1798.037934726104,1798.725983680226,0.6880489541217685,1.25,0.246625455336204,8
2022-08-13,2022-08-11,2022-08-15,4.333568126520198,6.225474942494111,1230.5580130213662,1230.1722742337734,1231.0836701854132,0.9113959516398608,1.0,0.3205152533328204,8
2022-08-13,2022-08-11,2022-08-15,3.468442682950692,6.106925051484899,2319.362923380559,2317.966077910736,2321.6605317872018,3.694453876465559,0.5,0.2299714470303904,8
2022-08-13,2022-08-11,2022-08-15,3.3609382784789665,8.333425202996787,112.55982477642928,112.36921115079896,113.05617283284664,0.6869616820476949,1.0,0.1996028914101156,8
2022-08-13,2022-08-11,2022-08-15,5.001394970983679,7.469748717167719,110.80770966448432,110.4535213871859,111.57168196467684,1.1181605774909258,1.5,0.2649954952973052,8
2022-08-13,2022-08-11,2022-08-15,35.41767333823003,8.177489624500758,113.1539399371934,112.36921115079896,114.349550221581,1.9803390707820656,2.0,0.806284569525674,8
2022-08-13,2022-08-11,2022-08-15,2.058296962691159,5.163823630762441,1172.1934085677422,1170.9406713400967,1173.8009562790394,2.860284938942641,2.0,0.0544700241841535,8
2022-08-19,2022-08-15,2022-08-24,3.0532401759725576,16.552119643281372,1825.394228507148,1801.1382448240183,1963.4455603486856,162.3073155246675,1.5,0.0622436635293226,8
2022-08-27,2022-08-24,2022-08-30,2.7809179221098983,5.082417330532545,902.1661693457528,901.1465807985514,903.6708045564592,2.524223757907748,2.25,0.0621314178916017,8
2022-09-03,2022-08-30,2022-09-08,2.250159568136616,5.240667845405801,868.1323152321809,868.0091959717683,868.4781409152783,0.4689449435099959,0.75,0.1555999482198439,9
2022-09-03,2022-08-30,2022-09-08,2.727424785388603,5.028965629578955,867.4400914455159,866.9286459484138,868.0015295278281,1.072883579414338,1.0,0.1287272427759158,9
2022-09-03,2022-08-30,2022-09-08,4.292548939548535,7.146467975765561,112.99530451396494,112.82553360331804,113.4865522608161,0.6610186574980617,1.25,0.2647628931919485,9
2022-09-03,2022-08-30,2022-09-08,2.0710399531020367,7.3814664184735,110.55416195796178,110.4535213871859,110.89935070928186,0.4458293220959604,1.0,0.1263728613119853,9
2022-09-03,2022-08-30,2022-09-08,5.363281760467833,6.987165642021609,696.5014601111558,696.2012240686454,696.9332427717745,0.7320187031291425,0.75,0.3609626698846087,9
2022-09-03,2022-08-30,2022-09-08,2.2964899152858633,5.451958021668132,131.53307414375453,130.90588749572635,132.2150739757344,1.3091864800080657,1.25,0.0352350570060192,9
2022-09-16,2022-09-13,2022-09-19,9.796750692660272,7.842504778817189,111.11336596292584,110.4535213871859,111.7868340490386,1.3333126618526876,2.25,0.0690504300863711,9
2022-09-16,2022-09-13,2022-09-19,2.296739005653754,5.767945943097539,901.0743427983192,899.5556096606888,902.089642925188,2.5340332644991577,2.0,0.0697923235745381,9
2022-09-16,2022-09-13,2022-09-19,3.562301894005432,8.494908821219084,112.60196469454104,112.36921115079896,113.05617283284664,0.6869616820476949,0.75,0.0287298036774732,9
2022-09-16,2022-09-13,2022-09-19,37.141143432020925,8.285540537609764,113.16499948131724,112.36921115079896,114.349550221581,1.9803390707820656,2.25,0.186929925875593,9
2022-09-16,2022-09-13,2022-09-19,4.513412525333572,9.506339635686688,114.76245407016184,114.55076146870852,115.2117796977982,0.6610182290896773,0.75,0.0175732351233725,9
2022-09-16,2022-09-13,2022-09-19,4.949530031903241,6.281316628520404,901.1101184512812,899.5556096606888,902.0938903493808,2.5382806886918843,3.0,0.0648448273037915,9
2022-09-16,2022-09-13,2022-09-19,2.0636046056204935,10.650542307216442,1901.4248037216516,1901.0754608893767,1902.1485900064,1.0731291170231998,1.0,0.0910981059176833,9
2022-09-23,2022-09-19,2022-09-28,2.625799374877561,7.057890884201433,112.88357511613157,112.5844390457496,113.27136257989332,0.6869235341437161,1.0,0.1015129957831381,9
2022-09-23,2022-09-19,2022-09-28,2.622307150983654,13.373580095659207,2228.709991969599,2227.8744658450596,2230.0081081357785,2.1336422907188535,1.0,0.0997959193429801,9
2022-09-23,2022-09-19,2022-09-28,2.6083379671089877,12.249258510931671,2263.8190551283515,2248.357441357337,2419.5859113023616,171.2284699450247,1.0,0.16127032564355,9
2022-09-23,2022-09-19,2022-09-28,2.075723774575303,10.207217729627963,1900.168916090312,1899.9077499751,1900.9805609816683,1.0728110065683722,0.75,0.1280566146136453,9
2022-09-23,2022-09-19,2022-09-28,3.129753010574451,13.40291108285005,1157.9144210268312,1157.1845559854992,1159.2491453415714,2.064589356072247,5.25,0.1619430021340532,9
2022-09-23,2022-09-19,2022-09-28,2.9144620721934777,7.320916293627227,1166.3801391869845,1164.9040394714102,1168.3345343312249,3.430494859814644,4.0,0.1261276118108291,9
2022-09-23,2022-09-19,2022-09-28,2.353375236135258,16.854596172518665,561.0994513309561,561.0994513309561,561.3300905604847,0.2306392295286059,1.0,0.0212737376913966,9
2022-09-23,2022-09-19,2022-09-28,2.0917453016339307,6.714304943124986,797.0499081129354,796.3863077252172,798.9592761006206,2.572968375403434,3.5,0.1530636504639403,9
2022-09-23,2022-09-19,2022-09-28,2.0349627882210983,6.609722811345276,655.2950509119615,622.5683001237921,716.9269347465597,94.35863462276755,1.0,0.0474877750103865,9
2022-09-23,2022-09-19,2022-09-28,2.935328233928161,5.815792152939689,865.3355680449156,864.5108916736208,866.9210194144398,2.410127740819007,3.75,0.2051882013499005,9
2022-09-23,2022-09-19,2022-09-28,2.193364946164235,10.08002585715917,863.1627755993607,861.8346086847596,864.979808122851,3.1451994380913675,4.5,0.0751396493921668,9
2022-09-23,2022-09-19,2022-09-28,5.621509478034578,11.79687752899089,2092.337076393429,2091.452298026532,2093.317331327591,1.8650333010591569,0.75,0.5305939964308615,9
2022-09-23,2022-09-19,2022-09-28,2.028119549301562,16.103120384448843,1922.285717017845,1918.1229660962708,1926.497684055008,8.374717958737165,4.5,0.0612789627939589,9
2022-09-23,2022-09-19,2022-09-28,5.026289592820923,5.198670814966273,132.59500650214326,132.47025946481153,132.93073710240424,0.4604776375927031,1.0,0.0315789835709295,9
2022-09-23,2022-09-19,2022-09-28,13.675710446641228,5.0855349767935,135.45171126205813,133.6514859176241,136.73866048641503,3.0871745687909424,1.0,0.0667507142413503,9
2022-09-23,2022-09-19,2022-09-28,5.039879432822822,5.582439279852965,79.37118539670507,51.57285683974624,122.94405350089072,71.3711966611445,0.75,0.0654674572242858,9
2022-09-23,2022-09-19,2022-09-28,20.31705297403043,5.029801645047015,102.04671555195696,54.55541720241308,128.44270802475512,73.88729082234204,1.0,0.1227068486734574,9
2022-09-23,2022-09-19,2022-09-28,2.9087729519785035,5.448165803221788,129.3036835716061,128.57737111160532,130.0765317864716,1.499160674866289,0.75,0.0384926584271998,9
2022-09-23,2022-09-19,2022-09-28,10.272802170966866,5.041645602068272,139.0089515136544,138.55786761594936,139.82073964783922,1.262872031889856,0.75,0.1035216771794914,9
2022-09-23,2022-09-19,2022-09-28,17.043703979151474,5.097073945690851,112.89903492794572,71.88539718650281,142.7042175126262,70.81882032612339,1.25,0.0816649220360749,9
2022-09-23,2022-09-19,2022-09-28,6.140684726282282,5.655341463398601,126.31179123251228,68.93854928901419,137.1119244946167,68.1733752056025,1.0,0.0435619408711942,9
2022-09-23,2022-09-19,2022-09-28,8.510572001457568,5.345494754631325,92.58368383247408,69.2429614001885,138.5603505591862,69.31738915899768,1.0,0.0485979689125375,9
2022-09-23,2022-09-19,2022-09-28,2.082307832660656,5.349333895077987,124.50834441825153,124.40996731910856,124.87144114263356,0.4614738235250115,0.75,0.0429682178110451,9
2022-09-23,2022-09-19,2022-09-28,4.019867003807427,5.033051680717788,121.1969665241198,121.0773394391872,121.5389866642654,0.4616472250781953,1.0,0.0346068216772236,9
2022-09-23,2022-09-19,2022-09-28,2.797976172505256,5.01943000589998,122.36285693225138,122.25166723970324,122.71317974664272,0.4615125069394707,0.75,0.0657734004781104,9
2022-09-23,2022-09-19,2022-09-28,2.3549499254748643,5.422392288944703,135.55837623587647,135.36234700167552,136.04961624974385,0.6872692480683327,0.5,0.0231409899279009,9
2022-09-23,2022-09-19,2022-09-28,14.334947709598987,6.491158981640826,145.11787539496973,144.75476220948622,145.91860216809437,1.1638399586081505,1.5,0.0490922724439669,9
2022-09-23,2022-09-19,2022-09-28,3.142509089761605,5.668196887168385,135.58061341605583,135.31525231571868,136.27957520494238,0.9643228892236948,1.0,0.0660512582649585,9
2022-09-23,2022-09-19,2022-09-28,2.862894196440673,6.042407354706719,114.39751717997834,79.65520286513492,144.28393166465685,64.62872879952192,0.75,0.0768882480916381,9
2022-09-23,2022-09-19,2022-09-28,4.187709571374012,6.219335501738451,95.5269742347626,79.951364481356,143.60741512477398,63.656050643417984,1.0,0.0367495311011286,9
2022-10-01,2022-09-28,2022-10-05,2.951842521700675,8.369563949837197,112.8940542868176,112.82553360331804,113.27136257989332,0.4458289765752852,1.0,0.1350146756429458,10
2022-10-01,2022-09-28,2022-10-05,2.0061905443374046,5.520118516151116,867.177294196903,866.9286459484138,867.7632241565734,0.8345782081596553,0.75,0.0504870602459462,10
2022-10-01,2022-09-28,2022-10-05,18.764400059609187,8.101441416822814,113.14890658046136,112.82553360331804,113.7017419571057,0.8762083537876606,2.0,0.4911920796022757,10
2022-10-08,2022-10-05,2022-10-11,5.30893969840245,7.987163188883143,111.60740964985476,111.34104273514822,112.00198600441216,0.660943269263953,1.75,0.2121418770321791,10
2022-10-08,2022-10-05,2022-10-11,3.566340963512552,8.279980475791826,111.35404935250136,111.12589091667904,111.7868340490386,0.6609431323595345,0.75,0.1734732067222409,10
2022-10-15,2022-10-11,2022-10-19,2.5587385971802092,20.491541620662556,1256.586504039011,1256.4314503087662,1257.12781599164,0.6963656828738749,2.25,0.0964379120336791,10
2022-10-15,2022-10-11,2022-10-19,3.0970114655505707,5.22288030244384,1418.0524000778746,1417.1313417255878,1419.7109778528102,2.5796361272223294,1.0,0.1846031349805426,10
2022-10-15,2022-10-11,2022-10-19,3.3539216565186325,6.370386097644712,1798.3693581332898,1798.2666396084242,1798.725983680226,0.4593440718017518,1.0,0.3302326874350234,10
2022-10-15,2022-10-11,2022-10-19,2.1382124755060956,5.70696930742837,1798.6789827233083,1798.4953444506973,1798.954688922502,0.4593444718047976,0.75,0.1740643212570064,10
2022-10-15,2022-10-11,2022-10-19,2.21687365687124,19.197775177346532,2113.5019937898724,2112.9246129742824,2114.792147602886,1.8675346286036072,0.75,0.2300214729796453,10
2022-10-15,2022-10-11,2022-10-19,2.8309777632604307,6.242389090051436,865.3488679647534,865.2257237215526,865.7115565608256,0.4858328392729163,0.75,0.1078059000235684,10
2022-10-15,2022-10-11,2022-10-19,2.2133374385443,6.630721596388697,286.82751126543485,286.7074991497211,287.29546892503276,0.5879697753116488,1.0,0.2019176672791564,10
2022-10-15,2022-10-11,2022-10-19,2.807194245911441,10.508300527508624,1166.103220686154,1165.8216506857425,1166.518180203624,0.6965295178815722,0.75,0.1456771176604225,10
2022-10-15,2022-10-11,2022-10-19,3.576934223324801,10.463940679427822,1365.79727131015,1365.5859522293322,1366.2877470385283,0.7017948091961443,0.75,0.1970531489225903,10
2022-10-15,2022-10-11,2022-10-19,11.853330719267012,6.417711831979934,141.36263121621673,140.21536995097995,142.7042175126262,2.488847561646253,2.0,0.0462843546793065,10
2022-10-15,2022-10-11,2022-10-19,17.180763763010756,5.020269798515988,135.70218868554687,72.79714427608997,142.7042175126262,69.90707323653623,1.25,0.0891068490584777,10
2022-10-22,2022-10-19,2022-10-25,2.36154736063553,9.96832247386011,888.7638509291497,888.5905137234367,889.3169859624468,0.726472239010036,1.0,0.0820890497047784,10
2022-10-28,2022-10-25,2022-11-01,2.368258385616739,7.120535656679153,110.55941952971344,110.4535213871859,110.89935070928186,0.4458293220959604,1.0,0.0953659421358982,10
2022-10-28,2022-10-25,2022-11-01,4.024023180383339,7.9285234216542575,111.395042306,111.12589091667904,111.7868340490386,0.6609431323595345,1.25,0.2826816135833772,10
2022-11-10,2022-11-07,2022-11-14,2.4164285418999363,15.997529061617044,1922.4478669611256,1918.1229660962708,1936.958693665918,18.835727569647133,5.5,0.0697318910180872,11
2022-11-18,2022-11-14,2022-11-22,32.609860979183466,8.104143648396812,113.13662255393734,112.36921115079896,114.349550221581,1.9803390707820656,2.0,0.2676002814508972,11
2022-11-18,2022-11-14,2022-11-22,2.7824374310138404,7.624102963148701,111.55619481950995,111.55619481950998,111.7868340490386,0.2306392295286059,1.0,0.0472919397094492,11
2022-11-25,2022-11-22,2022-11-28,2.3140391389410806,19.007572705195923,1253.076112211891,1252.8972218045965,1253.360596830025,0.4633750254288316,1.75,0.1490311382906128,11
2022-11-25,2022-11-22,2022-11-28,2.175905671808533,19.819915037134553,1256.212207489909,1255.7287910631858,1256.6620895382948,0.9332984751090408,1.75,0.1979797218837692,11
2022-11-25,2022-11-22,2022-11-28,2.094677014540275,5.626687944902308,1266.7362171164857,1266.3669494735077,1267.3030737061054,0.9361242325976492,0.5,0.2602281694280247,11
2022-11-25,2022-11-22,2022-11-28,2.000694642136968,11.876309316601349,1341.5390151792972,1339.876286456827,1342.3468776149675,2.4705911581404507,0.75,0.3929111739308019,11
2022-11-25,2022-11-22,2022-11-28,2.1236885466246047,5.11618621093172,867.2895511201359,867.1669114227407,867.7632241565734,0.5963127338327467,1.0,0.0660053289721691,11
2022-11-25,2022-11-22,2022-11-28,3.073180667159527,15.559003547755292,1080.8018129708628,1080.7141072694212,1081.1773834573105,0.4632761878892779,0.75,0.3314359771679945,11
2022-12-02,2022-11-28,2022-12-07,5.202074164596519,5.7856339346072625,63.832929393797826,63.54020600300282,64.38848283188418,0.8482768288813531,0.75,0.0540156218117548,12
2022-12-09,2022-12-07,2022-12-12,27.226762119516454,8.168142318066494,112.9161139278023,112.36921115079896,113.7017419571057,1.3325308063067496,2.0,0.7102338671374162,12
2022-12-09,2022-12-07,2022-12-12,6.453613149916325,9.371085907184122,114.76706669436638,114.55076146870852,115.2117796977982,0.6610182290896773,1.0,0.0605709423310638,12
2022-12-09,2022-12-07,2022-12-12,3.221703105406768,7.37844740151694,110.7695940105917,110.4535213871859,111.35653014620766,0.903008759021759,1.5,0.2039976002542369,12
2022-12-09,2022-12-07,2022-12-12,4.788151705342267,8.027513833158661,111.32080511955388,111.12589091667904,111.7868340490386,0.6609431323595345,1.5,0.3443233985443353,12
2022-12-09,2022-12-07,2022-12-12,4.075915277233054,8.284973677665922,112.6503408440488,112.36921115079896,113.05617283284664,0.6869616820476949,1.25,0.3193974434988509,12
2022-12-27,2022-12-20,2023-01-04,3.971995582986276,6.448661291514345,1266.5760833021488,1265.1729398150928,1267.7689174851405,2.595977670047432,2.0,0.0581184610666708,12
2022-12-27,2022-12-20,2023-01-04,2.246371318791609,7.7981232858604095,112.4572758685347,112.36921115079896,112.8150782752782,0.445867124479264,0.75,0.1541739131019381,12
2022-12-27,2022-12-20,2023-01-04,3.0825812915158837,6.146104097365272,1260.12971502322,1257.1337436824106,1263.3173812334426,6.183637551032007,2.75,0.0690413363338479,12
2022-12-27,2022-12-20,2023-01-04,2.1946767644419856,5.04250727080345,1168.3908706708678,1167.4506898224354,1169.9895180962048,2.538828273769468,2.0,0.0607603783246699,12
2022-12-27,2022-12-20,2023-01-04,3.2872580972343357,5.036456611542524,110.9023466544325,88.26896434742957,145.239852800034,56.97088845260441,1.25,0.0666063620896187,12
2023-01-31,2023-01-24,2023-02-07,4.04220158785671,8.420207271106829,113.47003817874744,113.25591303128748,113.91917115775868,0.6632581264711916,1.25,0.2092891194379002,1
2023-01-31,2023-01-24,2023-02-07,17.056567305580355,9.42826612794041,114.26837320316174,113.04072335036471,115.42696897406132,2.386245623696595,1.0,0.359196763498929,1
2023-01-31,2023-01-24,2023-02-07,9.0553712681059,8.337854916425679,113.9034733800088,113.68853192823008,114.349550221581,0.661018293350935,1.5,0.5315908311745745,1
2023-01-31,2023-01-24,2023-02-07,5.780629788878658,9.998818925637526,101.9979512429139,101.65270199393854,102.53689610539004,0.8841941114515066,0.75,0.0676445208243898,1
2023-01-31,2023-01-24,2023-02-07,6.0962734128423275,8.75232246238708,102.09039813999576,101.87055373657496,102.53689610539004,0.6663423688150942,0.75,0.2653168766223069,1
2023-01-31,2023-01-24,2023-02-07,3.453810353631324,8.365621649090922,112.4717972097033,112.36921115079896,112.8150782752782,0.445867124479264,1.0,0.2098571249809929,1
2023-02-11,2023-02-07,2023-02-16,28.645693291647397,8.192879122727412,112.95753966726694,112.36921115079896,113.7017419571057,1.3325308063067496,2.25,0.0432210076345883,2
2023-02-11,2023-02-07,2023-02-16,4.836354151117599,7.97587433872227,111.365419926671,111.12589091667904,112.00198600441216,0.8760950877331197,1.25,0.3328407179205813,2
2023-02-23,2023-02-17,2023-03-02,8.809338253841634,8.543365896619367,1030.4023337906033,1027.09100477444,1033.209677374456,6.118672600015998,2.75,0.1010115815283639,2
2023-02-23,2023-02-17,2023-03-02,6.17824663120331,9.37534147233079,114.75720476789984,114.55076146870852,115.2117796977982,0.6610182290896773,1.0,0.0203664142040963,2
2023-02-23,2023-02-17,2023-03-02,21.53746373573691,7.913537310047594,113.51630858356464,112.82553360331804,114.56473975162952,1.7392061483114958,1.5,0.1827886873398976,2
2023-03-04,2023-03-02,2023-03-07,3.3889528724936584,5.820053599355917,108.14936929182252,69.85178560111672,138.5603505591862,68.70856495806947,0.75,0.0264234651336193,3
2023-03-04,2023-03-02,2023-03-07,3.170986692029575,7.502164979384396,113.26891400351468,113.04072335036471,113.7017419571057,0.6610186067409813,0.75,0.1627641205591687,3
2023-03-04,2023-03-02,2023-03-07,4.848720450006849,9.637263969425817,112.95521877218776,112.5844390457496,113.7017419571057,1.1173029113560915,0.5,0.3076054240704434,3
2023-03-04,2023-03-02,2023-03-07,8.78523391732437,9.08089668884656,112.95968609041051,112.36921115079896,113.7017419571057,1.3325308063067496,1.25,0.3205282306606842,3
2023-03-04,2023-03-02,2023-03-07,2.8944387238633,8.663801095848386,113.08739216960976,112.82553360331804,113.4865522608161,0.6610186574980617,0.5,0.3103357768688538,3
2023-03-04,2023-03-02,2023-03-07,3.61322126990461,8.021614520955815,112.4742336006132,112.36921115079896,112.8150782752782,0.445867124479264,1.25,0.2178226473159119,3
2023-03-04,2023-03-02,2023-03-07,4.24484455918937,8.092505175785453,113.3952039443772,113.04072335036471,114.1343606794253,1.0936373290605843,1.0,0.2425715800617108,3
2023-03-11,2023-03-07,2023-03-16,2.2544933945790735,5.17932677188634,1099.7351700232362,1098.8865570398048,1100.746403284371,1.8598462445661423,2.25,0.057728776930767,3
2023-03-30,2023-03-16,2023-04-14,3.09855963137878,5.285601943033916,1111.3860315826864,1110.7194775021635,1112.309949892573,1.590472390409559,1.25,0.1572785050914906,3
2023-04-22,2023-04-18,2023-04-27,2.4075474900679,6.435784886578871,1112.963595118798,1112.5552907842211,1113.4837581156753,0.9284673314541578,1.5,0.1905249206372726,4
2023-04-22,2023-04-18,2023-04-27,5.04169859974573,12.000222069861511,2112.9334387760737,2112.3692283374257,2113.661335386336,1.2921070489101112,0.75,0.1569308666730355,4
2023-04-29,2023-04-27,2023-05-01,3.705254971457632,7.176795679842491,110.56660754541478,110.4535213871859,110.89935070928186,0.4458293220959604,1.5,0.0506941785361253,4
2023-05-17,2023-05-11,2023-05-23,2.618519997174987,5.006191247477636,2402.9334100425367,2398.4159547663294,2408.6148830326274,10.198928266298026,2.5,0.072630694756095,5
2023-06-16,2023-06-12,2023-06-20,2.852463537285242,7.097039411512743,110.61234507151416,110.4535213871859,111.11454082094131,0.6610194337554276,1.5,0.0467287491124204,6
2023-06-16,2023-06-12,2023-06-20,3.9887324952750927,7.867268275582925,111.3489334024686,111.12589091667904,111.7868340490386,0.6609431323595345,1.0,0.0212712494537447,6
2023-06-30,2023-06-26,2023-07-05,5.938606129144277,5.373954330869822,611.1278380018347,610.5699674086645,611.9594805501401,1.389513141475618,1.25,0.3060271665463547,6
2023-08-04,2023-08-01,2023-08-07,5.51549269659331,8.254138825513488,112.60154399925192,112.36921115079896,113.05617283284664,0.6869616820476949,1.25,0.0184982065393224,8
2023-08-04,2023-08-01,2023-08-07,8.962221849280033,7.63401394712594,111.03368416390867,110.4535213871859,112.00198600441216,1.5484646172262728,2.0,0.0582369822871988,8
2023-08-04,2023-08-01,2023-08-07,2.524653117365865,7.465989913971168,111.24282980493268,111.12589091667904,111.57168196467684,0.4457910479977727,0.75,0.061038889102062,8
2023-08-04,2023-08-01,2023-08-07,38.11849158210022,8.314554433148237,113.16968070308486,112.36921115079896,114.349550221581,1.9803390707820656,2.25,0.0540612727243649,8
2023-08-04,2023-08-01,2023-08-07,2.1021900874421697,7.503636326233937,111.55619481951,111.55619481950998,111.7868340490386,0.2306392295286059,0.75,0.0131166992443096,8
2023-09-16,2023-09-14,2023-09-18,2.377136842757442,5.266098336694,868.1417693643884,868.0091959717683,868.4781409152783,0.4689449435099959,0.75,0.1128010508568574,9
2023-09-16,2023-09-14,2023-09-18,2.6354602756044407,6.279154850476054,2401.886674675931,2401.246270792559,2402.240775370039,0.9945045774802566,0.75,0.133295784576434,9
2023-09-23,2023-09-18,2023-09-28,3.1807681017538836,8.241419917812923,112.55519870227,112.36921115079896,113.05617283284664,0.6869616820476949,1.0,0.1539442391436524,9
2023-09-23,2023-09-18,2023-09-28,2.27955799752848,13.373648936969404,1337.0604190788183,1336.49627988087,1337.922251422424,1.4259715415537355,1.0,0.0390273133374558,9
2023-09-23,2023-09-18,2023-09-28,2.9429104409391065,6.730578163450838,811.7372143713314,811.5497764693573,812.2498538726941,0.7000774033367634,0.75,0.2687664813209692,9
2023-10-15,2023-10-13,2023-10-18,2.0205755130831036,7.384194226815303,207.5004301058358,207.13523345720023,208.53404278727248,1.398809330072254,1.0,0.1528006121256486,10
2023-10-15,2023-10-13,2023-10-18,2.373175037392215,5.254849578042976,867.621371417092,867.1669114227407,868.239835201297,1.0729237785562873,1.25,0.1292836869495873,10
2023-10-15,2023-10-13,2023-10-18,2.3623396063889612,6.964197235558441,928.2822750661004,928.0975053450092,928.795898616314,0.698393271304667,1.25,0.1832245688383931,10
2023-12-10,2023-12-08,2023-12-13,2.3981250126445457,14.06196176666403,2133.2732946799406,2132.8593623968773,2133.690356404521,0.8309940076433122,1.0,0.052617359412723,12
2023-12-10,2023-12-08,2023-12-13,2.42256700499384,15.252822098768457,2210.3722035740943,2208.895156281069,2211.814482302405,2.919326021336019,0.75,0.1164349363606205,12
2023-12-10,2023-12-08,2023-12-13,4.769517093472889,14.702688450966331,2212.418301922291,2210.139023126103,2216.0272779553197,5.8882548292167485,0.75,0.10602490611953,12
2023-12-10,2023-12-08,2023-12-13,3.130241389142978,5.4928922728922185,2240.661518345662,2239.6151831327006,2241.9562866427004,2.3411035099998116,0.75,0.1369482562531547,12
2023-12-24,2023-12-21,2023-12-28,2.4469749780567787,5.724509073677592,138.46513819972776,137.36795760318637,140.40016334550455,3.032205742318183,0.75,0.0310465213341843,12
2023-12-24,2023-12-21,2023-12-28,3.749550965282822,7.158179754063004,110.60478152119518,110.4535213871859,111.11454082094131,0.6610194337554276,1.5,0.1023888829309334,12
2023-12-24,2023-12-21,2023-12-28,4.569129197206944,7.6979974730852785,111.45903820538908,111.34104273514822,111.7868340490386,0.4457913138903677,1.25,0.0421525295178217,12
2023-12-24,2023-12-21,2023-12-28,2.471494811146038,5.2471575393360155,610.9232423505548,610.5699674086645,611.4093870259821,0.8394196173176169,1.0,0.2106628328292701,12
2023-12-24,2023-12-21,2023-12-28,2.714718870233872,5.0450940546900975,804.5134559400129,804.3271579667926,805.0266258325428,0.6994678657501936,0.75,0.1490632654253775,12
2024-01-04,2023-12-28,2024-01-11,2.6513046140749825,9.225322219527923,115.03633318500192,114.82989392476156,115.49105067458004,0.661156749818474,0.75,0.3723343833573911,1
2024-02-01,2024-01-25,2024-02-08,3.1146913463293147,15.144995602795747,1238.9596247197635,1236.5635582162067,1240.5311388308182,3.9675806146115065,2.75,0.0938016861037898,2
2024-02-01,2024-01-25,2024-02-08,4.097485868834524,11.39126540755225,1240.9394753393467,1239.8329189945944,1242.1468196087517,2.313900614157319,3.75,0.0716710323582972,2
2024-02-01,2024-01-25,2024-02-08,4.685747137854071,15.138442540310235,1222.2989792557448,1220.258670439478,1225.329243300017,5.0705728605389595,4.5,0.0738692872199501,2
2024-02-01,2024-01-25,2024-02-08,2.0921516879563593,19.62237223525491,1252.209575409339,1251.5217946982011,1253.127861034125,1.6060663359239695,1.75,0.043674042163637,2
2024-02-01,2024-01-25,2024-02-08,7.065200117414246,5.923849810828958,1236.983842130884,1233.204155803658,1242.1468196087517,8.942663805093616,4.0,0.1246159730693975,2
2024-02-01,2024-01-25,2024-02-08,2.010759622793981,14.49294689083289,1285.9238383036209,1284.2382473289035,1287.488966102712,3.2507187738083303,3.0,0.0545352819970453,2
2024-02-01,2024-01-25,2024-02-08,6.016242176793974,17.76700273365107,1276.6188593732095,1275.6255112928338,1277.991840147879,2.36632885504514,4.75,0.0985987539739532,2
2024-02-01,2024-01-25,2024-02-08,3.8370937174182687,10.294197822676397,1296.1469370407262,1293.0821099127645,1298.160975605715,5.078865692950785,3.75,0.0702983706253823,2
2024-02-01,2024-01-25,2024-02-08,6.872923860510631,6.711060618394317,1297.1462987808577,1292.469045843929,1300.502043556422,8.032997712492943,6.25,0.1049227199435238,2
2024-02-01,2024-01-25,2024-02-08,3.4859267510235674,7.212520275638858,1280.4525271447835,1279.169155281037,1282.1598098636605,2.9906545826233923,5.0,0.0740998135027353,2
2024-02-01,2024-01-25,2024-02-08,6.726463625274412,8.261855945726506,1268.7906010387287,1266.8395129083656,1270.809776027687,3.970263119321317,5.75,0.1051768501160784,2
2024-02-01,2024-01-25,2024-02-08,3.809245990886141,11.25014769357425,1272.001813438245,1268.947512138635,1274.9344062162563,5.9868940776214,3.5,0.1093488410696038,2
2024-02-01,2024-01-25,2024-02-08,22.685575845183635,7.923937606636642,1275.9014958330715,1269.1804350027817,1279.3997945105657,10.219359507784247,11.0,0.1768924714181536,2
2024-02-01,2024-01-25,2024-02-08,3.079326741348005,5.791298340296529,1143.0393393442207,1141.0110438200643,1145.19586989237,4.184826072305441,3.5,0.0802356150918644,2
2024-02-01,2024-01-25,2024-02-08,19.779709293456037,9.777455117148888,1152.2346163630266,1148.0886515974998,1156.9499204144813,8.861268816981465,10.25,0.1565697835229588,2
2024-02-01,2024-01-25,2024-02-08,2.636890988405014,5.738158816499818,1114.2368501612389,1113.020509511698,1115.3451798348688,2.3246703231707215,3.5,0.0928734703558739,2
2024-02-01,2024-01-25,2024-02-08,3.7591446923341008,6.9177154818139694,1117.1164002643272,1116.0177229465917,1118.369859980885,2.352137034293264,2.25,0.0594893631619092,2
2024-02-01,2024-01-25,2024-02-08,7.085204495667797,5.1279530470493535,1127.2148021028522,1123.4576490530744,1129.4017884647474,5.94413941167295,4.5,0.11814039644268,2
2024-02-01,2024-01-25,2024-02-08,2.645202073041077,17.972132261144843,1192.822383166241,1191.9877754338086,1194.3198111588135,2.332035725004971,2.25,0.0401821099305543,2
2024-02-01,2024-01-25,2024-02-08,3.460779694549604,5.425162893910198,1196.6163990457076,1194.847586018033,1198.3100407235324,3.4624547054991126,3.75,0.0777192369843451,2
2024-02-01,2024-01-25,2024-02-08,4.17500256068294,7.595768890021493,1220.355740946302,1217.7174494275823,1223.5411647320725,5.823715304490179,3.5,0.1051077637165234,2
2024-02-01,2024-01-25,2024-02-08,2.994039179598889,12.10953512321233,1162.767004937474,1161.1395841888152,1164.5265039186925,3.3869197298772633,2.5,0.0620286578007305,2
2024-02-01,2024-01-25,2024-02-08,2.3671803201981145,18.077584836338396,1158.3561774150555,1157.649778094143,1159.481636124663,1.8318580305203795,2.5,0.0495524108227758,2
2024-02-01,2024-01-25,2024-02-08,7.170782316887275,6.879575277959707,1165.5711536334077,1163.233224126976,1168.799462103285,5.566237976308912,4.0,0.1260700936542799,2
2024-02-01,2024-01-25,2024-02-08,2.4115532322063524,5.157354839229523,1160.0746192359209,1158.813047836069,1161.3702234183438,2.5571755822747946,3.0,0.1007658233819418,2
2024-02-01,2024-01-25,2024-02-08,2.5916719187234434,14.615331576741047,1163.6376632321512,1162.3027847679332,1165.1346787009388,2.831893933005631,2.0,0.0587013547941666,2
2024-02-01,2024-01-25,2024-02-08,2.301764173186724,8.975278079257741,1531.3194049762517,1530.242422616575,1532.9787482274696,2.73632561089471,4.0,0.0661206883437472,2
2024-02-01,2024-01-25,2024-02-08,3.2858595586062815,13.32783859642239,1584.5638417017549,1578.1369213177825,1590.5730166551657,12.436095337383447,4.25,0.0842514863166969,2
2024-02-01,2024-01-25,2024-02-08,6.984116878180207,8.57252060310852,1520.6920920479013,1518.7472969279625,1522.2532623065636,3.505965378601104,5.25,0.1140203079270254,2
2024-02-01,2024-01-25,2024-02-08,2.454781251079211,14.684721895826105,1448.64577623084,1447.2617627768775,1450.0162820564583,2.7545192795805633,2.75,0.0814450841774571,2
2024-02-01,2024-01-25,2024-02-08,38.56038971499918,7.8853561883275,1333.1001200162314,1325.2778220297769,1339.116684812121,13.838862782344222,9.25,0.2225093597841397,2
2024-02-01,2024-01-25,2024-02-08,3.8894561453168017,13.58121492859561,1324.159566243299,1323.338758674916,1325.2743456042372,1.935586929321289,1.75,0.0465106537075175,2
2024-02-01,2024-01-25,2024-02-08,2.1164712685345815,8.943057054697599,1340.327160631207,1338.8860455825925,1342.1119356146082,3.225890032015741,2.25,0.0470275094702611,2
2024-02-01,2024-01-25,2024-02-08,6.544790833968952,5.883629176069024,1350.3074726924278,1347.4157063802704,1354.9269930412993,7.511286661028862,5.0,0.1085097207262279,2
2024-02-01,2024-01-25,2024-02-08,3.1390074096592864,14.445329759499108,1320.0820780831627,1318.674573819619,1321.212105750572,2.537531930953264,2.25,0.0509285952678358,2
2024-02-01,2024-01-25,2024-02-08,2.0218755111003417,18.81712530281818,1301.759878153999,1300.505110783968,1302.907624469139,2.402513685170561,2.0,0.0623579437481069,2
2024-02-01,2024-01-25,2024-02-08,34.66523631943457,6.706502154513502,1314.906658664573,1307.141760551371,1323.100901992526,15.959141441155223,8.0,0.2418379486223216,2
2024-02-01,2024-01-25,2024-02-08,5.871135793835088,11.687162622184823,1299.924666919507,1298.6313307760283,1301.7101795612834,3.0788487852551043,4.75,0.0764314502749806,2
2024-02-01,2024-01-25,2024-02-08,4.4236267490311505,14.599642902000191,1315.5007742173516,1313.5325061250478,1318.9052130491473,5.372706924099475,3.5,0.0730807083446796,2
2024-02-01,2024-01-25,2024-02-08,2.0825525408831864,15.366828136356895,1435.3209636985491,1434.211488392204,1436.9512076904066,2.7397192982025445,3.5,0.0617906118163122,2
2024-02-01,2024-01-25,2024-02-08,4.699039164950842,7.18307064493362,1437.5779294919766,1435.6266242656857,1439.6207791995255,3.994154933840037,5.5,0.115405149651982,2
2024-02-01,2024-01-25,2024-02-08,2.415798089566019,10.404991835299898,565.7190096332428,564.0603653080761,567.2032484896481,3.1428831815719604,2.75,0.0772787020690255,2
2024-02-01,2024-01-25,2024-02-08,2.464901527491504,5.652157275243735,560.8572385285715,559.4628825681284,562.4550969256088,2.9922143574804068,4.0,0.0823684471745934,2
2024-02-01,2024-01-25,2024-02-08,5.32599990923126,6.078929121599371,565.5118159818564,559.4628825681284,567.2032484896481,7.740365921519697,5.0,0.1432831580959411,2
2024-02-01,2024-01-25,2024-02-08,8.232340828194191,5.183346134653414,856.4064729568986,850.8849714770913,862.0652479142882,11.18027643719688,5.0,0.107978516355478,2
2024-02-01,2024-01-25,2024-02-08,3.7866429427736863,8.094953354649322,112.76100568345694,112.5844390457496,113.27136257989332,0.6869235341437161,1.0,0.1985505730909167,2
2024-02-01,2024-01-25,2024-02-08,2.4490293969938044,7.98033374480297,111.2203409691956,111.12589091667904,111.57168196467684,0.4457910479977727,1.0,0.1814110972467718,2
2024-02-01,2024-01-25,2024-02-08,3.051772272596223,13.56004482345392,1047.2616344849605,1046.3899363698438,1048.4835789995268,2.0936426296830177,4.75,0.0674296113259831,2
2024-02-01,2024-01-25,2024-02-08,2.3727007854764968,13.16293080959062,1089.33413660622,1088.5519517092034,1090.4297621464357,1.877810437232256,2.0,0.042354935965707,2
2024-02-01,2024-01-25,2024-02-08,2.145727797140477,14.923882643752163,1088.8553763406308,1088.3192737796344,1089.7308065546677,1.4115327750332654,2.75,0.0390275229817884,2
2024-02-01,2024-01-25,2024-02-08,4.752188418580909,5.7462924527311765,1100.3571593574834,1098.1709309881553,1102.5739750200885,4.40304403193295,4.25,0.0872663848998429,2
2024-02-01,2024-01-25,2024-02-08,21.368983566020297,7.53487724599646,1086.55809199003,1080.7141072694212,1091.6397801036946,10.925672834273428,7.5,0.1734048283019073,2
2024-02-01,2024-01-25,2024-02-08,3.2767859230175893,7.980456530982239,1071.263220063359,1069.054748325143,1074.1979213156735,5.143172990530729,4.0,0.0961385193060484,2
2024-02-01,2024-01-25,2024-02-08,2.766748543384001,11.156538039987742,917.6150214033256,916.700476265978,918.8219536901452,2.1214774241670966,3.5,0.0574603909435992,2
2024-02-01,2024-01-25,2024-02-08,2.2205543130156724,5.412157198368491,924.3303740254912,923.3219967107289,925.937364612706,2.6153679019771516,2.5,0.0490677749881899,2
2024-02-01,2024-01-25,2024-02-08,3.289795474717994,5.263877540972865,890.4098104655964,888.3508884874173,892.9849973237142,4.634108836296946,4.75,0.0853815036370468,2
2024-02-01,2024-01-25,2024-02-08,12.415257543399177,5.024360935104245,882.3772340402827,875.7483882964589,889.0774306831881,13.32904238672927,5.75,0.1491019912014289,2
2024-02-01,2024-01-25,2024-02-08,2.520495038016309,8.113768560009072,925.2348635298434,924.5349156223238,926.4071175903082,1.872201967984438,1.75,0.0456449085339082,2
2024-02-01,2024-01-25,2024-02-08,2.3764435412334795,17.808210832750657,922.4801559512084,921.7261927053332,923.5526359402576,1.826443234924227,4.25,0.0758406106836021,2
2024-02-01,2024-01-25,2024-02-08,5.7171923534772,9.165366689513988,953.212527209236,952.0798452254384,954.5920994342304,2.512254208792001,8.25,0.1158315181092892,2
2024-02-01,2024-01-25,2024-02-08,2.0393850648080796,16.963796350763964,947.4250575849472,947.0391448875888,947.991911042016,0.9527661544270812,1.5,0.0355822795726015,2
2024-02-01,2024-01-25,2024-02-08,5.108990593270684,14.640364617637918,948.772192649722,947.0391448875888,950.63211571984,3.5929708322510123,2.5,0.0675965294561983,2
2024-02-01,2024-01-25,2024-02-08,7.1045620462021315,6.160364118036974,947.4081712753056,944.9242086610756,949.412017150782,4.487808489706367,5.75,0.088577452440497,2
2024-02-01,2024-01-25,2024-02-08,5.735277813341071,5.432438616442377,948.6430544108606,947.0391448875888,950.8642844660208,3.8251395784318447,5.25,0.0962957731762124,2
2024-02-01,2024-01-25,2024-02-08,2.1660604326774524,6.9226333984716595,934.4242844201772,933.3168621505612,935.8627272900194,2.5458651394583285,4.25,0.0606459537606074,2
2024-02-01,2024-01-25,2024-02-08,2.170333082064278,14.467160924892465,1221.0790431848452,1219.5606020763516,1223.0682190642692,3.5076169879175723,2.25,0.0439788753335368,2
2024-02-01,2024-01-25,2024-02-08,2.6599135692759814,13.27106327012486,1242.077527340162,1240.9741546874866,1243.5635088845156,2.5893541970290244,2.0,0.0652049206576753,2
2024-02-01,2024-01-25,2024-02-08,2.225289105758665,10.195970794917134,1264.5777367438382,1264.2374688028358,1265.6366599639878,1.3991911611519754,3.0,0.0464436121994029,2
2024-02-01,2024-01-25,2024-02-08,2.2963479568400884,20.61776944844799,1247.4337099539146,1247.0800157925114,1248.0088623752818,0.9288465827703476,1.5,0.0282013934188931,2
2024-02-01,2024-01-25,2024-02-08,4.707963519298222,6.179226440905625,1252.3982136459324,1250.587656618096,1254.303526401054,3.71586978295818,4.25,0.0846555018766454,2
2024-02-01,2024-01-25,2024-02-08,4.862884812329504,8.0729784138527,1217.6686920645736,1214.141283870209,1219.5489377696067,5.407653899397701,3.5,0.1159736363460018,2
2024-02-01,2024-01-25,2024-02-08,3.737373502262748,7.121060511985507,1162.0602037099738,1160.9069732003843,1163.4638633565046,2.556890156120062,5.75,0.0749881143444513,2
2024-02-01,2024-01-25,2024-02-08,4.023053919021245,12.696248400510004,1144.9574896931829,1143.3369381660596,1146.8468150687404,3.509876902680844,3.25,0.0715068361676127,2
2024-02-01,2024-01-25,2024-02-08,2.3978875118979386,5.646983703559286,1201.11204218867,1200.2004104549997,1202.0598616315983,1.859451176598668,3.0,0.0571214544833409,2
2024-02-01,2024-01-25,2024-02-08,3.4947500277286063,6.192388947558341,1185.1772695419738,1183.7140989513136,1187.0615183208138,3.3474193695001304,4.0,0.0722897374619427,2
2024-02-01,2024-01-25,2024-02-08,2.193433618994826,8.556413094984547,1182.1080172364923,1180.5793163026683,1183.167485624086,2.5881693214178085,3.0,0.0644065950393376,2
2024-02-01,2024-01-25,2024-02-08,2.036721181707024,17.653136508591864,1265.087448559215,1263.7859763191082,1266.3646292644553,2.5786529453471303,1.75,0.0590690503326995,2
2024-02-01,2024-01-25,2024-02-08,2.065535459590299,7.10103221286893,1342.9664406498212,1341.646354636643,1344.7576919314452,3.1113372948020697,2.0,0.0509857250668509,2
2024-02-01,2024-01-25,2024-02-08,4.037565739343185,12.00564913389596,1335.708706556478,1333.3666886705903,1338.1567979725078,4.790109301917255,1.25,0.0780067040425669,2
2024-02-01,2024-01-25,2024-02-08,2.1560627986754617,12.740320200509082,1323.3173425030536,1322.8702627629973,1324.5517155076377,1.68145274464041,1.25,0.0361629806265864,2
2024-02-01,2024-01-25,2024-02-08,2.541177841563516,11.244883362214164,1322.6231541597465,1322.1573802670464,1323.5693979044445,1.412017637398094,1.0,0.042647455108664,2
2024-02-01,2024-01-25,2024-02-08,11.202915579818145,12.785504673518812,1317.768908843075,1313.5325061250478,1320.9579147985205,7.4254086734727025,4.0,0.1948216534054556,2
2024-02-01,2024-01-25,2024-02-08,5.986870559212543,5.262759097326649,100.78994075457727,98.5503193656914,103.34397150576116,4.793652140069753,3.75,0.0628021422840576,2
2024-02-01,2024-01-25,2024-02-08,7.083072581949648,8.129541243312778,113.04299244559829,112.82553360331804,113.4865522608161,0.6610186574980617,1.0,0.2905841738826854,2
2024-02-01,2024-01-25,2024-02-08,2.3443180335916693,7.506425281772847,111.22529306504184,111.12589091667904,111.57168196467684,0.4457910479977727,0.75,0.09892771686285,2
2024-02-01,2024-01-25,2024-02-08,4.173759184596553,5.59859889635745,569.6636776732103,555.0708531155251,640.0672937938944,84.99644067836925,3.5,0.1250146684748085,2
2024-02-01,2024-01-25,2024-02-08,4.470722587783203,5.307402768260361,560.8821043459336,557.4282764638774,562.5201207413338,5.091844277456403,2.25,0.0864103692853391,2
2024-02-01,2024-01-25,2024-02-08,2.58080166119653,5.717574528403268,548.0487722715518,546.5493876379915,550.0908012404107,3.5414136024191976,2.5,0.0550124599922602,2
2024-02-01,2024-01-25,2024-02-08,2.7907426920093577,11.175765636747451,1139.5736028130873,1138.684783414472,1141.4742837236265,2.7895003091543913,3.75,0.0719444360622767,2
2024-02-01,2024-01-25,2024-02-08,32.65250346271236,6.370096313349825,1361.557914083675,1353.1079507283866,1372.0699484064244,18.961997678037733,6.5,0.1994144177183638,2
2024-02-01,2024-01-25,2024-02-08,5.724953882489105,13.82360113133784,1023.1756665033164,1021.6610340895132,1024.7382480315864,3.0772139420732856,3.75,0.0800664218051222,2
2024-02-01,2024-01-25,2024-02-08,2.2411578343277294,14.752164483175012,1019.9910550457708,1019.605985646136,1020.5343817812392,0.9283961351029576,3.0,0.0660903277202436,2
2024-02-01,2024-01-25,2024-02-08,5.416218191748854,5.8744271059289765,1139.4215947459138,1137.4249040931463,1141.4742837236265,4.049379630479962,5.25,0.0919511727643621,2
2024-02-23,2024-02-21,2024-02-26,4.7175916692545075,7.395120070625323,110.80645061911844,110.4535213871859,111.57168196467684,1.1181605774909258,1.5,0.0495537889765028,2
2024-02-23,2024-02-21,2024-02-26,3.0777473239041933,7.903458354979393,111.493250155407,111.34104273514822,111.7868340490386,0.4457913138903677,1.0,0.1847673449183964,2
2024-02-23,2024-02-21,2024-02-26,8.882504282583838,8.039673076677154,112.57460714274151,112.36921115079896,113.05617283284664,0.6869616820476949,1.75,0.0228044712510516,2
2024-02-23,2024-02-21,2024-02-26,3.2778677939835004,9.650676624144216,112.77209370989014,112.5844390457496,113.27136257989332,0.6869235341437161,0.5,0.0180464247210805,2
2024-02-23,2024-02-21,2024-02-26,2.01128363512347,7.440977412354258,111.24614781743487,111.12589091667904,111.57168196467684,0.4457910479977727,0.75,0.0728636749086088,2
2024-02-23,2024-02-21,2024-02-26,2.113698984995647,7.497156153755924,111.55619481951,111.55619481950998,111.7868340490386,0.2306392295286059,0.75,0.0870488084505828,2
2024-02-23,2024-02-21,2024-02-26,41.50230465936384,8.38307578011888,113.22489109419485,112.36921115079896,114.56473975162952,2.1955286008305848,2.75,0.1821123815966867,2
2024-03-02,2024-02-26,2024-03-07,3.7549046783982543,5.249943951094642,144.6419019942009,144.52924920944497,144.98540143901482,0.4561522295698523,0.75,0.0713898615036364,3
2024-03-23,2024-03-21,2024-03-25,3.0112469418747883,6.72289327125784,1803.8827151951205,1803.3837459939532,1804.58598935185,1.2022433578968048,1.0,0.1618515422163854,3
2024-04-02,2024-03-25,2024-04-11,2.0217016091212767,6.449110561744173,929.29483802042,929.0275076599792,929.7258986560628,0.6983909960836172,0.75,0.0532469832056227,4
2024-04-02,2024-03-25,2024-04-11,2.22801070632691,8.068698690652479,111.3087425247719,111.12589091667904,111.7868340490386,0.6609431323595345,0.75,0.3489606761915902,4
2024-04-13,2024-04-11,2024-04-16,2.9408393006579394,7.250548592168974,110.55537793592976,110.4535213871859,110.89935070928186,0.4458293220959604,1.25,0.0203096555786536,4
2024-04-13,2024-04-11,2024-04-16,3.6966705793345778,8.180541309594778,112.72479265819923,112.5844390457496,113.05617283284664,0.4717337870970368,1.0,0.0140396317832057,4
2024-04-13,2024-04-11,2024-04-16,3.0630215856968657,8.07412353192539,111.54881966442062,111.34104273514822,112.00198600441216,0.660943269263953,0.75,0.014631651912752,4
2024-04-13,2024-04-11,2024-04-16,5.565928306708552,8.590602946406456,111.5804645146939,111.34104273514822,112.00198600441216,0.660943269263953,1.0,0.0223632885003765,4
2024-04-13,2024-04-11,2024-04-16,22.057829082408983,8.121438336321038,113.02428456535606,112.5844390457496,113.7017419571057,1.1173029113560915,2.0,0.0323064219105277,4
2024-04-13,2024-04-11,2024-04-16,3.1731841072889093,9.233673481625342,111.42104379676096,111.34104273514822,111.7868340490386,0.4457913138903677,1.0,0.0201122531004107,4
2024-04-29,2024-04-26,2024-05-02,4.363530468828258,5.077715356918786,2409.239282118172,2408.384243803099,2410.5880005010404,2.2037566979415715,1.5,0.0719618605994244,4
2024-05-26,2024-05-24,2024-05-29,3.500209777229814,7.1095434028778755,110.63478947034916,110.4535213871859,111.35653014620766,0.903008759021759,1.5,0.106597771286987,5
2024-05-26,2024-05-24,2024-05-29,10.02891098790762,5.501386069786638,140.6418143747709,137.36795760318637,146.57858125818893,9.210623655002564,1.0,0.2606168843884896,5
2024-05-26,2024-05-24,2024-05-29,2.476441446021353,12.329542554712337,2307.3987296065393,2306.343100196682,2308.776803323999,2.4337031273171306,1.0,0.0280838018506923,5
2024-06-09,2024-06-07,2024-06-11,4.947055215310592,11.50800712936271,2092.5619405309476,2091.997096040286,2093.317331327591,1.3202352873049676,0.75,0.158110263825681,6
2024-06-09,2024-06-07,2024-06-11,4.421915059989204,6.604074691617769,1832.548984734797,1804.5689139519816,1977.2387542980723,172.6698403460905,0.75,0.0609944307563927,6
2024-06-30,2024-06-27,2024-07-03,2.4320260963948814,9.1986420692062,111.72476967950615,111.55619481950998,112.00198600441216,0.4457911849021911,0.75,0.0901320373389696,6
2024-06-30,2024-06-27,2024-07-03,3.3152273129806185,9.315267513596083,111.42501765042316,111.34104273514822,111.7868340490386,0.4457913138903677,0.75,0.0160171844329682,6
2024-06-30,2024-06-27,2024-07-03,2.435357680065422,7.147058858347227,110.60369035314318,110.4535213871859,111.11454082094131,0.6610194337554276,1.0,0.0610372394417403,6
2024-06-30,2024-06-27,2024-07-03,2.1054732368745097,7.685814069336149,111.4771001745537,111.34104273514822,111.7868340490386,0.4457913138903677,0.75,0.0955126313064188,6
2024-07-06,2024-07-03,2024-07-10,2.315729551514103,6.677684289729352,1883.0916301359543,1881.1955941608176,1885.0329073406756,3.837313179858029,4.0,0.0667362247248582,7
2024-07-06,2024-07-03,2024-07-10,5.567032492019921,10.298927095725492,1822.954032888829,1797.046729028225,1828.8051979439333,31.758468915708363,4.0,0.0942057772731697,7
2024-07-06,2024-07-03,2024-07-10,3.886822187655776,5.407039452668722,1804.1803224354005,1803.7550829132088,1804.6938551836647,0.9387722704559563,1.0,0.1009748009767751,7
2024-07-06,2024-07-03,2024-07-10,2.5367530279450095,5.230956489087325,1873.4876287448808,1813.855827313848,1958.845308877062,144.9894815632142,0.75,0.0692427667327095,7
2024-07-06,2024-07-03,2024-07-10,3.9728393189476994,8.127443404131206,2161.527426172242,2159.079698825255,2164.889547756873,5.809848931618035,2.25,0.1112828890835705,7
2024-07-06,2024-07-03,2024-07-10,4.3393434481472095,14.545647675542272,1843.2782736312183,1804.642412363086,1965.8952843244188,161.25287196133286,3.75,0.0772039793300381,7
2024-07-06,2024-07-03,2024-07-10,4.5732202182005155,14.456941315191294,1859.465443712364,1804.5689139519816,1978.08590819221,173.5169942402281,2.5,0.0496840021645607,7
2024-07-06,2024-07-03,2024-07-10,3.0250806252021065,11.47375413628997,1877.7459548898064,1804.5689139519816,1978.08590819221,173.5169942402281,1.25,0.0403946239847022,7
2024-07-06,2024-07-03,2024-07-10,2.8873637501778955,5.186005771684586,2411.327430289685,2409.1006304351613,2413.3547335327603,4.254103097599,2.5,0.0925903199088271,7
2024-07-06,2024-07-03,2024-07-10,8.276275756305553,7.892708314159903,2343.053063948893,2332.2311777402647,2359.6499069337733,27.418729193508625,5.5,0.1088849978286558,7
2024-07-06,2024-07-03,2024-07-10,2.2778553610762926,14.355080514833013,1835.530415050969,1802.7954707210883,1963.4455603486856,160.65008962759748,2.5,0.1083899828812127,7
2024-07-06,2024-07-03,2024-07-10,3.345570210017401,15.882251337712203,1874.5434776874724,1802.0865495526232,1978.509485075716,176.42293552309275,1.0,0.042575684574294,7
2024-07-06,2024-07-03,2024-07-10,2.215108171229006,14.452058016209037,1839.011691711744,1804.024522638414,1977.2387542980723,173.21423165965825,1.25,0.0381065141874028,7
2024-07-06,2024-07-03,2024-07-10,2.5487860531475905,6.675413425433887,2432.0113588967693,2420.380663195625,2438.1698800507,17.78921685507521,3.0,0.0699716141571658,7
2024-07-06,2024-07-03,2024-07-10,4.242494749059128,5.377090388060836,2430.6513766855637,2287.5986551437527,2447.764120310545,160.16546516679227,5.5,0.078618363721922,7
2024-07-14,2024-07-10,2024-07-18,4.100720526368855,18.378555399651457,2212.5391315683582,2210.139023126103,2214.675311553292,4.5362884271889925,1.75,0.1158806229981978,7
2024-07-14,2024-07-10,2024-07-18,6.837509091496898,13.885048793456114,2228.2294559794223,2227.266952158883,2229.4044528887607,2.1375007298775017,1.0,0.3443469886869353,7
2024-07-14,2024-07-10,2024-07-18,2.258633772367763,14.49156641555608,2207.676150082974,2205.699248746969,2209.466933400836,3.767684653867036,2.5,0.0930950953465068,7
2024-07-14,2024-07-10,2024-07-18,4.8119605353466985,16.632513419405722,2239.8005992674343,2230.1054500285536,2248.9816575432196,18.87620751466602,2.0,0.1262416995692425,7
2024-07-14,2024-07-10,2024-07-18,2.564434924871107,14.642354535982475,1860.23061980011,1802.0865495526232,1978.509485075716,176.42293552309275,1.0,0.0345477363433688,7
2024-07-14,2024-07-10,2024-07-18,2.433478777582067,13.838446212562326,1895.0204336327745,1804.782493354753,1977.6623311694711,172.87983781471848,2.0,0.0739158901240375,7
2024-07-14,2024-07-10,2024-07-18,4.243584750057879,11.336284867266675,1884.5048786497864,1804.782493354753,1978.08590819221,173.30341483745724,2.75,0.0475024604240417,7
2024-07-14,2024-07-10,2024-07-18,3.035603424729735,14.257528555780343,1864.4268712195492,1805.244652860798,1965.5319364159368,160.28728355513886,4.5,0.0568369980552062,7
2024-07-14,2024-07-10,2024-07-18,3.0414000228256697,10.66809638083,2331.385425431885,2327.719092044048,2339.8856945792213,12.166602535173295,3.75,0.0656365405336732,7
2024-07-14,2024-07-10,2024-07-18,5.576666350297138,8.017923476318739,2342.590652948472,2333.2766432473436,2359.1654481329024,25.888804885558784,5.25,0.1047318404971362,7
2024-07-14,2024-07-10,2024-07-18,3.1713276921304336,7.882876118550132,2161.5675153482116,2159.079698825255,2164.36874467507,5.289045849815011,2.5,0.0600026824653382,7
2024-07-14,2024-07-10,2024-07-18,2.941263619180465,6.941155584230183,2430.9922214399085,2418.908120942302,2438.1698800507,19.26175910839811,2.75,0.0675060318403849,7
2024-07-14,2024-07-10,2024-07-18,3.0479384720033837,14.57363336782145,1873.982053702783,1867.801224287599,1883.4275304148905,15.626306127291173,3.0,0.0747228077232173,7
2024-07-14,2024-07-10,2024-07-18,2.4418640703902312,6.877994601400382,2119.9616187778306,2116.581072068773,2125.55551052792,8.974438459146768,2.25,0.1188327863740272,7
2024-07-14,2024-07-10,2024-07-18,3.486643174130291,14.337025524873292,2076.0202455407248,2071.3361156713217,2092.2277352698147,20.89161959849298,4.0,0.061926598815496,7
2024-07-14,2024-07-10,2024-07-18,2.0930849119388397,16.250627889278263,2275.0795064633016,2274.0315899373963,2276.532137964852,2.5005480274558067,3.75,0.0601876506289064,7
2024-07-14,2024-07-10,2024-07-18,7.149202845675468,5.169948274756857,2429.4886484416593,2286.7580765718594,2450.746719697956,163.98864312609658,6.0,0.0857297538045379,7
2024-07-14,2024-07-10,2024-07-18,9.896588995101313,18.875122580973912,2262.8136856102155,2203.826662388165,2359.506648998242,155.67998661007732,6.25,0.1120612538120159,7
2024-07-14,2024-07-10,2024-07-18,5.460587759488265,10.647509071941958,1822.8930895992437,1797.046729028225,1828.8051979439333,31.758468915708363,5.5,0.0917435011506167,7
2024-07-14,2024-07-10,2024-07-18,6.426547578671335,13.82176607564658,1812.611412528752,1810.7736200750803,1814.437982768286,3.664362693205476,4.5,0.0894800090968261,7
2024-07-14,2024-07-10,2024-07-18,2.279110038484928,5.254439856450962,2410.3322471364636,2409.1006304351613,2412.032612212468,2.931981777306646,2.5,0.0895083145185122,7
2024-07-14,2024-07-10,2024-07-18,4.422849552487446,13.051678617132334,2079.296331602017,2072.734734089579,2086.004955469165,13.270221379585564,4.0,0.1028761788427879,7
2024-07-27,2024-07-25,2024-07-29,2.202048801455023,6.569446844701123,865.1637743162111,864.9874463728629,865.4563629510812,0.4689165782183409,0.75,0.0177052079491068,7
2024-07-27,2024-07-25,2024-07-29,2.3780570932832616,12.129689080954316,2285.988598663143,2285.695918172132,2286.4889705618843,0.7930523897521198,0.5,0.071188699174577,7
2024-07-27,2024-07-25,2024-07-29,2.2620063521613525,11.522394284914611,1602.869725201945,1602.6804815041833,1603.5954377586022,0.9149562544189394,1.5,0.3121911498326458,7
2024-08-02,2024-07-29,2024-08-07,2.7891061336964307,5.213667036400332,168.2164811136689,150.7043554605916,262.495231424924,111.79087596433236,1.75,0.0387977837244483,8
2024-08-14,2024-08-07,2024-08-21,2.345278069384582,13.913009042542733,2439.166314887882,2438.8408428668045,2439.952964027412,1.112121160607785,1.0,0.0946321869719849,8
2024-08-14,2024-08-07,2024-08-21,5.461077983170627,13.22307739332824,1344.9440843037166,1344.292035351973,1345.7057122150436,1.4136768630705774,1.0,0.0777264542482524,8
2024-08-14,2024-08-07,2024-08-21,3.824881773833382,6.271434961043376,129.49953425320084,129.15583711583167,130.0765317864716,0.9206946706399322,2.0,0.0760994561352428,8
2024-08-28,2024-08-21,2024-09-05,3.2339310207583014,16.79942642066526,561.1890064840885,561.0994513309561,561.5527454065159,0.4532940755598247,0.75,0.0740197293677025,8
2024-08-28,2024-08-21,2024-09-05,2.816497655832551,6.018112544094486,133.3220820700171,133.09774230001494,133.75874120928347,0.6609989092685282,0.75,0.2067221929886908,8
2024-09-08,2024-09-05,2024-09-11,3.431858688362865,13.88451064767802,2419.0410591350383,2266.257226638496,2439.952964027412,173.6957373889163,1.25,0.0525961097257043,9
2024-09-08,2024-09-05,2024-09-11,2.8413230859009357,12.636738960853425,2289.606435478818,2248.357441357337,2419.938927420415,171.58148606307805,1.0,0.0918408379831804,9
2024-09-08,2024-09-05,2024-09-11,2.8191315558337675,17.471233925701068,1496.7177475693395,1496.5153943877667,1497.2069266461767,0.6915322584100068,0.75,0.0568266567470646,9
2024-09-08,2024-09-05,2024-09-11,2.4775006566829627,6.3509063234929615,131.60320668686782,131.33890450559556,132.2150739757344,0.8761694701388478,1.0,0.313657532892586,9
2024-09-08,2024-09-05,2024-09-11,2.0697893118799175,6.271374674516257,70.19246268139715,69.40683162445202,71.14254911895841,1.735717494506389,0.75,0.1750939567467822,9
2024-09-11,2024-09-11,2024-09-11,2.472780913149697,6.55512780543722,811.8708502841025,811.5497764693573,812.2498538726941,0.7000774033367634,0.75,0.2066412084140657,9
2024-09-14,2024-09-11,2024-09-18,4.728183775870609,5.403946494558994,1416.0879329191755,1415.1041245427914,1417.3619809551165,2.2578564123250544,1.0,0.0568921585722123,9
2024-09-14,2024-09-11,2024-09-18,2.236934714715446,13.221588699069656,2438.508264672193,2437.8093381687067,2439.071482096333,1.2621439276263118,1.25,0.0793121008758653,9
2024-09-18,2024-09-18,2024-09-18,3.873746154197459,5.757993417360819,109.22358610024344,109.09569528372958,109.60711921937764,0.5114239356480539,1.25,0.1758422014271876,9
2024-09-21,2024-09-18,2024-09-24,3.2155830934512264,13.410468225703582,2438.482801467322,2438.1014617746696,2439.071482096333,0.9700203216634692,1.5,0.077717511714592,9
2024-09-21,2024-09-18,2024-09-24,2.3096869766798753,14.029067289876412,1875.3862949994189,1874.7697888598775,1875.840819844976,1.0710309850983322,0.75,0.1390157617871453,9
2024-09-21,2024-09-18,2024-09-24,4.121188028195297,5.518028186118655,1415.7164738650006,1414.6309407884255,1417.1252602548338,2.494319466408342,0.75,0.0569170340751463,9
2024-09-21,2024-09-18,2024-09-24,2.9376893453806523,5.321545762252778,135.65270438533486,135.31525231571868,136.05003245640546,0.7347801406867802,1.0,0.041502896719937,9
2024-09-28,2024-09-24,2024-10-03,13.581767052267708,8.101553538592807,113.16362923973848,112.82553360331804,113.7017419571057,0.8762083537876606,1.5,0.3239994734038992,9
2024-10-03,2024-10-03,2024-10-03,3.0245117535424746,6.393125450629328,811.9011477357071,811.7844955571927,812.2498538726941,0.4653583155013621,1.0,0.2095826215034655,10
2024-10-06,2024-10-03,2024-10-09,2.5986762014849973,13.74687113856919,2400.3982321412186,2266.257226638496,2439.952964027412,173.6957373889163,0.75,0.0341973003759515,10
2024-10-06,2024-10-03,2024-10-09,2.059932367807939,6.983707420612994,112.93666264733812,112.82553360331804,113.27136257989332,0.4458289765752852,0.75,0.1222884535743717,10
2024-10-06,2024-10-03,2024-10-09,5.1127671953346,5.283755980658895,115.56330307413468,115.31299834512174,116.00571954017504,0.6927211950533092,1.0,0.2915136749909353,10
2024-10-06,2024-10-03,2024-10-09,3.1149557742059697,5.318479120004443,46.000955253126214,45.856347432825714,46.39806155767292,0.5417141248472035,0.75,0.296087578187499,10
2024-10-06,2024-10-03,2024-10-09,2.4274807737789468,5.445799411164593,742.3692191103071,718.6540297595784,763.9862868557684,45.332257096190006,1.0,0.0380299218333842,10
2024-10-06,2024-10-03,2024-10-09,2.0036356382723013,5.1820675461865955,865.8063619871198,865.7191771729849,866.1880762805231,0.4688991075381636,0.75,0.1339589342785795,10
2024-10-09,2024-10-09,2024-10-09,3.8947521986248503,6.303078415369189,811.979072282738,811.7844955571927,812.8412966607139,1.0568011035211384,1.25,0.2016373762433339,10
2024-10-12,2024-10-09,2024-10-16,2.508665782573016,6.392381294955761,163.86968161433958,80.71314259944484,218.40090533625337,137.6877627368085,0.5,0.2287133473332315,10
2024-10-12,2024-10-09,2024-10-16,3.0239622555781227,5.499675087506142,1415.6764740399178,1414.867532810662,1416.8885397077538,2.0210068970918655,0.75,0.0370616915122906,10
2024-10-12,2024-10-09,2024-10-16,3.693900602187938,13.957999655030854,2399.900864115543,2266.257226638496,2439.952964027412,173.6957373889163,1.25,0.0458255085344163,10
2024-10-12,2024-10-09,2024-10-16,2.707595462310266,19.57476808903801,1148.5839384225849,1147.3908356996253,1149.9475071295165,2.5566714298911393,2.0,0.0478995920889395,10
2024-10-16,2024-10-16,2024-10-16,3.249812838103641,8.325883567676287,112.47865432290992,112.36921115079896,112.8150782752782,0.445867124479264,1.0,0.1855708807139167,10
2024-10-18,2024-10-16,2024-10-21,3.341713345501609,16.25211653111481,1590.011202363003,1589.8580660130829,1590.543654417619,0.6855884045362473,1.25,0.2040424572678172,10
2024-10-18,2024-10-16,2024-10-21,3.391392458943997,5.509612567873348,1415.777988793838,1414.867532810662,1416.8885397077538,2.0210068970918655,1.0,0.0538402835403144,10
2024-10-18,2024-10-16,2024-10-21,2.2410528934782943,5.211661506994707,135.95310865185894,135.31525231571868,136.73866048641503,1.423408170696348,1.25,0.1681486805849747,10
2024-10-18,2024-10-16,2024-10-21,2.959134180942222,5.7205355961556945,118.02737037246531,117.91795828938484,118.6103820516728,0.6924237622879446,0.75,0.2534296992876773,10
2024-10-21,2024-10-21,2024-10-21,4.417276155505888,6.34792511812897,811.8605860972799,811.5497764693573,812.8412966607139,1.2915201913565395,1.25,0.2595513687867173,10
2024-10-25,2024-10-21,2024-10-29,2.177664468913111,16.864609706345092,561.2015722972174,561.0994513309561,561.5527454065159,0.4532940755598247,0.5,0.1835636290231755,10
2024-10-25,2024-10-21,2024-10-29,2.403738194893198,5.187270079264484,865.997745916774,865.7191771729849,866.682753985282,0.9635768122971058,0.5,0.2126938396286435,10
2024-10-25,2024-10-21,2024-10-29,2.5457139386102696,14.821882068140445,1874.903176213633,1874.7697888598775,1875.420621552039,0.6508326921612024,1.0,0.0258912606562994,10
2024-10-25,2024-10-21,2024-10-29,2.568935849435358,5.558874007593599,1415.552573728234,1414.867532810662,1416.4244950385764,1.5569622279144824,0.75,0.0529253853627037,10
2024-10-25,2024-10-21,2024-10-29,6.00827186161954,5.084567937607387,2353.8634552059516,2271.6709916796535,2446.3195244050585,174.64853272540495,1.0,0.0227561860371153,10
2024-10-25,2024-10-21,2024-10-29,5.421856628993139,9.776482072770689,112.61831081790577,112.36921115079896,113.05617283284664,0.6869616820476949,1.0,0.0370730054326635,10
2024-10-25,2024-10-21,2024-10-29,5.117352879815702,15.49984724077918,95.94541697396102,95.7150821806863,96.4061563014984,0.691074120812118,0.75,0.0157255468272456,10
2024-10-25,2024-10-21,2024-10-29,22.766195960844783,15.137480587217254,66.44723717051993,28.394260443281382,94.82872399594636,66.43446355266497,1.5,0.0339615639159836,10
2024-10-25,2024-10-21,2024-10-29,13.651872729073297,15.030622787476435,91.323785147367,90.83791958820076,92.01756467111409,1.1796450829133391,1.5,0.0510456627252053,10
2024-10-25,2024-10-21,2024-10-29,6.834576686672864,13.624822000700735,79.64783419148235,79.41809231415391,80.10801559733227,0.6899232831783593,1.0,0.0173733512810624,10
2024-10-25,2024-10-21,2024-10-29,5.077064242603572,15.249678315269207,16.972749937668855,16.670165857765824,17.50492259534076,0.834756737574935,0.75,0.0169400405032348,10
2024-10-25,2024-10-21,2024-10-29,5.136405986567061,13.499966463189434,73.52719120151008,73.29767890973017,73.98724621580914,0.6895673060789704,0.75,0.0140690481480147,10
2024-10-25,2024-10-21,2024-10-29,27.308917542868773,8.33755534325752,113.18923440707388,112.36921115079896,114.349550221581,1.9803390707820656,2.25,0.5180929255018578,10
2024-10-25,2024-10-21,2024-10-29,2.0806593387676005,7.606313369316801,110.91841693562786,110.66871147975326,111.35653014620766,0.6878186664544046,1.0,0.1280932233256173,10
2024-10-25,2024-10-21,2024-10-29,14.810066828820212,14.692316129504976,90.45299315141176,89.15313405403867,91.75990307005122,2.6067690160125494,1.25,0.0260948699815025,10
2024-10-25,2024-10-21,2024-10-29,5.695353240152751,13.425099519008333,37.7850072086394,19.632532661780715,80.10801559733227,60.475482935551554,1.0,0.0159134826609967,10
2024-11-01,2024-10-29,2024-11-04,10.877756761460848,13.3551925413108,70.34581433241101,69.52448364207521,71.30391689157113,1.7794332494959235,1.5,0.0199221692714491,11
2024-11-09,2024-11-04,2024-11-14,2.452183965055682,13.077872051857954,2438.7049631392924,2438.393559889868,2439.3653341131285,0.9717742232605816,1.0,0.1414779210587587,11
2024-11-09,2024-11-04,2024-11-14,2.4656325385294946,18.960040545609488,2246.1802068260117,2245.72927747434,2247.3868044968694,1.6575270225293934,1.0,0.2351631755117614,11
2024-11-09,2024-11-04,2024-11-14,5.7271335961875725,5.501463434597914,140.0990864453366,139.78906991472468,140.68902689497918,0.8999569802545011,0.75,0.0377935426932494,11
2024-11-09,2024-11-04,2024-11-14,13.11242429255003,5.592314885005341,135.71130262714672,134.8561733760871,136.73866048641503,1.8824871103279293,1.0,0.1431213814070618,11
2024-11-09,2024-11-04,2024-11-14,4.378714025906201,8.162882475475204,93.30415731127964,92.99614063231274,93.91197961568832,0.9158389833755792,0.5,0.3836718113898213,11
2024-11-09,2024-11-04,2024-11-14,11.590069300515808,5.466386772013839,128.5591343152676,63.849024653900415,136.73866048641503,72.88963583251461,1.0,0.234017541407033,11
2024-11-16,2024-11-14,2024-11-19,2.6612336329061885,5.150039974823445,135.98053262809296,135.68791265040636,136.73866048641503,1.050747836008668,0.75,0.2427796572169519,11
2024-11-16,2024-11-14,2024-11-19,2.8726323613094444,8.305187427389123,113.13139085012362,113.04072335036471,113.4865522608161,0.4458289104513824,0.75,0.1916170095173932,11
2024-11-16,2024-11-14,2024-11-19,2.0506843113019153,8.187392855325271,113.4176631187266,113.25591303128748,113.7017419571057,0.4458289258182049,0.75,0.1667382072627701,11
2024-11-16,2024-11-14,2024-11-19,2.736438166478581,5.2245699016379215,136.1092322031572,135.68791265040636,136.73866048641503,1.050747836008668,1.25,0.1586547342148511,11
2024-11-16,2024-11-14,2024-11-19,3.848862487723618,8.378295819911605,112.64531117458192,112.36921115079896,113.05617283284664,0.6869616820476949,1.0,0.199394951726568,11
2024-11-16,2024-11-14,2024-11-19,2.4561578789804592,13.56837177855926,2438.213284032271,2438.1014617746696,2438.6241991193965,0.5227373447269201,1.75,0.0256834704732184,11
2024-11-16,2024-11-14,2024-11-19,2.889219358099068,5.320134267900774,1416.3458211936031,1415.4839315447025,1417.3619809551165,1.878049410413951,1.0,0.0527852639023388,11
2024-11-22,2024-11-19,2024-11-26,2.6879116725857624,14.735775546676056,1874.8631479385208,1874.7697888598775,1875.420621552039,0.6508326921612024,1.25,0.0887739063640549,11
2024-11-22,2024-11-19,2024-11-26,2.773573158185753,11.32482756669391,2022.2996758841923,2019.8687527016737,2024.4364213431256,4.567668641451746,0.5,0.1204614135266045,11
2024-11-22,2024-11-19,2024-11-26,2.688764461136944,5.284981167244817,867.5389093549256,867.1669114227407,868.0015295278281,0.8346181050874293,1.0,0.1421554365528722,11
2024-11-22,2024-11-19,2024-11-26,3.0489335072993775,5.0473997025112665,626.8069184839541,626.4319764724933,629.4988487642258,3.0668722917325795,1.5,0.1104415966874378,11
2024-11-22,2024-11-19,2024-11-26,2.256866556931308,6.107515136913734,1112.8732261114717,1112.7879001516849,1113.2511487412266,0.463248589541763,1.0,0.1003799884534552,11
2024-11-22,2024-11-19,2024-11-26,2.3723055274968923,7.659811149562235,1302.3986858272394,1302.1947845066898,1302.907624469139,0.7128399624489248,1.0,0.0986924821745633,11
2024-11-22,2024-11-19,2024-11-26,3.1575092886520713,7.759634592203467,111.52770022740228,111.34104273514822,111.7868340490386,0.4457913138903677,1.25,0.1423413120296173,11
2024-11-22,2024-11-19,2024-11-26,5.5336059484843405,7.746599975617353,113.25107221628885,113.04072335036471,113.7017419571057,0.6610186067409813,0.75,0.0881855893782516,11
2024-11-29,2024-11-26,2024-12-03,2.3580678218992466,5.762427495122166,2405.873918561102,2404.124664494302,2407.182313273661,3.057648779358715,1.0,0.1240004985505485,11
2024-11-29,2024-11-26,2024-12-03,2.1447327618444834,6.095532785472715,1860.7699833157192,1799.6874014460482,1968.3636786518616,168.67627720581368,1.75,0.0652929987716836,11
2024-12-03,2024-12-03,2024-12-03,3.7528762063745504,6.422748865663735,811.8521807792375,811.5497764693573,812.2498538726941,0.7000774033367634,1.0,0.2385552345595358,12
2024-12-08,2024-12-03,2024-12-13,27.459880720762495,8.143006329482715,113.18723717295748,112.5844390457496,114.349550221581,1.7651111758314073,2.0,0.0431157764900269,12
2024-12-08,2024-12-03,2024-12-13,3.2049402462046293,11.973085591238137,2112.969399592897,2112.3692283374257,2113.661335386336,1.2921070489101112,0.75,0.2337833721243707,12
2024-12-08,2024-12-03,2024-12-13,5.403592885004843,11.790759533125248,2087.7326120068183,2079.0023488649167,2092.2277352698147,13.225386404898018,0.75,0.1778621417552364,12
2024-12-08,2024-12-03,2024-12-13,2.644636257351237,7.7538819980726545,1871.1726695755297,1869.905322033912,1872.7252459209412,2.81992388702929,0.75,0.1022220610309036,12
2024-12-08,2024-12-03,2024-12-13,2.100317296898398,7.692188647016612,1860.4335586928469,1859.5074386494232,1861.492822788656,1.9853841392323377,0.75,0.118702202012397,12
2024-12-08,2024-12-03,2024-12-13,8.534448927694514,8.207012648750458,1847.2909494320604,1843.5423180041837,1852.239926369395,8.697608365211636,1.5,0.0870305315889355,12
2024-12-08,2024-12-03,2024-12-13,2.5470966207912933,5.68164900793579,2408.5916067179314,2407.667925178539,2409.8657991136424,2.1978739351034164,1.0,0.1251634403414853,12
2024-12-08,2024-12-03,2024-12-13,2.4324858180391393,11.349751337223472,2022.062171905382,2019.1652177013457,2024.4364213431256,5.271203641779721,0.5,0.1695746744613724,12
2024-12-08,2024-12-03,2024-12-13,2.044641563488266,7.225499239574929,110.64515075975038,110.4535213871859,111.11454082094131,0.6610194337554276,1.0,0.0179403756199429,12
2024-12-08,2024-12-03,2024-12-13,2.4514955069555393,7.873985042056573,111.55619481950998,111.55619481950998,111.7868340490386,0.2306392295286059,1.0,0.0147901945800423,12
2024-12-08,2024-12-03,2024-12-13,2.2063427273107714,11.525593541118567,1602.7933128920197,1602.453150276095,1603.3681065714918,0.9149562953971326,1.5,0.0706928456498038,12
2024-12-08,2024-12-03,2024-12-13,2.975677125639006,6.794362477637928,634.6353320828106,607.5367253809236,706.5966408946551,99.05991551373154,2.25,0.1706763451185282,12
2024-12-14,2024-12-13,2024-12-16,5.180973558085021,5.045057207145445,1416.2625098565668,1415.1041245427914,1417.5987015836872,2.4945770408958197,1.25,0.3212885591029459,12
2024-12-28,2024-12-27,2024-12-30,2.4752173283106296,13.679026543312691,2438.660851106521,2438.393559889868,2439.3653341131285,0.9717742232605816,1.5,0.161478361557283,12
2024-12-28,2024-12-27,2024-12-30,2.132166268104003,13.416052366274563,2217.0282824353662,2216.2910853251815,2217.8772984612733,1.5862131360918283,0.75,0.3097455009114185,12
2024-12-28,2024-12-27,2024-12-30,2.497062322935432,10.830038047133929,1346.5236294225504,1346.1918814629316,1347.411472600419,1.2195911374874413,1.0,0.2432793668227271,12
2024-12-28,2024-12-27,2024-12-30,2.0736946106339103,7.704926899731124,1871.747006699165,1870.7683840552345,1872.7252459209412,1.9568618657067416,0.75,0.0816554433628099,12
2024-12-28,2024-12-27,2024-12-30,3.8488561451448056,8.981831950060457,1860.4847306488496,1859.5074386494232,1861.492822788656,1.9853841392323377,0.75,0.3026500369244915,12
2024-12-28,2024-12-27,2024-12-30,2.1289995914825752,11.329002143894424,2021.9510830368397,2020.4749721172263,2023.225454099011,2.7504819817841053,0.5,0.0877431023648846,12
2024-12-28,2024-12-27,2024-12-30,2.275106083800504,9.207659906633484,1865.6015794486505,1864.1020992631093,1868.031863517128,3.929764254018664,0.75,0.2226430510060424,12
2024-12-28,2024-12-27,2024-12-30,3.74415977329259,5.4150706818397065,129.1516497111977,128.80743072461337,129.61649488890544,0.8090641642920673,1.0,0.1121471392525133,12
2024-12-28,2024-12-27,2024-12-30,2.607434726226346,7.110352024424045,110.62777521877103,110.4535213871859,111.11454082094131,0.6610194337554276,1.0,0.0400163603097336,12
2024-12-28,2024-12-27,2024-12-30,2.3335696688975633,6.7879590223600195,928.2672894758396,928.0975053450092,928.795898616314,0.698393271304667,1.25,0.1899478282152413,12
2024-12-28,2024-12-27,2024-12-30,2.4854069694712035,5.0364069600811225,627.3858100657903,626.4319764724933,629.7693009148352,3.3373244423419237,1.25,0.0987129242153828,12
2025-01-12,2025-01-10,2025-01-14,2.477354316091827,5.721245294892505,130.7718255926443,128.11256739962846,133.97392127802595,5.8613538783974946,1.25,0.1052559238341642,1
2025-01-12,2025-01-10,2025-01-14,6.126598435338821,13.709581750298318,2424.379834754234,2266.257226638496,2439.952964027412,173.6957373889163,2.25,0.0817327299488805,1
2025-01-12,2025-01-10,2025-01-14,2.1049450730388894,14.802844948869067,1874.8653065751676,1874.7697888598775,1875.420621552039,0.6508326921612024,1.0,0.1128457497779902,1
2025-01-12,2025-01-10,2025-01-14,3.635185043732619,5.4638974396066065,1416.076082305536,1414.867532810662,1417.3619809551165,2.494448144454509,1.0,0.0689039539969754,1
2025-01-19,2025-01-14,2025-01-24,8.32374269357792,5.875145496109609,2379.590774246586,2270.6505893282592,2445.5655590016395,174.91496967338026,1.0,0.0279753023166186,1
2025-01-19,2025-01-14,2025-01-24,3.641881653761983,12.02542251588902,560.6755645649365,560.4976428835653,561.1875142809004,0.6898713973350823,0.75,0.1080465648437473,1
2025-01-27,2025-01-24,2025-01-30,2.393830510190723,5.622322958730817,130.2389887924791,130.09281567158175,130.7832225849852,0.6904069134034216,0.75,0.0646179646416373,1
2025-01-27,2025-01-24,2025-01-30,2.4239969682169167,5.608484779718566,129.46603693232018,129.15583711583167,129.84651355445385,0.6906764386221766,0.75,0.1625303774387562,1
2025-02-04,2025-01-30,2025-02-10,5.085506791600467,8.484256076097465,113.04769691362289,112.82553360331804,113.4865522608161,0.6610186574980617,0.75,0.1713640197707893,2
2025-02-15,2025-02-10,2025-02-20,5.518003435245959,14.023796494904497,2418.43334902937,2266.257226638496,2439.952964027412,173.6957373889163,1.5,0.1173281861833015,2
2025-02-15,2025-02-10,2025-02-20,2.186568181049448,6.735354713972762,1516.6210555494213,1514.7178381131962,1518.0010301405564,3.283192027360201,2.5,0.0721342707237939,2
2025-02-15,2025-02-10,2025-02-20,2.102040114283169,5.282752888634017,545.6950686839716,544.4523192103952,547.0156323937699,2.563313183374703,2.5,0.0516377533089944,2
2025-02-22,2025-02-20,2025-02-25,4.086524566471755,6.157829457749353,1865.880324957172,1799.8653079620562,1969.970360155683,170.10505219362676,3.0,0.0856044827238604,2
2025-02-22,2025-02-20,2025-02-25,2.0031224083267927,5.902118289854172,1873.8526652487844,1799.1386089813896,1972.9686299520545,173.83002097066492,2.25,0.0852820497404036,2
2025-03-02,2025-02-25,2025-03-07,9.465594850716585,5.078978905633853,100.40198741064798,98.33266358450057,104.11509592691436,5.782432342413813,0.75,0.1673673602151196,3
2025-03-02,2025-02-25,2025-03-07,5.557142681857734,5.102844940915001,99.53432322491936,99.162883406505,100.04651218187064,0.8836287753656507,0.5,0.0197858385930317,3
2025-03-02,2025-02-25,2025-03-07,5.2244571252241965,8.646543418207825,91.3964709146372,91.2400467810221,91.87417730968446,0.6341305286623538,1.0,0.0238862961508583,3
2025-03-02,2025-02-25,2025-03-07,2.4313295659217053,13.73124199607274,2437.900533886688,2437.06169877341,2439.071482096333,2.0097833229228854,1.25,0.095214084029703,3
2025-03-02,2025-02-25,2025-03-07,5.665782407936814,5.382697399052026,128.13493680237656,127.88632789999248,128.7631160612218,0.8767881612293422,1.25,0.0829457045626568,3
2025-03-08,2025-03-07,2025-03-10,4.244031094626824,8.099424296039912,111.45613691625654,111.12589091667904,112.16939492477104,1.0435040080919862,1.0,0.2400999764847557,3
2025-03-08,2025-03-07,2025-03-10,5.081040462920646,14.25269558303973,2430.4687492319813,2266.257226638496,2439.952964027412,173.6957373889163,1.0,0.1247628203323656,3
2025-03-08,2025-03-07,2025-03-10,3.8350835235535055,9.40965231968547,115.00250738783662,114.61463473644108,115.49105067458004,0.8764159381389618,0.75,0.1994689527391646,3
2025-03-08,2025-03-07,2025-03-10,12.411164561972155,9.444924046022985,114.19565569567192,113.68853192823008,114.99659012258051,1.3080581943504512,1.25,0.2599477271733393,3
2025-03-14,2025-03-10,2025-03-18,4.968533608880058,6.060810150267044,811.693154897839,811.3150573829189,812.2498538726941,0.9347964897751808,1.0,0.2329210396855519,3
2025-03-14,2025-03-10,2025-03-18,8.964168444377254,5.111391216114082,98.98041541941969,98.33266358450057,104.11509592691436,5.782432342413813,1.0,0.1901033361948982,3
2025-03-14,2025-03-10,2025-03-18,10.946670033449776,5.293689458208495,114.9811625984867,114.35582222323865,115.54363757465036,1.1878153514117002,1.5,0.8633981193866402,3
2025-03-14,2025-03-10,2025-03-18,2.092475563094425,5.393722227212881,82.9594924568141,60.26243609050289,131.0131065552123,70.7506704647094,1.0,0.2009781444844524,3
2025-03-14,2025-03-10,2025-03-18,4.417771049632649,5.05079070336864,115.61238766970467,115.54403946362436,116.00571954017504,0.4616800765506923,1.0,0.4702600896672688,3
2025-03-14,2025-03-10,2025-03-18,3.4801187939455778,6.071911047540213,60.80582656562333,60.26243609050289,61.41961365751922,1.1571775670163331,1.25,0.0245229327185213,3
2025-03-21,2025-03-18,2025-03-25,4.683845690386029,6.004748011939077,88.95681143935009,88.01665122853592,91.4736914811656,3.4570402526296675,0.75,0.3346644723948745,3
2025-03-21,2025-03-18,2025-03-25,2.3391367233003098,14.085279811200431,2407.84366312589,2266.257226638496,2439.952964027412,173.6957373889163,1.0,0.087535121439829,3
2025-03-28,2025-03-25,2025-04-01,7.074218918526118,6.941143254105038,108.94987165517276,108.6653403500095,109.5415121819824,0.876171831972897,1.25,0.0593522832627624,3
2025-03-28,2025-03-25,2025-04-01,3.0279015736184713,5.689883888263543,133.45038221653925,127.57692819321528,137.72496448084712,10.14803628763184,1.25,0.2855708286707652,3
2025-03-28,2025-03-25,2025-04-01,4.723867939288054,13.88198645786658,2438.018056527111,2437.06169877341,2439.3653341131285,2.303635339718312,1.5,0.0766337604926805,3
2025-03-28,2025-03-25,2025-04-01,7.44516118075964,10.49340460044826,113.60822705328218,113.04072335036471,114.349550221581,1.3088268712162971,0.75,0.1007536433899,3
2025-03-28,2025-03-25,2025-04-01,21.701854152975724,9.164874368154312,113.38697923034594,112.5844390457496,114.349550221581,1.7651111758314073,1.75,0.4922832199277114,3
2025-03-28,2025-03-25,2025-04-01,7.281793648503792,9.746010575751312,114.86532230537136,114.55076146870852,115.42696897406132,0.8762075053527951,1.25,0.2128815572260812,3
2025-03-28,2025-03-25,2025-04-01,4.212191925588473,7.937529670450614,114.1609252519352,113.9037214498967,114.56473975162952,0.6610183017328382,0.75,0.2325224542574956,3
2025-04-04,2025-04-01,2025-04-08,10.258530792041707,6.869652003577443,129.45844912295576,128.11256739962846,133.97392127802595,5.8613538783974946,1.0,0.0459577872346686,4
2025-04-04,2025-04-01,2025-04-08,3.167813672829335,6.821258917955899,146.22184301663563,146.1253528869711,146.57858125818893,0.4532283712178468,1.0,0.1082259104150524,4
2025-04-04,2025-04-01,2025-04-08,2.0725414144862677,5.639517948603813,130.02955675977637,129.61587432492524,130.5533387772739,0.9374644523486496,0.75,0.0428456274283903,4
2025-04-11,2025-04-08,2025-04-15,3.0277366665693584,8.261528727193783,111.09501679846284,110.88390159141272,111.57168196467684,0.6877803732641041,1.25,0.0823681172425291,4
2025-04-11,2025-04-08,2025-04-15,10.7140721002644,5.687875177743744,129.57707828524843,129.03749053319916,130.5533387772739,1.515848244074732,1.5,0.4267785628631717,4
2025-04-11,2025-04-08,2025-04-15,3.4433647029259733,5.436646989390079,112.80528572115492,63.231387082487345,133.8821251471527,70.65073806466535,1.0,0.0258100526901724,4
2025-04-11,2025-04-08,2025-04-15,2.0242028915655146,7.922707497530335,111.465779299184,111.34104273514822,111.7868340490386,0.4457913138903677,1.25,0.1792139834001747,4
2025-04-11,2025-04-08,2025-04-15,6.802322367021362,8.083318965685311,112.54337076485687,112.36921115079896,113.05617283284664,0.6869616820476949,1.5,0.305156723277621,4
2025-04-11,2025-04-08,2025-04-15,3.0999676838750534,5.841130880571157,131.2366023490964,131.12110581062734,131.56954373512417,0.4484379244968295,1.0,0.2015449265294731,4
2025-04-11,2025-04-08,2025-04-15,2.251089793809113,10.117457243474744,1724.2469600505694,1723.7527624685315,1724.8427001317032,1.0899376631714404,1.75,0.1208150182165563,4
2025-04-11,2025-04-08,2025-04-15,3.0387942608104557,7.791346991846988,111.38880970950632,111.12589091667904,111.7868340490386,0.6609431323595345,0.75,0.1532364386354668,4
2025-04-11,2025-04-08,2025-04-15,3.0745852600673556,9.775126985898169,112.03559995455448,111.93875569524243,112.3846227102913,0.4458670150488615,0.75,0.1632660847007169,4
2025-04-11,2025-04-08,2025-04-15,40.90864504853795,8.6423507116155,113.239478893889,112.36921115079896,114.56473975162952,2.1955286008305848,2.75,0.6612701341636391,4
2025-04-11,2025-04-08,2025-04-15,4.387200396356706,9.509896872909897,114.76565214614966,114.55076146870852,115.2117796977982,0.6610182290896773,0.75,0.0202762808882706,4
2025-04-11,2025-04-08,2025-04-15,2.785593728869939,6.31066066125118,132.11990189019608,131.9844347462058,132.6459876797162,0.6615529335103929,1.0,0.0957652149224219,4
2025-04-11,2025-04-08,2025-04-15,5.004555881624369,14.221536455119926,2423.850226224157,2266.257226638496,2439.952964027412,173.6957373889163,1.0,0.1370194390960352,4
2025-04-11,2025-04-08,2025-04-15,2.141941162270077,20.6908253202529,1256.0994664797051,1255.495928355027,1256.6620895382948,1.1661611832678318,2.0,0.0885100019540943,4
2025-04-18,2025-04-15,2025-04-21,2.0262123358527826,6.870399828575382,124.24057377031876,124.0172128858976,124.676744078286,0.6595311923883855,1.0,0.0210118489601416,4
2025-04-18,2025-04-15,2025-04-21,2.0059218496350035,6.4607744249532395,134.63067979234958,134.40530464006588,135.0703364238143,0.6650317837484181,0.75,0.0221406170064771,4
2025-04-18,2025-04-15,2025-04-21,2.3869315142374488,5.613093524137131,143.90806155407955,143.59246599348262,144.482042751275,0.8895767577923834,1.0,0.0289998908768477,4
2025-04-18,2025-04-15,2025-04-21,7.491193311385108,5.589607867239467,116.45271869986148,86.26621090713888,141.57755116699263,55.31134025985375,1.0,0.2899186459202428,4
2025-04-25,2025-04-21,2025-04-29,2.0648294152489046,5.4409336773660275,128.0960852365329,128.00794278876856,128.45408929837868,0.4461465096101165,0.75,0.1353498316316335,4
2025-04-25,2025-04-21,2025-04-29,3.011740106207328,13.825368799982844,2439.1332874477357,2438.393559889868,2439.952964027412,1.559404137544334,1.75,0.087458515338641,4
2025-04-25,2025-04-21,2025-04-29,6.745917237047846,5.280526695382389,99.03795451805864,98.5503193656914,99.61118554044516,1.060866174753755,0.75,0.1373444221794059,4
2025-04-25,2025-04-21,2025-04-29,3.0570209295426056,5.63611610572439,135.4872685870973,135.31525231571868,135.77543102251366,0.4601787067949772,1.5,0.1668475385005893,4
2025-05-02,2025-04-29,2025-05-05,4.265334087062234,8.263070177371468,112.46994230710128,112.36921115079896,112.8150782752782,0.445867124479264,1.25,0.2304630045647426,5
2025-05-02,2025-04-29,2025-05-05,2.950775238666031,14.343184642681278,2418.3719267667343,2266.257226638496,2439.952964027412,173.6957373889163,0.75,0.153207157164757,5
2025-05-02,2025-04-29,2025-05-05,60.72207362437164,8.963285172610782,113.59645696627686,112.15398348076268,115.42696897406132,3.27298549329862,2.75,0.7055942524713723,5
2025-05-02,2025-04-29,2025-05-05,2.049909940088773,9.161643714242317,107.55121397860684,103.2343099527061,115.49105067458004,12.25674072187394,0.5,0.0114305204264579,5
2025-05-02,2025-04-29,2025-05-05,3.5747235463097686,8.85094875864561,105.71777961603873,103.2343099527061,115.49105067458004,12.25674072187394,0.5,0.0162596982474244,5
2025-05-09,2025-05-05,2025-05-14,3.365742493630046,13.836989112323938,2438.6324704375666,2438.1014617746696,2439.952964027412,1.851502252742648,1.25,0.1978958916450892,5
2025-05-09,2025-05-05,2025-05-14,7.417887515269808,5.798756000717922,140.92649135312527,139.50716555304825,146.57858125818893,7.07141570514068,1.0,0.2224796384040108,5
2025-05-09,2025-05-05,2025-05-14,3.653107441661214,7.76584603690056,112.70445988812244,112.5844390457496,113.05617283284664,0.4717337870970368,0.75,0.2377515475451527,5
2025-05-09,2025-05-05,2025-05-14,11.220235259780171,8.434550540433735,112.93564680445292,112.5844390457496,113.4865522608161,0.9021132150664926,1.75,0.302212849444908,5
2025-05-09,2025-05-05,2025-05-14,4.221783057948421,6.309698858845309,1044.5139650340398,1044.295216933824,1044.9912147698924,0.6959978360682726,1.0,0.2597081415059542,5
2025-05-09,2025-05-05,2025-05-14,3.19274000756064,7.31975066107395,110.64112828666022,110.4535213871859,111.35653014620766,0.903008759021759,1.25,0.1073973135298119,5
2025-05-16,2025-05-14,2025-05-19,2.0418761991262184,5.743328197665962,107.08434637669724,60.26243609050289,132.241222247947,71.97878615744412,0.75,0.0304506502788246,5
2025-05-23,2025-05-19,2025-05-27,2.1242397743831787,12.467682937256434,2273.26259244127,2248.357441357337,2419.5859113023616,171.2284699450247,1.0,0.0974423283412871,5
2025-05-23,2025-05-19,2025-05-27,2.5371670253620136,18.856660837432543,2235.871131827516,2235.095473004505,2236.780538134277,1.6850651297718289,1.0,0.2453200241349823,5
2025-05-30,2025-05-27,2025-06-02,9.998267106676302,5.570680007114147,2386.003111822945,2270.6505893282592,2446.068230354227,175.4176410259679,1.0,0.112226446672478,5
2025-05-30,2025-05-27,2025-06-02,4.492724186444856,23.291849113257587,1864.5586440930656,1802.563928692136,1978.509485075716,175.94555638357997,1.0,0.2901991706579443,5
2025-05-30,2025-05-27,2025-06-02,10.29496314133612,5.710187874751585,2365.6690998981276,2270.6505893282592,2445.8169084065594,175.16631907830015,1.25,0.2201711449913617,5
2025-06-07,2025-06-02,2025-06-13,2.351306402246386,6.947758984721285,1858.6353646385296,1800.566772274673,1969.577122085728,169.01034981105477,1.25,0.0641271013393372,6
2025-06-14,2025-06-13,2025-06-16,2.2082702946715567,6.753824325178219,284.47748921539596,209.83209385396913,286.9381383792497,77.1060445252806,0.75,0.1466380447978003,6
2025-06-14,2025-06-13,2025-06-16,2.990536980558304,6.407589506272338,1870.2923625922892,1800.0432289778255,1969.970360155683,169.92713117785752,1.75,0.1169478844904772,6
2025-06-14,2025-06-13,2025-06-16,33.83288545995859,8.434747271929277,113.23405223875145,112.5844390457496,114.349550221581,1.7651111758314073,2.75,0.4926562081264429,6
2025-06-14,2025-06-13,2025-06-16,3.18049133467845,9.563758224091224,112.781303703196,112.5844390457496,113.27136257989332,0.6869235341437161,0.75,0.0581333836189973,6
2025-06-14,2025-06-13,2025-06-16,5.592936160486352,9.7872999963814,112.23819951224226,111.93875569524243,112.8150782752782,0.8763225800357759,0.75,0.1820495982742775,6
2025-06-21,2025-06-16,2025-06-27,2.7357289508477804,5.419128744807522,128.55441915556494,128.34731112327427,129.03806995414195,0.6907588308677077,1.0,0.0211302395825607,6
2025-06-29,2025-06-27,2025-07-01,3.9887544060018985,5.502615522588453,138.0183132673985,137.36795760318637,140.40016334550455,3.032205742318183,1.0,0.1895028048491298,6
2025-07-06,2025-07-01,2025-07-11,2.496353683902705,17.083905249440345,2039.5893836775076,2039.1245523393152,2040.1963320062496,1.0717796669341624,1.0,0.0895864809234211,7
2025-07-06,2025-07-01,2025-07-11,3.95594366920916,23.42347810776357,1864.6020122421205,1802.3252318315208,1978.509485075716,176.18425324419513,1.0,0.1318377872897957,7
2025-07-06,2025-07-01,2025-07-11,6.929771298866575,5.679000004493121,135.58499028314515,135.31525231571868,136.05003245640546,0.7347801406867802,1.5,0.0599911692110098,7
2025-07-06,2025-07-01,2025-07-11,2.040944993236996,5.4666959729146996,141.69793552907657,139.50716555304825,146.57858125818893,7.07141570514068,1.0,0.2000619781304694,7
2025-07-06,2025-07-01,2025-07-11,4.4064143739706605,5.600928836221505,119.2005424900757,118.86985566327348,119.74383302778006,0.8739773645065725,1.5,0.1296885135925273,7
2025-07-12,2025-07-11,2025-07-14,4.360999779882256,7.320355314532876,110.78864480123671,110.4535213871859,111.57168196467684,1.1181605774909258,1.5,0.0783292332562091,7
2025-07-12,2025-07-11,2025-07-14,2.747453496080867,7.904989667229598,111.66635371170132,111.34104273514822,112.16939492477104,0.8283521896228194,0.75,0.1116617885651214,7
2025-07-12,2025-07-11,2025-07-14,7.084196948193601,8.165637863013092,112.59655872311914,112.36921115079896,113.05617283284664,0.6869616820476949,1.5,0.141689764938401,7
2025-07-12,2025-07-11,2025-07-14,2.0985760860350715,11.943986791945512,1349.0183740827283,1348.1432162118144,1350.064125592355,1.9209093805402515,0.75,0.1459432078703093,7
2025-07-12,2025-07-11,2025-07-14,45.31125099223102,8.27969773809913,113.14867304571084,111.55619481950998,114.56473975162952,3.0085449321195483,2.75,0.4152812827455708,7
2025-07-12,2025-07-11,2025-07-14,3.561272089845587,9.284196202579809,111.499953528037,111.34104273514822,112.00198600441216,0.660943269263953,0.75,0.0946727823630675,7
2025-07-12,2025-07-11,2025-07-14,2.000208339321506,7.441593600082101,111.2201830393504,111.12589091667904,111.57168196467684,0.4457910479977727,0.75,0.1067815365732373,7
2025-07-12,2025-07-11,2025-07-14,2.9121535464853188,9.643006800409776,112.99510679829956,112.82553360331804,113.4865522608161,0.6610186574980617,0.5,0.0149446680852059,7
2025-07-18,2025-07-14,2025-07-22,7.010452360944124,8.832694126645993,91.43286387337368,91.2400467810221,91.87417730968446,0.6341305286623538,1.0,0.0973504491349543,7
2025-07-18,2025-07-14,2025-07-22,38.49537453428833,6.000632450560961,108.91080855578429,60.26243609050289,136.73866048641503,76.47622439591214,2.5,0.4176304815266574,7
2025-07-18,2025-07-14,2025-07-22,2.0404975531317104,8.409815417750822,111.12589091667904,111.12589091667904,111.35653014620766,0.2306392295286059,1.0,0.0849531074722609,7
2025-07-18,2025-07-14,2025-07-22,39.0473817957977,5.42828377591463,897.6102330492891,891.0362346260808,903.4319478082472,12.39571318216622,6.25,0.2231398599590853,7
2025-07-18,2025-07-14,2025-07-22,6.29135954747929,8.858604383018545,901.4661432230396,901.141317973379,902.0938903493808,0.9525723760016264,3.25,0.0673355669404781,7
2025-07-18,2025-07-14,2025-07-22,11.42832414226027,10.73139973633142,896.9646503009368,895.4182174918242,899.5336576346308,4.115440142806619,3.75,0.0809071505673117,7
2025-07-18,2025-07-14,2025-07-22,2.279489670656732,11.629778820074408,894.6730838660624,893.9672294445336,895.6488567213528,1.681627276819199,1.75,0.0473519014253499,7
2025-07-18,2025-07-14,2025-07-22,4.369546635470705,9.067395407419957,894.4343207929746,892.9939263742417,895.6488567213528,2.654930347111076,3.25,0.0673867682727122,7
2025-07-18,2025-07-14,2025-07-22,5.303145118399774,6.29910088607097,114.0034350387078,63.231387082487345,135.77543102251366,72.54404394002631,1.0,0.1825807201620113,7
2025-07-18,2025-07-14,2025-07-22,4.7626070844964055,6.9549150033644125,132.68994289137282,132.24042118061334,133.8821251471527,1.6417039665393531,1.25,0.2006390980468393,7
2025-07-18,2025-07-14,2025-07-22,2.7056401029223234,6.041005172470083,128.9660250930657,128.34731112327427,129.84651355445385,1.499202431179583,1.25,0.1020968655596576,7
2025-07-25,2025-07-22,2025-07-29,4.074382967851873,5.262314295804511,135.31025764440304,135.0183282098733,135.8213010886684,0.8029728787951171,1.0,0.2211343129173431,7
2025-07-25,2025-07-22,2025-07-29,7.018201839056285,5.531573300119786,134.10600858737865,94.9180305157788,140.21727505885065,45.29924454307184,1.25,0.2268986110020301,7
2025-07-25,2025-07-22,2025-07-29,2.4931034005605737,5.491024072491538,95.258635188214,95.1899253022857,95.69245932390912,0.5025340216234326,1.25,0.1297867096231752,7
2025-07-25,2025-07-22,2025-07-29,3.4305361453609406,5.43623396730104,136.18111287961082,135.68791265040636,136.73866048641503,1.050747836008668,1.0,0.159325582331831,7
2025-07-25,2025-07-22,2025-07-29,3.803810573823648,6.18889499268454,811.8216364595405,811.5497764693573,812.2498538726941,0.7000774033367634,1.0,0.2081712958567614,7
2025-07-25,2025-07-22,2025-07-29,3.1599598304658127,18.947404600544743,2236.28727226749,2235.5802027136087,2241.00426026294,5.424057549331337,1.0,0.2004701178412221,7
2025-07-25,2025-07-22,2025-07-29,2.6161465465237157,17.14879562550554,2039.6291574989257,2039.1245523393152,2040.6169425100088,1.4923901706933975,1.0,0.1008750790103296,7
2025-07-25,2025-07-22,2025-07-29,5.271382406266013,9.595422765800796,112.78932504832764,112.36921115079896,113.4865522608161,1.1173411100171506,0.75,0.1419261062738201,7
2025-07-25,2025-07-22,2025-07-29,8.641846661522584,9.031119984568624,112.8907612490224,112.36921115079896,113.7017419571057,1.3325308063067496,1.25,0.3489627107726536,7
2025-07-25,2025-07-22,2025-07-29,7.136350243970756,8.288404548372798,113.30289793745207,113.04072335036471,113.7017419571057,0.6610186067409813,1.5,0.3515447591081451,7
2025-08-01,2025-07-29,2025-08-05,4.918961627359786,5.653736851199026,121.40852684128674,118.25097537692636,128.98751295451075,10.736537577584386,1.0,0.1829880212954338,8
2025-08-01,2025-07-29,2025-08-05,2.5255462677822145,7.873644631229422,111.66441322021323,111.55619481950998,112.00198600441216,0.4457911849021911,1.0,0.0129941586951438,8
2025-08-01,2025-07-29,2025-08-05,4.604756615590302,5.996408969009439,125.98937119305752,60.26243609050289,130.7832225849852,70.52078649448231,1.0,0.119593870910603,8
2025-08-09,2025-08-05,2025-08-13,2.7709977252292215,5.146012553659456,1871.265956061124,1802.3252318315208,1979.4026349629276,177.07740313140675,1.0,0.1322277669898405,8
2025-08-09,2025-08-05,2025-08-13,5.341475397913977,5.770656614538175,100.8271625945096,60.26243609050289,131.0131065552123,70.7506704647094,1.25,0.0471349435987104,8
2025-08-17,2025-08-13,2025-08-21,5.083623622291365,8.239768624594953,112.50617485914874,112.36921115079896,113.05617283284664,0.6869616820476949,1.25,0.1379911577613506,8
2025-08-17,2025-08-13,2025-08-21,3.85844358727708,5.950627673950086,127.58350914701352,127.45314594404772,128.11696712952107,0.6638211854733527,1.25,0.3291350584456558,8
2025-08-17,2025-08-13,2025-08-21,2.7105673641023578,7.95794767670042,111.4609622875608,111.34104273514822,111.7868340490386,0.4457913138903677,1.25,0.1554671780582874,8
2025-08-17,2025-08-13,2025-08-21,2.4298073470068164,5.0440559415667625,139.11245981691783,137.36795760318637,140.40016334550455,3.032205742318183,0.5,0.1644035804811917,8
2025-08-17,2025-08-13,2025-08-21,3.001327494571607,5.542882150930681,110.0730410240541,86.83699896698818,144.5717206588015,57.73472169181332,1.25,0.1027667719955373,8
2025-08-17,2025-08-13,2025-08-21,3.979900742578368,5.626635612657251,136.01872444965255,135.31525231571868,136.73866048641503,1.423408170696348,1.5,0.025907143792084,8
2025-08-17,2025-08-13,2025-08-21,6.650729544031022,5.566178806943976,102.42847585725424,63.231387082487345,135.31635226868093,72.08496518619359,1.5,0.0376278893026141,8
2025-08-17,2025-08-13,2025-08-21,41.775256385343695,8.545542148549828,113.3027716558886,112.36921115079896,114.56473975162952,2.1955286008305848,2.75,0.5388148037005602,8
2025-08-17,2025-08-13,2025-08-21,2.5024108466682,7.9269985278656,112.58443904574962,112.5844390457496,112.8150782752782,0.2306392295286059,1.0,0.2069952805077753,8
2025-08-23,2025-08-21,2025-08-25,2.2291760110341032,5.547265087169625,145.63242703726365,145.47196633554995,146.14803631044924,0.676069974899292,1.5,0.1367107876498491,8
2025-08-23,2025-08-21,2025-08-25,2.270556263719593,6.124247749253578,128.41051402014418,63.849024653900415,136.73866048641503,72.88963583251461,2.0,0.2249625833956774,8
2025-08-23,2025-08-21,2025-08-25,2.3513022507402552,6.312459056622399,135.6566212981076,134.8561733760871,136.73866048641503,1.8824871103279293,1.75,0.1678829752958296,8
2025-08-30,2025-08-25,2025-09-05,2.558881132224058,5.311922051315331,114.64866120633788,114.35582222323865,115.04881966300309,0.6929974397644401,0.75,0.1837107924710386,8
2025-08-30,2025-08-25,2025-09-05,5.95540589062314,6.533284360530963,118.61790168501868,63.849024653900415,136.73866048641503,72.88963583251461,1.75,0.0481703975779124,8
2025-08-30,2025-08-25,2025-09-05,2.208918967504606,5.4586447333834345,118.91501087688631,118.67986919311808,119.5293868565932,0.849517663475126,0.75,0.0702517127326175,8
2025-08-30,2025-08-25,2025-09-05,2.655543763113718,6.3326298865908575,123.0361540638001,81.72144921217114,221.19814758282155,139.4766983706504,0.5,0.1947157039712957,8
2025-09-08,2025-09-05,2025-09-11,4.6718512972543955,5.235477214271255,98.96033042884066,98.76797527866438,99.3935226360336,0.6255473573692143,0.75,0.2961463610836281,9
2025-09-08,2025-09-05,2025-09-11,4.585385803300268,5.9214640473251,111.71882691233604,61.188974427990615,132.93073710240424,71.74176267441362,1.5,0.1520855806063863,9
2025-09-08,2025-09-05,2025-09-11,5.519952106096246,6.129964818855756,118.01152135584394,63.231387082487345,133.8821251471527,70.65073806466535,1.5,0.2081314153184848,9
2025-09-08,2025-09-05,2025-09-11,3.4092514310844706,5.133143572310451,145.0546088938907,139.50716555304825,146.57858125818893,7.07141570514068,1.25,0.0268757779362772,9
2025-09-08,2025-09-05,2025-09-11,2.1520891730497205,5.247755185316222,137.7292630282786,137.588048373349,138.0387781751342,0.4507298017852008,2.0,0.0786746240124759,9
2025-09-08,2025-09-05,2025-09-11,3.3533957990753067,5.377606055817666,135.25066949413824,134.62250077258795,135.91627414431423,1.2937733717262745,1.5,0.2161303707692565,9
2025-09-08,2025-09-05,2025-09-11,2.3660571648101176,10.293356830721184,901.239966833836,900.0343057983555,902.0938903493808,2.059584551025182,3.0,0.0588028638926273,9
2025-09-08,2025-09-05,2025-09-11,3.67439025316404,5.628524206936236,134.84214263071564,134.40530464006588,135.4821445341222,1.0768398940563202,1.0,0.122533826800052,9
2025-09-08,2025-09-05,2025-09-11,12.487693598979924,6.26486914294004,112.90436095402424,60.26243609050289,133.8821251471527,73.6196890566498,1.25,0.2474605958740539,9
2025-09-13,2025-09-11,2025-09-15,7.335343464815741,8.004413618176477,114.02579770743549,113.68853192823008,114.56473975162952,0.8762078233994544,0.75,0.2965982305400746,9
2025-09-13,2025-09-11,2025-09-15,2.9005564294265462,9.952003790902031,276.45987112593735,276.0944859101437,277.07500439323485,0.9805184830911458,1.0,0.0260884294326633,9
2025-09-13,2025-09-11,2025-09-15,2.204986568641143,5.4207196353890605,128.4290228635471,128.11256739962846,128.98751295451075,0.874945554882288,1.0,0.0341073045318193,9
2025-09-13,2025-09-11,2025-09-15,3.2375803099675173,8.1287300962837,114.23305995280494,114.1189109920524,114.56473975162952,0.4458287595771253,1.0,0.1774574800783286,9
2025-09-13,2025-09-11,2025-09-15,5.992387737881905,6.187836896424977,134.7880996157287,134.69392282888293,135.1421257662587,0.4482029373757541,1.25,0.1949677033326015,9
2025-09-13,2025-09-11,2025-09-15,4.820588806583171,5.3222758440777405,145.7299418399023,145.24925094284117,146.14803631044924,0.8987853676080704,1.0,0.0381642419882846,9
2025-09-13,2025-09-11,2025-09-15,2.107171894799988,5.824673347033374,144.3662310809958,139.50716555304825,146.57858125818893,7.07141570514068,1.75,0.0485450320001733,9
2025-09-13,2025-09-11,2025-09-15,4.812099553142297,13.252565640594156,2228.774683559012,2227.8744658450596,2230.0081081357785,2.1336422907188535,0.75,0.1865287697268688,9
2025-09-13,2025-09-11,2025-09-15,3.4026384277758117,12.383793398360444,1348.8494930901363,1348.1432162118144,1349.8293619062752,1.6861456944607198,0.5,0.1334571213558942,9
2025-09-18,2025-09-15,2025-09-22,3.187470477763985,5.742338365174203,109.18665239340235,109.09569528372958,109.5415121819824,0.445816898252815,1.25,0.0814779467857819,9
2025-09-18,2025-09-15,2025-09-22,3.632276683048264,6.281826876598838,111.47719591007711,81.43908883072436,221.19814758282155,139.7590587520972,0.75,0.084668272996969,9
2025-09-18,2025-09-15,2025-09-22,3.0407770086069053,8.616232473479949,103.394132221199,103.17666153470054,103.84410365205258,0.6674421173520386,0.75,0.2842919570007225,9
2025-09-18,2025-09-15,2025-09-22,10.138536120094862,7.995709567700567,2234.942961570188,2234.199933820404,2236.021181839984,1.821248019579798,1.5,0.4658771071586007,9
2025-09-18,2025-09-15,2025-09-22,5.52076741577263,5.5241325755186255,109.08528640011158,108.88051790138708,109.5415121819824,0.6609942805953324,0.75,0.0987466803897151,9
2025-09-26,2025-09-22,2025-09-30,3.953358780044218,10.495545042836923,114.12791995648082,113.9037214498967,114.56473975162952,0.6610183017328382,0.75,0.0275012672679957,9
2025-09-26,2025-09-22,2025-09-30,4.557637597595681,9.42840958747061,114.96637112264632,114.61463473644108,115.49105067458004,0.8764159381389618,0.75,0.0979829563966246,9
2025-09-26,2025-09-22,2025-09-30,5.376203899900247,9.744748019252668,114.05536270385228,113.68853192823008,114.56473975162952,0.8762078233994544,0.75,0.1361701252265882,9
2025-09-26,2025-09-22,2025-09-30,2.588562094672094,8.812473687844841,106.03560379361063,103.2343099527061,115.49105067458004,12.25674072187394,0.5,0.2127433981741406,9
2025-09-26,2025-09-22,2025-09-30,4.451326462837729,5.870074701603883,1862.7770011497907,1800.0432289778255,1969.577122085728,169.53389310790226,1.75,0.0651128283702176,9
2025-09-26,2025-09-22,2025-09-30,3.571839402744514,9.26150447206457,104.7910561540481,103.2343099527061,115.49105067458004,12.25674072187394,0.75,0.1660272861471426,9
2025-09-26,2025-09-22,2025-09-30,3.041644788708007,5.372068807064662,74.95766526648484,74.47298598801717,75.54683320596814,1.07384721795097,1.0,0.1967469994612254,9
2025-09-26,2025-09-22,2025-09-30,3.323963177417666,7.942281338326708,111.42159474287337,111.12589091667904,112.00198600441216,0.8760950877331197,1.0,0.1908494775583935,9
2025-09-26,2025-09-22,2025-09-30,2.703055444396611,6.000799552127086,75.10557725593515,74.75405555125326,75.9522977587767,1.1982422075234354,1.0,0.1047375249516613,9
2025-09-26,2025-09-22,2025-09-30,2.989804585684936,5.540544051018572,96.85883855899736,63.849024653900415,135.5458915452473,71.69686689134687,1.0,0.1049512728142582,9
2025-10-04,2025-09-30,2025-10-08,4.8611715088129515,8.499318864921158,92.70895925752453,92.5508085549809,93.22677986184137,0.6759713068604469,0.75,0.0180244533076712,10
2025-10-04,2025-09-30,2025-10-08,8.131797230989253,8.684900830032632,91.32272942381933,91.0177552010864,91.87417730968446,0.8564221085980535,1.25,0.0904707263501796,10
2025-10-04,2025-09-30,2025-10-08,6.847430787532567,8.861484964511178,90.60957046986572,90.27466356381774,91.248394430615,0.9737308667972684,1.0,0.2102436816358702,10
2025-10-04,2025-09-30,2025-10-08,4.868204275519353,8.722324364972213,88.21020058116044,88.01665122853592,88.69188013998792,0.6752289114519954,0.75,0.3542114075238,10
2025-10-04,2025-09-30,2025-10-08,7.693327838536273,5.33125466831172,99.97107496961944,99.59820975875482,100.7064963565208,1.1082865977659822,1.0,0.2523704798894661,10
2025-10-04,2025-09-30,2025-10-08,20.430409272353373,5.3531486619551965,102.566135968025,98.33266358450057,115.49105067458004,17.158387090079486,1.5,0.2844458703087351,10
2025-10-04,2025-09-30,2025-10-08,2.329817745231206,5.446230436513937,742.4211492558475,718.6540297595784,763.9862868557684,45.332257096190006,1.0,0.0706563194208479,10
2025-10-04,2025-09-30,2025-10-08,2.807806016467765,5.974479152013705,109.09445514774303,108.88051790138708,109.5415121819824,0.6609942805953324,1.25,0.0304947030829981,10
2025-10-04,2025-09-30,2025-10-08,2.3727685357501698,6.383962594502176,140.8329680407707,139.50716555304825,146.57858125818893,7.07141570514068,1.0,0.074916086050656,10
2025-10-04,2025-09-30,2025-10-08,3.3712080667718007,9.508002305907876,2437.8081886990653,2437.5171894622035,2438.332101004198,0.8149115419946611,0.75,0.0138604099364247,10
2025-10-04,2025-09-30,2025-10-08,11.296247030655914,5.624359329633645,135.74158074414834,135.2515053045936,136.3540892819874,1.102583977393806,1.25,0.2341421457499971,10
2025-10-04,2025-09-30,2025-10-08,4.53376470754525,5.504834124066587,145.07383019516757,144.78650274546817,145.70260556507856,0.9161028196103872,1.0,0.175747263475675,10
2025-10-04,2025-09-30,2025-10-08,2.777794086725356,5.257681953737133,145.60079062120676,145.47196633554995,145.92532074358314,0.4533544080331921,0.75,0.1615495856416715,10
2025-10-04,2025-09-30,2025-10-08,2.509182126148123,6.324372908935254,89.52049207857063,63.231387082487345,135.31635226868093,72.08496518619359,1.75,0.1070541223206407,10
2025-10-12,2025-10-08,2025-10-17,3.5135484511107578,5.591908871715777,1880.3768282195729,1800.9221015991643,1969.970360155683,169.0482585565187,1.75,0.1391482570053148,10
2025-10-24,2025-10-22,2025-10-27,2.5699172193570017,6.334161686897609,865.1152748066678,864.9874463728629,865.4563629510812,0.4689165782183409,1.0,0.3353441874360835,10
2025-10-24,2025-10-22,2025-10-27,3.450907182329632,8.318819524460045,112.4540572981559,112.36921115079896,112.8150782752782,0.445867124479264,1.25,0.2878196731156163,10
2025-10-24,2025-10-22,2025-10-27,2.718194603422869,7.916569495563715,111.4587733437073,111.34104273514822,111.7868340490386,0.4457913138903677,1.0,0.13902956394517,10
2025-10-24,2025-10-22,2025-10-27,2.415769490301558,5.923451688834554,169.8724337779635,72.82151324255392,213.17591739958152,140.3544041570276,0.75,0.2043091523531553,10
2025-10-24,2025-10-22,2025-10-27,3.916513009930874,8.541289710088366,113.8895099065726,113.68853192823008,114.349550221581,0.661018293350935,0.75,0.2782365213635979,10
2025-10-24,2025-10-22,2025-10-27,35.18567333724722,9.427906770931171,113.66457285763416,112.36921115079896,115.42696897406132,3.0577578232623637,1.5,0.4616901592848255,10
2025-11-01,2025-10-27,2025-11-06,2.3596330550304425,19.391176763100585,1593.027740485859,1592.835465760436,1593.5277907559648,0.6923249955289066,1.5,0.1401576704089806,11
2025-11-01,2025-10-27,2025-11-06,2.2136326567580973,5.087389681922395,865.8469499707162,865.7191771729849,866.1880762805231,0.4688991075381636,0.75,0.1470004064346264,11
2025-11-08,2025-11-06,2025-11-10,2.608153744024402,5.073160963958554,2233.268909626983,2232.6802426977083,2234.115012914408,1.4347702166996896,0.75,0.0416522322205569,11
2025-11-08,2025-11-06,2025-11-10,2.0879440788322614,5.187286997503276,74.77721076862733,74.47298598801717,75.26576410932466,0.7927781213074923,1.0,0.1029552869287971,11
2025-11-13,2025-11-10,2025-11-17,2.333765135644588,5.579963288204763,142.68271147211493,142.52129155304283,142.974817823153,0.4535262701101601,1.25,0.2073318799492445,11
2025-11-13,2025-11-10,2025-11-17,3.595417074581149,8.397905066883231,112.4726364760135,112.36921115079896,112.8150782752782,0.445867124479264,1.0,0.1591956578343295,11
2025-11-13,2025-11-10,2025-11-17,2.0424135885310197,5.0214224775201926,2375.2065192533405,2274.439170308411,2449.8134269327857,175.37425662437454,0.75,0.1328578959912137,11
2025-11-13,2025-11-10,2025-11-17,2.1175368217750035,6.577144145105768,929.5804755470576,929.4952594265342,929.9597745467908,0.4645151202566921,1.0,0.1624766947424549,11
2025-11-13,2025-11-10,2025-11-17,13.966457488334202,11.268246094210644,900.8095780661388,898.5849877097644,902.0938903493808,3.508902639616281,4.5,0.0968393912408829,11
2025-11-13,2025-11-10,2025-11-17,6.4134046598364565,9.633689714329998,114.85969347411653,114.55076146870852,115.42696897406132,0.8762075053527951,1.0,0.1741238190059416,11
2025-11-13,2025-11-10,2025-11-17,28.9037543723708,8.730156261719976,113.580596979392,112.5844390457496,114.56473975162952,1.980300705879927,2.0,0.7006002907682318,11
2025-11-13,2025-11-10,2025-11-17,2.439002356490048,7.466199955224448,111.4624661962302,111.34104273514822,111.7868340490386,0.4457913138903677,0.75,0.0792377493104503,11
