mid_date,start_date,end_date,volume,elevation,alongshore_centroid_m,alongshore_start_m,alongshore_end_m,width,height,vol_unc,month
2017-12-02,2017-10-04,2018-01-31,11.039333824363853,3.924754307903185,1744.5120946092268,1742.4461019453593,1746.5820454396307,4.135943494271487,2.25,0.1650075639743595,12
2017-12-02,2017-10-04,2018-01-31,50.66088854597533,4.643223758942117,651.7930582346377,648.6083724405617,654.6583146522753,6.049942211713642,2.75,0.3830718445752079,12
2017-12-02,2017-10-04,2018-01-31,11.129408327262611,3.914099887192593,2485.763569129825,2456.707564822398,2537.6100179152563,80.9024530928582,2.0,0.2130367473789005,12
2017-12-02,2017-10-04,2018-01-31,18.9996196888563,4.338799891663863,337.60516427626624,336.87236260063946,338.59193428047,1.7195716798305511,2.75,0.2039591629107789,12
2017-12-02,2017-10-04,2018-01-31,20.351984695725005,3.4861979810831376,271.85535195052773,271.3621741877869,272.53989927330986,1.1777250855229795,2.25,0.222193236682012,12
2017-12-02,2017-10-04,2018-01-31,19.3857358760849,18.382764076630345,267.2232253935944,260.4283900097944,273.5910450434312,13.162655033636838,4.0,0.3324188806077216,12
2017-12-02,2017-10-04,2018-01-31,18.790720074336736,5.185154628730229,2506.558146154756,2458.099645487964,2515.2405415275134,57.14089603954926,5.5,0.1162935021860674,12
2017-12-02,2017-10-04,2018-01-31,24.363654043137977,16.264709703432487,117.61275661384192,115.41606558253989,122.54452308034524,7.128457497805357,4.5,0.2783341811468426,12
2017-12-02,2017-10-04,2018-01-31,12.308667902501236,4.369812740231137,260.32695208557175,257.4178000036627,264.0949705322273,6.677170528564602,3.0,0.170057561624827,12
2017-12-02,2017-10-04,2018-01-31,13.475303678571676,17.83332039066101,270.2413289304924,263.3307555448264,273.0530554521829,9.7222999073565,5.5,0.114550788859216,12
2018-02-15,2018-01-31,2018-03-02,12.161282539028225,5.909583428342211,1860.752350305719,1859.6595970066264,1862.287085806951,2.6274888003245,1.75,0.067764654318253,2
2018-02-15,2018-01-31,2018-03-02,23.493416246179944,19.217715211070477,117.10888714564295,115.41606558253989,122.54452308034524,7.128457497805357,6.75,0.0989432963535677,2
2018-02-15,2018-01-31,2018-03-02,21.574173722437592,4.905477695217885,2504.791733410507,2458.099645487964,2515.2405415275134,57.14089603954926,4.75,0.1403259639883808,2
2018-03-15,2018-03-02,2018-03-28,12.261565522587263,5.102200164359431,457.9766479105029,457.7408841601573,458.47771599749103,0.7368318373337388,2.75,0.153577418692854,3
2018-03-15,2018-03-02,2018-03-28,16.400298173099454,4.266090194265996,337.76842261043527,337.1200075317174,338.59193428047,1.471926748752594,2.5,0.1265059592971862,3
2018-03-15,2018-03-02,2018-03-28,16.770052857464666,7.0061851312137,2516.3978121532696,2464.97338698525,2519.6089819325134,54.6355949472636,6.25,0.1714673221292414,3
2018-03-15,2018-03-02,2018-03-28,11.808611011704391,21.58339356858198,117.14637340469706,115.41606558253989,118.83491669921204,3.4188511166721582,4.75,0.0944839014665097,3
2018-04-25,2018-03-28,2018-05-23,20.48356032610176,5.178808860063021,336.65695513203593,335.92395223723724,337.61430863151327,1.690356394276023,3.75,0.1634069881441885,4
2018-04-25,2018-03-28,2018-05-23,42.50124594605159,3.1470412803062766,272.4073555605849,271.1056393934414,273.8477713945322,2.742132001090795,2.5,0.1861708933712214,4
2018-04-25,2018-03-28,2018-05-23,12.46481079193845,6.0145140241425885,653.553555980566,650.970755059272,655.6003488129936,4.629593753721565,1.5,0.0530270409399923,4
2018-04-25,2018-03-28,2018-05-23,70.75818906931568,4.646282860402424,651.4992162254857,648.2138564670458,654.6583146522753,6.4444581852294505,3.25,0.0900852472773762,4
2018-04-25,2018-03-28,2018-05-23,13.094205093706876,6.412064081932104,430.4172767182122,429.9617487969808,431.1798851513304,1.2181363543495536,2.75,0.4020294993532797,4
2018-04-25,2018-03-28,2018-05-23,37.8283396685423,7.986306528425259,2515.3128984459577,2476.023014538456,2523.592443442438,47.56942890398204,6.0,0.1331092222209032,4
2018-04-25,2018-03-28,2018-05-23,10.226926222465853,3.2827413083204,1590.7756256827631,1586.1116152838804,1595.835338760633,9.72372347675264,1.0,0.0632202753807646,4
2018-04-25,2018-03-28,2018-05-23,25.135201083532607,3.91018477720697,1603.4113300145164,1599.5040411842056,1610.0660053724423,10.561964188236743,2.5,0.189889388470815,4
2018-04-25,2018-03-28,2018-05-23,13.892548362962192,3.380923715786901,1638.5992135292795,1634.6027118545026,1642.3994062119164,7.796694357413799,1.0,0.0532203519049773,4
2018-04-25,2018-03-28,2018-05-23,11.97530726873836,4.421213076923545,1579.1821239514345,1577.0791548928246,1582.6772783524357,5.598123459611088,1.75,0.4845885970553187,4
2018-04-25,2018-03-28,2018-05-23,15.890127579261026,4.187781888033529,90.52636844474196,56.347952897660434,106.93042042572053,50.58246752806008,1.75,0.1504404847182278,4
2018-04-25,2018-03-28,2018-05-23,13.667169405612212,4.474368573001784,108.1189688057367,107.53919737134127,109.10333590349182,1.5641385321505368,1.25,0.3738561362157633,4
2018-04-25,2018-03-28,2018-05-23,13.831119331609226,4.904483683962925,1575.8237834397255,1570.7365736179054,1580.5455222446471,9.808948626741769,1.25,0.2949562410477291,4
2018-06-02,2018-05-23,2018-06-13,11.885506800802167,4.582076697966206,1684.5587591571689,1680.1281797196716,1687.7432667869143,7.615087067242712,1.25,0.0488434785082862,6
2018-06-02,2018-05-23,2018-06-13,20.84295434297329,6.177778627855548,1861.152531796361,1859.6595970066264,1862.562227757182,2.902630750555545,2.0,0.0727844764192857,6
2018-06-02,2018-05-23,2018-06-13,10.326677662060584,5.154668860016963,457.1698914168825,456.75689592724666,457.7388116363436,0.9819157090969384,1.5,0.215442249558187,6
2018-07-11,2018-06-13,2018-08-09,21.761733635047044,19.533955962466703,402.4244917338312,400.743611717131,403.8856528191827,3.142041102051735,1.75,0.3279950936040893,7
2018-07-11,2018-06-13,2018-08-09,11.450214225574255,20.178234021451573,405.6004316275214,404.6148058050312,406.8038067142479,2.189000909216702,1.5,0.0964302427823733,7
2018-08-25,2018-08-09,2018-09-11,12.459063087424138,5.277702125871496,652.6666011086608,650.970755059272,654.6583146522753,3.687559593003243,2.25,0.1554197370610799,8
2018-08-25,2018-08-09,2018-09-11,40.42682347841107,4.347313421175056,337.92922679786017,336.4189290916547,339.8055757828988,3.386646691244096,4.25,0.1836550096936853,8
2018-08-25,2018-08-09,2018-09-11,18.92188354231704,4.741269892247941,457.07381760206414,456.75689592724666,457.7388116363436,0.9819157090969384,3.25,0.4603406575719859,8
2018-08-25,2018-08-09,2018-09-11,16.11660477303843,3.228396005976549,272.3356909532167,271.8752439208329,273.0530554521829,1.1778115313500166,2.0,0.1809522360846432,8
2018-08-25,2018-08-09,2018-09-11,10.279632938017452,3.5128923521691484,232.3230243790018,231.62514033634216,233.438571783714,1.8134314473718405,2.25,0.3083099030212261,8
2018-08-25,2018-08-09,2018-09-11,20.496293887248644,21.376593617908025,2245.5896003070907,2245.323958946392,2246.1504285098054,0.8264695634134114,8.5,0.4772330845150685,8
2018-08-25,2018-08-09,2018-09-11,11.237414730952738,5.004199510272743,653.8051603331755,652.4554783557542,654.8569789617322,2.401500605978072,1.0,0.4375038017596688,8
2018-08-25,2018-08-09,2018-09-11,17.991726002877325,4.004350016166833,650.2632693156128,649.1849632062949,651.5933604049496,2.4083971986547112,1.5,0.8046265489674043,8
2018-09-25,2018-09-11,2018-10-09,47.52835258725443,3.5257108359228893,100.69160254758766,58.54463917063549,110.3386682253331,51.7940290546976,1.25,0.5174771084820706,9
2018-09-25,2018-09-11,2018-10-09,19.255348449959687,3.4780992805309827,271.58494858478247,270.64395541278645,272.2833210634999,1.6393656507134438,2.0,0.1863281296690075,9
2018-09-25,2018-09-11,2018-10-09,69.31798605236045,4.65541709996464,1857.9008662863412,1849.2120975242,1862.0679428302683,12.85584530606866,3.25,0.2370704073820806,9
2018-09-25,2018-09-11,2018-10-09,21.756721397454115,4.007787580214966,1868.8385186964083,1866.47925014887,1870.8262609229423,4.34701077407226,2.0,0.1319794290674697,9
2018-09-25,2018-09-11,2018-10-09,81.41559992235779,4.115421078852307,1877.8149071620887,1867.890893822536,1886.48678064812,18.595886825583875,3.0,0.23317781296146,9
2018-09-25,2018-09-11,2018-10-09,10.16885473604476,3.751811880595527,2547.3383507634617,2522.8038344583474,2598.352631886956,75.54879742860794,1.5,0.3397467242641538,9
2018-10-24,2018-10-09,2018-11-09,10.20786710315157,10.5424364979955,115.0263325543014,114.57083135424182,115.7902509481646,1.219419593922794,1.25,0.9672330213178147,10
2018-11-21,2018-11-09,2018-12-03,19.334020656519627,6.067064156965958,1861.1433431284504,1859.907529095188,1862.287085806951,2.3795567117631435,1.75,0.0667412437595629,11
2018-11-21,2018-11-09,2018-12-03,11.119447119374597,4.322454501936691,339.0907992487006,338.34527814853936,340.0295829633251,1.684304814785719,1.5,0.0248261522617063,11
2018-12-29,2018-12-03,2019-01-24,84.1346261255019,4.13731825428541,651.1455965474262,646.3304464430548,699.2702740100212,52.939827566966414,3.25,0.3236811294283637,12
2018-12-29,2018-12-03,2019-01-24,53.13994188841152,3.687598258158352,1334.0209975017092,1298.7703720317222,1354.8625510646962,56.092179032973945,2.0,0.1649328638687913,12
2018-12-29,2018-12-03,2019-01-24,11.5258907934119,3.4119404227562664,1363.1385492064612,1345.7164550148882,1370.2076133452356,24.49115833034739,2.0,0.0806793557717734,12
2018-12-29,2018-12-03,2019-01-24,10.682066599989891,3.566809982791674,1487.7243258988594,1487.0243942555971,1488.4964177259244,1.472023470327258,0.75,0.0235994555320426,12
2018-12-29,2018-12-03,2019-01-24,36.85646425254867,3.569576116309723,1491.6195667510694,1488.224506438244,1495.7784956488758,7.553989210631698,1.0,0.0434675702220708,12
2018-12-29,2018-12-03,2019-01-24,14.049629470661234,3.737580536228773,1520.4596398221538,1519.0583972726015,1522.1955493674614,3.13715209485963,1.0,0.0266441868473359,12
2018-12-29,2018-12-03,2019-01-24,13.284492283167085,3.663326740421865,1526.7066885581685,1525.595683073625,1528.0862475275062,2.490564453881234,1.25,0.0340473664643974,12
2018-12-29,2018-12-03,2019-01-24,17.930516433817743,3.825680421339268,1586.6640141804637,1585.0570211135782,1588.738717273809,3.6816961602307856,0.75,0.0290697993212305,12
2018-12-29,2018-12-03,2019-01-24,31.59585565093103,3.765135914523689,1592.3400013275125,1588.761205881834,1595.3005431154745,6.5393372336402535,1.0,0.0350146453554908,12
2018-12-29,2018-12-03,2019-01-24,13.822035356254418,3.454067122711964,1374.570459932574,1355.555271638557,1381.778423402924,26.223151764366776,1.5,0.0703743137531924,12
2018-12-29,2018-12-03,2019-01-24,46.00155748199912,3.7072763128185695,1403.0336617733344,1365.7266802112572,1438.2326619829985,72.50598177174106,2.25,0.1442073703002949,12
2018-12-29,2018-12-03,2019-01-24,12.694871097680377,4.953809613495583,1560.5906605604537,1550.8187649818135,1567.4742241189815,16.65545913716778,1.0,0.0865141235334636,12
2018-12-29,2018-12-03,2019-01-24,10.38562311282114,4.270223560656191,918.3062907045,909.056812454015,926.9734396436252,17.916627189610153,1.75,0.0777513277507135,12
2018-12-29,2018-12-03,2019-01-24,20.8743524352874,8.938019794074439,2456.1629175772937,2414.226218972821,2481.6296323770657,67.40341340424493,1.75,0.0516765582993154,12
2018-12-29,2018-12-03,2019-01-24,11.05107588952441,9.844346968648535,1745.507214271009,1745.2291851476766,1745.9746443899348,0.7454592422582209,1.5,0.1196409519669582,12
2018-12-29,2018-12-03,2019-01-24,33.73865674810568,3.7522818336886634,1590.7940573467033,1586.1116152838804,1595.0331453350373,8.921530051156878,0.75,0.0324870847326984,12
2018-12-29,2018-12-03,2019-01-24,18.201962123647757,3.65890792031806,1525.6324974627844,1524.0811313102022,1527.509576105513,3.4284447953104973,1.0,0.0337464894056534,12
2018-12-29,2018-12-03,2019-01-24,32.40165656833526,3.533636933238262,1492.165285752921,1489.1644425438717,1495.7784956488758,6.614053105004132,0.75,0.0333788402145605,12
2018-12-29,2018-12-03,2019-01-24,26.583140778386003,6.2357129294547295,447.1847307040173,436.53206395125017,454.4751337086782,17.94306975742802,5.0,0.1069766377399544,12
2018-12-29,2018-12-03,2019-01-24,23.11667965168027,4.427390401205783,260.28931097571564,258.4193333094008,262.1982901203446,3.7789568109437823,3.5,0.0665847278524819,12
2018-12-29,2018-12-03,2019-01-24,11.351099775440236,9.472083634946264,2435.7248966803863,2414.226218972821,2480.4340648865327,66.20784591371194,1.75,0.0407534394330343,12
2018-12-29,2018-12-03,2019-01-24,20.30765275748488,3.691941949777856,284.407156674119,277.2542174383998,288.7179064806551,11.463689042255282,1.0,0.4092519307371428,12
2018-12-29,2018-12-03,2019-01-24,20.324488148441738,3.6817066674357593,259.0543130574092,255.66795233124867,262.1982901203446,6.530337789095938,3.75,0.1394775642654874,12
2018-12-29,2018-12-03,2019-01-24,24.836083412245493,5.575226279873227,652.5747185556722,649.0028018159792,655.6003488129936,6.597546997014433,2.75,0.0536305960342432,12
2019-02-06,2019-01-24,2019-02-20,20.63081342022403,5.116403638937158,336.3341611396195,335.6918867249042,337.1190187325701,1.4271320076659322,4.25,0.1931742671733161,2
2019-02-06,2019-01-24,2019-02-20,22.786000971703903,3.318533733764345,516.1897215718743,515.3122016997077,517.0377578777261,1.7255561780184507,1.5,0.369435760041592,2
2019-03-05,2019-02-20,2019-03-19,28.86296860645308,3.343796687247217,272.0542086055651,270.64395541278645,273.0530554521829,2.409100039396435,2.25,0.2315240311320662,3
2019-04-03,2019-03-19,2019-04-18,10.541914735905909,4.089400058856812,1744.9949568483787,1742.9690277525224,1747.080966572743,4.11193882022053,1.5,0.4334377990050242,4
2019-04-03,2019-03-19,2019-04-18,42.18714218815677,3.627840854485595,1334.5652360354277,1308.640958404634,1349.349155229982,40.70819682534784,2.0,0.2138296035082421,4
2019-04-03,2019-03-19,2019-04-18,14.10659717089194,6.3424867462474666,1861.5747287345864,1860.907665203791,1862.562227757182,1.6545625533908606,1.25,0.313440378604754,4
2019-06-04,2019-05-21,2019-06-18,18.184752617002783,14.207532028390258,1566.0185097727476,1562.746432266198,1569.478635853622,6.73220358742401,5.75,0.1148298520463528,6
2019-06-04,2019-05-21,2019-06-18,28.87575711025335,3.466286060608079,104.95408103569868,64.72817215882242,110.3386682253331,45.61049606651068,1.25,0.8984934578477344,6
2019-08-01,2019-07-18,2019-08-15,32.87836776456504,3.464483986747336,202.3797141407188,191.8609252111055,211.5155171137303,19.654591902624816,2.0,0.2146630073429875,8
2019-08-01,2019-07-18,2019-08-15,38.58946961885307,3.5174164417299405,102.4491703531764,58.54463917063549,110.3386682253331,51.7940290546976,1.5,0.7111393594979409,8
2019-08-01,2019-07-18,2019-08-15,10.54527517904733,5.096320723335492,2444.8790877531083,2444.3447627876885,2445.822180563584,1.4774177758954463,1.25,0.1844737704847099,8
2019-08-01,2019-07-18,2019-08-15,24.55505285012076,3.676921865695834,652.5036547831487,648.6083724405617,657.6838235752657,9.075451134704052,1.5,0.4182770737023,8
2019-08-01,2019-07-18,2019-08-15,10.292834590838712,4.235038248730094,1744.2447672259011,1742.6953835794702,1746.5820454396307,3.8866618601605296,1.75,0.3310494913864975,8
2019-08-01,2019-07-18,2019-08-15,23.0627781338256,6.076391617781883,1860.760974832369,1850.065465433523,1862.31508528674,12.249619853217157,1.75,0.3392085777055598,8
2019-08-01,2019-07-18,2019-08-15,10.776729523582896,3.805052480687807,1322.3757210976669,1308.640958404634,1331.0868581621908,22.445899757556617,1.0,0.0935265610267771,8
2019-08-01,2019-07-18,2019-08-15,37.76956860366703,4.313519850796478,338.1393549548837,335.4443650925532,340.2773338649422,4.832968772388995,2.25,0.2545092433240897,8
2019-08-01,2019-07-18,2019-08-15,89.81577233253533,4.068021988896807,1878.3621226164123,1867.890893822536,1886.2482048128727,18.35731099033728,2.5,0.2794848950344275,8
2019-08-01,2019-07-18,2019-08-15,11.685390981124854,4.215041080011644,1744.7328203954644,1742.9690277525224,1747.080966572743,4.11193882022053,1.5,0.3316535316418356,8
2019-08-01,2019-07-18,2019-08-15,22.98047255911425,18.98491904862307,1564.7978023378312,1562.4782167393714,1567.7428683117032,5.264651572331786,6.0,0.1329200240987704,8
2019-08-01,2019-07-18,2019-08-15,13.123176706323122,7.25998149305113,1330.1513361347172,1329.2998279440217,1331.3442044262774,2.044376482255757,0.75,0.0342517479232799,8
2019-08-01,2019-07-18,2019-08-15,34.7239894143373,4.257575705524992,1343.4275437976598,1325.0361484885216,1349.6070484509692,24.570899962447584,2.0,0.125840715235613,8
2019-08-01,2019-07-18,2019-08-15,10.424688880980517,3.7244938014085247,1353.2280345073102,1336.2439228622245,1359.8292701900937,23.585347327869385,1.0,0.1222145845157147,8
2019-08-01,2019-07-18,2019-08-15,15.942796001448142,4.212260209350426,1364.8458723314568,1363.2070966018364,1366.3581583471969,3.1510617453604937,1.75,0.1354757938984097,8
2019-08-01,2019-07-18,2019-08-15,11.932989647799644,3.589488353184685,1498.6717300871792,1496.7909720498135,1500.8647903697563,4.073818319942802,1.25,0.1652896336900514,8
2019-08-01,2019-07-18,2019-08-15,18.02416190086653,5.182044812147569,1518.5526677943444,1516.86885031173,1520.3579364800826,3.4890861683525145,1.0,0.0662764741399357,8
2019-08-01,2019-07-18,2019-08-15,12.38897636417637,4.357072587898417,682.2731510043518,681.5068801953457,683.0799004295841,1.5730202342383564,1.25,0.3031782806933103,8
2019-08-01,2019-07-18,2019-08-15,15.585999643630045,5.559456753941689,664.3472005742427,660.149467503652,668.9627943485975,8.81332684494555,0.75,0.2505672947892412,8
2019-08-29,2019-08-15,2019-09-12,11.021688907981993,20.823089569217075,1564.5613288347931,1562.4782167393714,1566.4177385438234,3.9395218044519424,2.0,0.1291618487029894,8
2019-08-29,2019-08-15,2019-09-12,72.59587480469919,21.69294828282929,1564.479917628581,1561.412181895692,1568.4744604984298,7.062278602737933,11.0,0.2940879791239653,8
2019-09-18,2019-09-12,2019-09-25,45.347475182993655,22.6749982179666,1565.2125322318716,1560.3574036955831,1568.743034094572,8.385630398988724,11.0,0.2155281377724616,9
2019-10-05,2019-09-25,2019-10-16,14.94912271977933,5.968893588692685,1860.6863968559876,1859.907529095188,1862.039300552569,2.1317714573815465,2.0,0.426324278934298,10
2019-10-05,2019-09-25,2019-10-16,19.86006566902492,24.71098555227041,1563.699305669542,1560.3574036955831,1568.4744604984298,8.117056802846491,4.75,0.1848586796490239,10
2019-10-05,2019-09-25,2019-10-16,10.91224227913753,7.073097581651578,1563.073807743715,1558.5378887206316,1568.4744604984298,9.936571777798235,6.25,0.102538531133326,10
2019-10-05,2019-09-25,2019-10-16,38.03708555462764,22.78362045873554,1563.0508296014011,1560.3574036955831,1566.9369357381947,6.57953204261139,12.75,0.2804285774544646,10
2019-11-27,2019-11-13,2019-12-12,21.23934597800199,25.049556804857787,1564.0119286270092,1559.5732042263262,1567.4742241189815,7.901019892655313,4.75,0.1704003352838157,11
2019-11-27,2019-11-13,2019-12-12,53.3984510807621,24.070831960460445,1563.4695650675103,1558.5378887206316,1569.2097615855746,10.671872864942998,7.75,0.2470704594990652,11
2019-11-27,2019-11-13,2019-12-12,38.87494819266895,9.683182825305888,1565.0668229793207,1558.1172928181477,1569.747510262299,11.63021744415164,10.25,0.176800697960151,11
2019-12-28,2019-12-12,2020-01-13,13.466592338968184,4.5320884074794,108.18421786475072,107.53919737134127,109.10333590349182,1.5641385321505368,0.75,0.1599079916818971,12
2019-12-28,2019-12-12,2020-01-13,10.33939093574062,3.176361397210379,272.5548028251861,272.2932431413792,273.0530554521829,0.7598123108036816,2.5,0.0288585631242608,12
2019-12-28,2019-12-12,2020-01-13,17.478340308023213,25.226623759783,1562.044422407969,1558.8056663731113,1568.2058869614266,9.400220588315278,4.25,0.1128945812243865,12
2019-12-28,2019-12-12,2020-01-13,15.585270898088252,23.695418722308077,1946.90069367218,1943.561785589438,1950.5345534421504,6.972767852712423,6.5,0.1149258771869783,12
2019-12-28,2019-12-12,2020-01-13,71.82206420098183,8.97551708416124,1564.0958834867972,1558.5378887206316,1568.743034094572,10.205145373940468,9.5,0.1284123336307654,12
2019-12-28,2019-12-12,2020-01-13,14.39812782288893,24.32756869788963,1565.411361410326,1560.1095854952,1569.747510262299,9.63792476709932,4.75,0.1053831776057281,12
2019-12-28,2019-12-12,2020-01-13,11.236786991096974,5.528976484962763,1997.0151034991104,1996.6212998260744,1997.851038437337,1.2297386112622917,1.75,0.0278072135352383,12
2019-12-28,2019-12-12,2020-01-13,13.404914123257935,5.777403616612955,1996.806189135034,1996.375164501369,1997.604903377127,1.2297388757579029,1.75,0.0290415589029501,12
2020-01-25,2020-01-13,2020-02-07,20.692315276799945,3.690025988675412,285.1957871107904,281.84480643225834,289.9905882431194,8.14578181086108,1.25,0.3577889535800516,1
2020-01-25,2020-01-13,2020-02-07,11.360537455688233,4.035650953576127,123.0059475917882,122.12788963411003,124.11536055989563,1.9874709257856007,0.75,0.1612696624312803,1
2020-01-25,2020-01-13,2020-02-07,26.410108418635,4.690887842153425,120.03870565460863,117.8044444937259,122.3394138016738,4.534969307947904,1.25,0.1134621682398592,1
2020-01-25,2020-01-13,2020-02-07,16.022713883138366,4.120342128154873,446.066731870304,436.8064714833163,449.86756510380656,13.061093620490285,1.5,0.5450445495273049,1
2020-01-25,2020-01-13,2020-02-07,14.41438209199896,4.245372111655229,445.9460330536915,445.4899788177572,446.9367123893462,1.446733571588993,1.5,0.3791050793156597,1
2020-01-25,2020-01-13,2020-02-07,21.393583942132302,3.910697832579788,513.9108315270894,485.0704841217957,517.8895563664846,32.81907224468887,2.25,0.5557643160642822,1
2020-01-25,2020-01-13,2020-02-07,16.264631134134298,4.068977344124272,1744.8357215715353,1742.4461019453593,1747.080966572743,4.634864627383649,2.0,0.5494312290586967,1
2020-01-25,2020-01-13,2020-02-07,18.780719401467607,3.434835825505667,1337.394081271403,1318.5048493063075,1346.5246938876808,28.01984458137304,2.0,0.1496147405479186,1
2020-01-25,2020-01-13,2020-02-07,62.268531664394665,4.494528873995336,651.5680724251067,648.2138564670458,654.6583146522753,6.4444581852294505,3.0,0.883860293770794,1
2020-01-25,2020-01-13,2020-02-07,56.68079290124268,8.161250553682072,1984.6274866226152,1974.058859453071,2001.5365079077887,27.47764845471829,5.25,0.1915520502182885,1
2020-01-25,2020-01-13,2020-02-07,36.198058749854816,3.86930437169074,1876.7940335745343,1868.159607002512,1882.462014183402,14.30240718089044,2.25,0.300452028228021,1
2020-01-25,2020-01-13,2020-02-07,29.310156235307375,4.099530173801959,664.1766335663191,657.437167443335,668.9627943485975,11.52562690526247,2.5,0.4741910950950101,1
2020-01-25,2020-01-13,2020-02-07,43.030991047191975,3.230936409985601,202.8795704667465,194.5279399100691,213.09882757533344,18.57088766526431,2.5,0.2707013916943673,1
2020-01-25,2020-01-13,2020-02-07,11.63204480955122,4.618207791511061,107.44127066373164,106.92967484658584,108.1814376981929,1.2517628516070545,1.0,0.8557213623686133,1
2020-01-25,2020-01-13,2020-02-07,13.134417319567463,22.329281492521524,118.10234702979342,116.96942552225664,119.78643723530696,2.817011713050306,5.0,0.1281059911588655,1
2020-01-25,2020-01-13,2020-02-07,11.334746227237105,3.420154720780366,653.355785035808,648.6083724405617,657.3845404656604,8.776168025098741,1.0,0.4589177242089631,1
2020-01-25,2020-01-13,2020-02-07,13.285399114436128,20.70828320022456,117.68861318991168,115.8806036375463,119.554201180581,3.673597543034703,7.25,0.1393310897227251,1
2020-01-25,2020-01-13,2020-02-07,10.150575666747708,5.981908327975247,123.88960699556556,122.4039421849884,125.21535746008158,2.811415275093168,1.0,0.1912982374604596,1
2020-01-25,2020-01-13,2020-02-07,13.82348156281996,5.240370711358589,119.11658308993007,112.02858957042918,123.3407097547315,11.31212018430233,0.75,0.3374340642747242,1
2020-01-25,2020-01-13,2020-02-07,12.315630080145144,3.6094441783794378,120.1708843526518,103.15269545745105,123.49636641144753,20.34367095399648,1.25,0.3099631555839793,1
2020-01-25,2020-01-13,2020-02-07,10.949131060276486,3.743490450552615,121.0865849980754,119.99572630925104,122.35337599460036,2.3576496853493154,2.5,0.3285206259744178,1
2020-01-25,2020-01-13,2020-02-07,11.877626754027316,3.868163873137969,112.14143254170058,111.3180121597834,113.30930312629788,1.991290966514498,1.5,0.8491228187391076,1
2020-01-25,2020-01-13,2020-02-07,12.05256706062283,5.103462229571465,2444.9597994524306,2444.3447627876885,2445.822180563584,1.4774177758954463,1.5,0.2836318461813686,1
2020-01-25,2020-01-13,2020-02-07,10.833574512387962,5.344421152402262,2468.5465248560035,2445.5755244316533,2515.840818264056,70.26529383240268,1.25,0.3010218425739391,1
2020-01-25,2020-01-13,2020-02-07,13.911213695761845,3.6986100548268217,2479.174333666896,2447.3961976785213,2512.231137326453,64.8349396479316,1.75,0.3412630437855252,1
2020-01-25,2020-01-13,2020-02-07,117.48964983532314,8.414526659683052,1989.1220788484543,1973.78584267525,2005.221029025968,31.43518635071814,6.0,0.3569822924125032,1
2020-01-25,2020-01-13,2020-02-07,10.085816099309318,5.070433168077722,1295.8372784601409,1279.986692615319,1298.6101762754845,18.62348366016522,1.0,0.0346803803928409,1
2020-01-25,2020-01-13,2020-02-07,13.55050598833165,6.29412637432848,1159.76623507941,1158.2002630210482,1161.6668174308725,3.466554409824312,1.0,0.2411228256262854,1
2020-01-25,2020-01-13,2020-02-07,12.706831083533494,5.476814715403069,666.0214126000287,663.7265265164897,668.9627943485975,5.236267832107842,0.75,0.6770110703694865,1
2020-01-25,2020-01-13,2020-02-07,10.96199719909428,4.483890232109229,664.3904826640877,660.149467503652,667.2311552916653,7.081687788013369,1.5,0.6171190809066707,1
2020-01-25,2020-01-13,2020-02-07,18.297515475877027,3.2619502503191966,875.7513025238254,874.1971337883733,877.8209151425399,3.6237813541665673,1.0,0.1551929757093217,1
2020-02-20,2020-02-07,2020-03-05,13.02817278062772,12.027078401313464,1997.841684028812,1995.6771020344456,2001.2904504602773,5.613348425831646,1.5,0.0582229912175072,2
2020-02-20,2020-02-07,2020-03-05,80.62012359898793,11.349534667644027,1990.0776474758795,1973.2944701476956,2005.221029025968,31.92655887827277,4.75,0.2261067077312306,2
2020-02-20,2020-02-07,2020-03-05,21.1820830920454,21.98235276445308,411.10895654316727,406.7997006238438,415.6659000315704,8.866199407726526,2.5,0.2214252560847746,2
2020-02-20,2020-02-07,2020-03-05,15.115150045383505,3.5395540349641994,102.74218306027544,58.54463917063549,109.02617518231273,50.48153601167724,0.75,0.4558226317026398,2
2020-02-20,2020-02-07,2020-03-05,11.525629954552384,4.65467090353442,337.0637753911496,335.6918867249042,338.3442587237805,2.652371998876333,1.5,0.3104789847325651,2
2020-03-23,2020-03-05,2020-04-11,20.50539802674224,22.085856169307355,2245.475688688875,2245.323958946392,2245.858644403983,0.5346854575909674,5.75,0.5317931242265339,3
2020-03-23,2020-03-05,2020-04-11,10.546723297197897,5.805034386186473,337.56663268741795,336.87236260063946,338.59193428047,1.7195716798305511,1.5,0.1096952305408074,3
2020-03-23,2020-03-05,2020-04-11,27.37092531527369,3.085200096063773,272.9849577547741,272.03666493156925,273.8477713945322,1.8111064629629252,2.0,0.338109349700616,3
2020-03-23,2020-03-05,2020-04-11,10.407476661118096,4.049255793588111,457.1722651056317,456.75689592724666,457.7388116363436,0.9819157090969384,1.75,0.3805326584636381,3
2020-03-23,2020-03-05,2020-04-11,13.00057504266633,6.355776044525913,1861.5555725152797,1860.907665203791,1862.562227757182,1.6545625533908606,1.0,0.2889405082005364,3
2020-03-23,2020-03-05,2020-04-11,15.180046876959311,9.314095220858842,759.6493194515479,756.9945065225475,763.6043398273177,6.609833304770291,1.0,0.7616886166075887,3
2020-05-01,2020-04-11,2020-05-21,15.175770476271964,15.006652176225955,2508.79766106998,2490.872494093608,2575.4818397634663,84.60934566985816,7.25,0.1247743164642323,5
2020-05-01,2020-04-11,2020-05-21,11.591094958528094,3.5233556397017782,272.2161492437792,271.8752439208329,272.7964774048887,0.9212334840558468,1.75,0.3502136777691789,5
2020-07-07,2020-06-23,2020-07-22,24.666580085102098,6.086389376036459,1861.0850460718773,1859.6595970066264,1862.562227757182,2.902630750555545,2.0,0.1472967878920839,7
2020-08-05,2020-07-22,2020-08-19,12.303843000240509,6.128266007719128,439.55602711128176,436.53206395125017,447.4239378226921,10.89187387144193,2.75,0.6119195066228533,8
2020-09-01,2020-08-19,2020-09-14,13.035101104717524,7.7287354106796995,191.76293798986,189.74641409842295,197.6433016736992,7.896887575276196,2.75,0.376625347490041,9
2020-10-02,2020-09-14,2020-10-21,10.520932315402897,4.157848250760475,204.25138435825693,202.77445318503305,206.10312844999132,3.328675264958292,1.0,0.3827982431257642,10
2020-10-02,2020-09-14,2020-10-21,10.19178635663035,4.359627359801383,337.7444031687656,337.3676524995826,338.59193428047,1.2242817808873951,2.25,0.131756005035917,10
2020-10-02,2020-09-14,2020-10-21,13.503113479142495,7.0588536417869925,459.2420295861919,458.95833416329697,459.9326110170223,0.974276853725314,2.25,0.138101691527917,10
2020-11-03,2020-10-21,2020-11-17,15.741379872307323,5.625295343455048,105.42234842229178,103.84350010985509,106.9612740362063,3.1177739263512194,1.5,0.2970152352978411,11
2020-11-03,2020-10-21,2020-11-17,21.06553745306784,23.3543652352526,418.4386310604268,416.874735748861,420.2739680330269,3.399232284165919,1.5,0.0613987858601206,11
2020-11-03,2020-10-21,2020-11-17,19.26423177055117,6.020806831386142,1860.711786283124,1850.065465433523,1862.287085806951,12.221620373427868,2.0,0.1790858360842739,11
2020-11-03,2020-10-21,2020-11-17,12.32748437384573,20.07246444703212,403.5367729974643,402.2043705713004,405.104049123358,2.899678552057594,1.5,0.2490900233844589,11
2020-11-03,2020-10-21,2020-11-17,12.569895553745852,4.237979608020511,109.3531976930068,108.85667977156118,110.09389576222748,1.2372159906663,1.5,0.0684637493920424,11
2020-11-03,2020-10-21,2020-11-17,13.195492584363206,4.517102076217545,108.18562686682937,107.53919737134127,109.10333590349182,1.5641385321505368,0.75,0.0408694554157276,11
2020-11-03,2020-10-21,2020-11-17,22.848332826163773,4.199710384600322,88.06230870690284,55.36843092599884,108.1814376981929,52.81300677219406,2.0,0.2330900723139436,11
2020-12-02,2020-11-17,2020-12-18,28.512161306174377,6.785338479384623,440.02253025782034,436.53206395125017,448.8963824347593,12.364318483509123,4.0,0.6777990307824033,12
2020-12-02,2020-11-17,2020-12-18,10.864472509394584,8.167441543745051,192.33829476076608,190.2943144054152,195.0461127385497,4.751798333134502,1.0,0.2948545042379413,12
2020-12-02,2020-11-17,2020-12-18,10.257603462234394,5.295100390377636,120.44462212719093,112.02858957042918,123.3407097547315,11.31212018430233,1.0,0.3512551863066043,12
2020-12-02,2020-11-17,2020-12-18,16.261518888725625,4.66707936408357,651.6362002521114,647.1298033529893,655.6003488129936,8.47054546000436,3.75,0.5077357207337863,12
2020-12-31,2020-12-18,2021-01-14,16.792270531876383,4.695909704628458,651.304215476052,649.1849632062949,653.906305889599,4.721342683304101,2.25,0.7691713883711804,12
2020-12-31,2020-12-18,2021-01-14,23.496870110331336,6.240624591585386,110.10424562792868,65.69363803602755,113.06474210787565,47.371104071848094,2.0,0.3149202669390366,12
2020-12-31,2020-12-18,2021-01-14,10.278228847986435,22.986714000567552,245.8421572525015,245.50344952428716,246.5357308113016,1.0322812870144844,1.25,0.0713755980259388,12
2020-12-31,2020-12-18,2021-01-14,18.56749109516073,3.974643358874283,112.16376873296234,111.3180121597834,113.30930312629788,1.991290966514498,1.75,0.3341989513382826,12
2020-12-31,2020-12-18,2021-01-14,61.86193198035391,3.836338440678945,105.45201458220085,59.52490880712867,110.3386682253331,50.81375941820443,2.0,0.1403867561427843,12
2020-12-31,2020-12-18,2021-01-14,23.51493150559196,4.641836539356662,93.8372723443836,58.54463917063549,108.42735917912796,49.88272000849247,1.0,0.0440560779716949,12
2020-12-31,2020-12-18,2021-01-14,11.460348092754629,6.921954391039894,1564.3211168741436,1561.412181895692,1567.4742241189815,6.062042223289609,3.5,0.0583545580832284,12
2020-12-31,2020-12-18,2021-01-14,16.147355393006222,4.365067968139793,1744.819634732828,1742.9690277525224,1747.080966572743,4.11193882022053,1.75,0.1822783724598564,12
2021-01-20,2021-01-14,2021-01-26,12.047088766268615,9.21564327238431,758.2832878263159,756.7222679513507,760.2988880830817,3.5766201317310333,0.75,1.028303099515011,1
2021-01-20,2021-01-14,2021-01-26,11.343494133612154,3.5097786345145563,457.05191897477965,456.75689592724666,457.7388116363436,0.9819157090969384,2.5,0.4337948187577534,1
2021-01-20,2021-01-14,2021-01-26,11.025698673390725,4.312656041364018,445.8434072371165,445.4899788177572,446.4681370006874,0.9781581829302012,1.5,0.6938565690037768,1
2021-01-20,2021-01-14,2021-01-26,20.34139019821825,5.482657994115156,444.2681796792986,443.7893437431194,445.00836614798754,1.2190224048681555,2.25,0.7584477405455059,1
2021-01-20,2021-01-14,2021-01-26,15.443597350662351,6.607865918837013,430.3687370368666,429.71883428515866,431.4221068150364,1.7032725298777225,3.25,0.749941661136182,1
2021-01-20,2021-01-14,2021-01-26,35.02053051567025,3.9123362073936727,339.27024422673344,337.615297684446,340.5250849579461,2.9097872735001147,3.25,0.1529466210684676,1
2021-01-20,2021-01-14,2021-01-26,18.35956922554814,5.285782074798883,336.4659237363734,335.1968433428556,337.8619538163766,2.665110473521054,3.5,0.5474278372095409,1
2021-01-20,2021-01-14,2021-01-26,18.828713504962543,3.536802687451736,454.6532736198863,453.9840119690634,457.0035520591773,3.0195400901138783,1.75,0.2692796050757323,1
2021-01-20,2021-01-14,2021-01-26,25.97646535628937,4.103655522529342,513.8425764781101,485.0704841217957,516.5363974878564,31.465913366060704,2.75,0.4326308143967511,1
2021-01-20,2021-01-14,2021-01-26,11.470797679783868,4.797121578502371,504.8952466588088,503.4391814908013,506.4929122687317,3.0537307779304683,2.5,0.2121559594779778,1
2021-01-20,2021-01-14,2021-01-26,18.549819169932423,21.69560468134101,2245.567375428481,2245.03234382486,2246.4422126119025,1.4098687870427966,7.0,0.3875714931306473,1
2021-01-20,2021-01-14,2021-01-26,15.10781942514252,9.804848390501748,2432.128082239028,2413.894470969215,2480.6768992925063,66.78242832329124,1.5,0.0464186250174558,1
2021-01-20,2021-01-14,2021-01-26,15.300369684613194,3.265586880306554,243.1921241088848,241.95411574607715,244.73148298077285,2.777367234695703,3.5,0.3393496566689591,1
2021-01-20,2021-01-14,2021-01-26,37.08101012881305,3.491957020741167,272.2620362920648,270.64395541278645,273.5910450434312,2.9470896306447685,2.5,0.7174637430076602,1
2021-02-02,2021-01-26,2021-02-09,12.300518692222417,5.773374934246606,1860.5984639433557,1859.6595970066264,1862.287085806951,2.6274888003245,2.0,0.0734171926352439,2
2021-02-23,2021-02-09,2021-03-09,17.66149599040494,6.455503095911187,439.2299887294964,436.53206395125017,448.652693385724,12.120629434473813,3.0,0.6053753010351071,2
2021-02-23,2021-02-09,2021-03-09,20.79060281225167,4.312682615823363,457.7120758599324,457.0019825380296,458.7228037160821,1.7208211780525744,2.75,0.4623042368082941,2
2021-02-23,2021-02-09,2021-03-09,17.484493083570186,6.6549646029019165,457.56164244888095,457.0019825380296,458.2326281890273,1.230645650997758,3.0,0.3839754203453749,2
2021-02-23,2021-02-09,2021-03-09,13.691112932979047,4.788122716133445,459.5061276891386,459.20341900223866,460.1776930657216,0.9742740634828806,2.5,0.0285498977598831,2
2021-02-23,2021-02-09,2021-03-09,12.07129701732905,22.62702059229188,2245.395459786542,2245.03234382486,2245.858644403983,0.826300579123199,3.5,0.3462644371161721,2
2021-03-27,2021-03-09,2021-04-14,10.928986653981708,5.2699928902056135,2473.9063133255245,2473.533087630756,2474.5287860301323,0.995698399376124,0.75,0.4504520748902341,3
2021-03-27,2021-03-09,2021-04-14,21.136432591788,6.114841798057928,1861.0668629488212,1859.6595970066264,1862.31508528674,2.6554882801137865,2.0,0.1177420461737506,3
2021-03-27,2021-03-09,2021-04-14,10.715989464470448,19.175365168421006,2006.4093682092189,2003.3216984700407,2008.4844522885976,5.162753818556666,3.75,0.0927412322452117,3
2021-04-23,2021-04-14,2021-05-03,27.67802823217593,3.091060064423008,272.99150971560533,272.2932431413792,274.1044977684505,1.811254627071321,2.0,0.1418982093514331,4
2021-04-23,2021-04-14,2021-05-03,37.33264501476672,6.105609361169211,440.12548084496177,436.53206395125017,449.3837605477311,12.851696596480906,5.25,0.6734748635219967,4
2021-04-23,2021-04-14,2021-05-03,11.702603879291631,9.708533854926593,2426.016580739746,2413.894470969215,2480.1912305639125,66.2967595946975,1.25,0.0364685077378186,4
2021-04-23,2021-04-14,2021-05-03,17.453944104990246,4.251943391289608,1745.322306376199,1743.9744607079774,1747.080966572743,3.106505864765495,2.25,0.0637312602694045,4
2021-04-23,2021-04-14,2021-05-03,29.498791383659945,10.539445547811328,114.5152835034714,113.6687314659357,115.54762761481106,1.878896148875356,1.5,0.5850611652610993,4
2021-04-23,2021-04-14,2021-05-03,15.015711242435987,5.298790150665015,117.67782542280388,112.02858957042918,123.3407097547315,11.31212018430233,1.0,0.2770707922722326,4
2021-05-18,2021-05-03,2021-06-02,12.170823198211298,4.437143546337842,108.095488791105,107.53919737134127,108.85856907861309,1.3193717072717843,1.0,0.3735008806851692,5
2021-07-24,2021-07-08,2021-08-10,13.755541981200652,3.3057130629848954,272.82181371799646,272.2932431413792,273.5910450434312,1.297801902052015,2.25,0.236186340968357,7
2021-07-24,2021-07-08,2021-08-10,18.79121067338314,7.6913713571464575,459.3266683647669,458.95833416329697,459.9326110170223,0.974276853725314,2.75,0.1696247538295464,7
2021-08-27,2021-08-10,2021-09-13,12.396928557869812,6.186734598303043,109.93914642055611,65.69363803602755,112.82018100144342,47.126542965415865,1.5,0.4739489262032725,8
2021-08-27,2021-08-10,2021-09-13,19.291458907674336,10.677065691969158,114.52085826634408,113.6687314659357,115.54762761481106,1.878896148875356,1.25,0.6138804395259589,8
2021-09-27,2021-09-13,2021-10-11,15.129962979386594,5.4331807739144455,2464.409604511952,2445.425384648144,2515.840818264056,70.41543361591175,1.0,0.5650994622622696,9
2021-09-27,2021-09-13,2021-10-11,19.24979190394762,4.5449915658707765,2452.0852017291104,2443.8903769338503,2515.409305579029,71.51892864517868,2.25,0.7027221968842234,9
2021-09-27,2021-09-13,2021-10-11,35.41101109816126,3.377695604717064,272.1260315332459,270.64395541278645,273.3343185042031,2.690363091416657,2.5,0.4930222551459989,9
2021-09-27,2021-09-13,2021-10-11,10.46065270162473,3.4223485461527456,80.31157059403317,55.36843092599884,103.89231004333124,48.5238791173324,1.0,0.6863367485753491,9
2021-09-27,2021-09-13,2021-10-11,12.49876855826167,3.7475360201535945,515.5713901336129,514.9305672775954,516.2857172954828,1.355150017887354,1.5,0.4340412805900195,9
2021-09-27,2021-09-13,2021-10-11,44.61046172766223,4.660974482896592,651.7713454973747,649.5733780753799,654.8569789617322,5.28360088635236,2.75,1.6779802530425392,9
2021-09-27,2021-09-13,2021-10-11,12.66572701076388,4.767780629734505,505.0175000264025,503.4391814908013,506.4929122687317,3.0537307779304683,2.5,0.2504160421448631,9
2021-09-27,2021-09-13,2021-10-11,14.816628295311132,5.563959508724638,444.1871092842725,443.5454797060229,445.00836614798754,1.462886441964656,1.75,0.5496060634722799,9
2021-09-27,2021-09-13,2021-10-11,15.75651456923452,6.567243114838349,430.3549008032165,429.71883428515866,431.4221068150364,1.7032725298777225,3.25,0.5662105105555182,9
2021-09-27,2021-09-13,2021-10-11,47.03140399536815,4.189424540049934,336.8172401259641,335.1968433428556,338.3442587237805,3.14741538092494,5.0,0.6700769716898947,9
2021-11-13,2021-11-04,2021-11-22,35.46771376637822,3.4245395171445403,271.96328660889617,270.64395541278645,273.0530554521829,2.409100039396435,2.25,0.3534098602038404,11
2021-11-13,2021-11-04,2021-11-22,10.239753574606906,3.628732216589288,242.7584202298464,241.6926623592153,243.9768909467384,2.2842285875231028,3.5,0.5142357031533473,11
2021-11-13,2021-11-04,2021-11-22,19.899921970087124,4.7603376980484535,2452.548012891244,2443.8903769338503,2515.409305579029,71.51892864517868,2.25,0.8493281741956271,11
2021-11-13,2021-11-04,2021-11-22,15.044928277903502,7.027934626632439,922.6389554960429,922.3089859774336,923.2916960995644,0.9827101221308112,3.25,0.5785271921617363,11
2021-11-13,2021-11-04,2021-11-22,12.114402827937347,3.655860496274815,1340.4122735994763,1316.1949853398835,1346.0086947702805,29.81370943039656,1.0,0.7623490825675461,11
2021-11-13,2021-11-04,2021-11-22,34.71881395204905,4.865010427296618,337.05160002661177,335.1968433428556,338.83960974402726,3.642766401171684,3.75,0.5185384057111109,11
2021-11-13,2021-11-04,2021-11-22,36.13281092660327,4.1408114853766245,650.4519733863866,649.1849632062949,652.334054089617,3.14909088332206,2.0,0.3536201554823381,11
2021-12-10,2021-12-07,2021-12-13,31.16744293186299,3.4357888978540223,272.0300101773918,270.64395541278645,273.0530554521829,2.409100039396435,2.25,0.7062791039380978,12
2021-12-10,2021-12-07,2021-12-13,10.358430322564349,15.442586833257812,2440.5761191148977,2404.8159424611367,2472.0149433212355,67.19900086009875,2.0,0.3890063643967839,12
2021-12-10,2021-12-07,2021-12-13,17.58979551941402,6.110259885544756,1860.996839873608,1859.6595970066264,1862.287085806951,2.6274888003245,2.0,0.6089281503780708,12
2021-12-10,2021-12-07,2021-12-13,11.15237139650503,4.3652198485665386,445.8454377756427,445.4899788177572,446.4681370006874,0.9781581829302012,1.5,0.8050252043625206,12
2021-12-10,2021-12-07,2021-12-13,28.401354122106184,4.981883314110921,336.95649530342973,335.4443650925532,338.3442587237805,2.8998936312273145,3.75,0.5531592656596707,12
2021-12-10,2021-12-07,2021-12-13,16.553927328232128,5.927348012521943,654.1554306023777,651.3511313023046,655.9719662480056,4.620834945701063,1.75,0.736356680237078,12
2021-12-10,2021-12-07,2021-12-13,58.47129442854045,4.554205756205299,651.3529166173331,648.6083724405617,654.8569789617322,6.248606521170586,3.25,1.866590889204318,12
2021-12-10,2021-12-07,2021-12-13,13.095516687688418,9.5694912576612,501.74616161786525,501.4673467231914,502.3668497651816,0.8995030419901013,1.75,0.2988617583954889,12
2021-12-10,2021-12-07,2021-12-13,11.121348221511452,3.897217437339444,515.771354517903,514.9305672775954,516.5363974878564,1.6058302102610469,1.25,0.6948011335348814,12
2021-12-10,2021-12-07,2021-12-13,10.812924461022726,8.03889500451691,192.97440507431693,190.02036434225735,196.56456602178517,6.54420167952776,1.25,0.689895713888381,12
2022-01-12,2022-01-11,2022-01-14,12.246285791854492,4.279460303761036,108.14321805496223,107.53919737134127,108.85856907861309,1.3193717072717843,1.0,0.0401287798314928,1
2022-01-26,2022-01-19,2022-02-03,10.090533397832491,3.587049249969108,1638.8255042983474,1634.343809905462,1644.948144715745,10.604334810283037,1.0,0.2184040844859097,1
2022-01-26,2022-01-19,2022-02-03,29.232574803826864,3.967155509195,649.9313196793935,647.8192540551536,651.5933604049496,3.7741063497960567,1.75,0.0648344210195243,1
2022-01-26,2022-01-19,2022-02-03,21.87438642362241,3.521428112534618,271.7291082534084,270.64395541278645,272.53989927330986,1.8959438605234027,2.25,0.2514811912588982,1
2022-01-26,2022-01-19,2022-02-03,42.56419690740261,5.161351843371413,652.7551766501025,650.970755059272,654.8569789617322,3.886223902460188,2.25,0.0990354475564217,1
2022-01-26,2022-01-19,2022-02-03,15.141919018741604,6.91156188272515,922.6935241034658,922.3089859774336,923.2916960995644,0.9827101221308112,3.5,0.9204019799725892,1
2022-01-26,2022-01-19,2022-02-03,14.978954545655684,19.43370166991104,402.6290276188934,399.0964177865535,404.6129293157719,5.5165115292184055,1.25,0.7234186984023006,1
2022-01-26,2022-01-19,2022-02-03,21.02783483002158,4.585568022050491,337.4555250366308,336.4189290916547,338.59193428047,2.173005188815296,2.75,0.4353436587738141,1
2022-01-26,2022-01-19,2022-02-03,10.314730872310522,7.282072739750963,451.3591766572177,450.1082851211541,454.2306681009941,4.12238297984004,2.5,0.5388257841160704,1
2022-01-26,2022-01-19,2022-02-03,10.317148102403442,3.7418139287469994,454.2946681438991,451.2380431653,454.9640647373162,3.72602157201618,1.25,0.5036754811047828,1
2022-01-26,2022-01-19,2022-02-03,11.305798293609522,5.527429844048191,444.4174490704578,444.0332077569328,445.00836614798754,0.9751583910547196,1.75,0.6649320294848593,1
2022-01-26,2022-01-19,2022-02-03,21.68040802514786,3.81905530659076,650.3229910991525,649.1849632062949,651.5933604049496,2.4083971986547112,1.0,0.0313437879290062,1
2022-02-12,2022-02-10,2022-02-15,13.933012486397512,4.40695010762827,107.6691732527952,106.92967484658584,108.67328059813008,1.7436057515442371,1.0,0.6021351894692828,2
2022-03-06,2022-03-01,2022-03-11,10.32754465836432,3.718552777825047,454.7752457909268,453.9840119690634,457.0035520591773,3.0195400901138783,1.25,0.4490434317265052,3
2022-03-19,2022-03-17,2022-03-22,14.270019191102593,3.001406290241453,2509.433613621928,2509.24064734485,2509.874495606404,0.6338482615537941,1.25,0.1620406569079985,3
2022-03-26,2022-03-22,2022-03-31,14.083701932085804,9.41591122905928,763.3609538365018,761.6912100468762,765.5262756291777,3.835065582301468,0.75,0.6798514680069134,3
2022-04-07,2022-03-31,2022-04-15,10.36012238362939,9.694371604500612,505.8536966534157,501.4673467231914,533.6868399106897,32.2194931874983,1.75,0.8547325746693235,4
2022-04-07,2022-03-31,2022-04-15,11.99437711759438,5.38848976555243,444.393947797058,444.0332077569328,445.00836614798754,0.9751583910547196,1.5,0.5694904935415945,4
2022-04-07,2022-03-31,2022-04-15,11.503248377140997,3.019292510691535,2509.464622087429,2509.2934048790485,2509.874495606404,0.5810907273553312,1.25,0.1917613604727608,4
2022-04-24,2022-04-19,2022-04-29,10.308631436152076,3.4149941531625445,1638.6240936553197,1635.1205158699304,1642.6572060608305,7.536690190900117,0.75,0.2702975612476549,4
2022-05-21,2022-05-17,2022-05-25,12.161554477413674,4.901348459574811,336.726080385679,336.4189290916547,337.36666366364807,0.947734571993351,3.25,0.2348969886246596,5
2022-05-28,2022-05-25,2022-06-01,17.387682525036464,3.3714040573291357,1996.5640996844957,1988.1656198417768,2005.46729134256,17.301671500783414,2.0,0.1190634191491991,5
2022-05-28,2022-05-25,2022-06-01,11.673716746400576,3.0674696373597814,2509.483716996744,2509.2934048790485,2509.874495606404,0.5810907273553312,1.25,0.2316562007736836,5
2022-05-28,2022-05-25,2022-06-01,17.68359884638724,12.56942790457034,2563.682998335434,2535.5082628880627,2608.3416041992605,72.83334131119773,1.5,0.4370826525323307,5
2022-07-03,2022-07-01,2022-07-06,12.626794806899948,3.025720306896237,2509.4463108131467,2509.24064734485,2509.874495606404,0.6338482615537941,1.25,0.1163079394038725,7
2022-07-12,2022-07-06,2022-07-18,11.295306158397524,3.839733912852166,515.6492579924601,514.9305672775954,516.5363974878564,1.6058302102610469,1.0,0.3290833834317958,7
2022-07-12,2022-07-06,2022-07-18,27.10603327886908,6.465614978768066,439.8712683688892,436.53206395125017,448.652693385724,12.120629434473813,3.0,0.3219145844008381,7
2022-07-12,2022-07-06,2022-07-18,11.694486425989796,4.1690933676115,445.8448541477761,445.4899788177572,446.4681370006874,0.9781581829302012,1.5,0.6825357319853886,7
2022-07-12,2022-07-06,2022-07-18,10.21892284762503,16.0959636636255,503.2193017354458,484.7471360275522,515.177223409526,30.430087381973863,1.5,0.3039571553622316,7
2022-07-12,2022-07-06,2022-07-18,10.502902122142965,4.345733896780598,2473.0030918526795,2452.4238504455425,2537.064705170691,84.64085472514853,2.5,0.1024494158627294,7
2022-08-13,2022-08-11,2022-08-15,29.030717591858128,4.59223807505918,93.38208985439024,58.54463917063549,108.42735917912796,49.88272000849247,1.25,0.3771636998745509,8
2022-08-13,2022-08-11,2022-08-15,33.666546827935754,4.987812260448116,652.4052246103314,650.2187052974477,654.8569789617322,4.6382736642844975,2.5,1.596647848394701,8
2022-08-13,2022-08-11,2022-08-15,19.11531251425771,22.14335783090415,2245.470562851994,2245.323958946392,2245.858644403983,0.5346854575909674,5.75,0.4603782943108669,8
2022-08-13,2022-08-11,2022-08-15,19.614984189840516,9.418098010587483,2436.084215204036,2413.894470969215,2480.4340648865327,66.53959391731769,2.0,0.3262730657817714,8
2022-08-13,2022-08-11,2022-08-15,12.555408082508844,4.035831706677064,111.6968236396026,110.15033670142292,113.162478630431,3.0121419290080667,1.0,0.6022480996859259,8
2022-08-13,2022-08-11,2022-08-15,17.427835553425385,9.101977387966455,114.02314417846426,74.08498494047672,116.03287455346435,41.94788961298764,2.0,1.165785049210588,8
2022-08-13,2022-08-11,2022-08-15,20.02739570898988,6.013392441617459,108.82821978814694,65.69363803602755,113.06474210787565,47.371104071848094,1.75,0.8346529040170636,8
2022-08-13,2022-08-11,2022-08-15,10.381990916286362,4.500631831189366,108.01767296963028,107.53919737134127,109.10333590349182,1.5641385321505368,0.75,0.5180278986326325,8
2022-08-13,2022-08-11,2022-08-15,12.354115836410283,4.34763651125403,445.8568539590236,445.4899788177572,446.4681370006874,0.9781581829302012,1.75,0.700950623823613,8
2022-08-13,2022-08-11,2022-08-15,17.820071834263487,5.68533590221937,444.1373329784244,443.5454797060229,445.00836614798754,1.462886441964656,2.75,0.8259044204863841,8
2022-08-13,2022-08-11,2022-08-15,12.573325923900676,9.746241634644509,505.14303680259616,501.4673467231914,533.6868399106897,32.2194931874983,2.25,0.3913640414543595,8
2022-08-13,2022-08-11,2022-08-15,10.406525185089173,16.28376170963466,502.3078229530541,484.4237879370339,515.177223409526,30.75343547249213,1.5,0.4773300579250916,8
2022-08-13,2022-08-11,2022-08-15,12.08305875331613,3.893103637398837,515.733950949269,514.6797947101295,516.5363974878564,1.8566027777269485,1.25,0.4562529254813779,8
2022-08-13,2022-08-11,2022-08-15,50.79196346440427,4.129462016739724,337.1604041584034,335.6918867249042,339.06236499454826,3.3704782696440816,5.0,0.7022973721941039,8
2022-08-13,2022-08-11,2022-08-15,13.485328955389964,4.087360220741336,326.9229658106321,325.7856181226671,327.7491689552553,1.9635508325882256,3.75,0.1529970190141255,8
2022-08-13,2022-08-11,2022-08-15,32.77044436066331,3.459018359013511,272.3679477158683,271.1056393934414,273.5910450434312,2.485405649989844,2.25,0.4425242486893743,8
2022-08-19,2022-08-15,2022-08-24,11.239809761993785,6.120116286399608,1860.8944789688928,1859.907529095188,1861.7915154527875,1.8839863575994968,1.25,0.419227077918321,8
2022-09-23,2022-09-19,2022-09-28,12.035537736282238,4.055661461354968,111.52317332755348,110.40956642990932,114.0763292349875,3.666762805078178,0.75,0.3528967361958618,9
2022-09-23,2022-09-19,2022-09-28,11.15735446701036,7.519828208920412,922.5450189188472,922.3089859774336,923.0422544772736,0.7332684998400509,2.5,0.721311217447177,9
2022-09-23,2022-09-19,2022-09-28,14.18246699380895,6.47528220670698,429.2608686896976,421.7251941408031,431.1798851513304,9.454691010527313,6.0,0.5481907456681401,9
2022-09-23,2022-09-19,2022-09-28,28.96933511685005,4.384328458777211,336.7101955193204,335.4443650925532,337.8619538163766,2.417588723823428,4.5,0.658203051032169,9
2022-09-23,2022-09-19,2022-09-28,10.855332296441697,9.658142458744615,505.8801933989367,501.4673467231914,533.9380113487132,32.47066462552175,2.25,0.4213290015737192,9
2022-09-23,2022-09-19,2022-09-28,25.132300777405305,5.096093501326146,444.7314496903014,436.0318354638293,446.9367123893462,10.904876925516874,6.25,0.9317259925908206,9
2022-09-23,2022-09-19,2022-09-28,17.750984684990375,7.511043068287651,459.7869248982726,459.4485039259307,460.1776930657216,0.729189139790833,3.0,0.2819727422818674,9
2022-09-23,2022-09-19,2022-09-28,12.040655357707536,6.018692121737227,440.607584357501,436.53206395125017,447.4239378226921,10.89187387144193,1.75,0.1350438976178988,9
2022-09-23,2022-09-19,2022-09-28,30.109347939992496,4.802339787034319,457.7245763651388,457.0019825380296,458.47771599749103,1.4757334594614804,4.0,0.8424645267866282,9
2022-09-23,2022-09-19,2022-09-28,12.266957425631269,7.5648081961420734,456.9344280254068,456.75689592724666,457.4937251978554,0.7368292706087232,3.0,0.426593469828404,9
2022-09-23,2022-09-19,2022-09-28,17.117702465942386,5.72578481075859,653.0620418413691,650.5947555066086,655.2286863951012,4.633930888492614,1.75,0.9123342509564204,9
2022-09-23,2022-09-19,2022-09-28,12.12895640301772,5.888575357186472,681.5839114694007,674.5508717140183,687.9956132615916,13.444741547573358,6.5,0.9077065198739764,9
2022-09-23,2022-09-19,2022-09-28,24.1916436414056,3.5169895025505853,271.88432022029065,270.64395541278645,272.7964774048887,2.1525219921022654,2.25,0.4615849340401329,9
2022-09-23,2022-09-19,2022-09-28,16.26372979096419,7.676847378144808,2168.0942326095114,2126.058329307474,2185.2784271403216,59.22009783284739,8.5,0.1546726183905894,9
2022-09-23,2022-09-19,2022-09-28,21.879640014240422,21.13950150930982,2245.5634964839824,2245.03234382486,2246.1504285098054,1.118084684945643,6.75,0.5144042451746489,9
2022-09-23,2022-09-19,2022-09-28,15.324724511080026,4.863671711123377,2455.279164278732,2443.8903769338503,2515.409305579029,71.51892864517868,2.0,0.6616212902262286,9
2022-09-23,2022-09-19,2022-09-28,14.63988672064816,3.9376630065943794,1636.479731971311,1623.440384558402,1645.203735035844,21.763350477442145,5.75,0.3013065292191313,9
2022-09-23,2022-09-19,2022-09-28,10.817751398196544,3.5977927166228945,1857.4369656421857,1849.2120975242,1862.287085806951,13.074988282751292,3.75,0.2036451460725916,9
2022-09-23,2022-09-19,2022-09-28,11.173913726427523,22.646893563437125,1997.339116379794,1996.8674349742944,1998.097173392773,1.2297384184785187,1.0,0.0513898538250563,9
2022-09-23,2022-09-19,2022-09-28,42.796554383365226,4.424903802847557,651.318862186709,648.2138564670458,654.6583146522753,6.4444581852294505,3.5,1.614804634534568,9
2022-10-16,2022-10-13,2022-10-19,16.90493072013571,22.009977458338582,2245.464616573184,2245.323958946392,2245.858644403983,0.5346854575909674,5.25,0.4838515638547003,10
2022-10-16,2022-10-13,2022-10-19,22.041998638202298,3.921703945470528,649.8737640852302,647.5293391160667,651.5977874342352,4.068448318168521,2.0,1.1493078025432868,10
2022-10-16,2022-10-13,2022-10-19,10.06485587785818,3.49563136388519,2551.36883748609,2522.4184138975106,2599.0887240264565,76.67031012894586,1.5,0.5564493047119168,10
2022-10-16,2022-10-13,2022-10-19,38.73931981705248,3.413647211488745,272.11241491616096,270.64395541278645,273.3343185042031,2.690363091416657,2.25,0.4214935152878124,10
2022-10-16,2022-10-13,2022-10-19,15.153717814812508,5.245270969518747,92.30153409624286,68.20494379475713,115.2887284355238,47.08378464076668,1.25,1.1574061702172012,10
2022-10-16,2022-10-13,2022-10-19,14.37270275546565,5.941002468199764,109.53067754734654,65.69363803602755,112.82018100144342,47.126542965415865,1.5,0.6263902446485603,10
2022-10-16,2022-10-13,2022-10-19,24.10658495261368,5.642110736819735,653.1647782476427,650.2187052974477,655.9719662480056,5.753260950557888,1.75,0.9812597634395348,10
2022-10-16,2022-10-13,2022-10-19,12.343785260964696,9.674616106741777,505.4778426295582,501.4673467231914,533.6868399106897,32.2194931874983,1.75,0.547026182636795,10
2022-10-16,2022-10-13,2022-10-19,44.953626387693056,4.233776637502047,336.6749861235767,335.4443650925532,338.0965833510272,2.652218258474022,5.25,0.4154535831936673,10
2022-10-16,2022-10-13,2022-10-19,12.808148111261628,16.085482125268104,499.2060747816569,484.4237879370339,515.177223409526,30.75343547249213,1.75,0.4366340696507925,10
2022-10-16,2022-10-13,2022-10-19,20.7420522525231,4.343569731746673,512.0401492172919,485.0704841217957,516.5363974878564,31.465913366060704,2.25,0.6142256389903833,10
2022-10-16,2022-10-13,2022-10-19,10.808033886566871,3.8988075595257454,454.13151446394335,451.2380431653,454.9640647373162,3.72602157201618,1.0,0.450144423953584,10
2022-10-16,2022-10-13,2022-10-19,13.70113765482104,6.210789837170962,440.67500580416873,436.53206395125017,447.4239378226921,10.89187387144193,2.5,0.1947557158951729,10
2022-10-16,2022-10-13,2022-10-19,14.24206133518858,4.210305497596338,445.83330146276927,445.2494366280735,446.4681370006874,1.2187003726139665,1.75,0.6264602842673217,10
2022-10-16,2022-10-13,2022-10-19,14.827073565858068,5.478938491399225,444.1875559926302,443.7893437431194,444.76450271578506,0.9751589726656676,1.75,0.4653978885332072,10
2022-11-18,2022-11-14,2022-11-22,38.96593051346129,5.746427513135312,2010.7885234185665,1996.2034380394036,2019.844189089723,23.640751050319523,1.75,0.1170255147045265,11
2022-11-18,2022-11-14,2022-11-22,27.876948386253705,7.172745150377061,459.7185598321768,459.4485039259307,460.1776930657216,0.729189139790833,4.25,0.0974534107605198,11
2022-11-18,2022-11-14,2022-11-22,53.41842270443646,4.529968060966404,458.1561116919253,457.0019825380296,460.1776930657216,3.17571052769199,3.5,0.3966171892836778,11
2022-11-25,2022-11-22,2022-11-28,10.219974836027715,3.845892573990988,515.5744846910183,514.9305672775954,516.2857172954828,1.355150017887354,1.25,0.3195788425051415,11
2022-11-25,2022-11-22,2022-11-28,14.591011314793844,4.150619091027807,445.90940040008127,445.4899788177572,446.6930995471776,1.203120729420334,1.5,0.5539120592446956,11
2022-11-25,2022-11-22,2022-11-28,11.889943527975271,7.895643980677543,429.9138340865569,429.4759195679799,430.4511412694119,0.9752217014320196,3.25,0.6294476416085981,11
2022-11-25,2022-11-22,2022-11-28,12.204242020886252,5.474209456399178,444.2767631588664,443.7893437431194,445.00836614798754,1.2190224048681555,1.75,0.6280278544417162,11
2022-11-25,2022-11-22,2022-11-28,12.036462820105044,7.507107023968231,922.6060856323202,922.3089859774336,923.0422544772736,0.7332684998400509,2.25,0.2007181104264827,11
2022-11-25,2022-11-22,2022-11-28,10.217416395299264,9.27921019118813,763.5900861329479,762.2521256776527,765.2541525126435,3.002026834990829,0.75,0.7941890579720345,11
2022-11-25,2022-11-22,2022-11-28,17.515563123228834,5.787152388771641,653.7988132513784,651.7192823742516,655.9719662480056,4.252683873753995,1.75,0.8189860821911987,11
2022-11-25,2022-11-22,2022-11-28,46.91201552114202,4.6382695760979535,651.647025363892,648.2138564670458,654.8569789617322,6.643122494686395,2.75,1.4910195174214569,11
2022-11-25,2022-11-22,2022-11-28,14.078737175798272,12.158091481297104,2011.944439328032,2002.7646604320037,2020.5830363444984,17.818375912494957,1.5,0.2776147313601701,11
2022-11-25,2022-11-22,2022-11-28,10.369432111008948,4.892539034296089,1992.595568660632,1982.807935809251,1998.097173392773,15.289237583521754,2.5,0.0887919327848005,11
2022-11-25,2022-11-22,2022-11-28,36.78440169035607,3.3492840899707845,272.0057343235215,270.64395541278645,273.3343185042031,2.690363091416657,2.5,0.277370739438893,11
2022-11-25,2022-11-22,2022-11-28,13.981858848492298,3.696385554575933,273.79165202059346,273.08766237227246,274.5839699078351,1.4963075355626645,3.5,0.2415688503857277,11
2022-11-25,2022-11-22,2022-11-28,49.31250086923401,4.29795683506513,336.70341825242286,335.1968433428556,338.3442587237805,3.14741538092494,4.75,0.6031544982115089,11
2022-12-09,2022-12-07,2022-12-12,41.01186771271369,4.855782602888816,652.081369980327,649.5733780753799,654.8569789617322,5.28360088635236,2.5,1.6322851355226664,12
2022-12-09,2022-12-07,2022-12-12,13.05769011993586,4.139387988129888,445.8679530316413,445.2494366280735,446.4681370006874,1.2187003726139665,1.5,0.7385447861437733,12
2022-12-09,2022-12-07,2022-12-12,28.01544450938807,3.402880396285726,271.8810133654097,270.3876377628185,273.0530554521829,2.6654176893644035,2.0,0.515773163936637,12
2022-12-09,2022-12-07,2022-12-12,43.03825864679124,4.024993482461223,336.7335015334111,335.1968433428556,338.0965833510272,2.899740008171648,5.0,0.6941840086320417,12
2022-12-09,2022-12-07,2022-12-12,10.42443470183656,3.813809117445664,242.8905570465924,241.95411574607715,243.9768909467384,2.022775200661272,3.0,0.489103359113715,12
2022-12-27,2022-12-20,2023-01-04,10.171001877673216,3.135778555410408,2509.4312675431397,2509.24064734485,2509.874495606404,0.6338482615537941,1.0,0.1118005135691878,12
2023-01-05,2023-01-04,2023-01-06,17.08328283601212,3.767789353043359,2561.991120174632,2534.5713738589548,2609.0819029547274,74.51052909577265,2.0,0.1601546887437813,1
2023-01-28,2023-01-23,2023-02-02,40.23470110566527,3.0572594440501444,273.0038591401747,271.8752439208329,274.5839699078351,2.708725987002253,2.5,0.5471436798309892,1
2023-02-02,2023-02-02,2023-02-03,14.85458990729592,3.458470918908292,271.7579000136751,270.64395541278645,272.53989927330986,1.8959438605234027,2.0,0.6381661921703863,2
2023-02-02,2023-02-02,2023-02-03,10.175308493736727,5.150791472501552,336.30720372795594,335.92395223723724,336.9130737939849,0.9891215567477049,3.5,0.327698674881699,2
2023-02-02,2023-02-02,2023-02-03,11.3859763358549,6.1979702818386855,430.36074864645707,429.9617487969808,431.1798851513304,1.2181363543495536,2.25,0.4662731191344044,2
2023-02-02,2023-02-02,2023-02-03,11.047114592045604,14.313283264503692,1487.4992539952016,1487.220314190723,1487.9578427486122,0.7375285578891635,2.25,0.5367884603945172,2
2023-02-02,2023-02-02,2023-02-03,35.17841818892072,4.1100467637021945,650.2932886242145,648.6083724405617,651.9659385061823,3.357566065620631,2.5,0.5236494160437488,2
2023-02-02,2023-02-02,2023-02-03,17.421643251233267,3.640126075479285,515.5758295065032,514.9305672775954,516.5363974878564,1.6058302102610469,2.0,0.839855536285915,2
2023-02-02,2023-02-02,2023-02-03,11.761134146118115,5.101675049929419,444.4190218316922,444.0332077569328,445.00836614798754,0.9751583910547196,2.25,0.803030516009231,2
2023-02-24,2023-02-17,2023-03-03,10.85126839001201,3.3277979853049904,2550.6643604722594,2522.4184138975106,2599.0887240264565,76.67031012894586,1.25,0.2883312046824954,2
2023-02-24,2023-02-17,2023-03-03,13.03020337723384,4.961176885841732,2567.7305634221534,2537.001341274474,2611.135794749018,74.13445347454399,2.25,0.1216982628551163,2
2023-03-05,2023-03-03,2023-03-08,16.12270827902305,3.314940509749676,271.77682346676806,271.1056393934414,272.53989927330986,1.4342598798684776,2.0,0.1704788725725275,3
2023-03-12,2023-03-08,2023-03-17,12.018873648009004,4.785493412468665,2500.058052034899,2477.8081382759847,2563.542949831579,85.7348115555942,1.75,0.079151657017631,3
2023-03-12,2023-03-08,2023-03-17,13.904245598370771,4.624421649905682,2476.4174716457887,2452.4238504455425,2537.064705170691,84.64085472514853,1.75,0.0924059197756692,3
2023-03-12,2023-03-08,2023-03-17,11.86457118330019,4.2436014250108975,2493.9136180199685,2477.431312027388,2563.542949831579,86.11163780419156,4.0,0.0832831271153371,3
2023-03-12,2023-03-08,2023-03-17,12.89002758750506,3.884166509907685,2489.45363858292,2458.082158974837,2550.2148962514475,92.13273727661,2.25,0.0805309699883648,3
2023-03-19,2023-03-17,2023-03-22,10.631073897899078,4.333133968266798,2486.1074227769177,2458.649099803064,2547.482928133104,88.83382833003998,2.0,0.0751709838069182,3
2023-03-19,2023-03-17,2023-03-22,11.627827421343438,16.106538151286234,2199.3313314220263,2150.6457761251368,2214.558849358,63.9130732328631,6.25,0.1019177601714071,3
2023-03-30,2023-03-22,2023-04-07,10.193586329753115,6.613324054921328,453.9044385887257,451.2380431653,454.9640647373162,3.72602157201618,2.25,0.5616789883868389,3
2023-03-30,2023-03-22,2023-04-07,11.461562874204384,7.219514037468545,450.7352911152448,449.8645970742218,451.4846992972307,1.620102223008871,2.75,0.6748599543202227,3
2023-03-30,2023-03-22,2023-04-07,11.54779755776932,3.643137529330712,454.07464424118393,451.2380431653,454.9640647373162,3.72602157201618,1.5,0.6058396443010516,3
2023-03-30,2023-03-22,2023-04-07,11.631831451997105,10.4891072369082,114.26637154612791,113.6687314659357,115.0601097154431,1.3913782495073974,1.25,0.904145966761023,3
2023-03-30,2023-03-22,2023-04-07,14.151292125294235,15.541769003274364,2469.682235563768,2453.731226994656,2504.712437245995,50.98121025133878,8.0,0.1262676569922946,3
2023-04-14,2023-04-07,2023-04-21,20.052401091004672,3.845415978808073,650.1012294997029,649.0028018159792,651.2174111912027,2.2146093752235174,1.75,0.7846867811304536,4
2023-04-23,2023-04-21,2023-04-25,14.600081539069292,3.2242987108010635,106.26638146462535,64.72817215882242,110.3386682253331,45.61049606651068,1.0,0.8198892463095342,4
2023-04-23,2023-04-21,2023-04-25,13.314828520833236,7.756440628372692,450.84529266336136,450.5068571916781,451.4846992972307,0.977842105552554,3.0,0.1622873833735849,4
2023-04-23,2023-04-21,2023-04-25,15.122836467094787,6.679215128618383,453.8121075268701,451.2380431653,454.9640647373162,3.72602157201618,2.5,0.1126415991211463,4
2023-04-23,2023-04-21,2023-04-25,40.22654671560768,3.369444663651845,272.4551688294621,271.1056393934414,273.8477713945322,2.742132001090795,2.5,0.3484703616664314,4
2023-04-23,2023-04-21,2023-04-25,10.096996713449569,4.148627452656869,326.82305111387154,326.03485906124115,327.7491689552553,1.71430989401415,3.75,0.1006565030652104,4
2023-04-23,2023-04-21,2023-04-25,14.618531356073673,3.543008888738346,454.3732170795744,451.2380431653,457.0035520591773,5.765508893877268,1.5,0.2413664647031355,4
2023-05-02,2023-04-25,2023-05-10,10.30318551541518,9.765736628637905,506.7210470749748,501.1409233524464,533.6868399106897,32.545916558243334,1.75,0.3891907844173009,5
2023-05-02,2023-04-25,2023-05-10,16.131621198350366,16.39002329198334,499.2103875593214,484.4237879370339,515.177223409526,30.75343547249213,2.0,0.5802224920187082,5
2023-05-02,2023-04-25,2023-05-10,16.94220539479307,3.620947245898274,515.5307071816128,514.6797947101295,516.2857172954828,1.6059225853532553,2.0,0.3749939418780601,5
2023-05-02,2023-04-25,2023-05-10,19.889114731666584,6.38469918580011,437.8788407663317,436.53206395125017,447.4239378226921,10.89187387144193,3.0,0.4979832771934556,5
2023-05-02,2023-04-25,2023-05-10,18.077682581653505,4.173952036696986,336.2033215879718,335.1968433428556,337.36666366364807,2.169820320792496,4.0,0.6098049687791895,5
2023-05-02,2023-04-25,2023-05-10,10.020079465268315,3.4381549178384043,271.57353883000724,270.9002730678767,272.1219000527635,1.221626984886825,1.5,0.4064969214510522,5
2023-05-02,2023-04-25,2023-05-10,14.4125408039741,5.522418497386222,444.2530190363941,443.7893437431194,445.00836614798754,1.2190224048681555,2.5,0.6256858495574402,5
2023-05-02,2023-04-25,2023-05-10,12.754805022889643,4.310165242796353,445.7670370305536,445.2494366280735,446.4681370006874,1.2187003726139665,1.5,0.6968062307987677,5
2023-05-27,2023-05-22,2023-06-02,10.340643332250496,6.054667578490181,1860.770852869756,1859.907529095188,1861.5508664702063,1.6433373750187457,1.25,0.4061908583143236,5
2023-05-27,2023-05-22,2023-06-02,11.477101408883588,4.14604264987904,1344.6568352887075,1325.0361484885216,1349.6070484509692,24.570899962447584,1.25,0.2410940688054841,5
2023-06-09,2023-06-06,2023-06-12,15.480127802105644,3.613305024225619,515.5829414247993,514.9305672775954,516.7870777356438,1.856510458048433,1.75,0.5374702146349042,6
2023-07-09,2023-07-07,2023-07-12,14.73551974280805,5.355076723085906,653.3674912124131,652.0873979576863,654.6583146522753,2.570916694588959,1.25,0.6280025672577805,7
2023-07-09,2023-07-07,2023-07-12,16.52008919013289,4.630799859188777,651.0001678285548,650.2187052974477,651.9659385061823,1.747233208734542,1.5,0.8007920121568779,7
2023-07-28,2023-07-24,2023-08-01,11.156709954537623,4.271527931200319,1347.6489476220547,1326.0525413914584,1349.6070484509692,23.5545070595108,1.25,0.0885611798804618,7
2023-08-04,2023-08-01,2023-08-07,10.46781800059328,3.129562167739336,1861.40545562287,1849.2120975242,1864.2770684473217,15.06497092312202,0.75,0.3397746871849944,8
2023-08-11,2023-08-07,2023-08-15,15.678430020908907,3.506160619741538,271.71724392313206,270.9002730678767,272.2833210634999,1.3830479956232011,2.0,0.3652575821628606,8
2023-08-11,2023-08-07,2023-08-15,12.172745266119366,4.176795262311916,336.09636720235227,335.4443650925532,336.66558522358537,1.2212201310321689,4.0,0.4063601354281815,8
2023-08-11,2023-08-07,2023-08-15,17.4924859755254,4.441580310218717,650.9205626341738,649.961718283128,652.334054089617,2.372335806488991,1.5,0.9554745984025304,8
2023-08-18,2023-08-15,2023-08-22,26.86647097729276,4.704417425455387,1852.3154997189852,1850.6722931643017,1854.305870189797,3.6335770254954696,2.25,0.1151397450152995,8
2023-08-18,2023-08-15,2023-08-22,78.9912629263081,4.91425696979084,1859.360185341446,1849.2120975242,1864.5242057689463,15.312108244746923,2.75,0.4747019256142132,8
2023-08-18,2023-08-15,2023-08-22,122.3603259243749,4.455854396674761,1875.478920014544,1867.460296133533,1886.48678064812,19.026484514586627,2.75,0.2677196504602208,8
2023-09-09,2023-09-05,2023-09-14,11.259062506371633,3.311525551162707,1858.651611064697,1849.2120975242,1864.029931027908,14.817833503708243,0.75,0.3322379890314747,9
2023-09-09,2023-09-05,2023-09-14,17.426483877822402,4.104768690218847,1876.8474808431552,1874.5595369674263,1878.7877641418015,4.228227174375206,1.5,0.139877660442014,9
2023-09-09,2023-09-05,2023-09-14,10.860641323025376,4.179468034906594,1869.5945231896017,1868.7401732201688,1871.0728543279693,2.332681107800454,1.0,0.1028430285229096,9
2023-09-09,2023-09-05,2023-09-14,50.16411631322338,4.965032828854923,1861.6116877893255,1849.781009463128,1863.7827936587853,14.00178419565782,2.75,0.4028042869075882,9
2023-09-09,2023-09-05,2023-09-14,12.576479484211443,4.365799137237552,1855.534451617866,1849.2120975242,1858.57754950691,9.36545198271051,2.0,0.1046945723027167,9
2023-09-09,2023-09-05,2023-09-14,35.00317579022761,4.7964362338737,1851.5972631406348,1848.9246059600264,1854.305870189797,5.38126422977075,2.25,0.1220663898563707,9
2023-09-09,2023-09-05,2023-09-14,14.571691973260371,3.461687585005657,2555.047637002906,2522.8038344583474,2599.0887240264565,76.28488956810907,1.25,0.2922609212772076,9
2023-09-23,2023-09-18,2023-09-29,26.198757905460507,4.391112015818713,1876.4494070891888,1868.4283201838844,1880.501994471997,12.07367428811267,1.75,0.319181216239604,9
2023-09-23,2023-09-18,2023-09-29,38.14338793443032,4.678658396280943,1870.5405334380523,1867.890893822536,1873.5292625240984,5.638368701562285,2.5,0.2759587736568097,9
2023-09-23,2023-09-18,2023-09-29,15.896124406468587,4.142136376684537,1819.559118830438,1801.968649759423,1822.983250403311,21.01460064388812,1.5,0.1407959233614553,9
2023-10-01,2023-09-29,2023-10-03,48.287439299832336,5.279118077114139,1859.714602324,1849.2120975242,1862.31508528674,13.10298776254058,2.75,0.3053953198430204,10
2023-10-01,2023-09-29,2023-10-03,13.169725651541077,3.4690955154096805,2548.0222379388374,2522.4184138975106,2599.0887240264565,76.67031012894586,1.0,0.3677025000050143,10
2023-10-01,2023-09-29,2023-10-03,10.891183518561684,3.1372628945779093,2509.465718595649,2509.2934048790485,2509.874495606404,0.5810907273553312,1.0,0.1276199332588087,10
2023-10-01,2023-09-29,2023-10-03,10.669321261012705,16.37795154424479,505.02251025110695,484.7471360275522,515.177223409526,30.430087381973863,1.5,0.2531236820666277,10
2023-10-01,2023-09-29,2023-10-03,14.65370328720632,3.6293018151112935,515.7173715889444,514.9305672775954,516.5363974878564,1.6058302102610469,1.25,0.2094414243880354,10
2023-10-01,2023-09-29,2023-10-03,13.057032781344269,7.040998403218669,438.00865855234593,436.53206395125017,448.652693385724,12.120629434473813,2.5,0.2441720777607997,10
2023-10-01,2023-09-29,2023-10-03,15.760482649756954,6.129694710565681,441.139224547053,436.53206395125017,447.4239378226921,10.89187387144193,2.5,0.3801725807258749,10
2023-10-01,2023-09-29,2023-10-03,11.15820111418321,5.503590933992103,444.3229287675214,444.0332077569328,445.00836614798754,0.9751583910547196,1.5,0.5454758430319195,10
2023-10-01,2023-09-29,2023-10-03,19.94862545661749,3.3543001911191253,1859.6588743649215,1849.2120975242,1866.486095324159,17.273997799959034,0.75,0.1412435359208191,10
2023-10-01,2023-09-29,2023-10-03,11.700208848250586,3.433898641001676,271.55054229641013,270.9002730678767,272.1219000527635,1.221626984886825,1.5,0.2343055184520337,10
2023-10-15,2023-10-13,2023-10-18,17.155126552551664,4.315828606819773,1878.069994345771,1876.219093804248,1881.4584269323384,5.239333128090948,1.5,0.2856282105456864,10
2023-10-22,2023-10-18,2023-10-26,12.033248890705991,3.061631549522117,2509.441097888326,2509.24064734485,2509.874495606404,0.6338482615537941,1.25,0.2226112691169116,10
2024-01-03,2023-12-28,2024-01-09,13.682011321710808,4.5825056259031625,457.4462427792362,457.0019825380296,457.987540292088,0.9855577540583907,2.5,0.1367180415111013,1
2024-02-03,2024-01-29,2024-02-08,12.18385706319881,4.433604686519463,2337.7909130370413,2274.8867824780755,2366.8567477576435,91.969965279568,1.0,0.3663059711666128,2
2024-02-03,2024-01-29,2024-02-08,19.718411422441356,3.6005334415480426,271.80455781680644,271.1056393934414,272.53989927330986,1.4342598798684776,1.5,0.0358295358842065,2
2024-02-03,2024-01-29,2024-02-08,15.672839559678696,5.213006916254917,2029.276945299939,2026.511268371716,2031.6958951740528,5.184626802336425,0.75,0.0384271067220581,2
2024-02-03,2024-01-29,2024-02-08,14.716815191683418,5.737854658014236,1764.0592827344897,1763.269692715723,1765.303606110625,2.033913394901901,0.75,0.0305514298248715,2
2024-02-10,2024-02-08,2024-02-12,11.09325285480389,6.898371549098278,2430.14261142613,2429.546307701152,2430.977785870433,1.4314781692810357,1.0,0.0360351045175674,2
2024-02-10,2024-02-08,2024-02-12,11.524368308437555,6.7633067709535295,1732.81516201453,1732.4749371553771,1733.4716445342638,0.99670737888664,1.75,0.1771740367676294,2
2024-02-10,2024-02-08,2024-02-12,16.89134120054699,4.830405613441969,2327.883797150484,2266.2876728475094,2356.387362394016,90.09968954650684,0.75,0.0839305745861229,2
2024-02-10,2024-02-08,2024-02-12,27.934604873732827,3.5442061047969178,336.4831574433737,335.1968433428556,337.61430863151327,2.417465288657695,3.25,0.0542566449607161,2
2024-02-10,2024-02-08,2024-02-12,17.163733433283284,3.5705931572841685,453.9262221997214,451.2380431653,454.9640647373162,3.72602157201618,1.75,0.2667618248594011,2
2024-02-10,2024-02-08,2024-02-12,21.779084044007377,7.068097700944723,450.6942734385141,450.1082851211541,451.4846992972307,1.3764141760766506,4.25,0.2227683877998887,2
2024-02-10,2024-02-08,2024-02-12,11.618544702810327,6.599725327157525,453.5846229604586,451.2380431653,454.7195991920307,3.4815560267306864,2.25,0.0964382479403111,2
2024-02-16,2024-02-12,2024-02-21,15.882212014003173,3.242792310598512,1541.7728064558469,1537.692533943802,1545.519372439012,7.826838495209813,2.25,0.0697320339830771,2
2024-02-16,2024-02-12,2024-02-21,13.636617652150784,5.417369354286851,1638.6979078647792,1621.132408272941,1655.9637280013412,34.83131972840056,1.5,0.0999213884561638,2
2024-02-16,2024-02-12,2024-02-21,18.63739819108041,3.6883178571012274,1323.5330762248475,1298.7703720317222,1344.980072576087,46.20970054436475,0.75,0.1880087717804074,2
2024-02-16,2024-02-12,2024-02-21,45.766354950882736,4.209577426865122,1317.1475641191255,1298.7703720317222,1333.4900661967697,34.71969416504726,1.75,0.7716646458998344,2
2024-02-16,2024-02-12,2024-02-21,33.24870653065066,4.072274167706159,1441.9209422224812,1405.6498124520294,1460.1747810626402,54.52496861061081,1.5,0.2342467551530855,2
2024-02-16,2024-02-12,2024-02-21,22.128982416439907,3.460165237112732,1497.471924109414,1477.7700403453782,1511.1716400906444,33.40159974526614,0.75,0.3061806339227346,2
2024-02-16,2024-02-12,2024-02-21,15.42066856662228,3.8047089502654985,1577.3587714153114,1572.5999646494165,1582.4085731999949,9.808608550578356,2.25,0.1599129462057263,2
2024-02-16,2024-02-12,2024-02-21,28.173426651937064,4.030679070039393,1148.1897653133997,1143.568282453809,1152.3985374127517,8.830254958942533,2.25,0.4258810475265695,2
2024-02-16,2024-02-12,2024-02-21,14.05284438668482,4.383471518887473,1154.7344542387343,1151.946014016401,1160.1809283448383,8.234914328437299,1.25,0.3130079383557516,2
2024-02-16,2024-02-12,2024-02-21,21.418631317353565,4.362413488535059,1177.029575707268,1163.1031745783985,1185.62081256276,22.5176379843615,1.75,0.4962343449835782,2
2024-02-16,2024-02-12,2024-02-21,63.82718450566595,4.05671183162332,1189.766225226444,1185.6218881900422,1193.8803938706403,8.258505680598319,1.75,0.4852316266198414,2
2024-02-16,2024-02-12,2024-02-21,45.48022711646359,4.3804355922825735,1243.6882861746058,1227.6350341662765,1259.4125017328188,31.777467566542327,1.75,0.6264489932456574,2
2024-02-16,2024-02-12,2024-02-21,37.04800340687052,4.025949442891029,1266.0583632197508,1258.2423026175238,1273.0954676843248,14.853165066801012,2.0,0.3866030821970173,2
2024-02-16,2024-02-12,2024-02-21,14.704395315472317,4.30332616534781,1384.2975572960963,1358.8775197453797,1391.968027166091,33.09050742071122,1.25,0.5194082260310939,2
2024-03-17,2024-03-14,2024-03-21,12.753776836803691,12.0122389207269,2012.1643941233096,2002.7646604320037,2020.5830363444984,17.818375912494957,1.25,0.1048343722050682,3
2024-03-23,2024-03-21,2024-03-25,12.217575634738091,5.645657417800346,1684.7448384406907,1680.6282643857412,1687.246746162884,6.618481777142733,1.0,0.2845982870669478,3
2024-03-23,2024-03-21,2024-03-25,14.876152833005428,3.4370059026331616,515.9460734556855,514.9305672775954,516.7870777356438,1.856510458048433,1.5,0.4686265620588559,3
2024-03-30,2024-03-25,2024-04-04,12.026034198847016,4.947421690849025,336.99952152097046,336.6664176620543,337.8619538163766,1.1955361543223262,2.75,0.1943010464472688,3
2024-03-30,2024-03-25,2024-04-04,20.740714143007377,5.182125489300186,458.0129584310985,457.49215550441295,458.47771599749103,0.9855604930780828,4.25,0.4114345381515172,3
2024-03-30,2024-03-25,2024-04-04,12.89963780371734,5.337626788277292,118.43217383826232,112.02858957042918,123.3407097547315,11.31212018430233,0.75,0.4322812631843936,3
2024-03-30,2024-03-25,2024-04-04,26.31502124649508,10.439636139148062,114.47786675440824,113.42607842152938,115.54762761481106,2.1215491932816803,1.25,0.0398380213217858,3
2024-03-30,2024-03-25,2024-04-04,15.562041008575122,10.26516207271756,115.56511210093647,115.05123335216194,116.27889936370777,1.2276660115458071,0.75,0.049581312959791,3
2024-03-30,2024-03-25,2024-04-04,10.705527914618806,3.416797721475138,78.49539793307892,55.36843092599884,104.13843424525112,48.77000331925228,0.75,0.2499489349309069,3
2024-04-07,2024-04-04,2024-04-10,18.17721388065049,5.627558364047384,104.29812489768766,65.37181615270674,112.57562002865598,47.203803875949234,1.5,0.3132783053979476,4
2024-04-07,2024-04-04,2024-04-10,25.236134992623818,4.458076879752113,107.03017596540172,64.72817215882242,110.09389576222748,45.36572360340506,1.0,0.1216605379051286,4
2024-04-07,2024-04-04,2024-04-10,24.301808347914147,4.279259683723589,84.90775233727206,58.54463917063549,108.42735917912796,49.88272000849247,1.75,0.3416790473649694,4
2024-04-07,2024-04-04,2024-04-10,10.488397754960914,4.009603185713113,112.01757327827988,110.7270602490753,113.6811688230373,2.954108573962003,0.75,0.6457483484475857,4
2024-04-07,2024-04-04,2024-04-10,15.815595989187804,3.565369541099407,292.6957455151468,277.2542174383998,308.1758835553192,30.92166611691937,1.0,0.2653022544833738,4
2024-04-13,2024-04-10,2024-04-16,12.808156127585914,12.009162796262263,2565.651062842668,2536.0690189907327,2608.3416041992605,72.27258520852774,1.25,0.1079196585766908,4
2024-04-21,2024-04-16,2024-04-26,12.479382002932253,3.353778900270288,2554.270419273528,2522.4184138975106,2599.0887240264565,76.67031012894586,1.25,0.8238532770247731,4
2024-04-21,2024-04-16,2024-04-26,10.20643958078802,3.9312689519922137,242.7792271498072,241.95411574607715,243.9768909467384,2.022775200661272,2.0,0.3481822347880758,4
2024-04-21,2024-04-16,2024-04-26,17.240418269724223,3.590820254130415,292.2066757547711,280.2966503328644,308.1758835553192,27.879233222454783,1.0,0.4469937290463044,4
2024-04-21,2024-04-16,2024-04-26,16.32074540414852,5.0752128275430985,336.0762970831944,335.1968433428556,336.9130737939849,1.7162304511293769,4.0,0.4596268826998478,4
2024-04-21,2024-04-16,2024-04-26,13.95404096993316,5.397721868894627,444.2965854347401,443.7893437431194,445.00836614798754,1.2190224048681555,1.5,0.5479702767086636,4
2024-04-21,2024-04-16,2024-04-26,10.460161177617822,6.01827891851206,438.93685004553066,436.53206395125017,447.4239378226921,10.89187387144193,1.5,0.19034276415582,4
2024-04-21,2024-04-16,2024-04-26,13.140017770371015,3.604686685425209,454.15199916959534,451.2380431653,454.9640647373162,3.72602157201618,1.5,0.0571102154567514,4
2024-04-21,2024-04-16,2024-04-26,12.296783701744651,4.2097092146450565,445.8924477459929,445.4899788177572,446.4681370006874,0.9781581829302012,1.5,0.6090235359881724,4
2024-04-21,2024-04-16,2024-04-26,18.920123034175383,3.629198476100013,515.6687591277711,514.9305672775954,516.5363974878564,1.6058302102610469,1.75,0.4587239832148326,4
2024-04-21,2024-04-16,2024-04-26,13.115452669551711,16.283392507291055,499.1482600694363,484.4237879370339,515.177223409526,30.75343547249213,1.75,0.5331950339424474,4
2024-04-21,2024-04-16,2024-04-26,15.11003563048792,9.62420898515892,505.29703866953855,501.4673467231914,533.6868399106897,32.2194931874983,1.75,0.3785522309059402,4
2024-05-05,2024-05-01,2024-05-10,10.909170855318695,3.5948160338716493,293.65934509123014,280.2966503328644,307.3305857796222,27.033935446757823,0.75,0.2706659308294529,5
2024-05-19,2024-05-14,2024-05-24,11.356258588439564,4.831353076596486,336.8077901243468,336.4189290916547,337.36666366364807,0.947734571993351,2.75,0.1482922502317846,5
2024-06-09,2024-06-07,2024-06-11,27.247079271431318,3.51406442579313,515.9006090180719,514.9305672775954,517.0377578777261,2.107190600130707,2.0,0.7402636089625458,6
2024-06-09,2024-06-07,2024-06-11,11.075476964015978,5.180171426980682,444.2621655991947,443.7893437431194,445.00836614798754,1.2190224048681555,1.5,0.4594164404028389,6
2024-06-09,2024-06-07,2024-06-11,28.86557082864494,4.354655936560939,457.6340462938409,457.0019825380296,458.47771599749103,1.4757334594614804,3.0,0.6480459537414629,6
2024-06-16,2024-06-11,2024-06-21,20.425496856004955,4.954277503497329,336.6225691100485,335.92395223723724,337.36666366364807,1.442711426410824,3.75,0.2013767092513471,6
2024-07-06,2024-07-03,2024-07-09,11.660803681253675,4.065327191609996,457.3222976733211,457.0019825380296,457.987540292088,0.9855577540583907,2.0,0.1958471960245736,7
2024-07-27,2024-07-25,2024-07-29,19.39365594281717,3.2555886580871563,98.54820426493994,64.72817215882242,115.04427704634143,50.31610488751903,0.75,0.8851230063602522,7
2024-07-27,2024-07-25,2024-07-29,19.658927829664947,3.67135548512354,515.7525033695226,514.9305672775954,516.7870777356438,1.856510458048433,1.75,0.7153209188024312,7
2024-07-27,2024-07-25,2024-07-29,20.22564249182749,6.129385690252422,441.083462120446,436.53206395125017,449.3837605477311,12.851696596480906,4.5,0.7030638090969732,7
2024-08-02,2024-07-29,2024-08-07,11.317720417746388,9.397204381272935,2445.5843924830515,2414.557966961991,2480.4340648865327,65.87609792454168,1.75,0.0371686392921123,8
2024-08-02,2024-07-29,2024-08-07,12.489358010188187,4.30176856748125,457.355439663721,457.0019825380296,457.987540292088,0.9855577540583907,2.0,0.278783851965364,8
2024-08-02,2024-07-29,2024-08-07,15.876982040709782,4.928435996859818,336.6446865502897,336.17144065583125,337.36666366364807,1.1952230078168211,3.5,0.1341891466953193,8
2024-08-02,2024-07-29,2024-08-07,17.808179925502778,3.700197654982903,272.0877165982349,271.3621741877869,273.0530554521829,1.6908812643960118,1.25,0.0572919413630496,8
2024-09-08,2024-09-05,2024-09-11,12.24728351590815,3.780728590483568,271.7635923159394,271.1056393934414,272.2833210634999,1.1776816700585186,1.25,0.1699520611411512,9
2024-09-14,2024-09-11,2024-09-18,12.040822528900952,3.612318316765151,108.41603567079272,107.53919737134127,109.34810273628682,1.808905364945531,1.0,0.1922578713889677,9
2024-09-21,2024-09-18,2024-09-24,32.043996544071206,4.739114206192779,337.850496239751,335.92395223723724,340.2773338649422,4.353381627704948,3.5,0.3189440165735469,9
2024-09-21,2024-09-18,2024-09-24,10.672806512156884,8.814823186027402,115.20327240600668,114.57083135424182,115.7902509481646,1.219419593922794,1.0,0.054104131632604,9
2024-09-21,2024-09-18,2024-09-24,10.150053989028674,4.614609437888246,108.14431276425802,107.68886002385987,108.78058035392314,1.0917203300632536,0.75,0.0400264402458089,9
2024-09-21,2024-09-18,2024-09-24,36.54825199969308,5.585007880129239,99.61574090441631,65.04999404354021,113.30930312629788,48.25930908275768,1.75,0.2389240755793753,9
2024-10-06,2024-10-03,2024-10-09,17.26462010772523,7.741657278157197,451.1873586175474,450.5068571916781,454.2306681009941,3.723810909315944,3.25,0.5738255989792385,10
2024-10-06,2024-10-03,2024-10-09,18.52864028782033,6.191158968530298,440.2823941264686,436.53206395125017,448.8963824347593,12.364318483509123,2.5,0.5224759142869195,10
2024-10-12,2024-10-09,2024-10-15,24.848880549010392,9.340157063754525,2445.4939224644395,2413.894470969215,2480.919733562041,67.02526259282604,2.5,0.0629690869033616,10
2024-10-12,2024-10-09,2024-10-15,27.502072380621215,9.205167942231208,2461.9500163947355,2414.226218972821,2481.6296323770657,67.40341340424493,2.0,0.0609303738568771,10
2024-10-12,2024-10-09,2024-10-15,14.051503440623575,3.676503020665773,516.1052354742079,515.5628979308531,516.7870777356438,1.224179804790765,1.5,0.3383214092012487,10
2024-10-18,2024-10-15,2024-10-21,10.911534499366956,5.003900648178119,336.3402860685732,335.6918867249042,337.1190187325701,1.4271320076659322,3.25,0.3121005107005897,10
2024-10-25,2024-10-21,2024-10-29,19.762603506654663,17.44527452760146,1570.250446245028,1568.4963779626414,1572.577554405667,4.08117644302547,6.0,0.1181575351884055,10
2024-10-25,2024-10-21,2024-10-29,13.041685220175212,6.330099384470106,1861.33190491637,1860.155461245682,1862.31508528674,2.159624041058123,1.25,0.1820354390718603,10
2024-10-25,2024-10-21,2024-10-29,12.420573014676688,7.829033371511638,337.6263897001862,336.6664176620543,338.83960974402726,2.1731920819729567,1.75,0.13681848455799,10
2024-11-01,2024-10-29,2024-11-04,43.708246628128286,4.235808041095202,338.541692995588,336.6664176620543,340.5250849579461,3.858667295891792,2.5,0.2941473157951074,11
2024-11-13,2024-11-12,2024-11-14,12.059922901453298,5.747001758970117,111.90784172006391,111.3180121597834,112.82018100144342,1.5021688416600227,1.25,0.1238757540252991,11
2024-11-16,2024-11-14,2024-11-19,29.587460563247035,6.156775695699914,441.5262277685569,436.53206395125017,449.62387712532654,13.091813174076378,4.25,0.6282533808379798,11
2024-11-16,2024-11-14,2024-11-19,10.107836942127756,6.55305463339659,1861.2807655513932,1860.403393270448,1862.562227757182,2.158834486734122,1.5,0.1312735343875348,11
2024-11-16,2024-11-14,2024-11-19,19.465234319022777,10.003007744611528,1566.9106999458108,1564.8463794155978,1568.743034094572,3.8966546789743006,2.25,0.0968205695788271,11
2024-11-16,2024-11-14,2024-11-19,19.05543303838956,5.9992224699730015,101.8950131214167,67.88291953783482,115.5455268532969,47.66260731546208,1.5,0.4246781420674894,11
2024-11-16,2024-11-14,2024-11-19,15.40123416000326,5.182975966847589,1581.819201544756,1580.2988661127165,1583.4628217052668,3.1639555925503373,1.75,0.432969986102214,11
2024-11-16,2024-11-14,2024-11-19,14.954713797649871,4.788884060863957,337.0754529848322,336.4189290916547,337.8619538163766,1.4430247247219086,2.75,0.2321156630250545,11
2024-11-22,2024-11-19,2024-11-26,14.593903974581057,6.165455789736856,1861.2724694353465,1860.155461245682,1862.287085806951,2.1316245612688363,1.25,0.6327531470082282,11
2024-11-22,2024-11-19,2024-11-26,16.749530080663508,3.3639107443193077,100.12913008639462,64.72817215882242,110.3386682253331,45.61049606651068,1.0,0.7444165290610438,11
2024-11-22,2024-11-19,2024-11-26,10.479753690817406,4.373006191084971,457.39394929193713,457.0019825380296,457.987540292088,0.9855577540583907,2.0,0.1126662982310369,11
2024-11-22,2024-11-19,2024-11-26,10.184402150344711,3.7309604088764576,454.2576535448457,451.2380431653,457.0035520591773,5.765508893877268,1.25,0.3949632310320705,11
2024-11-22,2024-11-19,2024-11-26,11.18494640855265,6.063353791831899,451.0519634737778,450.1082851211541,454.2306681009941,4.12238297984004,4.0,0.551235146191783,11
2024-11-22,2024-11-19,2024-11-26,13.7015257065806,3.65339848698624,515.523807100974,514.9305672775954,516.2857172954828,1.355150017887354,1.75,0.589629206827974,11
2024-11-22,2024-11-19,2024-11-26,22.84872192621189,10.436312597352307,119.55291639144768,117.42503394279628,121.92678460851312,4.501750665716827,1.25,0.7551146544731646,11
2024-11-22,2024-11-19,2024-11-26,11.475726485940172,11.134324025779362,76.4948047426115,67.88291953783482,114.55537384562194,46.67245430778712,1.25,0.717603116556329,11
2024-12-08,2024-12-03,2024-12-13,24.812590032319434,6.95991598288906,450.78068076273655,450.1082851211541,451.4846992972307,1.3764141760766506,4.5,0.1042600443908545,12
2024-12-08,2024-12-03,2024-12-13,13.97784760314678,3.7074401700601225,454.3027243530389,451.2380431653,457.2486386699602,6.010595504660159,1.5,0.0426967925976567,12
2024-12-08,2024-12-03,2024-12-13,14.70753043823722,6.638358709974747,454.0650818977809,451.2380431653,454.9640647373162,3.72602157201618,2.75,0.0465395220147227,12
2024-12-08,2024-12-03,2024-12-13,17.919597460169438,3.529836451266952,515.7438024782023,514.9305672775954,516.5363974878564,1.6058302102610469,1.75,0.6928155603292896,12
2024-12-08,2024-12-03,2024-12-13,11.339818340606058,6.135249498631839,115.010136886494,114.553169391118,115.78998427698389,1.236814885865897,1.0,0.3903322067349746,12
2024-12-28,2024-12-27,2024-12-30,15.322821065709917,3.499708864132592,105.26446399363664,58.87139579001814,110.09389576222748,51.22249997220933,1.0,0.838857809861141,12
2024-12-28,2024-12-27,2024-12-30,12.027190399465445,14.391496630116762,1487.5810921079308,1487.220314190723,1488.1995815117843,0.979267321061343,2.25,0.4005428187637772,12
2024-12-28,2024-12-27,2024-12-30,11.725089052278433,5.682043464792865,444.144945768418,443.7893437431194,444.76450271578506,0.9751589726656676,1.75,0.4408216567142442,12
2024-12-28,2024-12-27,2024-12-30,19.933116890658315,5.301501495703657,441.9634314462392,436.53206395125017,449.3837605477311,12.851696596480906,4.0,0.7010066084726985,12
2024-12-28,2024-12-27,2024-12-30,17.34006161226914,3.600444924331638,515.7702737201399,514.9305672775954,516.5363974878564,1.6058302102610469,1.75,0.6003256268253643,12
2024-12-28,2024-12-27,2024-12-30,33.18953680780215,9.265728966030489,758.7253866629361,749.9657187811099,770.0234086685814,20.057689887471497,0.75,1.750484019667362,12
2024-12-28,2024-12-27,2024-12-30,18.77347116437469,5.438229023069877,652.9127837691536,651.346704273019,654.6583146522753,3.311610379256308,1.75,0.5040399693978836,12
2024-12-28,2024-12-27,2024-12-30,13.394224046500062,4.46124519026056,457.4338041002594,457.0019825380296,458.2326281890273,1.230645650997758,2.0,0.6799946640368748,12
2025-01-12,2025-01-10,2025-01-14,16.108439221790864,5.033109185887378,336.7729585764325,335.92395223723724,337.61430863151327,1.690356394276023,3.25,0.2713551242065093,1
2025-01-12,2025-01-10,2025-01-14,11.25067064812302,17.618960751675377,1568.064524313695,1567.959230829496,1568.4744604984298,0.5152296689338982,3.5,0.454686943106905,1
2025-01-12,2025-01-10,2025-01-14,25.45902284636936,22.803558160105418,1566.9123880482516,1565.9024698622525,1567.7428683117032,1.8403984494507315,4.0,0.6953994988756851,1
2025-01-12,2025-01-10,2025-01-14,10.885969207932671,10.180603862300188,109.26258246734707,108.66964265611024,110.29165029572324,1.6220076396130023,1.0,0.2939576619155898,1
2025-01-19,2025-01-14,2025-01-24,11.951532947478023,7.263434469498329,453.85985099918906,451.2380431653,454.7195991920307,3.4815560267306864,3.5,0.3152835496803452,1
2025-01-19,2025-01-14,2025-01-24,16.38218498005113,7.093243118112654,450.8348557481538,450.5068571916781,451.4846992972307,0.977842105552554,4.25,0.3296065341022419,1
2025-01-19,2025-01-14,2025-01-24,10.692348460849422,3.6415735430934033,454.0998798835355,451.2380431653,454.9640647373162,3.72602157201618,1.25,0.2651931667480234,1
2025-01-26,2025-01-24,2025-01-29,11.498202409322024,10.58384844257886,114.64229752128166,114.32820883672684,115.30273187253624,0.9745230358093976,1.0,0.4265711818220979,1
2025-01-26,2025-01-24,2025-01-29,10.88146033384098,10.36837837424308,115.57426737724904,115.05123335216194,116.27889936370777,1.2276660115458071,1.0,0.5783842313613929,1
2025-01-26,2025-01-24,2025-01-29,11.222164598955796,6.318877802493581,1861.482403799205,1860.907665203791,1862.287085806951,1.379420603159815,0.75,0.4021858094344449,1
2025-01-26,2025-01-24,2025-01-29,12.39508788648528,15.322815702063792,2443.1900378168243,2404.8159424611367,2472.502929970622,67.68698750948533,2.25,0.4137488447482729,1
2025-01-26,2025-01-24,2025-01-29,13.585391181710934,22.613585849771496,1566.6301844202126,1565.9024698622525,1567.2055798410438,1.3031099787913265,4.25,0.6736115319300584,1
2025-01-26,2025-01-24,2025-01-29,10.0994586499664,14.41899982904104,1567.8451155553826,1567.4962121797726,1568.4744604984298,0.978248318657279,2.75,0.3260873225946531,1
2025-01-26,2025-01-24,2025-01-29,44.811757796930834,5.589257615219666,441.9219045334912,436.53206395125017,449.86756510380656,13.33550115255639,4.5,0.9231324665710028,1
2025-01-26,2025-01-24,2025-01-29,11.78562463345751,3.634563095417483,515.4654369905264,514.9305672775954,516.2857172954828,1.355150017887354,1.75,0.8187462067882367,1
2025-02-15,2025-02-10,2025-02-20,12.07688914348815,8.782697912752631,115.1174834970615,114.57083135424182,115.7902509481646,1.219419593922794,1.25,0.3362889664942692,2
2025-02-22,2025-02-20,2025-02-25,10.006183722091803,15.822297732913473,213.61527288868004,211.00142727140337,216.79804973490536,5.79662246350199,4.5,0.1023275669206021,2
2025-03-02,2025-02-25,2025-03-07,12.567626317332092,5.291299337783764,653.4445685178995,651.7192823742516,654.8569789617322,3.1376965874806046,1.5,0.4203233361493375,3
2025-03-02,2025-02-25,2025-03-07,22.54148667829488,3.601725971873087,515.8461957831832,514.9305672775954,516.7870777356438,1.856510458048433,1.5,0.2800454766178389,3
2025-03-14,2025-03-10,2025-03-18,18.466539056843818,3.586246767541263,515.6356448566377,514.9305672775954,516.5363974878564,1.6058302102610469,1.75,0.2628736850996716,3
2025-03-14,2025-03-10,2025-03-18,14.924894921220442,11.202391602130032,84.59360132548493,67.88291953783482,114.79982552304864,46.916905985213816,1.25,0.4596260593961848,3
2025-03-14,2025-03-10,2025-03-18,12.63076658726436,10.354865651112409,112.08668390375593,111.56266399286687,113.06474210787565,1.5020781150087714,1.0,0.3469546890265096,3
2025-03-14,2025-03-10,2025-03-18,23.38842206883699,10.457429117408088,114.3370477778656,113.42607842152938,115.54762761481106,2.1215491932816803,1.5,0.5498011864404162,3
2025-03-21,2025-03-18,2025-03-24,18.310713428856307,4.454235544464619,108.50479137153106,107.53919737134127,110.09389576222748,2.554698390886188,0.75,0.367727904803759,3
2025-03-21,2025-03-18,2025-03-24,13.31855241178506,5.836217134695229,110.52726323769228,65.69363803602755,112.57562002865598,46.881981992628425,1.25,0.4338598891508344,3
2025-03-28,2025-03-24,2025-04-01,12.036550383031878,6.296968646430832,459.8123611857709,459.6859548850916,460.1776930657216,0.491738180629909,2.75,0.3448931366543017,3
2025-03-28,2025-03-24,2025-04-01,25.364828446098965,9.9144867357738,118.03770304582028,117.42503394279628,119.80305335577576,2.378019412979484,2.0,0.0790890344827624,3
2025-03-28,2025-03-24,2025-04-01,12.175279041234626,6.139442734013692,106.52727813277455,68.84899233328179,115.78998427698389,46.9409919437021,1.0,0.36888823370198,3
2025-03-28,2025-03-24,2025-04-01,11.539379183986528,5.211394047636478,458.0726905396514,457.49215550441295,458.7228037160821,1.2306482116691768,2.0,0.3505423523529383,3
2025-04-05,2025-04-01,2025-04-10,25.63955712904497,5.976455963712448,440.4731850568984,436.53206395125017,449.1400715583004,12.60800760705024,3.25,0.7757949839550038,4
2025-04-05,2025-04-01,2025-04-10,18.718832514669742,10.466149209913244,114.61698602135311,113.9113845755346,115.54762761481106,1.6362430392764509,1.25,0.4346085956212464,4
2025-04-05,2025-04-01,2025-04-10,10.964748093269671,15.15769909588834,2428.445419711364,2404.8159424611367,2472.2589367092587,67.44299424812198,2.0,0.2537062282156205,4
2025-04-05,2025-04-01,2025-04-10,14.397327053756614,14.528377210155863,1487.5537944394553,1487.220314190723,1487.9578427486122,0.7375285578891635,2.5,0.2070582837243106,4
2025-04-18,2025-04-15,2025-04-21,20.687001687077828,9.457151831937608,118.22220742069808,117.66499518975616,119.09274192620067,1.4277467364445329,2.0,0.6299840239450571,4
2025-04-18,2025-04-15,2025-04-21,10.218254409507496,8.840383866850527,115.24277856095944,114.81345358351246,115.7902509481646,0.9767973646521568,1.0,0.2286643593678139,4
2025-04-18,2025-04-15,2025-04-21,12.650166092040704,11.031980022188035,119.28880774386934,118.60613191174345,120.28799499943852,1.681863087695092,0.75,0.3243896410377989,4
2025-04-25,2025-04-21,2025-04-29,27.751650771074917,9.353258730291095,2449.6105948358445,2414.226218972821,2480.919733562041,66.69351458922029,2.25,0.3489841619595618,4
2025-04-25,2025-04-21,2025-04-29,38.400077174511445,5.573408952716387,459.56855242347547,458.7132494091056,460.4227749914862,1.7095255823805928,5.75,0.836771029112402,4
2025-04-25,2025-04-21,2025-04-29,13.321218147930896,7.991396397372243,457.6183353729152,457.0019825380296,458.47771599749103,1.4757334594614804,2.25,0.3782595464537358,4
2025-04-25,2025-04-21,2025-04-29,14.86650956487147,6.416646304185888,457.2713291280277,456.75689592724666,457.987540292088,1.2306443648412824,3.0,0.437500302719101,4
2025-04-25,2025-04-21,2025-04-29,26.426463570102992,4.187189093689254,457.95084755247206,457.0019825380296,458.7228037160821,1.7208211780525744,2.75,0.4799317269039443,4
2025-05-02,2025-04-29,2025-05-05,14.731846416363272,5.759236924332394,103.6334414802327,68.52696806099266,115.5455268532969,47.01855879230425,1.25,0.2615280246661638,5
2025-05-02,2025-04-29,2025-05-05,16.380178432417868,7.344816528160017,454.03734461638817,450.9943145266734,454.9640647373162,3.969750210642815,3.5,0.3690709777114687,5
2025-05-02,2025-04-29,2025-05-05,18.5663059124468,4.911818614279961,337.01678875071315,336.17144065583125,337.8619538163766,1.690513160545379,3.0,0.2998312866698044,5
2025-05-09,2025-05-05,2025-05-14,18.71115232102579,22.09329016481906,565.254434564767,563.590549709741,568.4974781423807,4.906928432639688,1.5,0.147471254759389,5
2025-05-16,2025-05-14,2025-05-19,23.04773519297948,9.069344460562204,2462.8006957412917,2414.226218972821,2481.6296323770657,67.40341340424493,1.75,0.2389807953210171,5
2025-05-16,2025-05-14,2025-05-19,15.47059941406513,6.039695430541368,108.0540698887504,68.84899233328179,115.78998427698389,46.9409919437021,1.0,0.035395970943593,5
2025-06-07,2025-06-02,2025-06-13,23.416120504164244,21.8624549649273,1566.7075520909384,1565.9024698622525,1567.4742241189815,1.5717542567290366,5.0,0.5835238220926187,6
2025-06-14,2025-06-13,2025-06-16,25.12482524668681,9.116525376306612,2480.6145521726494,2479.944574431982,2481.6296323770657,1.6850579450838268,2.25,0.1369023439168093,6
2025-06-14,2025-06-13,2025-06-16,21.846559295458327,9.390403060079032,2443.4412038012238,2413.894470969215,2480.6768992925063,66.78242832329124,2.0,0.1780230833719723,6
2025-06-29,2025-06-27,2025-07-01,30.51071234763302,4.884457644245601,337.2057130799462,335.92395223723724,338.83960974402726,2.915657506790012,3.25,0.3858425554383005,6
2025-06-29,2025-06-27,2025-07-01,16.490258597537203,7.4715504974141504,457.3416886392212,456.75689592724666,458.2326281890273,1.4757322617806494,3.25,0.5150347193583105,6
2025-06-29,2025-06-27,2025-07-01,12.528614566865608,4.61571746628775,457.7664777536286,457.24706906592473,458.47771599749103,1.230646931566298,2.0,0.4742867747421342,6
2025-07-06,2025-07-01,2025-07-11,26.39924691586544,22.849083070549074,1566.5927346283836,1565.9024698622525,1567.2055798410438,1.3031099787913265,5.0,0.6200696248127291,7
2025-07-06,2025-07-01,2025-07-11,16.12872977184381,18.583400310156662,1567.414132439145,1566.9589237091132,1567.9373135617934,0.978389852680266,2.75,0.3698595556021328,7
2025-07-12,2025-07-11,2025-07-14,11.63372490779387,3.4095433872331635,515.8852231002804,514.9305672775954,516.5363974878564,1.6058302102610469,1.5,0.2117490710462313,7
2025-07-12,2025-07-11,2025-07-14,24.9322120899025,9.216658862270677,2480.609402288763,2479.944574431982,2481.6296323770657,1.6850579450838268,2.25,0.2961824342389918,7
2025-07-18,2025-07-14,2025-07-22,10.462250971695608,4.941036420690916,336.7012476568663,336.17144065583125,337.61430863151327,1.4428679756820202,3.25,0.2980889702929334,7
2025-08-01,2025-07-28,2025-08-05,14.951685476990091,6.415937497783232,1152.8761334592737,1151.4506904063746,1154.7321023773402,3.2814119709655643,0.75,0.1536776853175292,8
2025-08-01,2025-07-28,2025-08-05,14.36492075450324,6.211067694689534,1158.3366848810542,1156.9623253061436,1159.9331066571176,2.970781350973993,0.75,0.08619146935774,8
2025-08-01,2025-07-28,2025-08-05,16.040101290518486,5.0783405067936505,1860.356478078576,1849.2120975242,1864.5242057689463,15.312108244746923,1.75,0.1620550941258036,8
2025-08-01,2025-07-28,2025-08-05,13.361820213808,5.325484388987603,2527.41292308887,2500.5932440012693,2580.3536954438314,79.76045144256204,1.0,0.2259056011096863,8
2025-08-01,2025-07-28,2025-08-05,80.33182864379364,4.953962122918207,2463.730712892055,2410.7509150975384,2478.571979854256,67.82106475671753,2.25,0.9571828358884926,8
2025-08-01,2025-07-28,2025-08-05,18.813349911144908,3.446342104040068,516.0702818215489,514.9305672775954,517.0377578777261,2.107190600130707,1.25,0.2390246215392219,8
2025-08-01,2025-07-28,2025-08-05,10.597188525150578,5.089630848086778,847.6043361289799,846.4961202219129,848.7462076782249,2.2500874563120306,0.75,0.2674459313959682,8
2025-08-01,2025-07-28,2025-08-05,11.377236260812037,5.536637256075697,665.5930566622362,661.3145696767606,669.3451144751161,8.03054479835555,0.75,0.1000975901419017,8
2025-08-01,2025-07-28,2025-08-05,13.594372548114858,4.37241623941355,97.557903904286,68.20494379475713,115.5455268532969,47.34058305853978,0.5,0.0308693481668013,8
2025-08-01,2025-07-28,2025-08-05,22.781988493077726,3.543590669871436,101.91767100007816,58.54463917063549,110.3386682253331,51.7940290546976,1.25,0.26722713844752,8
2025-08-09,2025-08-05,2025-08-13,10.950099185594311,9.420517710200366,2459.2835056961044,2414.8897149660625,2480.6768992925063,65.78718432644382,2.0,0.1476209490075478,8
2025-08-09,2025-08-05,2025-08-13,18.344929567477728,9.126763881309472,2473.944117699474,2414.8897149660625,2481.6296323770657,66.73991741100326,1.5,0.1872158127381079,8
2025-08-17,2025-08-13,2025-08-21,19.37397000860761,23.73899218999019,1566.4778435196272,1565.9024698622525,1567.2055798410438,1.3031099787913265,4.25,0.4814513984473723,8
2025-08-17,2025-08-13,2025-08-21,23.48774321680957,6.290172057344712,439.94202982284537,436.53206395125017,449.1400715583004,12.60800760705024,3.25,0.6856919841923936,8
2025-08-30,2025-08-25,2025-09-05,26.27240751486998,23.34070173592662,1566.6519045732289,1566.1710824118927,1567.4742241189815,1.3031417070887985,5.0,0.600204954031327,8
2025-09-13,2025-09-11,2025-09-15,11.064081450720783,15.956012965291388,519.6802162956945,519.5227026650682,520.2723061484285,0.7496034833602607,3.75,0.317705032771805,9
2025-09-26,2025-09-23,2025-09-30,14.334117103467076,4.058995551269327,457.6239778062622,457.24706906592473,458.47771599749103,1.230646931566298,1.75,0.4150190846855073,9
2025-09-26,2025-09-23,2025-09-30,22.75253590100422,6.791098609990139,457.3143863887929,456.75689592724666,457.987540292088,1.2306443648412824,4.25,0.6835921481998553,9
2025-09-26,2025-09-23,2025-09-30,14.597643898181454,6.120638719874474,459.7288286336269,459.20341900223866,460.4227749914862,1.2193559892475605,3.0,0.4898844978677097,9
2025-09-26,2025-09-23,2025-09-30,13.116536723251548,20.516871528836862,1660.4649175850686,1659.6615918553434,1661.4098730757833,1.7482812204398217,1.25,0.4217570900747885,9
2025-10-04,2025-09-30,2025-10-08,14.133510438087225,5.268975534010742,120.83371554664193,112.02858957042918,123.3407097547315,11.31212018430233,0.75,0.4131445692633168,10
2025-10-12,2025-10-08,2025-10-17,18.165911480045093,3.978242344496561,457.7212059291118,457.24706906592473,458.47771599749103,1.230646931566298,1.75,0.4958104612119307,10
2025-10-12,2025-10-08,2025-10-17,31.176634572619385,6.808606103175103,457.4525394601701,456.75689592724666,458.47771599749103,1.720820070244372,4.25,0.8299694235151522,10
2025-10-12,2025-10-08,2025-10-17,20.71056228079984,6.509176756893395,459.7024811282122,459.20341900223866,460.1776930657216,0.9742740634828806,3.25,0.7484638898684615,10
2025-10-12,2025-10-08,2025-10-17,24.742054394911555,6.711697889570431,459.2980008348509,458.7132494091056,460.1776930657216,1.464443656615913,2.75,0.839837952871969,10
2025-10-22,2025-10-17,2025-10-27,22.22890898188831,4.48953417346819,1736.7758793055184,1733.473045560531,1739.444334194064,5.971288633532822,1.75,0.2702612476753752,10
2025-11-01,2025-10-27,2025-11-06,10.782147325520752,9.667414804198495,2426.3240450318203,2413.894470969215,2480.1912305639125,66.2967595946975,1.5,0.1931825149117974,11
2025-11-01,2025-10-27,2025-11-06,22.41509859635682,8.981522239902926,2465.373083546008,2414.557966961991,2481.6296323770657,67.07166541507468,2.0,0.1926993091708589,11
2025-11-08,2025-11-06,2025-11-10,14.272174965695664,10.57836140037855,114.16040487069358,113.42607842152938,115.0601097154431,1.634031293913722,1.5,0.7974201720049701,11
