mid_date,start_date,end_date,volume,elevation,alongshore_centroid_m,alongshore_start_m,alongshore_end_m,width,height,vol_unc,month
2017-11-11,2017-10-02,2017-12-21,15.073877539564874,18.126729291694588,1473.1967911574454,1470.714340118691,1478.38920754008,7.674867421388626,10.75,0.018407585782307,11
2017-11-11,2017-10-02,2017-12-21,11.047378407050156,18.79154651105597,1485.1135644619776,1481.4014125382528,1488.6713104262017,7.2698978879489,7.25,0.0203285337881466,11
2018-01-11,2017-12-21,2018-02-01,19.431870117434208,18.887828138633257,1154.4582125071263,1150.2121787313372,1159.969554001931,9.757375270593911,8.25,0.0228849937423422,1
2018-01-11,2017-12-21,2018-02-01,13.055667584633325,20.01264306698816,722.3240493587999,715.8263892242685,728.9453417644836,13.118952540215105,3.75,0.0279521110046882,1
2018-01-11,2017-12-21,2018-02-01,42.75405686333092,11.49967640119328,509.58162355234913,504.5681053581648,515.0563814230263,10.488276064861566,8.5,0.0330988262389239,1
2018-01-11,2017-12-21,2018-02-01,32.99901682763118,6.188348904245883,1250.029850344593,1243.2733710068278,1259.7653909428043,16.492019935976714,6.75,0.0315345843707745,1
2018-02-15,2018-02-01,2018-03-01,13.54996531990762,3.7043206788879415,414.1330879348848,413.4560567466542,415.0158557854593,1.5597990388050675,2.25,0.0258649438701248,2
2018-02-15,2018-02-01,2018-03-01,15.877964490218204,6.010607252863129,762.6636374153716,757.3319946215488,767.1197508373298,9.787756215780972,1.25,0.0082809024945258,2
2018-02-15,2018-02-01,2018-03-01,10.930856810986006,8.747261066724251,761.9031618621398,757.3319946215488,766.7538213720545,9.421826750505716,1.25,0.0109682958882356,2
2018-03-13,2018-03-01,2018-03-26,24.399050856099954,18.45377306993199,166.37003953691513,140.7386981952004,198.67684113280848,57.93814293760806,1.5,0.0135973990979259,3
2018-03-13,2018-03-01,2018-03-26,20.146143930545158,4.3131096495656935,65.41470582954996,18.346320854499936,103.6264299317263,85.28010907722637,4.0,0.0281267902199773,3
2018-03-13,2018-03-01,2018-03-26,17.224084596843355,17.179781454313304,157.35329473499127,139.52388531388715,198.1222766181454,58.59839130425826,1.25,0.010780872143429,3
2018-03-13,2018-03-01,2018-03-26,29.687121330092747,6.323213135118596,46.41155229105355,22.057629615534097,106.67224304331468,84.61461342778057,2.75,0.0230141967096044,3
2018-05-05,2018-03-26,2018-06-15,10.489929037199593,4.050931904761219,1187.940046826197,1182.617022780236,1194.4306353605352,11.813612580299376,2.25,0.0290896474911855,5
2018-05-05,2018-03-26,2018-06-15,12.292198448469,3.801004930446484,414.4521416754442,413.9541871352121,415.264907903038,1.310720767825842,2.25,0.0237635634149617,5
2018-05-05,2018-03-26,2018-06-15,10.834472035719829,7.9037819697997795,156.7776675618965,156.22607104619965,157.54930239915848,1.3232313529588282,1.0,0.0088085398978471,5
2018-07-12,2018-06-15,2018-08-08,22.080604560694447,13.873959813866833,26.195093122160365,25.918528988491744,26.71524733304977,0.7967183445580304,2.0,0.014939775664865,7
2018-07-12,2018-06-15,2018-08-08,14.419594169514369,14.805163686359212,23.391842022447523,22.88057799357921,24.454575306735933,1.573997313156724,3.25,0.0178681999261791,7
2018-07-12,2018-06-15,2018-08-08,15.06177427302588,17.191141339730073,505.93296646509407,503.0742906136438,510.8240059693344,7.749715355690569,3.25,0.0249993419532537,7
2018-08-22,2018-08-08,2018-09-06,13.629381263746902,9.00697594115758,52.92400559155887,17.224506430793554,98.51011370588094,81.28560727508739,0.75,0.0362425906548591,8
2018-08-22,2018-08-08,2018-09-06,22.21358892562875,22.82184323164547,1104.9609819470832,1100.877510975115,1108.8701370521449,7.992626077029854,7.25,0.0485754834992596,8
2018-08-22,2018-08-08,2018-09-06,12.106648660803067,18.991144085750307,1160.4920750604083,1158.4311970593408,1163.056898058392,4.6257009990513325,7.5,0.030672298957905,8
2018-10-22,2018-10-08,2018-11-05,10.439826326357904,15.32073362553729,77.462631931967,20.230239662807435,103.6264299317263,83.39619026891887,4.0,0.0198887068309904,10
2018-10-22,2018-10-08,2018-11-05,55.52429119259226,17.079911655094094,27.94709233757709,23.129116822499785,105.6784746912308,82.54935786873102,5.0,0.0388438740610448,10
2018-10-22,2018-10-08,2018-11-05,51.12551607813055,16.125320159406304,39.2193019899938,17.577073462307453,103.6264299317263,86.04935646941885,8.0,0.0650759613020415,10
2018-10-22,2018-10-08,2018-11-05,10.588641448454371,11.875786443918166,27.211363097301643,26.843698393087838,27.820933796931055,0.977235403843224,1.0,0.0151111430657791,10
2018-10-22,2018-10-08,2018-11-05,60.583744759421336,13.4944823774358,27.025288621205263,25.918528988491744,28.738993019796908,2.820464031305164,3.75,0.0276608101526454,10
2018-10-22,2018-10-08,2018-11-05,11.208251476650684,12.118109568074994,37.67158468295652,22.88057799357921,105.18159051425756,82.30101252067834,1.0,0.020596894862228,10
2018-11-13,2018-11-05,2018-11-21,12.051458070029888,7.921911813017358,158.48765673483464,157.9195034033619,159.24475679779425,1.325253394432366,1.0,0.0154268327904335,11
2018-12-22,2018-12-18,2018-12-26,168.38157426364788,4.219271572012533,1171.0210379503403,1125.9174245526085,1209.1658990266733,83.248474474065,5.0,0.088206895951142,12
2019-01-04,2019-01-02,2019-01-07,51.73517171736091,18.107076133102904,162.71399482905812,140.33381931530312,199.23140555620196,58.89758624089882,2.5,0.0155519539066168,1
2019-01-04,2019-01-02,2019-01-07,13.483947445201204,16.84997397355054,134.73315026242804,133.63007365725937,136.47302194684744,2.8429482895880938,1.5,0.0106557969855873,1
2019-01-13,2019-01-07,2019-01-19,10.459077852397096,4.456171617792914,822.6770531384993,816.7140435893089,829.0942072798498,12.38016369054094,2.5,0.0271018122776617,1
2019-01-13,2019-01-07,2019-01-19,16.39812000796272,18.697147352497613,261.1118096298068,242.9515640656464,272.11419041175395,29.16262634610757,2.25,0.0249876591552208,1
2019-01-13,2019-01-07,2019-01-19,23.135715722959564,3.750038640728381,1314.0588433589185,1295.7208041911945,1334.684526000172,38.96372180897743,2.25,0.0267765510249144,1
2019-01-13,2019-01-07,2019-01-19,11.97553251014074,4.464769288986839,1241.8309133320226,1234.1592907621523,1248.9438945073634,14.784603745210916,3.75,0.0251620513653559,1
2019-01-13,2019-01-07,2019-01-19,18.614234474799968,4.61638639551752,1060.774720791285,1052.329343494028,1069.2550313076936,16.925687813665718,3.25,0.0288579874356515,1
2019-01-13,2019-01-07,2019-01-19,91.74969354847252,3.8178261143023016,1102.1289033947526,1070.2645808574744,1135.449266992975,65.18468613550067,4.5,0.0591957771969586,1
2019-01-13,2019-01-07,2019-01-19,21.54495081420658,4.289686993673136,1134.3655992806462,1124.3262201095931,1142.7129257149063,18.386705605313185,3.0,0.0321792354636417,1
2019-01-13,2019-01-07,2019-01-19,11.547144765092478,4.402180478614628,1362.114825535193,1352.622480862774,1369.326542424038,16.704061561264098,3.25,0.0185744670863207,1
2019-01-13,2019-01-07,2019-01-19,48.44223946644501,4.756490482744233,1160.6328251981945,1147.8951677284203,1175.5739247873423,27.6787570589222,4.25,0.0394333338752154,1
2019-01-13,2019-01-07,2019-01-19,13.688456073472391,4.072506476571215,846.8537492048201,836.1999445836991,861.4608157142065,25.26087113050744,2.0,0.0287989412838081,1
2019-01-21,2019-01-19,2019-01-23,17.653331263489786,3.172076065825536,1186.0312746750108,1168.1298825056292,1203.3510929374024,35.221210431773216,1.75,0.0241535021232926,1
2019-01-21,2019-01-19,2019-01-23,18.718941650229716,3.875086280136632,1087.2638652423218,1076.1214446239171,1094.1765227485448,18.05507812462747,3.25,0.0301741555548198,1
2019-01-21,2019-01-19,2019-01-23,13.976541436534466,18.750777863944403,157.26934131030634,156.79054847126827,157.98825231846422,1.1977038471959531,0.75,0.0123636389749653,1
2019-01-26,2019-01-23,2019-01-30,15.471433863945316,19.010129055985697,251.73720900217268,240.11429643491283,271.2292219880037,31.11492555309087,1.25,0.0131869779760239,1
2019-02-02,2019-01-30,2019-02-06,23.980184703234045,7.268459386423219,850.9070183852853,843.9891507467255,858.8127186563797,14.82356790965423,4.25,0.0375364173924328,2
2019-02-02,2019-01-30,2019-02-06,25.30454072099164,19.45506382445854,1176.1048035611366,1171.212507029064,1181.075232333969,9.862725304905323,7.25,0.0202334225311363,2
2019-02-02,2019-01-30,2019-02-06,11.727692212505357,20.817880789770346,962.1560072344324,960.4868849101476,964.4907668302768,4.003881920129061,10.0,0.0270704274199404,2
2019-02-02,2019-01-30,2019-02-06,15.699295642689473,4.596863075442703,850.4640816902764,843.9891507467255,859.4026677724905,15.413517025765032,3.25,0.0453377352125726,2
2019-02-02,2019-01-30,2019-02-06,18.08686460729598,7.796592061460378,156.99757965358344,156.22607104619965,157.98825231846422,1.76218127226457,1.25,0.0091560599947591,2
2019-02-02,2019-01-30,2019-02-06,16.917368893236176,4.458817361214432,1176.7649512983137,1169.4140025302768,1183.8936614724807,14.479658942203969,2.5,0.0258920536641471,2
2019-02-17,2019-02-15,2019-02-19,10.07070373098185,3.2621015146321395,1152.770459737639,1144.778392556589,1159.7121317442509,14.933739187661558,1.75,0.0176229643392764,2
2019-03-06,2019-03-04,2019-03-08,12.967376537233616,5.743745310772976,168.91324669590426,167.9510428775102,170.1161374533549,2.165094575844705,1.25,0.014622535549624,3
2019-03-06,2019-03-04,2019-03-08,16.558228381791878,7.938537427404314,157.02205366357953,156.22607104619965,157.98825231846422,1.76218127226457,1.25,0.0086567995225942,3
2019-03-06,2019-03-04,2019-03-08,10.72614065930069,7.731866978541766,158.3035119620421,157.86268150433898,159.12134534912184,1.258663844782859,0.75,0.0065717666371416,3
2019-03-11,2019-03-08,2019-03-15,14.220943215337478,12.116445683305647,472.9751106400431,472.0878861905076,474.082388701383,1.9945025108754637,1.5,0.0458755228439215,3
2019-03-25,2019-03-23,2019-03-27,17.340254718614364,32.42090217109392,1062.5117189245416,1060.4007026446052,1065.4657289809547,5.065026336349547,6.0,0.0263302167417505,3
2019-05-17,2019-05-13,2019-05-22,20.608881489892678,17.08344979915754,163.5861074172459,140.7386981952004,198.67684113280848,57.93814293760806,1.25,0.0140854410451012,5
2019-05-17,2019-05-13,2019-05-22,14.369438586465256,17.93501155316097,168.41519752588653,140.9976328862831,198.67684113280848,57.67920824652538,1.0,0.0234676029498306,5
2019-06-07,2019-06-05,2019-06-10,11.753258820176136,20.69018100095165,671.1135584297479,670.7659367760643,671.7725436203182,1.006606844253838,1.0,0.0127027149300428,6
2019-06-07,2019-06-05,2019-06-10,17.126352839150023,18.365524916884915,674.9691257095088,674.2174656498246,675.7810480338521,1.563582384027541,1.0,0.01589484065235,6
2019-06-20,2019-06-17,2019-06-24,42.91278741261191,6.330624178582409,51.7547016693542,20.73603783315048,106.67224304331468,85.93620521016419,4.5,0.0258055056654894,6
2019-06-20,2019-06-17,2019-06-24,50.0741724383028,9.43049542918039,156.17806907708206,89.86418501334265,159.24475679779425,69.3805717844516,2.25,0.0257108971364613,6
2019-07-05,2019-07-02,2019-07-08,55.8851572262916,5.981108058054091,45.25673064734236,20.73603783315048,106.67224304331468,85.93620521016419,4.0,0.0293627375848304,7
2019-07-05,2019-07-02,2019-07-08,368.7489427025358,27.30570816210606,1057.8993912642593,1045.5479818303138,1077.8912513800897,32.34326954977587,23.0,0.078845943352122,7
2019-07-05,2019-07-02,2019-07-08,25.02667668859989,4.847557494579083,53.26481937588775,18.089861878193915,103.6264299317263,85.53656805353239,4.25,0.0223195148032603,7
2019-07-26,2019-07-22,2019-07-31,46.03766138682499,5.859239648874484,43.61285047787008,20.989004348404706,106.67224304331468,85.68323869490996,3.25,0.0277297082722582,7
2019-07-26,2019-07-22,2019-07-31,31.85194994456105,5.103240838851172,39.653451709449286,17.34561189636588,103.13003460457548,85.7844227082096,4.0,0.0368294730501958,7
2019-08-16,2019-08-13,2019-08-19,62.218978908258414,6.339336627875192,48.03924693776128,20.483116299379617,106.67224304331468,86.18912674393505,5.5,0.0293150065642867,8
2019-08-30,2019-08-29,2019-09-01,11.553633506748204,19.989010313321035,712.9286892866737,706.1594984619878,718.610992543865,12.451494081877172,2.75,0.0233958422820806,8
2019-09-03,2019-09-01,2019-09-05,10.396400619996223,22.996704635306116,672.0190819921595,671.2691596960649,672.7769509176724,1.5077912216074765,1.25,0.024644687996207,9
2019-09-03,2019-09-01,2019-09-05,16.900418567081875,30.85909126375078,660.3120214583868,660.1145495814271,660.8740950883366,0.7595455069094896,6.25,0.0380552176632023,9
2019-09-13,2019-09-11,2019-09-16,21.899062801066545,6.146676132775739,53.313271800278095,22.88057799357921,106.67224304331468,83.79166504973546,1.75,0.0194443159291306,9
2019-09-13,2019-09-11,2019-09-16,13.563571730714967,16.71106026560935,155.59550647647177,139.52388531388715,198.1222766181454,58.59839130425826,1.0,0.0084700989182247,9
2019-09-13,2019-09-11,2019-09-16,25.14760612729913,5.345701078597089,54.36180768048053,17.833445956464857,103.13003460457548,85.29658864811063,4.5,0.0250900655955243,9
2019-09-27,2019-09-24,2019-09-30,11.020928392913715,11.903240697113258,89.14696192171033,83.06931193685159,153.79358246875927,70.72427053190768,1.0,0.0096437520957826,9
2019-10-03,2019-09-30,2019-10-07,19.22450456461228,34.708910926909795,620.1404137298872,619.2328710909933,621.2271892935969,1.9943182026036084,1.5,0.012166434544715,10
2019-10-03,2019-09-30,2019-10-07,30.56115808527769,24.86024696117431,671.676914009462,670.7659367760643,673.026046231389,2.2601094553247094,2.5,0.0284512673671404,10
2019-10-03,2019-09-30,2019-10-07,12.12800821434075,23.86132829529347,674.6001554195974,673.7140973713249,675.7810480338521,2.0669506625272334,1.0,0.0231016563716924,10
2019-10-03,2019-09-30,2019-10-07,18.846657110865216,19.215353193484685,243.70852356553564,242.9515640656464,244.4814693578519,1.5299052922055123,1.5,0.0155276025510189,10
2019-10-03,2019-09-30,2019-10-07,38.31958551863073,17.664250016261573,159.67758457768542,139.92888161819428,198.67684113280848,58.7479595146142,2.25,0.0227204928928409,10
2019-10-03,2019-09-30,2019-10-07,46.005524085576994,26.675791070366216,1107.0009439888872,1102.659741814714,1112.957201327663,10.29745951294899,14.25,0.043947032042499,10
2019-10-20,2019-10-17,2019-10-24,35.897565086611884,6.199343513250371,48.36458541277239,22.057629615534097,106.67224304331468,84.61461342778057,2.75,0.0249064554551495,10
2019-10-20,2019-10-17,2019-10-24,24.91698951771904,4.85655209519764,50.38864886089256,17.577073462307453,103.6264299317263,86.04935646941885,4.0,0.0202402431242075,10
2019-10-20,2019-10-17,2019-10-24,47.09697620429559,17.44862330183036,160.2185529799488,139.27353582251817,199.23140555620196,59.957869733683765,1.75,0.0251309234991777,10
2019-10-20,2019-10-17,2019-10-24,79.41292949402705,16.545328027644423,57.27710505538521,23.129116822499785,106.67224304331468,83.54312622081488,4.25,0.0361767745579129,10
2019-11-01,2019-10-29,2019-11-05,10.837330911506797,6.7345900389960045,55.05889472803209,24.20280289044604,106.17535886541008,81.97255597496405,1.25,0.0113846306294052,11
2019-11-01,2019-10-29,2019-11-05,27.35716777640071,5.2988056103297,40.64666238440505,20.73603783315048,105.6784746912308,84.94243685808033,2.75,0.0230350617967142,11
2019-11-01,2019-10-29,2019-11-05,17.348769850562597,4.82637784786948,58.20812610198899,17.833445956464857,103.13003460457548,85.29658864811063,4.0,0.0209501625656225,11
2019-11-08,2019-11-05,2019-11-12,11.820104396701105,33.16540204685759,380.2088915258207,379.5599659201689,381.0600289418362,1.5000630216673017,1.0,0.0055924309556379,11
2019-11-15,2019-11-12,2019-11-18,15.015860614589531,16.982593118115382,594.9661419223646,590.3686628257856,598.9126456594095,8.543982833623886,5.25,0.0267494224723853,11
2019-11-15,2019-11-12,2019-11-18,44.64407651484985,5.8919735646465385,45.809546742554815,20.73603783315048,106.67224304331468,85.93620521016419,4.0,0.0234154730594431,11
2019-11-20,2019-11-18,2019-11-22,12.260110054012856,25.337150414134697,671.6190058254548,671.0175482211635,672.5253374460153,1.5077892248518765,1.75,0.021930913576464,11
2019-11-20,2019-11-18,2019-11-22,17.737920626938998,19.21222287948424,251.7049321954095,240.11429643491283,271.2292219880037,31.11492555309087,1.25,0.0176483689850309,11
2019-11-20,2019-11-18,2019-11-22,38.34711683235203,17.94428189075276,164.6757354410312,140.33381931530312,198.67684113280848,58.34302181750536,2.0,0.012538422299967,11
2019-11-20,2019-11-18,2019-11-22,17.051979267377988,34.64964517867491,620.205315120758,619.2328710909933,621.2271892935969,1.9943182026036084,1.0,0.012730486899355,11
2019-11-24,2019-11-22,2019-11-26,10.449801486548203,3.362401384427649,1062.1967953697138,1058.1358141070232,1067.7425654884428,9.6067513814196,3.0,0.058889203168682,11
2019-11-24,2019-11-22,2019-11-26,16.618759883774914,3.492901854273296,1050.8583147113195,1045.5479818303138,1058.639272261411,13.09129043109715,3.0,0.0328223446072503,11
2019-11-29,2019-11-26,2019-12-02,16.073352410936874,9.02694478698162,361.8230311606941,357.3947319104336,371.7619395926595,14.367207682225851,7.25,0.0186568113036053,11
2019-11-29,2019-11-26,2019-12-02,11.605297898945034,20.7693862672281,793.5404097606898,791.076166591607,797.9180481275544,6.841881535947323,4.25,0.0219189775385893,11
2019-11-29,2019-11-26,2019-12-02,21.32100843960992,23.602351252139503,674.3256624269168,673.5291218655184,675.7810480338521,2.251926168333739,1.75,0.0217345926718838,11
2019-11-29,2019-11-26,2019-12-02,27.379070717755845,25.272406350333352,671.6293230402401,670.265296778176,672.7769509176724,2.511654139496386,2.0,0.0702452955437724,11
2019-11-29,2019-11-26,2019-12-02,10.569110832691724,35.18259408567331,305.42853043362703,292.45458492450416,313.91364759299904,21.45906266849488,3.5,0.0096432277955176,11
2019-11-29,2019-11-26,2019-12-02,23.465107372182988,18.79867124000164,260.6826555233818,242.9515640656464,272.11419041175395,29.16262634610757,2.5,0.0169698531598439,11
2019-12-04,2019-12-02,2019-12-06,10.671753474307891,18.352889129265435,600.7990889574777,598.9096642495133,602.646612264216,3.736948014702648,4.5,0.0287132524247617,12
2019-12-04,2019-12-02,2019-12-06,37.61325248164336,32.50839638771628,615.327287970424,614.3406823328696,616.9963394897059,2.655657156836241,3.25,0.0179927414045024,12
2019-12-06,2019-12-06,2019-12-07,12.949058205655405,16.820066603022266,159.7835389441915,139.92888161819428,198.1222766181454,58.19339499995112,1.0,0.02013743900356,12
2019-12-08,2019-12-08,2019-12-09,29.41169074104754,16.608063156120867,651.0037936844783,648.4424065919593,653.6453130152076,5.202906423248351,9.75,0.0241049738662101,12
2019-12-09,2019-12-09,2019-12-09,10.489971838510364,21.6522916691668,670.9206973884967,670.5169056407176,671.5209321123548,1.0040264716371894,1.0,0.0197207131475237,12
2019-12-09,2019-12-09,2019-12-09,10.986404100329963,31.18555816551606,651.9332744471125,651.647430268582,652.682957064826,1.0355267962440848,1.25,0.0158779110999662,12
2019-12-09,2019-12-09,2019-12-09,23.979705013837908,20.793737924054195,671.4947693702793,670.5169056407176,672.7769509176724,2.26004527695477,1.25,0.0128870247627212,12
2019-12-10,2019-12-10,2019-12-11,11.390200478161942,5.329489261896507,20.43123666792784,20.12127267755568,21.023958360310644,0.9026856827549636,3.75,0.0196951434269094,12
2019-12-11,2019-12-11,2019-12-11,51.188260344937255,16.72725832875375,23.970350613911613,22.88057799357921,24.94712164672092,2.066543653141707,4.25,0.0415762194025164,12
2019-12-11,2019-12-11,2019-12-11,12.061403080473337,11.134626082654616,27.973147373192088,25.918528988491744,28.738993019796908,2.820464031305164,1.0,0.0272552174703928,12
2019-12-11,2019-12-11,2019-12-11,18.811774042588247,12.08326752980816,26.924291215449408,25.918528988491744,28.738993019796908,2.820464031305164,2.0,0.0187127641776779,12
2019-12-11,2019-12-11,2019-12-11,10.979260058017736,19.17439696958405,269.30577422866776,241.47628794657064,272.11419041175395,30.637902465183288,1.25,0.0095791477983755,12
2019-12-11,2019-12-11,2019-12-11,18.87385986158326,9.203683582926567,26.85944733817349,20.73603783315048,103.6264299317263,82.89039209857583,3.0,0.019453565748832,12
2019-12-11,2019-12-11,2019-12-11,19.02725975938037,25.20703861816185,671.1787319257484,670.5169056407176,672.2737239869311,1.7568183462135494,2.0,0.0172610264540406,12
2019-12-11,2019-12-11,2019-12-11,32.10534629293601,5.277474579337571,54.5452683191496,18.089861878193915,103.6264299317263,85.53656805353239,5.5,0.040218336115934,12
2019-12-11,2019-12-11,2019-12-11,27.69535918628899,6.212682853936734,41.385807797077646,20.483116299379617,105.6784746912308,85.19535839185119,3.75,0.0342713829817596,12
2019-12-11,2019-12-11,2019-12-11,11.007909241267363,3.059210290824926,58.26871411165833,24.449052274227142,106.17535886541008,81.72630659118295,1.25,0.035304132573441,12
2019-12-13,2019-12-13,2019-12-14,16.185743680511788,9.1142956918329,151.24455552975647,150.19546029530466,152.1230521867983,1.9275918914936483,1.0,0.013712125187568,12
2019-12-19,2019-12-16,2019-12-22,10.756686947707063,18.27016584413624,158.0162775815096,157.3550259238109,158.6796053852886,1.324579461477697,0.75,0.0174338598322608,12
2019-12-26,2019-12-22,2019-12-30,13.716372473104409,17.578449088054402,1140.0259752459335,1135.7532200939022,1143.7418386456557,7.988618551753461,5.25,0.0146574066758333,12
2019-12-26,2019-12-22,2019-12-30,50.41198757431493,15.795680475853382,644.2767125029636,638.1535417987034,650.8852503844537,12.731708585750312,10.25,0.0363586270262009,12
2019-12-26,2019-12-22,2019-12-30,21.645604768449584,6.970031835613314,118.48257951071425,75.81581247225404,150.44723271159455,74.63142023934051,2.0,0.0126994790876204,12
2019-12-26,2019-12-22,2019-12-30,35.309520395676884,8.287826627629883,151.24700199196857,150.19546029530466,152.1230521867983,1.9275918914936483,2.0,0.0235014020273766,12
2019-12-26,2019-12-22,2019-12-30,20.643733086617605,8.66077850564602,75.18344996020875,74.14891292806715,76.442860907875,2.2939479798078537,1.25,0.0141946371269396,12
2020-01-04,2019-12-30,2020-01-10,14.938078170187136,18.20827323930418,1156.299412842939,1152.013877980411,1160.22697624797,8.213098267558962,5.75,0.0184345154946641,1
2020-01-17,2020-01-14,2020-01-21,12.819011458331264,18.441409665997742,164.55716541680692,140.9976328862831,198.1222766181454,57.12464373186231,1.0,0.025270871339133,1
2020-01-30,2020-01-27,2020-02-02,23.054300139647005,17.908183534754833,1118.4421433597672,1115.0612865877338,1122.5238948543556,7.462608266621828,7.25,0.0258828826301743,1
2020-01-30,2020-01-27,2020-02-02,16.561501423203644,20.21968904896879,670.5441494192609,670.0136879379861,671.2693206374533,1.2556326994672418,1.25,0.0414386707755804,1
2020-01-30,2020-01-27,2020-02-02,14.248146217827935,4.510316344209084,1118.2722699276192,1113.216562801972,1123.805040135514,10.58847733354196,4.25,0.0139210527466407,1
2020-01-30,2020-01-27,2020-02-02,19.423083763650524,18.049025849240525,163.13331918169553,140.7386981952004,198.67684113280848,57.93814293760806,1.25,0.0278942278802663,1
2020-02-23,2020-02-23,2020-02-24,17.317355576751073,33.35256108694187,615.0083248292977,614.3406823328696,616.2498405147344,1.9091581818647685,2.0,0.0186119278243934,2
2020-02-23,2020-02-23,2020-02-24,12.431461954522474,30.180287609069133,660.2690345919868,660.1145495814271,660.8740950883366,0.7595455069094896,5.5,0.0913479553903971,2
2020-02-24,2020-02-24,2020-02-25,10.383364473711772,34.2785856108616,615.2225291050257,614.9105358948,615.7518138950691,0.8412780002690852,1.25,0.010792615906609,2
2020-02-24,2020-02-24,2020-02-25,18.210283445761284,18.869513302875013,245.6660307671011,239.38641626061872,270.7867377437651,31.4003214831464,1.5,0.0160480995287281,2
2020-02-24,2020-02-24,2020-02-25,14.42229442867908,24.973960528208508,672.1257146531244,671.5207712040283,673.026046231389,1.5052750273607671,2.0,0.0321173061293038,2
2020-03-01,2020-02-28,2020-03-04,61.01526379801098,17.61451149234086,159.7980003201948,139.92888161819428,199.23140555620196,59.30252393800765,2.5,0.0402737374899068,3
2020-03-26,2020-03-19,2020-04-02,10.20507876085753,18.731882486964302,260.40258938720507,259.7424022560008,261.2423152355477,1.4999129795469344,0.75,0.0575540626957397,3
2020-03-26,2020-03-19,2020-04-02,73.58213147573834,17.66427334257122,159.01819067216852,137.03306699497625,199.23140555620196,62.19833856122568,2.5,0.0199995264615921,3
2020-03-26,2020-03-19,2020-04-02,13.839665362418469,19.05227473873887,251.32348455797435,242.9515640656464,272.11419041175395,29.16262634610757,1.25,0.0132708481978364,3
2020-04-05,2020-04-02,2020-04-08,13.050120723586938,18.761137107685588,1010.0042525133124,1008.4662173516116,1012.4701691120864,4.003951760474592,5.75,0.0431573326716786,4
2020-04-12,2020-04-08,2020-04-16,21.15232249427328,16.96607582674538,823.1460967837604,815.2645804747008,830.1452250597067,14.88064458500594,5.5,0.0292954902138156,4
2020-04-12,2020-04-08,2020-04-16,12.6168740856198,8.8727612557756,22.337350416317303,21.556085699237883,23.62947475677356,2.073389057535678,2.75,0.0155106936329926,4
2020-04-19,2020-04-16,2020-04-23,79.89955005889765,18.93339572038429,1166.0121434246698,1159.2029370586388,1174.2896066126414,15.086669554002585,8.0,0.0520603638578864,4
2020-04-19,2020-04-16,2020-04-23,43.77491835377535,5.620116693051631,1165.35944957388,1157.1445484780706,1173.2622016412206,16.117653163149953,5.0,0.0382929479715357,4
2020-05-25,2020-05-22,2020-05-29,26.986912519866877,5.8897535958525085,42.01990039535757,22.057629615534097,106.17535886541008,84.11772924987599,3.0,0.0255688671022516,5
2020-06-04,2020-05-29,2020-06-10,23.2362729336516,22.287754164335222,1021.604264309459,1018.470138933044,1024.4782821922563,6.008143259212375,10.0,0.0342501220901564,6
2020-06-14,2020-06-10,2020-06-19,22.87523871597817,6.889549412203942,1169.8984111040809,1163.3193623027764,1178.000263378024,14.680901075247675,7.25,0.0277444843480618,6
2020-06-14,2020-06-10,2020-06-19,23.2700808078248,19.72857680534058,1170.9835936407878,1166.8585511809215,1175.3169607878665,8.45840960694477,6.75,0.0365514457175621,6
2020-06-28,2020-06-24,2020-07-02,11.766697172895611,8.486271703278772,35.65564918516614,20.989004348404706,103.6264299317263,82.6374255833216,3.25,0.0103580300762517,6
2020-06-28,2020-06-24,2020-07-02,11.889057308350417,5.000047952259828,42.31723824501728,20.230239662807435,103.6264299317263,83.39619026891887,1.75,0.0090734916133183,6
2020-07-05,2020-07-02,2020-07-08,66.8966170880597,18.01920031117483,156.23329005173844,138.86574468715116,199.23140555620196,60.36566086905077,2.25,0.0240046496201611,7
2020-07-05,2020-07-02,2020-07-08,11.403889344435624,29.729487836088477,660.3838084013432,660.121625166852,660.8740950883366,0.7524699214845896,4.25,0.0343560026059186,7
2020-07-05,2020-07-02,2020-07-08,10.044533247170596,28.44506780108215,634.6279739407324,633.7958764731884,635.6675305268727,1.871654053684324,3.25,0.0892376383825961,7
2020-07-27,2020-07-23,2020-07-31,14.884675100626511,4.330431329308298,64.57986158872168,18.346320854499936,103.13003460457548,84.78371375007555,3.75,0.0162726238482768,7
2020-07-27,2020-07-23,2020-07-31,12.7127383214153,11.877577771957387,26.331787347146054,25.918528988491744,26.98778757080436,1.0692585823126135,1.0,0.0104596683557019,7
2020-07-27,2020-07-23,2020-07-31,50.02000108521386,6.069790348378623,43.29232323768306,20.230239662807435,106.17535886541008,85.94511920260265,4.25,0.0278955972512624,7
2020-08-17,2020-08-14,2020-08-20,12.2839636021632,18.579683546509063,170.1663458425716,141.39990684296936,198.67684113280848,57.27693428983912,1.0,0.0206720733299164,8
2020-08-17,2020-08-14,2020-08-20,11.054755905335387,31.78140506060065,638.4182545897501,637.9056708985008,639.3932817168534,1.4876108183525505,1.75,0.0561831535020378,8
2020-09-03,2020-08-20,2020-09-18,13.940853325956416,31.318259661073487,660.3249364599375,660.121625166852,660.8740950883366,0.7524699214845896,5.5,0.0207249141677114,9
2020-10-30,2020-10-20,2020-11-09,13.807035657267296,24.92436773275029,669.2976810122394,668.9890291690826,669.9949431838468,1.00591401476413,1.5,0.0135688702228645,10
2020-10-30,2020-10-20,2020-11-09,21.880654460849502,31.74413577963346,652.224410723978,651.6812498974614,653.3953120079823,1.7140621105208993,1.75,0.0491696329401293,10
2020-10-30,2020-10-20,2020-11-09,15.524597497938052,25.43107134819272,671.7296350252548,671.0175482211635,672.7769509176724,1.7594026965089142,1.5,0.0335834184966993,10
2020-10-30,2020-10-20,2020-11-09,12.226162949693446,21.74944579299481,670.8678826820585,670.265296778176,671.5209321123548,1.2556353341788054,1.25,0.0200439803709985,10
2020-10-30,2020-10-20,2020-11-09,17.02440389348384,20.879403629716688,671.2790933219064,670.7659367760643,672.2737239869311,1.507787210866809,1.0,0.0121184343395988,10
2020-10-30,2020-10-20,2020-11-09,13.487972027275598,23.83493812215244,674.4825105872883,673.7140973713249,675.529419678729,1.8153223074041307,1.25,0.0186642528032515,10
2020-10-30,2020-10-20,2020-11-09,11.09342626018439,20.87289476655548,669.3439518431773,668.9890291690826,669.9949431838468,1.00591401476413,1.0,0.0220508929859344,10
2020-11-10,2020-11-09,2020-11-11,10.82196146435438,38.734960168075325,1251.3115580581534,1250.7064322419465,1252.217027896084,1.5105956541374326,2.0,0.3790089067744721,11
2021-01-06,2020-12-17,2021-01-26,15.843037802370116,46.06523311715371,1089.660994174067,1087.3268991163932,1091.8927523056043,4.565853189211339,4.5,0.0279538386631642,1
2021-01-06,2020-12-17,2021-01-26,1156.4661689333864,31.021153743621028,1097.128507089651,1082.951432770118,1117.9122126069851,34.960779836867005,36.0,0.1411530214931538,1
2021-01-06,2020-12-17,2021-01-26,14.694311298474906,3.629900891641245,1009.5676206621524,1001.469288568478,1019.4727433081716,18.003454739693552,2.25,0.0377419618548048,1
2021-01-06,2020-12-17,2021-01-26,16.33324429882281,3.611060884274146,1043.969112160211,1030.4877837845124,1054.857881521806,24.37009773729369,2.5,0.0395919895739988,1
2021-01-06,2020-12-17,2021-01-26,41.06674063185837,4.103246991883587,1155.8828684021803,1119.7103263526224,1184.6626024083234,64.95227605570108,3.0,0.0403192268688883,1
2021-01-06,2020-12-17,2021-01-26,206.42720143243767,3.886818242396817,1250.2762943771047,1185.179359014146,1318.474203151185,133.29484413703904,4.25,0.0795215347260994,1
2021-01-06,2020-12-17,2021-01-26,30.81927894304433,13.013421930241805,28.143213448219694,27.758620008360595,28.738993019796908,0.9803730114363134,2.5,0.0297050803338665,1
2021-01-06,2020-12-17,2021-01-26,25.32735841447826,17.203419518960153,24.17254176152911,23.129116822499785,24.94712164672092,1.8180048242211344,4.75,0.0275803436618911,1
2021-01-06,2020-12-17,2021-01-26,15.203903641550877,14.023846310048915,23.17699800456326,22.88057799357921,23.878107072785497,0.997529079206288,2.5,0.0252261454313781,1
2021-01-06,2020-12-17,2021-01-26,12.083901463593005,10.98766208215861,162.29934642252246,161.70314432494342,163.09273285837844,1.3895885334350169,0.75,0.028238148219724,1
2021-01-06,2020-12-17,2021-01-26,252.63526975495088,5.763087118790982,1098.9223525650102,1077.133379822597,1122.780248296447,45.64686847385019,7.75,0.0826247019816256,1
2021-01-06,2020-12-17,2021-01-26,25.719562246117697,4.519164222369194,51.170621086035744,17.833445956464857,103.6264299317263,85.79298397526145,3.0,0.0347121966363733,1
2021-01-06,2020-12-17,2021-01-26,18.593041720488078,6.529189803246793,45.25299846608539,22.3084704419598,106.17535886541008,83.86688842345029,1.75,0.0251818472175782,1
2021-01-06,2020-12-17,2021-01-26,11.928934911935537,31.232697754366267,660.2204441110437,659.8645305470563,660.6237463629805,0.759215815924108,4.0,0.1591055577900393,1
2021-02-01,2021-01-26,2021-02-08,22.36090744953969,3.733662608630083,1094.5501542657298,1084.2395079820417,1105.5072090481408,21.267701066099107,2.0,0.0364390672550456,2
2021-02-22,2021-02-08,2021-03-08,29.415646966910916,20.69839248613198,825.2125715899266,820.4298652918078,829.8825221392326,9.452656847424803,7.25,0.0299919729368122,2
2021-02-22,2021-02-08,2021-03-08,21.545416970835344,4.838913586531201,52.1236548492634,17.833445956464857,103.13003460457548,85.29658864811063,3.5,0.0188792965734652,2
2021-02-22,2021-02-08,2021-03-08,29.24053434181917,6.15103584826262,43.8989121975638,20.73603783315048,106.17535886541008,85.43932103225961,3.0,0.0226051768481601,2
2021-03-30,2021-03-08,2021-04-21,26.982200724982214,47.14331043895847,1091.915940965039,1085.2933233259246,1097.8191697956065,12.52584646968171,5.25,0.0424892334453157,3
2021-04-27,2021-04-21,2021-05-04,17.09953026478058,25.1482510750499,1115.1717497937875,1110.4069625763225,1120.4742421824485,10.067279606126249,3.25,0.0269689270155152,4
2021-04-27,2021-04-21,2021-05-04,12.613169128627886,5.8473531749147885,1116.7269604690832,1110.6619843705555,1123.2923439824954,12.63035961193964,5.25,0.0223456810443907,4
2021-05-18,2021-05-04,2021-06-01,23.304774165586096,48.312366275330064,1089.0276048140058,1083.7104949192144,1094.465780516155,10.755285596940666,5.25,0.0320215552072117,5
2021-05-18,2021-05-04,2021-06-01,13.921088561846618,37.71099155217674,370.3985884344704,369.7474885233678,371.2513137208298,1.5038251974619925,1.25,0.0099428696176076,5
2021-05-18,2021-05-04,2021-06-01,10.554725123312856,8.260548358204003,1088.9708042832317,1083.4574742033146,1094.9742522323504,11.516778029035777,5.5,0.0071343867797877,5
2021-06-22,2021-06-01,2021-07-14,10.519575050388417,4.021883472924579,964.6541405519276,957.4866178715602,971.2375755975954,13.750957726035267,2.5,0.0284318654435608,6
2021-06-22,2021-06-01,2021-07-14,23.54976609893288,19.992705222697,965.0018926235726,961.2373783220536,970.237208946608,8.999830624554306,6.75,0.031606365672882,6
2021-06-22,2021-06-01,2021-07-14,52.84738322711986,17.608346682686346,1146.453746492973,1141.4321733280085,1151.7511514653452,10.318978137336671,9.0,0.0419688311980658,6
2021-06-22,2021-06-01,2021-07-14,25.15679978590927,5.020951279460442,1147.576689572202,1139.630879577715,1155.352644851897,15.721765274181962,4.0,0.0260001214218018,6
2021-06-22,2021-06-01,2021-07-14,10.882169690554909,4.245366549946298,69.3556826495776,18.346320854499936,103.6264299317263,85.28010907722637,3.25,0.0147543975352246,6
2021-06-22,2021-06-01,2021-07-14,41.231747049217134,6.095361559226517,49.92698681812139,20.73603783315048,106.67224304331468,85.93620521016419,3.25,0.0303399601205434,6
2021-08-24,2021-08-09,2021-09-08,10.235267469489663,18.533144809467533,1109.7991596116167,1107.3414110625165,1112.7022286439314,5.360817581415176,6.25,0.0174689907637893,8
2021-08-24,2021-08-09,2021-09-08,12.450910114818786,28.243707721881982,1109.5640377751174,1107.0858035250567,1111.6804928043855,4.594689279329032,5.75,0.0446088809343973,8
2021-09-21,2021-09-08,2021-10-05,13.937137479807497,10.338101434180407,372.3845447506626,365.7413828000426,378.811871309299,13.070488509256393,3.5,0.0271309930108343,9
2021-09-21,2021-09-08,2021-10-05,18.71089512969129,4.5275117083374266,61.70381574605563,18.089861878193915,103.6264299317263,85.53656805353239,4.25,0.0174534512167591,9
2021-09-21,2021-09-08,2021-10-05,37.04422227301762,6.07694055480537,44.394675187963024,20.483116299379617,106.17535886541008,85.69224256603047,3.5,0.0235805329124469,9
2021-09-21,2021-09-08,2021-10-05,11.744062832671148,31.26942039487154,649.508571328268,649.1911402964033,650.1898906570859,0.9987503606826068,1.25,0.0085952678686003,9
2021-10-11,2021-10-11,2021-10-12,23.93586866666526,3.36241501727095,56.765952031062376,28.80409801378846,128.830041653011,100.02594363922252,3.75,0.0279647617416718,10
2021-10-24,2021-10-21,2021-10-27,10.778833478874963,31.631527747160906,652.6499530371553,652.1812063981779,653.6453130152076,1.4641066170297563,1.0,0.0715104442761556,10
2021-10-24,2021-10-21,2021-10-27,10.6685666020056,15.019468227456322,483.6733040736026,483.3384392252192,484.3368584248237,0.9984191996045412,1.0,0.0188278025964582,10
2021-10-24,2021-10-21,2021-10-27,12.61324415680794,18.08125419180084,142.9925725951075,138.86574468715116,197.5677121472545,58.70196746010333,1.25,0.013120773577987,10
2021-10-24,2021-10-21,2021-10-27,21.54160387759063,18.509917987209537,163.82918294459196,140.7386981952004,198.67684113280848,57.93814293760806,1.25,0.0084277000032379,10
2021-11-03,2021-11-03,2021-11-04,13.072470749810302,18.362561998313808,259.50865660867777,259.04297853447497,260.3437976790592,1.3008191445842383,1.5,0.1141554708721177,11
2021-11-03,2021-11-03,2021-11-04,44.76320955735885,18.81721658018469,161.46547439782842,139.92888161819428,198.67684113280848,58.7479595146142,2.25,0.0272880823743002,11
2021-11-03,2021-11-03,2021-11-04,15.541183005861148,16.67641657678517,135.27493789753245,134.021739623975,136.87895971816033,2.8572200941853225,1.75,0.0127259173270994,11
2021-11-03,2021-11-03,2021-11-04,13.406528686054148,15.749015936569222,480.3431962432757,479.85278788395226,481.1004234715365,1.247635587584227,1.25,0.026367566804633,11
2021-11-10,2021-11-08,2021-11-12,11.673339960935316,19.094368096168093,260.5098137704981,242.9515640656464,272.11419041175395,29.16262634610757,1.25,0.0149453685136664,11
2021-11-10,2021-11-08,2021-11-12,69.88070559196284,18.48341076842233,244.1502920572357,235.9167327680625,271.2292219880037,35.3124892199412,1.75,0.0237451838300025,11
2021-11-10,2021-11-08,2021-11-12,32.98596312022069,18.32453197152997,265.8002624376702,255.86395813338456,284.420366180595,28.556408047210425,1.25,0.0296380111686663,11
2021-11-10,2021-11-08,2021-11-12,16.25898616470364,23.671515875174883,674.5077288541931,673.7140973713249,675.529419678729,1.8153223074041307,1.5,0.0289616900887746,11
2021-11-10,2021-11-08,2021-11-12,21.73431048501892,20.519543968753048,671.1627337627812,670.265296778176,672.0221104752272,1.756813697051257,1.25,0.0174329369137265,11
2021-11-10,2021-11-08,2021-11-12,16.5982035471883,20.817328159052444,669.508676745133,668.9890291690826,670.265460354276,1.27643118519336,1.0,0.027311986339511,11
2021-11-10,2021-11-08,2021-11-12,12.642761954893768,31.736934305439167,652.7010417936643,652.1812063981779,653.3953120079823,1.214105609804392,1.25,0.0830561026175288,11
2021-11-16,2021-11-15,2021-11-18,11.205296927345522,29.880389883578285,634.5722313920824,633.7958764731884,635.6675305268727,1.871654053684324,1.0,0.0142922901616209,11
2021-11-16,2021-11-15,2021-11-18,11.153913953767,32.72739064454202,624.3629612311107,623.9266232606024,625.0184349678457,1.091811707243323,1.25,0.020960646695071,11
2021-11-16,2021-11-15,2021-11-18,19.962833469692807,16.983491840628982,180.63908047747444,148.3686459241435,203.9422533577308,55.57360743358731,1.5,0.0643751960119433,11
2021-11-16,2021-11-15,2021-11-18,12.727737663115768,22.979608595412103,673.6012828266648,672.7742738150991,675.0261629950255,2.2518891799263656,1.25,0.0315432170356023,11
2021-11-16,2021-11-15,2021-11-18,12.118855028146532,6.482186950786413,698.1691582166746,697.1639246293344,699.7232246478088,2.55930001847446,2.0,0.0223254087260957,11
2021-11-16,2021-11-15,2021-11-18,22.390866730557484,22.02423644396326,625.4919769446533,623.1949101979844,628.5027171503752,5.30780695239082,2.75,0.0954259422169157,11
2021-11-20,2021-11-18,2021-11-22,26.76366969492886,38.19861845895393,370.1969850853966,368.9963264754042,371.752197300084,2.7558708246797323,1.75,0.0420295674913715,11
2021-11-20,2021-11-18,2021-11-22,12.43080042249867,7.975433300935503,42.0799916679391,20.230239662807435,103.6264299317263,83.39619026891887,1.5,0.0219229749763877,11
2021-11-20,2021-11-18,2021-11-22,10.800202033276529,11.76261523763433,23.23584346400407,22.88057799357921,23.878107072785497,0.997529079206288,1.25,0.035713060518202,11
2021-11-20,2021-11-18,2021-11-22,12.316424619795455,35.52562466679532,376.29986378742274,375.5635962435044,377.5635686391033,1.9999723955988884,2.0,0.0209152267225647,11
2021-11-20,2021-11-18,2021-11-22,374.0608809498205,31.46923724199576,376.368135586332,369.4972098264843,383.4793430892751,13.98213326279074,10.5,0.0657403125787464,11
2021-11-20,2021-11-18,2021-11-22,24.98295514964908,27.870689644312748,364.62128938323366,363.9888427918777,365.49261708930135,1.5037742974236608,2.0,0.0117070068238072,11
2021-11-20,2021-11-18,2021-11-22,74.2987997704144,28.994461772997628,362.4841158122584,360.1604718468152,365.24222079804167,5.081748951226473,3.75,0.0280697906212254,11
2021-11-20,2021-11-18,2021-11-22,14.866821289156356,32.14396285943878,358.59532764953707,357.3947319104336,363.2584476070479,5.863715696614236,1.5,0.0130101809253176,11
2021-11-20,2021-11-18,2021-11-22,10.543662306284183,33.793663401209464,360.6601526399502,359.9089965643361,361.4694035849534,1.5604070206172764,1.25,0.0169874711494272,11
2021-11-20,2021-11-18,2021-11-22,16.689080171417103,38.450091004753645,370.7650081982103,368.7458848501556,373.03934139665216,4.2934565464966,2.0,0.0189861131387166,11
2021-11-20,2021-11-18,2021-11-22,13.502931714820503,36.95701344858029,370.4977615692932,368.7458848501556,373.03934139665216,4.2934565464966,1.25,0.018210023064577,11
2021-11-20,2021-11-18,2021-11-22,26.629789083135663,38.023149956219584,375.6319318343574,374.4688962707296,376.8143450128846,2.3454487421549857,2.5,0.0352479658523909,11
2021-11-20,2021-11-18,2021-11-22,15.823090692087822,29.58143233824156,678.5110243463275,677.8420090326108,679.5225678076968,1.680558775085956,1.25,0.0116556225840648,11
2021-11-20,2021-11-18,2021-11-22,17.226123953415303,6.538767864535546,118.4248833660304,75.44053645199165,150.99615067616105,75.5556142241694,1.0,0.0226380248694115,11
2021-11-20,2021-11-18,2021-11-22,19.698371723621896,6.788628372367674,151.8428958796845,151.3078290009871,152.68650289997458,1.378673898987472,1.25,0.0220884306338849,11
2021-11-20,2021-11-18,2021-11-22,12.463498735633282,8.14999193988813,95.16631525080103,83.7986785764806,156.47784346248957,72.67916488600895,1.25,0.0154796229802602,11
2021-11-20,2021-11-18,2021-11-22,23.574223649109918,10.235288944528063,141.1178662908354,124.48004840919748,189.0161089240573,64.53606051485986,3.25,0.0249077310336116,11
2021-11-20,2021-11-18,2021-11-22,94.93016138992655,4.982508112605068,172.13512828268503,140.33381931530312,199.23140555620196,58.89758624089882,5.5,0.0271364198468505,11
2021-11-20,2021-11-18,2021-11-22,15.210681984428444,12.127382285534194,134.97938239177833,133.1090652178973,137.28483941126615,4.175774193368852,3.0,0.0196273389282427,11
2021-11-20,2021-11-18,2021-11-22,65.78792781146151,12.7355731971038,158.31058508213854,138.86574468715116,199.23140555620196,60.36566086905077,5.5,0.0380776603407336,11
2021-11-20,2021-11-18,2021-11-22,28.42865201361267,16.103690352270938,156.9890909205045,141.39990684296936,199.23140555620196,57.83149871323258,4.5,0.0234418268856415,11
2021-11-20,2021-11-18,2021-11-22,50.35374934138567,12.146988970489245,177.52447432220623,154.0493570570834,210.04698402434587,55.99762696726248,4.25,0.0324655990766958,11
2021-11-20,2021-11-18,2021-11-22,25.78022397738307,3.802812968315331,182.81273943553148,167.78378040809184,220.27281972626224,52.4890393181704,1.0,0.0120094886838261,11
2021-11-20,2021-11-18,2021-11-22,53.64499704600726,25.19317477302201,264.99800824524084,259.04297853447497,288.4775868044235,29.434608269948512,2.75,0.0206791171492185,11
2021-11-20,2021-11-18,2021-11-22,13.028046765818033,29.448908312112412,266.9803681217549,260.9905428192578,288.0580556634813,27.06751284422353,1.75,0.0165369555950984,11
2021-11-20,2021-11-18,2021-11-22,10.19577577007562,24.339384136704854,276.6650397397317,276.0395067995414,277.5167877255008,1.477280925959349,0.75,0.0120927173647061,11
2021-11-20,2021-11-18,2021-11-22,54.284952803163975,26.34897842157551,291.19016587564954,277.6031886818819,302.1451028464362,24.541914164554328,3.0,0.0269849186425593,11
2021-11-20,2021-11-18,2021-11-22,17.392541743996684,23.05923560673713,880.8129359444587,879.9289988442324,881.9619454955682,2.0329466513358057,1.25,0.0120411230296877,11
2021-11-20,2021-11-18,2021-11-22,13.987178821122717,33.01678532567364,653.0673285904069,652.4311846485361,654.1431815437973,1.7119968952611089,1.25,0.0198078595425482,11
2021-11-20,2021-11-18,2021-11-22,11.02841862229834,35.392626667617904,670.9757011364449,670.7659367760643,671.5209321123548,0.7549953362904489,1.25,0.0146534692652567,11
2021-11-20,2021-11-18,2021-11-22,24.603729241922824,31.348643417149244,652.7937690018268,651.931228147354,653.8931791679934,1.9619510206393895,1.75,0.0171132638201539,11
2021-11-20,2021-11-18,2021-11-22,12.562371651803444,29.867570627393714,656.7542616899046,656.1369635961019,657.6366322888061,1.4996686927042902,2.0,0.0937626929498944,11
2021-11-20,2021-11-18,2021-11-22,37.64092541734883,14.788548869035209,734.0545470795768,732.0111752944067,736.2224935237318,4.211318229325116,2.25,0.0458207442523743,11
2021-11-20,2021-11-18,2021-11-22,11.604335435940662,27.0655353616222,688.3106394465191,687.6992566110566,689.0636821449734,1.3644255339168012,1.0,0.0165470101547413,11
2021-11-20,2021-11-18,2021-11-22,43.06466471672151,26.973972462086223,683.0031584481749,681.0368194500916,689.1140026208013,8.077183170709759,1.75,0.0311677505152649,11
2021-11-20,2021-11-18,2021-11-22,12.477253692166238,31.858845202914363,678.0911725889517,677.8420090326108,678.5546709597111,0.712661927100271,1.5,0.0085060111415612,11
2021-11-20,2021-11-18,2021-11-22,12.570952685181645,27.365968136279267,687.1096890181641,686.7829561335966,687.7979293898679,1.0149732562713325,1.0,0.0100761281740392,11
2021-11-20,2021-11-18,2021-11-22,14.427163707210124,20.777878740681015,903.7111874502896,902.9131691050716,904.4576278533788,1.544458748307079,1.25,0.0149905005430934,11
2021-11-20,2021-11-18,2021-11-22,11.125640540848684,32.12473822833708,1010.4581695745828,1009.966851066798,1011.2194874254056,1.2526363586075604,2.0,0.0157939911681107,11
2021-11-20,2021-11-18,2021-11-22,14.74521898867458,29.80528562469153,1010.9875850997108,1010.4674438224174,1011.7197646130808,1.2523207906633615,1.75,0.0131988915036904,11
2021-11-20,2021-11-18,2021-11-22,39.11747118878464,12.863133625166638,384.3069936636205,383.2275706729852,385.3174938033335,2.0899231303483248,2.5,0.0097391869370351,11
2021-11-20,2021-11-18,2021-11-22,11.088749587551808,33.4982149445709,415.1722647212316,414.4523167377338,416.2795018148609,1.8271850771270688,0.75,0.0170960303799599,11
2021-11-20,2021-11-18,2021-11-22,29.09741997665855,16.446306015406634,383.1137130822581,382.30673290556297,383.9787031374872,1.671970231924206,2.0,0.0092059004093921,11
2021-11-20,2021-11-18,2021-11-22,12.475580035028951,36.6174725439557,378.0512411703406,377.0620250967331,379.0624161371961,2.0003910404630005,2.5,0.0241306017381955,11
2021-11-20,2021-11-18,2021-11-22,15.899307237947095,36.13643942780563,384.9844031745555,383.7269307211973,385.8948566187173,2.1679258975200355,3.5,0.0318373729323796,11
2021-11-20,2021-11-18,2021-11-22,13.978025005497456,34.4550048796804,385.6850268157124,385.31512550031766,386.39360038004816,1.0784748797304928,2.25,0.0247001981695192,11
2021-11-20,2021-11-18,2021-11-22,18.550942854760244,35.224097209343014,376.71216075003525,375.8132594292984,377.813339706976,2.0000802776776254,1.5,0.0303303463858102,11
2021-11-20,2021-11-18,2021-11-22,10.469071580803096,34.84852326110268,378.1633444254547,377.56156729068607,379.0624161371961,1.500848846510053,1.5,0.0778223666702641,11
2021-11-20,2021-11-18,2021-11-22,26.915331104191488,28.40253671971097,385.092282138979,383.7269307211973,386.39360038004816,2.6666696588508785,2.5,0.0110705081779937,11
2021-11-20,2021-11-18,2021-11-22,18.57073971985312,14.16384018646957,382.5768908897579,382.05696154758334,383.4793430892751,1.4223815416917205,1.5,0.0069902206206165,11
2021-11-20,2021-11-18,2021-11-22,17.212217933432566,32.69978091052564,635.53180594044,634.4199794530869,636.6630688840523,2.243089430965483,1.75,0.0493494332277737,11
2021-11-20,2021-11-18,2021-11-22,39.9601887142452,32.276002364986184,640.8487133545443,638.402814025525,643.0118427653797,4.609028739854693,3.5,0.0401635912896991,11
2021-11-20,2021-11-18,2021-11-22,47.51839602183683,26.300348705572823,650.1742658314046,648.6919845235534,651.4358627055772,2.743878182023764,2.75,0.0338279581429998,11
2021-11-20,2021-11-18,2021-11-22,11.957791177997557,25.903214707530537,651.5441716956033,651.1479932405055,652.1489211982116,1.0009279577061534,1.5,0.0101820583998444,11
2021-11-20,2021-11-18,2021-11-22,34.2649953193702,32.60710566938985,638.5698720944289,636.6605684338138,640.6346293706447,3.974060936830938,2.5,0.0807875388463925,11
2021-11-20,2021-11-18,2021-11-22,34.58427799136406,31.01847859564916,614.2634262032997,613.0992852654308,615.5028005852364,2.4035153198055923,3.5,0.0237966384141453,11
2021-11-20,2021-11-18,2021-11-22,27.885094879205056,32.96647366211936,615.7525803332725,614.3406823328696,616.9963394897059,2.655657156836241,2.25,0.0196874693217789,11
2021-11-24,2021-11-22,2021-11-27,11.100497917926935,30.588965420553063,657.2014079404261,656.6348426290788,657.8788801999763,1.2440375708974898,3.25,0.0504420937384618,11
2021-11-24,2021-11-22,2021-11-27,10.292267548618725,23.45933052832427,670.8908544475084,670.5169056407176,671.5209321123548,1.0040264716371894,1.5,0.0229648468299242,11
2021-11-24,2021-11-22,2021-11-27,46.16608546092616,20.7908579625756,670.6090214916707,669.7620790530927,672.0221104752272,2.260031422134489,2.0,0.0796502931167506,11
2021-11-24,2021-11-22,2021-11-27,17.271417748162747,23.39282087193577,674.7403571984906,673.9657814847305,676.0384536972269,2.0726722124964,1.5,0.0751851307099522,11
2021-11-24,2021-11-22,2021-11-27,25.078559430424757,18.303924419261296,163.79425845832944,140.7386981952004,198.67684113280848,57.93814293760806,1.25,0.0428836047888026,11
2021-11-24,2021-11-22,2021-11-27,95.8326257686348,18.180420219584825,244.88140495607547,232.52441440429536,272.11419041175395,39.58977600745857,2.75,0.0309958569382351,11
2021-11-24,2021-11-22,2021-11-27,16.263679831974326,18.629251374875672,259.7721341714337,253.04296066612005,283.16249109618366,30.119530430063605,1.0,0.0343949452660281,11
2021-12-01,2021-11-30,2021-12-03,21.59038981869513,10.895798042052933,161.68214606120367,160.56934095127508,163.09188035316765,2.5225394018925726,1.5,0.045712856576385,12
2021-12-07,2021-12-06,2021-12-08,22.23702069203871,25.104519981225497,671.953031822289,671.0175482211635,673.2776622395031,2.260114018339664,2.0,0.0660100524030774,12
2021-12-07,2021-12-06,2021-12-08,10.243146750200564,10.809042495664771,161.45306637271145,160.56934095127508,161.9641087721102,1.3947678208351135,1.25,0.016011473544208,12
2021-12-07,2021-12-06,2021-12-08,24.882768610896917,18.43963838555748,249.57626388058333,239.75039215292784,271.2292219880037,31.478829835075885,1.25,0.0850681100429106,12
2021-12-14,2021-12-13,2021-12-16,14.370319789922272,31.940050042377244,637.5648055786431,636.4112964677624,638.6545864418149,2.243289974052459,2.25,0.0230579940712729,12
2021-12-19,2021-12-17,2021-12-21,10.201975665826758,6.999822466953558,74.61782468557338,74.14891292806715,75.31703284848481,1.1681199204176664,0.75,0.0065373696321915,12
2021-12-19,2021-12-17,2021-12-21,13.83643008686914,6.483310314960488,150.7131655483041,150.19546029530466,151.57367567252368,1.378215377219021,1.25,0.0291636873175113,12
2021-12-28,2021-12-21,2022-01-04,10.94603302280892,31.77941287417783,638.8068827726845,638.402814025525,639.6425580978394,1.2397440723143518,1.75,0.0438153735866971,12
2022-01-04,2022-01-04,2022-01-04,15.9042747077205,18.1514142561452,267.5787546677499,259.04297853447497,284.420366180595,25.37738764612004,1.5,0.014292790075827,1
2022-01-04,2022-01-04,2022-01-04,26.32922631972399,18.402760505567752,262.7851954663318,255.51074791466817,283.5817827684805,28.071034853812307,1.25,0.0143489961897414,1
2022-01-04,2022-01-04,2022-01-04,22.280537036470253,18.344506383147024,244.68281289266525,239.0223686057143,270.7867377437651,31.764369138050824,1.25,0.0174486359080644,1
2022-01-04,2022-01-04,2022-01-04,10.7277960629378,16.699469714215972,155.6344176681105,139.92888161819428,197.5677121472545,57.638830529060215,1.25,0.0114635683018556,1
2022-01-27,2022-01-20,2022-02-03,20.529478764105253,14.873662271779462,483.912441694753,483.3384392252192,484.8348914626986,1.4964522374793887,1.5,0.0301800382225512,1
2022-01-27,2022-01-20,2022-02-03,18.46057040479507,16.86788033542251,149.05389632164068,139.27353582251817,197.5677121472545,58.29417632473633,1.75,0.0151589256722165,1
2022-01-27,2022-01-20,2022-02-03,22.42203250499413,6.5060401585517145,46.68418551851612,22.3084704419598,106.17535886541008,83.86688842345029,2.0,0.0402021175109577,1
2022-01-27,2022-01-20,2022-02-03,18.34268552403981,11.68490441460983,54.08954232001482,23.129116822499785,106.17535886541008,83.04624204291031,1.5,0.0431378163212075,1
2022-01-27,2022-01-20,2022-02-03,14.159101615586271,12.01697971289722,28.14770524387125,27.758620008360595,28.738993019796908,0.9803730114363134,1.25,0.0299905360351916,1
2022-01-27,2022-01-20,2022-02-03,13.977676363643996,36.2855168920881,1063.6029467646194,1060.1490238080733,1067.4902360667477,7.341212258674204,6.75,0.0547885185489396,1
2022-04-18,2022-04-15,2022-04-22,27.57039075154452,5.077714517988301,1216.9255303398938,1206.3610431416892,1227.5959381316788,21.234894989989694,3.75,0.0301036685896813,4
2022-04-18,2022-04-15,2022-04-22,59.517454587157424,23.8483628186586,1218.4174419303913,1208.1528721228242,1226.865119664464,18.712247541639957,9.5,0.048185209013657,4
2022-06-10,2022-06-06,2022-06-15,42.5535925183257,43.156650931011136,1098.7773023976772,1091.1332835350186,1103.675642255228,12.54235872020945,5.25,0.0985892192316206,6
2022-06-23,2022-06-15,2022-07-01,14.200583009463154,9.234247483808662,1114.5699265576898,1112.705428911373,1116.3744198083878,3.668990897014737,2.0,0.0120797102160934,6
2022-06-23,2022-06-15,2022-07-01,14.43993624777472,5.221067749736868,1102.9434537165105,1095.2740563247353,1107.0819683927111,11.807912067975847,2.75,0.0268501537780318,6
2022-06-23,2022-06-15,2022-07-01,52.65447935600341,6.799295947433532,1111.4040033104984,1104.745071424171,1117.1430406980217,12.397969273850322,3.25,0.0299101314475098,6
2022-06-23,2022-06-15,2022-07-01,17.394657261724557,8.863123642485533,1118.7771799203474,1116.8912682817318,1120.7306109159254,3.8393426341935992,2.5,0.0122167495495699,6
2022-06-23,2022-06-15,2022-07-01,70.2065212546146,8.652742412951264,1121.985279513876,1102.4050308973528,1132.1057954467833,29.70076454943046,6.5,0.0604758314388423,6
2022-06-23,2022-06-15,2022-07-01,10.278550987379248,5.989703417190103,1129.6547276983133,1126.7168889553286,1133.3900750665923,6.673186111263931,1.75,0.023277620544697,6
2022-06-23,2022-06-15,2022-07-01,25.90972060197761,8.826806798735078,35.62293442278246,20.483116299379617,103.6264299317263,83.14331363234669,4.25,0.0148780104674615,6
2022-06-23,2022-06-15,2022-07-01,15.940738906771765,8.904870271351967,39.78037901352907,23.129116822499785,105.18159051425756,82.05247369175777,2.25,0.0129413559638812,6
2022-06-23,2022-06-15,2022-07-01,41.44685151962789,13.578100397148308,1120.916059205391,1111.1731417104602,1130.3080772636458,19.13493555318564,4.75,0.0348305177938429,6
2022-06-23,2022-06-15,2022-07-01,20.409535014415788,27.84789140115004,1122.7275829416903,1119.9661010238342,1125.398815122433,5.432714098598808,2.25,0.0159591016690828,6
2022-06-23,2022-06-15,2022-07-01,304.6257825108301,27.429565557410186,1115.8456227059428,1107.8520952882243,1130.0510696517304,22.19897436350584,13.25,0.0658263616011233,6
2022-06-23,2022-06-15,2022-07-01,16.307130086146593,31.97746378291484,1117.6158178923276,1116.8912682817318,1118.937178933993,2.045910652261228,3.5,0.0183100190367571,6
2022-06-23,2022-06-15,2022-07-01,24.625019117444296,31.711863691081984,1109.689144414186,1107.8520952882243,1111.9355102851987,4.08341499697417,3.5,0.0251769756333632,6
2022-06-23,2022-06-15,2022-07-01,13.278192732298695,38.08763033792722,1108.4014594704383,1107.3414110625165,1109.8919729911722,2.550561928655952,1.75,0.016943812600709,6
2022-06-23,2022-06-15,2022-07-01,10.785697424374066,12.12469048409659,26.75933789696385,25.918528988491744,28.738993019796908,2.820464031305164,1.25,0.0095761220512292,6
2022-07-03,2022-07-01,2022-07-06,11.794601739224062,46.42185506795549,1115.4388424691938,1112.705428911373,1119.1929661869071,6.487537275534123,3.5,0.0311636592849325,7
2022-07-15,2022-07-12,2022-07-18,10.856809913924106,27.78059951095187,669.3266499531177,668.9890291690826,669.9949431838468,1.00591401476413,1.75,0.0227867591939502,7
2022-07-15,2022-07-12,2022-07-18,12.90410424072684,4.427519045208042,64.14435141147239,18.089861878193915,103.13003460457548,85.04017272638157,3.75,0.0178252279388096,7
2022-07-15,2022-07-12,2022-07-18,18.53476144156529,12.091736976960185,28.1626634484049,27.758620008360595,28.738993019796908,0.9803730114363134,1.5,0.0149255023170436,7
2022-07-15,2022-07-12,2022-07-18,16.287498131986393,13.99608221400225,23.30088340641438,22.88057799357921,23.878107072785497,0.997529079206288,2.25,0.0179340441608855,7
2022-07-15,2022-07-12,2022-07-18,14.174352729703031,18.738912515525566,260.6620017916393,241.47628794657064,272.11419041175395,30.637902465183288,1.75,0.0129476091121218,7
2022-07-15,2022-07-12,2022-07-18,22.590393349198223,17.699459364650725,243.32340254044635,237.0090613849461,270.7867377437651,33.77767635881901,1.0,0.009460219803211,7
2022-07-15,2022-07-12,2022-07-18,15.34188436714335,17.602244031704004,235.74346464079412,233.8267152449116,237.260833801236,3.434118556324393,1.0,0.0066171734786932,7
2022-07-15,2022-07-12,2022-07-18,43.70767069670156,6.155332328282932,44.97003280480119,20.483116299379617,106.17535886541008,85.69224256603047,3.75,0.0316863932145773,7
2022-07-15,2022-07-12,2022-07-18,13.984739775839907,9.212632175664265,28.239196345621306,22.057629615534097,105.18159051425756,83.12396089872345,2.25,0.0129685098403945,7
2022-07-23,2022-07-18,2022-07-29,10.61950748782943,23.84486974796341,674.3172086851392,673.7140973713249,675.2777913324535,1.5636939611285925,1.0,0.0129159710145589,7
2022-07-23,2022-07-18,2022-07-29,12.463261440130925,25.29091338411604,671.4998636370393,670.7659367760643,672.7769509176724,2.0110141416080296,1.5,0.0148017093031414,7
2022-07-23,2022-07-18,2022-07-29,21.518069450977933,18.041967613569557,675.4876230437616,674.4691497748718,676.793326380197,2.324176605325192,1.0,0.0217277739546633,7
2022-07-23,2022-07-18,2022-07-29,11.123678604294744,30.54643786568276,656.7781730257364,656.1369635961019,657.6366322888061,1.4996686927042902,2.75,0.0283368479790845,7
2022-07-23,2022-07-18,2022-07-29,16.37365402340975,20.35826363853734,671.0439347935858,670.5169056407176,671.7725436203182,1.2556379796005783,1.25,0.0095500758645422,7
2022-07-31,2022-07-29,2022-08-02,11.589748308628762,6.198017079175711,45.168516742162936,18.089861878193915,114.0361135425046,95.9462516643107,3.25,0.0455858352234631,7
2022-07-31,2022-07-29,2022-08-02,10.888611791370517,27.857570057929728,632.4142707023251,629.9928487543948,634.4224808807485,4.429632126353681,9.25,0.0560421495581498,7
2022-07-31,2022-07-29,2022-08-02,26.330075296311723,25.18774148938516,971.134662213582,963.488605933264,978.7323459982872,15.243740065023305,8.25,0.0459115316735681,7
2022-07-31,2022-07-29,2022-08-02,14.017135710302552,38.66641507256353,1064.4342598986293,1057.129181352444,1071.2730338405818,14.143852488137782,15.25,0.0233905129902997,7
2022-07-31,2022-07-29,2022-08-02,19.791494661348832,30.65104393081605,1047.4873002560446,1043.5281737679616,1052.5811159103175,9.052942142356189,26.0,0.0361380532481835,7
2022-08-06,2022-08-02,2022-08-10,12.958032192832327,31.38950976842926,1047.576830268909,1044.5379870045,1051.3253346350975,6.787347630597651,18.75,0.0246358489878045,8
2022-08-06,2022-08-02,2022-08-10,15.806256181245017,24.78729360683005,970.8249516630592,964.7392468042672,976.4884758675472,11.749229063279929,6.0,0.0262216368768603,8
2022-08-13,2022-08-10,2022-08-17,18.83616764257154,6.940476005494273,64.6974581730609,24.20280289044604,106.17535886541008,81.97255597496405,2.25,0.0166549203409388,8
2022-08-13,2022-08-10,2022-08-17,16.697403138068605,9.63208183295604,57.79163145463819,20.230239662807435,103.6264299317263,83.39619026891887,3.25,0.0175567618170902,8
2022-08-13,2022-08-10,2022-08-17,40.1202127443149,4.992369522633683,47.77243431790309,18.089861878193915,103.6264299317263,85.53656805353239,4.0,0.0397549147089292,8
2022-08-20,2022-08-17,2022-08-24,10.448278326372751,10.280687108573964,118.19506185884951,90.24186726100744,160.82111336756498,70.57924610655755,1.0,0.0127275502551161,8
2022-08-20,2022-08-17,2022-08-24,12.08609566020097,17.92331727739639,166.5024803979454,141.39990684296936,198.67684113280848,57.27693428983912,1.0,0.0068148046649731,8
2022-08-27,2022-08-24,2022-08-30,17.461487228359715,4.887139388450316,68.66176575645105,35.90256918827072,151.559601417277,115.65703222900628,3.0,0.0203096758612641,8
2022-08-27,2022-08-24,2022-08-30,28.60793033921814,18.85037236146785,250.41427422499595,243.6717193792574,274.47914079902694,30.80742141976953,2.25,0.0157967786822207,8
2022-08-27,2022-08-24,2022-08-30,13.0309534783641,17.701740590018233,265.3613879944424,259.04297853447497,284.420366180595,25.37738764612004,1.25,0.0183216812004324,8
2022-09-03,2022-08-30,2022-09-08,55.20777833189309,3.9916931913473888,67.4591663872721,28.80409801378846,153.79358246875927,124.9894844549708,5.25,0.0399772405314813,9
2022-09-10,2022-09-08,2022-09-13,10.051000336398523,16.838770063857407,239.51641500386876,239.0223686057143,240.36606885120275,1.343700245488435,1.0,0.016608566194794,9
2022-09-19,2022-09-13,2022-09-26,10.922581555207389,47.9383817400079,1117.418706688289,1113.9857176672667,1120.4742421824485,6.48852451518178,4.75,0.0304805138602682,9
2022-09-27,2022-09-26,2022-09-28,11.062951852802872,32.392503156357506,1047.8220480709065,1044.280523522291,1052.32994556427,8.049422041978687,21.75,0.0253776053669545,9
2022-09-27,2022-09-26,2022-09-28,41.84445788377607,16.725264288123075,42.4627680152168,24.20280289044604,105.6784746912308,81.47567180078477,4.25,0.0280275333329649,9
2022-09-27,2022-09-26,2022-09-28,18.179868141954486,4.7987905304813,58.66938665250746,17.577073462307453,103.6264299317263,86.04935646941885,3.75,0.0324008897316505,9
2022-09-27,2022-09-26,2022-09-28,46.44344638908704,7.884221228246129,37.780428321578064,20.989004348404706,113.52078899601474,92.53178464761004,7.25,0.045839378953026,9
2022-10-01,2022-09-28,2022-10-05,10.128091791404406,32.35080334075204,925.6034157898844,924.4908190141432,926.9016750021838,2.4108559880405664,1.25,0.0408141400571031,10
2022-10-01,2022-09-28,2022-10-05,11.682583155768356,30.37966482126468,657.214915679666,656.6348426290788,658.1288919895887,1.4940493605099618,3.0,0.0448064155143671,10
2022-10-01,2022-09-28,2022-10-05,14.13207491673032,27.26870453187101,1045.0716358741668,1043.5281737679616,1046.5533005502075,3.025126782245934,9.5,0.0412866368296961,10
2022-10-16,2022-10-13,2022-10-19,34.08778845131975,18.43581953489987,162.7731055558294,139.92888161819428,198.67684113280848,58.7479595146142,1.75,0.0199009861495394,10
2022-10-28,2022-10-25,2022-11-01,11.699904783293585,24.47714745529315,969.5279826371808,964.2389944139868,974.9882260924204,10.749231678433716,6.25,0.0285241516694475,10
2022-10-28,2022-10-25,2022-11-01,11.013881912412804,27.59418902735745,633.0489581050856,630.2419672482647,634.921022858005,4.679055609740317,8.0,0.0370870686172267,10
2022-10-28,2022-10-25,2022-11-01,12.18352573159648,27.923212663337427,655.3437977991457,653.1435395916924,657.8788801999763,4.735340608283877,7.75,0.033462928855844,10
2022-11-10,2022-11-07,2022-11-14,16.69827678835313,18.743250540160343,243.81952537598823,243.31167591596025,244.4814693578519,1.1697934418916702,1.75,0.0387166276060415,11
2022-11-17,2022-11-14,2022-11-21,10.353623857037531,32.67308613092483,635.7809773860378,634.6692504417151,636.9123408501036,2.243090408388525,1.5,0.0144017104076155,11
2022-11-24,2022-11-21,2022-11-28,22.49334830077033,24.826659507872744,671.7240186933583,670.7659367760643,673.026046231389,2.2601094553247094,1.75,0.0532135243046945,11
2022-12-02,2022-11-28,2022-12-06,10.43854606362107,6.611498421560221,19.793933861410565,19.513051045592874,20.408219281584024,0.8951682359911501,1.5,0.0362856001592421,12
2022-12-09,2022-12-06,2022-12-12,20.34938091928476,11.26341444961525,83.77304710376346,24.449052274227142,106.67224304331468,82.22319076908752,3.0,0.0351848622355275,12
2022-12-09,2022-12-06,2022-12-12,38.49372642808181,9.307353975506466,26.82858030022605,20.989004348404706,103.6264299317263,82.6374255833216,4.75,0.0416466275819264,12
2023-01-05,2023-01-04,2023-01-06,13.366632199537806,30.457227083843964,630.2095422986235,629.7437302889302,630.9688085592352,1.225078270304948,2.25,0.0139351478886476,1
2023-01-05,2023-01-04,2023-01-06,21.630966720166484,27.292676856398145,629.4221686838496,628.0018481225707,630.7097301366739,2.707882014103234,2.0,0.033513017820692,1
2023-01-05,2023-01-04,2023-01-06,16.231663570315447,4.016108513236702,824.2000627842648,816.1850318461657,834.8306858646683,18.64565401850268,2.5,0.0394319795110247,1
2023-01-05,2023-01-04,2023-01-06,88.52287283160187,4.188904917398052,897.2227784487699,852.5042388932779,936.44927002443,83.94503113115206,3.5,0.0763800851099029,1
2023-01-05,2023-01-04,2023-01-06,136.61720058459667,4.7316128741367525,1033.702913798623,993.474322914146,1069.5073363413103,76.0330134271644,6.0,0.0985731469429973,1
2023-01-05,2023-01-04,2023-01-06,178.64812130870635,4.7011316670786085,1104.000040766299,1071.021261424292,1134.4173387456683,63.39607732137665,6.25,0.1231217970119583,1
2023-01-05,2023-01-04,2023-01-06,119.10855751564176,4.543971378581088,1174.7033762084025,1135.1974945766851,1213.479756855406,78.28226227872074,4.5,0.0726528748570762,1
2023-01-05,2023-01-04,2023-01-06,12.179000122413672,4.148864946276621,843.074212384721,833.3095997855999,850.1668353267014,16.857235541101545,2.5,0.0380896957986942,1
2023-01-05,2023-01-04,2023-01-06,13.279363662863757,4.087779086353465,946.7071909538114,939.7124176407232,954.7374084554611,15.024990814737976,2.5,0.0360438255168433,1
2023-01-05,2023-01-04,2023-01-06,16.22616416836953,3.997209112925696,963.5304940409368,956.4877279535868,972.4877931168304,16.000065163243562,2.75,0.0370398271937104,1
2023-01-05,2023-01-04,2023-01-06,11.90387940226982,4.253706660135266,1270.3431662702817,1262.031082893256,1279.5942794843577,17.563196591101587,2.0,0.0257210604954436,1
2023-01-05,2023-01-04,2023-01-06,39.054999402675456,4.387818541025144,1236.5202874902322,1220.533503383398,1251.96526546916,31.431762085761875,3.0,0.0455950043815853,1
2023-01-05,2023-01-04,2023-01-06,48.02123557693549,4.097943050133201,1311.6681364022722,1282.3712997394614,1343.3557611964643,60.98446145700291,2.5,0.0495033242658309,1
2023-01-07,2023-01-06,2023-01-09,11.725142135586962,26.653387801049597,364.8947729975815,364.4896353241056,365.49261708930135,1.0029817651957271,1.5,0.020445620635869,1
2023-01-14,2023-01-09,2023-01-20,16.793151306780192,12.80856034319721,616.2762427176742,612.6013332665898,620.2316844644956,7.6303511979058385,7.0,0.0191058449358973,1
2023-01-14,2023-01-09,2023-01-20,181.78783594505447,6.197125801045798,1107.1058558838042,1079.9160106624477,1132.3627846268937,52.44677396444604,8.0,0.0936256508026419,1
2023-01-14,2023-01-09,2023-01-20,16.631314263540798,5.590239986988194,1048.971527609799,1042.5252981432714,1055.6124716531483,13.087173509877177,4.25,0.0255443759957781,1
2023-01-14,2023-01-09,2023-01-20,11.394783050853942,18.887399036745027,1183.3466818499355,1180.5671253586188,1186.4302336503752,5.863108291756362,5.75,0.0128740813930316,1
2023-01-14,2023-01-09,2023-01-20,12.202944119804569,31.234400779008425,1175.9581264998765,1174.551260351669,1177.5087606254965,2.9575002738274634,4.75,0.0280241943187551,1
2023-01-14,2023-01-09,2023-01-20,15.598959362292726,6.150282666276996,1064.138169051463,1058.890741445124,1069.75964137353,10.86889992840588,5.25,0.0268372216634463,1
2023-01-14,2023-01-09,2023-01-20,13.367773420957745,4.181028562137082,1306.538121378642,1280.8568707369268,1339.6246404722333,58.7677697353065,1.0,0.028708378964696,1
2023-01-14,2023-01-09,2023-01-20,14.613906329641337,3.6408265654490495,468.1489300848128,450.2705724602565,483.0922857681289,32.821713307872415,1.5,0.0453429575808647,1
2023-01-14,2023-01-09,2023-01-20,13.7398712739202,4.59359041251185,1179.4461624865712,1173.5239007081836,1190.854391329456,17.330490621272475,2.5,0.0196321786229962,1
2023-01-21,2023-01-20,2023-01-23,19.18622049159296,5.401344181847092,1165.6377621813406,1157.1445484780706,1173.519171343185,16.37462286511436,4.0,0.021941078811297,1
2023-01-21,2023-01-20,2023-01-23,11.054284209713469,6.936884055724772,1085.662180121265,1080.9278379445896,1090.877757679671,9.949919735081494,8.5,0.0225673109263407,1
2023-01-21,2023-01-20,2023-01-23,12.553095285954557,5.542342663729037,1048.2111852221956,1042.7760904538443,1052.5811159103175,9.805025456473231,4.75,0.0268639506597807,1
2023-01-21,2023-01-20,2023-01-23,26.045639248537565,6.305502513386113,1100.153169266575,1090.3721322561614,1105.8044193256646,15.432287069503218,5.75,0.0326971165675782,1
2023-01-21,2023-01-20,2023-01-23,12.026131023813209,4.9373638057647,1012.1350005530594,1007.465748179704,1020.473208702635,13.00746052293107,4.5,0.0199706289818721,1
2023-02-01,2023-01-31,2023-02-02,10.67481055792959,8.250331378475492,157.26941692006775,156.79054847126827,157.98825231846422,1.1977038471959531,0.75,0.0276247544267318,2
2023-02-02,2023-02-02,2023-02-03,77.74584519038275,27.803112803628515,643.7990158616732,636.1620245575905,654.3931838395074,18.23115928191692,12.75,0.0963229139847026,2
2023-02-02,2023-02-02,2023-02-03,21.86465092486666,30.677184553388415,652.2795774715631,649.1911402964033,656.6387410620227,7.447600765619427,8.25,0.0484943304471566,2
2023-02-02,2023-02-02,2023-02-03,39.786289254541344,29.709100963172148,627.1315103683178,621.4727438399568,632.2355803623796,10.762836522422733,10.5,0.0901189505489094,2
2023-02-02,2023-02-02,2023-02-03,23.057708131073905,31.075091412380555,682.8380488173376,673.5291218655184,699.3063205606304,25.77719869511202,5.5,0.0700908455022127,2
2023-02-02,2023-02-02,2023-02-03,13.260110877962484,29.63491278491776,300.42238645253326,289.7009307839908,317.0215371749364,27.320606390945613,7.25,0.0685676322401287,2
2023-02-02,2023-02-02,2023-02-03,13.591940376549744,18.993742962834467,287.89098525212603,279.70880413474515,309.8833174398169,30.17451330507174,2.25,0.0402340707514349,2
2023-02-02,2023-02-02,2023-02-03,66.05690264103752,30.03149371410696,318.07045331021953,305.8817286542617,334.5542054665275,28.672476812265813,13.75,0.1182380197674892,2
2023-02-02,2023-02-02,2023-02-03,10.883681520971622,28.34865295473517,271.1018087626948,264.030254133977,295.8880776194856,31.85782348550856,7.5,0.0972352902382709,2
2023-02-02,2023-02-02,2023-02-03,14.666890449901253,16.616324716161905,291.2628931550272,275.83175584767014,317.3900573346764,41.55830148700625,2.25,0.03071520341465,2
2023-02-02,2023-02-02,2023-02-03,98.36262434037272,27.447256595777542,377.3550083640426,365.4912409158424,392.4332931200042,26.94205220416188,13.0,0.0818645322522041,2
2023-02-02,2023-02-02,2023-02-03,10.2713293362197,31.70602139002952,360.31304624371467,357.3947319104336,364.7414077403955,7.346675829961896,5.0,0.036993294841751,2
2023-02-02,2023-02-02,2023-02-03,21.149088414642936,31.347194034252,328.72922021193426,322.61840657144785,342.4899303629063,19.871523791458458,11.75,0.0663180220642596,2
2023-02-04,2023-02-03,2023-02-06,14.925409989289092,27.53939000614105,638.9116313060888,636.6605684338138,641.6413252600469,4.980756826233119,7.75,0.0370908278219887,2
2023-02-04,2023-02-03,2023-02-06,17.680336372861042,30.25556202284437,645.4831160226372,641.8881014389917,650.8852503844537,8.997148945461959,6.0,0.0824164975629898,2
2023-02-04,2023-02-03,2023-02-06,21.188999818674937,17.452279727866564,673.7871703918804,668.9890291690826,678.3027821211144,9.313752952031791,6.0,0.0647649827763691,2
2023-02-04,2023-02-03,2023-02-06,11.177783741238194,18.66406959913252,567.4546074647579,562.4390008253977,571.3759139166214,8.936913091223687,4.5,0.0477799202192145,2
2023-02-04,2023-02-03,2023-02-06,10.171333263300468,29.929544567693963,617.674615593446,615.2510281689465,620.2316844644956,4.9806562955491245,5.75,0.0396451849475723,2
2023-02-04,2023-02-03,2023-02-06,17.059494422231825,29.438423773693632,624.7475485061308,622.219296601601,626.7610037121922,4.541707110591233,9.0,0.07522006655301,2
2023-02-04,2023-02-03,2023-02-06,10.79695788274953,29.2681764152091,714.2563093038644,710.3020023331046,726.6127870883793,16.310784755274653,4.25,0.0477843284683117,2
2023-02-04,2023-02-03,2023-02-06,14.501210604272025,24.72739789950787,732.7476450186234,729.4913942948915,738.9496019426733,9.45820764778182,6.0,0.0447123228442759,2
2023-02-04,2023-02-03,2023-02-06,49.40042907465241,16.28969789100157,766.7014135209748,757.064290211536,777.4700357294641,20.405745517928157,8.75,0.0736468881322228,2
2023-02-04,2023-02-03,2023-02-06,10.306421438545293,16.89354018484753,381.1540067804187,376.5625725965947,387.88973459927365,11.32716200267896,4.25,0.0672242380241959,2
2023-02-04,2023-02-03,2023-02-06,80.04553846913332,18.4363861781242,545.0393915931514,528.5509339030832,561.4459754792042,32.895041576121,5.75,0.1045073405408488,2
2023-02-04,2023-02-03,2023-02-06,17.33942720562512,3.478192692049693,490.7235732336433,479.60382496053353,499.5915935477242,19.987768587190654,1.5,0.0134617788454886,2
2023-02-04,2023-02-03,2023-02-06,20.733768476260472,22.046427725693537,825.9183581589655,820.4298652918078,834.8306858646683,14.40082057286054,4.75,0.0540373228891697,2
2023-02-04,2023-02-03,2023-02-06,15.497497973910686,18.771151942012818,794.8813189014778,791.076166591607,804.445406798739,13.369240207131952,6.5,0.069033428474094,2
2023-02-04,2023-02-03,2023-02-06,775.4368106055775,7.964560378363653,350.7778351821491,260.0920252627693,413.9568947511725,153.8648694884032,16.25,0.1915180815476051,2
2023-02-04,2023-02-03,2023-02-06,12.393774015641831,23.52958655093117,903.0130961384264,899.6243635481223,907.2053920277394,7.581028479617089,12.25,0.0726740644663535,2
2023-02-19,2023-02-17,2023-02-21,19.31439732518132,3.287399941416602,1185.2671853180743,1175.0651883715764,1199.5322994440794,24.46711107250303,2.0,0.0219925877951095,2
2023-02-25,2023-02-21,2023-03-02,28.417521155088497,10.951166313752896,357.03456442737485,351.22943562315777,363.2584476070479,12.029011983890086,7.0,0.0399008183747923,2
2023-03-04,2023-03-02,2023-03-06,10.16067869524481,9.373386261478917,144.19817828392507,89.86418501334265,159.24475679779425,69.3805717844516,1.0,0.0116366399131121,3
2023-03-11,2023-03-06,2023-03-17,11.592684982092369,11.95192196287266,1294.7033216566133,1290.6576545061544,1299.112704815343,8.455050309188664,4.75,0.0184907084776237,3
2023-03-11,2023-03-06,2023-03-17,186.57007561881383,28.013618826353543,1021.015941874925,1010.4674438224174,1029.236648550257,18.76920472783968,25.0,0.0627205456444375,3
2023-03-29,2023-03-22,2023-04-06,39.89556465163537,5.538126256444192,1183.133317825208,1171.212507029064,1192.897987204604,21.68548017553985,7.75,0.0346101691179071,3
2023-03-29,2023-03-22,2023-04-06,12.937393652551796,3.467422659657998,1150.32020104681,1142.2037535044365,1159.7121317442509,17.508378239814192,2.75,0.030459147921027,3
2023-04-11,2023-04-06,2023-04-17,15.149133888371528,25.24799564506873,872.3504436171029,870.608025805559,875.7643314385787,5.156305633019656,5.5,0.0164394751386797,4
2023-05-06,2023-05-02,2023-05-10,12.289690795202754,26.465415063109344,628.194681408597,627.7527515129186,628.7518136776052,0.9990621646866202,2.0,0.0095338891490275,5
2023-05-27,2023-05-22,2023-06-02,16.194435493753154,25.71396695533146,332.58380425124955,330.04082729667425,343.1293350895867,13.088507792912424,2.75,0.0354704830117123,5
2023-06-09,2023-06-06,2023-06-12,12.149116184291454,30.09544011128943,657.0339028229276,656.3869686457328,657.8788801999763,1.4919115542434156,3.0,0.0259404149705192,6
2023-06-16,2023-06-12,2023-06-21,11.780933644174722,11.399642195743096,472.2549414901425,471.34105307701975,473.5846243095584,2.2435712325386703,1.0,0.0535132514779904,6
2023-07-01,2023-06-26,2023-07-06,11.79768532189257,32.234790229228274,638.7556248870926,637.6563985766843,639.8918344220147,2.2354358453303576,1.25,0.0423650933990378,7
2023-07-01,2023-06-26,2023-07-06,13.423000896389908,32.10208312915786,641.2527868005988,640.6321343886666,642.2638919465244,1.6317575578577816,1.25,0.2396253827308349,7
2023-07-21,2023-07-18,2023-07-24,17.8180849642857,23.647017008122017,674.6424285635062,673.7140973713249,675.529419678729,1.8153223074041307,1.75,0.0285128309105958,7
2023-08-04,2023-08-01,2023-08-07,11.494332920108402,19.433326515698496,624.4081131996212,623.9266232606024,625.2675291304477,1.340905869845301,1.75,0.0240434009435013,8
2023-08-04,2023-08-01,2023-08-07,12.177111388689768,18.15950738697276,676.1242269617856,675.5292756175622,677.0425023208372,1.513226703274995,1.0,0.0103955733517542,8
2023-08-04,2023-08-01,2023-08-07,11.22093640041441,30.966728622867084,651.7697065627232,651.3977117543109,652.1830005636439,0.7852888093329966,1.25,0.0175349663080433,8
2023-08-04,2023-08-01,2023-08-07,21.001209004731614,31.46715662055151,653.0015979837318,652.1812063981779,654.3931838395074,2.211977441329509,1.5,0.035608215472015,8
2023-09-03,2023-09-01,2023-09-05,12.52008206847027,5.329669183871589,37.18427027742324,20.73603783315048,103.6264299317263,82.89039209857583,2.5,0.0296496320636267,9
2023-09-03,2023-09-01,2023-09-05,11.823820557565544,11.883146754734408,53.59829747083008,23.6263346564956,105.6784746912308,82.0521400347352,1.0,0.0362233894473022,9
2023-09-23,2023-09-18,2023-09-29,24.305040546491803,16.629046736967595,521.8115684905251,518.5667357887141,527.5540281040594,8.987292315345258,7.0,0.0314167246725721,9
2023-09-23,2023-09-18,2023-09-29,10.77898271697472,4.2742360098420304,523.9754028597748,519.8115044161677,529.7986228596419,9.987118443474174,3.0,0.0222074852489702,9
2023-10-01,2023-09-29,2023-10-03,14.507214746969495,10.508987384665312,27.09021128223802,26.843698393087838,27.57906341832131,0.7353650252334774,1.75,0.0171370796203827,10
2023-10-01,2023-09-29,2023-10-03,15.712002407710314,12.63585575086841,28.24700922578784,28.001436972990632,28.738993019796908,0.7375560468062758,1.5,0.0209314340724369,10
2023-10-10,2023-10-03,2023-10-18,10.107285318922209,33.22297851039731,927.0116778972232,926.3986400277354,927.9076217408292,1.5089817130938172,2.5,0.0195351408673379,10
2023-10-22,2023-10-18,2023-10-26,25.65207571996396,3.180781694609352,710.0157298841773,696.9076488041319,728.9453417644836,32.037692960351706,2.0,0.0486555898266834,10
2023-11-05,2023-11-01,2023-11-09,12.03942964284164,34.42094502255394,930.9350356975644,930.4290038859472,931.6839854083956,1.254981522448361,1.0,0.0167663721332196,11
2023-11-12,2023-11-09,2023-11-16,14.233636825249564,3.1064900553106853,715.8724016089335,703.551530323457,728.9453417644836,25.393811441026628,2.75,0.0342627165516196,11
2023-12-02,2023-11-27,2023-12-08,10.431262917048844,26.22470633175013,331.42333281915256,330.5509909619577,332.5886315214448,2.037640559487045,2.5,0.0422508165756336,12
2023-12-02,2023-11-27,2023-12-08,11.31622596566973,20.371307255888976,674.8878282799077,674.4691497748718,675.529419678729,1.060269903857261,1.0,0.0090273344314948,12
2023-12-02,2023-11-27,2023-12-08,11.645695349626685,31.937348151058757,636.7982030817761,635.914300925564,637.6588986730203,1.7445977474562824,1.5,0.0224007672754493,12
2023-12-10,2023-12-08,2023-12-13,15.672183341211984,3.113046528675405,718.9840808675901,708.2307962328196,735.2068231878802,26.97602695506066,2.75,0.035801867041078,12
2023-12-17,2023-12-13,2023-12-21,22.445203875782543,10.922798385194962,723.7126609035879,717.6925297467969,735.5564090209082,17.86387927411124,11.25,0.0180791130731962,12
2023-12-17,2023-12-13,2023-12-21,11.038750732831838,31.58885216475512,636.5408899005623,635.6650295169093,637.6588986730203,1.993869156111032,1.5,0.0212380718796365,12
2023-12-24,2023-12-21,2023-12-28,18.97133512612749,3.1396920095802816,745.7547829470337,730.5480192154646,764.4899352467619,33.941916031297296,3.0,0.0276463923643216,12
2023-12-24,2023-12-21,2023-12-28,18.53073711126332,10.320567962560526,723.5891766103969,717.9531375858933,735.2068231878802,17.253685601986945,8.75,0.0186107629211213,12
2023-12-24,2023-12-21,2023-12-28,10.039708721186544,3.21783563594122,719.5784978111656,711.3375815316103,728.9453417644836,17.60776023287326,3.5,0.0250614907621212,12
2024-01-03,2023-12-28,2024-01-10,55.65921791877513,7.096494002877489,1110.9268677670505,1094.2140080998652,1123.036601735279,28.8225936354138,5.75,0.0419667490038114,1
2024-01-03,2023-12-28,2024-01-10,43.893206070396666,3.151201099515777,80.86402011703927,47.157683447003365,153.79358246875927,106.6358990217559,2.0,0.0630130282824085,1
2024-01-03,2023-12-28,2024-01-10,10.019446140066636,3.884015278630948,1247.8751547884974,1242.2654525609687,1254.9863830585964,12.720930497627704,2.0,0.0303661563752847,1
2024-01-18,2024-01-10,2024-01-26,14.80697366399906,4.843869987099637,1180.597851573273,1170.1849954598583,1188.555555973202,18.370560513343666,2.75,0.0210014295646973,1
2024-01-18,2024-01-10,2024-01-26,10.74752469770586,4.237620461023458,167.59520522459974,134.80499251233414,217.39871907467025,82.59372656233609,1.25,0.0615374316139767,1
2024-01-18,2024-01-10,2024-01-26,19.153334356235806,3.718800601327669,205.89428102783344,183.31198820052668,242.08173113316295,58.76974293263629,1.75,0.0405132010842682,1
2024-01-18,2024-01-10,2024-01-26,31.946793683810224,3.7006582546117,807.0926951192216,769.5368844522163,854.4413597807288,84.90447532851249,2.0,0.0521425111108496,1
2024-01-18,2024-01-10,2024-01-26,23.99901394398801,9.203130524303925,1096.8724607374763,1092.9098018254151,1100.8745623226278,7.96476049721241,7.0,0.0298640999476818,1
2024-01-18,2024-01-10,2024-01-26,13.15424718593851,7.02498569619239,1107.474749246658,1102.659741814714,1112.4466558662243,9.786914051510394,5.75,0.0208750197390971,1
2024-01-18,2024-01-10,2024-01-26,10.292571312038977,4.518693363906052,1120.0976346566852,1114.8052256554363,1125.6556090712547,10.850383415818214,2.75,0.0236788481224181,1
2024-02-03,2024-01-30,2024-02-08,13.806429578118182,3.8036463144638017,145.598377825528,119.90188165195286,199.23140555620196,79.32952390424907,1.5,0.0271853195223676,2
2024-02-03,2024-01-30,2024-02-08,10.45511539516642,3.076105008179112,459.13585634216656,449.7726390818134,466.854257395491,17.08161831367761,1.75,0.027483919309405,2
2024-02-03,2024-01-30,2024-02-08,40.8377904409586,3.011616390335856,793.9877357547972,766.29351061536,823.7940336493775,57.50052303401753,2.0,0.0381506421872761,2
2024-02-12,2024-02-08,2024-02-16,14.577859065711444,3.743176513824353,803.529507449797,788.3794526048005,817.8787450189702,29.49929241416976,1.75,0.0223347054420641,2
2024-02-12,2024-02-08,2024-02-16,27.79772985075246,4.6758420952345805,495.9210354145566,480.8486510552466,503.8240828877315,22.9754318324849,3.25,0.0433699753530223,2
2024-02-12,2024-02-08,2024-02-16,11.511202301430863,7.493523811934934,698.0364479004438,697.1639246293344,698.9542086054571,1.790283976122737,2.0,0.0151849934311863,2
2024-02-12,2024-02-08,2024-02-16,23.99590033745886,10.845778388791018,497.7028380690269,493.08453066973016,502.3303216858767,9.24579101614654,6.25,0.0282667812044982,2
2024-03-03,2024-02-27,2024-03-08,22.3785595913044,14.21043699557896,163.30598116580722,162.27004601294175,164.22754565952346,1.9574996465817092,1.25,0.0400950964779823,3
2024-03-03,2024-02-27,2024-03-08,10.496008082190912,9.089584111675949,158.5030816771274,157.9195034033619,159.24475679779425,1.325253394432366,1.0,0.0193971814291031,3
2024-04-28,2024-04-26,2024-05-01,10.23155766587874,24.2633692361999,329.0000098416764,328.5089488760568,329.78173753619194,1.2727886601351202,2.0,0.0318439008927448,4
2024-05-12,2024-05-10,2024-05-14,10.500003081006394,31.74883877500287,638.6322951735672,638.1535417987034,639.6425580978394,1.489016299135983,1.25,0.0141457130653637,5
2024-05-12,2024-05-10,2024-05-14,10.227209556249411,10.927597526885824,79.80588043186852,26.843698393087838,106.67224304331468,79.82854465022683,2.0,0.0084946538036213,5
2024-05-19,2024-05-14,2024-05-24,15.7977120325258,9.083452929270392,158.3291058288543,157.86268150433898,159.12134534912184,1.258663844782859,1.25,0.0211682658482947,5
2024-05-19,2024-05-14,2024-05-24,117.58468117355382,16.099596128306363,41.24920278916699,20.483116299379617,106.67224304331468,86.18912674393505,5.5,0.0390238506786532,5
2024-05-19,2024-05-14,2024-05-24,10.57382338289363,17.875018081414044,44.24644681956599,21.556085699237883,103.6264299317263,82.07034423248842,1.75,0.0216563303056781,5
2024-05-26,2024-05-24,2024-05-29,47.16637852970799,5.136101960951675,366.4680304806552,351.73253821162507,376.56457392545417,24.8320357138291,3.75,0.0486360134489905,5
2024-05-26,2024-05-24,2024-05-29,11.51760487397712,25.94435331037545,333.7742735734838,330.80643043573946,342.80963272601366,12.003202290274205,2.0,0.0380542609793556,5
2024-05-26,2024-05-24,2024-05-29,122.56985866747908,14.780843353080048,366.3523910033821,353.37270942656323,375.81536865979433,22.442659233231097,11.25,0.0565384208622567,5
2024-06-09,2024-06-07,2024-06-11,29.306340727695904,16.042830817406767,260.0709525280381,259.04297853447497,261.2423152355477,2.1993367010727525,1.75,0.0247197032648862,6
2024-07-26,2024-07-23,2024-07-29,12.4744772718456,25.65531926080154,331.6354026767392,330.80643043573946,332.5886315214448,1.78220108570531,2.5,0.081844190527434,7
2024-07-26,2024-07-23,2024-07-29,15.891383960006456,11.701914210752708,74.05190963219346,26.843698393087838,106.67224304331468,79.82854465022683,2.25,0.0271389897622817,7
2024-07-26,2024-07-23,2024-07-29,60.208350827871016,8.291660543110265,37.30959045827643,18.346320854499936,103.6264299317263,85.28010907722637,8.25,0.048062873535733,7
2024-07-26,2024-07-23,2024-07-29,11.092859142816696,29.320477609917923,633.3800483515026,632.6785794566385,634.2968810824677,1.61830162582919,2.0,0.0500056995880493,7
2024-07-26,2024-07-23,2024-07-29,13.235071167015892,28.27072404230834,629.5326632139144,628.2509447340854,630.9688085592352,2.717863825149834,1.75,0.0252221798830414,7
2024-07-26,2024-07-23,2024-07-29,10.52260783797194,13.12710219438737,28.24654162854385,28.001436972990632,28.738993019796908,0.7375560468062758,1.0,0.022637617809814,7
2024-07-26,2024-07-23,2024-07-29,14.05866959872823,11.732157791714725,27.232504847986323,26.843698393087838,27.820933796931055,0.977235403843224,1.25,0.0313822990608992,7
2024-07-26,2024-07-23,2024-07-29,19.137941431305563,10.141196716581906,22.354120238966527,21.556085699237883,23.62947475677356,2.073389057535678,2.25,0.0373862180285132,7
2024-08-10,2024-08-07,2024-08-14,10.373311201129315,14.328343837795275,475.5535001926225,474.8265590309165,476.5780840651132,1.7515250341966748,1.25,0.0363762262572773,8
2024-08-17,2024-08-14,2024-08-21,21.34952330227545,26.976641523229294,629.3115020843213,627.2556811836548,630.9688085592352,3.7131273755803695,1.5,0.0224541821235524,8
2024-08-24,2024-08-21,2024-08-27,18.459701789958867,17.642008381183594,242.7770205533,239.0223686057143,270.7867377437651,31.764369138050824,1.0,0.0098944220221043,8
2024-08-31,2024-08-27,2024-09-05,11.773654903619782,26.984760455282192,629.5077669942424,628.2509447340854,630.7097301366739,2.4587854025885463,1.25,0.0236709733012649,8
2024-09-14,2024-09-11,2024-09-17,17.14642098902145,27.15783291472021,633.6187301656636,633.176841343753,634.2968810824677,1.120039738714695,1.5,0.0519132333856787,9
2024-09-14,2024-09-11,2024-09-17,19.584513942665208,8.756838181909924,74.94081905089217,74.14891292806715,76.06758488854393,1.918671960476786,1.25,0.0165975455720511,9
2024-09-14,2024-09-11,2024-09-17,16.426482170657778,6.894684996752544,108.39434364196435,75.44053645199165,150.44723271159455,75.0066962596029,1.75,0.011495182951285,9
2024-09-14,2024-09-11,2024-09-17,13.964657778485586,8.342196216019357,151.42783059355037,150.74437825987116,152.1230521867983,1.3786739269271493,1.0,0.0150218563251291,9
2024-09-20,2024-09-17,2024-09-24,11.543420358681404,5.0960216668415175,40.26637270015474,20.230239662807435,103.6264299317263,83.39619026891887,2.5,0.0102879801843216,9
2024-09-20,2024-09-17,2024-09-24,15.619204130514182,8.389061377811739,45.082088917051934,20.230239662807435,103.6264299317263,83.39619026891887,3.0,0.0122241169531143,9
2024-10-13,2024-10-09,2024-10-18,13.182325349347993,29.19839862409064,360.9263739789696,360.1604718468152,361.7206060518511,1.5601342050358653,1.5,0.0199835048209372,10
2024-10-13,2024-10-09,2024-10-18,19.16973147544841,17.98174304275233,178.2711153882411,141.80212674383074,199.23140555620196,57.4292788123712,1.75,0.0086426265327841,10
2024-10-13,2024-10-09,2024-10-18,15.346800223571412,16.850945799404645,147.96411605581255,138.86574468715116,197.5677121472545,58.70196746010333,1.0,0.0138007966491951,10
2024-10-19,2024-10-18,2024-10-21,10.454291910535842,27.998725503961257,379.1853531244777,378.8106437209062,379.8117383364588,1.0010946155525744,1.25,0.0268241788736707,10
2024-11-08,2024-11-04,2024-11-12,11.850218265982496,7.641018226978002,20.572074684302613,20.33819798287004,21.023958360310644,0.6857603774406016,5.75,0.0210224953678298,11
2024-11-15,2024-11-12,2024-11-19,38.6401232761198,17.410084498892882,36.771364800375416,24.449052274227142,106.67224304331468,82.22319076908752,4.75,0.0170331593685808,11
2024-11-15,2024-11-12,2024-11-19,37.60592905148453,18.74598433586448,43.28845366761149,23.129116822499785,106.17535886541008,83.04624204291031,3.0,0.0302825234485832,11
2024-11-15,2024-11-12,2024-11-19,21.914881661982037,16.302114888228356,27.87038959966272,27.08547003008425,28.738993019796908,1.6535229897126555,1.5,0.0202400386564834,11
2024-11-15,2024-11-12,2024-11-19,18.168848000350373,18.38298353294295,39.03299384534069,26.843698393087838,106.67224304331468,79.82854465022683,2.75,0.0111097369053319,11
2024-11-15,2024-11-12,2024-11-19,16.324472799611684,11.658808401712507,65.09614058618415,24.449052274227142,106.17535886541008,81.72630659118295,1.25,0.0265504584941975,11
2024-11-15,2024-11-12,2024-11-19,60.586873031693735,12.841314961669632,27.60338646524172,25.918528988491744,28.738993019796908,2.820464031305164,2.75,0.0238052110517513,11
2024-11-15,2024-11-12,2024-11-19,26.232928405941436,14.619632102035244,45.090374660135545,20.230239662807435,103.6264299317263,83.39619026891887,4.0,0.0347263443021992,11
2024-11-15,2024-11-12,2024-11-19,24.811873275055927,16.7345091681214,35.577671215204965,20.230239662807435,103.6264299317263,83.39619026891887,3.5,0.0302449839247821,11
2024-11-15,2024-11-12,2024-11-19,37.67465291317813,4.340508250174424,365.41328598517714,353.37270942656323,374.7206686870195,21.347959260456264,4.25,0.0595309992168148,11
2024-11-15,2024-11-12,2024-11-19,11.32720387245101,11.914312219072066,37.3689101529135,22.88057799357921,105.18159051425756,82.30101252067834,1.0,0.0192571229139577,11
2024-11-15,2024-11-12,2024-11-19,12.149505172674624,5.654134900906682,79.017087657013,24.69534923043102,106.67224304331468,81.97689381288365,2.25,0.0143993055670442,11
2024-11-15,2024-11-12,2024-11-19,28.27522693857394,11.278779342993689,33.58275343897261,22.3084704419598,105.18159051425756,82.87312007229775,3.25,0.0230818867813796,11
2024-11-15,2024-11-12,2024-11-19,32.516179080372254,4.9774871627533885,42.24682461817149,17.577073462307453,103.6264299317263,86.04935646941885,4.25,0.0214286189158247,11
2024-11-15,2024-11-12,2024-11-19,19.091277302239355,10.202185670920851,63.548885983475046,24.69534923043102,106.67224304331468,81.97689381288365,2.0,0.0169637547692844,11
2024-11-15,2024-11-12,2024-11-19,29.93751466297241,8.974661857195638,52.69439187410606,20.230239662807435,103.6264299317263,83.39619026891887,4.75,0.0206641516124962,11
2024-11-15,2024-11-12,2024-11-19,12.363835820563905,3.096619333373684,125.37758871253544,57.09141730563715,171.8158240057528,114.72440670011564,2.25,0.0280418592046054,11
2024-11-22,2024-11-19,2024-11-26,21.93930358636215,7.893940156823389,151.43645189795194,150.74437825987116,152.6663142843172,1.9219360244460404,1.5,0.0223056372599322,11
2024-11-22,2024-11-19,2024-11-26,15.346252618565982,6.699779542802533,123.46944677812664,75.81581247225404,150.44723271159455,74.63142023934051,1.75,0.0110774103705695,11
2024-11-22,2024-11-19,2024-11-26,15.378913795269188,16.895336089983072,162.8183968969724,140.9976328862831,198.1222766181454,57.12464373186231,1.0,0.0080396155733038,11
2024-11-22,2024-11-19,2024-11-26,11.416204792178446,6.09363900660185,150.704852756109,150.19546029530466,151.559601417277,1.3641411219723525,1.0,0.0142996950821788,11
2024-12-09,2024-12-03,2024-12-16,204.91062000728243,8.527085633846886,27.324612981112825,15.74953160295263,98.98710175603628,83.23757015308365,15.25,0.1096828125660035,12
2024-12-09,2024-12-03,2024-12-16,420.40352811198034,14.087881133316833,34.34077966119673,13.229246007744225,98.98710175603628,85.75785574829206,8.75,0.1690008802204698,12
2024-12-16,2024-12-16,2024-12-17,11.70409647930929,15.008420479916776,23.270071431626207,22.88057799357921,23.878107072785497,0.997529079206288,1.75,0.0103171234004806,12
2024-12-16,2024-12-16,2024-12-17,18.39936264210187,10.2120258796116,64.13934792405634,24.69534923043102,106.67224304331468,81.97689381288365,1.5,0.017670016301874,12
2024-12-16,2024-12-16,2024-12-17,17.39435765254917,7.790690962769776,44.78396716120407,20.230239662807435,103.6264299317263,83.39619026891887,3.75,0.0129231105022456,12
2024-12-16,2024-12-16,2024-12-17,27.30430689873856,10.317101616746363,30.142281703695897,21.806834855116904,105.18159051425756,83.37475565914065,2.5,0.0164328440065271,12
2024-12-16,2024-12-16,2024-12-17,11.341295574590758,4.690162375767474,38.68697215885907,20.483116299379617,103.6264299317263,83.14331363234669,2.0,0.0124518358463704,12
2024-12-28,2024-12-27,2024-12-30,11.607986135976866,8.182276842625244,151.56675840494333,150.7586817909032,152.1230521867983,1.3643703958950937,1.0,0.0152369291710284,12
2024-12-28,2024-12-27,2024-12-30,21.694953420904483,7.080678755288814,698.5617983189475,697.6764761842787,699.7232246478088,2.046748463530093,3.25,0.0292166988577182,12
2024-12-28,2024-12-27,2024-12-30,20.26713039569668,3.367902024308261,754.9938795302365,728.1665491200984,787.9325073724613,59.76595825236291,2.0,0.0553448921088225,12
2025-01-12,2025-01-10,2025-01-14,12.549737711954018,7.498225004984145,20.52687272079222,20.12127267755568,21.023958360310644,0.9026856827549636,5.25,0.0194032573094544,1
2025-01-12,2025-01-10,2025-01-14,38.25541880061509,5.883609939511443,1111.8176732553688,1103.678580667358,1120.217873440124,16.539292772766203,7.75,0.0405978957424544,1
2025-01-19,2025-01-14,2025-01-24,11.792684429330908,20.44681630272048,1179.935207085496,1177.0005504596047,1182.8687951965258,5.868244736921042,7.25,0.0189167460564338,1
2025-01-26,2025-01-24,2025-01-28,11.477421115133795,3.367743475334135,1147.4761043842964,1136.800933538936,1157.1429178160615,20.341984277125448,1.5,0.0133080810200515,1
2025-02-03,2025-01-28,2025-02-10,13.0053942979796,8.936940274666181,516.681721169089,511.8170155840926,519.5654012095183,7.748385625425726,5.25,0.0150852244369384,2
2025-02-03,2025-01-28,2025-02-10,58.17297395956405,16.36894904743761,512.8524737784304,505.5674221352674,519.3164368746802,13.749014739412814,8.75,0.0425256287002023,2
2025-02-03,2025-01-28,2025-02-10,10.112637056345973,3.303811914985232,1151.7139490594404,1144.778392556589,1159.1978211360984,14.419428579509258,1.75,0.0168044762880753,2
2025-02-03,2025-01-28,2025-02-10,27.09867121124585,4.774737813380019,514.914939214927,506.3143098996952,522.0550385136157,15.74072861392051,3.5,0.0353414319883551,2
2025-02-15,2025-02-10,2025-02-20,16.167772794868057,25.268833997259787,331.02019838785543,329.78539622668177,332.5886315214448,2.803235294762999,2.0,0.0390617841310971,2
2025-02-24,2025-02-20,2025-02-28,33.01416905813144,3.0845327140389465,709.6928860510884,678.6001427969895,728.9453417644836,50.34519896749407,2.25,0.0597114260385863,2
2025-03-03,2025-02-28,2025-03-07,22.29221235284466,16.39468717628918,23.22340688792737,22.88057799357921,23.878107072785497,0.997529079206288,3.25,0.0169655762202943,3
2025-03-08,2025-03-07,2025-03-10,11.997613328707988,8.565555065661693,1105.82819983836,1102.4050308973528,1109.1257325988263,6.720701701473445,4.5,0.0192730320035718,3
2025-03-14,2025-03-10,2025-03-18,10.90011187414318,6.428817809729038,759.6428966454029,754.0742387650535,767.4856803147122,13.411441549658775,4.5,0.0219689708350527,3
2025-03-21,2025-03-18,2025-03-24,19.66447308549263,32.3027995643894,638.2508912672083,636.9098402881064,639.8918344220147,2.9819941339083016,1.75,0.0256244222959801,3
2025-04-18,2025-04-15,2025-04-21,189.4617338738504,33.48608390795524,1019.1141593354738,1014.4694163813256,1023.4771796637216,9.0077632823959,21.25,0.0782868122917401,4
2025-05-09,2025-05-05,2025-05-14,18.821890258274777,4.497519674600112,549.1373096677075,539.0285482197069,559.4539860128425,20.425437793135643,3.25,0.0326196101691964,5
2025-05-09,2025-05-05,2025-05-14,44.89414373950731,16.070302280674678,549.2748049370257,537.7835600939579,558.4581018728204,20.67454177886248,6.25,0.038602954806556,5
2025-05-16,2025-05-14,2025-05-19,14.115787947949842,12.540119663701478,155.18572504043195,122.7098645484075,185.864843652118,63.1549791037105,3.25,0.0067875499614858,5
2025-05-16,2025-05-14,2025-05-19,29.672548805580984,17.448550237034468,557.7830073604686,549.9946135650389,561.4459754792042,11.451361914165318,5.25,0.0308465617343431,5
2025-05-16,2025-05-14,2025-05-19,13.070152555287317,6.017191778753765,175.6036982816964,174.4806095585227,176.90482069179416,2.424211133271456,2.75,0.0351287780519073,5
2025-05-16,2025-05-14,2025-05-19,12.64725420423142,13.270906723797903,163.51169576232604,162.8466703700833,164.22754565952346,1.380875289440155,1.25,0.0094865398640972,5
2025-05-23,2025-05-19,2025-05-27,20.903051751654747,14.547768173680982,99.11756461987191,73.77779984427616,151.57367567252368,77.79587582824752,1.25,0.04037514972935,5
2025-05-23,2025-05-19,2025-05-27,27.669285005426964,8.93071950808932,74.16816318903061,73.65763365942985,75.31703284848481,1.659399189054966,1.75,0.0303732564701072,5
2025-05-23,2025-05-19,2025-05-27,37.47443587162881,6.710491039185717,96.36167964888652,73.77779984427616,150.99615067616105,77.21835083188489,2.0,0.045460209503447,5
2025-05-23,2025-05-19,2025-05-27,12.600952627444668,13.289044839175542,157.48446237805004,156.22607104619965,159.12134534912184,2.895274302922189,1.25,0.0220042161934726,5
2025-05-23,2025-05-19,2025-05-27,31.182435476300878,6.175382771367444,126.55450264702196,81.22059505945072,153.79358246875927,72.57298740930855,1.0,0.0272555307374563,5
2025-05-30,2025-05-27,2025-06-02,13.261702268462749,24.531948091988983,330.3431595153646,329.52996511990204,331.56908192299306,2.0391168030910194,2.0,0.0366645520101423,5
2025-06-07,2025-06-02,2025-06-13,10.704873443296684,7.396123129338816,698.3876639668997,697.6764761842787,699.4669299894013,1.7904538051225245,2.25,0.0209679231198574,6
2025-06-28,2025-06-25,2025-07-01,13.372604870683244,27.62318436044753,624.2565067202124,623.9266232606024,624.9255807236768,0.9989574630744756,2.0,0.0076862878426876,6
2025-06-28,2025-06-25,2025-07-01,11.846389436961768,16.47808513882786,244.8421608152584,239.75039215292784,270.7867377437651,31.0363455908373,1.0,0.0614768979125444,6
2025-06-28,2025-06-25,2025-07-01,16.45187908371998,4.536461090167118,53.85057778438438,18.089861878193915,103.6264299317263,85.53656805353239,3.5,0.0162410157643247,6
2025-06-28,2025-06-25,2025-07-01,10.641076830732986,5.242255454408548,17.888079757217557,17.34561189636588,21.023958360310644,3.678346463944763,2.5,0.016258106639867,6
2025-06-28,2025-06-25,2025-07-01,10.574046830913089,14.899584764264713,82.56940604160245,24.94169383915141,106.67224304331468,81.73054920416325,1.5,0.0137871601526793,6
2025-06-28,2025-06-25,2025-07-01,30.6732742305447,5.86016616129112,67.70869629495326,23.6263346564956,106.67224304331468,83.04590838681906,4.0,0.020159069437747,6
2025-06-28,2025-06-25,2025-07-01,28.12956967200878,8.921017637070777,52.44338506343556,20.230239662807435,103.6264299317263,83.39619026891887,4.75,0.0183522650699135,6
2025-06-28,2025-06-25,2025-07-01,14.212367217407603,10.09341353219628,90.41169703369374,24.69534923043102,106.67224304331468,81.97689381288365,1.75,0.0181097194528854,6
2025-06-28,2025-06-25,2025-07-01,15.172201088322693,9.707494220611911,52.7069764474195,24.20280289044604,105.6784746912308,81.47567180078477,1.75,0.0175287216011307,6
2025-06-28,2025-06-25,2025-07-01,10.654833046128026,16.997815343837484,21.876705878661568,21.556085699237883,22.56024285824969,1.004157159011811,2.25,0.0133568371929916,6
2025-06-28,2025-06-25,2025-07-01,12.841579078865411,31.785506181684003,660.3532989102654,660.1145495814271,661.1244439226575,1.0098943412303925,4.0,0.0379089275720991,6
2025-07-06,2025-07-01,2025-07-11,10.692626603537304,15.63132242528667,87.88678850603179,74.89115370018408,150.44723271159455,75.55607901141047,1.25,0.0163743230928741,7
2025-07-18,2025-07-14,2025-07-22,12.241011227944144,29.43109057916241,360.9851823022092,360.1604718468152,361.7206060518511,1.5601342050358653,1.0,0.0214194816471641,7
2025-07-18,2025-07-14,2025-07-22,13.190025179269178,14.205559783833085,476.1253766405619,475.3244852377102,477.1107095801272,1.786224342416972,1.75,0.0375769507739187,7
2025-07-25,2025-07-22,2025-07-28,27.0195044591556,14.3336991492741,14.988259888066397,14.490654835943133,16.44289050018415,1.952235664241016,2.0,0.0598146653565915,7
2025-07-25,2025-07-22,2025-07-28,11.167283698503033,11.614555990997566,14.874945817104551,14.490654835943133,15.41145663894713,0.9208018030039966,1.25,0.013473921226938,7
2025-07-25,2025-07-22,2025-07-28,14.834166406763556,12.037374011247657,13.526816823835013,13.229246007744225,14.156237435992807,0.9269914282485844,1.25,0.0227847220201121,7
2025-08-01,2025-07-28,2025-08-05,23.5376845477648,25.52890824073138,332.0046791828032,329.78539622668177,343.1293350895867,13.343938862904906,3.5,0.0953908563058035,8
2025-08-01,2025-07-28,2025-08-05,17.395053803280213,4.823209532946967,48.72251842047736,17.577073462307453,103.13003460457548,85.55296114226803,3.75,0.0229777226689893,8
2025-08-01,2025-07-28,2025-08-05,25.04282663024281,9.250462751765989,69.51712173336657,24.94169383915141,106.67224304331468,81.73054920416325,3.0,0.0175389806284978,8
2025-08-23,2025-08-21,2025-08-25,10.060825754944233,28.307735548048047,365.4711600155897,365.24084467301145,365.9931552163325,0.752310543321073,1.75,0.0311123566446948,8
2025-09-26,2025-09-23,2025-09-30,12.970475855678146,9.024872993774297,68.15122141529349,26.843698393087838,106.67224304331468,79.82854465022683,2.75,0.0123666600324849,9
2025-09-26,2025-09-23,2025-09-30,12.91371565271871,18.3710225287074,27.204643220182707,26.843698393087838,27.820933796931055,0.977235403843224,1.0,0.0080159404618759,9
2025-09-26,2025-09-23,2025-09-30,11.744088009912778,11.618566106914578,24.545252028489838,24.20280289044604,25.193466255441308,0.990663364995271,1.5,0.0139917357381753,9
2025-09-26,2025-09-23,2025-09-30,16.13140489876602,13.466113279916344,28.16807136657609,27.758620008360595,28.738993019796908,0.9803730114363134,1.25,0.0112102946947906,9
2025-09-26,2025-09-23,2025-09-30,19.990297434292756,5.541467718461037,41.27123228586622,20.483116299379617,105.6784746912308,85.19535839185119,2.5,0.0186560159429172,9
2025-10-11,2025-10-06,2025-10-17,11.983157248938763,4.511423619022887,59.46901889269484,18.089861878193915,103.13003460457548,85.04017272638157,3.5,0.0149320818633024,10
2025-10-11,2025-10-06,2025-10-17,63.1298843348814,15.505798479824236,565.2165869167646,557.7084072059952,572.3719445965253,14.66353739053011,8.5,0.0337975243415732,10
2025-10-11,2025-10-06,2025-10-17,365.1848602454241,13.02689582372149,204.8301852361304,161.09621742833406,252.31386553682387,91.2176481084898,14.25,0.0625248644049391,10
2025-10-11,2025-10-06,2025-10-17,11.753855520802745,4.66717330847566,56.92607509068039,24.20280289044604,105.6784746912308,81.47567180078477,1.75,0.0152209919436541,10
2025-10-11,2025-10-06,2025-10-17,20.399844923543828,4.572162180095412,564.5915786777362,556.4639864573255,573.1188228884712,16.654836431145668,4.5,0.0609428657342562,10
2025-10-11,2025-10-06,2025-10-17,58.539441111265496,4.7471185941140925,218.0238438333921,197.23238788498568,252.31386553682387,55.08147765183821,3.0,0.0675726660328368,10
2025-10-11,2025-10-06,2025-10-17,53.44649205688873,4.813625106974822,196.25646400550505,161.09621742833406,240.5547249042429,79.45850747590885,3.25,0.0477480420127646,10
2025-10-11,2025-10-06,2025-10-17,12.28257444785632,17.12617304967112,56.86476777688693,24.20280289044604,105.6784746912308,81.47567180078477,1.5,0.0127461071079645,10
2025-10-19,2025-10-17,2025-10-22,21.63836033188636,27.822476351314343,1011.0728465800076,1007.7158846240492,1015.2214714786968,7.505586854647845,8.5,0.0277771804254081,10
2025-10-24,2025-10-22,2025-10-27,10.596471570600986,29.47945084645085,360.9195694935029,360.1604718468152,361.7206060518511,1.5601342050358653,1.25,0.047795452262842,10
2025-10-31,2025-10-27,2025-11-05,10.278476714516442,7.800329183657597,182.73723596314775,146.60751259420067,202.83211521338671,56.22460261918605,1.5,0.0070662319660066,10
2025-11-07,2025-11-05,2025-11-10,16.629117863924186,3.094323966500122,86.65192114882457,40.58943291893229,159.24475679779425,118.65532387886196,1.75,0.0442882680396342,11
2025-11-07,2025-11-05,2025-11-10,10.406052945005738,32.12551856270764,639.945507561583,639.3907856815495,640.6346293706447,1.243843689095229,1.5,0.0309144844116026,11
2025-11-07,2025-11-05,2025-11-10,17.457244737259025,28.77465182931577,363.0594783216405,362.6231495789252,363.9902189536952,1.367069374769926,2.0,0.0110260251929018,11
2025-11-07,2025-11-05,2025-11-10,12.62387461765474,32.38548206425316,638.2899626739314,637.1578539405018,639.6425580978394,2.4847041573375463,1.25,0.0190317394547977,11
2025-11-07,2025-11-05,2025-11-10,12.805532570252767,3.142151636426102,783.9048018729737,760.5671394644305,808.2406609500758,47.67352148564533,1.5,0.0346996471953264,11
2025-11-07,2025-11-05,2025-11-10,44.85288208000674,6.997520751856957,63.64051583540997,23.6263346564956,106.67224304331468,83.04590838681906,5.0,0.0239256744306971,11
2025-11-07,2025-11-05,2025-11-10,15.362812949247449,11.950055741154548,52.86978934166808,24.20280289044604,105.6784746912308,81.47567180078477,1.25,0.0187719528941729,11
2025-11-07,2025-11-05,2025-11-10,25.14274314307849,9.699496442512944,79.52160458377367,24.449052274227142,106.67224304331468,82.22319076908752,2.25,0.0199852231001598,11
2025-11-07,2025-11-05,2025-11-10,11.687073831528409,4.075902041232455,1012.8172575325716,1006.4653543368912,1017.9710732325912,11.505718895699829,3.25,0.0267368805347412,11
2025-11-07,2025-11-05,2025-11-10,31.929843924143857,9.00366610875766,49.25929127130201,20.230239662807435,103.6264299317263,83.39619026891887,4.5,0.020402950660459,11
2025-11-07,2025-11-05,2025-11-10,34.73436330530071,4.426523474384587,45.237710011873865,18.089861878193915,103.6264299317263,85.53656805353239,3.75,0.045591357727864,11
2025-11-13,2025-11-10,2025-11-17,11.472289615631183,25.58413652986836,671.1239739630968,670.5169056407176,672.0221104752272,1.505204834509641,1.25,0.0250336793999447,11
2025-11-13,2025-11-10,2025-11-17,10.811302049679709,24.892153692623957,672.1484933458727,671.5207712040283,673.026046231389,1.5052750273607671,1.25,0.0138703409993671,11
