Polygon_ID,CliffTop_Z
0,15.911392405063289
1,15.911392405063289
2,15.911392405063289
3,15.911392405063289
4,15.911392405063289
5,15.911392405063289
6,15.911392405063289
7,15.911392405063289
8,15.911392405063289
9,15.911392405063289
10,15.911392405063289
11,15.911392405063289
12,15.911392405063289
13,15.911392405063289
14,15.911392405063289
15,15.911392405063289
16,15.911392405063289
17,15.911392405063289
18,15.911392405063289
19,15.911392405063289
20,15.911392405063289
21,15.911392405063289
22,15.911392405063289
23,15.911392405063289
24,15.911392405063289
25,15.911392405063289
26,15.911392405063289
27,15.911392405063289
28,15.911392405063289
29,15.911392405063289
30,15.911392405063289
31,15.911392405063289
32,15.911392405063289
33,15.911392405063289
34,15.911392405063289
35,15.911392405063289
36,15.911392405063289
37,15.91898734177215
38,15.92658227848101
39,15.934177215189871
40,15.941772151898732
41,15.949367088607593
42,15.956962025316454
43,15.964556962025314
44,15.972151898734175
45,15.979746835443036
46,15.987341772151897
47,15.987341772151897
48,15.987341772151897
49,15.987341772151897
50,15.987341772151897
51,15.987341772151897
52,15.987341772151897
53,15.987341772151897
54,15.987341772151897
55,15.987341772151897
56,15.987341772151897
57,15.987341772151897
58,15.987341772151897
59,15.987341772151897
60,15.987341772151897
61,15.987341772151897
62,15.993670886075948
63,15.999999999999998
64,16.00632911392405
65,16.0126582278481
66,16.018987341772153
67,16.025316455696203
68,16.025316455696203
69,16.025316455696203
70,16.025316455696203
71,16.025316455696203
72,16.025316455696203
73,16.03291139240506
74,16.040506329113924
75,16.048101265822783
76,16.055696202531646
77,16.063291139240505
78,16.063291139240505
79,16.063291139240505
80,16.063291139240505
81,16.063291139240505
82,16.063291139240505
83,16.070886075949367
84,16.078481012658226
85,16.08607594936709
86,16.093670886075948
87,16.10126582278481
88,16.10126582278481
89,16.10126582278481
90,16.10126582278481
91,16.10126582278481
92,16.10126582278481
93,16.10759493670886
94,16.11392405063291
95,16.120253164556964
96,16.126582278481013
97,16.132911392405063
98,16.139240506329113
99,16.139240506329113
100,16.139240506329113
101,16.139240506329113
102,16.139240506329113
103,16.139240506329113
104,16.146835443037975
105,16.154430379746834
106,16.162025316455697
107,16.169620253164556
108,16.17721518987342
109,16.17721518987342
110,16.17721518987342
111,16.17721518987342
112,16.17721518987342
113,16.17721518987342
114,16.184810126582278
115,16.19240506329114
116,16.2
117,16.207594936708862
118,16.21518987341772
119,16.21518987341772
120,16.21518987341772
121,16.21518987341772
122,16.21518987341772
123,16.21518987341772
124,16.21518987341772
125,16.21518987341772
126,16.21518987341772
127,16.21518987341772
128,16.21518987341772
129,16.21518987341772
130,16.222784810126583
131,16.230379746835442
132,16.237974683544305
133,16.245569620253164
134,16.253164556962027
135,16.253164556962027
136,16.253164556962027
137,16.253164556962027
138,16.253164556962027
139,16.253164556962027
140,16.260759493670886
141,16.26835443037975
142,16.275949367088607
143,16.28354430379747
144,16.29113924050633
145,16.29113924050633
146,16.29113924050633
147,16.29113924050633
148,16.29113924050633
149,16.29113924050633
150,16.29113924050633
151,16.29113924050633
152,16.29113924050633
153,16.29113924050633
154,16.29113924050633
155,16.29113924050633
156,16.29113924050633
157,16.29113924050633
158,16.29113924050633
159,16.29113924050633
160,16.29113924050633
161,16.29113924050633
162,16.29113924050633
163,16.29113924050633
164,16.29113924050633
165,16.29113924050633
166,16.29113924050633
167,16.29113924050633
168,16.29113924050633
169,16.29113924050633
170,16.29113924050633
171,16.29873417721519
172,16.30632911392405
173,16.313924050632913
174,16.321518987341772
175,16.329113924050635
176,16.329113924050635
177,16.329113924050635
178,16.329113924050635
179,16.329113924050635
180,16.329113924050635
181,16.329113924050635
182,16.329113924050635
183,16.329113924050635
184,16.329113924050635
185,16.329113924050635
186,16.329113924050635
187,16.329113924050635
188,16.329113924050635
189,16.329113924050635
190,16.329113924050635
191,16.329113924050635
192,16.336708860759494
193,16.344303797468356
194,16.351898734177215
195,16.359493670886078
196,16.367088607594937
197,16.367088607594937
198,16.367088607594937
199,16.367088607594937
200,16.367088607594937
201,16.367088607594937
202,16.3746835443038
203,16.38227848101266
204,16.38987341772152
205,16.39746835443038
206,16.405063291139243
207,16.405063291139243
208,16.405063291139243
209,16.405063291139243
210,16.405063291139243
211,16.405063291139243
212,16.4126582278481
213,16.420253164556964
214,16.427848101265823
215,16.435443037974686
216,16.443037974683545
217,16.449367088607595
218,16.455696202531648
219,16.462025316455698
220,16.468354430379748
221,16.4746835443038
222,16.48101265822785
223,16.48101265822785
224,16.48101265822785
225,16.48101265822785
226,16.48101265822785
227,16.48101265822785
228,16.48860759493671
229,16.496202531645572
230,16.50379746835443
231,16.511392405063294
232,16.518987341772153
233,16.518987341772153
234,16.518987341772153
235,16.518987341772153
236,16.518987341772153
237,16.518987341772153
238,16.518987341772153
239,16.518987341772153
240,16.518987341772153
241,16.518987341772153
242,16.518987341772153
243,16.518987341772153
244,16.518987341772153
245,16.518987341772153
246,16.518987341772153
247,16.518987341772153
248,16.518987341772153
249,16.518987341772153
250,16.518987341772153
251,16.518987341772153
252,16.518987341772153
253,16.518987341772153
254,16.518987341772153
255,16.518987341772153
256,16.518987341772153
257,16.518987341772153
258,16.518987341772153
259,16.518987341772153
260,16.518987341772153
261,16.518987341772153
262,16.518987341772153
263,16.518987341772153
264,16.518987341772153
265,16.518987341772153
266,16.518987341772153
267,16.518987341772153
268,16.518987341772153
269,16.518987341772153
270,16.518987341772153
271,16.518987341772153
272,16.518987341772153
273,16.518987341772153
274,16.518987341772153
275,16.518987341772153
276,16.518987341772153
277,16.518987341772153
278,16.518987341772153
279,16.518987341772153
280,16.518987341772153
281,16.518987341772153
282,16.518987341772153
283,16.518987341772153
284,16.518987341772153
285,16.518987341772153
286,16.518987341772153
287,16.518987341772153
288,16.518987341772153
289,16.518987341772153
290,16.518987341772153
291,16.518987341772153
292,16.518987341772153
293,16.518987341772153
294,16.518987341772153
295,16.518987341772153
296,16.518987341772153
297,16.518987341772153
298,16.518987341772153
299,16.518987341772153
300,16.518987341772153
301,16.518987341772153
302,16.518987341772153
303,16.518987341772153
304,16.518987341772153
305,16.518987341772153
306,16.518987341772153
307,16.518987341772153
308,16.518987341772153
309,16.518987341772153
310,16.518987341772153
311,16.518987341772153
312,16.518987341772153
313,16.518987341772153
314,16.518987341772153
315,16.518987341772153
316,16.518987341772153
317,16.518987341772153
318,16.518987341772153
319,16.518987341772153
320,16.518987341772153
321,16.518987341772153
322,16.518987341772153
323,16.518987341772153
324,16.518987341772153
325,16.518987341772153
326,16.518987341772153
327,16.518987341772153
328,16.518987341772153
329,16.518987341772153
330,16.518987341772153
331,16.518987341772153
332,16.518987341772153
333,16.518987341772153
334,16.518987341772153
335,16.518987341772153
336,16.518987341772153
337,16.518987341772153
338,16.518987341772153
339,16.518987341772153
340,16.518987341772153
341,16.518987341772153
342,16.518987341772153
343,16.518987341772153
344,16.518987341772153
345,16.518987341772153
346,16.518987341772153
347,16.518987341772153
348,16.518987341772153
349,16.518987341772153
350,16.518987341772153
351,16.518987341772153
352,16.518987341772153
353,16.518987341772153
354,16.518987341772153
355,16.518987341772153
356,16.518987341772153
357,16.518987341772153
358,16.518987341772153
359,16.518987341772153
360,16.518987341772153
361,16.518987341772153
362,16.518987341772153
363,16.518987341772153
364,16.518987341772153
365,16.518987341772153
366,16.518987341772153
367,16.518987341772153
368,16.518987341772153
369,16.518987341772153
370,16.518987341772153
371,16.518987341772153
372,16.518987341772153
373,16.518987341772153
374,16.518987341772153
375,16.518987341772153
376,16.518987341772153
377,16.518987341772153
378,16.518987341772153
379,16.518987341772153
380,16.518987341772153
381,16.518987341772153
382,16.518987341772153
383,16.518987341772153
384,16.518987341772153
385,16.518987341772153
386,16.518987341772153
387,16.518987341772153
388,16.518987341772153
389,16.518987341772153
390,16.518987341772153
391,16.518987341772153
392,16.518987341772153
393,16.518987341772153
394,16.518987341772153
395,16.518987341772153
396,16.518987341772153
397,16.518987341772153
398,16.518987341772153
399,16.518987341772153
400,16.518987341772153
401,16.518987341772153
402,16.518987341772153
403,16.518987341772153
404,16.518987341772153
405,16.518987341772153
406,16.518987341772153
407,16.518987341772153
408,16.518987341772153
409,16.518987341772153
410,16.518987341772153
411,16.518987341772153
412,16.518987341772153
413,16.518987341772153
414,16.518987341772153
415,16.518987341772153
416,16.518987341772153
417,16.518987341772153
418,16.518987341772153
419,16.518987341772153
420,16.518987341772153
421,16.518987341772153
422,16.518987341772153
423,16.518987341772153
424,16.518987341772153
425,16.518987341772153
426,16.518987341772153
427,16.518987341772153
428,16.518987341772153
429,16.518987341772153
430,16.518987341772153
431,16.518987341772153
432,16.518987341772153
433,16.518987341772153
434,16.518987341772153
435,16.518987341772153
436,16.518987341772153
437,16.518987341772153
438,16.518987341772153
439,16.518987341772153
440,16.518987341772153
441,16.518987341772153
442,16.518987341772153
443,16.518987341772153
444,16.518987341772153
445,16.518987341772153
446,16.518987341772153
447,16.518987341772153
448,16.518987341772153
449,16.518987341772153
450,16.518987341772153
451,16.518987341772153
452,16.518987341772153
453,16.518987341772153
454,16.518987341772153
455,16.518987341772153
456,16.518987341772153
457,16.518987341772153
458,16.518987341772153
459,16.518987341772153
460,16.518987341772153
461,16.518987341772153
462,16.518987341772153
463,16.518987341772153
464,16.518987341772153
465,16.518987341772153
466,16.518987341772153
467,16.518987341772153
468,16.518987341772153
469,16.518987341772153
470,16.518987341772153
471,16.518987341772153
472,16.518987341772153
473,16.518987341772153
474,16.518987341772153
475,16.518987341772153
476,16.518987341772153
477,16.518987341772153
478,16.518987341772153
479,16.518987341772153
480,16.518987341772153
481,16.518987341772153
482,16.518987341772153
483,16.518987341772153
484,16.518987341772153
485,16.518987341772153
486,16.518987341772153
487,16.518987341772153
488,16.518987341772153
489,16.518987341772153
490,16.518987341772153
491,16.518987341772153
492,16.518987341772153
493,16.518987341772153
494,16.518987341772153
495,16.518987341772153
496,16.525316455696203
497,16.531645569620256
498,16.537974683544306
499,16.544303797468356
500,16.55063291139241
501,16.55696202531646
502,16.55696202531646
503,16.55696202531646
504,16.55696202531646
505,16.55696202531646
506,16.55696202531646
507,16.55696202531646
508,16.55696202531646
509,16.55696202531646
510,16.55696202531646
511,16.55696202531646
512,16.564556962025318
513,16.57215189873418
514,16.57974683544304
515,16.587341772151902
516,16.59493670886076
517,16.59493670886076
518,16.59493670886076
519,16.59493670886076
520,16.59493670886076
521,16.59493670886076
522,16.59493670886076
523,16.59493670886076
524,16.59493670886076
525,16.59493670886076
526,16.59493670886076
527,16.59493670886076
528,16.59493670886076
529,16.59493670886076
530,16.59493670886076
531,16.59493670886076
532,16.59493670886076
533,16.602531645569623
534,16.610126582278482
535,16.617721518987345
536,16.625316455696204
537,16.632911392405067
538,16.632911392405067
539,16.632911392405067
540,16.632911392405067
541,16.632911392405067
542,16.632911392405067
543,16.640506329113926
544,16.64810126582279
545,16.655696202531647
546,16.66329113924051
547,16.67088607594937
548,16.67088607594937
549,16.67088607594937
550,16.67088607594937
551,16.67088607594937
552,16.67088607594937
553,16.67848101265823
554,16.68607594936709
555,16.693670886075953
556,16.701265822784812
557,16.708860759493675
558,16.715189873417724
559,16.721518987341774
560,16.727848101265824
561,16.734177215189874
562,16.740506329113924
563,16.746835443037973
564,16.746835443037973
565,16.746835443037973
566,16.746835443037973
567,16.746835443037973
568,16.746835443037973
569,16.754430379746836
570,16.762025316455695
571,16.769620253164558
572,16.777215189873417
573,16.78481012658228
574,16.792405063291138
575,16.8
576,16.80759493670886
577,16.815189873417722
578,16.82278481012658
579,16.830379746835444
580,16.837974683544303
581,16.845569620253166
582,16.853164556962025
583,16.860759493670887
584,16.868354430379746
585,16.87594936708861
586,16.883544303797468
587,16.89113924050633
588,16.89873417721519
589,16.89873417721519
590,16.89873417721519
591,16.89873417721519
592,16.89873417721519
593,16.89873417721519
594,16.89873417721519
595,16.906329113924052
596,16.91392405063291
597,16.921518987341774
598,16.929113924050633
599,16.936708860759495
600,16.944303797468354
601,16.951898734177217
602,16.959493670886076
603,16.96708860759494
604,16.974683544303797
605,16.974683544303797
606,16.974683544303797
607,16.974683544303797
608,16.974683544303797
609,16.974683544303797
610,16.98227848101266
611,16.98987341772152
612,16.99746835443038
613,17.00506329113924
614,17.012658227848103
615,17.012658227848103
616,17.012658227848103
617,17.012658227848103
618,17.012658227848103
619,17.012658227848103
620,17.018987341772153
621,17.025316455696203
622,17.031645569620252
623,17.037974683544302
624,17.044303797468352
625,17.050632911392402
626,17.050632911392402
627,17.050632911392402
628,17.050632911392402
629,17.050632911392402
630,17.050632911392402
631,17.050632911392402
632,17.050632911392402
633,17.050632911392402
634,17.050632911392402
635,17.050632911392402
636,17.050632911392402
637,17.050632911392402
638,17.050632911392402
639,17.050632911392402
640,17.050632911392402
641,17.058227848101264
642,17.065822784810123
643,17.073417721518986
644,17.081012658227845
645,17.088607594936708
646,17.088607594936708
647,17.088607594936708
648,17.088607594936708
649,17.088607594936708
650,17.088607594936708
651,17.088607594936708
652,17.088607594936708
653,17.088607594936708
654,17.088607594936708
655,17.088607594936708
656,17.088607594936708
657,17.096202531645567
658,17.10379746835443
659,17.111392405063288
660,17.11898734177215
661,17.12658227848101
662,17.12658227848101
663,17.12658227848101
664,17.12658227848101
665,17.12658227848101
666,17.12658227848101
667,17.12658227848101
668,17.12658227848101
669,17.12658227848101
670,17.12658227848101
671,17.12658227848101
672,17.12658227848101
673,17.12658227848101
674,17.12658227848101
675,17.12658227848101
676,17.12658227848101
677,17.12658227848101
678,17.12658227848101
679,17.12658227848101
680,17.12658227848101
681,17.12658227848101
682,17.12658227848101
683,17.12658227848101
684,17.12658227848101
685,17.12658227848101
686,17.12658227848101
687,17.12658227848101
688,17.12658227848101
689,17.12658227848101
690,17.12658227848101
691,17.12658227848101
692,17.12658227848101
693,17.12658227848101
694,17.12658227848101
695,17.12658227848101
696,17.12658227848101
697,17.12658227848101
698,17.12658227848101
699,17.12658227848101
700,17.12658227848101
701,17.12658227848101
702,17.12658227848101
703,17.12658227848101
704,17.12658227848101
705,17.12658227848101
706,17.12658227848101
707,17.12658227848101
708,17.12658227848101
709,17.12658227848101
710,17.12658227848101
711,17.12658227848101
712,17.12658227848101
713,17.12658227848101
714,17.12658227848101
715,17.12658227848101
716,17.12658227848101
717,17.12658227848101
718,17.12658227848101
719,17.12658227848101
720,17.12658227848101
721,17.12658227848101
722,17.12658227848101
723,17.12658227848101
724,17.12658227848101
725,17.12658227848101
726,17.12658227848101
727,17.12658227848101
728,17.12658227848101
729,17.12658227848101
730,17.12658227848101
731,17.12658227848101
732,17.12658227848101
733,17.12658227848101
734,17.12658227848101
735,17.12658227848101
736,17.12658227848101
737,17.12658227848101
738,17.12658227848101
739,17.12658227848101
740,17.12658227848101
741,17.12658227848101
742,17.12658227848101
743,17.12658227848101
744,17.12658227848101
745,17.12658227848101
746,17.12658227848101
747,17.12658227848101
748,17.12658227848101
749,17.12658227848101
750,17.12658227848101
751,17.12658227848101
752,17.12658227848101
753,17.12658227848101
754,17.12658227848101
755,17.12658227848101
756,17.12658227848101
757,17.12658227848101
758,17.12658227848101
759,17.12658227848101
760,17.12658227848101
761,17.12658227848101
762,17.12658227848101
763,17.12658227848101
764,17.12658227848101
765,17.12658227848101
766,17.12658227848101
767,17.12658227848101
768,17.12658227848101
769,17.12658227848101
770,17.134177215189872
771,17.14177215189873
772,17.149367088607594
773,17.156962025316453
774,17.164556962025316
775,17.164556962025316
776,17.164556962025316
777,17.164556962025316
778,17.164556962025316
779,17.164556962025316
780,17.164556962025316
781,17.164556962025316
782,17.164556962025316
783,17.164556962025316
784,17.164556962025316
785,17.164556962025316
786,17.172151898734175
787,17.179746835443037
788,17.187341772151896
789,17.19493670886076
790,17.202531645569618
791,17.202531645569618
792,17.202531645569618
793,17.202531645569618
794,17.202531645569618
795,17.202531645569618
796,17.202531645569618
797,17.202531645569618
798,17.202531645569618
799,17.202531645569618
800,17.202531645569618
801,17.21012658227848
802,17.21772151898734
803,17.225316455696202
804,17.23291139240506
805,17.240506329113924
806,17.246835443037973
807,17.253164556962023
808,17.259493670886076
809,17.265822784810126
810,17.272151898734176
811,17.278481012658226
812,17.278481012658226
813,17.278481012658226
814,17.278481012658226
815,17.278481012658226
816,17.278481012658226
817,17.278481012658226
818,17.278481012658226
819,17.278481012658226
820,17.278481012658226
821,17.278481012658226
822,17.28607594936709
823,17.293670886075947
824,17.30126582278481
825,17.30886075949367
826,17.31645569620253
827,17.31645569620253
828,17.31645569620253
829,17.31645569620253
830,17.31645569620253
831,17.31645569620253
832,17.32405063291139
833,17.331645569620253
834,17.339240506329112
835,17.346835443037975
836,17.354430379746834
837,17.354430379746834
838,17.354430379746834
839,17.354430379746834
840,17.354430379746834
841,17.354430379746834
842,17.354430379746834
843,17.354430379746834
844,17.354430379746834
845,17.354430379746834
846,17.354430379746834
847,17.354430379746834
848,17.362025316455696
849,17.369620253164555
850,17.377215189873418
851,17.384810126582277
852,17.39240506329114
853,17.39240506329114
854,17.39240506329114
855,17.39240506329114
856,17.39240506329114
857,17.39240506329114
858,17.4
859,17.40759493670886
860,17.41518987341772
861,17.422784810126583
862,17.430379746835442
863,17.430379746835442
864,17.430379746835442
865,17.430379746835442
866,17.430379746835442
867,17.430379746835442
868,17.430379746835442
869,17.430379746835442
870,17.430379746835442
871,17.430379746835442
872,17.430379746835442
873,17.430379746835442
874,17.430379746835442
875,17.430379746835442
876,17.430379746835442
877,17.430379746835442
878,17.430379746835442
879,17.437974683544304
880,17.445569620253163
881,17.453164556962026
882,17.460759493670885
883,17.468354430379748
884,17.475949367088607
885,17.48354430379747
886,17.491139240506328
887,17.49873417721519
888,17.50632911392405
889,17.50632911392405
890,17.50632911392405
891,17.50632911392405
892,17.50632911392405
893,17.50632911392405
894,17.513924050632912
895,17.52151898734177
896,17.529113924050634
897,17.536708860759493
898,17.544303797468356
899,17.550632911392405
900,17.556962025316455
901,17.56329113924051
902,17.569620253164558
903,17.575949367088608
904,17.582278481012658
905,17.582278481012658
906,17.582278481012658
907,17.582278481012658
908,17.582278481012658
909,17.582278481012658
910,17.582278481012658
911,17.582278481012658
912,17.582278481012658
913,17.582278481012658
914,17.582278481012658
915,17.582278481012658
916,17.582278481012658
917,17.582278481012658
918,17.582278481012658
919,17.582278481012658
920,17.582278481012658
921,17.582278481012658
922,17.582278481012658
923,17.582278481012658
924,17.582278481012658
925,17.582278481012658
926,17.582278481012658
927,17.582278481012658
928,17.582278481012658
929,17.582278481012658
930,17.582278481012658
931,17.582278481012658
932,17.582278481012658
933,17.582278481012658
934,17.582278481012658
935,17.582278481012658
936,17.582278481012658
937,17.582278481012658
938,17.582278481012658
939,17.582278481012658
940,17.582278481012658
941,17.582278481012658
942,17.582278481012658
943,17.582278481012658
944,17.582278481012658
945,17.582278481012658
946,17.582278481012658
947,17.582278481012658
948,17.582278481012658
949,17.582278481012658
950,17.582278481012658
951,17.582278481012658
952,17.582278481012658
953,17.582278481012658
954,17.582278481012658
955,17.582278481012658
956,17.582278481012658
957,17.582278481012658
958,17.582278481012658
959,17.582278481012658
960,17.582278481012658
961,17.582278481012658
962,17.582278481012658
963,17.582278481012658
964,17.582278481012658
965,17.582278481012658
966,17.582278481012658
967,17.582278481012658
968,17.582278481012658
969,17.582278481012658
970,17.582278481012658
971,17.582278481012658
972,17.582278481012658
973,17.582278481012658
974,17.582278481012658
975,17.582278481012658
976,17.582278481012658
977,17.582278481012658
978,17.582278481012658
979,17.582278481012658
980,17.582278481012658
981,17.582278481012658
982,17.582278481012658
983,17.582278481012658
984,17.582278481012658
985,17.582278481012658
986,17.582278481012658
987,17.582278481012658
988,17.582278481012658
989,17.582278481012658
990,17.582278481012658
991,17.582278481012658
992,17.582278481012658
993,17.582278481012658
994,17.582278481012658
995,17.582278481012658
996,17.582278481012658
997,17.582278481012658
998,17.58987341772152
999,17.59746835443038
1000,17.605063291139242
1001,17.6126582278481
1002,17.620253164556964
1003,17.620253164556964
1004,17.620253164556964
1005,17.620253164556964
1006,17.620253164556964
1007,17.620253164556964
1008,17.627848101265823
1009,17.635443037974685
1010,17.643037974683544
1011,17.650632911392407
1012,17.658227848101266
1013,17.658227848101266
1014,17.658227848101266
1015,17.658227848101266
1016,17.658227848101266
1017,17.658227848101266
1018,17.658227848101266
1019,17.658227848101266
1020,17.658227848101266
1021,17.658227848101266
1022,17.658227848101266
1023,17.658227848101266
1024,17.658227848101266
1025,17.658227848101266
1026,17.658227848101266
1027,17.658227848101266
1028,17.658227848101266
1029,17.658227848101266
1030,17.658227848101266
1031,17.658227848101266
1032,17.658227848101266
1033,17.658227848101266
1034,17.658227848101266
1035,17.658227848101266
1036,17.658227848101266
1037,17.658227848101266
1038,17.658227848101266
1039,17.66582278481013
1040,17.673417721518987
1041,17.68101265822785
1042,17.68860759493671
1043,17.69620253164557
1044,17.69620253164557
1045,17.69620253164557
1046,17.69620253164557
1047,17.69620253164557
1048,17.69620253164557
1049,17.69620253164557
1050,17.69620253164557
1051,17.69620253164557
1052,17.69620253164557
1053,17.69620253164557
1054,17.70253164556962
1055,17.70886075949367
1056,17.715189873417724
1057,17.721518987341774
1058,17.727848101265824
1059,17.734177215189874
1060,17.734177215189874
1061,17.734177215189874
1062,17.734177215189874
1063,17.734177215189874
1064,17.734177215189874
1065,17.734177215189874
1066,17.734177215189874
1067,17.734177215189874
1068,17.734177215189874
1069,17.734177215189874
1070,17.734177215189874
1071,17.734177215189874
1072,17.734177215189874
1073,17.734177215189874
1074,17.734177215189874
1075,17.734177215189874
1076,17.734177215189874
1077,17.734177215189874
1078,17.734177215189874
1079,17.734177215189874
1080,17.734177215189874
1081,17.734177215189874
1082,17.734177215189874
1083,17.734177215189874
1084,17.734177215189874
1085,17.740506329113924
1086,17.746835443037977
1087,17.753164556962027
1088,17.759493670886076
1089,17.76582278481013
1090,17.77215189873418
1091,17.77215189873418
1092,17.77215189873418
1093,17.77215189873418
1094,17.77215189873418
1095,17.77215189873418
1096,17.77974683544304
1097,17.7873417721519
1098,17.79493670886076
1099,17.802531645569623
1100,17.810126582278482
1101,17.810126582278482
1102,17.810126582278482
1103,17.810126582278482
1104,17.810126582278482
1105,17.810126582278482
1106,17.810126582278482
1107,17.810126582278482
1108,17.810126582278482
1109,17.810126582278482
1110,17.810126582278482
1111,17.817721518987344
1112,17.825316455696203
1113,17.832911392405066
1114,17.840506329113925
1115,17.848101265822788
1116,17.854430379746837
1117,17.860759493670887
1118,17.86708860759494
1119,17.87341772151899
1120,17.87974683544304
1121,17.88607594936709
1122,17.88607594936709
1123,17.88607594936709
1124,17.88607594936709
1125,17.88607594936709
1126,17.88607594936709
1127,17.893670886075952
1128,17.90126582278481
1129,17.908860759493674
1130,17.916455696202533
1131,17.924050632911396
1132,17.924050632911396
1133,17.924050632911396
1134,17.924050632911396
1135,17.924050632911396
1136,17.924050632911396
1137,17.931645569620255
1138,17.939240506329117
1139,17.946835443037976
1140,17.95443037974684
1141,17.962025316455698
1142,17.969620253164557
1143,17.97721518987342
1144,17.98481012658228
1145,17.99240506329114
1146,18.0
1147,18.00632911392405
1148,18.0126582278481
1149,18.018987341772153
1150,18.025316455696203
1151,18.031645569620252
1152,18.037974683544302
1153,18.045569620253165
1154,18.053164556962024
1155,18.060759493670886
1156,18.068354430379745
1157,18.075949367088608
1158,18.083544303797467
1159,18.09113924050633
1160,18.09873417721519
1161,18.10632911392405
1162,18.11392405063291
1163,18.121518987341773
1164,18.129113924050632
1165,18.136708860759494
1166,18.144303797468353
1167,18.151898734177216
1168,18.151898734177216
1169,18.151898734177216
1170,18.151898734177216
1171,18.151898734177216
1172,18.151898734177216
1173,18.159493670886075
1174,18.167088607594938
1175,18.174683544303797
1176,18.18227848101266
1177,18.189873417721518
1178,18.196202531645568
1179,18.20253164556962
1180,18.20886075949367
1181,18.21518987341772
1182,18.221518987341774
1183,18.227848101265824
1184,18.227848101265824
1185,18.227848101265824
1186,18.227848101265824
1187,18.227848101265824
1188,18.227848101265824
1189,18.235443037974683
1190,18.243037974683546
1191,18.250632911392405
1192,18.258227848101267
1193,18.265822784810126
1194,18.273417721518985
1195,18.281012658227848
1196,18.288607594936707
1197,18.29620253164557
1198,18.30379746835443
1199,18.30379746835443
1200,18.30379746835443
1201,18.30379746835443
1202,18.30379746835443
1203,18.30379746835443
1204,18.311392405063287
1205,18.31898734177215
1206,18.32658227848101
1207,18.33417721518987
1208,18.34177215189873
1209,18.34177215189873
1210,18.34177215189873
1211,18.34177215189873
1212,18.34177215189873
1213,18.34177215189873
1214,18.34177215189873
1215,18.34177215189873
1216,18.34177215189873
1217,18.34177215189873
1218,18.34177215189873
1219,18.34177215189873
1220,18.34177215189873
1221,18.34177215189873
1222,18.34177215189873
1223,18.34177215189873
1224,18.34177215189873
1225,18.34177215189873
1226,18.34177215189873
1227,18.34177215189873
1228,18.34177215189873
1229,18.34177215189873
1230,18.34177215189873
1231,18.34177215189873
1232,18.34177215189873
1233,18.34177215189873
1234,18.34177215189873
1235,18.34177215189873
1236,18.34177215189873
1237,18.34177215189873
1238,18.34177215189873
1239,18.34177215189873
1240,18.34177215189873
1241,18.34177215189873
1242,18.34177215189873
1243,18.34177215189873
1244,18.34177215189873
1245,18.34177215189873
1246,18.349367088607593
1247,18.356962025316452
1248,18.364556962025315
1249,18.372151898734174
1250,18.379746835443036
1251,18.379746835443036
1252,18.379746835443036
1253,18.379746835443036
1254,18.379746835443036
1255,18.379746835443036
1256,18.387341772151895
1257,18.394936708860758
1258,18.402531645569617
1259,18.41012658227848
1260,18.41772151898734
1261,18.41772151898734
1262,18.41772151898734
1263,18.41772151898734
1264,18.41772151898734
1265,18.41772151898734
1266,18.4253164556962
1267,18.43291139240506
1268,18.440506329113923
1269,18.448101265822782
1270,18.455696202531644
1271,18.455696202531644
1272,18.455696202531644
1273,18.455696202531644
1274,18.455696202531644
1275,18.455696202531644
1276,18.455696202531644
1277,18.463291139240503
1278,18.470886075949366
1279,18.478481012658225
1280,18.486075949367088
1281,18.493670886075947
1282,18.493670886075947
1283,18.493670886075947
1284,18.493670886075947
1285,18.493670886075947
1286,18.493670886075947
1287,18.493670886075947
1288,18.493670886075947
1289,18.493670886075947
1290,18.493670886075947
1291,18.493670886075947
1292,18.493670886075947
1293,18.493670886075947
1294,18.493670886075947
1295,18.493670886075947
1296,18.493670886075947
1297,18.493670886075947
1298,18.493670886075947
1299,18.493670886075947
1300,18.493670886075947
1301,18.493670886075947
1302,18.493670886075947
1303,18.493670886075947
1304,18.493670886075947
1305,18.493670886075947
1306,18.493670886075947
1307,18.493670886075947
1308,18.493670886075947
1309,18.493670886075947
1310,18.493670886075947
1311,18.493670886075947
1312,18.493670886075947
1313,18.493670886075947
1314,18.493670886075947
1315,18.493670886075947
1316,18.493670886075947
1317,18.493670886075947
1318,18.493670886075947
1319,18.493670886075947
1320,18.493670886075947
1321,18.493670886075947
1322,18.493670886075947
1323,18.50126582278481
1324,18.50886075949367
1325,18.51645569620253
1326,18.52405063291139
1327,18.531645569620252
1328,18.531645569620252
1329,18.531645569620252
1330,18.531645569620252
1331,18.531645569620252
1332,18.531645569620252
1333,18.531645569620252
1334,18.531645569620252
1335,18.531645569620252
1336,18.531645569620252
1337,18.531645569620252
1338,18.531645569620252
1339,18.53924050632911
1340,18.546835443037974
1341,18.554430379746833
1342,18.562025316455696
1343,18.569620253164555
1344,18.569620253164555
1345,18.569620253164555
1346,18.569620253164555
1347,18.569620253164555
1348,18.569620253164555
1349,18.569620253164555
1350,18.569620253164555
1351,18.569620253164555
1352,18.569620253164555
1353,18.569620253164555
1354,18.569620253164555
1355,18.569620253164555
1356,18.569620253164555
1357,18.569620253164555
1358,18.569620253164555
1359,18.569620253164555
1360,18.569620253164555
1361,18.569620253164555
1362,18.569620253164555
1363,18.569620253164555
1364,18.569620253164555
1365,18.569620253164555
1366,18.569620253164555
1367,18.569620253164555
1368,18.569620253164555
1369,18.569620253164555
1370,18.569620253164555
1371,18.569620253164555
1372,18.569620253164555
1373,18.569620253164555
1374,18.569620253164555
1375,18.569620253164555
1376,18.569620253164555
1377,18.569620253164555
1378,18.569620253164555
1379,18.569620253164555
1380,18.569620253164555
1381,18.569620253164555
1382,18.569620253164555
1383,18.569620253164555
1384,18.569620253164555
1385,18.569620253164555
1386,18.569620253164555
1387,18.569620253164555
1388,18.569620253164555
1389,18.569620253164555
1390,18.569620253164555
1391,18.569620253164555
1392,18.569620253164555
1393,18.569620253164555
1394,18.569620253164555
1395,18.575949367088604
1396,18.582278481012658
1397,18.588607594936708
1398,18.594936708860757
1399,18.60126582278481
1400,18.60759493670886
1401,18.61518987341772
1402,18.622784810126582
1403,18.63037974683544
1404,18.637974683544304
1405,18.645569620253163
1406,18.653164556962025
1407,18.660759493670884
1408,18.668354430379747
1409,18.675949367088606
1410,18.68354430379747
1411,18.68354430379747
1412,18.68354430379747
1413,18.68354430379747
1414,18.68354430379747
1415,18.68354430379747
1416,18.69873417721519
1417,18.71392405063291
1418,18.729113924050633
1419,18.744303797468355
1420,18.759493670886076
1421,18.759493670886076
1422,18.759493670886076
1423,18.759493670886076
1424,18.759493670886076
1425,18.759493670886076
1426,18.77215189873418
1427,18.78481012658228
1428,18.79746835443038
1429,18.810126582278482
1430,18.822784810126585
1431,18.835443037974684
1432,18.835443037974684
1433,18.835443037974684
1434,18.835443037974684
1435,18.835443037974684
1436,18.835443037974684
1437,18.843037974683543
1438,18.850632911392406
1439,18.858227848101265
1440,18.865822784810128
1441,18.873417721518987
1442,18.88101265822785
1443,18.88860759493671
1444,18.89620253164557
1445,18.90379746835443
1446,18.911392405063292
1447,18.91898734177215
1448,18.926582278481014
1449,18.934177215189873
1450,18.941772151898736
1451,18.949367088607595
1452,18.956962025316457
1453,18.964556962025316
1454,18.97215189873418
1455,18.979746835443038
1456,18.9873417721519
1457,18.9873417721519
1458,18.9873417721519
1459,18.9873417721519
1460,18.9873417721519
1461,18.9873417721519
1462,18.9873417721519
1463,19.002531645569622
1464,19.017721518987344
1465,19.032911392405065
1466,19.048101265822787
1467,19.06329113924051
1468,19.06329113924051
1469,19.06329113924051
1470,19.06329113924051
1471,19.06329113924051
1472,19.06329113924051
1473,19.07848101265823
1474,19.09367088607595
1475,19.108860759493673
1476,19.124050632911395
1477,19.139240506329116
1478,19.139240506329116
1479,19.139240506329116
1480,19.139240506329116
1481,19.139240506329116
1482,19.139240506329116
1483,19.154430379746838
1484,19.16962025316456
1485,19.18481012658228
1486,19.200000000000003
1487,19.215189873417724
1488,19.221518987341774
1489,19.227848101265824
1490,19.234177215189874
1491,19.240506329113924
1492,19.246835443037973
1493,19.253164556962023
1494,19.260759493670886
1495,19.268354430379745
1496,19.275949367088607
1497,19.283544303797466
1498,19.29113924050633
1499,19.298734177215188
1500,19.30632911392405
1501,19.31392405063291
1502,19.321518987341772
1503,19.32911392405063
1504,19.32911392405063
1505,19.32911392405063
1506,19.32911392405063
1507,19.32911392405063
1508,19.32911392405063
1509,19.32911392405063
1510,19.32911392405063
1511,19.32911392405063
1512,19.32911392405063
1513,19.32911392405063
1514,19.336708860759494
1515,19.344303797468353
1516,19.351898734177215
1517,19.359493670886074
1518,19.367088607594937
1519,19.373417721518987
1520,19.379746835443036
1521,19.38607594936709
1522,19.39240506329114
1523,19.39873417721519
1524,19.40506329113924
1525,19.4126582278481
1526,19.42025316455696
1527,19.427848101265823
1528,19.435443037974682
1529,19.443037974683545
1530,19.443037974683545
1531,19.443037974683545
1532,19.443037974683545
1533,19.443037974683545
1534,19.443037974683545
1535,19.450632911392404
1536,19.458227848101266
1537,19.465822784810126
1538,19.473417721518988
1539,19.481012658227847
1540,19.48860759493671
1541,19.49620253164557
1542,19.50379746835443
1543,19.51139240506329
1544,19.518987341772153
1545,19.518987341772153
1546,19.518987341772153
1547,19.518987341772153
1548,19.518987341772153
1549,19.518987341772153
1550,19.525316455696203
1551,19.531645569620252
1552,19.537974683544302
1553,19.544303797468352
1554,19.550632911392402
1555,19.55696202531645
1556,19.55696202531645
1557,19.55696202531645
1558,19.55696202531645
1559,19.55696202531645
1560,19.55696202531645
1561,19.564556962025314
1562,19.572151898734173
1563,19.579746835443036
1564,19.587341772151895
1565,19.594936708860757
1566,19.60253164556962
1567,19.61012658227848
1568,19.61772151898734
1569,19.6253164556962
1570,19.632911392405063
1571,19.632911392405063
1572,19.632911392405063
1573,19.632911392405063
1574,19.632911392405063
1575,19.632911392405063
1576,19.632911392405063
1577,19.632911392405063
1578,19.632911392405063
1579,19.632911392405063
1580,19.632911392405063
1581,19.639240506329113
1582,19.645569620253163
1583,19.651898734177216
1584,19.658227848101266
1585,19.664556962025316
1586,19.670886075949365
1587,19.670886075949365
1588,19.670886075949365
1589,19.670886075949365
1590,19.670886075949365
1591,19.670886075949365
1592,19.670886075949365
1593,19.670886075949365
1594,19.670886075949365
1595,19.670886075949365
1596,19.670886075949365
1597,19.670886075949365
1598,19.670886075949365
1599,19.670886075949365
1600,19.670886075949365
1601,19.670886075949365
1602,19.670886075949365
1603,19.670886075949365
1604,19.670886075949365
1605,19.670886075949365
1606,19.670886075949365
1607,19.670886075949365
1608,19.670886075949365
1609,19.670886075949365
1610,19.670886075949365
1611,19.670886075949365
1612,19.670886075949365
1613,19.670886075949365
1614,19.670886075949365
1615,19.670886075949365
1616,19.670886075949365
1617,19.670886075949365
1618,19.670886075949365
1619,19.670886075949365
1620,19.670886075949365
1621,19.670886075949365
1622,19.670886075949365
1623,19.670886075949365
1624,19.670886075949365
1625,19.670886075949365
1626,19.670886075949365
1627,19.670886075949365
1628,19.670886075949365
1629,19.670886075949365
1630,19.670886075949365
1631,19.670886075949365
1632,19.670886075949365
1633,19.670886075949365
1634,19.670886075949365
1635,19.670886075949365
1636,19.670886075949365
1637,19.670886075949365
1638,19.670886075949365
1639,19.670886075949365
1640,19.670886075949365
1641,19.670886075949365
1642,19.670886075949365
1643,19.670886075949365
1644,19.670886075949365
1645,19.670886075949365
1646,19.670886075949365
1647,19.670886075949365
1648,19.670886075949365
1649,19.670886075949365
1650,19.670886075949365
1651,19.670886075949365
1652,19.670886075949365
1653,19.670886075949365
1654,19.670886075949365
1655,19.670886075949365
1656,19.670886075949365
1657,19.670886075949365
1658,19.670886075949365
1659,19.670886075949365
1660,19.670886075949365
1661,19.670886075949365
1662,19.670886075949365
1663,19.670886075949365
1664,19.670886075949365
1665,19.670886075949365
1666,19.670886075949365
1667,19.670886075949365
1668,19.670886075949365
1669,19.670886075949365
1670,19.670886075949365
1671,19.670886075949365
1672,19.670886075949365
1673,19.670886075949365
1674,19.670886075949365
1675,19.670886075949365
1676,19.670886075949365
1677,19.670886075949365
1678,19.670886075949365
1679,19.670886075949365
1680,19.670886075949365
1681,19.670886075949365
1682,19.670886075949365
1683,19.670886075949365
1684,19.670886075949365
1685,19.670886075949365
1686,19.670886075949365
1687,19.670886075949365
1688,19.670886075949365
1689,19.670886075949365
1690,19.670886075949365
1691,19.670886075949365
1692,19.670886075949365
1693,19.670886075949365
1694,19.670886075949365
1695,19.670886075949365
1696,19.670886075949365
1697,19.670886075949365
1698,19.670886075949365
1699,19.670886075949365
1700,19.670886075949365
1701,19.670886075949365
1702,19.670886075949365
1703,19.670886075949365
1704,19.670886075949365
1705,19.670886075949365
1706,19.670886075949365
1707,19.670886075949365
1708,19.670886075949365
1709,19.670886075949365
1710,19.670886075949365
1711,19.670886075949365
1712,19.670886075949365
1713,19.670886075949365
1714,19.670886075949365
1715,19.670886075949365
1716,19.670886075949365
1717,19.670886075949365
1718,19.670886075949365
1719,19.670886075949365
1720,19.670886075949365
1721,19.670886075949365
1722,19.670886075949365
1723,19.670886075949365
1724,19.670886075949365
1725,19.670886075949365
1726,19.670886075949365
1727,19.670886075949365
1728,19.670886075949365
1729,19.670886075949365
1730,19.670886075949365
1731,19.670886075949365
1732,19.670886075949365
1733,19.670886075949365
1734,19.670886075949365
1735,19.670886075949365
1736,19.670886075949365
1737,19.670886075949365
1738,19.670886075949365
1739,19.670886075949365
1740,19.670886075949365
1741,19.670886075949365
1742,19.670886075949365
1743,19.670886075949365
1744,19.670886075949365
1745,19.670886075949365
1746,19.670886075949365
1747,19.670886075949365
1748,19.670886075949365
1749,19.670886075949365
1750,19.670886075949365
1751,19.670886075949365
1752,19.670886075949365
1753,19.670886075949365
1754,19.670886075949365
1755,19.670886075949365
1756,19.670886075949365
1757,19.670886075949365
1758,19.670886075949365
1759,19.670886075949365
1760,19.670886075949365
1761,19.670886075949365
1762,19.670886075949365
1763,19.670886075949365
1764,19.670886075949365
1765,19.670886075949365
1766,19.670886075949365
1767,19.670886075949365
1768,19.670886075949365
1769,19.670886075949365
1770,19.670886075949365
1771,19.670886075949365
1772,19.670886075949365
1773,19.670886075949365
1774,19.670886075949365
1775,19.670886075949365
1776,19.670886075949365
1777,19.670886075949365
1778,19.670886075949365
1779,19.670886075949365
1780,19.670886075949365
1781,19.670886075949365
1782,19.670886075949365
1783,19.670886075949365
1784,19.670886075949365
1785,19.670886075949365
1786,19.670886075949365
1787,19.670886075949365
1788,19.670886075949365
1789,19.670886075949365
1790,19.670886075949365
1791,19.670886075949365
1792,19.670886075949365
1793,19.670886075949365
1794,19.670886075949365
1795,19.670886075949365
1796,19.670886075949365
1797,19.670886075949365
1798,19.670886075949365
1799,19.670886075949365
1800,19.670886075949365
1801,19.670886075949365
1802,19.670886075949365
1803,19.670886075949365
1804,19.670886075949365
1805,19.670886075949365
1806,19.670886075949365
1807,19.670886075949365
1808,19.670886075949365
1809,19.670886075949365
1810,19.670886075949365
1811,19.670886075949365
1812,19.670886075949365
1813,19.670886075949365
1814,19.686075949367087
1815,19.70126582278481
1816,19.71645569620253
1817,19.73164556962025
1818,19.746835443037973
1819,19.754430379746836
1820,19.762025316455695
1821,19.769620253164558
1822,19.777215189873417
1823,19.78481012658228
1824,19.792405063291138
1825,19.8
1826,19.80759493670886
1827,19.815189873417722
1828,19.82278481012658
1829,19.837974683544303
1830,19.853164556962025
1831,19.868354430379746
1832,19.883544303797468
1833,19.89873417721519
1834,19.89873417721519
1835,19.89873417721519
1836,19.89873417721519
1837,19.89873417721519
1838,19.89873417721519
1839,19.89873417721519
1840,19.906329113924052
1841,19.91392405063291
1842,19.921518987341774
1843,19.929113924050633
1844,19.936708860759495
1845,19.944303797468354
1846,19.951898734177217
1847,19.959493670886076
1848,19.96708860759494
1849,19.974683544303797
1850,19.98987341772152
1851,20.00506329113924
1852,20.020253164556962
1853,20.035443037974684
1854,20.050632911392405
1855,20.065822784810127
1856,20.08101265822785
1857,20.09620253164557
1858,20.11139240506329
1859,20.126582278481013
1860,20.141772151898735
1861,20.156962025316457
1862,20.172151898734178
1863,20.1873417721519
1864,20.20253164556962
1865,20.21518987341772
1866,20.227848101265824
1867,20.240506329113927
1868,20.253164556962027
1869,20.265822784810126
1870,20.27848101265823
1871,20.301265822784814
1872,20.324050632911394
1873,20.34683544303798
1874,20.36962025316456
1875,20.392405063291143
1876,20.407594936708865
1877,20.422784810126586
1878,20.437974683544304
1879,20.453164556962026
1880,20.468354430379748
1881,20.48354430379747
1882,20.49873417721519
1883,20.513924050632912
1884,20.529113924050634
1885,20.544303797468356
1886,20.559493670886077
1887,20.5746835443038
1888,20.58987341772152
1889,20.605063291139242
1890,20.620253164556964
1891,20.635443037974685
1892,20.650632911392407
1893,20.66582278481013
1894,20.68101265822785
1895,20.69620253164557
1896,20.708860759493675
1897,20.721518987341774
1898,20.734177215189874
1899,20.746835443037977
1900,20.75949367088608
1901,20.77215189873418
1902,20.77974683544304
1903,20.787341772151898
1904,20.79493670886076
1905,20.80253164556962
1906,20.81012658227848
1907,20.8253164556962
1908,20.84050632911392
1909,20.855696202531643
1910,20.870886075949365
1911,20.886075949367086
1912,20.89367088607595
1913,20.901265822784808
1914,20.90886075949367
1915,20.91645569620253
1916,20.924050632911392
1917,20.93164556962025
1918,20.939240506329114
1919,20.946835443037973
1920,20.954430379746835
1921,20.962025316455694
1922,20.969620253164557
1923,20.977215189873416
1924,20.98481012658228
1925,20.992405063291137
1926,21.0
1927,21.00632911392405
1928,21.0126582278481
1929,21.018987341772153
1930,21.025316455696203
1931,21.031645569620252
1932,21.037974683544302
1933,21.045569620253165
1934,21.053164556962024
1935,21.060759493670886
1936,21.068354430379745
1937,21.075949367088608
1938,21.083544303797467
1939,21.09113924050633
1940,21.09873417721519
1941,21.10632911392405
1942,21.11392405063291
1943,21.11392405063291
1944,21.11392405063291
1945,21.11392405063291
1946,21.11392405063291
1947,21.11392405063291
1948,21.121518987341773
1949,21.129113924050632
1950,21.136708860759494
1951,21.144303797468353
1952,21.151898734177216
1953,21.159493670886075
1954,21.167088607594938
1955,21.174683544303797
1956,21.18227848101266
1957,21.189873417721518
1958,21.189873417721518
1959,21.189873417721518
1960,21.189873417721518
1961,21.189873417721518
1962,21.189873417721518
1963,21.189873417721518
1964,21.19746835443038
1965,21.20506329113924
1966,21.212658227848102
1967,21.22025316455696
1968,21.227848101265824
1969,21.227848101265824
1970,21.227848101265824
1971,21.227848101265824
1972,21.227848101265824
1973,21.227848101265824
1974,21.235443037974683
1975,21.243037974683546
1976,21.250632911392405
1977,21.258227848101267
1978,21.265822784810126
1979,21.265822784810126
1980,21.265822784810126
1981,21.265822784810126
1982,21.265822784810126
1983,21.265822784810126
1984,21.27341772151899
1985,21.281012658227848
1986,21.28860759493671
1987,21.29620253164557
1988,21.303797468354432
1989,21.303797468354432
1990,21.303797468354432
1991,21.303797468354432
1992,21.303797468354432
1993,21.303797468354432
1994,21.303797468354432
1995,21.31139240506329
1996,21.318987341772154
1997,21.326582278481013
1998,21.334177215189875
1999,21.341772151898734
2000,21.341772151898734
2001,21.341772151898734
2002,21.341772151898734
2003,21.341772151898734
2004,21.341772151898734
2005,21.349367088607597
2006,21.356962025316456
2007,21.36455696202532
2008,21.372151898734177
2009,21.37974683544304
2010,21.3873417721519
2011,21.39493670886076
2012,21.40253164556962
2013,21.410126582278483
2014,21.417721518987342
2015,21.425316455696205
2016,21.432911392405064
2017,21.440506329113926
2018,21.448101265822785
2019,21.455696202531648
2020,21.455696202531648
2021,21.455696202531648
2022,21.455696202531648
2023,21.455696202531648
2024,21.455696202531648
2025,21.455696202531648
2026,21.463291139240507
2027,21.47088607594937
2028,21.47848101265823
2029,21.48607594936709
2030,21.49367088607595
2031,21.49367088607595
2032,21.49367088607595
2033,21.49367088607595
2034,21.49367088607595
2035,21.49367088607595
2036,21.501265822784813
2037,21.508860759493672
2038,21.516455696202534
2039,21.524050632911393
2040,21.531645569620256
2041,21.531645569620256
2042,21.531645569620256
2043,21.531645569620256
2044,21.531645569620256
2045,21.531645569620256
2046,21.539240506329115
2047,21.546835443037978
2048,21.554430379746837
2049,21.5620253164557
2050,21.569620253164558
2051,21.569620253164558
2052,21.569620253164558
2053,21.569620253164558
2054,21.569620253164558
2055,21.569620253164558
2056,21.569620253164558
2057,21.57721518987342
2058,21.58481012658228
2059,21.592405063291142
2060,21.6
2061,21.607594936708864
2062,21.607594936708864
2063,21.607594936708864
2064,21.607594936708864
2065,21.607594936708864
2066,21.607594936708864
2067,21.615189873417723
2068,21.622784810126586
2069,21.630379746835445
2070,21.637974683544307
2071,21.645569620253166
2072,21.65316455696203
2073,21.660759493670888
2074,21.66835443037975
2075,21.67594936708861
2076,21.683544303797472
2077,21.683544303797472
2078,21.683544303797472
2079,21.683544303797472
2080,21.683544303797472
2081,21.683544303797472
2082,21.683544303797472
2083,21.683544303797472
2084,21.683544303797472
2085,21.683544303797472
2086,21.683544303797472
2087,21.683544303797472
2088,21.69113924050633
2089,21.69873417721519
2090,21.706329113924053
2091,21.71392405063291
2092,21.72151898734177
2093,21.72151898734177
2094,21.72151898734177
2095,21.72151898734177
2096,21.72151898734177
2097,21.72151898734177
2098,21.729113924050633
2099,21.736708860759492
2100,21.744303797468355
2101,21.751898734177214
2102,21.759493670886076
2103,21.759493670886076
2104,21.759493670886076
2105,21.759493670886076
2106,21.759493670886076
2107,21.759493670886076
2108,21.759493670886076
2109,21.759493670886076
2110,21.759493670886076
2111,21.759493670886076
2112,21.759493670886076
2113,21.765822784810126
2114,21.772151898734176
2115,21.77848101265823
2116,21.78481012658228
2117,21.79113924050633
2118,21.79746835443038
2119,21.79746835443038
2120,21.79746835443038
2121,21.79746835443038
2122,21.79746835443038
2123,21.79746835443038
2124,21.80506329113924
2125,21.8126582278481
2126,21.820253164556963
2127,21.827848101265822
2128,21.835443037974684
2129,21.835443037974684
2130,21.835443037974684
2131,21.835443037974684
2132,21.835443037974684
2133,21.835443037974684
2134,21.835443037974684
2135,21.835443037974684
2136,21.835443037974684
2137,21.835443037974684
2138,21.835443037974684
2139,21.835443037974684
2140,21.835443037974684
2141,21.835443037974684
2142,21.835443037974684
2143,21.835443037974684
2144,21.835443037974684
2145,21.835443037974684
2146,21.835443037974684
2147,21.835443037974684
2148,21.835443037974684
2149,21.835443037974684
2150,21.835443037974684
2151,21.835443037974684
2152,21.835443037974684
2153,21.835443037974684
2154,21.835443037974684
2155,21.835443037974684
2156,21.835443037974684
2157,21.835443037974684
2158,21.835443037974684
2159,21.835443037974684
2160,21.843037974683543
2161,21.850632911392406
2162,21.858227848101265
2163,21.865822784810128
2164,21.873417721518987
2165,21.873417721518987
2166,21.873417721518987
2167,21.873417721518987
2168,21.873417721518987
2169,21.873417721518987
2170,21.873417721518987
2171,21.873417721518987
2172,21.873417721518987
2173,21.873417721518987
2174,21.873417721518987
2175,21.873417721518987
2176,21.873417721518987
2177,21.873417721518987
2178,21.873417721518987
2179,21.873417721518987
2180,21.873417721518987
2181,21.873417721518987
2182,21.873417721518987
2183,21.873417721518987
2184,21.873417721518987
2185,21.873417721518987
2186,21.873417721518987
2187,21.873417721518987
2188,21.873417721518987
2189,21.873417721518987
2190,21.873417721518987
2191,21.873417721518987
2192,21.873417721518987
2193,21.873417721518987
2194,21.873417721518987
2195,21.873417721518987
2196,21.873417721518987
2197,21.873417721518987
2198,21.873417721518987
2199,21.873417721518987
2200,21.873417721518987
2201,21.873417721518987
2202,21.873417721518987
2203,21.873417721518987
2204,21.873417721518987
2205,21.873417721518987
2206,21.873417721518987
2207,21.873417721518987
2208,21.873417721518987
2209,21.873417721518987
2210,21.873417721518987
2211,21.873417721518987
2212,21.873417721518987
2213,21.873417721518987
2214,21.873417721518987
2215,21.873417721518987
2216,21.873417721518987
2217,21.873417721518987
2218,21.873417721518987
2219,21.873417721518987
2220,21.873417721518987
2221,21.873417721518987
2222,21.873417721518987
2223,21.873417721518987
2224,21.873417721518987
2225,21.873417721518987
2226,21.873417721518987
2227,21.873417721518987
2228,21.873417721518987
2229,21.873417721518987
2230,21.873417721518987
2231,21.873417721518987
2232,21.88101265822785
2233,21.88860759493671
2234,21.89620253164557
2235,21.90379746835443
2236,21.911392405063292
2237,21.911392405063292
2238,21.911392405063292
2239,21.911392405063292
2240,21.911392405063292
2241,21.911392405063292
2242,21.911392405063292
2243,21.911392405063292
2244,21.911392405063292
2245,21.911392405063292
2246,21.911392405063292
2247,21.911392405063292
2248,21.911392405063292
2249,21.911392405063292
2250,21.911392405063292
2251,21.911392405063292
2252,21.911392405063292
2253,21.911392405063292
2254,21.911392405063292
2255,21.911392405063292
2256,21.911392405063292
2257,21.911392405063292
2258,21.911392405063292
2259,21.911392405063292
2260,21.911392405063292
2261,21.911392405063292
2262,21.911392405063292
2263,21.911392405063292
2264,21.911392405063292
2265,21.911392405063292
2266,21.911392405063292
2267,21.911392405063292
2268,21.911392405063292
2269,21.911392405063292
2270,21.911392405063292
2271,21.911392405063292
2272,21.911392405063292
2273,21.911392405063292
2274,21.911392405063292
2275,21.911392405063292
2276,21.911392405063292
2277,21.911392405063292
2278,21.911392405063292
2279,21.911392405063292
2280,21.911392405063292
2281,21.911392405063292
2282,21.911392405063292
2283,21.911392405063292
2284,21.911392405063292
2285,21.911392405063292
2286,21.911392405063292
2287,21.911392405063292
2288,21.911392405063292
2289,21.911392405063292
2290,21.911392405063292
2291,21.911392405063292
2292,21.911392405063292
2293,21.911392405063292
2294,21.91898734177215
2295,21.926582278481014
2296,21.934177215189873
2297,21.941772151898736
2298,21.949367088607595
2299,21.949367088607595
2300,21.949367088607595
2301,21.949367088607595
2302,21.949367088607595
2303,21.949367088607595
2304,21.949367088607595
2305,21.949367088607595
2306,21.949367088607595
2307,21.949367088607595
2308,21.949367088607595
2309,21.949367088607595
2310,21.949367088607595
2311,21.949367088607595
2312,21.949367088607595
2313,21.949367088607595
2314,21.949367088607595
2315,21.956962025316457
2316,21.964556962025316
2317,21.97215189873418
2318,21.979746835443038
2319,21.9873417721519
2320,21.9873417721519
2321,21.9873417721519
2322,21.9873417721519
2323,21.9873417721519
2324,21.9873417721519
2325,21.9873417721519
2326,21.9873417721519
2327,21.9873417721519
2328,21.9873417721519
2329,21.9873417721519
2330,21.9873417721519
2331,21.9873417721519
2332,21.9873417721519
2333,21.9873417721519
2334,21.9873417721519
2335,21.9873417721519
2336,21.9873417721519
2337,21.9873417721519
2338,21.9873417721519
2339,21.9873417721519
2340,21.9873417721519
2341,21.9873417721519
2342,21.9873417721519
2343,21.9873417721519
2344,21.9873417721519
2345,21.9873417721519
2346,21.9873417721519
2347,21.9873417721519
2348,21.9873417721519
2349,21.9873417721519
2350,21.9873417721519
2351,21.9873417721519
2352,21.9873417721519
2353,21.9873417721519
2354,21.9873417721519
2355,21.9873417721519
2356,21.979746835443038
2357,21.97215189873418
2358,21.964556962025316
2359,21.956962025316457
2360,21.949367088607595
2361,21.949367088607595
2362,21.949367088607595
2363,21.949367088607595
2364,21.949367088607595
2365,21.949367088607595
2366,21.949367088607595
2367,21.934177215189873
2368,21.91898734177215
2369,21.90379746835443
2370,21.88860759493671
2371,21.873417721518987
2372,21.865822784810128
2373,21.858227848101265
2374,21.850632911392406
2375,21.843037974683543
2376,21.835443037974684
2377,21.835443037974684
2378,21.835443037974684
2379,21.835443037974684
2380,21.835443037974684
2381,21.835443037974684
2382,21.835443037974684
2383,21.835443037974684
2384,21.835443037974684
2385,21.835443037974684
2386,21.835443037974684
2387,21.835443037974684
2388,21.835443037974684
2389,21.835443037974684
2390,21.835443037974684
2391,21.835443037974684
2392,21.835443037974684
2393,21.835443037974684
2394,21.835443037974684
2395,21.835443037974684
2396,21.835443037974684
2397,21.835443037974684
2398,21.835443037974684
2399,21.835443037974684
2400,21.835443037974684
2401,21.835443037974684
2402,21.835443037974684
2403,21.835443037974684
2404,21.835443037974684
2405,21.835443037974684
2406,21.835443037974684
2407,21.835443037974684
2408,21.835443037974684
2409,21.835443037974684
2410,21.835443037974684
2411,21.835443037974684
2412,21.835443037974684
2413,21.835443037974684
2414,21.835443037974684
2415,21.835443037974684
2416,21.835443037974684
2417,21.835443037974684
2418,21.827848101265822
2419,21.820253164556963
2420,21.8126582278481
2421,21.80506329113924
2422,21.79746835443038
2423,21.79113924050633
2424,21.78481012658228
2425,21.778481012658226
2426,21.772151898734176
2427,21.765822784810126
2428,21.759493670886076
2429,21.751898734177214
2430,21.744303797468355
2431,21.736708860759492
2432,21.729113924050633
2433,21.72151898734177
2434,21.72151898734177
2435,21.72151898734177
2436,21.72151898734177
2437,21.72151898734177
2438,21.72151898734177
2439,21.71392405063291
2440,21.706329113924053
2441,21.69873417721519
2442,21.69113924050633
2443,21.683544303797472
2444,21.67594936708861
2445,21.66835443037975
2446,21.660759493670888
2447,21.65316455696203
2448,21.645569620253166
2449,21.637974683544307
2450,21.630379746835445
2451,21.622784810126586
2452,21.615189873417723
2453,21.607594936708864
2454,21.601265822784814
2455,21.59493670886076
2456,21.58860759493671
2457,21.58227848101266
2458,21.575949367088608
2459,21.569620253164558
2460,21.5620253164557
2461,21.554430379746837
2462,21.546835443037978
2463,21.539240506329115
2464,21.531645569620256
2465,21.531645569620256
2466,21.531645569620256
2467,21.531645569620256
2468,21.531645569620256
2469,21.531645569620256
2470,21.524050632911393
2471,21.516455696202534
2472,21.508860759493672
2473,21.501265822784813
2474,21.49367088607595
2475,21.48607594936709
2476,21.47848101265823
2477,21.47088607594937
2478,21.463291139240507
2479,21.455696202531648
2480,21.455696202531648
2481,21.455696202531648
2482,21.455696202531648
2483,21.455696202531648
2484,21.455696202531648
2485,21.449367088607598
2486,21.443037974683545
2487,21.436708860759495
2488,21.430379746835445
2489,21.424050632911392
2490,21.417721518987342
2491,21.410126582278483
2492,21.40253164556962
2493,21.39493670886076
2494,21.3873417721519
2495,21.37974683544304
2496,21.372151898734177
2497,21.36455696202532
2498,21.356962025316456
2499,21.349367088607597
2500,21.341772151898734
2501,21.341772151898734
2502,21.341772151898734
2503,21.341772151898734
2504,21.341772151898734
2505,21.341772151898734
2506,21.326582278481013
2507,21.31139240506329
2508,21.29620253164557
2509,21.281012658227848
2510,21.265822784810126
2511,21.265822784810126
2512,21.265822784810126
2513,21.265822784810126
2514,21.265822784810126
2515,21.265822784810126
2516,21.253164556962027
2517,21.240506329113924
2518,21.22784810126582
2519,21.21518987341772
2520,21.20253164556962
2521,21.189873417721518
2522,21.18227848101266
2523,21.174683544303797
2524,21.167088607594938
2525,21.159493670886075
2526,21.151898734177216
2527,21.144303797468353
2528,21.136708860759494
2529,21.129113924050632
2530,21.121518987341773
2531,21.11392405063291
2532,21.09873417721519
2533,21.083544303797467
2534,21.068354430379745
2535,21.053164556962024
2536,21.037974683544302
2537,21.030379746835443
2538,21.02278481012658
2539,21.01518987341772
2540,21.00759493670886
2541,21.0
2542,20.992405063291137
2543,20.98481012658228
2544,20.977215189873416
2545,20.969620253164557
2546,20.962025316455694
2547,20.955696202531644
2548,20.949367088607595
2549,20.94303797468354
2550,20.93670886075949
2551,20.930379746835442
2552,20.924050632911392
2553,20.924050632911392
2554,20.924050632911392
2555,20.924050632911392
2556,20.924050632911392
2557,20.924050632911392
2558,20.91645569620253
2559,20.90886075949367
2560,20.901265822784808
2561,20.89367088607595
2562,20.886075949367086
2563,20.886075949367086
2564,20.886075949367086
2565,20.886075949367086
2566,20.886075949367086
2567,20.886075949367086
2568,20.878481012658227
2569,20.870886075949365
2570,20.863291139240506
2571,20.855696202531643
2572,20.848101265822784
2573,20.84050632911392
2574,20.832911392405062
2575,20.8253164556962
2576,20.81772151898734
2577,20.81012658227848
2578,20.80379746835443
2579,20.79746835443038
2580,20.79113924050633
2581,20.78481012658228
2582,20.77848101265823
2583,20.77215189873418
2584,20.77215189873418
2585,20.77215189873418
2586,20.77215189873418
2587,20.77215189873418
2588,20.77215189873418
2589,20.764556962025317
2590,20.756962025316458
2591,20.749367088607595
2592,20.741772151898736
2593,20.734177215189874
2594,20.726582278481015
2595,20.718987341772152
2596,20.711392405063293
2597,20.70379746835443
2598,20.69620253164557
2599,20.69620253164557
2600,20.69620253164557
2601,20.69620253164557
2602,20.69620253164557
2603,20.69620253164557
2604,20.69620253164557
2605,20.69620253164557
2606,20.69620253164557
2607,20.69620253164557
2608,20.69620253164557
2609,20.68987341772152
2610,20.68354430379747
2611,20.67721518987342
2612,20.67088607594937
2613,20.664556962025316
2614,20.658227848101266
2615,20.658227848101266
2616,20.658227848101266
2617,20.658227848101266
2618,20.658227848101266
2619,20.658227848101266
2620,20.650632911392407
2621,20.643037974683544
2622,20.635443037974685
2623,20.627848101265823
2624,20.620253164556964
2625,20.620253164556964
2626,20.620253164556964
2627,20.620253164556964
2628,20.620253164556964
2629,20.620253164556964
2630,20.620253164556964
2631,20.620253164556964
2632,20.620253164556964
2633,20.620253164556964
2634,20.620253164556964
2635,20.620253164556964
2636,20.620253164556964
2637,20.620253164556964
2638,20.620253164556964
2639,20.620253164556964
2640,20.620253164556964
2641,20.620253164556964
2642,20.620253164556964
2643,20.620253164556964
2644,20.620253164556964
2645,20.620253164556964
2646,20.620253164556964
2647,20.620253164556964
2648,20.620253164556964
2649,20.620253164556964
2650,20.620253164556964
2651,20.620253164556964
2652,20.620253164556964
2653,20.620253164556964
2654,20.620253164556964
2655,20.620253164556964
2656,20.6126582278481
2657,20.605063291139242
2658,20.59746835443038
2659,20.58987341772152
2660,20.582278481012658
2661,20.582278481012658
2662,20.582278481012658
2663,20.582278481012658
2664,20.582278481012658
2665,20.582278481012658
2666,20.5746835443038
2667,20.567088607594936
2668,20.559493670886077
2669,20.551898734177215
2670,20.544303797468356
2671,20.544303797468356
2672,20.544303797468356
2673,20.544303797468356
2674,20.544303797468356
2675,20.544303797468356
2676,20.544303797468356
2677,20.544303797468356
2678,20.544303797468356
2679,20.544303797468356
2680,20.544303797468356
2681,20.544303797468356
2682,20.544303797468356
2683,20.544303797468356
2684,20.544303797468356
2685,20.544303797468356
2686,20.544303797468356
2687,20.544303797468356
2688,20.544303797468356
2689,20.544303797468356
2690,20.544303797468356
2691,20.544303797468356
2692,20.544303797468356
2693,20.544303797468356
2694,20.544303797468356
2695,20.544303797468356
2696,20.544303797468356
2697,20.544303797468356
2698,20.544303797468356
2699,20.544303797468356
2700,20.544303797468356
2701,20.544303797468356
2702,20.537974683544306
2703,20.531645569620252
2704,20.525316455696203
2705,20.518987341772153
2706,20.5126582278481
2707,20.50632911392405
2708,20.50632911392405
2709,20.50632911392405
2710,20.50632911392405
2711,20.50632911392405
2712,20.50632911392405
2713,20.49873417721519
2714,20.491139240506328
2715,20.48354430379747
2716,20.475949367088607
2717,20.468354430379748
2718,20.468354430379748
2719,20.468354430379748
2720,20.468354430379748
2721,20.468354430379748
2722,20.468354430379748
2723,20.468354430379748
2724,20.468354430379748
2725,20.468354430379748
2726,20.468354430379748
2727,20.468354430379748
2728,20.46075949367089
2729,20.453164556962026
2730,20.445569620253167
2731,20.437974683544304
2732,20.430379746835445
2733,20.430379746835445
2734,20.430379746835445
2735,20.430379746835445
2736,20.430379746835445
2737,20.430379746835445
2738,20.430379746835445
2739,20.430379746835445
2740,20.430379746835445
2741,20.430379746835445
2742,20.430379746835445
2743,20.430379746835445
2744,20.422784810126586
2745,20.415189873417724
2746,20.407594936708865
2747,20.400000000000002
2748,20.392405063291143
2749,20.392405063291143
2750,20.392405063291143
2751,20.392405063291143
2752,20.392405063291143
2753,20.392405063291143
2754,20.392405063291143
2755,20.392405063291143
2756,20.392405063291143
2757,20.392405063291143
2758,20.392405063291143
2759,20.392405063291143
2760,20.392405063291143
2761,20.392405063291143
2762,20.392405063291143
2763,20.392405063291143
2764,20.392405063291143
2765,20.392405063291143
2766,20.392405063291143
2767,20.392405063291143
2768,20.392405063291143
2769,20.392405063291143
2770,20.392405063291143
2771,20.392405063291143
2772,20.392405063291143
2773,20.392405063291143
2774,20.392405063291143
2775,20.392405063291143
2776,20.392405063291143
2777,20.392405063291143
2778,20.392405063291143
2779,20.392405063291143
2780,20.392405063291143
2781,20.392405063291143
2782,20.392405063291143
2783,20.392405063291143
2784,20.392405063291143
2785,20.392405063291143
2786,20.392405063291143
2787,20.392405063291143
2788,20.392405063291143
2789,20.392405063291143
2790,20.392405063291143
2791,20.392405063291143
2792,20.392405063291143
2793,20.392405063291143
2794,20.392405063291143
2795,20.392405063291143
2796,20.392405063291143
2797,20.392405063291143
2798,20.392405063291143
2799,20.392405063291143
2800,20.392405063291143
2801,20.392405063291143
2802,20.392405063291143
2803,20.392405063291143
2804,20.392405063291143
2805,20.392405063291143
2806,20.392405063291143
2807,20.392405063291143
2808,20.392405063291143
2809,20.392405063291143
2810,20.392405063291143
2811,20.392405063291143
2812,20.392405063291143
2813,20.392405063291143
2814,20.392405063291143
2815,20.392405063291143
2816,20.392405063291143
2817,20.392405063291143
2818,20.392405063291143
2819,20.392405063291143
2820,20.392405063291143
2821,20.392405063291143
2822,20.392405063291143
2823,20.392405063291143
2824,20.392405063291143
2825,20.392405063291143
2826,20.392405063291143
2827,20.392405063291143
2828,20.392405063291143
2829,20.392405063291143
2830,20.392405063291143
2831,20.392405063291143
2832,20.392405063291143
2833,20.392405063291143
2834,20.392405063291143
2835,20.392405063291143
2836,20.392405063291143
2837,20.38481012658228
2838,20.37721518987342
2839,20.36962025316456
2840,20.3620253164557
2841,20.354430379746837
2842,20.354430379746837
2843,20.354430379746837
2844,20.354430379746837
2845,20.354430379746837
2846,20.354430379746837
2847,20.339240506329116
2848,20.324050632911394
2849,20.308860759493673
2850,20.29367088607595
2851,20.27848101265823
2852,20.27848101265823
2853,20.27848101265823
2854,20.27848101265823
2855,20.27848101265823
2856,20.27848101265823
2857,20.27215189873418
2858,20.26582278481013
2859,20.259493670886076
2860,20.253164556962027
2861,20.246835443037977
2862,20.240506329113927
2863,20.240506329113927
2864,20.240506329113927
2865,20.240506329113927
2866,20.240506329113927
2867,20.240506329113927
2868,20.240506329113927
2869,20.240506329113927
2870,20.240506329113927
2871,20.240506329113927
2872,20.240506329113927
2873,20.240506329113927
2874,20.240506329113927
2875,20.240506329113927
2876,20.240506329113927
2877,20.240506329113927
2878,20.232911392405065
2879,20.225316455696206
2880,20.217721518987343
2881,20.210126582278484
2882,20.20253164556962
2883,20.20253164556962
2884,20.20253164556962
2885,20.20253164556962
2886,20.20253164556962
2887,20.20253164556962
2888,20.19620253164557
2889,20.189873417721518
2890,20.18354430379747
2891,20.17721518987342
2892,20.170886075949365
2893,20.164556962025316
2894,20.164556962025316
2895,20.164556962025316
2896,20.164556962025316
2897,20.164556962025316
2898,20.164556962025316
2899,20.164556962025316
2900,20.164556962025316
2901,20.164556962025316
2902,20.164556962025316
2903,20.164556962025316
2904,20.164556962025316
2905,20.164556962025316
2906,20.164556962025316
2907,20.164556962025316
2908,20.164556962025316
2909,20.164556962025316
2910,20.164556962025316
2911,20.164556962025316
2912,20.164556962025316
2913,20.164556962025316
2914,20.164556962025316
2915,20.164556962025316
2916,20.164556962025316
2917,20.164556962025316
2918,20.164556962025316
2919,20.164556962025316
2920,20.164556962025316
2921,20.164556962025316
2922,20.164556962025316
2923,20.164556962025316
2924,20.164556962025316
2925,20.164556962025316
2926,20.164556962025316
2927,20.164556962025316
2928,20.164556962025316
2929,20.164556962025316
2930,20.164556962025316
2931,20.164556962025316
2932,20.164556962025316
2933,20.164556962025316
2934,20.164556962025316
2935,20.164556962025316
2936,20.164556962025316
2937,20.164556962025316
2938,20.164556962025316
2939,20.164556962025316
2940,20.164556962025316
2941,20.164556962025316
2942,20.164556962025316
2943,20.164556962025316
2944,20.164556962025316
2945,20.164556962025316
2946,20.164556962025316
2947,20.164556962025316
2948,20.164556962025316
2949,20.164556962025316
2950,20.158227848101266
2951,20.151898734177216
2952,20.145569620253163
2953,20.139240506329113
2954,20.132911392405063
2955,20.126582278481013
2956,20.126582278481013
2957,20.126582278481013
2958,20.126582278481013
2959,20.126582278481013
2960,20.126582278481013
2961,20.126582278481013
2962,20.126582278481013
2963,20.126582278481013
2964,20.126582278481013
2965,20.126582278481013
2966,20.126582278481013
2967,20.126582278481013
2968,20.126582278481013
2969,20.126582278481013
2970,20.126582278481013
2971,20.118987341772154
2972,20.11139240506329
2973,20.103797468354433
2974,20.09620253164557
2975,20.08860759493671
2976,20.08860759493671
2977,20.08860759493671
2978,20.08860759493671
2979,20.08860759493671
2980,20.08860759493671
2981,20.08860759493671
2982,20.08860759493671
2983,20.08860759493671
2984,20.08860759493671
2985,20.08860759493671
2986,20.08860759493671
2987,20.08860759493671
2988,20.08860759493671
2989,20.08860759493671
2990,20.08860759493671
2991,20.08860759493671
2992,20.08860759493671
2993,20.08860759493671
2994,20.08860759493671
2995,20.08860759493671
2996,20.08860759493671
2997,20.08860759493671
2998,20.08860759493671
2999,20.08860759493671
3000,20.08860759493671
3001,20.08860759493671
3002,20.08860759493671
3003,20.08860759493671
3004,20.08860759493671
3005,20.08860759493671
3006,20.08860759493671
3007,20.08860759493671
3008,20.08860759493671
3009,20.08860759493671
3010,20.08860759493671
3011,20.08860759493671
3012,20.08227848101266
3013,20.075949367088608
3014,20.069620253164558
3015,20.06329113924051
3016,20.056962025316455
3017,20.050632911392405
3018,20.050632911392405
3019,20.050632911392405
3020,20.050632911392405
3021,20.050632911392405
3022,20.050632911392405
3023,20.050632911392405
3024,20.050632911392405
3025,20.050632911392405
3026,20.050632911392405
3027,20.050632911392405
3028,20.050632911392405
3029,20.050632911392405
3030,20.050632911392405
3031,20.050632911392405
3032,20.050632911392405
3033,20.050632911392405
3034,20.050632911392405
3035,20.050632911392405
3036,20.050632911392405
3037,20.050632911392405
3038,20.050632911392405
3039,20.050632911392405
3040,20.050632911392405
3041,20.050632911392405
3042,20.050632911392405
3043,20.050632911392405
3044,20.050632911392405
3045,20.050632911392405
3046,20.050632911392405
3047,20.050632911392405
3048,20.050632911392405
3049,20.050632911392405
3050,20.050632911392405
3051,20.050632911392405
3052,20.050632911392405
3053,20.050632911392405
3054,20.050632911392405
3055,20.050632911392405
3056,20.050632911392405
3057,20.050632911392405
3058,20.050632911392405
3059,20.050632911392405
3060,20.050632911392405
3061,20.050632911392405
3062,20.050632911392405
3063,20.050632911392405
3064,20.050632911392405
3065,20.050632911392405
3066,20.050632911392405
3067,20.050632911392405
3068,20.050632911392405
3069,20.050632911392405
3070,20.050632911392405
3071,20.050632911392405
3072,20.050632911392405
3073,20.050632911392405
3074,20.050632911392405
3075,20.050632911392405
3076,20.050632911392405
3077,20.050632911392405
3078,20.050632911392405
3079,20.050632911392405
3080,20.050632911392405
3081,20.050632911392405
3082,20.050632911392405
3083,20.050632911392405
3084,20.050632911392405
3085,20.050632911392405
3086,20.050632911392405
3087,20.050632911392405
3088,20.050632911392405
3089,20.050632911392405
3090,20.058227848101268
3091,20.065822784810127
3092,20.07341772151899
3093,20.08101265822785
3094,20.08860759493671
3095,20.08860759493671
3096,20.08860759493671
3097,20.08860759493671
3098,20.08860759493671
3099,20.08860759493671
3100,20.08860759493671
3101,20.08860759493671
3102,20.08860759493671
3103,20.08860759493671
3104,20.08860759493671
3105,20.08860759493671
3106,20.08860759493671
3107,20.08860759493671
3108,20.08860759493671
3109,20.08860759493671
3110,20.08860759493671
3111,20.08860759493671
3112,20.08860759493671
3113,20.08860759493671
3114,20.08860759493671
3115,20.08860759493671
3116,20.08860759493671
3117,20.08860759493671
3118,20.08860759493671
3119,20.08860759493671
3120,20.08860759493671
3121,20.08860759493671
3122,20.08860759493671
3123,20.08860759493671
3124,20.08860759493671
3125,20.08860759493671
3126,20.08860759493671
3127,20.08860759493671
3128,20.08860759493671
3129,20.08860759493671
3130,20.08860759493671
3131,20.08860759493671
3132,20.08860759493671
3133,20.08860759493671
3134,20.08860759493671
3135,20.08860759493671
3136,20.08860759493671
3137,20.08860759493671
3138,20.08860759493671
3139,20.08860759493671
3140,20.08860759493671
3141,20.08860759493671
3142,20.08860759493671
3143,20.08860759493671
3144,20.08860759493671
3145,20.08860759493671
3146,20.08860759493671
3147,20.08860759493671
3148,20.08860759493671
3149,20.08860759493671
3150,20.08860759493671
3151,20.08860759493671
3152,20.08860759493671
3153,20.08860759493671
3154,20.08860759493671
3155,20.08860759493671
3156,20.08860759493671
3157,20.08860759493671
3158,20.08860759493671
3159,20.08860759493671
3160,20.08860759493671
3161,20.08860759493671
3162,20.08860759493671
3163,20.08860759493671
3164,20.08860759493671
3165,20.08860759493671
3166,20.08860759493671
3167,20.08860759493671
3168,20.08860759493671
3169,20.08860759493671
3170,20.08860759493671
3171,20.08860759493671
3172,20.08860759493671
3173,20.08860759493671
3174,20.08860759493671
3175,20.08860759493671
3176,20.08860759493671
3177,20.08860759493671
3178,20.08860759493671
3179,20.08860759493671
3180,20.08860759493671
3181,20.08860759493671
3182,20.08860759493671
3183,20.08860759493671
3184,20.08860759493671
3185,20.08860759493671
3186,20.08860759493671
3187,20.08860759493671
3188,20.08860759493671
3189,20.08860759493671
3190,20.08860759493671
3191,20.08860759493671
3192,20.08860759493671
3193,20.08860759493671
3194,20.08860759493671
3195,20.08860759493671
3196,20.08860759493671
3197,20.08860759493671
3198,20.08860759493671
3199,20.08860759493671
3200,20.08860759493671
3201,20.08860759493671
3202,20.08860759493671
3203,20.08860759493671
3204,20.09620253164557
3205,20.103797468354433
3206,20.11139240506329
3207,20.118987341772154
3208,20.126582278481013
3209,20.126582278481013
3210,20.126582278481013
3211,20.126582278481013
3212,20.126582278481013
3213,20.126582278481013
3214,20.134177215189872
3215,20.141772151898735
3216,20.149367088607594
3217,20.156962025316457
3218,20.164556962025316
3219,20.164556962025316
3220,20.164556962025316
3221,20.164556962025316
3222,20.164556962025316
3223,20.164556962025316
3224,20.164556962025316
3225,20.164556962025316
3226,20.164556962025316
3227,20.164556962025316
3228,20.164556962025316
3229,20.164556962025316
3230,20.164556962025316
3231,20.164556962025316
3232,20.164556962025316
3233,20.164556962025316
3234,20.164556962025316
3235,20.164556962025316
3236,20.164556962025316
3237,20.164556962025316
3238,20.164556962025316
3239,20.164556962025316
3240,20.164556962025316
3241,20.164556962025316
3242,20.164556962025316
3243,20.164556962025316
3244,20.164556962025316
3245,20.164556962025316
3246,20.164556962025316
3247,20.164556962025316
3248,20.164556962025316
3249,20.164556962025316
3250,20.164556962025316
3251,20.164556962025316
3252,20.164556962025316
3253,20.164556962025316
3254,20.164556962025316
3255,20.164556962025316
3256,20.164556962025316
3257,20.164556962025316
3258,20.164556962025316
3259,20.164556962025316
3260,20.164556962025316
3261,20.164556962025316
3262,20.164556962025316
3263,20.164556962025316
3264,20.164556962025316
3265,20.164556962025316
3266,20.164556962025316
3267,20.164556962025316
3268,20.164556962025316
3269,20.164556962025316
3270,20.164556962025316
3271,20.164556962025316
3272,20.164556962025316
3273,20.164556962025316
3274,20.164556962025316
3275,20.164556962025316
3276,20.164556962025316
3277,20.164556962025316
3278,20.164556962025316
3279,20.164556962025316
3280,20.164556962025316
3281,20.164556962025316
3282,20.164556962025316
3283,20.164556962025316
3284,20.164556962025316
3285,20.164556962025316
3286,20.164556962025316
3287,20.164556962025316
3288,20.164556962025316
3289,20.164556962025316
3290,20.164556962025316
3291,20.164556962025316
3292,20.164556962025316
3293,20.164556962025316
3294,20.164556962025316
3295,20.164556962025316
3296,20.164556962025316
3297,20.164556962025316
3298,20.164556962025316
3299,20.164556962025316
3300,20.164556962025316
3301,20.164556962025316
3302,20.164556962025316
3303,20.164556962025316
3304,20.164556962025316
3305,20.164556962025316
3306,20.164556962025316
3307,20.164556962025316
3308,20.164556962025316
3309,20.164556962025316
3310,20.164556962025316
3311,20.164556962025316
3312,20.164556962025316
3313,20.164556962025316
3314,20.164556962025316
3315,20.164556962025316
3316,20.164556962025316
3317,20.164556962025316
3318,20.164556962025316
3319,20.164556962025316
3320,20.164556962025316
3321,20.164556962025316
3322,20.164556962025316
3323,20.164556962025316
3324,20.164556962025316
3325,20.164556962025316
3326,20.164556962025316
3327,20.164556962025316
3328,20.164556962025316
3329,20.164556962025316
3330,20.164556962025316
3331,20.164556962025316
3332,20.164556962025316
3333,20.164556962025316
3334,20.164556962025316
3335,20.164556962025316
3336,20.164556962025316
3337,20.164556962025316
3338,20.164556962025316
3339,20.164556962025316
3340,20.164556962025316
3341,20.164556962025316
3342,20.164556962025316
3343,20.164556962025316
3344,20.164556962025316
3345,20.164556962025316
3346,20.164556962025316
3347,20.164556962025316
3348,20.164556962025316
3349,20.164556962025316
3350,20.164556962025316
3351,20.164556962025316
3352,20.164556962025316
3353,20.164556962025316
3354,20.164556962025316
3355,20.164556962025316
3356,20.164556962025316
3357,20.164556962025316
3358,20.164556962025316
3359,20.164556962025316
3360,20.164556962025316
3361,20.164556962025316
3362,20.164556962025316
3363,20.164556962025316
3364,20.172151898734178
3365,20.179746835443037
3366,20.1873417721519
3367,20.19493670886076
3368,20.20253164556962
3369,20.20253164556962
3370,20.20253164556962
3371,20.20253164556962
3372,20.20253164556962
3373,20.20253164556962
3374,20.20253164556962
3375,20.20253164556962
3376,20.20253164556962
3377,20.20253164556962
3378,20.20253164556962
3379,20.20253164556962
3380,20.20253164556962
3381,20.20253164556962
3382,20.20253164556962
3383,20.20253164556962
3384,20.20886075949367
3385,20.215189873417724
3386,20.221518987341774
3387,20.227848101265824
3388,20.234177215189877
3389,20.240506329113927
3390,20.240506329113927
3391,20.240506329113927
3392,20.240506329113927
3393,20.240506329113927
3394,20.240506329113927
3395,20.240506329113927
3396,20.240506329113927
3397,20.240506329113927
3398,20.240506329113927
3399,20.240506329113927
3400,20.240506329113927
3401,20.240506329113927
3402,20.240506329113927
3403,20.240506329113927
3404,20.240506329113927
3405,20.240506329113927
3406,20.240506329113927
3407,20.240506329113927
3408,20.240506329113927
3409,20.240506329113927
3410,20.240506329113927
3411,20.240506329113927
3412,20.240506329113927
3413,20.240506329113927
3414,20.240506329113927
3415,20.246835443037977
3416,20.253164556962027
3417,20.25949367088608
3418,20.26582278481013
3419,20.27215189873418
3420,20.27848101265823
3421,20.27848101265823
3422,20.27848101265823
3423,20.27848101265823
3424,20.27848101265823
3425,20.27848101265823
3426,20.27848101265823
3427,20.27848101265823
3428,20.27848101265823
3429,20.27848101265823
3430,20.27848101265823
3431,20.27848101265823
3432,20.27848101265823
3433,20.27848101265823
3434,20.27848101265823
3435,20.27848101265823
3436,20.263291139240508
3437,20.248101265822786
3438,20.232911392405065
3439,20.217721518987343
3440,20.20253164556962
3441,20.20253164556962
3442,20.20253164556962
3443,20.20253164556962
3444,20.20253164556962
3445,20.20253164556962
3446,20.19620253164557
3447,20.189873417721518
3448,20.18354430379747
3449,20.17721518987342
3450,20.170886075949365
3451,20.164556962025316
3452,20.156962025316457
3453,20.149367088607594
3454,20.141772151898735
3455,20.134177215189872
3456,20.126582278481013
3457,20.126582278481013
3458,20.126582278481013
3459,20.126582278481013
3460,20.126582278481013
3461,20.126582278481013
3462,20.126582278481013
3463,20.126582278481013
3464,20.126582278481013
3465,20.126582278481013
3466,20.126582278481013
3467,20.126582278481013
3468,20.126582278481013
3469,20.126582278481013
3470,20.126582278481013
3471,20.126582278481013
3472,20.118987341772154
3473,20.11139240506329
3474,20.103797468354433
3475,20.09620253164557
3476,20.08860759493671
3477,20.08860759493671
3478,20.08860759493671
3479,20.08860759493671
3480,20.08860759493671
3481,20.08860759493671
3482,20.08860759493671
3483,20.08860759493671
3484,20.08860759493671
3485,20.08860759493671
3486,20.08860759493671
3487,20.08860759493671
3488,20.08860759493671
3489,20.08860759493671
3490,20.08860759493671
3491,20.08860759493671
3492,20.08860759493671
3493,20.08101265822785
3494,20.07341772151899
3495,20.065822784810127
3496,20.058227848101268
3497,20.050632911392405
3498,20.050632911392405
3499,20.050632911392405
3500,20.050632911392405
3501,20.050632911392405
3502,20.050632911392405
3503,20.043037974683543
3504,20.035443037974684
3505,20.02784810126582
3506,20.020253164556962
3507,20.0126582278481
3508,20.0126582278481
3509,20.0126582278481
3510,20.0126582278481
3511,20.0126582278481
3512,20.0126582278481
3513,20.0126582278481
3514,20.0126582278481
3515,20.0126582278481
3516,20.0126582278481
3517,20.0126582278481
3518,20.0126582278481
3519,20.00506329113924
3520,19.997468354430378
3521,19.98987341772152
3522,19.982278481012656
3523,19.974683544303797
3524,19.974683544303797
3525,19.974683544303797
3526,19.974683544303797
3527,19.974683544303797
3528,19.974683544303797
3529,19.96708860759494
3530,19.959493670886076
3531,19.951898734177217
3532,19.944303797468354
3533,19.936708860759495
3534,19.936708860759495
3535,19.936708860759495
3536,19.936708860759495
3537,19.936708860759495
3538,19.936708860759495
3539,19.936708860759495
3540,19.936708860759495
3541,19.936708860759495
3542,19.936708860759495
3543,19.936708860759495
3544,19.936708860759495
3545,19.929113924050633
3546,19.921518987341774
3547,19.91392405063291
3548,19.906329113924052
3549,19.89873417721519
3550,19.89873417721519
3551,19.89873417721519
3552,19.89873417721519
3553,19.89873417721519
3554,19.89873417721519
3555,19.891139240506327
3556,19.883544303797468
3557,19.875949367088605
3558,19.868354430379746
3559,19.860759493670884
3560,19.860759493670884
3561,19.860759493670884
3562,19.860759493670884
3563,19.860759493670884
3564,19.860759493670884
3565,19.853164556962025
3566,19.845569620253162
3567,19.837974683544303
3568,19.83037974683544
3569,19.82278481012658
3570,19.81645569620253
3571,19.810126582278482
3572,19.80379746835443
3573,19.79746835443038
3574,19.79113924050633
3575,19.78481012658228
3576,19.78481012658228
3577,19.78481012658228
3578,19.78481012658228
3579,19.78481012658228
3580,19.78481012658228
3581,19.78481012658228
3582,19.78481012658228
3583,19.78481012658228
3584,19.78481012658228
3585,19.78481012658228
3586,19.777215189873417
3587,19.769620253164558
3588,19.762025316455695
3589,19.754430379746836
3590,19.746835443037973
3591,19.746835443037973
3592,19.746835443037973
3593,19.746835443037973
3594,19.746835443037973
3595,19.746835443037973
3596,19.73924050632911
3597,19.73164556962025
3598,19.72405063291139
3599,19.71645569620253
3600,19.708860759493668
3601,19.708860759493668
3602,19.708860759493668
3603,19.708860759493668
3604,19.708860759493668
3605,19.708860759493668
3606,19.708860759493668
3607,19.708860759493668
3608,19.708860759493668
3609,19.708860759493668
3610,19.708860759493668
3611,19.708860759493668
3612,19.70126582278481
3613,19.693670886075946
3614,19.686075949367087
3615,19.678481012658224
3616,19.670886075949365
3617,19.670886075949365
3618,19.670886075949365
3619,19.670886075949365
3620,19.670886075949365
3621,19.670886075949365
3622,19.663291139240506
3623,19.655696202531644
3624,19.648101265822785
3625,19.640506329113922
3626,19.632911392405063
3627,19.632911392405063
3628,19.632911392405063
3629,19.632911392405063
3630,19.632911392405063
3631,19.632911392405063
3632,19.632911392405063
3633,19.632911392405063
3634,19.632911392405063
3635,19.632911392405063
3636,19.632911392405063
3637,19.632911392405063
3638,19.6253164556962
3639,19.61772151898734
3640,19.61012658227848
3641,19.60253164556962
3642,19.594936708860757
3643,19.587341772151895
3644,19.579746835443036
3645,19.572151898734173
3646,19.564556962025314
3647,19.55696202531645
3648,19.55696202531645
3649,19.55696202531645
3650,19.55696202531645
3651,19.55696202531645
3652,19.55696202531645
3653,19.55696202531645
3654,19.55696202531645
3655,19.55696202531645
3656,19.55696202531645
3657,19.55696202531645
3658,19.549367088607593
3659,19.541772151898734
3660,19.53417721518987
3661,19.526582278481012
3662,19.518987341772153
3663,19.518987341772153
3664,19.518987341772153
3665,19.518987341772153
3666,19.518987341772153
3667,19.518987341772153
3668,19.512658227848103
3669,19.50632911392405
3670,19.5
3671,19.49367088607595
3672,19.487341772151897
3673,19.481012658227847
3674,19.481012658227847
3675,19.481012658227847
3676,19.481012658227847
3677,19.481012658227847
3678,19.481012658227847
3679,19.481012658227847
3680,19.481012658227847
3681,19.481012658227847
3682,19.481012658227847
3683,19.481012658227847
3684,19.481012658227847
3685,19.481012658227847
3686,19.481012658227847
3687,19.481012658227847
3688,19.481012658227847
3689,19.481012658227847
3690,19.481012658227847
3691,19.481012658227847
3692,19.481012658227847
3693,19.481012658227847
3694,19.481012658227847
3695,19.481012658227847
3696,19.481012658227847
3697,19.481012658227847
3698,19.481012658227847
3699,19.481012658227847
3700,19.481012658227847
3701,19.481012658227847
3702,19.481012658227847
3703,19.481012658227847
3704,19.481012658227847
3705,19.481012658227847
3706,19.481012658227847
3707,19.481012658227847
3708,19.481012658227847
3709,19.481012658227847
3710,19.481012658227847
3711,19.481012658227847
3712,19.481012658227847
3713,19.481012658227847
3714,19.481012658227847
3715,19.481012658227847
3716,19.481012658227847
3717,19.481012658227847
3718,19.481012658227847
3719,19.481012658227847
3720,19.473417721518988
3721,19.465822784810126
3722,19.458227848101266
3723,19.450632911392404
3724,19.443037974683545
3725,19.443037974683545
3726,19.443037974683545
3727,19.443037974683545
3728,19.443037974683545
3729,19.443037974683545
3730,19.443037974683545
3731,19.443037974683545
3732,19.443037974683545
3733,19.443037974683545
3734,19.443037974683545
3735,19.443037974683545
3736,19.435443037974682
3737,19.427848101265823
3738,19.42025316455696
3739,19.4126582278481
3740,19.40506329113924
3741,19.40506329113924
3742,19.40506329113924
3743,19.40506329113924
3744,19.40506329113924
3745,19.40506329113924
3746,19.40506329113924
3747,19.40506329113924
3748,19.40506329113924
3749,19.40506329113924
3750,19.40506329113924
3751,19.40506329113924
3752,19.40506329113924
3753,19.40506329113924
3754,19.40506329113924
3755,19.40506329113924
3756,19.40506329113924
3757,19.40506329113924
3758,19.40506329113924
3759,19.40506329113924
3760,19.40506329113924
3761,19.40506329113924
3762,19.40506329113924
3763,19.40506329113924
3764,19.40506329113924
3765,19.40506329113924
3766,19.40506329113924
3767,19.40506329113924
3768,19.40506329113924
3769,19.40506329113924
3770,19.40506329113924
3771,19.40506329113924
3772,19.40506329113924
3773,19.40506329113924
3774,19.40506329113924
3775,19.40506329113924
3776,19.40506329113924
3777,19.40506329113924
3778,19.40506329113924
3779,19.40506329113924
3780,19.40506329113924
3781,19.40506329113924
3782,19.40506329113924
3783,19.40506329113924
3784,19.40506329113924
3785,19.40506329113924
3786,19.40506329113924
3787,19.40506329113924
3788,19.40506329113924
3789,19.40506329113924
3790,19.40506329113924
3791,19.40506329113924
3792,19.40506329113924
3793,19.40506329113924
3794,19.40506329113924
3795,19.40506329113924
3796,19.40506329113924
3797,19.40506329113924
3798,19.40506329113924
3799,19.40506329113924
3800,19.40506329113924
3801,19.40506329113924
3802,19.40506329113924
3803,19.40506329113924
3804,19.40506329113924
3805,19.40506329113924
3806,19.40506329113924
3807,19.40506329113924
3808,19.40506329113924
3809,19.40506329113924
3810,19.40506329113924
3811,19.40506329113924
3812,19.40506329113924
3813,19.40506329113924
3814,19.40506329113924
3815,19.40506329113924
3816,19.40506329113924
3817,19.40506329113924
3818,19.40506329113924
3819,19.40506329113924
3820,19.40506329113924
3821,19.40506329113924
3822,19.40506329113924
3823,19.40506329113924
3824,19.40506329113924
3825,19.40506329113924
3826,19.40506329113924
3827,19.40506329113924
3828,19.40506329113924
3829,19.40506329113924
3830,19.40506329113924
3831,19.40506329113924
3832,19.40506329113924
3833,19.40506329113924
3834,19.40506329113924
3835,19.40506329113924
3836,19.40506329113924
3837,19.40506329113924
3838,19.40506329113924
3839,19.40506329113924
3840,19.40506329113924
3841,19.40506329113924
3842,19.40506329113924
3843,19.40506329113924
3844,19.40506329113924
3845,19.40506329113924
3846,19.40506329113924
3847,19.40506329113924
3848,19.40506329113924
3849,19.40506329113924
3850,19.40506329113924
3851,19.40506329113924
3852,19.40506329113924
3853,19.40506329113924
3854,19.40506329113924
3855,19.40506329113924
3856,19.40506329113924
3857,19.40506329113924
3858,19.40506329113924
3859,19.40506329113924
3860,19.40506329113924
3861,19.40506329113924
3862,19.40506329113924
3863,19.40506329113924
3864,19.40506329113924
3865,19.40506329113924
3866,19.40506329113924
3867,19.40506329113924
3868,19.40506329113924
3869,19.40506329113924
3870,19.40506329113924
3871,19.40506329113924
3872,19.40506329113924
3873,19.40506329113924
3874,19.40506329113924
3875,19.40506329113924
3876,19.40506329113924
3877,19.40506329113924
3878,19.40506329113924
3879,19.40506329113924
3880,19.40506329113924
3881,19.40506329113924
3882,19.40506329113924
3883,19.40506329113924
3884,19.40506329113924
3885,19.40506329113924
3886,19.40506329113924
3887,19.40506329113924
3888,19.40506329113924
3889,19.40506329113924
3890,19.40506329113924
3891,19.40506329113924
3892,19.40506329113924
3893,19.40506329113924
3894,19.40506329113924
3895,19.40506329113924
3896,19.40506329113924
3897,19.40506329113924
3898,19.40506329113924
3899,19.40506329113924
3900,19.40506329113924
3901,19.40506329113924
3902,19.40506329113924
3903,19.40506329113924
3904,19.40506329113924
3905,19.40506329113924
3906,19.40506329113924
3907,19.40506329113924
3908,19.40506329113924
3909,19.40506329113924
3910,19.40506329113924
3911,19.40506329113924
3912,19.40506329113924
3913,19.40506329113924
3914,19.40506329113924
3915,19.40506329113924
3916,19.40506329113924
3917,19.40506329113924
3918,19.40506329113924
3919,19.40506329113924
3920,19.40506329113924
3921,19.40506329113924
3922,19.40506329113924
3923,19.40506329113924
3924,19.40506329113924
3925,19.40506329113924
3926,19.40506329113924
3927,19.40506329113924
3928,19.40506329113924
3929,19.40506329113924
3930,19.40506329113924
3931,19.40506329113924
3932,19.40506329113924
3933,19.40506329113924
3934,19.40506329113924
3935,19.40506329113924
3936,19.40506329113924
3937,19.40506329113924
3938,19.40506329113924
3939,19.40506329113924
3940,19.40506329113924
3941,19.40506329113924
3942,19.40506329113924
3943,19.40506329113924
3944,19.40506329113924
3945,19.40506329113924
3946,19.40506329113924
3947,19.40506329113924
3948,19.40506329113924
3949,19.40506329113924
3950,19.40506329113924
3951,19.40506329113924
3952,19.40506329113924
3953,19.40506329113924
3954,19.40506329113924
3955,19.40506329113924
3956,19.40506329113924
3957,19.40506329113924
3958,19.40506329113924
3959,19.40506329113924
3960,19.40506329113924
3961,19.40506329113924
3962,19.40506329113924
3963,19.40506329113924
3964,19.40506329113924
3965,19.40506329113924
3966,19.40506329113924
3967,19.40506329113924
3968,19.40506329113924
3969,19.40506329113924
3970,19.40506329113924
3971,19.40506329113924
3972,19.40506329113924
3973,19.40506329113924
3974,19.40506329113924
3975,19.40506329113924
3976,19.40506329113924
3977,19.40506329113924
3978,19.40506329113924
3979,19.40506329113924
3980,19.40506329113924
3981,19.40506329113924
3982,19.40506329113924
3983,19.40506329113924
3984,19.40506329113924
3985,19.40506329113924
3986,19.40506329113924
3987,19.40506329113924
3988,19.40506329113924
3989,19.40506329113924
3990,19.40506329113924
3991,19.40506329113924
3992,19.40506329113924
3993,19.40506329113924
3994,19.40506329113924
3995,19.40506329113924
3996,19.40506329113924
3997,19.40506329113924
3998,19.40506329113924
3999,19.40506329113924
4000,19.40506329113924
4001,19.40506329113924
4002,19.40506329113924
4003,19.40506329113924
4004,19.40506329113924
4005,19.40506329113924
4006,19.40506329113924
4007,19.40506329113924
4008,19.40506329113924
4009,19.40506329113924
4010,19.40506329113924
4011,19.40506329113924
4012,19.40506329113924
4013,19.40506329113924
4014,19.40506329113924
4015,19.40506329113924
4016,19.40506329113924
4017,19.40506329113924
4018,19.40506329113924
4019,19.40506329113924
4020,19.40506329113924
4021,19.40506329113924
4022,19.40506329113924
4023,19.40506329113924
4024,19.40506329113924
4025,19.40506329113924
4026,19.40506329113924
4027,19.40506329113924
4028,19.40506329113924
4029,19.40506329113924
4030,19.40506329113924
4031,19.40506329113924
4032,19.40506329113924
4033,19.40506329113924
4034,19.40506329113924
4035,19.40506329113924
4036,19.40506329113924
4037,19.40506329113924
4038,19.40506329113924
4039,19.40506329113924
4040,19.40506329113924
4041,19.40506329113924
4042,19.40506329113924
4043,19.40506329113924
4044,19.40506329113924
4045,19.40506329113924
4046,19.40506329113924
4047,19.40506329113924
4048,19.40506329113924
4049,19.40506329113924
4050,19.40506329113924
4051,19.40506329113924
4052,19.40506329113924
4053,19.40506329113924
4054,19.40506329113924
4055,19.40506329113924
4056,19.40506329113924
4057,19.40506329113924
4058,19.40506329113924
4059,19.40506329113924
4060,19.40506329113924
4061,19.40506329113924
4062,19.40506329113924
4063,19.40506329113924
4064,19.40506329113924
4065,19.40506329113924
4066,19.40506329113924
4067,19.40506329113924
4068,19.40506329113924
4069,19.40506329113924
4070,19.40506329113924
4071,19.40506329113924
4072,19.40506329113924
4073,19.40506329113924
4074,19.40506329113924
4075,19.40506329113924
4076,19.40506329113924
4077,19.40506329113924
4078,19.40506329113924
4079,19.40506329113924
4080,19.40506329113924
4081,19.40506329113924
4082,19.40506329113924
4083,19.40506329113924
4084,19.40506329113924
4085,19.40506329113924
4086,19.40506329113924
4087,19.40506329113924
4088,19.40506329113924
4089,19.40506329113924
4090,19.40506329113924
4091,19.40506329113924
4092,19.40506329113924
4093,19.40506329113924
4094,19.40506329113924
4095,19.40506329113924
4096,19.40506329113924
4097,19.40506329113924
4098,19.40506329113924
4099,19.40506329113924
4100,19.40506329113924
4101,19.40506329113924
4102,19.40506329113924
4103,19.40506329113924
4104,19.40506329113924
4105,19.40506329113924
4106,19.40506329113924
4107,19.40506329113924
4108,19.40506329113924
4109,19.40506329113924
4110,19.40506329113924
4111,19.40506329113924
4112,19.40506329113924
4113,19.40506329113924
4114,19.40506329113924
4115,19.40506329113924
4116,19.40506329113924
4117,19.40506329113924
4118,19.40506329113924
4119,19.40506329113924
4120,19.40506329113924
4121,19.40506329113924
4122,19.40506329113924
4123,19.40506329113924
4124,19.40506329113924
4125,19.40506329113924
4126,19.40506329113924
4127,19.40506329113924
4128,19.40506329113924
4129,19.40506329113924
4130,19.40506329113924
4131,19.40506329113924
4132,19.40506329113924
4133,19.40506329113924
4134,19.40506329113924
4135,19.40506329113924
4136,19.40506329113924
4137,19.40506329113924
4138,19.40506329113924
4139,19.40506329113924
4140,19.40506329113924
4141,19.40506329113924
4142,19.40506329113924
4143,19.40506329113924
4144,19.40506329113924
4145,19.40506329113924
4146,19.40506329113924
4147,19.40506329113924
4148,19.40506329113924
4149,19.40506329113924
4150,19.40506329113924
4151,19.40506329113924
4152,19.40506329113924
4153,19.40506329113924
4154,19.40506329113924
4155,19.40506329113924
4156,19.40506329113924
4157,19.40506329113924
4158,19.40506329113924
4159,19.40506329113924
4160,19.40506329113924
4161,19.40506329113924
4162,19.40506329113924
4163,19.40506329113924
4164,19.40506329113924
4165,19.40506329113924
4166,19.40506329113924
4167,19.40506329113924
4168,19.40506329113924
4169,19.40506329113924
4170,19.40506329113924
4171,19.40506329113924
4172,19.40506329113924
4173,19.40506329113924
4174,19.40506329113924
4175,19.40506329113924
4176,19.40506329113924
4177,19.40506329113924
4178,19.40506329113924
4179,19.40506329113924
4180,19.4126582278481
4181,19.42025316455696
4182,19.427848101265823
4183,19.435443037974682
4184,19.443037974683545
4185,19.443037974683545
4186,19.443037974683545
4187,19.443037974683545
4188,19.443037974683545
4189,19.443037974683545
4190,19.450632911392404
4191,19.458227848101266
4192,19.465822784810126
4193,19.473417721518988
4194,19.481012658227847
4195,19.481012658227847
4196,19.481012658227847
4197,19.481012658227847
4198,19.481012658227847
4199,19.481012658227847
4200,19.481012658227847
4201,19.481012658227847
4202,19.481012658227847
4203,19.481012658227847
4204,19.481012658227847
4205,19.481012658227847
4206,19.481012658227847
4207,19.481012658227847
4208,19.481012658227847
4209,19.481012658227847
4210,19.481012658227847
4211,19.481012658227847
4212,19.481012658227847
4213,19.481012658227847
4214,19.481012658227847
4215,19.481012658227847
4216,19.481012658227847
4217,19.481012658227847
4218,19.481012658227847
4219,19.481012658227847
4220,19.481012658227847
4221,19.481012658227847
4222,19.481012658227847
4223,19.481012658227847
4224,19.481012658227847
4225,19.481012658227847
4226,19.481012658227847
4227,19.481012658227847
4228,19.481012658227847
4229,19.481012658227847
4230,19.481012658227847
4231,19.481012658227847
4232,19.481012658227847
4233,19.481012658227847
4234,19.481012658227847
4235,19.481012658227847
4236,19.481012658227847
4237,19.481012658227847
4238,19.481012658227847
4239,19.481012658227847
4240,19.481012658227847
4241,19.481012658227847
4242,19.481012658227847
4243,19.481012658227847
4244,19.481012658227847
4245,19.481012658227847
4246,19.481012658227847
4247,19.481012658227847
4248,19.481012658227847
4249,19.481012658227847
4250,19.481012658227847
4251,19.481012658227847
4252,19.481012658227847
4253,19.481012658227847
4254,19.481012658227847
4255,19.481012658227847
4256,19.481012658227847
4257,19.481012658227847
4258,19.481012658227847
4259,19.481012658227847
4260,19.481012658227847
4261,19.481012658227847
4262,19.481012658227847
4263,19.481012658227847
4264,19.481012658227847
4265,19.481012658227847
4266,19.481012658227847
4267,19.481012658227847
4268,19.481012658227847
4269,19.481012658227847
4270,19.481012658227847
4271,19.481012658227847
4272,19.481012658227847
4273,19.481012658227847
4274,19.481012658227847
4275,19.481012658227847
4276,19.481012658227847
4277,19.481012658227847
4278,19.481012658227847
4279,19.481012658227847
4280,19.481012658227847
4281,19.481012658227847
4282,19.481012658227847
4283,19.481012658227847
4284,19.481012658227847
4285,19.481012658227847
4286,19.481012658227847
4287,19.481012658227847
4288,19.487341772151897
4289,19.49367088607595
4290,19.5
4291,19.50632911392405
4292,19.512658227848103
4293,19.518987341772153
4294,19.518987341772153
4295,19.518987341772153
4296,19.518987341772153
4297,19.518987341772153
4298,19.518987341772153
4299,19.518987341772153
4300,19.518987341772153
4301,19.518987341772153
4302,19.518987341772153
4303,19.518987341772153
4304,19.518987341772153
4305,19.518987341772153
4306,19.518987341772153
4307,19.518987341772153
4308,19.518987341772153
4309,19.518987341772153
4310,19.518987341772153
4311,19.518987341772153
4312,19.518987341772153
4313,19.518987341772153
4314,19.518987341772153
4315,19.518987341772153
4316,19.518987341772153
4317,19.518987341772153
4318,19.518987341772153
4319,19.525316455696203
4320,19.531645569620252
4321,19.537974683544302
4322,19.544303797468352
4323,19.550632911392402
4324,19.55696202531645
4325,19.55696202531645
4326,19.55696202531645
4327,19.55696202531645
4328,19.55696202531645
4329,19.55696202531645
4330,19.55696202531645
4331,19.55696202531645
4332,19.55696202531645
4333,19.55696202531645
4334,19.55696202531645
4335,19.55696202531645
4336,19.55696202531645
4337,19.55696202531645
4338,19.55696202531645
4339,19.55696202531645
4340,19.564556962025314
4341,19.572151898734173
4342,19.579746835443036
4343,19.587341772151895
4344,19.594936708860757
4345,19.594936708860757
4346,19.594936708860757
4347,19.594936708860757
4348,19.594936708860757
4349,19.594936708860757
4350,19.601265822784807
4351,19.60759493670886
4352,19.61392405063291
4353,19.62025316455696
4354,19.626582278481013
4355,19.632911392405063
4356,19.632911392405063
4357,19.632911392405063
4358,19.632911392405063
4359,19.632911392405063
4360,19.632911392405063
4361,19.632911392405063
4362,19.632911392405063
4363,19.632911392405063
4364,19.632911392405063
4365,19.632911392405063
4366,19.640506329113922
4367,19.648101265822785
4368,19.655696202531644
4369,19.663291139240506
4370,19.670886075949365
4371,19.678481012658224
4372,19.686075949367087
4373,19.693670886075946
4374,19.70126582278481
4375,19.708860759493668
4376,19.708860759493668
4377,19.708860759493668
4378,19.708860759493668
4379,19.708860759493668
4380,19.708860759493668
4381,19.708860759493668
4382,19.708860759493668
4383,19.708860759493668
4384,19.708860759493668
4385,19.708860759493668
4386,19.708860759493668
4387,19.71645569620253
4388,19.72405063291139
4389,19.73164556962025
4390,19.73924050632911
4391,19.746835443037973
4392,19.746835443037973
4393,19.746835443037973
4394,19.746835443037973
4395,19.746835443037973
4396,19.746835443037973
4397,19.754430379746836
4398,19.762025316455695
4399,19.769620253164558
4400,19.777215189873417
4401,19.78481012658228
4402,19.78481012658228
4403,19.78481012658228
4404,19.78481012658228
4405,19.78481012658228
4406,19.78481012658228
4407,19.78481012658228
4408,19.78481012658228
4409,19.78481012658228
4410,19.78481012658228
4411,19.78481012658228
4412,19.78481012658228
4413,19.78481012658228
4414,19.78481012658228
4415,19.78481012658228
4416,19.78481012658228
4417,19.78481012658228
4418,19.792405063291138
4419,19.8
4420,19.80759493670886
4421,19.815189873417722
4422,19.82278481012658
4423,19.82278481012658
4424,19.82278481012658
4425,19.82278481012658
4426,19.82278481012658
4427,19.82278481012658
4428,19.83037974683544
4429,19.837974683544303
4430,19.845569620253162
4431,19.853164556962025
4432,19.860759493670884
4433,19.860759493670884
4434,19.860759493670884
4435,19.860759493670884
4436,19.860759493670884
4437,19.860759493670884
4438,19.860759493670884
4439,19.860759493670884
4440,19.860759493670884
4441,19.860759493670884
4442,19.860759493670884
4443,19.867088607594933
4444,19.873417721518987
4445,19.879746835443036
4446,19.886075949367086
4447,19.89240506329114
4448,19.89873417721519
4449,19.89873417721519
4450,19.89873417721519
4451,19.89873417721519
4452,19.89873417721519
4453,19.89873417721519
4454,19.906329113924052
4455,19.91392405063291
4456,19.921518987341774
4457,19.929113924050633
4458,19.936708860759495
4459,19.936708860759495
4460,19.936708860759495
4461,19.936708860759495
4462,19.936708860759495
4463,19.936708860759495
4464,19.936708860759495
4465,19.936708860759495
4466,19.936708860759495
4467,19.936708860759495
4468,19.936708860759495
4469,19.936708860759495
4470,19.936708860759495
4471,19.936708860759495
4472,19.936708860759495
4473,19.936708860759495
4474,19.943037974683545
4475,19.949367088607595
4476,19.955696202531648
4477,19.962025316455698
4478,19.968354430379748
4479,19.974683544303797
4480,19.974683544303797
4481,19.974683544303797
4482,19.974683544303797
4483,19.974683544303797
4484,19.974683544303797
4485,19.982278481012656
4486,19.98987341772152
4487,19.997468354430378
4488,20.00506329113924
4489,20.0126582278481
4490,20.0126582278481
4491,20.0126582278481
4492,20.0126582278481
4493,20.0126582278481
4494,20.0126582278481
4495,20.0126582278481
4496,20.0126582278481
4497,20.0126582278481
4498,20.0126582278481
4499,20.0126582278481
4500,20.0126582278481
4501,20.0126582278481
4502,20.0126582278481
4503,20.0126582278481
4504,20.0126582278481
4505,20.0126582278481
4506,20.0126582278481
4507,20.0126582278481
4508,20.0126582278481
4509,20.0126582278481
4510,20.0126582278481
4511,20.020253164556962
4512,20.02784810126582
4513,20.035443037974684
4514,20.043037974683543
4515,20.050632911392405
4516,20.050632911392405
4517,20.050632911392405
4518,20.050632911392405
4519,20.050632911392405
4520,20.050632911392405
4521,20.058227848101268
4522,20.065822784810127
4523,20.07341772151899
4524,20.08101265822785
4525,20.08860759493671
4526,20.08860759493671
4527,20.08860759493671
4528,20.08860759493671
4529,20.08860759493671
4530,20.08860759493671
4531,20.08860759493671
4532,20.08860759493671
4533,20.08860759493671
4534,20.08860759493671
4535,20.08860759493671
4536,20.08860759493671
4537,20.08860759493671
4538,20.08860759493671
4539,20.08860759493671
4540,20.08860759493671
4541,20.08860759493671
4542,20.08860759493671
4543,20.08860759493671
4544,20.08860759493671
4545,20.08860759493671
4546,20.08860759493671
4547,20.09620253164557
4548,20.103797468354433
4549,20.11139240506329
4550,20.118987341772154
4551,20.126582278481013
4552,20.126582278481013
4553,20.126582278481013
4554,20.126582278481013
4555,20.126582278481013
4556,20.126582278481013
4557,20.134177215189872
4558,20.141772151898735
4559,20.149367088607594
4560,20.156962025316457
4561,20.164556962025316
4562,20.164556962025316
4563,20.164556962025316
4564,20.164556962025316
4565,20.164556962025316
4566,20.164556962025316
4567,20.164556962025316
4568,20.164556962025316
4569,20.164556962025316
4570,20.164556962025316
4571,20.164556962025316
4572,20.164556962025316
4573,20.164556962025316
4574,20.164556962025316
4575,20.164556962025316
4576,20.164556962025316
4577,20.164556962025316
4578,20.164556962025316
4579,20.164556962025316
4580,20.164556962025316
4581,20.164556962025316
4582,20.164556962025316
4583,20.164556962025316
4584,20.164556962025316
4585,20.164556962025316
4586,20.164556962025316
4587,20.164556962025316
4588,20.164556962025316
4589,20.164556962025316
4590,20.164556962025316
4591,20.164556962025316
4592,20.164556962025316
4593,20.164556962025316
4594,20.164556962025316
4595,20.164556962025316
4596,20.164556962025316
4597,20.164556962025316
4598,20.164556962025316
4599,20.164556962025316
4600,20.164556962025316
4601,20.164556962025316
4602,20.164556962025316
4603,20.164556962025316
4604,20.164556962025316
4605,20.164556962025316
4606,20.164556962025316
4607,20.164556962025316
4608,20.164556962025316
4609,20.172151898734178
4610,20.179746835443037
4611,20.1873417721519
4612,20.19493670886076
4613,20.20253164556962
4614,20.20253164556962
4615,20.20253164556962
4616,20.20253164556962
4617,20.20253164556962
4618,20.20253164556962
4619,20.210126582278484
4620,20.217721518987343
4621,20.225316455696206
4622,20.232911392405065
4623,20.240506329113927
4624,20.240506329113927
4625,20.240506329113927
4626,20.240506329113927
4627,20.240506329113927
4628,20.240506329113927
4629,20.240506329113927
4630,20.240506329113927
4631,20.240506329113927
4632,20.240506329113927
4633,20.240506329113927
4634,20.240506329113927
4635,20.240506329113927
4636,20.240506329113927
4637,20.240506329113927
4638,20.240506329113927
4639,20.240506329113927
4640,20.240506329113927
4641,20.240506329113927
4642,20.240506329113927
4643,20.240506329113927
4644,20.240506329113927
4645,20.240506329113927
4646,20.240506329113927
4647,20.240506329113927
4648,20.240506329113927
4649,20.240506329113927
4650,20.240506329113927
4651,20.240506329113927
4652,20.240506329113927
4653,20.240506329113927
4654,20.240506329113927
4655,20.240506329113927
4656,20.240506329113927
4657,20.240506329113927
4658,20.240506329113927
4659,20.240506329113927
4660,20.227848101265824
4661,20.215189873417724
4662,20.20253164556962
4663,20.189873417721518
4664,20.17721518987342
4665,20.164556962025316
4666,20.156962025316457
4667,20.149367088607594
4668,20.141772151898735
4669,20.134177215189872
4670,20.126582278481013
4671,20.118987341772154
4672,20.11139240506329
4673,20.103797468354433
4674,20.09620253164557
4675,20.08860759493671
4676,20.08860759493671
4677,20.08860759493671
4678,20.08860759493671
4679,20.08860759493671
4680,20.08860759493671
4681,20.07341772151899
4682,20.058227848101268
4683,20.043037974683543
4684,20.02784810126582
4685,20.0126582278481
4686,20.00506329113924
4687,19.997468354430378
4688,19.98987341772152
4689,19.982278481012656
4690,19.974683544303797
4691,19.974683544303797
4692,19.974683544303797
4693,19.974683544303797
4694,19.974683544303797
4695,19.974683544303797
4696,19.974683544303797
4697,19.96708860759494
4698,19.959493670886076
4699,19.951898734177217
4700,19.944303797468354
4701,19.936708860759495
4702,19.936708860759495
4703,19.936708860759495
4704,19.936708860759495
4705,19.936708860759495
4706,19.936708860759495
4707,19.936708860759495
4708,19.936708860759495
4709,19.936708860759495
4710,19.936708860759495
4711,19.936708860759495
4712,19.936708860759495
4713,19.936708860759495
4714,19.936708860759495
4715,19.936708860759495
4716,19.936708860759495
4717,19.929113924050633
4718,19.921518987341774
4719,19.91392405063291
4720,19.906329113924052
4721,19.89873417721519
4722,19.89873417721519
4723,19.89873417721519
4724,19.89873417721519
4725,19.89873417721519
4726,19.89873417721519
4727,19.89873417721519
4728,19.89873417721519
4729,19.89873417721519
4730,19.89873417721519
4731,19.89873417721519
4732,19.89873417721519
4733,19.891139240506327
4734,19.883544303797468
4735,19.875949367088605
4736,19.868354430379746
4737,19.860759493670884
4738,19.860759493670884
4739,19.860759493670884
4740,19.860759493670884
4741,19.860759493670884
4742,19.860759493670884
4743,19.860759493670884
4744,19.860759493670884
4745,19.860759493670884
4746,19.860759493670884
4747,19.860759493670884
4748,19.860759493670884
4749,19.860759493670884
4750,19.860759493670884
4751,19.860759493670884
4752,19.860759493670884
4753,19.860759493670884
4754,19.860759493670884
4755,19.860759493670884
4756,19.860759493670884
4757,19.860759493670884
4758,19.860759493670884
4759,19.860759493670884
4760,19.860759493670884
4761,19.860759493670884
4762,19.860759493670884
4763,19.860759493670884
4764,19.860759493670884
4765,19.860759493670884
4766,19.860759493670884
4767,19.860759493670884
4768,19.860759493670884
4769,19.860759493670884
4770,19.860759493670884
4771,19.860759493670884
4772,19.860759493670884
4773,19.860759493670884
4774,19.860759493670884
4775,19.860759493670884
4776,19.860759493670884
4777,19.860759493670884
4778,19.860759493670884
4779,19.860759493670884
4780,19.860759493670884
4781,19.860759493670884
4782,19.860759493670884
4783,19.860759493670884
4784,19.860759493670884
4785,19.860759493670884
4786,19.860759493670884
4787,19.860759493670884
4788,19.860759493670884
4789,19.860759493670884
4790,19.860759493670884
4791,19.860759493670884
4792,19.860759493670884
4793,19.860759493670884
4794,19.860759493670884
4795,19.860759493670884
4796,19.860759493670884
4797,19.860759493670884
4798,19.860759493670884
4799,19.860759493670884
4800,19.860759493670884
4801,19.860759493670884
4802,19.860759493670884
4803,19.860759493670884
4804,19.860759493670884
4805,19.860759493670884
4806,19.860759493670884
4807,19.860759493670884
4808,19.860759493670884
4809,19.860759493670884
4810,19.860759493670884
4811,19.860759493670884
4812,19.860759493670884
4813,19.860759493670884
4814,19.860759493670884
4815,19.860759493670884
4816,19.860759493670884
4817,19.860759493670884
4818,19.860759493670884
4819,19.860759493670884
4820,19.860759493670884
4821,19.860759493670884
4822,19.860759493670884
4823,19.860759493670884
4824,19.860759493670884
4825,19.860759493670884
4826,19.860759493670884
4827,19.860759493670884
4828,19.860759493670884
4829,19.860759493670884
4830,19.860759493670884
4831,19.860759493670884
4832,19.860759493670884
4833,19.860759493670884
4834,19.860759493670884
4835,19.860759493670884
4836,19.860759493670884
4837,19.860759493670884
4838,19.860759493670884
4839,19.860759493670884
4840,19.860759493670884
4841,19.860759493670884
4842,19.860759493670884
4843,19.860759493670884
4844,19.860759493670884
4845,19.860759493670884
4846,19.867088607594933
4847,19.873417721518987
4848,19.879746835443036
4849,19.886075949367086
4850,19.89240506329114
4851,19.89873417721519
4852,19.906329113924052
4853,19.91392405063291
4854,19.921518987341774
4855,19.929113924050633
4856,19.936708860759495
4857,19.944303797468354
4858,19.951898734177217
4859,19.959493670886076
4860,19.96708860759494
4861,19.974683544303797
4862,19.974683544303797
4863,19.974683544303797
4864,19.974683544303797
4865,19.974683544303797
4866,19.974683544303797
4867,19.98987341772152
4868,20.00506329113924
4869,20.020253164556962
4870,20.035443037974684
4871,20.050632911392405
4872,20.050632911392405
4873,20.050632911392405
4874,20.050632911392405
4875,20.050632911392405
4876,20.050632911392405
4877,20.063291139240505
4878,20.075949367088608
4879,20.08860759493671
4880,20.10126582278481
4881,20.11392405063291
4882,20.126582278481013
4883,20.134177215189872
4884,20.141772151898735
4885,20.149367088607594
4886,20.156962025316457
4887,20.164556962025316
4888,20.179746835443037
4889,20.19493670886076
4890,20.210126582278484
4891,20.225316455696206
4892,20.240506329113927
4893,20.248101265822786
4894,20.25569620253165
4895,20.263291139240508
4896,20.27088607594937
4897,20.27848101265823
4898,20.29367088607595
4899,20.308860759493673
4900,20.324050632911394
4901,20.339240506329116
4902,20.354430379746837
4903,20.36962025316456
4904,20.38481012658228
4905,20.400000000000002
4906,20.415189873417724
4907,20.430379746835445
4908,20.430379746835445
4909,20.430379746835445
4910,20.430379746835445
4911,20.430379746835445
4912,20.430379746835445
4913,20.430379746835445
4914,20.445569620253167
4915,20.46075949367089
4916,20.475949367088607
4917,20.491139240506328
4918,20.50632911392405
4919,20.513924050632912
4920,20.52151898734177
4921,20.529113924050634
4922,20.536708860759493
4923,20.544303797468356
4924,20.551898734177215
4925,20.559493670886077
4926,20.567088607594936
4927,20.5746835443038
4928,20.582278481012658
4929,20.58987341772152
4930,20.59746835443038
4931,20.605063291139242
4932,20.6126582278481
4933,20.620253164556964
4934,20.620253164556964
4935,20.620253164556964
4936,20.620253164556964
4937,20.620253164556964
4938,20.620253164556964
4939,20.626582278481013
4940,20.632911392405063
4941,20.639240506329116
4942,20.645569620253166
4943,20.651898734177216
4944,20.658227848101266
4945,20.66582278481013
4946,20.673417721518987
4947,20.68101265822785
4948,20.68860759493671
4949,20.69620253164557
4950,20.69620253164557
4951,20.69620253164557
4952,20.69620253164557
4953,20.69620253164557
4954,20.69620253164557
4955,20.70379746835443
4956,20.711392405063293
4957,20.718987341772152
4958,20.726582278481015
4959,20.734177215189874
4960,20.741772151898736
4961,20.749367088607595
4962,20.756962025316458
4963,20.764556962025317
4964,20.77215189873418
4965,20.77215189873418
4966,20.77215189873418
4967,20.77215189873418
4968,20.77215189873418
4969,20.77215189873418
4970,20.77215189873418
4971,20.77215189873418
4972,20.77215189873418
4973,20.77215189873418
4974,20.77215189873418
4975,20.77215189873418
4976,20.77215189873418
4977,20.77215189873418
4978,20.77215189873418
4979,20.77215189873418
4980,20.77215189873418
4981,20.77215189873418
4982,20.77215189873418
4983,20.77215189873418
4984,20.77215189873418
4985,20.77215189873418
4986,20.77215189873418
4987,20.77215189873418
4988,20.77215189873418
4989,20.77215189873418
4990,20.77215189873418
4991,20.77215189873418
4992,20.77215189873418
4993,20.77215189873418
4994,20.77215189873418
4995,20.77215189873418
4996,20.77215189873418
4997,20.77215189873418
4998,20.77215189873418
4999,20.77215189873418
5000,20.77215189873418
5001,20.77215189873418
5002,20.77215189873418
5003,20.77215189873418
5004,20.77215189873418
5005,20.77215189873418
5006,20.77215189873418
5007,20.77215189873418
5008,20.77215189873418
5009,20.77215189873418
5010,20.77215189873418
5011,20.77215189873418
5012,20.77215189873418
5013,20.77215189873418
5014,20.77215189873418
5015,20.77215189873418
5016,20.77215189873418
5017,20.77215189873418
5018,20.77215189873418
5019,20.77215189873418
5020,20.77215189873418
5021,20.77215189873418
5022,20.77215189873418
5023,20.77215189873418
5024,20.77215189873418
5025,20.77215189873418
5026,20.77215189873418
5027,20.77215189873418
5028,20.77215189873418
5029,20.77215189873418
5030,20.77215189873418
5031,20.77215189873418
5032,20.77215189873418
5033,20.77215189873418
5034,20.77215189873418
5035,20.77215189873418
5036,20.77215189873418
5037,20.77215189873418
5038,20.764556962025317
5039,20.756962025316458
5040,20.749367088607595
5041,20.741772151898736
5042,20.734177215189874
5043,20.734177215189874
5044,20.734177215189874
5045,20.734177215189874
5046,20.734177215189874
5047,20.734177215189874
5048,20.726582278481015
5049,20.718987341772152
5050,20.711392405063293
5051,20.70379746835443
5052,20.69620253164557
5053,20.68860759493671
5054,20.68101265822785
5055,20.673417721518987
5056,20.66582278481013
5057,20.658227848101266
5058,20.658227848101266
5059,20.658227848101266
5060,20.658227848101266
5061,20.658227848101266
5062,20.658227848101266
5063,20.651898734177216
5064,20.645569620253166
5065,20.639240506329113
5066,20.632911392405063
5067,20.626582278481013
5068,20.620253164556964
5069,20.620253164556964
5070,20.620253164556964
5071,20.620253164556964
5072,20.620253164556964
5073,20.620253164556964
5074,20.620253164556964
5075,20.620253164556964
5076,20.620253164556964
5077,20.620253164556964
5078,20.620253164556964
5079,20.6126582278481
5080,20.605063291139242
5081,20.59746835443038
5082,20.58987341772152
5083,20.582278481012658
5084,20.582278481012658
5085,20.582278481012658
5086,20.582278481012658
5087,20.582278481012658
5088,20.582278481012658
5089,20.5746835443038
5090,20.567088607594936
5091,20.559493670886077
5092,20.551898734177215
5093,20.544303797468356
5094,20.544303797468356
5095,20.544303797468356
5096,20.544303797468356
5097,20.544303797468356
5098,20.544303797468356
5099,20.544303797468356
5100,20.544303797468356
5101,20.544303797468356
5102,20.544303797468356
5103,20.544303797468356
5104,20.544303797468356
5105,20.536708860759493
5106,20.529113924050634
5107,20.52151898734177
5108,20.513924050632912
5109,20.50632911392405
5110,20.49873417721519
5111,20.491139240506328
5112,20.48354430379747
5113,20.475949367088607
5114,20.468354430379748
5115,20.46075949367089
5116,20.453164556962026
5117,20.445569620253167
5118,20.437974683544304
5119,20.430379746835445
5120,20.430379746835445
5121,20.430379746835445
5122,20.430379746835445
5123,20.430379746835445
5124,20.430379746835445
5125,20.424050632911396
5126,20.417721518987346
5127,20.411392405063292
5128,20.405063291139243
5129,20.398734177215193
5130,20.392405063291143
5131,20.38481012658228
5132,20.37721518987342
5133,20.36962025316456
5134,20.3620253164557
5135,20.354430379746837
5136,20.346835443037975
5137,20.339240506329116
5138,20.331645569620253
5139,20.324050632911394
5140,20.31645569620253
5141,20.308860759493673
5142,20.30126582278481
5143,20.29367088607595
5144,20.28607594936709
5145,20.27848101265823
5146,20.27088607594937
5147,20.263291139240508
5148,20.25569620253165
5149,20.248101265822786
5150,20.240506329113927
5151,20.232911392405065
5152,20.225316455696206
5153,20.217721518987343
5154,20.210126582278484
5155,20.20253164556962
5156,20.19620253164557
5157,20.189873417721518
5158,20.18354430379747
5159,20.17721518987342
5160,20.170886075949365
5161,20.164556962025316
5162,20.149367088607594
5163,20.134177215189872
5164,20.118987341772154
5165,20.103797468354433
5166,20.08860759493671
5167,20.07341772151899
5168,20.058227848101268
5169,20.043037974683543
5170,20.02784810126582
5171,20.0126582278481
5172,20.00506329113924
5173,19.997468354430378
5174,19.98987341772152
5175,19.982278481012656
5176,19.974683544303797
5177,19.959493670886076
5178,19.944303797468354
5179,19.929113924050633
5180,19.91392405063291
5181,19.89873417721519
5182,19.891139240506327
5183,19.883544303797468
5184,19.875949367088605
5185,19.868354430379746
5186,19.860759493670884
5187,19.854430379746834
5188,19.848101265822784
5189,19.84177215189873
5190,19.83544303797468
5191,19.82911392405063
5192,19.82278481012658
5193,19.82278481012658
5194,19.82278481012658
5195,19.82278481012658
5196,19.82278481012658
5197,19.82278481012658
5198,19.815189873417722
5199,19.80759493670886
5200,19.8
5201,19.792405063291138
5202,19.78481012658228
5203,19.777215189873417
5204,19.769620253164558
5205,19.762025316455695
5206,19.754430379746836
5207,19.746835443037973
5208,19.746835443037973
5209,19.746835443037973
5210,19.746835443037973
5211,19.746835443037973
5212,19.746835443037973
5213,19.73924050632911
5214,19.73164556962025
5215,19.72405063291139
5216,19.71645569620253
5217,19.708860759493668
5218,19.708860759493668
5219,19.708860759493668
5220,19.708860759493668
5221,19.708860759493668
5222,19.708860759493668
5223,19.708860759493668
5224,19.70126582278481
5225,19.693670886075946
5226,19.686075949367087
5227,19.678481012658224
5228,19.670886075949365
5229,19.670886075949365
5230,19.670886075949365
5231,19.670886075949365
5232,19.670886075949365
5233,19.670886075949365
5234,19.663291139240506
5235,19.655696202531644
5236,19.648101265822785
5237,19.640506329113922
5238,19.632911392405063
5239,19.632911392405063
5240,19.632911392405063
5241,19.632911392405063
5242,19.632911392405063
5243,19.632911392405063
5244,19.632911392405063
5245,19.632911392405063
5246,19.632911392405063
5247,19.632911392405063
5248,19.632911392405063
5249,19.626582278481013
5250,19.62025316455696
5251,19.61392405063291
5252,19.60759493670886
5253,19.601265822784807
5254,19.594936708860757
5255,19.594936708860757
5256,19.594936708860757
5257,19.594936708860757
5258,19.594936708860757
5259,19.594936708860757
5260,19.587341772151895
5261,19.579746835443036
5262,19.572151898734173
5263,19.564556962025314
5264,19.55696202531645
5265,19.55696202531645
5266,19.55696202531645
5267,19.55696202531645
5268,19.55696202531645
5269,19.55696202531645
5270,19.55696202531645
5271,19.55696202531645
5272,19.55696202531645
5273,19.55696202531645
5274,19.55696202531645
5275,19.549367088607593
5276,19.541772151898734
5277,19.53417721518987
5278,19.526582278481012
5279,19.518987341772153
5280,19.512658227848103
5281,19.50632911392405
5282,19.5
5283,19.49367088607595
5284,19.487341772151897
5285,19.481012658227847
5286,19.481012658227847
5287,19.481012658227847
5288,19.481012658227847
5289,19.481012658227847
5290,19.481012658227847
5291,19.481012658227847
5292,19.481012658227847
5293,19.481012658227847
5294,19.481012658227847
5295,19.481012658227847
5296,19.481012658227847
5297,19.481012658227847
5298,19.481012658227847
5299,19.481012658227847
5300,19.481012658227847
5301,19.481012658227847
5302,19.481012658227847
5303,19.481012658227847
5304,19.481012658227847
5305,19.481012658227847
5306,19.481012658227847
5307,19.481012658227847
5308,19.481012658227847
5309,19.481012658227847
5310,19.481012658227847
5311,19.481012658227847
5312,19.481012658227847
5313,19.481012658227847
5314,19.481012658227847
5315,19.481012658227847
5316,19.481012658227847
5317,19.481012658227847
5318,19.481012658227847
5319,19.481012658227847
5320,19.481012658227847
5321,19.481012658227847
5322,19.481012658227847
5323,19.481012658227847
5324,19.481012658227847
5325,19.481012658227847
5326,19.481012658227847
5327,19.481012658227847
5328,19.481012658227847
5329,19.481012658227847
5330,19.481012658227847
5331,19.481012658227847
5332,19.481012658227847
5333,19.481012658227847
5334,19.481012658227847
5335,19.481012658227847
5336,19.481012658227847
5337,19.481012658227847
5338,19.481012658227847
5339,19.481012658227847
5340,19.481012658227847
5341,19.481012658227847
5342,19.481012658227847
5343,19.481012658227847
5344,19.481012658227847
5345,19.481012658227847
5346,19.481012658227847
5347,19.481012658227847
5348,19.481012658227847
5349,19.481012658227847
5350,19.481012658227847
5351,19.481012658227847
5352,19.481012658227847
5353,19.481012658227847
5354,19.481012658227847
5355,19.481012658227847
5356,19.481012658227847
5357,19.481012658227847
5358,19.481012658227847
5359,19.481012658227847
5360,19.481012658227847
5361,19.481012658227847
5362,19.481012658227847
5363,19.48860759493671
5364,19.49620253164557
5365,19.50379746835443
5366,19.51139240506329
5367,19.518987341772153
5368,19.518987341772153
5369,19.518987341772153
5370,19.518987341772153
5371,19.518987341772153
5372,19.518987341772153
5373,19.531645569620252
5374,19.544303797468356
5375,19.556962025316455
5376,19.569620253164555
5377,19.582278481012658
5378,19.594936708860757
5379,19.61012658227848
5380,19.6253164556962
5381,19.640506329113922
5382,19.655696202531644
5383,19.670886075949365
5384,19.678481012658224
5385,19.686075949367087
5386,19.693670886075946
5387,19.70126582278481
5388,19.708860759493668
5389,19.72405063291139
5390,19.73924050632911
5391,19.754430379746836
5392,19.769620253164558
5393,19.78481012658228
5394,19.8
5395,19.815189873417722
5396,19.83037974683544
5397,19.845569620253162
5398,19.860759493670884
5399,19.929113924050633
5400,19.997468354430378
5401,20.065822784810127
5402,20.134177215189872
5403,20.20253164556962
5404,20.234177215189874
5405,20.26582278481013
5406,20.297468354430382
5407,20.329113924050635
5408,20.36075949367089
5409,20.392405063291143
5410,20.422784810126586
5411,20.45316455696203
5412,20.48354430379747
5413,20.513924050632912
5414,20.544303797468356
5415,20.582278481012658
5416,20.620253164556964
5417,20.658227848101266
5418,20.69620253164557
5419,20.734177215189874
5420,20.764556962025317
5421,20.79493670886076
5422,20.8253164556962
5423,20.855696202531643
5424,20.886075949367086
5425,20.969620253164557
5426,21.053164556962024
5427,21.136708860759494
5428,21.22025316455696
5429,21.303797468354432
5430,21.349367088607597
5431,21.39493670886076
5432,21.440506329113926
5433,21.48607594936709
5434,21.531645569620256
5435,21.55696202531646
5436,21.58227848101266
5437,21.607594936708864
5438,21.632911392405067
5439,21.65822784810127
5440,21.683544303797472
5441,21.713924050632915
5442,21.74430379746836
5443,21.774683544303798
5444,21.80506329113924
5445,21.835443037974684
5446,21.865822784810128
5447,21.89620253164557
5448,21.926582278481014
5449,21.956962025316457
5450,21.9873417721519
5451,22.01012658227848
5452,22.03291139240506
5453,22.055696202531646
5454,22.078481012658226
5455,22.101265822784807
5456,22.13164556962025
5457,22.162025316455694
5458,22.192405063291137
5459,22.22278481012658
5460,22.253164556962023
5461,22.275949367088607
5462,22.298734177215188
5463,22.321518987341772
5464,22.344303797468353
5465,22.367088607594937
5466,22.38607594936709
5467,22.40506329113924
5468,22.424050632911392
5469,22.443037974683545
5470,22.462025316455694
5471,22.481012658227847
5472,22.50379746835443
5473,22.526582278481012
5474,22.549367088607596
5475,22.572151898734177
5476,22.59493670886076
5477,22.610126582278482
5478,22.625316455696204
5479,22.640506329113926
5480,22.655696202531647
5481,22.67088607594937
5482,22.68607594936709
5483,22.701265822784812
5484,22.716455696202534
5485,22.731645569620255
5486,22.746835443037977
5487,22.7620253164557
5488,22.77721518987342
5489,22.79240506329114
5490,22.807594936708863
5491,22.822784810126585
5492,22.837974683544306
5493,22.853164556962028
5494,22.868354430379746
5495,22.883544303797468
5496,22.89873417721519
5497,22.90632911392405
5498,22.91392405063291
5499,22.92151898734177
5500,22.929113924050633
5501,22.93670886075949
5502,22.94303797468354
5503,22.949367088607595
5504,22.955696202531644
5505,22.962025316455694
5506,22.968354430379748
5507,22.974683544303797
5508,22.982278481012656
5509,22.98987341772152
5510,22.997468354430378
5511,23.00506329113924
5512,23.0126582278481
5513,23.020253164556962
5514,23.02784810126582
5515,23.035443037974684
5516,23.043037974683543
5517,23.050632911392405
5518,23.058227848101264
5519,23.065822784810127
5520,23.073417721518986
5521,23.08101265822785
5522,23.088607594936708
5523,23.09620253164557
5524,23.10379746835443
5525,23.11139240506329
5526,23.11898734177215
5527,23.126582278481013
5528,23.134177215189872
5529,23.141772151898735
5530,23.149367088607594
5531,23.156962025316457
5532,23.164556962025316
5533,23.170886075949365
5534,23.17721518987342
5535,23.18354430379747
5536,23.189873417721518
5537,23.19620253164557
5538,23.20253164556962
5539,23.20253164556962
5540,23.20253164556962
5541,23.20253164556962
5542,23.20253164556962
5543,23.20253164556962
5544,23.21012658227848
5545,23.217721518987343
5546,23.225316455696202
5547,23.232911392405065
5548,23.240506329113924
5549,23.248101265822786
5550,23.255696202531645
5551,23.263291139240508
5552,23.270886075949367
5553,23.27848101265823
5554,23.28607594936709
5555,23.29367088607595
5556,23.30126582278481
5557,23.308860759493673
5558,23.31645569620253
5559,23.31645569620253
5560,23.31645569620253
5561,23.31645569620253
5562,23.31645569620253
5563,23.31645569620253
5564,23.32278481012658
5565,23.329113924050635
5566,23.335443037974684
5567,23.341772151898734
5568,23.348101265822788
5569,23.354430379746837
5570,23.354430379746837
5571,23.354430379746837
5572,23.354430379746837
5573,23.354430379746837
5574,23.354430379746837
5575,23.362025316455696
5576,23.369620253164555
5577,23.377215189873418
5578,23.384810126582277
5579,23.392405063291136
5580,23.392405063291136
5581,23.392405063291136
5582,23.392405063291136
5583,23.392405063291136
5584,23.392405063291136
5585,23.4
5586,23.407594936708858
5587,23.41518987341772
5588,23.42278481012658
5589,23.430379746835442
5590,23.430379746835442
5591,23.430379746835442
5592,23.430379746835442
5593,23.430379746835442
5594,23.430379746835442
5595,23.430379746835442
5596,23.430379746835442
5597,23.430379746835442
5598,23.430379746835442
5599,23.430379746835442
5600,23.430379746835442
5601,23.4379746835443
5602,23.445569620253163
5603,23.453164556962022
5604,23.460759493670885
5605,23.468354430379744
5606,23.468354430379744
5607,23.468354430379744
5608,23.468354430379744
5609,23.468354430379744
5610,23.468354430379744
5611,23.475949367088607
5612,23.483544303797466
5613,23.491139240506328
5614,23.498734177215187
5615,23.50632911392405
5616,23.50632911392405
5617,23.50632911392405
5618,23.50632911392405
5619,23.50632911392405
5620,23.50632911392405
5621,23.51392405063291
5622,23.52151898734177
5623,23.52911392405063
5624,23.536708860759493
5625,23.544303797468352
5626,23.544303797468352
5627,23.544303797468352
5628,23.544303797468352
5629,23.544303797468352
5630,23.544303797468352
5631,23.544303797468352
5632,23.559493670886074
5633,23.574683544303795
5634,23.589873417721517
5635,23.60506329113924
5636,23.62025316455696
5637,23.62025316455696
5638,23.62025316455696
5639,23.62025316455696
5640,23.62025316455696
5641,23.62025316455696
5642,23.63544303797468
5643,23.650632911392403
5644,23.665822784810125
5645,23.681012658227846
5646,23.696202531645568
5647,23.696202531645568
5648,23.696202531645568
5649,23.696202531645568
5650,23.696202531645568
5651,23.696202531645568
5652,23.71139240506329
5653,23.72658227848101
5654,23.741772151898733
5655,23.756962025316454
5656,23.772151898734176
5657,23.772151898734176
5658,23.772151898734176
5659,23.772151898734176
5660,23.772151898734176
5661,23.772151898734176
5662,23.772151898734176
5663,23.77974683544304
5664,23.787341772151898
5665,23.79493670886076
5666,23.80253164556962
5667,23.810126582278482
5668,23.81772151898734
5669,23.825316455696203
5670,23.832911392405062
5671,23.840506329113925
5672,23.848101265822784
5673,23.855696202531647
5674,23.863291139240506
5675,23.870886075949368
5676,23.878481012658227
5677,23.88607594936709
5678,23.89367088607595
5679,23.90126582278481
5680,23.90886075949367
5681,23.916455696202533
5682,23.924050632911392
5683,23.931645569620255
5684,23.939240506329114
5685,23.946835443037976
5686,23.954430379746835
5687,23.962025316455698
5688,23.962025316455698
5689,23.962025316455698
5690,23.962025316455698
5691,23.962025316455698
5692,23.962025316455698
5693,23.962025316455698
5694,23.962025316455698
5695,23.962025316455698
5696,23.962025316455698
5697,23.962025316455698
5698,23.962025316455698
5699,23.969620253164557
5700,23.97721518987342
5701,23.98481012658228
5702,23.99240506329114
5703,24.0
5704,24.007594936708863
5705,24.01518987341772
5706,24.022784810126584
5707,24.030379746835443
5708,24.037974683544306
5709,24.037974683544306
5710,24.037974683544306
5711,24.037974683544306
5712,24.037974683544306
5713,24.037974683544306
5714,24.037974683544306
5715,24.037974683544306
5716,24.037974683544306
5717,24.037974683544306
5718,24.037974683544306
5719,24.037974683544306
5720,24.037974683544306
5721,24.037974683544306
5722,24.037974683544306
5723,24.037974683544306
5724,24.037974683544306
5725,24.037974683544306
5726,24.037974683544306
5727,24.037974683544306
5728,24.037974683544306
5729,24.037974683544306
5730,24.045569620253165
5731,24.053164556962027
5732,24.060759493670886
5733,24.06835443037975
5734,24.075949367088608
5735,24.075949367088608
5736,24.075949367088608
5737,24.075949367088608
5738,24.075949367088608
5739,24.075949367088608
5740,24.08354430379747
5741,24.09113924050633
5742,24.098734177215192
5743,24.10632911392405
5744,24.113924050632914
5745,24.121518987341773
5746,24.129113924050632
5747,24.136708860759494
5748,24.144303797468353
5749,24.151898734177212
5750,24.151898734177212
5751,24.151898734177212
5752,24.151898734177212
5753,24.151898734177212
5754,24.151898734177212
5755,24.151898734177212
5756,24.167088607594934
5757,24.182278481012656
5758,24.197468354430377
5759,24.2126582278481
5760,24.22784810126582
5761,24.235443037974683
5762,24.243037974683542
5763,24.250632911392405
5764,24.258227848101264
5765,24.265822784810126
5766,24.273417721518985
5767,24.281012658227848
5768,24.288607594936707
5769,24.29620253164557
5770,24.30379746835443
5771,24.31898734177215
5772,24.33417721518987
5773,24.349367088607593
5774,24.364556962025315
5775,24.379746835443036
5776,24.379746835443036
5777,24.379746835443036
5778,24.379746835443036
5779,24.379746835443036
5780,24.379746835443036
5781,24.392405063291136
5782,24.40506329113924
5783,24.417721518987342
5784,24.430379746835442
5785,24.44303797468354
5786,24.455696202531644
5787,24.470886075949366
5788,24.486075949367088
5789,24.50126582278481
5790,24.51645569620253
5791,24.531645569620252
5792,24.531645569620252
5793,24.531645569620252
5794,24.531645569620252
5795,24.531645569620252
5796,24.531645569620252
5797,24.546835443037974
5798,24.562025316455696
5799,24.577215189873417
5800,24.59240506329114
5801,24.60759493670886
5802,24.61518987341772
5803,24.622784810126582
5804,24.63037974683544
5805,24.637974683544304
5806,24.645569620253163
5807,24.653164556962025
5808,24.660759493670884
5809,24.668354430379747
5810,24.675949367088606
5811,24.68354430379747
5812,24.696202531645568
5813,24.70886075949367
5814,24.72151898734177
5815,24.73417721518987
5816,24.746835443037973
5817,24.759493670886073
5818,24.774683544303794
5819,24.789873417721516
5820,24.80506329113924
5821,24.820253164556963
5822,24.835443037974684
5823,24.835443037974684
5824,24.835443037974684
5825,24.835443037974684
5826,24.835443037974684
5827,24.835443037974684
5828,24.850632911392406
5829,24.865822784810128
5830,24.881012658227846
5831,24.896202531645567
5832,24.91139240506329
5833,24.91898734177215
5834,24.92658227848101
5835,24.934177215189873
5836,24.941772151898732
5837,24.949367088607595
5838,24.956962025316457
5839,24.964556962025316
5840,24.97215189873418
5841,24.979746835443038
5842,24.9873417721519
5843,24.99367088607595
5844,25.0
5845,25.006329113924053
5846,25.012658227848103
5847,25.018987341772153
5848,25.025316455696203
5849,25.03291139240506
5850,25.040506329113924
5851,25.048101265822783
5852,25.055696202531646
5853,25.063291139240505
5854,25.078481012658226
5855,25.093670886075948
5856,25.108860759493673
5857,25.124050632911395
5858,25.139240506329116
5859,25.154430379746838
5860,25.16962025316456
5861,25.184810126582278
5862,25.2
5863,25.21518987341772
5864,25.21518987341772
5865,25.21518987341772
5866,25.21518987341772
5867,25.21518987341772
5868,25.21518987341772
5869,25.230379746835442
5870,25.245569620253164
5871,25.26075949367089
5872,25.27594936708861
5873,25.291139240506332
5874,25.291139240506332
5875,25.291139240506332
5876,25.291139240506332
5877,25.291139240506332
5878,25.291139240506332
5879,25.291139240506332
5880,25.306329113924054
5881,25.321518987341776
5882,25.336708860759494
5883,25.351898734177215
5884,25.367088607594937
5885,25.367088607594937
5886,25.367088607594937
5887,25.367088607594937
5888,25.367088607594937
5889,25.367088607594937
5890,25.374683544303796
5891,25.38227848101266
5892,25.389873417721518
5893,25.39746835443038
5894,25.40506329113924
5895,25.4126582278481
5896,25.42025316455696
5897,25.427848101265823
5898,25.435443037974682
5899,25.443037974683545
5900,25.450632911392404
5901,25.458227848101266
5902,25.465822784810126
5903,25.473417721518988
5904,25.481012658227847
5905,25.481012658227847
5906,25.481012658227847
5907,25.481012658227847
5908,25.481012658227847
5909,25.481012658227847
5910,25.481012658227847
5911,25.48860759493671
5912,25.49620253164557
5913,25.50379746835443
5914,25.51139240506329
5915,25.518987341772153
5916,25.526582278481012
5917,25.534177215189874
5918,25.541772151898734
5919,25.549367088607596
5920,25.556962025316455
5921,25.556962025316455
5922,25.556962025316455
5923,25.556962025316455
5924,25.556962025316455
5925,25.556962025316455
5926,25.564556962025318
5927,25.572151898734177
5928,25.57974683544304
5929,25.5873417721519
5930,25.59493670886076
5931,25.60253164556962
5932,25.610126582278482
5933,25.61772151898734
5934,25.625316455696204
5935,25.632911392405063
5936,25.632911392405063
5937,25.632911392405063
5938,25.632911392405063
5939,25.632911392405063
5940,25.632911392405063
5941,25.632911392405063
5942,25.632911392405063
5943,25.632911392405063
5944,25.632911392405063
5945,25.632911392405063
5946,25.632911392405063
5947,25.632911392405063
5948,25.632911392405063
5949,25.632911392405063
5950,25.632911392405063
5951,25.632911392405063
5952,25.640506329113926
5953,25.648101265822785
5954,25.655696202531647
5955,25.663291139240506
5956,25.67088607594937
5957,25.678481012658228
5958,25.68607594936709
5959,25.69367088607595
5960,25.701265822784812
5961,25.70886075949367
5962,25.70886075949367
5963,25.70886075949367
5964,25.70886075949367
5965,25.70886075949367
5966,25.70886075949367
5967,25.70886075949367
5968,25.70886075949367
5969,25.70886075949367
5970,25.70886075949367
5971,25.70886075949367
5972,25.70886075949367
5973,25.70886075949367
5974,25.70886075949367
5975,25.70886075949367
5976,25.70886075949367
5977,25.70886075949367
5978,25.70886075949367
5979,25.70886075949367
5980,25.70886075949367
5981,25.70886075949367
5982,25.70886075949367
5983,25.70886075949367
5984,25.70886075949367
5985,25.70886075949367
5986,25.70886075949367
5987,25.70886075949367
5988,25.70886075949367
5989,25.70886075949367
5990,25.70886075949367
5991,25.70886075949367
5992,25.70886075949367
5993,25.70886075949367
5994,25.70886075949367
5995,25.70886075949367
5996,25.70886075949367
5997,25.70886075949367
5998,25.70886075949367
5999,25.70886075949367
6000,25.70886075949367
6001,25.70886075949367
6002,25.70886075949367
6003,25.70886075949367
6004,25.70886075949367
6005,25.70886075949367
6006,25.70886075949367
6007,25.70886075949367
6008,25.70886075949367
6009,25.70886075949367
6010,25.70886075949367
6011,25.70886075949367
6012,25.70886075949367
6013,25.70886075949367
6014,25.70886075949367
6015,25.70886075949367
6016,25.70886075949367
6017,25.70886075949367
6018,25.70886075949367
6019,25.70886075949367
6020,25.70886075949367
6021,25.70886075949367
6022,25.70886075949367
6023,25.70886075949367
6024,25.70886075949367
6025,25.70886075949367
6026,25.70886075949367
6027,25.70886075949367
6028,25.70886075949367
6029,25.70253164556962
6030,25.69620253164557
6031,25.689873417721518
6032,25.68354430379747
6033,25.67721518987342
6034,25.67088607594937
6035,25.67088607594937
6036,25.67088607594937
6037,25.67088607594937
6038,25.67088607594937
6039,25.67088607594937
6040,25.663291139240506
6041,25.655696202531647
6042,25.648101265822785
6043,25.640506329113926
6044,25.632911392405063
6045,25.632911392405063
6046,25.632911392405063
6047,25.632911392405063
6048,25.632911392405063
6049,25.632911392405063
6050,25.625316455696204
6051,25.61772151898734
6052,25.610126582278482
6053,25.60253164556962
6054,25.59493670886076
6055,25.5873417721519
6056,25.57974683544304
6057,25.572151898734177
6058,25.564556962025318
6059,25.556962025316455
6060,25.556962025316455
6061,25.556962025316455
6062,25.556962025316455
6063,25.556962025316455
6064,25.556962025316455
6065,25.556962025316455
6066,25.556962025316455
6067,25.556962025316455
6068,25.556962025316455
6069,25.556962025316455
6070,25.556962025316455
6071,25.556962025316455
6072,25.556962025316455
6073,25.556962025316455
6074,25.556962025316455
6075,25.556962025316455
6076,25.556962025316455
6077,25.556962025316455
6078,25.556962025316455
6079,25.556962025316455
6080,25.556962025316455
6081,25.556962025316455
6082,25.556962025316455
6083,25.556962025316455
6084,25.556962025316455
6085,25.556962025316455
6086,25.556962025316455
6087,25.556962025316455
6088,25.556962025316455
6089,25.556962025316455
6090,25.556962025316455
6091,25.556962025316455
6092,25.556962025316455
6093,25.556962025316455
6094,25.556962025316455
6095,25.556962025316455
6096,25.556962025316455
6097,25.556962025316455
6098,25.556962025316455
6099,25.556962025316455
6100,25.556962025316455
6101,25.556962025316455
6102,25.549367088607596
6103,25.541772151898734
6104,25.534177215189874
6105,25.526582278481012
6106,25.518987341772153
6107,25.518987341772153
6108,25.518987341772153
6109,25.518987341772153
6110,25.518987341772153
6111,25.518987341772153
6112,25.518987341772153
6113,25.518987341772153
6114,25.518987341772153
6115,25.518987341772153
6116,25.518987341772153
6117,25.518987341772153
6118,25.518987341772153
6119,25.518987341772153
6120,25.518987341772153
6121,25.518987341772153
6122,25.512658227848103
6123,25.50632911392405
6124,25.5
6125,25.49367088607595
6126,25.487341772151897
6127,25.481012658227847
6128,25.473417721518988
6129,25.465822784810126
6130,25.458227848101266
6131,25.450632911392404
6132,25.443037974683545
6133,25.435443037974682
6134,25.427848101265823
6135,25.42025316455696
6136,25.4126582278481
6137,25.40506329113924
6138,25.389873417721518
6139,25.374683544303796
6140,25.359493670886078
6141,25.344303797468356
6142,25.329113924050635
6143,25.321518987341776
6144,25.313924050632913
6145,25.306329113924054
6146,25.29873417721519
6147,25.291139240506332
6148,25.27594936708861
6149,25.26075949367089
6150,25.245569620253164
6151,25.230379746835442
6152,25.21518987341772
6153,25.21518987341772
6154,25.21518987341772
6155,25.21518987341772
6156,25.21518987341772
6157,25.21518987341772
6158,25.21518987341772
6159,25.207594936708862
6160,25.2
6161,25.19240506329114
6162,25.184810126582278
6163,25.17721518987342
6164,25.16962025316456
6165,25.162025316455697
6166,25.154430379746838
6167,25.146835443037975
6168,25.139240506329116
6169,25.131645569620254
6170,25.124050632911395
6171,25.116455696202532
6172,25.108860759493673
6173,25.10126582278481
6174,25.10126582278481
6175,25.10126582278481
6176,25.10126582278481
6177,25.10126582278481
6178,25.10126582278481
6179,25.10126582278481
6180,25.10126582278481
6181,25.10126582278481
6182,25.10126582278481
6183,25.10126582278481
6184,25.09493670886076
6185,25.088607594936708
6186,25.082278481012658
6187,25.075949367088608
6188,25.069620253164555
6189,25.063291139240505
6190,25.063291139240505
6191,25.063291139240505
6192,25.063291139240505
6193,25.063291139240505
6194,25.063291139240505
6195,25.055696202531646
6196,25.048101265822783
6197,25.040506329113924
6198,25.03291139240506
6199,25.025316455696203
6200,25.025316455696203
6201,25.025316455696203
6202,25.025316455696203
6203,25.025316455696203
6204,25.025316455696203
6205,25.025316455696203
6206,25.025316455696203
6207,25.025316455696203
6208,25.025316455696203
6209,25.025316455696203
6210,25.017721518987344
6211,25.01012658227848
6212,25.002531645569622
6213,24.99493670886076
6214,24.9873417721519
6215,24.98101265822785
6216,24.974683544303797
6217,24.968354430379748
6218,24.962025316455698
6219,24.955696202531644
6220,24.949367088607595
6221,24.949367088607595
6222,24.949367088607595
6223,24.949367088607595
6224,24.949367088607595
6225,24.949367088607595
6226,24.941772151898732
6227,24.934177215189873
6228,24.92658227848101
6229,24.91898734177215
6230,24.91139240506329
6231,24.91139240506329
6232,24.91139240506329
6233,24.91139240506329
6234,24.91139240506329
6235,24.91139240506329
6236,24.90379746835443
6237,24.896202531645567
6238,24.88860759493671
6239,24.881012658227846
6240,24.873417721518987
6241,24.865822784810128
6242,24.858227848101265
6243,24.850632911392406
6244,24.843037974683543
6245,24.835443037974684
6246,24.829113924050635
6247,24.82278481012658
6248,24.81645569620253
6249,24.810126582278482
6250,24.80379746835443
6251,24.79746835443038
6252,24.79746835443038
6253,24.79746835443038
6254,24.79746835443038
6255,24.79746835443038
6256,24.79746835443038
6257,24.789873417721516
6258,24.782278481012657
6259,24.774683544303794
6260,24.767088607594935
6261,24.759493670886073
6262,24.751898734177214
6263,24.74430379746835
6264,24.736708860759492
6265,24.72911392405063
6266,24.72151898734177
6267,24.72151898734177
6268,24.72151898734177
6269,24.72151898734177
6270,24.72151898734177
6271,24.72151898734177
6272,24.71392405063291
6273,24.70632911392405
6274,24.69873417721519
6275,24.691139240506327
6276,24.68354430379747
6277,24.68354430379747
6278,24.68354430379747
6279,24.68354430379747
6280,24.68354430379747
6281,24.68354430379747
6282,24.68354430379747
6283,24.675949367088606
6284,24.668354430379747
6285,24.660759493670884
6286,24.653164556962025
6287,24.645569620253163
6288,24.637974683544304
6289,24.63037974683544
6290,24.622784810126582
6291,24.61518987341772
6292,24.60759493670886
6293,24.6
6294,24.59240506329114
6295,24.58481012658228
6296,24.577215189873417
6297,24.569620253164558
6298,24.562025316455696
6299,24.554430379746837
6300,24.546835443037974
6301,24.539240506329115
6302,24.531645569620252
6303,24.531645569620252
6304,24.531645569620252
6305,24.531645569620252
6306,24.531645569620252
6307,24.531645569620252
6308,24.518987341772153
6309,24.50632911392405
6310,24.493670886075947
6311,24.481012658227847
6312,24.468354430379748
6313,24.455696202531644
6314,24.455696202531644
6315,24.455696202531644
6316,24.455696202531644
6317,24.455696202531644
6318,24.455696202531644
6319,24.448101265822785
6320,24.440506329113923
6321,24.432911392405064
6322,24.4253164556962
6323,24.417721518987342
6324,24.41012658227848
6325,24.40253164556962
6326,24.394936708860758
6327,24.3873417721519
6328,24.379746835443036
6329,24.379746835443036
6330,24.379746835443036
6331,24.379746835443036
6332,24.379746835443036
6333,24.379746835443036
6334,24.372151898734177
6335,24.364556962025315
6336,24.356962025316456
6337,24.349367088607593
6338,24.341772151898734
6339,24.335443037974684
6340,24.32911392405063
6341,24.32278481012658
6342,24.31645569620253
6343,24.31012658227848
6344,24.30379746835443
6345,24.29620253164557
6346,24.288607594936707
6347,24.281012658227848
6348,24.273417721518985
6349,24.265822784810126
6350,24.258227848101264
6351,24.250632911392405
6352,24.243037974683542
6353,24.235443037974683
6354,24.22784810126582
6355,24.22784810126582
6356,24.22784810126582
6357,24.22784810126582
6358,24.22784810126582
6359,24.22784810126582
6360,24.22025316455696
6361,24.2126582278481
6362,24.20506329113924
6363,24.197468354430377
6364,24.189873417721518
6365,24.189873417721518
6366,24.189873417721518
6367,24.189873417721518
6368,24.189873417721518
6369,24.189873417721518
6370,24.18354430379747
6371,24.177215189873415
6372,24.170886075949365
6373,24.164556962025316
6374,24.158227848101262
6375,24.151898734177212
6376,24.144303797468353
6377,24.136708860759494
6378,24.129113924050632
6379,24.121518987341773
6380,24.113924050632914
6381,24.113924050632914
6382,24.113924050632914
6383,24.113924050632914
6384,24.113924050632914
6385,24.113924050632914
6386,24.10632911392405
6387,24.098734177215192
6388,24.09113924050633
6389,24.08354430379747
6390,24.075949367088608
6391,24.075949367088608
6392,24.075949367088608
6393,24.075949367088608
6394,24.075949367088608
6395,24.075949367088608
6396,24.06835443037975
6397,24.060759493670886
6398,24.053164556962027
6399,24.045569620253165
6400,24.037974683544306
6401,24.031645569620256
6402,24.025316455696203
6403,24.018987341772153
6404,24.012658227848103
6405,24.00632911392405
6406,24.0
6407,24.0
6408,24.0
6409,24.0
6410,24.0
6411,24.0
6412,23.98481012658228
6413,23.969620253164557
6414,23.954430379746835
6415,23.939240506329114
6416,23.924050632911392
6417,23.924050632911392
6418,23.924050632911392
6419,23.924050632911392
6420,23.924050632911392
6421,23.924050632911392
6422,23.90886075949367
6423,23.89367088607595
6424,23.878481012658227
6425,23.863291139240506
6426,23.848101265822784
6427,23.848101265822784
6428,23.848101265822784
6429,23.848101265822784
6430,23.848101265822784
6431,23.848101265822784
6432,23.835443037974684
6433,23.82278481012658
6434,23.81012658227848
6435,23.79746835443038
6436,23.78481012658228
6437,23.772151898734176
6438,23.756962025316454
6439,23.741772151898733
6440,23.72658227848101
6441,23.71139240506329
6442,23.696202531645568
6443,23.696202531645568
6444,23.696202531645568
6445,23.696202531645568
6446,23.696202531645568
6447,23.696202531645568
6448,23.681012658227846
6449,23.665822784810125
6450,23.650632911392403
6451,23.63544303797468
6452,23.62025316455696
6453,23.60506329113924
6454,23.589873417721517
6455,23.574683544303795
6456,23.559493670886074
6457,23.544303797468352
6458,23.544303797468352
6459,23.544303797468352
6460,23.544303797468352
6461,23.544303797468352
6462,23.544303797468352
6463,23.531645569620252
6464,23.51898734177215
6465,23.506329113924046
6466,23.493670886075947
6467,23.481012658227847
6468,23.468354430379744
6469,23.453164556962022
6470,23.4379746835443
6471,23.42278481012658
6472,23.407594936708858
6473,23.392405063291136
6474,23.392405063291136
6475,23.392405063291136
6476,23.392405063291136
6477,23.392405063291136
6478,23.392405063291136
6479,23.377215189873414
6480,23.362025316455693
6481,23.346835443037975
6482,23.331645569620253
6483,23.31645569620253
6484,23.30126582278481
6485,23.28607594936709
6486,23.270886075949367
6487,23.255696202531645
6488,23.240506329113924
6489,23.240506329113924
6490,23.240506329113924
6491,23.240506329113924
6492,23.240506329113924
6493,23.240506329113924
6494,23.22784810126582
6495,23.21518987341772
6496,23.20253164556962
6497,23.189873417721518
6498,23.177215189873415
6499,23.164556962025316
6500,23.164556962025316
6501,23.164556962025316
6502,23.164556962025316
6503,23.164556962025316
6504,23.164556962025316
6505,23.156962025316457
6506,23.149367088607594
6507,23.141772151898735
6508,23.134177215189872
6509,23.126582278481013
6510,23.11898734177215
6511,23.11139240506329
6512,23.10379746835443
6513,23.09620253164557
6514,23.088607594936708
6515,23.08101265822785
6516,23.073417721518986
6517,23.065822784810127
6518,23.058227848101264
6519,23.050632911392405
6520,23.043037974683543
6521,23.035443037974684
6522,23.02784810126582
6523,23.020253164556962
6524,23.0126582278481
6525,23.0126582278481
6526,23.0126582278481
6527,23.0126582278481
6528,23.0126582278481
6529,23.0126582278481
6530,23.0126582278481
6531,23.00506329113924
6532,22.997468354430378
6533,22.98987341772152
6534,22.982278481012656
6535,22.974683544303797
6536,22.974683544303797
6537,22.974683544303797
6538,22.974683544303797
6539,22.974683544303797
6540,22.974683544303797
6541,22.967088607594935
6542,22.959493670886076
6543,22.951898734177213
6544,22.944303797468354
6545,22.93670886075949
6546,22.92151898734177
6547,22.90632911392405
6548,22.89113924050633
6549,22.87594936708861
6550,22.860759493670887
6551,22.860759493670887
6552,22.860759493670887
6553,22.860759493670887
6554,22.860759493670887
6555,22.860759493670887
6556,22.848101265822784
6557,22.835443037974684
6558,22.822784810126585
6559,22.810126582278482
6560,22.79746835443038
6561,22.78481012658228
6562,22.78481012658228
6563,22.78481012658228
6564,22.78481012658228
6565,22.78481012658228
6566,22.78481012658228
6567,22.769620253164558
6568,22.754430379746836
6569,22.739240506329114
6570,22.724050632911393
6571,22.70886075949367
6572,22.701265822784812
6573,22.69367088607595
6574,22.68607594936709
6575,22.678481012658228
6576,22.67088607594937
6577,22.67088607594937
6578,22.67088607594937
6579,22.67088607594937
6580,22.67088607594937
6581,22.67088607594937
6582,22.663291139240506
6583,22.655696202531647
6584,22.648101265822785
6585,22.640506329113926
6586,22.632911392405063
6587,22.626582278481013
6588,22.620253164556964
6589,22.61392405063291
6590,22.60759493670886
6591,22.60126582278481
6592,22.59493670886076
6593,22.59493670886076
6594,22.59493670886076
6595,22.59493670886076
6596,22.59493670886076
6597,22.59493670886076
6598,22.5873417721519
6599,22.57974683544304
6600,22.572151898734177
6601,22.564556962025318
6602,22.556962025316455
6603,22.549367088607596
6604,22.541772151898734
6605,22.534177215189874
6606,22.526582278481012
6607,22.518987341772153
6608,22.518987341772153
6609,22.518987341772153
6610,22.518987341772153
6611,22.518987341772153
6612,22.518987341772153
6613,22.51139240506329
6614,22.50379746835443
6615,22.49620253164557
6616,22.48860759493671
6617,22.481012658227847
6618,22.474683544303797
6619,22.468354430379748
6620,22.462025316455694
6621,22.455696202531644
6622,22.449367088607595
6623,22.443037974683545
6624,22.443037974683545
6625,22.443037974683545
6626,22.443037974683545
6627,22.443037974683545
6628,22.443037974683545
6629,22.435443037974682
6630,22.427848101265823
6631,22.42025316455696
6632,22.4126582278481
6633,22.40506329113924
6634,22.40506329113924
6635,22.40506329113924
6636,22.40506329113924
6637,22.40506329113924
6638,22.40506329113924
6639,22.39746835443038
6640,22.389873417721518
6641,22.38227848101266
6642,22.374683544303796
6643,22.367088607594937
6644,22.359493670886074
6645,22.351898734177215
6646,22.344303797468353
6647,22.336708860759494
6648,22.32911392405063
6649,22.32911392405063
6650,22.32911392405063
6651,22.32911392405063
6652,22.32911392405063
6653,22.32911392405063
6654,22.32911392405063
6655,22.321518987341772
6656,22.31392405063291
6657,22.30632911392405
6658,22.298734177215188
6659,22.29113924050633
6660,22.283544303797466
6661,22.275949367088607
6662,22.268354430379745
6663,22.260759493670886
6664,22.253164556962023
6665,22.253164556962023
6666,22.253164556962023
6667,22.253164556962023
6668,22.253164556962023
6669,22.253164556962023
6670,22.2379746835443
6671,22.22278481012658
6672,22.20759493670886
6673,22.192405063291137
6674,22.177215189873415
6675,22.177215189873415
6676,22.177215189873415
6677,22.177215189873415
6678,22.177215189873415
6679,22.177215189873415
6680,22.164556962025316
6681,22.151898734177212
6682,22.13924050632911
6683,22.12658227848101
6684,22.11392405063291
6685,22.101265822784807
6686,22.101265822784807
6687,22.101265822784807
6688,22.101265822784807
6689,22.101265822784807
6690,22.101265822784807
6691,22.086075949367086
6692,22.070886075949364
6693,22.055696202531646
6694,22.040506329113924
6695,22.025316455696203
6696,22.017721518987344
6697,22.01012658227848
6698,22.002531645569622
6699,21.99493670886076
6700,21.9873417721519
6701,21.979746835443038
6702,21.97215189873418
6703,21.964556962025316
6704,21.956962025316457
6705,21.949367088607595
6706,21.941772151898736
6707,21.934177215189873
6708,21.926582278481014
6709,21.91898734177215
6710,21.911392405063292
6711,21.905063291139243
6712,21.89873417721519
6713,21.89240506329114
6714,21.88607594936709
6715,21.879746835443036
6716,21.873417721518987
6717,21.858227848101265
6718,21.843037974683543
6719,21.827848101265822
6720,21.8126582278481
6721,21.79746835443038
6722,21.79746835443038
6723,21.79746835443038
6724,21.79746835443038
6725,21.79746835443038
6726,21.79746835443038
6727,21.782278481012657
6728,21.767088607594935
6729,21.751898734177214
6730,21.736708860759492
6731,21.72151898734177
6732,21.72151898734177
6733,21.72151898734177
6734,21.72151898734177
6735,21.72151898734177
6736,21.72151898734177
6737,21.70632911392405
6738,21.691139240506327
6739,21.67594936708861
6740,21.660759493670888
6741,21.645569620253166
6742,21.639240506329116
6743,21.632911392405067
6744,21.626582278481013
6745,21.620253164556964
6746,21.613924050632914
6747,21.607594936708864
6748,21.6
6749,21.592405063291142
6750,21.58481012658228
6751,21.57721518987342
6752,21.569620253164558
6753,21.554430379746837
6754,21.539240506329115
6755,21.524050632911393
6756,21.508860759493672
6757,21.49367088607595
6758,21.48607594936709
6759,21.47848101265823
6760,21.47088607594937
6761,21.463291139240507
6762,21.455696202531648
6763,21.448101265822785
6764,21.440506329113926
6765,21.432911392405064
6766,21.425316455696205
6767,21.417721518987342
6768,21.40253164556962
6769,21.3873417721519
6770,21.372151898734177
6771,21.356962025316456
6772,21.341772151898734
6773,21.32911392405063
6774,21.31645569620253
6775,21.303797468354432
6776,21.29113924050633
6777,21.278481012658226
6778,21.265822784810126
6779,21.258227848101267
6780,21.250632911392405
6781,21.243037974683546
6782,21.235443037974683
6783,21.227848101265824
6784,21.212658227848102
6785,21.19746835443038
6786,21.18227848101266
6787,21.167088607594938
6788,21.151898734177216
6789,21.136708860759494
6790,21.121518987341773
6791,21.10632911392405
6792,21.09113924050633
6793,21.075949367088608
6794,21.068354430379745
6795,21.060759493670886
6796,21.053164556962024
6797,21.045569620253165
6798,21.037974683544302
6799,21.02278481012658
6800,21.00759493670886
6801,20.992405063291137
6802,20.977215189873416
6803,20.962025316455694
6804,20.949367088607595
6805,20.93670886075949
6806,20.92405063291139
6807,20.91139240506329
6808,20.89873417721519
6809,20.886075949367086
6810,20.878481012658227
6811,20.870886075949365
6812,20.863291139240506
6813,20.855696202531643
6814,20.848101265822784
6815,20.832911392405062
6816,20.81772151898734
6817,20.802531645569623
6818,20.7873417721519
6819,20.77215189873418
6820,20.756962025316458
6821,20.741772151898736
6822,20.726582278481015
6823,20.711392405063293
6824,20.69620253164557
6825,20.673417721518987
6826,20.650632911392407
6827,20.627848101265823
6828,20.605063291139242
6829,20.582278481012658
6830,20.567088607594936
6831,20.551898734177215
6832,20.536708860759493
6833,20.52151898734177
6834,20.50632911392405
6835,20.49367088607595
6836,20.481012658227847
6837,20.468354430379748
6838,20.455696202531648
6839,20.443037974683545
6840,20.430379746835445
6841,20.415189873417724
6842,20.400000000000002
6843,20.38481012658228
6844,20.36962025316456
6845,20.354430379746837
6846,20.331645569620257
6847,20.308860759493673
6848,20.286075949367092
6849,20.263291139240508
6850,20.240506329113927
6851,20.225316455696206
6852,20.210126582278484
6853,20.19493670886076
6854,20.179746835443037
6855,20.164556962025316
6856,20.149367088607594
6857,20.134177215189872
6858,20.118987341772154
6859,20.103797468354433
6860,20.08860759493671
6861,20.08101265822785
6862,20.07341772151899
6863,20.065822784810127
6864,20.058227848101268
6865,20.050632911392405
6866,20.037974683544306
6867,20.025316455696203
6868,20.0126582278481
6869,20.0
6870,19.9873417721519
6871,19.974683544303797
6872,19.959493670886076
6873,19.944303797468354
6874,19.929113924050633
6875,19.91392405063291
6876,19.89873417721519
6877,19.891139240506327
6878,19.883544303797468
6879,19.875949367088605
6880,19.868354430379746
6881,19.860759493670884
6882,19.845569620253162
6883,19.83037974683544
6884,19.815189873417722
6885,19.8
6886,19.78481012658228
6887,19.777215189873417
6888,19.769620253164558
6889,19.762025316455695
6890,19.754430379746836
6891,19.746835443037973
6892,19.73164556962025
6893,19.71645569620253
6894,19.70126582278481
6895,19.686075949367087
6896,19.670886075949365
6897,19.664556962025316
6898,19.658227848101266
6899,19.651898734177212
6900,19.645569620253163
6901,19.639240506329113
6902,19.632911392405063
6903,19.6253164556962
6904,19.61772151898734
6905,19.61012658227848
6906,19.60253164556962
6907,19.594936708860757
6908,19.587341772151895
6909,19.579746835443036
6910,19.572151898734173
6911,19.564556962025314
6912,19.55696202531645
6913,19.549367088607593
6914,19.541772151898734
6915,19.53417721518987
6916,19.526582278481012
6917,19.518987341772153
6918,19.518987341772153
6919,19.518987341772153
6920,19.518987341772153
6921,19.518987341772153
6922,19.518987341772153
6923,19.50379746835443
6924,19.48860759493671
6925,19.473417721518988
6926,19.458227848101266
6927,19.443037974683545
6928,19.436708860759495
6929,19.430379746835442
6930,19.424050632911392
6931,19.417721518987342
6932,19.41139240506329
6933,19.40506329113924
6934,19.389873417721518
6935,19.374683544303796
6936,19.359493670886074
6937,19.344303797468353
6938,19.32911392405063
6939,19.31392405063291
6940,19.298734177215188
6941,19.283544303797466
6942,19.268354430379745
6943,19.253164556962023
6944,19.245569620253164
6945,19.237974683544305
6946,19.230379746835442
6947,19.222784810126583
6948,19.215189873417724
6949,19.200000000000003
6950,19.18481012658228
6951,19.16962025316456
6952,19.154430379746838
6953,19.139240506329116
6954,19.131645569620254
6955,19.124050632911395
6956,19.116455696202532
6957,19.108860759493673
6958,19.10126582278481
6959,19.09493670886076
6960,19.08860759493671
6961,19.082278481012658
6962,19.075949367088608
6963,19.069620253164558
6964,19.06329113924051
6965,19.055696202531646
6966,19.048101265822787
6967,19.040506329113924
6968,19.032911392405065
6969,19.025316455696203
6970,19.025316455696203
6971,19.025316455696203
6972,19.025316455696203
6973,19.025316455696203
6974,19.025316455696203
6975,19.017721518987344
6976,19.01012658227848
6977,19.002531645569622
6978,18.99493670886076
6979,18.9873417721519
6980,18.979746835443038
6981,18.97215189873418
6982,18.964556962025316
6983,18.956962025316457
6984,18.949367088607595
6985,18.949367088607595
6986,18.949367088607595
6987,18.949367088607595
6988,18.949367088607595
6989,18.949367088607595
6990,18.943037974683545
6991,18.936708860759495
6992,18.930379746835442
6993,18.924050632911392
6994,18.917721518987342
6995,18.911392405063292
6996,18.911392405063292
6997,18.911392405063292
6998,18.911392405063292
6999,18.911392405063292
7000,18.911392405063292
7001,18.90379746835443
7002,18.89620253164557
7003,18.88860759493671
7004,18.88101265822785
7005,18.873417721518987
7006,18.873417721518987
7007,18.873417721518987
7008,18.873417721518987
7009,18.873417721518987
7010,18.873417721518987
7011,18.865822784810128
7012,18.858227848101265
7013,18.850632911392406
7014,18.843037974683543
7015,18.835443037974684
7016,18.827848101265822
7017,18.820253164556963
7018,18.8126582278481
7019,18.80506329113924
7020,18.79746835443038
7021,18.79746835443038
7022,18.79746835443038
7023,18.79746835443038
7024,18.79746835443038
7025,18.79746835443038
7026,18.79746835443038
7027,18.79746835443038
7028,18.79746835443038
7029,18.79746835443038
7030,18.79746835443038
7031,18.79746835443038
7032,18.78987341772152
7033,18.782278481012657
7034,18.774683544303798
7035,18.767088607594935
7036,18.759493670886076
7037,18.759493670886076
7038,18.759493670886076
7039,18.759493670886076
7040,18.759493670886076
7041,18.759493670886076
7042,18.751898734177214
7043,18.744303797468355
7044,18.736708860759492
7045,18.729113924050633
7046,18.72151898734177
7047,18.72151898734177
7048,18.72151898734177
7049,18.72151898734177
7050,18.72151898734177
7051,18.72151898734177
7052,18.72151898734177
7053,18.72151898734177
7054,18.72151898734177
7055,18.72151898734177
7056,18.72151898734177
7057,18.72151898734177
7058,18.71392405063291
7059,18.70632911392405
7060,18.69873417721519
7061,18.691139240506327
7062,18.68354430379747
7063,18.675949367088606
7064,18.668354430379747
7065,18.660759493670884
7066,18.653164556962025
7067,18.645569620253163
7068,18.645569620253163
7069,18.645569620253163
7070,18.645569620253163
7071,18.645569620253163
7072,18.645569620253163
7073,18.637974683544304
7074,18.63037974683544
7075,18.622784810126582
7076,18.61518987341772
7077,18.60759493670886
7078,18.599999999999998
7079,18.59240506329114
7080,18.584810126582276
7081,18.577215189873417
7082,18.569620253164555
7083,18.569620253164555
7084,18.569620253164555
7085,18.569620253164555
7086,18.569620253164555
7087,18.569620253164555
7088,18.569620253164555
7089,18.569620253164555
7090,18.569620253164555
7091,18.569620253164555
7092,18.569620253164555
7093,18.569620253164555
7094,18.569620253164555
7095,18.569620253164555
7096,18.569620253164555
7097,18.569620253164555
7098,18.569620253164555
7099,18.562025316455696
7100,18.554430379746833
7101,18.546835443037974
7102,18.53924050632911
7103,18.531645569620252
7104,18.531645569620252
7105,18.531645569620252
7106,18.531645569620252
7107,18.531645569620252
7108,18.531645569620252
7109,18.52405063291139
7110,18.51645569620253
7111,18.50886075949367
7112,18.50126582278481
7113,18.493670886075947
7114,18.493670886075947
7115,18.493670886075947
7116,18.493670886075947
7117,18.493670886075947
7118,18.493670886075947
7119,18.493670886075947
7120,18.493670886075947
7121,18.493670886075947
7122,18.493670886075947
7123,18.493670886075947
7124,18.493670886075947
7125,18.486075949367088
7126,18.478481012658225
7127,18.470886075949366
7128,18.463291139240503
7129,18.455696202531644
7130,18.448101265822782
7131,18.440506329113923
7132,18.43291139240506
7133,18.4253164556962
7134,18.41772151898734
7135,18.41772151898734
7136,18.41772151898734
7137,18.41772151898734
7138,18.41772151898734
7139,18.41772151898734
7140,18.41012658227848
7141,18.402531645569617
7142,18.394936708860758
7143,18.387341772151895
7144,18.379746835443036
7145,18.373417721518987
7146,18.367088607594933
7147,18.360759493670884
7148,18.354430379746834
7149,18.34810126582278
7150,18.34177215189873
7151,18.34177215189873
7152,18.34177215189873
7153,18.34177215189873
7154,18.34177215189873
7155,18.34177215189873
7156,18.33417721518987
7157,18.32658227848101
7158,18.31898734177215
7159,18.311392405063287
7160,18.30379746835443
7161,18.30379746835443
7162,18.30379746835443
7163,18.30379746835443
7164,18.30379746835443
7165,18.30379746835443
7166,18.29620253164557
7167,18.288607594936707
7168,18.281012658227848
7169,18.273417721518985
7170,18.265822784810126
7171,18.265822784810126
7172,18.265822784810126
7173,18.265822784810126
7174,18.265822784810126
7175,18.265822784810126
7176,18.265822784810126
7177,18.265822784810126
7178,18.265822784810126
7179,18.265822784810126
7180,18.265822784810126
7181,18.265822784810126
7182,18.265822784810126
7183,18.265822784810126
7184,18.265822784810126
7185,18.265822784810126
7186,18.265822784810126
7187,18.265822784810126
7188,18.265822784810126
7189,18.265822784810126
7190,18.265822784810126
7191,18.265822784810126
7192,18.258227848101267
7193,18.250632911392405
7194,18.243037974683546
7195,18.235443037974683
7196,18.227848101265824
7197,18.22025316455696
7198,18.212658227848102
7199,18.20506329113924
7200,18.19746835443038
7201,18.189873417721518
7202,18.189873417721518
7203,18.189873417721518
7204,18.189873417721518
7205,18.189873417721518
7206,18.189873417721518
7207,18.189873417721518
7208,18.189873417721518
7209,18.189873417721518
7210,18.189873417721518
7211,18.189873417721518
7212,18.189873417721518
7213,18.18227848101266
7214,18.174683544303797
7215,18.167088607594938
7216,18.159493670886075
7217,18.151898734177216
7218,18.151898734177216
7219,18.151898734177216
7220,18.151898734177216
7221,18.151898734177216
7222,18.151898734177216
7223,18.144303797468353
7224,18.136708860759494
7225,18.129113924050632
7226,18.121518987341773
7227,18.11392405063291
7228,18.11392405063291
7229,18.11392405063291
7230,18.11392405063291
7231,18.11392405063291
7232,18.11392405063291
7233,18.10632911392405
7234,18.09873417721519
7235,18.09113924050633
7236,18.083544303797467
7237,18.075949367088608
7238,18.075949367088608
7239,18.075949367088608
7240,18.075949367088608
7241,18.075949367088608
7242,18.075949367088608
7243,18.075949367088608
7244,18.068354430379745
7245,18.060759493670886
7246,18.053164556962024
7247,18.045569620253165
7248,18.037974683544302
7249,18.037974683544302
7250,18.037974683544302
7251,18.037974683544302
7252,18.037974683544302
7253,18.037974683544302
7254,18.037974683544302
7255,18.037974683544302
7256,18.037974683544302
7257,18.037974683544302
7258,18.037974683544302
7259,18.037974683544302
7260,18.037974683544302
7261,18.037974683544302
7262,18.037974683544302
7263,18.037974683544302
7264,18.030379746835443
7265,18.02278481012658
7266,18.01518987341772
7267,18.00759493670886
7268,18.0
7269,18.0
7270,18.0
7271,18.0
7272,18.0
7273,18.0
7274,18.0
7275,18.0
7276,18.0
7277,18.0
7278,18.0
7279,18.0
7280,18.0
7281,18.0
7282,18.0
7283,18.0
7284,18.0
7285,18.0
7286,18.0
7287,18.0
7288,18.0
7289,18.0
7290,18.0
7291,18.0
7292,18.0
7293,18.0
7294,18.0
7295,18.0
7296,18.0
7297,18.0
7298,18.0
7299,18.0
7300,18.0
7301,18.0
7302,18.0
7303,18.0
7304,18.0
7305,18.0
7306,18.0
7307,18.0
7308,18.0
7309,18.0
7310,18.0
7311,18.0
7312,18.0
7313,18.0
7314,18.0
7315,18.0
7316,18.0
7317,18.0
7318,18.0
7319,18.0
7320,18.0
7321,18.0
7322,18.0
7323,18.0
7324,18.0
7325,18.0
7326,18.0
7327,18.0
7328,18.0
7329,18.0
7330,18.0
7331,17.99240506329114
7332,17.98481012658228
7333,17.97721518987342
7334,17.969620253164557
7335,17.962025316455698
7336,17.955696202531648
7337,17.949367088607598
7338,17.943037974683545
7339,17.936708860759495
7340,17.930379746835445
7341,17.924050632911396
7342,17.924050632911396
7343,17.924050632911396
7344,17.924050632911396
7345,17.924050632911396
7346,17.924050632911396
7347,17.916455696202533
7348,17.908860759493674
7349,17.90126582278481
7350,17.893670886075952
7351,17.88607594936709
7352,17.88607594936709
7353,17.88607594936709
7354,17.88607594936709
7355,17.88607594936709
7356,17.88607594936709
7357,17.87848101265823
7358,17.870886075949368
7359,17.86329113924051
7360,17.855696202531647
7361,17.848101265822788
7362,17.848101265822788
7363,17.848101265822788
7364,17.848101265822788
7365,17.848101265822788
7366,17.848101265822788
7367,17.841772151898738
7368,17.835443037974684
7369,17.829113924050635
7370,17.822784810126585
7371,17.81645569620253
7372,17.810126582278482
7373,17.810126582278482
7374,17.810126582278482
7375,17.810126582278482
7376,17.810126582278482
7377,17.810126582278482
7378,17.810126582278482
7379,17.810126582278482
7380,17.810126582278482
7381,17.810126582278482
7382,17.810126582278482
7383,17.810126582278482
7384,17.810126582278482
7385,17.810126582278482
7386,17.810126582278482
7387,17.810126582278482
7388,17.810126582278482
7389,17.810126582278482
7390,17.810126582278482
7391,17.810126582278482
7392,17.810126582278482
7393,17.802531645569623
7394,17.79493670886076
7395,17.7873417721519
7396,17.77974683544304
7397,17.77215189873418
7398,17.77215189873418
7399,17.77215189873418
7400,17.77215189873418
7401,17.77215189873418
7402,17.77215189873418
7403,17.77215189873418
7404,17.77215189873418
7405,17.77215189873418
7406,17.77215189873418
7407,17.77215189873418
7408,17.77215189873418
7409,17.764556962025317
7410,17.756962025316458
7411,17.749367088607595
7412,17.741772151898736
7413,17.734177215189874
7414,17.734177215189874
7415,17.734177215189874
7416,17.734177215189874
7417,17.734177215189874
7418,17.734177215189874
7419,17.734177215189874
7420,17.734177215189874
7421,17.734177215189874
7422,17.734177215189874
7423,17.734177215189874
7424,17.734177215189874
7425,17.734177215189874
7426,17.734177215189874
7427,17.734177215189874
7428,17.734177215189874
7429,17.734177215189874
7430,17.734177215189874
7431,17.734177215189874
7432,17.734177215189874
7433,17.734177215189874
7434,17.734177215189874
7435,17.734177215189874
7436,17.734177215189874
7437,17.734177215189874
7438,17.734177215189874
7439,17.734177215189874
7440,17.726582278481015
7441,17.718987341772152
7442,17.711392405063293
7443,17.70379746835443
7444,17.69620253164557
7445,17.69620253164557
7446,17.69620253164557
7447,17.69620253164557
7448,17.69620253164557
7449,17.69620253164557
7450,17.69620253164557
7451,17.69620253164557
7452,17.69620253164557
7453,17.69620253164557
7454,17.69620253164557
7455,17.69620253164557
7456,17.69620253164557
7457,17.69620253164557
7458,17.69620253164557
7459,17.69620253164557
7460,17.68987341772152
7461,17.68354430379747
7462,17.67721518987342
7463,17.67088607594937
7464,17.664556962025316
7465,17.658227848101266
7466,17.658227848101266
7467,17.658227848101266
7468,17.658227848101266
7469,17.658227848101266
7470,17.658227848101266
7471,17.658227848101266
7472,17.658227848101266
7473,17.658227848101266
7474,17.658227848101266
7475,17.658227848101266
7476,17.658227848101266
7477,17.658227848101266
7478,17.658227848101266
7479,17.658227848101266
7480,17.658227848101266
7481,17.658227848101266
7482,17.658227848101266
7483,17.658227848101266
7484,17.658227848101266
7485,17.658227848101266
7486,17.650632911392407
7487,17.643037974683544
7488,17.635443037974685
7489,17.627848101265823
7490,17.620253164556964
7491,17.620253164556964
7492,17.620253164556964
7493,17.620253164556964
7494,17.620253164556964
7495,17.620253164556964
7496,17.620253164556964
7497,17.6126582278481
7498,17.605063291139242
7499,17.59746835443038
7500,17.58987341772152
7501,17.582278481012658
7502,17.582278481012658
7503,17.582278481012658
7504,17.582278481012658
7505,17.582278481012658
7506,17.582278481012658
7507,17.5746835443038
7508,17.567088607594936
7509,17.559493670886077
7510,17.551898734177215
7511,17.544303797468356
7512,17.544303797468356
7513,17.544303797468356
7514,17.544303797468356
7515,17.544303797468356
7516,17.544303797468356
7517,17.536708860759493
7518,17.529113924050634
7519,17.52151898734177
7520,17.513924050632912
7521,17.50632911392405
7522,17.50632911392405
7523,17.50632911392405
7524,17.50632911392405
7525,17.50632911392405
7526,17.50632911392405
7527,17.50632911392405
7528,17.49873417721519
7529,17.491139240506328
7530,17.48354430379747
7531,17.475949367088607
7532,17.468354430379748
7533,17.460759493670885
7534,17.453164556962026
7535,17.445569620253163
7536,17.437974683544304
7537,17.430379746835442
7538,17.430379746835442
7539,17.430379746835442
7540,17.430379746835442
7541,17.430379746835442
7542,17.430379746835442
7543,17.422784810126583
7544,17.41518987341772
7545,17.40759493670886
7546,17.4
7547,17.39240506329114
7548,17.384810126582277
7549,17.377215189873418
7550,17.369620253164555
7551,17.362025316455696
7552,17.354430379746834
7553,17.348101265822784
7554,17.341772151898734
7555,17.33544303797468
7556,17.32911392405063
7557,17.32278481012658
7558,17.31645569620253
7559,17.31645569620253
7560,17.31645569620253
7561,17.31645569620253
7562,17.31645569620253
7563,17.31645569620253
7564,17.30886075949367
7565,17.30126582278481
7566,17.293670886075947
7567,17.28607594936709
7568,17.278481012658226
7569,17.270886075949367
7570,17.263291139240504
7571,17.255696202531645
7572,17.248101265822783
7573,17.240506329113924
7574,17.23291139240506
7575,17.225316455696202
7576,17.21772151898734
7577,17.21012658227848
7578,17.202531645569618
7579,17.202531645569618
7580,17.202531645569618
7581,17.202531645569618
7582,17.202531645569618
7583,17.202531645569618
7584,17.202531645569618
7585,17.202531645569618
7586,17.202531645569618
7587,17.202531645569618
7588,17.202531645569618
7589,17.202531645569618
7590,17.202531645569618
7591,17.202531645569618
7592,17.202531645569618
7593,17.202531645569618
7594,17.202531645569618
7595,17.19493670886076
7596,17.187341772151896
7597,17.179746835443037
7598,17.172151898734175
7599,17.164556962025316
7600,17.164556962025316
7601,17.164556962025316
7602,17.164556962025316
7603,17.164556962025316
7604,17.164556962025316
7605,17.164556962025316
7606,17.164556962025316
7607,17.164556962025316
7608,17.164556962025316
7609,17.164556962025316
7610,17.164556962025316
7611,17.164556962025316
7612,17.164556962025316
7613,17.164556962025316
7614,17.164556962025316
7615,17.164556962025316
7616,17.164556962025316
7617,17.164556962025316
7618,17.164556962025316
7619,17.164556962025316
7620,17.164556962025316
7621,17.156962025316453
7622,17.149367088607594
7623,17.14177215189873
7624,17.134177215189872
7625,17.12658227848101
7626,17.11898734177215
7627,17.111392405063288
7628,17.10379746835443
7629,17.096202531645567
7630,17.088607594936708
7631,17.088607594936708
7632,17.088607594936708
7633,17.088607594936708
7634,17.088607594936708
7635,17.088607594936708
7636,17.081012658227845
7637,17.073417721518986
7638,17.065822784810123
7639,17.058227848101264
7640,17.050632911392402
7641,17.043037974683543
7642,17.035443037974684
7643,17.02784810126582
7644,17.020253164556962
7645,17.012658227848103
7646,17.006329113924053
7647,17.0
7648,16.99367088607595
7649,16.9873417721519
7650,16.981012658227847
7651,16.974683544303797
7652,16.974683544303797
7653,16.974683544303797
7654,16.974683544303797
7655,16.974683544303797
7656,16.974683544303797
7657,16.974683544303797
7658,16.974683544303797
7659,16.974683544303797
7660,16.974683544303797
7661,16.974683544303797
7662,16.974683544303797
7663,16.974683544303797
7664,16.974683544303797
7665,16.974683544303797
7666,16.974683544303797
7667,16.96708860759494
7668,16.959493670886076
7669,16.951898734177217
7670,16.944303797468354
7671,16.936708860759495
7672,16.936708860759495
7673,16.936708860759495
7674,16.936708860759495
7675,16.936708860759495
7676,16.936708860759495
7677,16.930379746835445
7678,16.924050632911392
7679,16.917721518987342
7680,16.911392405063292
7681,16.90506329113924
7682,16.89873417721519
7683,16.89873417721519
7684,16.89873417721519
7685,16.89873417721519
7686,16.89873417721519
7687,16.89873417721519
7688,16.89873417721519
7689,16.89873417721519
7690,16.89873417721519
7691,16.89873417721519
7692,16.89873417721519
7693,16.89873417721519
7694,16.89873417721519
7695,16.89873417721519
7696,16.89873417721519
7697,16.89873417721519
7698,16.89873417721519
7699,16.89873417721519
7700,16.89873417721519
7701,16.89873417721519
7702,16.89873417721519
7703,16.89113924050633
7704,16.883544303797468
7705,16.87594936708861
7706,16.868354430379746
7707,16.860759493670887
7708,16.860759493670887
7709,16.860759493670887
7710,16.860759493670887
7711,16.860759493670887
7712,16.860759493670887
7713,16.860759493670887
7714,16.860759493670887
7715,16.860759493670887
7716,16.860759493670887
7717,16.860759493670887
7718,16.860759493670887
7719,16.860759493670887
7720,16.860759493670887
7721,16.860759493670887
7722,16.860759493670887
7723,16.860759493670887
7724,16.853164556962025
7725,16.845569620253166
7726,16.837974683544303
7727,16.830379746835444
7728,16.82278481012658
7729,16.82278481012658
7730,16.82278481012658
7731,16.82278481012658
7732,16.82278481012658
7733,16.82278481012658
7734,16.82278481012658
7735,16.82278481012658
7736,16.82278481012658
7737,16.82278481012658
7738,16.82278481012658
7739,16.82278481012658
7740,16.82278481012658
7741,16.82278481012658
7742,16.82278481012658
7743,16.82278481012658
7744,16.82278481012658
7745,16.82278481012658
7746,16.82278481012658
7747,16.82278481012658
7748,16.82278481012658
7749,16.82278481012658
7750,16.82278481012658
7751,16.82278481012658
7752,16.82278481012658
7753,16.82278481012658
7754,16.82278481012658
7755,16.82278481012658
7756,16.82278481012658
7757,16.82278481012658
7758,16.82278481012658
7759,16.82278481012658
7760,16.815189873417722
7761,16.80759493670886
7762,16.8
7763,16.792405063291138
7764,16.78481012658228
7765,16.78481012658228
7766,16.78481012658228
7767,16.78481012658228
7768,16.78481012658228
7769,16.78481012658228
7770,16.78481012658228
7771,16.78481012658228
7772,16.78481012658228
7773,16.78481012658228
7774,16.78481012658228
7775,16.78481012658228
7776,16.78481012658228
7777,16.78481012658228
7778,16.78481012658228
7779,16.78481012658228
7780,16.78481012658228
7781,16.777215189873417
7782,16.769620253164558
7783,16.762025316455695
7784,16.754430379746836
7785,16.746835443037973
7786,16.746835443037973
7787,16.746835443037973
7788,16.746835443037973
7789,16.746835443037973
7790,16.746835443037973
7791,16.746835443037973
7792,16.746835443037973
7793,16.746835443037973
7794,16.746835443037973
7795,16.746835443037973
7796,16.746835443037973
7797,16.746835443037973
7798,16.746835443037973
7799,16.746835443037973
7800,16.746835443037973
7801,16.746835443037973
7802,16.746835443037973
7803,16.746835443037973
7804,16.746835443037973
7805,16.746835443037973
7806,16.746835443037973
7807,16.746835443037973
7808,16.746835443037973
7809,16.746835443037973
7810,16.746835443037973
7811,16.746835443037973
7812,16.746835443037973
7813,16.746835443037973
7814,16.746835443037973
7815,16.746835443037973
7816,16.746835443037973
7817,16.746835443037973
7818,16.746835443037973
7819,16.746835443037973
7820,16.746835443037973
7821,16.746835443037973
7822,16.746835443037973
7823,16.746835443037973
7824,16.746835443037973
7825,16.746835443037973
7826,16.746835443037973
7827,16.746835443037973
7828,16.746835443037973
7829,16.746835443037973
7830,16.746835443037973
7831,16.746835443037973
7832,16.746835443037973
7833,16.746835443037973
7834,16.746835443037973
7835,16.746835443037973
7836,16.746835443037973
7837,16.746835443037973
7838,16.746835443037973
7839,16.746835443037973
7840,16.746835443037973
7841,16.746835443037973
7842,16.746835443037973
7843,16.746835443037973
7844,16.746835443037973
7845,16.746835443037973
7846,16.746835443037973
7847,16.746835443037973
7848,16.746835443037973
7849,16.746835443037973
7850,16.746835443037973
7851,16.746835443037973
7852,16.746835443037973
7853,16.746835443037973
7854,16.746835443037973
7855,16.746835443037973
7856,16.746835443037973
7857,16.746835443037973
7858,16.746835443037973
7859,16.746835443037973
7860,16.746835443037973
7861,16.746835443037973
7862,16.746835443037973
7863,16.746835443037973
7864,16.746835443037973
7865,16.746835443037973
7866,16.746835443037973
7867,16.746835443037973
7868,16.746835443037973
7869,16.746835443037973
7870,16.746835443037973
7871,16.746835443037973
7872,16.746835443037973
7873,16.746835443037973
7874,16.746835443037973
7875,16.746835443037973
7876,16.746835443037973
7877,16.746835443037973
7878,16.746835443037973
7879,16.746835443037973
7880,16.746835443037973
7881,16.746835443037973
7882,16.746835443037973
7883,16.746835443037973
7884,16.739240506329114
7885,16.731645569620255
7886,16.724050632911393
7887,16.716455696202534
7888,16.708860759493675
7889,16.708860759493675
7890,16.708860759493675
7891,16.708860759493675
7892,16.708860759493675
7893,16.708860759493675
7894,16.708860759493675
7895,16.708860759493675
7896,16.708860759493675
7897,16.708860759493675
7898,16.708860759493675
7899,16.708860759493675
7900,16.708860759493675
7901,16.708860759493675
7902,16.708860759493675
7903,16.708860759493675
7904,16.708860759493675
7905,16.708860759493675
7906,16.708860759493675
7907,16.708860759493675
7908,16.708860759493675
7909,16.708860759493675
7910,16.708860759493675
7911,16.708860759493675
7912,16.708860759493675
7913,16.708860759493675
7914,16.708860759493675
7915,16.708860759493675
7916,16.708860759493675
7917,16.708860759493675
7918,16.708860759493675
7919,16.708860759493675
7920,16.708860759493675
7921,16.708860759493675
7922,16.708860759493675
7923,16.708860759493675
7924,16.708860759493675
7925,16.708860759493675
7926,16.708860759493675
7927,16.708860759493675
7928,16.708860759493675
7929,16.708860759493675
7930,16.708860759493675
7931,16.701265822784812
7932,16.693670886075953
7933,16.68607594936709
7934,16.67848101265823
7935,16.67088607594937
7936,16.67088607594937
7937,16.67088607594937
7938,16.67088607594937
7939,16.67088607594937
7940,16.67088607594937
7941,16.67088607594937
7942,16.67088607594937
7943,16.67088607594937
7944,16.67088607594937
7945,16.67088607594937
7946,16.67088607594937
7947,16.67088607594937
7948,16.67088607594937
7949,16.67088607594937
7950,16.67088607594937
7951,16.67088607594937
7952,16.67088607594937
7953,16.67088607594937
7954,16.67088607594937
7955,16.67088607594937
7956,16.67088607594937
7957,16.67088607594937
7958,16.67088607594937
7959,16.67088607594937
7960,16.67088607594937
7961,16.67088607594937
7962,16.67088607594937
7963,16.67088607594937
7964,16.67088607594937
7965,16.67088607594937
7966,16.67088607594937
7967,16.67088607594937
7968,16.67088607594937
7969,16.67088607594937
7970,16.67088607594937
7971,16.67088607594937
7972,16.67088607594937
7973,16.67088607594937
7974,16.67088607594937
7975,16.67088607594937
7976,16.67088607594937
7977,16.67088607594937
7978,16.67088607594937
7979,16.67088607594937
7980,16.67088607594937
7981,16.67088607594937
7982,16.67088607594937
7983,16.67088607594937
7984,16.67088607594937
7985,16.67088607594937
7986,16.67088607594937
7987,16.67088607594937
7988,16.67088607594937
7989,16.67088607594937
7990,16.67088607594937
7991,16.67088607594937
7992,16.67088607594937
7993,16.66329113924051
7994,16.655696202531647
7995,16.64810126582279
7996,16.640506329113926
7997,16.632911392405067
7998,16.632911392405067
7999,16.632911392405067
8000,16.632911392405067
8001,16.632911392405067
8002,16.632911392405067
8003,16.625316455696204
8004,16.617721518987345
8005,16.610126582278482
8006,16.602531645569623
8007,16.59493670886076
8008,16.59493670886076
8009,16.59493670886076
8010,16.59493670886076
8011,16.59493670886076
8012,16.59493670886076
8013,16.587341772151902
8014,16.57974683544304
8015,16.57215189873418
8016,16.564556962025318
8017,16.55696202531646
8018,16.55696202531646
8019,16.55696202531646
8020,16.55696202531646
8021,16.55696202531646
8022,16.55696202531646
8023,16.55696202531646
8024,16.549367088607596
8025,16.541772151898737
8026,16.534177215189874
8027,16.526582278481015
8028,16.518987341772153
8029,16.518987341772153
8030,16.518987341772153
8031,16.518987341772153
8032,16.518987341772153
8033,16.518987341772153
8034,16.511392405063294
8035,16.50379746835443
8036,16.496202531645572
8037,16.48860759493671
8038,16.48101265822785
8039,16.48101265822785
8040,16.48101265822785
8041,16.48101265822785
8042,16.48101265822785
8043,16.48101265822785
8044,16.46582278481013
8045,16.450632911392407
8046,16.435443037974686
8047,16.420253164556964
8048,16.405063291139243
8049,16.405063291139243
8050,16.405063291139243
8051,16.405063291139243
8052,16.405063291139243
8053,16.405063291139243
8054,16.405063291139243
8055,16.39746835443038
8056,16.38987341772152
8057,16.38227848101266
8058,16.3746835443038
8059,16.367088607594937
8060,16.367088607594937
8061,16.367088607594937
8062,16.367088607594937
8063,16.367088607594937
8064,16.367088607594937
8065,16.367088607594937
8066,16.367088607594937
8067,16.367088607594937
8068,16.367088607594937
8069,16.367088607594937
8070,16.367088607594937
8071,16.367088607594937
8072,16.367088607594937
8073,16.367088607594937
8074,16.367088607594937
8075,16.367088607594937
8076,16.367088607594937
8077,16.367088607594937
8078,16.367088607594937
8079,16.367088607594937
8080,16.367088607594937
8081,16.367088607594937
8082,16.367088607594937
8083,16.367088607594937
8084,16.367088607594937
8085,16.367088607594937
8086,16.367088607594937
8087,16.367088607594937
8088,16.367088607594937
8089,16.367088607594937
8090,16.367088607594937
8091,16.359493670886078
8092,16.351898734177215
8093,16.344303797468356
8094,16.336708860759494
8095,16.329113924050635
8096,16.329113924050635
8097,16.329113924050635
8098,16.329113924050635
8099,16.329113924050635
8100,16.329113924050635
8101,16.329113924050635
8102,16.329113924050635
8103,16.329113924050635
8104,16.329113924050635
8105,16.329113924050635
8106,16.329113924050635
8107,16.329113924050635
8108,16.329113924050635
8109,16.329113924050635
8110,16.329113924050635
8111,16.329113924050635
8112,16.329113924050635
8113,16.329113924050635
8114,16.329113924050635
8115,16.329113924050635
8116,16.329113924050635
8117,16.329113924050635
8118,16.329113924050635
8119,16.329113924050635
8120,16.329113924050635
8121,16.329113924050635
8122,16.329113924050635
8123,16.329113924050635
8124,16.329113924050635
8125,16.329113924050635
8126,16.329113924050635
8127,16.329113924050635
8128,16.329113924050635
8129,16.329113924050635
8130,16.329113924050635
8131,16.329113924050635
8132,16.329113924050635
8133,16.329113924050635
8134,16.329113924050635
8135,16.329113924050635
8136,16.329113924050635
8137,16.329113924050635
8138,16.329113924050635
8139,16.329113924050635
8140,16.329113924050635
8141,16.329113924050635
8142,16.329113924050635
8143,16.329113924050635
8144,16.329113924050635
8145,16.329113924050635
8146,16.329113924050635
8147,16.329113924050635
8148,16.321518987341772
8149,16.313924050632913
8150,16.30632911392405
8151,16.29873417721519
8152,16.29113924050633
8153,16.29113924050633
8154,16.29113924050633
8155,16.29113924050633
8156,16.29113924050633
8157,16.29113924050633
8158,16.29113924050633
8159,16.29113924050633
8160,16.29113924050633
8161,16.29113924050633
8162,16.29113924050633
8163,16.29113924050633
8164,16.29113924050633
8165,16.29113924050633
8166,16.29113924050633
8167,16.29113924050633
8168,16.29113924050633
8169,16.29113924050633
8170,16.29113924050633
8171,16.29113924050633
8172,16.29113924050633
8173,16.29113924050633
8174,16.29113924050633
8175,16.29113924050633
8176,16.29113924050633
8177,16.29113924050633
8178,16.29113924050633
8179,16.29113924050633
8180,16.29113924050633
8181,16.29113924050633
8182,16.29113924050633
8183,16.29113924050633
8184,16.29113924050633
8185,16.29113924050633
8186,16.29113924050633
8187,16.29113924050633
8188,16.29113924050633
8189,16.29113924050633
8190,16.29113924050633
8191,16.29113924050633
8192,16.29113924050633
8193,16.29113924050633
8194,16.29113924050633
8195,16.29113924050633
8196,16.29113924050633
8197,16.29113924050633
8198,16.29113924050633
8199,16.29113924050633
8200,16.29113924050633
8201,16.29113924050633
8202,16.29113924050633
8203,16.29113924050633
8204,16.29113924050633
8205,16.29113924050633
8206,16.29113924050633
8207,16.29113924050633
8208,16.29113924050633
8209,16.29113924050633
8210,16.29113924050633
8211,16.29113924050633
8212,16.29113924050633
8213,16.29113924050633
8214,16.29113924050633
8215,16.29113924050633
8216,16.29113924050633
8217,16.29113924050633
8218,16.29113924050633
8219,16.29113924050633
8220,16.29113924050633
8221,16.29113924050633
8222,16.29113924050633
8223,16.29113924050633
8224,16.29113924050633
8225,16.29113924050633
8226,16.29113924050633
8227,16.29113924050633
8228,16.29113924050633
8229,16.29113924050633
8230,16.29113924050633
8231,16.29113924050633
8232,16.29113924050633
8233,16.29113924050633
8234,16.29113924050633
8235,16.29113924050633
8236,16.29113924050633
8237,16.29113924050633
8238,16.29113924050633
8239,16.29113924050633
8240,16.29113924050633
8241,16.29113924050633
8242,16.29113924050633
8243,16.29113924050633
8244,16.29113924050633
8245,16.29113924050633
8246,16.29113924050633
8247,16.29113924050633
8248,16.29113924050633
8249,16.29113924050633
8250,16.29113924050633
8251,16.29113924050633
8252,16.29113924050633
8253,16.29113924050633
8254,16.29113924050633
8255,16.29113924050633
8256,16.29113924050633
8257,16.29113924050633
8258,16.29113924050633
8259,16.29113924050633
8260,16.29113924050633
8261,16.29113924050633
8262,16.29113924050633
8263,16.29113924050633
8264,16.29113924050633
8265,16.29113924050633
8266,16.29113924050633
8267,16.29113924050633
8268,16.29113924050633
8269,16.29113924050633
8270,16.29113924050633
8271,16.29113924050633
8272,16.29113924050633
8273,16.29113924050633
8274,16.29113924050633
8275,16.29113924050633
8276,16.29113924050633
8277,16.29113924050633
8278,16.29113924050633
8279,16.29113924050633
8280,16.29113924050633
8281,16.29113924050633
8282,16.29113924050633
8283,16.29113924050633
8284,16.29113924050633
8285,16.29113924050633
8286,16.29113924050633
8287,16.29113924050633
8288,16.29113924050633
8289,16.29113924050633
8290,16.29113924050633
8291,16.29113924050633
8292,16.29113924050633
8293,16.29113924050633
8294,16.29113924050633
8295,16.29113924050633
8296,16.29113924050633
8297,16.29113924050633
8298,16.29113924050633
8299,16.29113924050633
8300,16.29113924050633
8301,16.29113924050633
8302,16.29113924050633
8303,16.29113924050633
8304,16.29113924050633
8305,16.29113924050633
8306,16.29113924050633
8307,16.29113924050633
8308,16.28354430379747
8309,16.275949367088607
8310,16.26835443037975
8311,16.260759493670886
8312,16.253164556962027
8313,16.253164556962027
8314,16.253164556962027
8315,16.253164556962027
8316,16.253164556962027
8317,16.253164556962027
8318,16.253164556962027
8319,16.253164556962027
8320,16.253164556962027
8321,16.253164556962027
8322,16.253164556962027
8323,16.245569620253164
8324,16.237974683544305
8325,16.230379746835442
8326,16.222784810126583
8327,16.21518987341772
8328,16.21518987341772
8329,16.21518987341772
8330,16.21518987341772
8331,16.21518987341772
8332,16.21518987341772
8333,16.21518987341772
8334,16.21518987341772
8335,16.21518987341772
8336,16.21518987341772
8337,16.21518987341772
8338,16.21518987341772
8339,16.21518987341772
8340,16.21518987341772
8341,16.21518987341772
8342,16.21518987341772
8343,16.21518987341772
8344,16.21518987341772
8345,16.21518987341772
8346,16.21518987341772
8347,16.21518987341772
8348,16.21518987341772
8349,16.207594936708862
8350,16.2
8351,16.19240506329114
8352,16.184810126582278
8353,16.17721518987342
8354,16.17721518987342
8355,16.17721518987342
8356,16.17721518987342
8357,16.17721518987342
8358,16.17721518987342
8359,16.17721518987342
8360,16.17721518987342
8361,16.17721518987342
8362,16.17721518987342
8363,16.17721518987342
8364,16.17721518987342
8365,16.17721518987342
8366,16.17721518987342
8367,16.17721518987342
8368,16.17721518987342
8369,16.17721518987342
8370,16.169620253164556
8371,16.162025316455697
8372,16.154430379746834
8373,16.146835443037975
8374,16.139240506329113
8375,16.139240506329113
8376,16.139240506329113
8377,16.139240506329113
8378,16.139240506329113
8379,16.139240506329113
8380,16.139240506329113
8381,16.139240506329113
8382,16.139240506329113
8383,16.139240506329113
8384,16.139240506329113
8385,16.131645569620254
8386,16.12405063291139
8387,16.116455696202532
8388,16.10886075949367
8389,16.10126582278481
8390,16.10126582278481
8391,16.10126582278481
8392,16.10126582278481
8393,16.10126582278481
8394,16.10126582278481
8395,16.10126582278481
8396,16.093670886075948
8397,16.08607594936709
8398,16.078481012658226
8399,16.070886075949367
8400,16.063291139240505
8401,16.063291139240505
8402,16.063291139240505
8403,16.063291139240505
8404,16.063291139240505
8405,16.063291139240505
8406,16.063291139240505
8407,16.063291139240505
8408,16.063291139240505
8409,16.063291139240505
8410,16.063291139240505
8411,16.055696202531646
8412,16.048101265822783
8413,16.040506329113924
8414,16.03291139240506
8415,16.025316455696203
8416,16.03291139240506
8417,16.040506329113924
8418,16.048101265822783
8419,16.055696202531646
8420,16.063291139240505
8421,16.056962025316455
8422,16.050632911392405
8423,16.044303797468352
8424,16.037974683544302
8425,16.031645569620252
8426,16.025316455696203
8427,16.025316455696203
8428,16.025316455696203
8429,16.025316455696203
8430,16.025316455696203
8431,16.025316455696203
8432,16.01772151898734
8433,16.01012658227848
8434,16.00253164556962
8435,15.994936708860758
8436,15.987341772151897
8437,15.987341772151897
8438,15.987341772151897
8439,15.987341772151897
8440,15.987341772151897
8441,15.987341772151897
8442,15.987341772151897
8443,15.987341772151897
8444,15.987341772151897
8445,15.987341772151897
8446,15.987341772151897
8447,15.979746835443036
8448,15.972151898734175
8449,15.964556962025314
8450,15.956962025316454
8451,15.949367088607593
8452,15.949367088607593
8453,15.949367088607593
8454,15.949367088607593
8455,15.949367088607593
8456,15.949367088607593
8457,15.949367088607593
8458,15.941772151898732
8459,15.934177215189871
8460,15.92658227848101
8461,15.91898734177215
8462,15.911392405063289
8463,15.903797468354428
8464,15.896202531645567
8465,15.888607594936706
8466,15.881012658227846
8467,15.873417721518985
8468,15.858227848101263
8469,15.843037974683542
8470,15.82784810126582
8471,15.812658227848098
8472,15.797468354430377
8473,15.797468354430377
8474,15.797468354430377
8475,15.797468354430377
8476,15.797468354430377
8477,15.797468354430377
8478,15.789873417721516
8479,15.782278481012657
8480,15.774683544303796
8481,15.767088607594937
8482,15.759493670886076
8483,15.753164556962027
8484,15.746835443037975
8485,15.740506329113924
8486,15.734177215189874
8487,15.727848101265824
8488,15.721518987341772
8489,15.70632911392405
8490,15.69113924050633
8491,15.675949367088608
8492,15.660759493670886
8493,15.645569620253164
8494,15.630379746835443
8495,15.615189873417721
8496,15.6
8497,15.584810126582278
8498,15.569620253164556
8499,15.554430379746835
8500,15.539240506329113
8501,15.524050632911392
8502,15.50886075949367
8503,15.493670886075948
8504,15.493670886075948
8505,15.493670886075948
8506,15.493670886075948
8507,15.493670886075948
8508,15.493670886075948
8509,15.478481012658227
8510,15.463291139240507
8511,15.448101265822785
8512,15.432911392405066
8513,15.417721518987344
8514,15.417721518987344
8515,15.417721518987344
8516,15.417721518987344
8517,15.417721518987344
8518,15.417721518987344
8519,15.417721518987344
8520,15.402531645569622
8521,15.3873417721519
8522,15.37215189873418
8523,15.356962025316458
8524,15.341772151898736
8525,15.341772151898736
8526,15.341772151898736
8527,15.341772151898736
8528,15.341772151898736
8529,15.341772151898736
8530,15.334177215189875
8531,15.326582278481014
8532,15.318987341772154
8533,15.311392405063293
8534,15.303797468354432
8535,15.296202531645571
8536,15.28860759493671
8537,15.28101265822785
8538,15.273417721518989
8539,15.265822784810128
8540,15.265822784810128
8541,15.265822784810128
8542,15.265822784810128
8543,15.265822784810128
8544,15.265822784810128
8545,15.253164556962027
8546,15.240506329113925
8547,15.227848101265824
8548,15.215189873417723
8549,15.202531645569621
8550,15.18987341772152
8551,15.18227848101266
8552,15.174683544303798
8553,15.167088607594938
8554,15.159493670886077
8555,15.151898734177216
8556,15.144303797468355
8557,15.136708860759494
8558,15.129113924050634
8559,15.121518987341773
8560,15.113924050632912
8561,15.106329113924051
8562,15.09873417721519
8563,15.09113924050633
8564,15.083544303797469
8565,15.075949367088608
8566,15.068354430379747
8567,15.060759493670886
8568,15.053164556962026
8569,15.045569620253165
8570,15.037974683544304
8571,15.022784810126582
8572,15.00759493670886
8573,14.99240506329114
8574,14.977215189873418
8575,14.962025316455696
8576,14.962025316455696
8577,14.962025316455696
8578,14.962025316455696
8579,14.962025316455696
8580,14.962025316455696
8581,14.962025316455696
8582,14.954430379746835
8583,14.946835443037974
8584,14.939240506329114
8585,14.931645569620253
8586,14.924050632911392
8587,14.916455696202531
8588,14.90886075949367
8589,14.90126582278481
8590,14.893670886075949
8591,14.886075949367088
8592,14.886075949367088
8593,14.886075949367088
8594,14.886075949367088
8595,14.886075949367088
8596,14.886075949367088
8597,14.870886075949366
8598,14.855696202531645
8599,14.840506329113923
8600,14.825316455696202
8601,14.81012658227848
8602,14.81012658227848
8603,14.81012658227848
8604,14.81012658227848
8605,14.81012658227848
8606,14.81012658227848
8607,14.803797468354428
8608,14.797468354430379
8609,14.791139240506329
8610,14.784810126582277
8611,14.778481012658226
8612,14.772151898734176
8613,14.772151898734176
8614,14.772151898734176
8615,14.772151898734176
8616,14.772151898734176
8617,14.772151898734176
8618,14.764556962025315
8619,14.756962025316454
8620,14.749367088607594
8621,14.741772151898733
8622,14.734177215189872
8623,14.734177215189872
8624,14.734177215189872
8625,14.734177215189872
8626,14.734177215189872
8627,14.734177215189872
8628,14.734177215189872
8629,14.734177215189872
8630,14.734177215189872
8631,14.734177215189872
8632,14.734177215189872
8633,14.726582278481011
8634,14.71898734177215
8635,14.71139240506329
8636,14.703797468354429
8637,14.696202531645568
8638,14.696202531645568
8639,14.696202531645568
8640,14.696202531645568
8641,14.696202531645568
8642,14.696202531645568
8643,14.696202531645568
8644,14.696202531645568
8645,14.696202531645568
8646,14.696202531645568
8647,14.696202531645568
8648,14.696202531645568
8649,14.688607594936707
8650,14.681012658227848
8651,14.673417721518987
8652,14.665822784810128
8653,14.658227848101268
8654,14.658227848101268
8655,14.658227848101268
8656,14.658227848101268
8657,14.658227848101268
8658,14.658227848101268
8659,14.643037974683546
8660,14.627848101265824
8661,14.612658227848103
8662,14.597468354430381
8663,14.58227848101266
8664,14.58227848101266
8665,14.58227848101266
8666,14.58227848101266
8667,14.58227848101266
8668,14.58227848101266
8669,14.569620253164558
8670,14.556962025316457
8671,14.544303797468356
8672,14.531645569620254
8673,14.518987341772153
8674,14.506329113924052
8675,14.49873417721519
8676,14.49113924050633
8677,14.48354430379747
8678,14.475949367088608
8679,14.468354430379748
8680,14.460759493670887
8681,14.453164556962026
8682,14.445569620253165
8683,14.437974683544304
8684,14.430379746835444
8685,14.430379746835444
8686,14.430379746835444
8687,14.430379746835444
8688,14.430379746835444
8689,14.430379746835444
8690,14.415189873417722
8691,14.4
8692,14.384810126582279
8693,14.369620253164557
8694,14.354430379746836
8695,14.354430379746836
8696,14.354430379746836
8697,14.354430379746836
8698,14.354430379746836
8699,14.354430379746836
8700,14.348101265822784
8701,14.341772151898734
8702,14.335443037974684
8703,14.329113924050633
8704,14.322784810126581
8705,14.316455696202532
8706,14.30886075949367
8707,14.30126582278481
8708,14.29367088607595
8709,14.286075949367088
8710,14.278481012658228
8711,14.270886075949367
8712,14.263291139240506
8713,14.255696202531645
8714,14.248101265822784
8715,14.240506329113924
8716,14.240506329113924
8717,14.240506329113924
8718,14.240506329113924
8719,14.240506329113924
8720,14.240506329113924
8721,14.232911392405063
8722,14.225316455696202
8723,14.217721518987341
8724,14.21012658227848
8725,14.20253164556962
8726,14.194936708860759
8727,14.187341772151898
8728,14.179746835443037
8729,14.172151898734176
8730,14.164556962025316
8731,14.158227848101266
8732,14.151898734177214
8733,14.145569620253163
8734,14.139240506329113
8735,14.132911392405063
8736,14.126582278481012
8737,14.126582278481012
8738,14.126582278481012
8739,14.126582278481012
8740,14.126582278481012
8741,14.126582278481012
8742,14.11898734177215
8743,14.11139240506329
8744,14.10379746835443
8745,14.096202531645568
8746,14.088607594936708
8747,14.081012658227847
8748,14.073417721518988
8749,14.065822784810127
8750,14.058227848101268
8751,14.050632911392407
8752,14.043037974683546
8753,14.035443037974686
8754,14.027848101265825
8755,14.020253164556964
8756,14.012658227848103
8757,14.005063291139242
8758,13.997468354430382
8759,13.98987341772152
8760,13.98227848101266
8761,13.974683544303799
8762,13.974683544303799
8763,13.974683544303799
8764,13.974683544303799
8765,13.974683544303799
8766,13.974683544303799
8767,13.974683544303799
8768,13.967088607594938
8769,13.959493670886078
8770,13.951898734177217
8771,13.944303797468356
8772,13.936708860759495
8773,13.929113924050634
8774,13.921518987341774
8775,13.913924050632913
8776,13.906329113924052
8777,13.898734177215191
8778,13.88354430379747
8779,13.868354430379748
8780,13.853164556962026
8781,13.837974683544305
8782,13.822784810126583
8783,13.815189873417722
8784,13.807594936708862
8785,13.8
8786,13.79240506329114
8787,13.784810126582279
8788,13.769620253164558
8789,13.754430379746836
8790,13.739240506329114
8791,13.724050632911393
8792,13.708860759493671
8793,13.69620253164557
8794,13.683544303797468
8795,13.670886075949367
8796,13.658227848101266
8797,13.645569620253164
8798,13.632911392405063
8799,13.617721518987342
8800,13.60253164556962
8801,13.587341772151898
8802,13.572151898734177
8803,13.556962025316455
8804,13.549367088607594
8805,13.541772151898734
8806,13.534177215189873
8807,13.526582278481012
8808,13.518987341772151
8809,13.50379746835443
8810,13.488607594936708
8811,13.473417721518986
8812,13.458227848101265
8813,13.443037974683543
8814,13.435443037974682
8815,13.427848101265823
8816,13.420253164556962
8817,13.412658227848103
8818,13.405063291139243
8819,13.389873417721521
8820,13.3746835443038
8821,13.359493670886078
8822,13.344303797468356
8823,13.329113924050635
8824,13.316455696202533
8825,13.303797468354432
8826,13.29113924050633
8827,13.27848101265823
8828,13.265822784810128
8829,13.253164556962027
8830,13.237974683544305
8831,13.222784810126583
8832,13.207594936708862
8833,13.19240506329114
8834,13.177215189873419
8835,13.162025316455697
8836,13.146835443037975
8837,13.131645569620254
8838,13.116455696202532
8839,13.10126582278481
8840,13.086075949367089
8841,13.070886075949367
8842,13.055696202531646
8843,13.040506329113924
8844,13.025316455696203
8845,13.017721518987342
8846,13.010126582278481
8847,13.00253164556962
8848,12.99493670886076
8849,12.987341772151899
8850,12.972151898734177
8851,12.956962025316455
8852,12.941772151898734
8853,12.926582278481012
8854,12.91139240506329
8855,12.89873417721519
8856,12.886075949367088
8857,12.873417721518987
8858,12.860759493670885
8859,12.848101265822784
8860,12.835443037974683
8861,12.827848101265822
8862,12.820253164556963
8863,12.812658227848102
8864,12.805063291139243
8865,12.797468354430382
8866,12.789873417721521
8867,12.78227848101266
8868,12.774683544303798
8869,12.767088607594937
8870,12.759493670886076
8871,12.751898734177216
8872,12.744303797468355
8873,12.736708860759496
8874,12.729113924050635
8875,12.721518987341774
8876,12.713924050632913
8877,12.706329113924053
8878,12.69873417721519
8879,12.69113924050633
8880,12.683544303797468
8881,12.668354430379747
8882,12.653164556962025
8883,12.637974683544304
8884,12.622784810126582
8885,12.60759493670886
8886,12.60759493670886
8887,12.60759493670886
8888,12.60759493670886
8889,12.60759493670886
8890,12.60759493670886
8891,12.60759493670886
8892,12.592405063291139
8893,12.577215189873417
8894,12.562025316455696
8895,12.546835443037974
8896,12.531645569620252
8897,12.51645569620253
8898,12.50126582278481
8899,12.486075949367088
8900,12.470886075949366
8901,12.455696202531644
8902,12.455696202531644
8903,12.455696202531644
8904,12.455696202531644
8905,12.455696202531644
8906,12.455696202531644
8907,12.440506329113923
8908,12.425316455696201
8909,12.41012658227848
8910,12.394936708860758
8911,12.379746835443036
8912,12.379746835443036
8913,12.379746835443036
8914,12.379746835443036
8915,12.379746835443036
8916,12.379746835443036
8917,12.367088607594935
8918,12.354430379746834
8919,12.341772151898732
8920,12.329113924050631
8921,12.31645569620253
8922,12.303797468354428
8923,12.303797468354428
8924,12.303797468354428
8925,12.303797468354428
8926,12.303797468354428
8927,12.303797468354428
8928,12.288607594936707
8929,12.273417721518985
8930,12.258227848101264
8931,12.243037974683542
8932,12.22784810126582
8933,12.22784810126582
8934,12.22784810126582
8935,12.22784810126582
8936,12.22784810126582
8937,12.22784810126582
8938,12.212658227848099
8939,12.197468354430379
8940,12.182278481012657
8941,12.167088607594938
8942,12.151898734177216
8943,12.151898734177216
8944,12.151898734177216
8945,12.151898734177216
8946,12.151898734177216
8947,12.151898734177216
8948,12.139240506329115
8949,12.126582278481013
8950,12.113924050632912
8951,12.10126582278481
8952,12.08860759493671
8953,12.075949367088608
8954,12.068354430379747
8955,12.060759493670886
8956,12.053164556962026
8957,12.045569620253165
8958,12.037974683544304
8959,12.030379746835443
8960,12.022784810126582
8961,12.015189873417722
8962,12.00759493670886
8963,12.0
8964,11.984810126582278
8965,11.969620253164557
8966,11.954430379746835
8967,11.939240506329114
8968,11.924050632911392
8969,11.916455696202531
8970,11.90886075949367
8971,11.90126582278481
8972,11.893670886075949
8973,11.886075949367088
8974,11.878481012658227
8975,11.870886075949366
8976,11.863291139240506
8977,11.855696202531645
8978,11.848101265822784
8979,11.835443037974683
8980,11.822784810126581
8981,11.81012658227848
8982,11.797468354430379
8983,11.784810126582277
8984,11.772151898734176
8985,11.756962025316454
8986,11.741772151898733
8987,11.726582278481011
8988,11.71139240506329
8989,11.696202531645568
8990,11.696202531645568
8991,11.696202531645568
8992,11.696202531645568
8993,11.696202531645568
8994,11.696202531645568
8995,11.681012658227846
8996,11.665822784810125
8997,11.650632911392403
8998,11.635443037974682
8999,11.62025316455696
9000,11.62025316455696
9001,11.62025316455696
9002,11.62025316455696
9003,11.62025316455696
9004,11.62025316455696
9005,11.605063291139238
9006,11.589873417721519
9007,11.574683544303797
9008,11.559493670886077
9009,11.544303797468356
9010,11.544303797468356
9011,11.544303797468356
9012,11.544303797468356
9013,11.544303797468356
9014,11.544303797468356
9015,11.544303797468356
9016,11.529113924050634
9017,11.513924050632912
9018,11.49873417721519
9019,11.48354430379747
9020,11.468354430379748
9021,11.468354430379748
9022,11.468354430379748
9023,11.468354430379748
9024,11.468354430379748
9025,11.468354430379748
9026,11.453164556962026
9027,11.437974683544304
9028,11.422784810126583
9029,11.407594936708861
9030,11.39240506329114
9031,11.39240506329114
9032,11.39240506329114
9033,11.39240506329114
9034,11.39240506329114
9035,11.39240506329114
9036,11.384810126582279
9037,11.377215189873418
9038,11.369620253164557
9039,11.362025316455696
9040,11.354430379746836
9041,11.348101265822784
9042,11.341772151898734
9043,11.335443037974684
9044,11.329113924050633
9045,11.322784810126581
9046,11.316455696202532
9047,11.316455696202532
9048,11.316455696202532
9049,11.316455696202532
9050,11.316455696202532
9051,11.316455696202532
9052,11.30886075949367
9053,11.30126582278481
9054,11.29367088607595
9055,11.286075949367088
9056,11.278481012658228
9057,11.278481012658228
9058,11.278481012658228
9059,11.278481012658228
9060,11.278481012658228
9061,11.278481012658228
9062,11.278481012658228
9063,11.278481012658228
9064,11.278481012658228
9065,11.278481012658228
9066,11.278481012658228
9067,11.270886075949367
9068,11.263291139240506
9069,11.255696202531645
9070,11.248101265822784
9071,11.240506329113924
9072,11.240506329113924
9073,11.240506329113924
9074,11.240506329113924
9075,11.240506329113924
9076,11.240506329113924
9077,11.240506329113924
9078,11.240506329113924
9079,11.240506329113924
9080,11.240506329113924
9081,11.240506329113924
9082,11.240506329113924
9083,11.240506329113924
9084,11.240506329113924
9085,11.240506329113924
9086,11.240506329113924
9087,11.240506329113924
9088,11.240506329113924
9089,11.240506329113924
9090,11.240506329113924
9091,11.240506329113924
9092,11.240506329113924
9093,11.240506329113924
9094,11.240506329113924
9095,11.240506329113924
9096,11.240506329113924
9097,11.240506329113924
9098,11.240506329113924
9099,11.240506329113924
9100,11.240506329113924
9101,11.240506329113924
9102,11.240506329113924
9103,11.240506329113924
9104,11.240506329113924
9105,11.240506329113924
9106,11.240506329113924
9107,11.240506329113924
9108,11.240506329113924
9109,11.240506329113924
9110,11.240506329113924
9111,11.240506329113924
9112,11.240506329113924
9113,11.240506329113924
9114,11.240506329113924
9115,11.240506329113924
9116,11.240506329113924
9117,11.240506329113924
9118,11.240506329113924
9119,11.240506329113924
9120,11.240506329113924
9121,11.240506329113924
9122,11.240506329113924
9123,11.240506329113924
9124,11.240506329113924
9125,11.240506329113924
9126,11.240506329113924
9127,11.240506329113924
9128,11.240506329113924
9129,11.240506329113924
9130,11.240506329113924
9131,11.240506329113924
9132,11.240506329113924
9133,11.240506329113924
9134,11.240506329113924
9135,11.240506329113924
9136,11.240506329113924
9137,11.240506329113924
9138,11.240506329113924
9139,11.240506329113924
