mid_date,start_date,end_date,volume,elevation,alongshore_centroid_m,alongshore_start_m,alongshore_end_m,width,height,vol_unc,month
2017-12-31,2017-10-05,2018-03-29,4.728239659601926,6.470369355072565,3290.970292729906,3290.6523718559183,3291.3797097741626,0.7273379182443023,2.75,0.2152481427484964,12
2017-12-31,2017-10-05,2018-03-29,16.36530690655023,9.131546784794114,3445.2584789523553,3442.188750265166,3448.406433843542,6.217683578375727,6.25,0.1342254333083237,12
2017-12-31,2017-10-05,2018-03-29,4.355099882295345,10.807176253877737,3234.9741505731877,3234.041927715298,3236.4559282069094,2.4140004916116595,1.25,0.1457956513379965,12
2017-12-31,2017-10-05,2018-03-29,2.2747276781329977,13.096612401121089,3006.028157133044,3004.4932935414836,3007.080314454157,2.5870209126733243,3.5,0.0608226884545082,12
2017-12-31,2017-10-05,2018-03-29,2.777452483026702,6.182846180879841,2995.08626047133,2993.608638713602,2996.560021883808,2.9513831702060997,2.75,0.0663059252685094,12
2017-12-31,2017-10-05,2018-03-29,2.7136661416028627,12.687851619007253,2987.750808302781,2987.335764036048,2988.275675214827,0.939911178778857,0.75,0.0722451990586314,12
2017-12-31,2017-10-05,2018-03-29,5.031406098433836,7.006890823017416,2948.833342073146,2947.904489892535,2950.3156505203806,2.4111606278456748,3.5,0.0887598318515092,12
2017-12-31,2017-10-05,2018-03-29,2.4067222638402503,8.424883970913472,4603.806797734023,4601.992015635595,4604.706190016121,2.7141743805259466,2.0,0.0716047680823306,12
2017-12-31,2017-10-05,2018-03-29,3.4812709962751716,7.297235915988288,4569.035661240595,4568.173317959532,4570.037740691565,1.8644227320328357,1.25,0.1166434653911607,12
2017-12-31,2017-10-05,2018-03-29,4.01046743624933,6.943102525046811,5440.31522967502,5439.458627461921,5442.169667083304,2.7110396213829517,4.0,0.1043436380359108,12
2017-12-31,2017-10-05,2018-03-29,11.261880067880108,6.264300723670083,5102.669948794202,5098.297928510234,5112.180874662474,13.882946152240038,3.5,0.0796570333669477,12
2017-12-31,2017-10-05,2018-03-29,3.8420812129119417,23.750365057223128,5043.485312697503,5043.241486897692,5043.967665143311,0.7261782456189394,1.25,0.0174975115493777,12
2017-12-31,2017-10-05,2018-03-29,2.275700555290012,16.042940807332556,5035.956131949139,5033.3585783937015,5038.64479508996,5.286216696258634,1.5,0.0598534310038323,12
2017-12-31,2017-10-05,2018-03-29,5.955000786458886,18.298179737085288,4998.139214076239,4996.823030570056,4999.380113616586,2.557083046529442,0.75,0.0995575386928604,12
2017-12-31,2017-10-05,2018-03-29,3.1119650955244245,7.2634643370925644,4961.884918072407,4959.149575727526,4964.657736776397,5.508161048870534,3.25,0.0635497902836568,12
2017-12-31,2017-10-05,2018-03-29,5.5017830066074245,19.239708296461306,4056.0489225905926,4054.5938906352967,4058.366542245727,3.77265161043033,1.75,0.3466850404119359,12
2017-12-31,2017-10-05,2018-03-29,17.196564444016705,7.983984587602615,4275.536175142667,4272.369762278628,4279.865999417845,7.4962371392175555,6.5,0.1321533573473821,12
2017-12-31,2017-10-05,2018-03-29,2.517486269142805,6.975496590825386,4409.955279375903,4407.46538906917,4412.866304766852,5.400915697682649,1.0,0.0988370921116166,12
2017-12-31,2017-10-05,2018-03-29,4.557570250646816,11.739331946800158,4294.780206161737,4292.869569304865,4297.810211186297,4.940641881432384,1.5,0.1158046791546663,12
2017-12-31,2017-10-05,2018-03-29,4.82181282401204,16.463895208986315,2551.2592865139723,2548.745879511349,2553.8153067892417,5.069427277892828,2.0,0.1308114531493154,12
2017-12-31,2017-10-05,2018-03-29,2.4371036825892793,6.181224327004626,461.2886644688471,442.3428505393677,514.3229818758555,71.98013133648783,1.75,0.075556011130512,12
2017-12-31,2017-10-05,2018-03-29,2.548147188511527,10.26624482533814,731.8617654813287,729.9926319094375,733.8917695279233,3.899137618485838,1.75,0.0616013650947278,12
2017-12-31,2017-10-05,2018-03-29,3.237852652413705,12.861842654610143,958.432257204514,956.7077972055412,986.7843296988868,30.07653249334544,3.25,0.0666773118715746,12
2017-12-31,2017-10-05,2018-03-29,11.456789108355874,13.523722134287196,917.7706495276212,914.2505074236542,921.44212408131,7.191616657655686,4.25,0.1094758143036234,12
2017-12-31,2017-10-05,2018-03-29,3.7683651341946143,12.244121376967062,888.0931818569826,886.3528436650522,889.6065030950122,3.253659429959953,3.25,0.0741517191091412,12
2017-12-31,2017-10-05,2018-03-29,2.5702004443513324,10.462122668096544,909.2328626526232,908.263571124524,910.2185292714277,1.954958146903664,4.0,0.1128547951998948,12
2017-12-31,2017-10-05,2018-03-29,3.0935348366062345,12.632834370761469,985.5594178616336,970.9995481306688,1001.0331999589688,30.033651828300208,2.25,0.0658651666524035,12
2017-12-31,2017-10-05,2018-03-29,2.779558472418217,22.29349653354423,975.8492399355764,970.9995481306688,1001.0331999589688,30.033651828300208,4.0,0.051476810265385,12
2017-12-31,2017-10-05,2018-03-29,5.668969527284895,7.981393499952118,1766.67465544405,1766.4965694914572,1767.0321334050968,0.5355639136396348,1.25,0.0293252119501127,12
2017-12-31,2017-10-05,2018-03-29,3.534616197882779,14.001573859145376,1638.8996510993877,1638.3709936388768,1639.6546914852224,1.2836978463456037,0.75,0.0200584042576884,12
2017-12-31,2017-10-05,2018-03-29,3.1027569237196446,5.439859593158618,1309.0055962049073,1307.6359506566075,1310.6136797573415,2.977729100733995,3.0,0.0609818154930419,12
2017-12-31,2017-10-05,2018-03-29,4.105859922748712,8.677039876722803,1513.7237184806563,1512.897593380883,1514.470374217257,1.5727808363735676,1.25,0.1019434902632976,12
2017-12-31,2017-10-05,2018-03-29,2.1212138141587373,7.500550919085351,1772.5526580296907,1772.252158086747,1773.0831570979208,0.8309990111738443,0.75,0.0400625048382968,12
2017-12-31,2017-10-05,2018-03-29,9.56481101216916,9.15529068096818,1836.4651844951725,1836.0822865674272,1837.0316508379765,0.9493642705492676,1.0,0.3081162800434756,12
2017-12-31,2017-10-05,2018-03-29,2.880432694682535,10.984592257322218,1169.0452193175204,1167.2025033053942,1171.1852795481682,3.98277624277398,3.25,0.0735409050842206,12
2017-12-31,2017-10-05,2018-03-29,2.2668510162248183,9.852772296575043,1206.888504095951,1204.8073945054784,1209.0181584409438,4.210763935465366,2.0,0.0682923256542322,12
2018-07-04,2018-03-29,2018-10-10,3.2565317743836624,7.0952502430271736,4147.95007755385,4146.661691326182,4149.327733013313,2.666041687130928,2.5,0.0568391123811601,7
2018-07-04,2018-03-29,2018-10-10,2.28586297087716,15.113329177425472,3784.0478538382094,3783.6174718001857,3784.58136138739,0.9638895872049034,1.5,0.0530969536185882,7
2018-07-04,2018-03-29,2018-10-10,3.2969140597505495,5.861280120541946,3556.3735600851255,3555.8083103443496,3557.213260166347,1.404949821997434,1.0,0.0699441684007096,7
2018-07-04,2018-03-29,2018-10-10,3.718201879919637,8.69850065435635,4596.54463743536,4594.523031741381,4598.32396666985,3.80093492846936,2.5,0.0791892635216262,7
2018-07-04,2018-03-29,2018-10-10,2.3652536885648963,7.317618610014707,4473.0410480558685,4471.432961880695,4474.200707591604,2.7677457109093666,2.25,0.0511949722234883,7
2018-07-04,2018-03-29,2018-10-10,2.3955538251892663,10.998842165253814,1538.245011878987,1537.9976171529852,1538.7559486054815,0.7583314524963498,0.75,0.1531520748932857,7
2018-07-04,2018-03-29,2018-10-10,2.5638926289770754,22.826663048390177,1576.9568909657708,1576.7539912411012,1577.526681539137,0.7726902980357409,0.75,0.0400132666566271,7
2018-07-04,2018-03-29,2018-10-10,2.2495302792110476,22.93480965962566,1585.3329847414548,1585.0721590062603,1585.8445158451796,0.7723568389192224,0.75,0.0837687917482588,7
2018-12-19,2018-10-10,2019-02-28,4.16311514691431,11.751957707184072,3947.231171948169,3946.9891004967503,3947.700762491208,0.7116619944572449,0.75,0.1275493880164013,12
2018-12-19,2018-10-10,2019-02-28,3.8848391938238778,6.780618635750902,3771.661960399264,3760.696632455103,3801.594888630789,40.898256175685674,2.25,0.069412821782353,12
2018-12-19,2018-10-10,2019-02-28,3.1773178348656463,7.307770391475741,3765.274544044799,3754.3528417921625,3792.235421625432,37.88257983326912,2.75,0.0646489778695946,12
2018-12-19,2018-10-10,2019-02-28,2.1476806714508214,6.059642450999463,3757.196006427244,3745.5892465482466,3783.166781175416,37.57753462716937,2.0,0.0520675865716374,12
2018-12-19,2018-10-10,2019-02-28,25.011511301475856,18.3436960261389,4231.906954414305,4230.377670250367,4233.92517079832,3.54750054795295,3.0,0.0681198638681179,12
2018-12-19,2018-10-10,2019-02-28,39.74431857325296,10.821071898684677,4234.25562604075,4232.268531086389,4236.916938379407,4.648407293017954,5.0,0.1236457599131313,12
2018-12-19,2018-10-10,2019-02-28,12.750051853490184,10.25917990453334,4230.158809276915,4227.542426842265,4232.271186133381,4.728759291116148,2.75,0.0952895580124779,12
2018-12-19,2018-10-10,2019-02-28,99.797550641065,14.390836490302764,4229.8971100894305,4225.074533134233,4234.161633104552,9.087099970318375,6.25,0.1871837461329928,12
2018-12-19,2018-10-10,2019-02-28,2.1439460534483943,6.081184110155751,4217.224535608918,4215.295103833079,4219.170057604555,3.8749537714757025,2.75,0.0604311893784503,12
2018-12-19,2018-10-10,2019-02-28,2.2371573003894176,5.834968610594514,4069.197535930528,4067.603353482671,4071.155310763512,3.5519572808407247,3.75,0.0590333831846534,12
2018-12-19,2018-10-10,2019-02-28,30.44864515780202,6.031423122055708,3559.044860893029,3555.5755270873196,3568.430245521944,12.854718434624374,6.5,0.1796278353234548,12
2018-12-19,2018-10-10,2019-02-28,40.80615820945437,5.947818361352038,3715.0014224901392,3706.6681653140113,3736.5156952952966,29.847529981285337,5.75,0.1720331092209059,12
2018-12-19,2018-10-10,2019-02-28,14.877398735413516,6.193606779279045,3578.506686257602,3575.768922444433,3581.224510445725,5.455588001292199,6.25,0.1242662635223856,12
2018-12-19,2018-10-10,2019-02-28,9.999237212856888,7.369453913631792,3571.0487118584974,3569.367644744925,3572.887272348162,3.519627603236586,6.5,0.0976657488039867,12
2018-12-19,2018-10-10,2019-02-28,4.136373865402676,15.836304249519854,4235.956389897045,4235.548246546648,4236.680472857319,1.1322263106703758,1.5,0.0255063143138173,12
2018-12-19,2018-10-10,2019-02-28,4.404370406813231,5.722372557396369,3589.7268795585933,3588.1499126031995,3591.9265287322924,3.776616129092872,4.5,0.0801892841566564,12
2018-12-19,2018-10-10,2019-02-28,3.039286274662409,5.494266737121534,4249.219571607636,4245.626149530988,4253.44066856103,7.814519030041993,1.25,0.0680370360766857,12
2018-12-19,2018-10-10,2019-02-28,2.7906315344688486,7.231860476065636,5098.534591938133,5097.071834310424,5100.249137117993,3.177302807569504,3.25,0.0552554740563709,12
2018-12-19,2018-10-10,2019-02-28,5.7377942257128565,7.381259509484104,5084.010676006337,5082.601688699331,5085.37545108702,2.773762387689203,4.0,0.078326256884027,12
2018-12-19,2018-10-10,2019-02-28,4.763031693685503,6.827779272812006,5003.923359082607,5002.011025593616,5005.466515643522,3.455490049906075,3.5,0.0653630382956971,12
2018-12-19,2018-10-10,2019-02-28,18.384148243733904,5.921449863565537,4881.311418894284,4870.590037542395,4898.817845445592,28.227807903196663,5.0,0.1419597720110088,12
2018-12-19,2018-10-10,2019-02-28,2.7464593281991405,5.312971387382261,4848.991572515035,4848.230330962688,4850.188398587983,1.9580676252953708,4.25,0.0613113111966068,12
2018-12-19,2018-10-10,2019-02-28,3.796290053052772,6.120184706374258,5602.466655229709,5599.968578652013,5604.732407736126,4.76382908411324,4.5,0.0722104703353543,12
2018-12-19,2018-10-10,2019-02-28,4.783749378508589,5.517701392982047,5480.842508764392,5478.104087888263,5484.169183560647,6.0650956723839045,3.0,0.0731435751708597,12
2018-12-19,2018-10-10,2019-02-28,71.22187658175278,6.913180716446916,5468.192485388538,5448.620136828627,5492.130438688211,43.510301859583706,7.75,0.2516609599235009,12
2018-12-19,2018-10-10,2019-02-28,5.334880883782729,5.177056297216417,5443.801640962972,5440.646365921479,5460.850715995766,20.204350074287504,2.75,0.0676698641936246,12
2018-12-19,2018-10-10,2019-02-28,6.286534149295613,7.597800569630272,5423.034195739493,5417.013691662345,5436.16483050352,19.151138841174543,4.0,0.0911417182105911,12
2018-12-19,2018-10-10,2019-02-28,2.764860741220042,7.265734554999605,4569.421062287133,4568.6510310722515,4570.2861554794945,1.6351244072429836,0.75,0.0606459834705519,12
2018-12-19,2018-10-10,2019-02-28,3.863833587529092,6.953957622660416,4411.501410230801,4407.70180273708,4415.466496936977,7.764694199897349,1.25,0.1004820503407899,12
2018-12-19,2018-10-10,2019-02-28,4.320678246255219,14.942285228169933,4305.28734170618,4304.2003200692125,4306.385901750997,2.1855816817842424,1.5,0.0441798804731269,12
2018-12-19,2018-10-10,2019-02-28,2.8094715484621933,14.951545271788891,4303.542318874655,4303.018403768074,4304.439209487755,1.4208057196810842,1.0,0.0301779647862154,12
2018-12-19,2018-10-10,2019-02-28,9.73777561093527,6.580816603344363,4289.898362351945,4286.472333572339,4292.635459098965,6.163125526625663,4.5,0.1062186117615249,12
2018-12-19,2018-10-10,2019-02-28,2.500080845830161,6.151698648307049,4283.803205439391,4281.755549299531,4287.184222660027,5.428673360496759,3.25,0.0592053964448213,12
2018-12-19,2018-10-10,2019-02-28,4.256065108553805,5.9485183287291505,4276.831611714593,4272.606279532891,4280.812303890474,8.206024357583374,3.0,0.0811202887516193,12
2018-12-19,2018-10-10,2019-02-28,113.99080221239991,9.335978599859544,4619.131445597096,4614.556843421888,4622.108280034736,7.551436612848192,11.0,0.2634738518485457,12
2018-12-19,2018-10-10,2019-02-28,2.1261998543801996,5.4231587462259565,4737.625318308189,4728.801062570885,4774.432156763505,45.63109419262037,3.25,0.059240064652693,12
2018-12-19,2018-10-10,2019-02-28,3.375870595920086,8.351147603017933,4649.889971265394,4649.173312748782,4650.824281825684,1.6509690769016745,1.5,0.0501088274872929,12
2018-12-19,2018-10-10,2019-02-28,4.565237645424354,5.569033348443456,4644.921666032213,4636.306903628632,4685.133666421752,48.82676279312,3.0,0.0992450798557986,12
2018-12-19,2018-10-10,2019-02-28,3.3258260696861237,5.822555910346923,4626.512341649838,4624.161530594807,4640.167964497581,16.006433902774006,4.0,0.0982455433440121,12
2018-12-19,2018-10-10,2019-02-28,59.72571330137628,5.297360049065559,3702.517709741337,3694.102185292635,3718.826834222302,24.724648929666728,6.25,0.2238986134953191,12
2018-12-19,2018-10-10,2019-02-28,4.358830080843531,6.530380184805349,1361.436868297891,1354.134621440433,1369.6342476187274,15.49962617829442,4.25,0.1067634568750297,12
2018-12-19,2018-10-10,2019-02-28,6.3324161468561835,5.076805558952101,1312.7392327641164,1310.1248614317738,1329.1411269181408,19.016265486367047,2.5,0.0877992743803013,12
2018-12-19,2018-10-10,2019-02-28,6.092331504830476,5.421924470507104,1312.0384594502607,1305.6425792723894,1319.2628541179,13.62027484551072,2.5,0.103949590193364,12
2018-12-19,2018-10-10,2019-02-28,4.1060140064236705,5.48461092822273,1690.964471803575,1689.765279347077,1692.1548107103445,2.3895313632674515,0.75,0.037669850296772,12
2018-12-19,2018-10-10,2019-02-28,2.425708836491872,5.3850851059534275,1679.3380555177978,1677.37852221122,1681.3755068709145,3.996984659694135,0.75,0.03695565104121,12
2018-12-19,2018-10-10,2019-02-28,2.471618007723801,5.087701104792687,1656.1497285498665,1654.6155094900168,1657.8040678249672,3.1885583349503577,0.75,0.021593096298646,12
2018-12-19,2018-10-10,2019-02-28,17.692338522388496,5.207013964012284,1655.930611996473,1649.268166956026,1666.4069706182927,17.138803662266582,2.25,0.0926504882996315,12
2018-12-19,2018-10-10,2019-02-28,38.67697671651897,5.0868703831787165,1501.6365355066243,1485.1464875778183,1521.0288077048026,35.88232012698427,4.0,0.1683748604076052,12
2018-12-19,2018-10-10,2019-02-28,3.146569004190899,11.216177560830433,3057.0309315118147,3056.6054644184187,3057.501220313832,0.8957558954134583,1.75,0.1337390603154165,12
2018-12-19,2018-10-10,2019-02-28,3.0594343276669833,6.915944173987065,3026.486403674311,3025.884506616276,3027.877309413161,1.9928027968853712,1.75,0.0916117093272661,12
2018-12-19,2018-10-10,2019-02-28,3.1178610655411148,12.640593415345728,2987.676239423586,2987.335764036048,2988.275675214827,0.939911178778857,1.25,0.1248781383467667,12
2018-12-19,2018-10-10,2019-02-28,2.34239441982693,9.052756300061793,2950.4687973175573,2949.607764921151,2951.4794714786112,1.8717065574601293,1.5,0.0819421805108,12
2018-12-19,2018-10-10,2019-02-28,3.3964515165510587,13.32162147144689,3242.853088187751,3242.591701409314,3243.551123660058,0.9594222507439554,1.0,0.0541570233344879,12
2018-12-19,2018-10-10,2019-02-28,3.1544241063290563,5.429921784268577,2075.571262990733,2071.6197805372067,2086.08251193678,14.462731399573386,2.5,0.0659211256038094,12
2018-12-19,2018-10-10,2019-02-28,35.27777259664277,5.68878196148038,2057.6157486953753,2053.427671409212,2061.716194944922,8.288523535709828,4.25,0.136532608059765,12
2018-12-19,2018-10-10,2019-02-28,5.625217826114176,19.733899633276472,2017.0901752708007,2015.784129225649,2018.872779201716,3.088649976067245,4.25,0.0795791393609257,12
2018-12-19,2018-10-10,2019-02-28,3.59605622716005,6.250323481341646,1906.6553917757212,1905.3515394944695,1908.4274380914867,3.0758985970169306,2.0,0.0516970044674919,12
2018-12-19,2018-10-10,2019-02-28,9.743215959108444,5.8194783810818285,1898.8096728181793,1892.6004856401123,1907.3942206264471,14.79373498633504,4.75,0.0985019364377759,12
2018-12-19,2018-10-10,2019-02-28,3.2282417130492624,9.243540090161424,1830.2275724895132,1829.4951081108304,1831.1897234474309,1.694615336600691,0.75,0.1326810516830323,12
2018-12-19,2018-10-10,2019-02-28,3.6975483369054274,13.709570715350583,1631.983429439684,1631.6191710243002,1632.6783032030798,1.0591321787796917,1.25,0.0226798960251123,12
2018-12-19,2018-10-10,2019-02-28,2.821537315491578,5.305450705621453,1930.200331737378,1923.6229207725264,1934.6037829318084,10.980862159281967,2.25,0.0646486646133781,12
2018-12-19,2018-10-10,2019-02-28,10.663758715366908,5.270886995434093,2945.844107555502,2942.0291292895563,2950.8972280626185,8.86809877306223,2.5,0.1080804002482072,12
2018-12-19,2018-10-10,2019-02-28,30.06679200839882,5.997251092613109,2935.177242451671,2929.106634994503,2940.7190855047666,11.612450510263445,3.75,0.1727727071481144,12
2018-12-19,2018-10-10,2019-02-28,10.380709214192803,5.722418033374702,2892.0076184738577,2886.5964884180576,2898.0531823355705,11.456693917512894,2.5,0.090873734636816,12
2018-12-19,2018-10-10,2019-02-28,2.738887489189021,5.256555391870187,2923.315858808359,2922.2402569130063,2924.80401643971,2.5637595267035067,1.25,0.0448759749432658,12
2018-12-19,2018-10-10,2019-02-28,2.1498853221721945,5.409534453302961,2780.274068162073,2775.322336185258,2785.874389393255,10.552053207997233,1.75,0.0523208150656684,12
2018-12-19,2018-10-10,2019-02-28,3.7711112875054686,19.312140186797333,2692.360461560328,2689.587438022252,2696.4590921434574,6.871654121205211,3.75,0.0708999843119129,12
2019-03-10,2019-02-28,2019-03-20,4.194067451651301,21.51636546331997,4174.3223236365775,4173.970616806764,4174.918809475843,0.9481926690787076,1.25,0.0454514515311249,3
2019-03-10,2019-02-28,2019-03-20,12.404923353566566,9.000655062712374,4234.1301875163845,4230.377670250367,4236.916938379407,6.539268129039556,3.5,0.0966717156343677,3
2019-03-10,2019-02-28,2019-03-20,18.49951576757648,7.164423533429238,3560.6439772784215,3558.141779216472,3563.5547734834254,5.412994266953319,5.75,0.1061554123198416,3
2019-03-10,2019-02-28,2019-03-20,3.7748463832867336,13.875561076780125,1641.945620291246,1641.5322449388914,1642.6004212764092,1.068176337517798,1.0,0.0688647515537099,3
2019-03-10,2019-02-28,2019-03-20,2.5482071497555823,13.851705311951282,1639.690271036469,1639.41580206668,1640.2071620831266,0.7913600164465606,1.0,0.1727087316853492,3
2019-03-10,2019-02-28,2019-03-20,4.572888377664947,7.340187269871336,2059.396107114378,2057.1811551284045,2061.716194944922,4.535039816517383,3.0,0.0819123214977979,3
2019-03-10,2019-02-28,2019-03-20,5.357542531249206,11.523926123671504,3233.4584743294863,3233.0818302044645,3234.0378847694956,0.9560545650310814,1.25,0.131656575704735,3
2019-04-07,2019-03-20,2019-04-25,2.0923744863287546,15.512606882311792,2989.5090899632323,2989.104272185825,2990.0452789380215,0.9410067521966994,0.75,0.0800140030645935,4
2019-04-07,2019-03-20,2019-04-25,2.039827175379078,12.637449908754666,3245.9879789993975,3245.71357678622,3246.432640194893,0.7190634086728096,1.0,0.1124619149487005,4
2019-04-07,2019-03-20,2019-04-25,3.3689296638643373,12.601497947344663,2987.7015788742683,2987.335764036048,2988.275675214827,0.939911178778857,1.25,0.0956782377825871,4
2019-04-07,2019-03-20,2019-04-25,3.287078385165613,12.544533109323824,3245.679746602457,3245.4734896705486,3246.192553335335,0.7190636647865176,1.0,0.1151312637226575,4
2019-04-07,2019-03-20,2019-04-25,5.543407457228377,11.976405236003933,2543.165546793556,2541.9231423437595,2544.6037682532333,2.680625909473747,2.25,0.0883548556386815,4
2019-04-07,2019-03-20,2019-04-25,2.7654018257530404,8.265462008927896,1766.6779366784308,1766.4965694914572,1767.0321334050968,0.5355639136396348,0.75,0.163546101263432,4
2019-04-07,2019-03-20,2019-04-25,3.466207226765435,8.256252424029556,1765.116151869617,1764.8292526029982,1765.7535090777092,0.9242564747110008,1.25,0.3768788958316804,4
2019-04-07,2019-03-20,2019-04-25,3.2936956220592375,13.873464033538996,1640.8323892593412,1640.4180048014969,1641.4862890783695,1.0682842768728733,1.0,0.0214223485223982,4
2019-04-07,2019-03-20,2019-04-25,33.852407228061665,10.972949096171996,3562.72994938924,3558.612376085017,3568.430245521944,9.81786943692714,9.5,0.1522524742340292,4
2019-04-07,2019-03-20,2019-04-25,2.2043849568949083,23.990103574723214,5043.470886914013,5043.241486897692,5043.967665143311,0.7261782456189394,0.75,0.0884115550138719,4
2019-04-07,2019-03-20,2019-04-25,4.605948045407608,7.343582588156947,4569.7619475466745,4568.88988781115,4570.763708062004,1.873820250853896,1.0,0.0870283081146838,4
2019-04-07,2019-03-20,2019-04-25,10.592166363580422,12.477266993710211,1092.756966300001,1088.1492384104058,1096.1868225010112,8.037584090605378,6.75,0.104157506887621,4
2019-04-07,2019-03-20,2019-04-25,2.3886066820086356,20.057233450545773,103.17574031687624,56.19984851544723,229.98865869967267,173.78881018422544,2.25,0.1418998546401395,4
2019-04-07,2019-03-20,2019-04-25,9.622688722437127,15.927089034115166,97.40994640706084,60.720761069562286,235.1914723981172,174.4707113285549,2.25,0.1233700232479972,4
2019-04-07,2019-03-20,2019-04-25,3.158662482392835,20.6534410814021,102.82249027475196,47.533380032517016,226.01070494391024,178.47732491139325,1.75,0.0678142753094412,4
2019-04-07,2019-03-20,2019-04-25,8.710780325600105,17.70117041489599,73.94890811989677,18.77207542071119,200.05283490614968,181.28075948543847,3.25,0.1083338886025087,4
2019-04-07,2019-03-20,2019-04-25,2.198146479174383,20.59867743497462,46.941408633156186,46.3903426155448,47.88110680645332,1.4907641909085214,1.5,0.0530748512566747,4
2019-04-07,2019-03-20,2019-04-25,8.96442964631184,17.504798889912973,86.04219929916641,26.64078446198255,213.15002744225785,186.5092429802753,2.5,0.1453789778532654,4
2019-06-12,2019-04-25,2019-07-30,2.7027016547929588,5.218574773405102,3557.311009867855,3557.207154148724,3557.9151013866067,0.7079472378827631,1.5,0.0576303050311216,6
2019-06-12,2019-04-25,2019-07-30,18.15227381296702,6.345051983294469,3559.186090319486,3550.243740216829,3566.557813614607,16.314073397777975,7.75,0.1386639891180618,6
2019-06-12,2019-04-25,2019-07-30,2.099971767061949,5.885558343268232,4838.083692932949,4837.717085555196,4838.702429401688,0.9853438464924692,1.0,0.0520567436348701,6
2019-06-12,2019-04-25,2019-07-30,5.05213596661727,5.764344806482495,4237.131005687863,4235.968651836272,4237.859650165774,1.890998329501599,2.75,0.0523833203600537,6
2019-06-12,2019-04-25,2019-07-30,6.729912671220861,7.394084557125041,1775.3752871794975,1773.6813693935983,1777.325407865923,3.6440384723246098,2.25,0.0579123780151807,6
2019-06-12,2019-04-25,2019-07-30,6.661893507912225,11.781930372106068,3233.911063915582,3233.0818302044645,3234.9980097836815,1.916179579216987,1.25,0.173894192881101,6
2019-08-28,2019-07-30,2019-09-26,9.448644940722753,5.809184132019162,2981.6755345034367,2977.0275902175345,2985.477118598763,8.449528381228447,2.25,0.1203527536093762,8
2019-08-28,2019-07-30,2019-09-26,16.308848557762534,5.702926504762346,4992.38751875505,4989.193543374073,4995.484594986308,6.291051612235606,4.25,0.0988989673338391,8
2019-08-28,2019-07-30,2019-09-26,2.679607677201275,23.693594006831187,4560.826626855619,4560.160631145816,4561.584456288721,1.423825142905116,0.75,0.1471826217144856,8
2019-08-28,2019-07-30,2019-09-26,5.037810484855539,12.687789534061448,4142.285738653735,4141.68161431374,4143.575554586016,1.8939402722753584,2.75,0.1223110463691257,8
2019-08-28,2019-07-30,2019-09-26,12.068465285366589,6.5047480979697845,1826.1207980493516,1824.9320269301536,1827.285470586736,2.3534436565823853,0.75,0.167649387487978,8
2019-08-28,2019-07-30,2019-09-26,3.601802055177186,6.640883400534346,1820.3320534373568,1819.3228929098696,1821.665870027151,2.342977117281407,1.0,0.0639459098889083,8
2019-08-28,2019-07-30,2019-09-26,2.433746868202277,6.238497833919248,1836.2563827484423,1836.0822865674272,1837.0316508379765,0.9493642705492676,0.75,0.1666207822231902,8
2019-08-28,2019-07-30,2019-09-26,2.1278071621105075,6.782174475248903,1825.359174724362,1825.167989868205,1825.8415352487937,0.6735453805886209,0.5,0.0305253516914194,8
2019-08-28,2019-07-30,2019-09-26,3.323216979179159,6.584429145122136,1822.1707904573911,1821.5877638501115,1822.7766584539784,1.1888946038670838,0.5,0.0318629023400224,8
2019-08-28,2019-07-30,2019-09-26,8.798444201908447,7.071857984179737,1822.2941334848315,1821.5877638501115,1823.4846542146988,1.896890364587307,0.75,0.0605664163915553,8
2019-08-28,2019-07-30,2019-09-26,8.876174040913769,6.815890090549317,1823.9034684261596,1823.0097660114989,1825.170916348696,2.1611503371968865,0.75,0.1023013214155388,8
2019-08-28,2019-07-30,2019-09-26,5.012921850507054,6.855943783387349,1814.103590892283,1813.8065992840568,1814.5794595810585,0.7728602970018983,1.0,0.0622391689904855,8
2019-08-28,2019-07-30,2019-09-26,9.688354466638993,8.292785235778473,1766.8175660127918,1766.4965694914572,1767.3288076021709,0.8322381107136607,1.25,0.0937270716017635,8
2019-08-28,2019-07-30,2019-09-26,8.677664698011148,8.637865535683352,1770.4119568110666,1769.9769642585889,1771.1046017054468,1.1276374468579888,1.0,0.1096867069319373,8
2019-08-28,2019-07-30,2019-09-26,2.3198244461748194,12.16726074096439,1228.6064016365851,1225.957344908733,1231.147135243751,5.189790335018188,1.5,0.0752449121102083,8
2019-12-16,2019-09-26,2020-03-06,14.02499781218011,12.041948475317216,3572.433839324072,3570.2965460899286,3576.473933229689,6.177387139759958,5.75,0.109924795895413,12
2019-12-16,2019-09-26,2020-03-06,2.4237633807896173,6.80825761254075,4161.8173921878415,4160.690097786952,4163.527988501359,2.837890714406967,3.0,0.0543065035054446,12
2019-12-16,2019-09-26,2020-03-06,2.051300436928123,18.488103206425663,4155.5261487375665,4155.4685380728915,4155.943892181385,0.4753541084937751,0.75,0.0780946822259631,12
2019-12-16,2019-09-26,2020-03-06,3.600274835124444,6.257016210627849,4149.099434655214,4146.661691326182,4150.981505780481,4.319814454298466,2.5,0.0790651499847483,12
2019-12-16,2019-09-26,2020-03-06,2.1334329481948253,6.237939029439667,4144.7734088713805,4143.572250877041,4146.41089363629,2.8386427592486143,2.75,0.0636336290383332,12
2019-12-16,2019-09-26,2020-03-06,3.4353952695618384,21.758523755027795,3746.318764857421,3735.602725550998,3773.822047984693,38.2193224336952,2.25,0.0607684595317525,12
2019-12-16,2019-09-26,2020-03-06,21.23255811047261,9.405597000898243,4085.06533725742,4081.330528579652,4089.7753124819137,8.444783902261406,9.0,0.1406662516594758,12
2019-12-16,2019-09-26,2020-03-06,3.4358714358953475,5.991179481203642,2932.381275827536,2930.494234823622,2934.0511923190206,3.556957495398819,2.75,0.0629494133863139,12
2019-12-16,2019-09-26,2020-03-06,4.7536376061907415,18.14027738977483,2861.187014355736,2859.1905361884274,2863.170790469274,3.980254280846566,4.25,0.0775702913195053,12
2019-12-16,2019-09-26,2020-03-06,2.5754981755416377,21.695425885850337,2468.8458932321087,2466.842871838715,2470.126997694373,3.2841258556582034,3.0,0.0575972849781164,12
2019-12-16,2019-09-26,2020-03-06,2.8053644421339032,12.643729094569188,3245.952956399631,3245.71357678622,3246.432640194893,0.7190634086728096,1.0,0.100097877188523,12
2019-12-16,2019-09-26,2020-03-06,96.22057857288404,8.919705647905207,3559.911272777477,3549.2847319934517,3570.072235512547,20.78750351909548,18.0,0.2373154057267945,12
2019-12-16,2019-09-26,2020-03-06,3.6567878895889874,12.577661345820802,3015.1777589100843,3014.47553242743,3016.709208780434,2.2336763530038297,2.5,0.0672270124564355,12
2019-12-16,2019-09-26,2020-03-06,4.3177676773020535,6.759309716006859,4216.243340571284,4212.45911008073,4219.170057604555,6.710947523824871,3.0,0.0859999093142205,12
2019-12-16,2019-09-26,2020-03-06,35.030685627980745,6.9632540194160875,4858.058366616027,4849.205065627117,4881.62937653251,32.42431090539321,6.5,0.1629825818077468,12
2019-12-16,2019-09-26,2020-03-06,4.581524409312317,16.280223769469576,4684.75380339038,4665.473042883445,4722.952713670209,57.47967078676447,1.25,0.0736470847027026,12
2019-12-16,2019-09-26,2020-03-06,6.473263496635779,14.127783748334984,4625.253155583231,4622.8764753644355,4627.587163490243,4.710688125807792,5.25,0.1108169780779055,12
2019-12-16,2019-09-26,2020-03-06,2.1280962780292985,13.685172969919789,4620.3332153760975,4619.13851398509,4620.783029035199,1.644515050109476,1.25,0.0572550490018364,12
2019-12-16,2019-09-26,2020-03-06,32.8282307184206,5.311485266055798,4619.2171935642045,4615.260158119723,4622.108280034736,6.848121915012598,4.75,0.1460832205447637,12
2019-12-16,2019-09-26,2020-03-06,3.7349964032667136,6.016522369217351,5597.347526012611,5595.512898267712,5599.464666581713,3.951768314000219,3.0,0.0706603077089762,12
2019-12-16,2019-09-26,2020-03-06,3.458772032502722,8.095275503618335,4992.553684414073,4991.130591504276,4994.035390316509,2.9047988122329116,3.0,0.0620523187767896,12
2019-12-16,2019-09-26,2020-03-06,8.137570481097214,7.995398767276693,4919.874125607966,4916.971064776182,4922.558847104665,5.587782328482717,4.5,0.0933830877981845,12
2019-12-16,2019-09-26,2020-03-06,3.3280296454051137,6.966368251362262,4905.561115933352,4901.406545658596,4919.053025708534,17.646480049937963,1.75,0.0649133233995824,12
2019-12-16,2019-09-26,2020-03-06,6.390724873357556,7.021330795542645,4891.632592883957,4888.714008896612,4895.163853021804,6.449844125192612,3.25,0.087047986300649,12
2019-12-16,2019-09-26,2020-03-06,2.75241519973753,18.046107566475037,4599.937007134989,4599.166969375219,4600.843693266157,1.6767238909378648,1.25,0.0538972947739641,12
2019-12-16,2019-09-26,2020-03-06,2.731449906032123,13.488431896813267,4597.149055403451,4596.2037502694875,4598.0958659346215,1.8921156651340425,1.5,0.0833907342116735,12
2019-12-16,2019-09-26,2020-03-06,3.078532521399418,5.63443494354624,4293.474897212874,4292.160069725942,4295.017396319192,2.857326593250036,3.25,0.0652921996740063,12
2019-12-16,2019-09-26,2020-03-06,8.897593881460308,6.405141073586985,4233.752544608375,4228.72364505427,4236.916938379407,8.193293325137347,5.0,0.1103070823909213,12
2019-12-16,2019-09-26,2020-03-06,2.6282454966569877,8.83409893361017,4221.604638408711,4220.349044368602,4224.133143573068,3.784099204465747,3.25,0.0712380945614321,12
2019-12-16,2019-09-26,2020-03-06,2.386410332694556,6.110903424335453,4591.189901388948,4590.13339621434,4592.65574909281,2.522352878469974,2.25,0.054412544294467,12
2019-12-16,2019-09-26,2020-03-06,2.214532083559269,20.41530380358062,4565.244774278379,4564.586661702022,4566.270259195007,1.6835974929854274,2.0,0.052155785995237,12
2019-12-16,2019-09-26,2020-03-06,4.88276468276252,18.70789468015988,4564.521037039731,4563.489690855611,4566.270259195007,2.780568339396268,2.75,0.0636243950994053,12
2019-12-16,2019-09-26,2020-03-06,24.95848459918552,15.831004591379736,4565.6421268858285,4562.056364930235,4570.2861554794945,8.229790549259633,5.0,0.1701110260320026,12
2019-12-16,2019-09-26,2020-03-06,24.622346224749908,16.50473716139754,4555.138932355292,4549.328318564687,4560.638311708812,11.309993144124746,4.5,0.1403474137867322,12
2019-12-16,2019-09-26,2020-03-06,3.8214657130376337,17.35912149589439,4542.956508006171,4541.5181307955645,4545.075015013106,3.556884217541665,2.25,0.061781579972201,12
2019-12-16,2019-09-26,2020-03-06,7.43151960595482,7.961193219120127,2059.5912875790177,2057.1811551284045,2061.716194944922,4.535039816517383,4.75,0.0938720949910942,12
2019-12-16,2019-09-26,2020-03-06,2.0687208505517805,10.138086907607242,128.8265913920255,64.32818373478949,235.1914723981172,170.8632886633277,3.25,0.0641058627847401,12
2019-12-16,2019-09-26,2020-03-06,3.570491177422963,17.30047283645639,648.7596591816275,645.4884283281863,669.0890826419927,23.600654313806444,2.5,0.0761558896656922,12
2019-12-16,2019-09-26,2020-03-06,2.8216874574911315,17.89774924754092,1765.29916137105,1764.2354721617885,1766.7354589099996,2.499986748211086,1.75,0.0592150005956415,12
2019-12-16,2019-09-26,2020-03-06,8.655775857813657,7.184918990489437,1776.5164565309412,1775.9156842813827,1777.325407865923,1.4097235845401883,1.0,0.0276452153011755,12
2019-12-16,2019-09-26,2020-03-06,4.692277903480455,8.069056564869756,1777.3845427216409,1777.0865184473805,1777.916148077231,0.8296296298503876,0.75,0.1356348726988887,12
2019-12-16,2019-09-26,2020-03-06,11.000018027570658,6.662800184422328,1777.2955460427395,1777.0865184473805,1777.916148077231,0.8296296298503876,2.0,0.1528596359762435,12
2019-12-16,2019-09-26,2020-03-06,3.7214617649250665,7.105176094893,1777.6772586586883,1777.6772586586883,1777.916148077231,0.2388894185423851,1.5,0.0408551320593408,12
2019-12-16,2019-09-26,2020-03-06,2.489684617224615,13.501016068308,1641.8407782666966,1641.5322449388914,1642.323992417194,0.7917474783025682,0.75,0.0494997434910227,12
2019-12-16,2019-09-26,2020-03-06,9.13667357542456,22.14393653979297,2009.8383825588191,2007.4022433203645,2013.6138602052815,6.211616884917021,4.25,0.1053021735806303,12
2019-12-16,2019-09-26,2020-03-06,2.7411723470326694,20.150432073110387,1906.3315667671363,1904.87842651736,1907.4824769184925,2.604050401132554,2.25,0.0709538501422357,12
2019-12-16,2019-09-26,2020-03-06,2.370293956684368,12.19752783264596,1787.5086956113164,1785.0759827904403,1788.786127067171,3.710144276730716,2.5,0.0648896298384782,12
2019-12-16,2019-09-26,2020-03-06,4.281435284247714,9.285161853305508,1418.548839607102,1417.2726948135532,1419.792068305891,2.5193734923377633,4.0,0.0707010096587457,12
2019-12-16,2019-09-26,2020-03-06,6.203344552351861,17.38762841626855,1770.8926051075591,1768.8472256199457,1772.7871022406034,3.939876620657742,2.0,0.0764243288848731,12
2019-12-16,2019-09-26,2020-03-06,2.4444650002993087,10.34540025373752,1786.7209138248124,1785.0759827904403,1788.7011045143008,3.6251217238605022,3.25,0.0679084088025061,12
2019-12-16,2019-09-26,2020-03-06,3.0915436335803284,12.032619647262711,1024.1053004519863,1018.2725891862063,1039.9990385523995,21.726449366193265,2.0,0.0793020784763309,12
2019-12-16,2019-09-26,2020-03-06,6.744693177602561,12.222428657915133,1013.3022236709818,1003.171660143882,1030.13990034163,26.968240197747942,3.25,0.0967258876014476,12
2019-12-16,2019-09-26,2020-03-06,7.160791125153815,12.641813474782056,987.4826988669984,978.3713005157188,1007.4887986602262,29.117498144507408,3.5,0.0884382245090331,12
2019-12-16,2019-09-26,2020-03-06,3.537872857881058,12.184658602227229,978.9287647704308,970.9995481306688,1001.0331999589688,30.033651828300208,2.0,0.0713737487421051,12
2019-12-16,2019-09-26,2020-03-06,5.0466191738301625,10.77386067698356,1374.6369341778252,1373.468367036432,1376.2041457756422,2.735778739210218,6.75,0.082012656040058,12
2019-12-16,2019-09-26,2020-03-06,2.99390558654665,10.73931996873514,1105.9778723585996,1102.211931520607,1108.8857794618234,6.673847941216081,2.0,0.059239744277017,12
2019-12-16,2019-09-26,2020-03-06,2.690869163280781,9.351473136484268,1372.1159581849404,1371.4666735329663,1373.2073699128814,1.7406963799148798,4.75,0.0601475073965518,12
2019-12-16,2019-09-26,2020-03-06,16.433893014171424,13.015932493632189,1195.6051272257498,1192.403888136614,1198.8980267927982,6.494138656184077,6.5,0.1351018672464765,12
2020-03-26,2020-03-06,2020-04-15,2.014096396107879,14.11488960640582,3665.430478926479,3664.595032549929,3666.457161057275,1.8621285073459148,1.0,0.0787000925811487,3
2020-03-26,2020-03-06,2020-04-15,2.3251955164166165,23.25023007868305,3653.199336771998,3651.807312985882,3654.397525874432,2.5902128885500133,3.5,0.0690370211144186,3
2020-03-26,2020-03-06,2020-04-15,2.559540063771233,12.21100199452509,3611.6164807552454,3611.4021575548686,3612.107115465682,0.7049579108133912,0.75,0.034049950451887,3
2020-03-26,2020-03-06,2020-04-15,9.940202023633727,17.949915734912224,3559.4575585149723,3557.443428328261,3563.7876122640446,6.3441839357838035,6.5,0.1098866284732136,3
2020-03-26,2020-03-06,2020-04-15,2.6323782238754165,23.545494215761337,3471.52993752969,3470.3055041907355,3473.1070036501624,2.80149945942685,3.75,0.0688726968704744,3
2020-03-26,2020-03-06,2020-04-15,11.35827905522216,11.298991338241924,3436.8081942275994,3434.6182210445404,3439.086227153428,4.468006108887494,5.25,0.1079558524243018,3
2020-03-26,2020-03-06,2020-04-15,6.809800637233295,11.169515013797586,3559.450750795693,3557.6762119680643,3563.0890962076373,5.412884239573032,5.5,0.1021581490856693,3
2020-03-26,2020-03-06,2020-04-15,3.9232963290890863,28.043005672753708,3678.8643516441953,3676.540386333596,3680.719669399783,4.179283066187054,3.0,0.0956293270960528,3
2020-03-26,2020-03-06,2020-04-15,5.364260698922164,22.611916396552303,3735.596035813412,3734.388859845698,3737.298348323908,2.9094884782098234,2.25,0.1577490671539894,3
2020-03-26,2020-03-06,2020-04-15,2.157023158831177,21.034458224246148,3733.946965509111,3733.418492678087,3734.805459469557,1.3869667914696038,1.5,0.0546078559857388,3
2020-03-26,2020-03-06,2020-04-15,8.264441724889698,22.819563209608127,3734.118350597832,3731.4713646303862,3764.485025354661,33.013660724274814,3.5,0.0812220471857727,3
2020-03-26,2020-03-06,2020-04-15,10.31533401924624,17.492663593816054,3736.6814944090847,3731.4713646303862,3764.485025354661,33.013660724274814,6.75,0.1389174276361471,3
2020-03-26,2020-03-06,2020-04-15,2.7023166844949777,6.976871764234935,3734.007348235075,3733.418492678087,3734.805459469557,1.3869667914696038,2.75,0.0835871814567301,3
2020-03-26,2020-03-06,2020-04-15,5.780993136769068,20.30060922349379,2877.349486952291,2873.958929029759,2880.0292139505036,6.070284920744598,3.25,0.089022682295009,3
2020-03-26,2020-03-06,2020-04-15,2.75934944288956,26.22676018925023,2862.9271153162813,2861.413018964231,2865.10637259949,3.6933536352589726,3.0,0.0668519949290424,3
2020-03-26,2020-03-06,2020-04-15,3.0969343524768016,10.648883156724075,3234.407433317363,3234.041927715298,3234.9980097836815,0.9560820683836936,1.0,0.1917172185763371,3
2020-03-26,2020-03-06,2020-04-15,2.391582885829546,9.821049096741618,3233.3403471189818,3233.0818302044645,3234.0378847694956,0.9560545650310814,0.75,0.126663314330131,3
2020-03-26,2020-03-06,2020-04-15,4.618089600105025,8.872428613255208,3232.5335053105005,3232.1265153503045,3233.5597745720297,1.4332592217251658,1.5,0.1766504916135214,3
2020-03-26,2020-03-06,2020-04-15,4.660241638006829,8.867491392609525,3233.7481390350877,3232.3655747012235,3234.9980097836815,2.6324350824579597,3.0,0.2361418482672705,3
2020-03-26,2020-03-06,2020-04-15,7.885553969561215,12.623686853727014,3243.586460214644,3242.831879023928,3244.5152655970305,1.6833865731023252,1.25,0.2198957401270873,3
2020-03-26,2020-03-06,2020-04-15,2.3246227790356615,14.912858909310826,2988.832190999088,2988.4880280117504,2989.195105041843,0.7070770300924778,0.75,0.184225126601456,3
2020-03-26,2020-03-06,2020-04-15,2.521940660963301,12.239985199306144,2978.5263347605,2977.312018596567,2979.564176362008,2.252157765440643,0.75,0.1031919159585703,3
2020-03-26,2020-03-06,2020-04-15,4.445643451099507,15.635412391885945,2946.8309201463553,2945.24940476194,2948.5489063295536,3.2995015676133335,3.5,0.0754498101536516,3
2020-03-26,2020-03-06,2020-04-15,13.111068649751637,7.970417582065289,4883.098793672867,4877.694025225472,4898.817845445592,21.12382022012025,6.25,0.1372924964464528,3
2020-03-26,2020-03-06,2020-04-15,8.669814493106072,9.01175739268526,4852.794177527022,4848.230330962688,4856.938395964913,8.70806500222534,3.25,0.1059043588206776,3
2020-03-26,2020-03-06,2020-04-15,2.946277546225954,10.041223090225165,4645.154244736906,4644.768402170856,4645.764198400546,0.9957962296903132,1.25,0.0932970918472897,3
2020-03-26,2020-03-06,2020-04-15,3.253607648455994,14.025273288878072,4619.948500461203,4618.66967440024,4621.72580634756,3.056131947319954,2.0,0.0667517244619175,3
2020-03-26,2020-03-06,2020-04-15,2.286005587860029,14.163355550029788,4617.811670830217,4617.027266099118,4618.52185478108,1.494588681962341,2.75,0.0600769820310775,3
2020-03-26,2020-03-06,2020-04-15,2.6554007138086018,8.945201071466522,4597.304690060273,4596.485217693262,4598.697383094579,2.212165401317179,1.75,0.0888481060294332,3
2020-03-26,2020-03-06,2020-04-15,4.467491262039365,6.039723935666353,5592.426347257945,5589.963034702465,5595.504256547429,5.541221844963729,3.0,0.0789054676283762,3
2020-03-26,2020-03-06,2020-04-15,3.402444654838741,16.407356395459868,5191.333368648182,5190.965353306383,5191.973246216774,1.0078929103910923,1.0,0.184261378889059,3
2020-03-26,2020-03-06,2020-04-15,5.737532104298361,8.170921174927157,5117.758761108525,5110.55845551705,5131.415030896664,20.856575379613787,4.5,0.0913366988469976,3
2020-03-26,2020-03-06,2020-04-15,2.9230682447674683,15.679513074967478,4186.5671162202125,4185.806086750235,4187.700169283431,1.8940825331956148,1.0,0.0325957083028999,3
2020-03-26,2020-03-06,2020-04-15,16.695564599891938,8.956742272002643,4080.3277438229247,4077.7833198499866,4084.17078919895,6.38746934896335,7.75,0.1435452471563403,3
2020-03-26,2020-03-06,2020-04-15,4.833344494023919,11.675978425987616,3947.076638974476,3946.752714351751,3947.700762491208,0.9480481394566596,1.0,0.1290238707886515,3
2020-03-26,2020-03-06,2020-04-15,2.4587393597254716,13.819437031998786,3784.737931213417,3771.4313334575854,3809.083635922987,37.65230246540159,3.0,0.064011679455459,3
2020-03-26,2020-03-06,2020-04-15,5.893185163293314,9.04607308720416,4423.028160784606,4421.275829319842,4425.062645201106,3.7868158812634647,2.25,0.0846880349961831,3
2020-03-26,2020-03-06,2020-04-15,14.87046120753198,5.741611769488483,4401.918853323162,4395.903293219395,4407.17015677318,11.266863553784788,4.0,0.1365854486879247,3
2020-03-26,2020-03-06,2020-04-15,16.927541215607608,17.07614020616929,4378.544932734738,4375.203547323588,4381.187899793033,5.984352469444275,7.25,0.1458698788223933,3
2020-03-26,2020-03-06,2020-04-15,33.392599265543225,6.2976868058683,4377.339954246603,4374.258103951346,4380.789048531093,6.530944579746574,8.5,0.1697872045376325,3
2020-03-26,2020-03-06,2020-04-15,2.409315766812656,6.796118249587489,4408.464368334655,4407.46538906917,4410.030270605814,2.564881536643952,1.5,0.1054057545964071,3
2020-03-26,2020-03-06,2020-04-15,7.521282484139186,14.108087091297383,4743.41421846614,4726.983804142103,4774.432156763505,47.44835262140259,4.0,0.0886007688881107,3
2020-03-26,2020-03-06,2020-04-15,4.274751158316899,11.790519139020358,761.1003400032812,758.9337373184972,762.5546895931475,3.6209522746503353,2.5,0.0666620335115597,3
2020-03-26,2020-03-06,2020-04-15,8.800547503794004,13.36287280022151,1050.8136856566025,1046.397220122628,1059.991074054502,13.593853931874037,4.5,0.1087285558380291,3
2020-03-26,2020-03-06,2020-04-15,2.262475099578314,21.228241817881372,1374.9172510255712,1374.71576652769,1375.4577270699665,0.7419605422765017,0.75,0.3455973293946579,3
2020-03-26,2020-03-06,2020-04-15,2.4188465587771777,11.547908027023276,1236.230884995589,1235.1011055111885,1237.5573232849129,2.4562177737243474,2.5,0.0665268420957521,3
2020-03-26,2020-03-06,2020-04-15,4.318650075091795,18.90880862710151,1138.833945191909,1137.385639116168,1140.1220664610155,2.7364273448474705,4.0,0.0732831094569419,3
2020-03-26,2020-03-06,2020-04-15,3.2895934726863825,10.253111410861184,753.004961265531,752.3233280670829,754.9381075594574,2.6147794923745096,3.25,0.0856490623517158,3
2020-03-26,2020-03-06,2020-04-15,2.8922641709146837,18.30731883364883,19.18646329078397,18.77207542071119,19.927885885816067,1.155810465104878,1.25,0.0422957440031795,3
2020-03-26,2020-03-06,2020-04-15,6.076820414884519,6.99013178578577,124.7029816907272,21.110366859473288,200.05283490614968,178.94246804667637,2.75,0.1006272730749857,3
2020-03-26,2020-03-06,2020-04-15,5.219193128674598,6.295445934462754,1820.658982072557,1820.388360802084,1821.1305182757787,0.7421574736945331,0.75,0.0947102831929935,3
2020-03-26,2020-03-06,2020-04-15,19.092655678489525,6.295138766656865,1811.9224028498104,1803.2434195969256,1820.4145755735224,17.17115597659722,1.25,0.1154448687926934,3
2020-03-26,2020-03-06,2020-04-15,5.2110167202685025,7.014031814458105,1779.9881531645988,1779.6884972411208,1780.515587033704,0.8270897925831378,0.75,0.0787275665752296,3
2020-03-26,2020-03-06,2020-04-15,3.074475104070185,5.61922995942324,1659.384932358418,1656.4505724189803,1663.180800084025,6.730227665044367,2.5,0.0753650957054608,3
2020-03-26,2020-03-06,2020-04-15,4.033332498055697,6.725839686608605,1824.580496516288,1824.310699349735,1825.0320592941716,0.7213599444366992,0.75,0.0263974036592817,3
2020-03-26,2020-03-06,2020-04-15,2.242120586393764,9.87250905316365,92.28237516149814,35.53488192241639,212.6381183094345,177.10323638701811,3.0,0.076287756293929,3
2020-03-26,2020-03-06,2020-04-15,4.120667065300579,18.9061982464384,660.9660180314978,648.846463994123,669.4492927994579,20.602828805334862,3.5,0.1865834333107852,3
2020-03-26,2020-03-06,2020-04-15,3.0034204326424843,21.28824012717191,611.6659959938361,597.6682162145153,632.1663607014343,34.498144486919045,3.5,0.0715258915909022,3
2020-03-26,2020-03-06,2020-04-15,6.793007547222729,7.1289498319590825,88.10418658092397,87.75779035594314,88.68135726405308,0.9235669081099332,1.0,0.1437869100884681,3
2020-03-26,2020-03-06,2020-04-15,2.829286828506738,6.373776174694981,79.76805876644582,78.47961889905855,81.80796952918172,3.328350630123168,3.25,0.0988771319516557,3
2020-03-26,2020-03-06,2020-04-15,2.3358259163746884,13.826276346622777,1583.9393903768264,1582.0640213666484,1585.8445158451796,3.780494478531182,2.25,0.0691909438280824,3
2020-03-26,2020-03-06,2020-04-15,2.2227952088242957,18.864132888543946,2230.322069400824,2227.9021867723204,2234.228552373126,6.32636560080573,2.75,0.0651142701430218,3
2020-03-26,2020-03-06,2020-04-15,2.9750034015821294,13.923106351841554,2640.393499522347,2639.436800691765,2642.3193787699565,2.8825780781917274,4.5,0.0682159552125361,3
2020-03-26,2020-03-06,2020-04-15,2.589960063161356,22.3449209285738,2467.1117472099454,2464.939645248931,2469.096021875739,4.156376626808196,3.0,0.0628905283370673,3
2020-03-26,2020-03-06,2020-04-15,8.439066724559385,20.2600230501414,2580.7162057500113,2579.238986575976,2582.7093484965153,3.4703619205392897,4.25,0.1093137754061679,3
2020-03-26,2020-03-06,2020-04-15,3.948814018998947,11.339264397372457,2542.385236926102,2541.678138558287,2543.383123454638,1.704984896350652,1.5,0.0802358098242694,3
2020-03-26,2020-03-06,2020-04-15,3.092788784952127,12.677360284173462,2592.680293628282,2591.202206066344,2594.5368596930057,3.3346536266617477,4.25,0.0752939153497156,3
2020-03-26,2020-03-06,2020-04-15,4.9048560414645825,6.54785529573235,1825.687899651806,1825.3666069209576,1826.3136130650528,0.9470061440952122,0.75,0.0519208117952779,3
2020-03-26,2020-03-06,2020-04-15,5.154902193076443,9.015143872202165,1808.4456438892591,1808.0576507109215,1809.1325741992332,1.0749234883114696,0.75,0.3604250561031863,3
2020-03-26,2020-03-06,2020-04-15,3.317767911542207,9.171552358820014,1810.468911233603,1810.2642488288693,1811.0600056415424,0.7957568126730621,0.75,0.0383353666885027,3
2020-03-26,2020-03-06,2020-04-15,3.6040906158068218,9.456755200677144,1811.1285788791945,1810.821116223,1811.6553635876624,0.8342473646625876,0.75,0.0254595465845824,3
2020-03-26,2020-03-06,2020-04-15,2.5439579042232596,7.707470887804864,1777.9587430770923,1777.739888503682,1778.568121004384,0.8282325007021427,1.0,0.1450158996593975,3
2020-03-26,2020-03-06,2020-04-15,7.78441475920938,7.250142124572475,1765.816596464963,1765.5146196591668,1766.346488820389,0.8318691612221301,0.75,0.0240505913172611,3
2020-03-26,2020-03-06,2020-04-15,3.4163808662929576,6.504752345056033,1826.6035864513233,1826.338574317284,1827.0494682178833,0.7108939005993307,0.75,0.0417502972953498,3
2020-03-26,2020-03-06,2020-04-15,2.5716195072198285,6.895787650506577,1764.532362384722,1764.5323623847216,1764.771251803264,0.2388894185423851,1.0,0.1496897108877437,3
2020-03-26,2020-03-06,2020-04-15,6.656593328105378,13.84722798044375,1640.4817292921423,1639.41580206668,1641.4862890783695,2.0704870116896927,1.25,0.0360206025932702,3
2020-03-26,2020-03-06,2020-04-15,5.472293660669587,6.875045154967485,1764.9776324280242,1764.8292526029982,1765.3650322491303,0.5357796461321414,1.0,0.0144360923627406,3
2020-03-26,2020-03-06,2020-04-15,5.181699016377888,11.363228065512612,1837.411092681464,1837.1687704757787,1837.8813472827896,0.7125768070109189,1.0,0.1006497278501428,3
2020-03-26,2020-03-06,2020-04-15,5.117472401755675,6.554774797368864,1820.8828697543008,1820.6376622207465,1821.3485452402383,0.7108830194920301,0.75,0.0264577392983947,3
2020-03-26,2020-03-06,2020-04-15,2.0263224579371037,25.08499499470145,2055.618849558781,2054.3029519235715,2057.5913789733313,3.2884270497597754,2.25,0.0631029943659233,3
2020-03-26,2020-03-06,2020-04-15,9.027264371736916,20.3397157048435,2057.5705764301633,2054.3029519235715,2060.639968687203,6.337016763631254,4.5,0.1230437811374085,3
2020-03-26,2020-03-06,2020-04-15,2.906060572336698,8.710342537145513,2059.792415491419,2058.5291120014153,2061.716194944922,3.187082943506539,3.25,0.0723014356689566,3
2020-03-26,2020-03-06,2020-04-15,2.6996976800771435,20.175897605838752,1882.2508900362625,1882.1360831391064,1882.6126912925392,0.4766081534326076,1.0,0.1104593533899889,3
2020-03-26,2020-03-06,2020-04-15,2.4580939402389244,7.886155885035313,1894.422440840503,1890.941831259057,1907.1307522710413,16.18892101198435,3.25,0.0545998928703256,3
2020-03-26,2020-03-06,2020-04-15,6.58411171045837,14.54562500265884,2020.790951883947,2019.1130487243645,2022.3381306938827,3.2250819695182145,6.25,0.0984953082210127,3
2020-06-30,2020-04-15,2020-09-15,2.3747089914731587,5.413214953815382,4297.377120332088,4296.025708715897,4298.763683488127,2.7379747722297907,2.5,0.0466173769301009,6
2020-06-30,2020-04-15,2020-09-15,4.3570409782657125,8.188997783193386,4215.424906058341,4212.45911008073,4218.247130489908,5.788020409177989,3.0,0.0861902907798117,6
2020-06-30,2020-04-15,2020-09-15,4.052203209339325,8.979945326719868,4337.751516736692,4336.850871203002,4338.980797852855,2.129926649853587,2.75,0.0582499827830779,6
2020-06-30,2020-04-15,2020-09-15,13.64800654022308,5.262277344530792,3559.0664229631034,3555.5755270873196,3563.0890962076373,7.5135691203176975,5.75,0.1273342949070022,6
2020-06-30,2020-04-15,2020-09-15,6.7540697664474125,5.66999967283028,3734.379629572216,3727.2922958945855,3764.485025354661,37.1927294600755,2.5,0.0714890127908662,6
2020-06-30,2020-04-15,2020-09-15,3.804044941079849,13.160979709004538,4339.828973969357,4338.269241534639,4341.344207668211,3.074966133572161,2.25,0.0639985725305813,6
2020-06-30,2020-04-15,2020-09-15,2.908088086554222,11.282451893950444,4722.222328408801,4721.633407605812,4722.952713670209,1.3193060643970966,1.25,0.0299353620854381,6
2020-06-30,2020-04-15,2020-09-15,2.7448570371466223,8.858946145798239,4785.144712404944,4783.652646927163,4786.505682989024,2.853036061860621,1.0,0.0479833413414343,6
2020-06-30,2020-04-15,2020-09-15,3.226300318467124,8.464152073428778,4342.114271008759,4341.105318249669,4342.998338841833,1.893020592164248,1.75,0.058204535713574,6
2020-06-30,2020-04-15,2020-09-15,22.088752597672464,7.060694740042258,4356.297163276858,4349.661849171389,4363.329931579065,13.668082407675683,5.5,0.1823084257239093,6
2020-06-30,2020-04-15,2020-09-15,2.6731493017709815,8.259775275075004,4439.812096894373,4439.2326193721965,4440.653324861545,1.4207054893486202,0.75,0.0318094850356459,6
2020-06-30,2020-04-15,2020-09-15,4.605154813093338,12.818029813953418,4523.636309847042,4522.0359914069995,4524.899796944112,2.863805537112057,4.75,0.0845732835485035,6
2020-06-30,2020-04-15,2020-09-15,5.251222406632732,11.511850052173816,3233.415938152118,3233.0818302044645,3234.0378847694956,0.9560545650310814,1.25,0.1529056419233154,6
2020-06-30,2020-04-15,2020-09-15,8.022585896992561,5.716416225791127,1668.2321597716734,1663.7522497102618,1674.599258731119,10.847009020857511,2.0,0.0901380096955573,6
2020-06-30,2020-04-15,2020-09-15,11.728447346773846,5.6964349179051865,1685.2694013594346,1679.7934962077998,1692.7313662208617,12.93787001306191,1.5,0.0975491961330621,6
2020-06-30,2020-04-15,2020-09-15,2.5543254063762255,5.603925227504649,1693.839953573411,1692.2041990482248,1695.3978547747247,3.1936557264998555,1.0,0.0465696338349191,6
2020-06-30,2020-04-15,2020-09-15,2.905322284588693,5.481647809412223,1698.3519421924736,1696.0225273179822,1702.462512634229,6.439985316246748,0.75,0.0497385159226071,6
2020-06-30,2020-04-15,2020-09-15,2.1237236461122984,5.205284534326473,1722.253556441316,1720.611022592988,1723.9146969928406,3.3036743998527527,1.0,0.0416830967174464,6
2020-06-30,2020-04-15,2020-09-15,3.496887675344124,5.053427140861569,1797.117696249451,1795.5778820235282,1801.0637986944057,5.4859166708774865,2.0,0.0529367764597832,6
2020-06-30,2020-04-15,2020-09-15,5.614941699163802,6.738456820023353,1811.1228670717771,1810.2642488288693,1811.933743630536,1.6694948016665876,1.0,0.1733573002038202,6
2020-06-30,2020-04-15,2020-09-15,4.165376235260815,12.116745115969906,1851.5046234613692,1850.956860085018,1852.511639806442,1.5547797214239836,1.75,0.0528869188851399,6
2020-06-30,2020-04-15,2020-09-15,2.5586806590880267,10.930364706615538,1871.8162350829307,1865.183404850308,1886.4042559671216,21.22085111681372,1.0,0.0435315290981697,6
2020-06-30,2020-04-15,2020-09-15,4.975092516633775,16.24970898648067,1630.8711575582934,1630.5978516233154,1631.38362095505,0.7857693317346275,0.75,0.0204477550368523,6
2020-06-30,2020-04-15,2020-09-15,9.967678965109764,5.261529633191015,2674.4195981640287,2667.632319833152,2683.015593498014,15.383273664861916,2.0,0.0826612174390695,6
2020-06-30,2020-04-15,2020-09-15,13.74486037301804,6.306071854895547,1080.375316254526,1073.230826480314,1086.4114800943062,13.180653613992035,2.5,0.0916983389100534,6
2020-06-30,2020-04-15,2020-09-15,2.961063726231344,11.608232210563784,1229.0157148385151,1226.945241412148,1231.3957821857184,4.450540773570538,1.75,0.0679067001322342,6
2020-11-20,2020-09-15,2021-01-26,5.537430443976447,11.536276622753602,3947.230300618776,3946.9891004967503,3947.700762491208,0.7116619944572449,0.75,0.0356479273680415,11
2020-11-20,2020-09-15,2021-01-26,4.080522116571013,8.549359698745128,3792.687417196302,3792.4256234923378,3793.147309477441,0.7216859851032495,1.0,0.1254131657256674,11
2020-11-20,2020-09-15,2021-01-26,3.480739945097752,6.517454707478607,3441.642415000214,3440.9529796587303,3442.3174150395207,1.3644353807903826,1.75,0.0392686032340083,11
2020-11-20,2020-09-15,2021-01-26,19.611839546264317,5.4422818345882975,3558.978687112074,3556.041093579028,3563.321934898384,7.280841319356114,5.5,0.1187507541986232,11
2020-11-20,2020-09-15,2021-01-26,2.1573654873679486,10.57741454817644,3558.0023073419757,3556.741587363649,3559.0839855261147,2.3423981624655426,2.0,0.0491929659826151,11
2020-11-20,2020-09-15,2021-01-26,2.4326894839134536,5.801787112097308,4217.667602702908,4217.001184167806,4218.483578035142,1.4823938673362136,1.25,0.0880760504865174,11
2020-11-20,2020-09-15,2021-01-26,2.2839823139296844,5.847526150958573,5455.848493893857,5449.940772548784,5471.381390626077,21.44061807729304,1.75,0.0659746781779158,11
2020-11-20,2020-09-15,2021-01-26,6.683757443887833,5.58083062209559,5532.683695726871,5528.3220978453755,5540.763941525482,12.441843680106103,3.75,0.0994163099754252,11
2020-11-20,2020-09-15,2021-01-26,17.40511221889825,5.0365027849498745,5562.702988318632,5551.4453979842365,5573.711160540115,22.26576255587861,3.25,0.1681302927360151,11
2020-11-20,2020-09-15,2021-01-26,2.1229999306188243,5.989500602948247,5440.8932440470635,5435.036951757036,5454.9325476069935,19.895595849957317,2.5,0.0642339276216219,11
2020-11-20,2020-09-15,2021-01-26,4.69311049282643,6.11043279859224,4250.337541517634,4247.287846581545,4254.15032743616,6.862480854615569,2.25,0.0951694313729012,11
2020-11-20,2020-09-15,2021-01-26,2.3213418717614007,6.556528184208174,4414.786422753904,4413.809935770463,4415.712976610754,1.9030408402904868,1.0,0.1434014625529567,11
2020-11-20,2020-09-15,2021-01-26,5.385993006828158,6.6391303665403845,4418.484787551976,4417.246129981708,4420.3357300926,3.0896001108922064,1.0,0.2544423618699998,11
2020-11-20,2020-09-15,2021-01-26,5.35921535440255,7.448255066278118,4570.449092216492,4569.321180757135,4571.4711221088655,2.1499413517303765,1.25,0.2088548823865799,11
2020-11-20,2020-09-15,2021-01-26,7.856413581341514,5.330258721393608,4857.510644267798,4852.623654899187,4881.62937653251,29.005721633322537,3.0,0.0744778045916216,11
2020-11-20,2020-09-15,2021-01-26,2.890607353352383,6.275152755865816,4805.431264171422,4788.7333803623915,4823.776240597945,35.042860235553235,2.25,0.1301580433984073,11
2020-11-20,2020-09-15,2021-01-26,2.885560575496256,10.264361972707489,908.7718665754842,908.5339028681628,909.508790853899,0.9748879857361316,2.25,0.1947469187911865,11
2020-11-20,2020-09-15,2021-01-26,7.594606007819492,12.209119260397738,970.2876196023008,958.2410189802758,991.19447181141,32.9534528311342,2.25,0.1122216901473849,11
2020-11-20,2020-09-15,2021-01-26,2.9338732728904957,10.199062748046003,1091.0068342260709,1088.396485388279,1095.199610740412,6.8031253521330655,2.25,0.0675353491264663,11
2020-11-20,2020-09-15,2021-01-26,3.0611388036682827,9.777133175631326,1171.2991729854357,1169.4488174798898,1173.1811678009108,3.732350321020931,1.75,0.1591239059715476,11
2020-11-20,2020-09-15,2021-01-26,3.1089976708896456,9.2376801660932,895.3122292301364,895.0491700856946,895.7774560288526,0.7282859431579709,0.75,0.2195750939116392,11
2020-11-20,2020-09-15,2021-01-26,6.032914391149422,6.9567231179784095,1303.712358229549,1302.653259826824,1305.3860029629432,2.7327431361190975,4.25,0.1045076775014763,11
2020-11-20,2020-09-15,2021-01-26,2.554342427247297,5.352861764556659,3441.339678699398,3440.9529796587303,3441.896645691246,0.9436660325154662,1.25,0.0407361872500355,11
2020-11-20,2020-09-15,2021-01-26,7.328072066873963,7.042929502642697,81.10372035232865,80.55752859683707,81.80796952918172,1.2504409323446453,1.5,0.40922843814434,11
2020-11-20,2020-09-15,2021-01-26,4.014153858311568,10.480415009821677,896.1293759690308,895.7941910400987,896.767041423358,0.972850383259356,0.75,0.1871181474334693,11
2020-11-20,2020-09-15,2021-01-26,9.563541314909608,6.977319810188207,138.22540865058156,87.75779035594314,250.69818992028013,162.940399564337,1.5,0.5074435742769712,11
2020-11-20,2020-09-15,2021-01-26,3.457791749773733,10.24713477787922,747.7271693373449,747.4155706171878,748.2674799347296,0.8519093175418675,0.75,0.2495272294435802,11
2020-11-20,2020-09-15,2021-01-26,2.656866001779586,6.531177900220649,152.48970355720095,88.7834236077033,251.2581852292642,162.4747616215609,1.0,0.3964002828215474,11
2020-11-20,2020-09-15,2021-01-26,4.387712886547688,5.679868243020772,2933.835139465802,2931.9234245554544,2935.6495776679367,3.726153112482279,2.75,0.0920286035152406,11
2020-11-20,2020-09-15,2021-01-26,2.2558302709568476,5.211520382395851,2948.155315465966,2947.139281893149,2949.9415278388187,2.80224594566971,2.0,0.0652306448274597,11
2020-11-20,2020-09-15,2021-01-26,2.690293798116222,9.487606189845732,2974.1672445351965,2973.814658238087,2974.9839076492935,1.1692494112066925,0.75,0.1379219705746348,11
2020-11-20,2020-09-15,2021-01-26,3.2806152319469493,10.936408348566047,2978.1807310423683,2977.781919882633,2978.7209348618053,0.939014979172498,0.75,0.1053390096639095,11
2020-11-20,2020-09-15,2021-01-26,6.114681043271627,5.784741641681757,3144.519305421499,3144.2865874795243,3145.1666971459053,0.8801096663810313,1.75,0.2598751074774652,11
2020-11-20,2020-09-15,2021-01-26,2.253429910079334,8.926011242092406,3230.81580915406,3230.451532314997,3231.168540001847,0.7170076868496835,1.25,0.1056351578193337,11
2020-11-20,2020-09-15,2021-01-26,3.027056211435422,10.48738593380195,3234.8167642671506,3234.280991921667,3236.2167507279664,1.9357588062994184,1.25,0.1208035293049514,11
2020-11-20,2020-09-15,2021-01-26,2.130840579947159,10.160500519183325,3235.6410944644276,3234.5200561480597,3236.4559282069094,1.9358720588497815,1.0,0.0897846994000772,11
2020-11-20,2020-09-15,2021-01-26,2.5059296949090437,13.602317976361103,3243.0719571750196,3242.831879023928,3243.551123660058,0.7192446361295879,1.0,0.1703634535868436,11
2020-11-20,2020-09-15,2021-01-26,2.579851039359253,9.530054174544262,1250.4147735465433,1249.085241292603,1252.2779507576488,3.192709465045482,3.0,0.069625423080939,11
2020-11-20,2020-09-15,2021-01-26,6.128701702135299,9.472736022315516,1254.216909910534,1251.300569143612,1256.472471118439,5.171901974827051,4.5,0.1107334027432294,11
2020-11-20,2020-09-15,2021-01-26,8.272791089234817,10.389323990267862,1259.5516715904628,1255.741300911177,1261.764464680571,6.023163769394159,4.75,0.1239792638723757,11
2020-11-20,2020-09-15,2021-01-26,8.86027720427922,5.609842803278002,2075.4866450548357,2070.912444218062,2086.08251193678,15.1700677187182,2.75,0.0988866221911244,11
2020-11-20,2020-09-15,2021-01-26,3.3709876962050793,11.739749500038268,1837.178843223056,1836.9319267459216,1837.6445035678337,0.71257682191208,0.75,0.1509136598813709,11
2020-11-20,2020-09-15,2021-01-26,2.0993411587193513,5.100353657340029,1924.7938198843276,1921.499480795581,1933.38039909862,11.880918303038923,1.25,0.0542181723718449,11
2020-11-20,2020-09-15,2021-01-26,3.4358157149384727,6.923213547898038,1778.0285032009083,1777.739888503682,1778.568121004384,0.8282325007021427,1.25,0.2429294554890315,11
2021-02-17,2021-01-26,2021-03-11,6.413885321929949,9.299623206100994,1171.5986646841727,1169.1990147186443,1174.1981988004409,4.999184081796557,1.75,0.0678963057214132,2
2021-06-12,2021-03-11,2021-09-14,5.913397298384411,16.375356511079328,3561.6468078286744,3558.379656274803,3565.354179977905,6.974523703102022,1.0,0.0520152870223972,6
2021-06-12,2021-03-11,2021-09-14,3.652675945749972,7.737146986761979,3706.928113987761,3706.6681653140113,3707.393802483566,0.7256371695548296,0.75,0.186161050019562,6
2021-06-12,2021-03-11,2021-09-14,21.12162049228513,10.86371364034144,3777.328427973369,3763.611749206204,3801.594888630789,37.983139424584806,7.0,0.1019013644216348,6
2021-06-12,2021-03-11,2021-09-14,3.8131797738331374,6.185126028901249,4837.638170027881,4836.988297378644,4838.4536113129,1.4653139342553914,1.0,0.0476586477132795,6
2021-06-12,2021-03-11,2021-09-14,17.726818984947936,5.717328753074624,4916.699369514464,4915.274446099065,4918.664237028919,3.389790929853916,5.75,0.0948752125909924,6
2021-06-12,2021-03-11,2021-09-14,3.284871644161828,11.01933931768044,4617.789678599835,4617.027266099118,4619.142502480652,2.115236381534487,2.25,0.0645465786840893,6
2021-06-12,2021-03-11,2021-09-14,21.67436211224025,13.083667791347246,3563.273048255874,3559.307272455655,3566.557813614607,7.250541158951819,6.0,0.1072160124354715,6
2021-06-12,2021-03-11,2021-09-14,2.2782849804645124,10.465809368803974,805.141536938827,803.7445659372024,807.13188839145,3.3873224542476237,1.25,0.0466805585731355,6
2021-06-12,2021-03-11,2021-09-14,2.0830546934431604,14.2912877636495,1546.9468296846085,1546.754627013579,1547.516432147473,0.7618051338940859,0.75,0.1005351615084093,6
2021-06-12,2021-03-11,2021-09-14,3.628483017110639,13.673639423423518,1629.0107833039697,1628.4761421359144,1629.5360947554,1.059952619485557,1.0,0.1413526387466324,6
2021-06-12,2021-03-11,2021-09-14,4.830201784278285,6.613199989396326,1820.6192795236411,1820.388360802084,1821.1305182757787,0.7421574736945331,0.75,0.1262982854043692,6
2021-06-12,2021-03-11,2021-09-14,7.170034174813702,7.668660393989079,1765.8443003159862,1765.218129787594,1766.346488820389,1.1283590327948332,1.25,0.2858568628541791,6
2021-06-12,2021-03-11,2021-09-14,3.1119796677789555,5.521433465436642,2893.7423660654495,2891.5323580773547,2897.0558428140357,5.5234847366809845,1.5,0.0574484242001333,6
2021-06-12,2021-03-11,2021-09-14,2.0622756737618615,5.819033418646888,2937.3004243783407,2935.3332960708067,2940.481450688094,5.148154617287219,1.75,0.0527853882736895,6
2021-06-12,2021-03-11,2021-09-14,3.350958371241521,7.457745583921682,3564.571235992491,3562.850206789095,3566.3249012581073,3.47469446901232,4.25,0.05784434090079,6
2021-06-12,2021-03-11,2021-09-14,3.590246376778744,8.71755506306015,1804.705689143051,1804.4562245002016,1805.3092251936905,0.8530006934888661,0.75,0.3615067298188368,6
2021-06-12,2021-03-11,2021-09-14,8.784758227120154,6.922081172289969,1824.3207150172195,1823.4879124765284,1825.4068792867472,1.9189668102189896,0.75,0.0403429439064084,6
2021-06-12,2021-03-11,2021-09-14,5.84004242046792,7.0322580438984765,1821.9756691939097,1821.5877638501115,1822.5346463839523,0.9468825338408352,0.75,0.0304393664197138,6
2021-06-12,2021-03-11,2021-09-14,2.7459466715069487,8.151417541748826,1770.510139146087,1770.2732134195976,1771.1046017054468,0.8313882858492434,0.5,0.0298691689110491,6
2021-06-12,2021-03-11,2021-09-14,4.085392474591545,9.320747599421225,1830.6070657796952,1830.4782967111096,1830.953454699833,0.4751579887233674,1.25,0.4092443572557069,6
2021-06-12,2021-03-11,2021-09-14,5.835916800209695,12.278320783204968,1832.7869937153296,1832.549462404102,1833.261622719001,0.7121603148989379,0.75,0.3380045397850839,6
2021-06-12,2021-03-11,2021-09-14,3.5340751133497808,6.609572644430728,1821.3297389956128,1820.6376622207465,1822.2986488770696,1.6609866563230753,0.5,0.0271598959882693,6
2021-10-10,2021-09-14,2021-11-06,8.57100194624613,10.641069940825968,3782.702837813445,3761.909139223397,3801.594888630789,39.685749407391995,5.75,0.1119126272924886,10
2021-10-10,2021-09-14,2021-11-06,3.8753902812075616,9.507959802874126,2973.8824675854585,2973.347931332886,2974.7506097536534,1.402678420767188,1.0,0.1960092559102566,10
2021-10-10,2021-09-14,2021-11-06,2.270557325831149,8.787855533680268,1513.9379124152792,1513.7218881757,1514.470374217257,0.7484860415570438,0.75,0.0402450762568534,10
2021-10-10,2021-09-14,2021-11-06,6.369064053110062,6.782809996106975,4418.893972792012,4417.496970456094,4420.3357300926,2.8387596365064383,1.25,0.2980087264833386,10
2021-10-10,2021-09-14,2021-11-06,10.651301587747596,5.348005304042715,4746.019200346949,4742.072193047032,4749.232284699101,7.160091652069241,3.5,0.1396974356152869,10
2021-10-10,2021-09-14,2021-11-06,9.429699397328768,5.922354173073592,4720.956623570464,4718.933161410503,4723.590569695458,4.657408284954727,4.0,0.1407517990844242,10
2021-10-10,2021-09-14,2021-11-06,716.3892493891125,9.506799517287874,1179.3327543346545,1164.1690976298414,1201.6255956352688,37.45649800542742,12.75,0.6904280923496486,10
2021-10-10,2021-09-14,2021-11-06,5.769642425491736,7.659682925858785,1197.4867030044102,1195.6650844137184,1199.933685418684,4.268601004965603,2.25,0.0489641536748242,10
2021-10-10,2021-09-14,2021-11-06,3.1103350335770004,5.846257673279907,1197.2894742030182,1196.162448611576,1198.8980267927982,2.735578181222081,1.5,0.0366334065071116,10
2021-10-10,2021-09-14,2021-11-06,3.7537218100615126,5.646077497773093,1184.0543502526014,1182.270324902609,1185.1663036425598,2.895978739950806,1.25,0.129213447755323,10
2021-11-14,2021-11-06,2021-11-22,20.597029541688695,13.766163707272677,1188.4993412649503,1184.9274142240174,1192.8921780847013,7.964763860683888,4.0,0.1094751806717309,11
2021-11-14,2021-11-06,2021-11-22,25.871576752813777,13.620619683629132,1178.7469281189683,1173.2100195921955,1183.701107852161,10.49108825996518,4.5,0.1270557531748384,11
2021-11-14,2021-11-06,2021-11-22,2.3901459062546584,6.4767722395158005,908.9744902666142,908.7792356531136,909.508790853899,0.7295552007853985,0.75,0.1869138474246212,11
2021-11-14,2021-11-06,2021-11-22,3.1693865270029753,10.27434467938528,747.3742142256626,747.1090605380014,747.960970079992,0.851909541990608,0.75,0.1649237024312633,11
2021-11-14,2021-11-06,2021-11-22,8.345185571966415,7.1252954652167775,173.05520580002357,88.7834236077033,251.2581852292642,162.4747616215609,1.25,0.5960044101169348,11
2021-12-02,2021-11-22,2021-12-13,4.873676493168203,13.25692961013137,1177.3142660704302,1175.2845444865525,1179.5156129552051,4.231068468652666,2.0,0.0568042234700449,12
2021-12-15,2021-12-13,2021-12-17,3.731641738884477,10.524200870746546,1267.3144958803246,1265.8375987359325,1268.7861126102507,2.9485138743184507,3.0,0.0655663771775172,12
2021-12-15,2021-12-13,2021-12-17,3.882902517307755,15.986395162149416,1190.660393036184,1187.928255952429,1192.8921780847013,4.963922132272273,1.5,0.0594365759728848,12
2021-12-15,2021-12-13,2021-12-17,3.7730467695744982,12.371917366306253,921.7632281515508,920.4635620764456,923.1962687247432,2.732706648297608,2.25,0.0649684920909876,12
2021-12-15,2021-12-13,2021-12-17,4.34574192682514,10.506324953704183,896.2132314729674,895.7941910400987,896.767041423358,0.972850383259356,0.75,0.2592623498401103,12
2021-12-15,2021-12-13,2021-12-17,5.566646022640635,6.8470879879839615,1778.99245122386,1778.8512993645854,1779.38435167633,0.5330523117445409,1.0,0.2930854778731273,12
2021-12-15,2021-12-13,2021-12-17,91.27997374521463,9.750013536820138,3767.1830996242943,3737.315850859508,3809.083635922987,71.7677850634791,10.25,0.3772562271834001,12
2021-12-19,2021-12-17,2021-12-21,2.174824183020927,7.991877240455871,3290.9803489832034,3290.6523718559183,3291.3797097741626,0.7273379182443023,0.75,0.1037424708785672,12
2021-12-19,2021-12-17,2021-12-21,3.1382388107216173,8.507904493295143,3054.926270036698,3054.451981574297,3055.4402522030286,0.9882706287316978,1.25,0.0900166513894928,12
2021-12-19,2021-12-17,2021-12-21,5.376173158667199,14.938278792857243,1186.3599249949466,1184.9274142240174,1188.1671453709714,3.239731146954,4.0,0.06647736897192,12
2021-12-28,2021-12-21,2022-01-04,6.1671799791140485,7.650191010086943,5600.647172313174,5597.492892999202,5603.9832138414495,6.490320842247456,3.25,0.0945701722306946,12
2021-12-28,2021-12-21,2022-01-04,2.45736622334769,5.778393638089222,4773.271557285338,4748.48417357076,4790.72782007698,42.2436465062201,2.25,0.0651534841257628,12
2021-12-28,2021-12-21,2022-01-04,2.240180744592845,12.522151960068166,3778.325612264217,3761.667847862933,3799.718277642969,38.05042978003621,2.75,0.0539081305912719,12
2021-12-28,2021-12-21,2022-01-04,2.2771563474066094,6.574984549180289,2078.072675187434,2073.035433682613,2086.08251193678,13.04707825416699,2.0,0.0569534437807311,12
2021-12-28,2021-12-21,2022-01-04,3.389772467020387,5.034423091339669,1190.1973499228934,1187.4204897633754,1192.6427775551565,5.2222877917811275,1.5,0.0537213693708193,12
2022-01-07,2022-01-04,2022-01-11,2.529609608522058,6.966162477901679,3975.697273527913,3975.449084718246,3976.160767949652,0.7116832314059138,0.75,0.2153554899583309,1
2022-01-07,2022-01-04,2022-01-11,4.788856893999381,13.605101917454157,3782.2321437657984,3763.611749206204,3801.594888630789,37.983139424584806,4.25,0.0637770220714462,1
2022-01-07,2022-01-04,2022-01-11,4.394686785343196,6.857923710024109,3219.3252811319408,3218.9473425759934,3220.095952190459,1.1486096144653857,1.0,0.2263746760642226,1
2022-01-07,2022-01-04,2022-01-11,6.270472180350497,9.503167141806196,1836.3390599461884,1836.0822865674272,1836.7948259999976,0.7125394325703382,0.75,0.1784541781914983,1
2022-01-07,2022-01-04,2022-01-11,2.6018551437011923,9.749979743308115,1830.478206707539,1830.242028045468,1830.953454699833,0.7114266543649137,0.75,0.0159884940591209,1
2022-01-12,2022-01-11,2022-01-14,4.159957387135307,14.50515907370024,3766.519386594428,3765.555578929838,3767.981808345765,2.4262294159270823,3.75,0.084096415033984,1
2022-01-12,2022-01-11,2022-01-14,6.103815158069227,17.135496754064135,1189.8769084330356,1187.4204897633754,1193.336227803491,5.915738040115684,2.5,0.0681130790232464,1
2022-01-24,2022-01-14,2022-02-03,2.703670172218084,15.74785196397419,3770.508016349267,3765.555578929838,3801.594888630789,36.03930970095098,1.75,0.0571915861401528,1
2022-01-24,2022-01-14,2022-02-03,8.502459376221466,5.697898097069867,3580.189542195983,3578.3923016884364,3583.0807194355875,4.688417747151107,3.25,0.1086797021071706,1
2022-01-24,2022-01-14,2022-02-03,4.9121901257808975,5.729636988095006,1181.5381572647825,1178.279018545989,1185.1663036425598,6.887285096570849,2.5,0.077317294207907,1
2022-03-14,2022-03-11,2022-03-18,7.652154588191061,16.24771143206381,3770.839022643918,3763.853147184476,3801.594888630789,37.74174144631252,5.0,0.0669498305410298,3
2022-03-14,2022-03-11,2022-03-18,2.264478665131629,17.578565728492467,3767.805881729894,3767.2533252886496,3768.464918926358,1.2115936377085743,2.0,0.0340310482870037,3
2022-03-20,2022-03-18,2022-03-22,3.806291875228304,6.462267325442952,4617.598928632683,4615.963548803702,4619.013321645558,3.0497728418558836,3.25,0.0586791829567401,3
2022-03-26,2022-03-22,2022-03-31,45.88408730548107,6.188044678366765,4358.347383948323,4352.497259713709,4368.180912763812,15.683653050102292,4.0,0.1857426536256401,3
2022-03-26,2022-03-22,2022-03-31,3.0284028908100997,7.590354729622798,4366.2998048487,4364.160030500032,4368.417321647983,4.257291147951037,2.5,0.0632179095611706,3
2022-03-26,2022-03-22,2022-03-31,3.2985043466097856,7.949864348866594,4360.5017671853675,4359.611671092454,4362.450547800865,2.8388767084106803,1.75,0.0465218587021698,3
2022-03-26,2022-03-22,2022-03-31,5.216294026413523,6.303562774617469,4371.167479023294,4368.178432229441,4374.969783090521,6.791350861079991,3.0,0.0897583929973488,3
2022-03-26,2022-03-22,2022-03-31,2.24356347848176,6.057761169567798,4376.05300638859,4373.78513068147,4378.751780437771,4.966649756301194,2.5,0.0662699577592851,3
2022-03-26,2022-03-22,2022-03-31,2.3445688510368576,10.504822989361864,896.1413262901101,896.0191456051543,896.5026471880265,0.4835015828721225,0.75,0.270959336965042,3
2022-03-26,2022-03-22,2022-03-31,3.6960805405955472,15.663032537164115,1178.629566818167,1177.032076020725,1180.264842515811,3.2327664950862527,3.75,0.0613622509290889,3
2022-03-26,2022-03-22,2022-03-31,9.26154292588966,5.40242524835492,4321.219159873351,4317.228525070939,4325.759308191482,8.530783120542765,2.75,0.1183574538993204,3
2022-03-26,2022-03-22,2022-03-31,15.591710406649105,9.020197566153168,4039.1942982918936,4037.540043067187,4041.895836755168,4.355793687980622,5.0,0.1393259706981675,3
2022-04-07,2022-03-31,2022-04-15,20.701240033850016,5.234619722482169,4332.217942652601,4328.481453500222,4337.326275134925,8.844821634702384,3.75,0.1644320752772698,4
2022-04-07,2022-03-31,2022-04-15,4.699117964479225,6.893902084435784,4352.837856774137,4351.788591333665,4354.349422611296,2.560831277631223,2.0,0.0557986282982525,4
2022-04-07,2022-03-31,2022-04-15,2.924423106104732,6.00728600741038,3578.4328136958848,3577.4533321675844,3579.568454700522,2.1151225329376757,3.25,0.0819133680583394,4
2022-05-07,2022-05-03,2022-05-12,16.29199664123265,7.729436670240061,3016.110198040088,3014.47553242743,3017.6647252202965,3.189192792866379,5.0,0.133569816524981,5
2022-05-18,2022-05-12,2022-05-25,2.9762850433126093,11.703037562084432,3233.2694094139,3233.0818302044645,3233.798829620704,0.7169994162395597,1.0,0.2085707305203565,5
2022-05-18,2022-05-12,2022-05-25,11.954830963977892,9.483946336644909,1836.4124959398791,1836.0822865674272,1837.0316508379765,0.9493642705492676,1.25,0.0464389312383051,5
2022-05-18,2022-05-12,2022-05-25,7.071588442655932,11.61751717983277,1837.2650171347937,1836.9319267459216,1837.8813472827896,0.9494205368682742,1.5,0.3753582077674933,5
2022-06-27,2022-06-23,2022-07-01,5.35291703488268,6.4194802657680405,4720.836748929164,4716.69890204072,4764.864646052476,48.16574401175603,3.0,0.0685590277253034,6
2022-07-12,2022-07-06,2022-07-18,3.1000321510117503,6.849459518296043,5523.523265222769,5518.588436955586,5529.604568696581,11.016131740994751,1.75,0.0710950147845357,7
2022-07-12,2022-07-06,2022-07-18,36.31377932834654,6.664768009485062,5558.619878077297,5529.863503911998,5581.397024932783,51.533521020784974,4.25,0.2391470005858798,7
2022-07-12,2022-07-06,2022-07-18,4.181047978340742,8.097215350397361,5631.922113265614,5628.268811731134,5635.765745847486,7.496934116352349,2.75,0.0801086420392804,7
2022-07-12,2022-07-06,2022-07-18,2.6724736627729895,5.291604326305422,5650.15249938626,5647.982324979268,5652.136031187605,4.153706208337098,2.75,0.0644892100797089,7
2022-07-12,2022-07-06,2022-07-18,76.15407590606372,6.699395444414636,5615.293902345301,5583.198040141724,5648.963884320576,65.7658441788517,6.75,0.3446522923450867,7
2022-07-12,2022-07-06,2022-07-18,2.5626389970309194,10.757389130617629,5585.57578587606,5584.025517613627,5587.731312974822,3.70579536119476,3.0,0.0662554411814331,7
2022-07-12,2022-07-06,2022-07-18,2.089358985198494,6.38430766900509,4846.405286562212,4832.870930423029,4860.384808640927,27.51387821789831,2.0,0.0549685456009557,7
2022-07-12,2022-07-06,2022-07-18,2.5663504427597483,7.505383167586482,5494.920697888812,5490.373092833441,5497.927103316411,7.554010482970625,2.5,0.0711650560267662,7
2022-07-12,2022-07-06,2022-07-18,4.964217553633469,7.221638024211229,5481.062103112661,5472.176445899066,5492.130438688211,19.95399278914556,3.25,0.1080432865060088,7
2022-07-12,2022-07-06,2022-07-18,3.5559975772329326,5.529023862304744,5458.7082264350065,5450.724458059762,5473.686067707371,22.961609647609293,3.0,0.0862660774258317,7
2022-07-12,2022-07-06,2022-07-18,2.6269843994165027,7.599195754263263,5458.530205503926,5456.13829322299,5461.4368053348735,5.2985121118836105,3.25,0.0719274291048077,7
2022-07-23,2022-07-18,2022-07-29,3.277701378264278,14.725423829568433,1263.527946513225,1260.911488792859,1265.8306549256667,4.919166132807732,3.0,0.0733216613299525,7
2022-07-23,2022-07-18,2022-07-29,2.577653077541599,11.477830119488356,1259.0514187865772,1256.972013084218,1261.5183009188622,4.546287834644318,2.5,0.0747588523735176,7
2022-07-23,2022-07-18,2022-07-29,5.2534310587518664,13.180307335031356,1196.82675315334,1194.0918496381491,1200.3817147142254,6.289865076076239,4.75,0.1052210402205511,7
2022-07-23,2022-07-18,2022-07-29,4.033565713850548,11.959018916953076,1190.956222130483,1186.423328192439,1194.3307390566915,7.907410864252597,3.5,0.0826687498271849,7
2022-07-23,2022-07-18,2022-07-29,2.803328925120858,12.113353028035728,1202.575971844103,1199.9438272998668,1205.5423573297448,5.59853002987802,2.0,0.0705315665234451,7
2022-07-23,2022-07-18,2022-07-29,3.5160179997033527,9.048793028602429,1337.3035717670018,1331.8936609211378,1349.8836761121638,17.990015191026032,2.25,0.081276347303123,7
2022-07-23,2022-07-18,2022-07-29,2.193262026678156,6.982167518700013,1381.7295207399382,1377.4508786131628,1389.3735822420567,11.922703628893942,1.75,0.0647010923128887,7
2022-07-23,2022-07-18,2022-07-29,4.348422086934122,7.6600660985929965,1360.0104993758912,1353.882119857706,1369.6342476187274,15.752127761021256,2.25,0.0860836911132212,7
2022-07-23,2022-07-18,2022-07-29,2.966331357354913,9.587876585802718,1319.2303726866417,1314.4006890794262,1329.1411269181408,14.74043783871457,2.0,0.07592055593303,7
2022-07-23,2022-07-18,2022-07-29,9.569014032598997,9.425698341100286,1291.8017291935796,1285.8967327438295,1300.4922781288624,14.595545385032892,5.0,0.1354494677354645,7
2022-07-23,2022-07-18,2022-07-29,4.956318256952883,11.615700450700103,1281.205852360583,1276.6572204399854,1285.9209173535928,9.26369691360742,2.5,0.0924880720708243,7
2022-07-23,2022-07-18,2022-07-29,7.50707214707719,9.474821537524557,1302.3616137238737,1298.1433507879265,1306.3810784663074,8.237727678380907,4.25,0.1163434371303273,7
2022-07-23,2022-07-18,2022-07-29,2.471148769183429,16.35041999374391,969.551896605878,959.292233387474,991.19447181141,31.90223842393607,3.0,0.0612028675900144,7
2022-07-23,2022-07-18,2022-07-29,2.7533846727203297,16.889779708441626,984.8288917734484,976.994704502169,1007.1357080545276,30.1410035523586,5.25,0.0695411286808567,7
2022-07-23,2022-07-18,2022-07-29,2.6336101766068394,13.023156745562414,971.5866557168544,966.4518483323044,997.6556723052636,31.20382397295907,2.0,0.0734177526743706,7
2022-07-23,2022-07-18,2022-07-29,3.2982603807910995,18.330923929667687,967.8437360611211,965.510195731651,969.949277818203,4.4390820865519345,4.75,0.0783073048829274,7
2022-07-23,2022-07-18,2022-07-29,4.253438579119285,12.78703153623152,941.7987927023956,939.4081793641672,960.6867173011416,21.278537936974317,3.5,0.0889384733284404,7
2022-07-23,2022-07-18,2022-07-29,2.3920895702862737,12.168932342348878,935.9771946979312,930.741704177577,950.8452626406216,20.103558463044465,2.25,0.0689381887781059,7
2022-07-23,2022-07-18,2022-07-29,3.0132492988789923,15.173554075029688,951.9906985284574,948.5550745530054,978.0181957329625,29.463121179956943,3.25,0.0703869916600608,7
2022-07-23,2022-07-18,2022-07-29,2.8253432419854403,14.607543485063657,949.4105718273124,943.1010449635796,970.5290992949158,27.42805433133617,3.5,0.073818891498546,7
2022-07-23,2022-07-18,2022-07-29,2.302414543685578,14.623487788121444,1003.3024025767004,990.951619093772,1020.2847840767354,29.333164982963353,2.25,0.0621716409174466,7
2022-07-23,2022-07-18,2022-07-29,2.515712455487773,12.326751771886569,1059.1669626971227,1053.5803403239695,1068.6380583560094,15.057718032039702,1.5,0.0688514381645077,7
2022-07-23,2022-07-18,2022-07-29,2.1116032928507775,8.048046065842689,1722.5975128012776,1719.2828389708884,1725.8118983218446,6.529059350956231,1.5,0.0513970296026045,7
2022-07-23,2022-07-18,2022-07-29,2.13000548226229,8.251841182181057,1715.3090957066274,1710.9795327503234,1721.1438350728713,10.164302322547885,1.75,0.0579856550517388,7
2022-07-23,2022-07-18,2022-07-29,6.96115673253457,8.254538876116825,1692.534545908381,1680.5670483410358,1704.4014012757689,23.834352934733033,2.25,0.0973238581214908,7
2022-07-23,2022-07-18,2022-07-29,4.344985901537807,11.807204631346869,1679.9125350311158,1674.9288328425027,1684.2929445528423,9.364111710339785,4.0,0.0763981150351178,7
2022-07-23,2022-07-18,2022-07-29,4.324459387971908,8.470824599659668,1675.1506328996625,1668.2865510061383,1680.8059377595782,12.519386753439903,2.25,0.0826894104985564,7
2022-07-23,2022-07-18,2022-07-29,3.589930266355658,12.38663372684697,1669.297863709645,1665.374701488763,1674.3150269719772,8.94032548321411,3.25,0.0805251660153627,7
2022-07-23,2022-07-18,2022-07-29,2.0551804788640884,5.600939802014679,1935.9714635874136,1934.6007782751697,1937.4381009615024,2.8373226863332093,2.5,0.0624729222031461,7
2022-07-23,2022-07-18,2022-07-29,2.4923997149110586,6.262198101833382,1901.1331213809417,1896.1571175772697,1904.8801848837177,8.723067306447774,3.0,0.0634410120624695,7
2022-07-23,2022-07-18,2022-07-29,6.501582523312178,5.000051920540542,1446.5944914396011,1435.4669701536186,1456.5051827267744,21.03821257315576,3.25,0.0810067547315085,7
2022-07-23,2022-07-18,2022-07-29,2.1123406847634634,5.403667446843165,1473.471098335808,1471.3418463021517,1476.0989885516465,4.757142249494791,4.0,0.0610299359195753,7
2022-07-23,2022-07-18,2022-07-29,3.9846167344900225,7.450723190371991,1603.8432850922477,1600.9259779728018,1608.4933966724202,7.567418699618429,4.75,0.0813482040075175,7
2022-07-23,2022-07-18,2022-07-29,2.3591334611065498,6.7560013836879165,1594.2859961363454,1591.930910072755,1596.6609447803348,4.730034707579762,3.25,0.0674397846220486,7
2022-07-23,2022-07-18,2022-07-29,3.982848116679844,11.298623437948956,1615.0974407554988,1609.903315280564,1618.0965936784633,8.193278397899121,3.5,0.175474684404806,7
2022-07-23,2022-07-18,2022-07-29,7.451107104938785,8.213614946971985,1612.7438661453762,1607.705606491305,1618.0965936784633,10.390987187158316,4.5,0.1199913413690234,7
2022-07-23,2022-07-18,2022-07-29,2.5399290341795417,6.404128282029065,1575.8021739709427,1570.246863364242,1580.1886528613977,9.941789497155696,1.5,0.1766919695843727,7
2022-07-23,2022-07-18,2022-07-29,5.256172135662577,12.354533752018476,1586.843389013865,1582.0640213666484,1591.113261830527,9.04924046387896,4.75,0.0977506554775831,7
2022-07-23,2022-07-18,2022-07-29,3.760086720006801,6.314634393577632,335.1918608363222,239.13934477139264,365.39966202666983,126.2603172552772,2.25,0.0887727750288192,7
2022-07-23,2022-07-18,2022-07-29,13.787250643392486,8.90108756667117,313.49056105581326,220.41856087278575,368.5651860735379,148.14662520075217,7.25,0.1682846426172468,7
2022-07-23,2022-07-18,2022-07-29,3.991998955024173,9.258087799514158,203.43080285978584,183.57155152456835,327.2021138272248,143.63056230265647,4.25,0.086930785758913,7
2022-07-23,2022-07-18,2022-07-29,13.835619658967143,8.736398626009663,238.01125630907688,182.22792678093535,334.7313309083693,152.5034041274339,8.0,0.1620571517495461,7
2022-07-23,2022-07-18,2022-07-29,2.9317414834417774,6.810993089644641,399.5064219442774,393.8647685707547,403.7911232677288,9.926354696974158,2.75,0.0921266099942552,7
2022-07-23,2022-07-18,2022-07-29,116.1766218781328,7.9132807266165965,401.5581151206967,297.67049125628546,537.696036175359,240.0255449190736,6.5,0.4635071116827305,7
2022-07-23,2022-07-18,2022-07-29,2.0383340567908346,6.157172786047441,378.96847683427234,275.7105908342637,399.4241309580393,123.7135401237756,1.75,0.0626821061611881,7
2022-07-23,2022-07-18,2022-07-29,9.238604345864736,5.14668400163015,1579.556924752368,1567.987912205048,1589.0131859108806,21.02527370583266,3.5,0.1096244757367415,7
2022-07-23,2022-07-18,2022-07-29,12.256390572858333,5.916945340179479,1182.203397361884,1175.2845444865525,1190.8990269531496,15.61448246659711,4.5,0.1513343345023221,7
2022-07-23,2022-07-18,2022-07-29,6.536835793140606,6.572724048783636,1656.8815100392435,1651.1579189416952,1667.4636324825697,16.30571354087442,4.0,0.1092134266249889,7
2022-07-23,2022-07-18,2022-07-29,7.465723135955817,7.479197594890151,153.40733873399105,87.75779035594314,250.69818992028013,162.940399564337,0.75,0.4187047234725094,7
2022-07-23,2022-07-18,2022-07-29,3.174846284941407,6.7817165934924235,1684.543322527384,1679.2236168445088,1690.8703438756056,11.646727031096816,2.5,0.0775666603951774,7
2022-07-23,2022-07-18,2022-07-29,3.3254444438400026,6.867524189304654,1670.7125104787517,1664.5287607610226,1679.2262715315446,14.697510770522058,1.5,0.0791133985615522,7
2022-07-23,2022-07-18,2022-07-29,4.399400312460456,5.876504943770933,1739.32590922521,1735.4955701627769,1745.7274082866495,10.231838123872876,2.75,0.0809196267865586,7
2022-07-23,2022-07-18,2022-07-29,2.329215428107139,7.267935202751332,1726.8060922126374,1722.2852553594855,1731.885064224247,9.599808864761144,1.75,0.0560725032247361,7
2022-07-23,2022-07-18,2022-07-29,9.8311853749831,19.45877204278895,829.3676126899875,824.3364353724755,833.8624479952268,9.526012622751296,7.5,0.1335135443173585,7
2022-07-23,2022-07-18,2022-07-29,2.0981077726514177,5.284904948272365,870.7668384135561,868.6578236981295,872.5535967722535,3.895773074124008,2.0,0.0624936113523555,7
2022-07-23,2022-07-18,2022-07-29,4.277529979755739,25.88062243632855,806.3309217471932,804.6866486240178,807.4462561518885,2.759607527870685,2.5,0.1127389971916736,7
2022-07-23,2022-07-18,2022-07-29,18.03899782570614,8.43638555213997,820.1156471874524,801.2152873487212,841.4611762105487,40.24588886182755,6.0,0.1764336471170935,7
2022-07-23,2022-07-18,2022-07-29,4.3188862770043785,20.273353974202823,806.4318104949562,802.4796263724566,810.3073820024729,7.827755630016327,6.25,0.0908966592962978,7
2022-07-23,2022-07-18,2022-07-29,12.946729989554964,18.58617884166799,817.7899256705963,812.8652760731056,824.5753247910179,11.710048717912288,7.5,0.1553424335538022,7
2022-07-23,2022-07-18,2022-07-29,2.7526425030192736,14.946599078563777,921.48516854907,920.4831492491066,923.1962687247432,2.7131194756366313,3.25,0.0893604650493928,7
2022-07-23,2022-07-18,2022-07-29,3.449715256866943,16.376249148539955,882.7833198489168,880.5675023570657,886.5917330835946,6.024230726528913,2.25,0.0786784351854519,7
2022-07-23,2022-07-18,2022-07-29,4.329300362593959,11.00475141898002,896.1773563720701,895.7941910400987,896.767041423358,0.972850383259356,0.75,0.2223745365684259,7
2022-07-23,2022-07-18,2022-07-29,52.90900410160344,14.193672294544813,804.148954373817,778.9946003858931,832.5583580741659,53.563757688272744,9.75,0.2964728597315691,7
2022-07-23,2022-07-18,2022-07-29,2.111963657538649,6.0507342851294945,564.2305615072221,546.910532255657,594.5244406736456,47.61390841798857,2.25,0.068410743623537,7
2022-07-23,2022-07-18,2022-07-29,3.376705872772019,6.403543236932196,759.9396045464455,755.0060698329471,762.5546895931475,7.548619760200381,2.5,0.1008525826087192,7
2022-07-23,2022-07-18,2022-07-29,3.087981075681607,12.26009728343817,750.9445600681403,750.7754081049934,751.6274081682786,0.8520000632852316,0.75,0.1750587228660216,7
2022-07-23,2022-07-18,2022-07-29,2.3109436723181505,10.47091668166654,738.1457287611212,737.5877314037643,740.0956230228767,2.5078916191123426,2.25,0.2097687362036882,7
2022-07-23,2022-07-18,2022-07-29,19.74906539218117,19.088317396407177,777.1681532276747,767.3001419305801,788.383978641592,21.083836711011827,7.0,0.1913406846040777,7
2022-07-23,2022-07-18,2022-07-29,3.1684150831824724,13.217761085291992,769.4425525257301,763.8450359064154,774.9007095624693,11.05567365605384,2.75,0.083259971099654,7
2022-07-23,2022-07-18,2022-07-29,3.655843738884553,12.866211102520484,661.4475363686547,649.8236331283115,681.85134218866,32.02770906034857,1.75,0.086332879314005,7
2022-07-23,2022-07-18,2022-07-29,18.860286686903898,5.992871447346952,729.0758926323107,719.440790861845,737.5320014236495,18.091210561804473,7.0,0.2180977063999267,7
2022-07-31,2022-07-29,2022-08-02,4.953523609090066,5.035105711198585,757.4751990526247,754.0855145235546,760.0947195338085,6.009205010253936,5.5,0.2070394629394023,7
2022-08-08,2022-08-02,2022-08-15,3.1282066495899294,6.864247035051614,1304.6418539123297,1302.653259826824,1306.630883295555,3.9776234687305982,4.5,0.0769505566118733,8
2022-08-08,2022-08-02,2022-08-15,2.527668930608174,9.377972902393967,25.24601392487653,24.57889291876927,26.879673880524933,2.300780961755663,3.0,0.1195140670453143,8
2022-08-08,2022-08-02,2022-08-15,5.863018804743326,10.508164736807906,896.3124708204487,896.0191456051543,896.767041423358,0.7478958182036877,0.75,0.2585321211215596,8
2022-08-08,2022-08-02,2022-08-15,4.191459973647911,9.239685238883864,896.1977066362084,895.7941910400987,896.767041423358,0.972850383259356,0.75,0.25118851259331,8
2022-08-08,2022-08-02,2022-08-15,2.127831648275908,9.32714820314954,752.5367301355658,751.6950738686137,754.9381075594574,3.243033690843731,3.75,0.083753591702298,8
2022-09-03,2022-08-30,2022-09-08,4.7243412231807325,7.43077401622523,1317.098162597584,1313.410984150134,1328.8387382035144,15.42775405338034,4.0,0.0770603956325211,9
2022-09-24,2022-09-21,2022-09-28,2.117869362299144,12.52405643856847,2987.7810039991077,2987.5694379550405,2988.275675214827,0.706237259786576,0.75,0.0884822227685355,9
2022-09-24,2022-09-21,2022-09-28,6.028452772924015,13.911271340135457,2989.871538146871,2989.3597869900987,2991.030142023228,1.6703550331294537,1.0,0.2452404035539901,9
2022-09-24,2022-09-21,2022-09-28,2.82923068949338,6.4513469258688385,3181.7897996325546,3181.373296197038,3182.089959337376,0.7166631403379142,3.0,0.1164359260282554,9
2022-09-24,2022-09-21,2022-09-28,5.421050327611026,8.278577313797815,3111.9877016354367,3111.800591475796,3112.5341515010223,0.7335600252263248,5.75,0.2646862673178374,9
2022-09-24,2022-09-21,2022-09-28,3.0602033127052706,9.314479562065165,2073.354055018929,2073.0744562689215,2074.0232237982564,0.948767529334873,1.25,0.1215999120408639,9
2022-09-24,2022-09-21,2022-09-28,3.784603821587097,8.848509475387159,1836.5308752079857,1836.3191116219384,1837.0316508379765,0.7125392160378397,0.5,0.0341188988570895,9
2022-09-24,2022-09-21,2022-09-28,2.8231067592490464,13.639061459446609,2545.2298278272324,2543.8750289659947,2546.7944982554764,2.91946928948164,2.5,0.0578959747805701,9
2022-09-24,2022-09-21,2022-09-28,3.791617017691956,9.53151122112419,1836.374358029057,1836.0822865674272,1837.0316508379765,0.9493642705492676,1.0,0.2139315268704544,9
2022-09-24,2022-09-21,2022-09-28,2.0940689289744756,5.3690700349042,4036.308497351803,4033.9596172883175,4038.488252829294,4.52863554097712,3.5,0.0950689757998302,9
2022-09-24,2022-09-21,2022-09-28,2.3821481871336325,11.448561806184484,3947.19849773058,3946.9891004967503,3947.700762491208,0.7116619944572449,0.75,0.1286389358542217,9
2022-09-24,2022-09-21,2022-09-28,3.967188377793197,7.798019351803713,3245.827698775849,3245.2294886275195,3246.6724857939407,1.4429971664212644,5.75,0.2088983822839196,9
2022-09-24,2022-09-21,2022-09-28,2.593179396687988,9.594586617931562,3236.041321110768,3235.738684007898,3236.695105329156,0.9564213212579488,1.0,0.0970357478358041,9
2022-09-24,2022-09-21,2022-09-28,4.505410239166952,9.991852319336116,3827.468402345463,3827.245292983483,3827.9640729539096,0.7187799704261124,0.75,0.1779965962926732,9
2022-09-24,2022-09-21,2022-09-28,2.2558895752550012,8.482715204062293,3638.387968438909,3637.630617968272,3639.293206639122,1.6625886708498,1.0,0.0719911411475726,9
2022-09-24,2022-09-21,2022-09-28,4.156733813321496,12.253060661367224,1829.107071588489,1828.87088014232,1829.5813057892956,0.7104256469756365,0.75,0.169025365419051,9
2022-09-24,2022-09-21,2022-09-28,13.00999859788647,6.912430508947351,950.4786426469168,943.5997828682883,978.0181957329625,34.41841286467388,8.0,0.1411670913940188,9
2022-09-24,2022-09-21,2022-09-28,2.4381508543554595,7.388444692915656,940.1676302739518,932.7417239798232,950.8452626406216,18.103538660798225,3.0,0.1055442423219477,9
2022-09-24,2022-09-21,2022-09-28,3.3132962002388666,9.538588453238267,1139.6879808363333,1137.137243877165,1144.3900252659805,7.252781388815492,4.5,0.0873999723766683,9
2022-09-24,2022-09-21,2022-09-28,2.0873082389850173,6.668568169853105,909.2655569245748,908.0398094337434,910.5352253946476,2.495415960904211,2.75,0.0792236789886868,9
2022-09-24,2022-09-21,2022-09-28,3.7842654347257314,9.893806487640104,1834.5855289119409,1831.3714672545905,1850.591496767476,19.22002951288596,2.0,0.2042505997993826,9
2022-09-24,2022-09-21,2022-09-28,2.1486080401736034,5.460543645395413,902.3887991383446,901.6989019806496,903.9356128959917,2.2367109153419733,5.0,0.0600659397494451,9
2022-09-24,2022-09-21,2022-09-28,2.310994316874883,9.832779198882722,898.1170245078894,897.3602586579509,899.0659607490525,1.705702091101557,4.75,0.3209900853403669,9
2022-09-24,2022-09-21,2022-09-28,2.4105344611813497,11.195373916304376,881.3793628031223,879.5083796563558,884.6415848555043,5.133205199148506,2.0,0.0915415541736841,9
2022-09-24,2022-09-21,2022-09-28,2.2927312805496713,9.286306838419774,1455.5160779093665,1452.6038278136402,1457.8177388962358,5.213911082595587,3.75,0.0505079337057906,9
2022-09-24,2022-09-21,2022-09-28,2.998145097335167,9.792716518116988,1830.3773576015049,1829.4951081108304,1831.1897234474309,1.694615336600691,1.5,0.2396769446707214,9
2022-09-24,2022-09-21,2022-09-28,3.917249082348104,8.498559733848861,1790.5238487405536,1788.7758418805895,1791.5745990844443,2.7987572038546205,1.75,0.4176888050844907,9
2022-09-24,2022-09-21,2022-09-28,4.308762083724196,5.337818626098207,1346.856789098499,1342.44053356722,1359.448495067656,17.007961500436068,3.5,0.1022975694604,9
2022-09-24,2022-09-21,2022-09-28,2.0672161458267366,7.630722291919907,1250.381441181096,1248.0998698486949,1253.0164007497951,4.9165309011004865,4.0,0.0612713639095408,9
2022-09-24,2022-09-21,2022-09-28,2.587620380196152,7.224651059381431,1260.9725198531562,1260.4066881281324,1261.764464680571,1.357776552438736,3.5,0.197179965585994,9
2022-10-01,2022-09-28,2022-10-05,2.096804690595623,9.448402498945434,2974.283510165931,2974.0451245713048,2974.7506097536534,0.7054851823486388,0.75,0.1151256179913007,10
2022-10-01,2022-09-28,2022-10-05,4.00688325885823,10.9938930734508,1837.4090405886843,1837.1687704757787,1837.8813472827896,0.7125768070109189,0.75,0.046902945568758,10
2022-10-01,2022-09-28,2022-10-05,2.6492970891648437,11.791392345282288,971.9285680134832,966.9740659240632,997.6556723052636,30.681606381200258,1.5,0.0584093234053956,10
2022-10-15,2022-10-11,2022-10-19,2.3777816468968056,5.940716094844192,4095.2818253212768,4094.503091399558,4097.367327717133,2.864236317574978,2.0,0.0497428730318005,10
2022-10-22,2022-10-19,2022-10-25,2.020028020370286,9.477488384606628,2974.0716229759073,2973.814658238087,2974.5173117672093,0.7026535291224718,0.75,0.1475550264002545,10
2022-10-22,2022-10-19,2022-10-25,3.3277307947425174,10.506835155479124,896.3099216303697,896.0388447553851,896.767041423358,0.7281966679729521,0.75,0.2694069530673104,10
2022-11-10,2022-11-07,2022-11-14,3.9150435955137666,5.723368344328505,4025.1866653299935,4022.9484893549234,4026.968624781351,4.020135426428169,3.5,0.1198198335904776,11
2022-11-10,2022-11-07,2022-11-14,2.1782152780394908,7.401083528702735,3322.6408606389455,3322.373916112352,3323.1082208720036,0.7343047596514225,0.75,0.1497550390478075,11
2022-11-10,2022-11-07,2022-11-14,2.041681614212869,6.003914310973418,3287.147596940677,3286.794790538028,3287.5225720573217,0.7277815192937851,4.25,0.1886760560317468,11
2022-11-10,2022-11-07,2022-11-14,7.1358678518396434,5.7726620717375505,3285.039104563633,3284.473637243267,3285.4457919406705,0.9721546974033116,4.75,0.2456941694225412,11
2022-11-10,2022-11-07,2022-11-14,21.347782658998185,7.54066477233046,4843.3853267517,4831.892092647031,4862.31488140719,30.422788760159165,4.75,0.1202839796309307,11
2022-11-10,2022-11-07,2022-11-14,4.982205449070875,6.509492244265625,4099.328165781242,4097.364940830972,4102.072681738995,4.70774090802297,2.75,0.0882202693769285,11
2022-11-10,2022-11-07,2022-11-14,4.1337528901471385,7.227227880292835,4095.344279877541,4093.7936083613895,4096.486613365356,2.693005003966391,2.5,0.0606088127726778,11
2022-11-10,2022-11-07,2022-11-14,3.706038705729842,11.01072928049141,1214.393884230357,1212.1761259743944,1217.355530037545,5.179404063150287,2.0,0.0669193094182973,11
2022-11-10,2022-11-07,2022-11-14,6.839515494782236,10.807654649113031,1209.62161247982,1206.5467225126922,1212.2105596456677,5.663837132975459,3.0,0.0927584050662233,11
2022-11-10,2022-11-07,2022-11-14,2.524771022794191,7.881498091715456,1463.9935701099544,1462.5579491672106,1466.5829700278118,4.0250208606012166,3.25,0.0636800763918921,11
2022-11-10,2022-11-07,2022-11-14,6.462170606763411,6.867634822082126,1312.0371084999704,1310.53773830086,1314.1512970486656,3.613558747805655,4.25,0.0832010575725694,11
2022-11-10,2022-11-07,2022-11-14,3.715362918069679,11.238881314258554,1837.400504083128,1837.1687704757787,1837.8813472827896,0.7125768070109189,0.75,0.1851018453179875,11
2022-11-10,2022-11-07,2022-11-14,2.98659849673463,9.376886671245927,2974.391938190247,2974.0451245713048,2974.9839076492935,0.9387830779887736,1.0,0.0861153086327115,11
2022-12-09,2022-12-07,2022-12-12,3.3433977600340734,14.034654761724008,2990.519637726222,2990.3238954385743,2991.030142023228,0.7062465846538544,0.75,0.2739036890998081,12
2022-12-09,2022-12-07,2022-12-12,4.680112459841185,8.57871265049863,3792.853168552509,3792.4256234923378,3793.388707844541,0.9630843522027136,1.0,0.1583133270334591,12
2022-12-09,2022-12-07,2022-12-12,4.340837527062464,9.991818377810796,3827.715181760186,3827.4852382191457,3828.2040183478966,0.7187801287509501,0.75,0.1275695076088534,12
2022-12-09,2022-12-07,2022-12-12,2.8004887091014536,9.505831616615271,2974.173046811158,2973.814658238087,2974.7506097536534,0.9359515155665576,0.75,0.1190055098167097,12
2022-12-27,2022-12-20,2023-01-04,4.592010878395718,17.972276267804908,3766.7124104758927,3765.555578929838,3768.2233634735458,2.667784543707967,3.5,0.2407308809722907,12
2022-12-27,2022-12-20,2023-01-04,2.9344047421243973,11.49940189208678,3232.61226050532,3232.3655747012235,3233.0825831070542,0.7170084058307111,0.75,0.0973621964107174,12
2022-12-27,2022-12-20,2023-01-04,2.408762021140475,14.556444701032683,3565.114107076326,3563.0830454798415,3566.557813614607,3.474768134765327,2.75,0.0464407360212798,12
2022-12-27,2022-12-20,2023-01-04,2.104805694446154,5.720674397145774,3669.971058945905,3669.559274906758,3670.4931304426864,0.93385553592816,0.75,0.0252849614196823,12
2022-12-27,2022-12-20,2023-01-04,4.275762257780879,5.980828735648239,1824.5024271824163,1824.2440152885392,1824.96739286324,0.7233775747008622,1.0,0.0590105154808473,12
2022-12-27,2022-12-20,2023-01-04,6.819815717771557,11.349570079377708,1837.301996977695,1836.9319267459216,1837.8813472827896,0.9494205368682742,1.0,0.1492127925370079,12
2022-12-27,2022-12-20,2023-01-04,4.131412132179551,9.73551534050778,1850.336577272055,1850.0849869027736,1850.8591172024608,0.7741302996873856,0.75,0.1704313020355585,12
2022-12-27,2022-12-20,2023-01-04,8.075070917526354,11.21407371367498,1811.7179219866496,1811.118486416526,1812.4669857495464,1.3484993330202997,0.75,0.0322389201514705,12
2023-01-06,2023-01-04,2023-01-09,3.4539001217009693,20.270618632550917,3767.489438706652,3766.528651162982,3768.464918926358,1.936267763376236,2.5,0.042321235227799,1
2023-01-06,2023-01-04,2023-01-09,3.904700280914428,8.179249158351073,2074.7167150651753,2073.271088030655,2075.847717518918,2.576629488263279,4.75,0.0742767368173713,1
2023-01-20,2023-01-17,2023-01-24,2.0039507027800285,10.49111325744017,3561.70277420386,3560.710159951821,3563.5547734834254,2.844613531604409,3.0,0.0421135534757044,1
2023-01-20,2023-01-17,2023-01-24,7.5014162609261374,6.360282776464226,3560.8039737429312,3558.379656274803,3565.587090186309,7.207433911506087,5.25,0.0818639091734263,1
2023-01-20,2023-01-17,2023-01-24,67.44380429548042,6.731470420466813,5108.159381109752,5101.239459680393,5131.415030896664,30.175571216270328,5.25,0.1596632050261281,1
2023-01-20,2023-01-17,2023-01-24,5.342608896750221,5.728516781035952,2934.285308787049,2932.3681112336926,2937.0075698052533,4.639458571560681,2.25,0.0689484835164944,1
2023-01-31,2023-01-24,2023-02-07,5.90582659409903,7.5263569790644045,1768.318309907711,1768.0060345204547,1768.8383501223288,0.8323156018741429,0.75,0.3671349757832498,1
2023-01-31,2023-01-24,2023-02-07,3.2651680449204523,8.754249488682234,1763.461892190096,1763.161611282267,1763.9948587110266,0.8332474287599325,0.75,0.0917752717890474,1
2023-01-31,2023-01-24,2023-02-07,7.265170810745824,7.520202126111871,3580.4687574830705,3578.3923016884364,3583.0807194355875,4.688417747151107,3.75,0.0889652496154935,1
2023-02-23,2023-02-16,2023-03-02,7.464705705922246,7.07489572937847,3560.8131292345347,3558.612376085017,3563.7876122640446,5.175236179027706,5.5,0.0866117200634664,2
2023-02-23,2023-02-16,2023-03-02,9.439420345270449,6.18475033320667,4874.456077324751,4870.590037542395,4890.31463094987,19.724593407474455,4.75,0.1161844097642261,2
2023-02-23,2023-02-16,2023-03-02,2.802596549885962,5.839933338936352,1253.5629879815135,1252.4018360953778,1255.2417187397368,2.8398826443590224,2.75,0.0517933770305589,2
2023-02-23,2023-02-16,2023-03-02,2.0299001255915496,17.946682039309835,1192.7472088616416,1191.9050872600635,1193.8349673971534,1.92988013708964,2.5,0.0393418375538096,2
2023-02-23,2023-02-16,2023-03-02,4.620703289233296,18.104967343565207,1188.1726096724758,1186.173803657293,1190.8990269531496,4.725223295856267,2.75,0.054717755521792,2
2023-03-11,2023-03-07,2023-03-16,6.379827395029553,11.702785907913874,1837.2941196886245,1836.9319267459216,1837.8813472827896,0.9494205368682742,1.25,0.2905953187744803,3
2023-03-11,2023-03-07,2023-03-16,2.4300772281216925,7.113378088859369,1803.7833357002044,1803.2434195969256,1804.675627766177,1.4322081692516804,1.0,0.1139165700263367,3
2023-03-11,2023-03-07,2023-03-16,8.93358842515447,7.195431985361401,1301.4059620445498,1298.1433507879265,1305.6358744893223,7.49252370139584,4.5,0.1080546847606145,3
2023-03-11,2023-03-07,2023-03-16,3.196299390839478,11.11071712561034,948.2527855688968,937.3901647338644,958.416046624072,21.02588189020753,1.5,0.0410152736208485,3
2023-03-19,2023-03-16,2023-03-22,3.483109250350856,11.705564395413711,3233.385947120685,3233.0818302044645,3233.798829620704,0.7169994162395597,0.75,0.1108310247714328,3
2023-03-28,2023-03-22,2023-04-04,17.28532165747136,7.714321351078678,1771.468940580853,1770.8657122869045,1772.251981455367,1.3862691684626045,1.25,0.0244131675892367,3
2023-03-28,2023-03-22,2023-04-04,5.213375753276608,7.145494500509432,1778.5178006660844,1778.2629735940136,1779.0901887831278,0.827215189114213,1.0,0.1616836506670194,3
2023-03-28,2023-03-22,2023-04-04,3.569981745737922,16.628474679415618,1188.7540350009508,1186.6728526847437,1190.8990269531496,4.2261742684058845,3.25,0.0727502677520974,3
2023-04-22,2023-04-18,2023-04-27,6.58818196809385,9.751639871819858,3931.9768195429697,3931.741812027059,3932.466970057693,0.7251580306328833,0.75,0.1438429829512255,4
2023-05-17,2023-05-11,2023-05-23,19.05794409041764,5.543141747554427,3466.935976140905,3463.401254705619,3469.3776709991507,5.976416293531656,4.25,0.111511545423989,5
2023-06-05,2023-06-02,2023-06-09,3.4554930363438094,11.73997887806781,3233.3642898637936,3233.0818302044645,3233.798829620704,0.7169994162395597,0.75,0.1403122294180492,6
2023-06-23,2023-06-20,2023-06-26,2.8669214675039054,11.50205904029984,3232.6254087671787,3232.3655747012235,3233.0825831070542,0.7170084058307111,0.75,0.1077626160554645,6
2023-06-30,2023-06-26,2023-07-05,2.121364015880646,7.3952725874556435,3759.4119729702343,3758.244927409105,3760.7057675728574,2.4608401637524366,2.75,0.0517287430177931,6
2023-07-08,2023-07-05,2023-07-12,3.571768280254491,7.754529085770677,1826.6245671528975,1826.3848661710508,1827.0948261697777,0.7099599987268448,0.75,0.0922347474640905,7
2023-07-08,2023-07-05,2023-07-12,2.874838860057946,9.767200171262154,3244.668635735125,3244.5087819471955,3245.2281424850225,0.7193605378270149,0.75,0.0928887267717559,7
2023-07-21,2023-07-18,2023-07-24,3.618572689582407,19.25005033840613,5012.35708080854,5012.113436357118,5012.840374551248,0.726938194129616,0.75,0.0177147921126979,7
2023-07-28,2023-07-24,2023-08-01,2.6199916283569302,5.621696254780938,3118.6099198347206,3118.525716327131,3119.0098852566443,0.4841689295135438,1.5,0.2189621226905003,7
2023-07-28,2023-07-24,2023-08-01,2.6677074008165853,5.03679081159896,3922.413928750561,3922.184140042402,3922.8961002803408,0.7119602379389107,0.75,0.3526660983096663,7
2023-07-28,2023-07-24,2023-08-01,3.7720143492299134,11.491507250649429,1837.418714648517,1837.1687704757787,1837.8813472827896,0.7125768070109189,0.75,0.1268391222621945,7
2023-07-28,2023-07-24,2023-08-01,4.490252705560438,5.157190665588798,3948.2584461129127,3947.968030776829,3948.9159369636327,0.9479061868041754,1.0,0.2791505313816866,7
2023-07-28,2023-07-24,2023-08-01,3.3377987892869867,19.49966442172464,1205.5917830351552,1205.3034679112025,1206.0393225657754,0.7358546545729041,0.75,0.2849113986370399,7
2023-07-28,2023-07-24,2023-08-01,2.408542840098962,5.5331222569366965,1183.4686551617165,1183.2124938289635,1183.9508324936032,0.7383386646397412,0.75,0.3896603759782113,7
2023-07-28,2023-07-24,2023-08-01,3.2297694108808415,6.941282770590243,81.43900735595653,81.23188260570168,81.80796952918172,0.5760869234800339,1.0,0.3772618942731354,7
2023-07-28,2023-07-24,2023-08-01,14.700897080194112,7.205693470116534,136.93725576604547,87.75779035594314,251.2581852292642,163.50039487332106,1.5,0.6964438647317372,7
2023-07-28,2023-07-24,2023-08-01,3.609340210779291,10.512275849242489,896.3147015465233,896.0388447553851,896.767041423358,0.7281966679729521,0.75,0.2376813601822869,7
2023-07-28,2023-07-24,2023-08-01,2.9344770061735064,9.234718630101526,895.3226954641078,895.0491700856946,895.7774560288526,0.7282859431579709,0.75,0.1556677643735793,7
2023-08-12,2023-08-07,2023-08-17,2.397013857593042,7.210087584307508,3306.6058548108563,3305.802751583513,3308.6545275999233,2.85177601641044,2.0,0.0440657163808533,8
2023-08-19,2023-08-17,2023-08-22,3.6160203950347007,7.180466192284021,3304.643996258508,3303.58394526504,3306.0416410020553,2.457695737015456,3.25,0.0608161171934207,8
2023-08-19,2023-08-17,2023-08-22,3.0175096527692773,6.484916091399234,1370.267437892002,1368.511804234702,1372.208567420952,3.696763186249882,2.0,0.0509929646805884,8
2023-08-26,2023-08-22,2023-08-31,21.73981213929716,5.191898367596479,3312.2062414765473,3306.293795700185,3317.8109652665444,11.517169566359373,4.75,0.1455480650155927,8
2023-08-26,2023-08-22,2023-08-31,6.904119196351618,11.13092689155009,1837.32952264392,1836.9319267459216,1837.8813472827896,0.9494205368682742,1.0,0.0631921727151996,8
2023-08-26,2023-08-22,2023-08-31,3.834357918010465,10.50070358795983,896.1500478413892,895.7941910400987,896.767041423358,0.972850383259356,0.75,0.296354192581183,8
2023-08-26,2023-08-22,2023-08-31,2.6171697471003985,9.244216127047702,895.3204497491216,895.0491700856946,895.7774560288526,0.7282859431579709,0.75,0.2515551362779922,8
2023-09-09,2023-09-05,2023-09-14,4.57071782840807,5.161347039791316,3948.2523421755704,3947.968030776829,3948.9159369636327,0.9479061868041754,1.0,0.1482574037933726,9
2023-09-09,2023-09-05,2023-09-14,3.8281623209405695,9.560831495560327,2974.128223437881,2973.814658238087,2974.7506097536534,0.9359515155665576,1.0,0.1016623499284286,9
2023-09-09,2023-09-05,2023-09-14,2.113082018351555,9.478771971773028,1830.4927745903108,1830.242028045468,1830.953454699833,0.7114266543649137,0.75,0.2426084817784479,9
2023-09-09,2023-09-05,2023-09-14,3.9133783570994622,11.243930365858292,1837.1726774306487,1836.9319267459216,1837.6445035678337,0.71257682191208,0.75,0.0338810021190194,9
2023-10-05,2023-09-28,2023-10-13,3.374795593536646,13.98922941639496,2990.3394378416506,2990.090217022691,2990.796463384293,0.7062463616020977,0.75,0.2088359446243992,10
2023-10-05,2023-09-28,2023-10-13,5.145076671291794,10.503114889356263,896.1748326506371,895.7941910400987,896.767041423358,0.972850383259356,0.75,0.2247876203988896,10
2023-11-08,2023-11-01,2023-11-16,4.2965020398751825,7.036901662981484,1778.7745547898394,1778.557136323303,1779.38435167633,0.8272153530269861,0.75,0.2241639415107132,11
2023-11-08,2023-11-01,2023-11-16,11.402187766463218,7.394420176563023,1765.7082196687809,1765.218129787594,1766.346488820389,1.1283590327948332,1.0,0.3750012095920096,11
2023-11-08,2023-11-01,2023-11-16,3.592599437551386,5.263006354249405,1821.6716227487443,1821.427015812602,1822.136233339552,0.7092175269499421,0.75,0.3227831924015767,11
2023-11-21,2023-11-16,2023-11-27,2.3997013038292896,7.313831569861107,3308.1993182048973,3305.295013751369,3311.2222361019813,5.927222350612283,2.25,0.1039023241019665,11
2023-11-21,2023-11-16,2023-11-27,3.992055930150496,5.184341647834266,3559.3346940880906,3557.443428328261,3561.668343412224,4.224915083963424,2.75,0.0681743348524954,11
2023-12-05,2023-11-27,2023-12-13,3.1403811710271055,10.985753192903942,1837.4589696774049,1837.1687704757787,1837.8813472827896,0.7125768070109189,0.75,0.2239070144574895,12
2023-12-05,2023-11-27,2023-12-13,8.822546531735798,9.019265713985565,3559.048342971697,3557.443428328261,3561.9011290171184,4.457700688857585,5.25,0.0973453446501604,12
2023-12-05,2023-11-27,2023-12-13,2.118617145901537,5.199398624773255,3686.0533745578023,3684.345797308255,3687.8306497032754,3.4848523950204253,2.0,0.0534519334273131,12
2023-12-05,2023-11-27,2023-12-13,2.845211197146773,8.763477253874003,3792.6442711468017,3792.4256234923378,3793.147309477441,0.7216859851032495,0.75,0.2208807885388597,12
2023-12-05,2023-11-27,2023-12-13,4.071704110909066,7.015949205614428,81.26141889976148,80.89469862636179,81.80796952918172,0.9132709028199316,0.75,0.2213730279663672,12
2023-12-20,2023-12-13,2023-12-28,2.813767377431132,14.449715202272609,3240.9174298332064,3240.5992388552986,3241.557939223014,0.9587003677152096,0.75,0.0431380650512991,12
2023-12-20,2023-12-13,2023-12-28,7.415482899565715,11.555114465761346,3233.4349009835346,3233.0818302044645,3234.0378847694956,0.9560545650310814,1.25,0.1129584972464825,12
2023-12-20,2023-12-13,2023-12-28,4.279353840743956,25.709255144483073,2893.4687591938414,2891.782189680729,2895.4658803055063,3.683690624777227,3.75,0.0742095504783868,12
2023-12-20,2023-12-13,2023-12-28,2.99639027538891,21.673953368018676,2891.841897173738,2890.5452304501086,2893.732974587474,3.187744137365371,3.5,0.0719443520599594,12
2023-12-20,2023-12-13,2023-12-28,9.466986750833728,6.785325945221295,3695.167561400314,3693.4151600115,3696.8203404252417,3.4051804137416184,4.5,0.1043739028581025,12
2023-12-20,2023-12-13,2023-12-28,25.509001083651626,5.960579463022003,3689.063485086173,3683.236361382529,3700.226560492069,16.99019910953939,6.5,0.1655508556156593,12
2023-12-20,2023-12-13,2023-12-28,9.529108809400936,5.64528008853423,3559.0984410084525,3556.5088039617985,3561.43555780733,4.926753845531493,4.25,0.1412169845659594,12
2023-12-20,2023-12-13,2023-12-28,7.532992305934942,5.323425320758248,3470.857962594338,3468.6727751009166,3473.1070036501624,4.434228549245745,3.0,0.091513923551495,12
2023-12-20,2023-12-13,2023-12-28,3.917638949879166,10.503292159018793,896.048638896794,895.7941910400987,896.5223878291436,0.7281967890448868,0.75,0.0851264655490435,12
2023-12-20,2023-12-13,2023-12-28,3.005565122119803,9.240630271295164,895.3478671660024,895.0491700856946,895.7774560288526,0.7282859431579709,0.75,0.0913205732713062,12
2023-12-20,2023-12-13,2023-12-28,2.3504606404887234,13.145907198266263,2885.1630572773784,2883.7755630062893,2886.654032000806,2.8784689945168793,2.5,0.0611745036635003,12
2023-12-20,2023-12-13,2023-12-28,2.003104377292488,8.444026268953406,2881.517316677339,2879.7903245319612,2883.514169399161,3.7238448671996593,2.5,0.0559102258253885,12
2023-12-20,2023-12-13,2023-12-28,4.058554203975982,7.302354523672871,2873.2125433206584,2870.25266701309,2876.426540909335,6.173873896244913,4.0,0.0935452334875319,12
2024-01-04,2023-12-28,2024-01-11,14.896569551529186,5.637716049816048,3684.9757903936193,3681.7567922165617,3699.973681496456,18.21688927989453,5.0,0.1246125967475886,1
2024-01-04,2023-12-28,2024-01-11,13.712651808551293,13.54118740724464,3682.1974994234342,3678.1592907938175,3685.89647880895,7.7371880151331425,6.0,0.1417346547026809,1
2024-01-04,2023-12-28,2024-01-11,2.431180001400038,7.646968080506948,3058.273395970923,3057.915753180627,3058.9049729485996,0.989219767972827,1.5,0.0246878416750453,1
2024-01-04,2023-12-28,2024-01-11,5.045414454492453,5.959473860157548,3706.533040479933,3705.515218359418,3707.884170663543,2.368952304124832,3.5,0.1021608971970233,1
2024-01-04,2023-12-28,2024-01-11,66.61044333668366,7.998133872416361,3696.229045676902,3691.376149199438,3718.826834222302,27.45068502286449,11.0,0.2404484377763394,1
2024-01-20,2024-01-11,2024-01-29,10.698223351502373,5.017329045467954,1259.6324153408475,1256.972013084218,1261.8894285424612,4.91741545824334,5.0,0.1002753439546422,1
2024-01-20,2024-01-11,2024-01-29,2.8963995856390707,5.95719561894691,4852.356265310797,4850.354257216211,4855.002718423959,4.648461207747459,2.75,0.0627477546969279,1
2024-01-20,2024-01-11,2024-01-29,2.2821085847753473,6.517645454306121,5511.823010089773,5509.769944522064,5514.708209995646,4.9382654735818505,1.75,0.0599226748666026,1
2024-02-03,2024-01-29,2024-02-09,4.308224463087767,5.348262476386779,4727.55393801284,4714.606750829611,4764.864646052476,50.257895222865045,4.25,0.0733997973975963,2
2024-02-03,2024-01-29,2024-02-09,4.403892747420855,11.98006621246737,4093.3055635746814,4091.665076059755,4095.214993454516,3.549917394760996,3.75,0.072871476549513,2
2024-02-03,2024-01-29,2024-02-09,3.2044410408351753,6.580385732250542,4077.61023688196,4076.3976559150033,4079.20468885405,2.8070329390466213,3.5,0.0619564410161554,2
2024-02-03,2024-01-29,2024-02-09,34.95091471778339,7.775449639420642,5562.166591904138,5557.4078337107785,5568.881660608575,11.473826897796243,8.25,0.1654397920479833,2
2024-02-03,2024-01-29,2024-02-09,20.685753489791814,6.708133125053446,5534.953765757996,5524.645777272992,5544.742112185806,20.0963349128142,3.75,0.1361920985524056,2
2024-02-03,2024-01-29,2024-02-09,13.232475357817316,5.111064100527671,4753.282988386274,4741.044351418968,4790.72782007698,49.68346865801141,3.75,0.1006439112517587,2
2024-02-03,2024-01-29,2024-02-09,2.204700290927384,11.179541974269574,2128.872049713504,2128.473837791942,2129.9187838239595,1.4449460320174694,1.0,0.0614229799183374,2
2024-02-03,2024-01-29,2024-02-09,9.495314258084482,7.721296044977551,1309.206225900809,1304.8972420594655,1319.2628541179,14.365612058434635,4.0,0.0744176309202115,2
2024-02-03,2024-01-29,2024-02-09,7.1423914440811975,16.5545483973989,1180.0940892975798,1176.532460110262,1183.008654941339,6.476194831077009,4.5,0.0810957764526765,2
2024-02-15,2024-02-09,2024-02-21,9.403095835566925,19.202237441581627,3564.840657852526,3562.850206789095,3566.557813614607,3.7076068255119026,5.75,0.075032915965677,2
2024-02-15,2024-02-09,2024-02-21,2.021902525915233,6.6173515849355,5517.174004658705,5514.218543974217,5520.584016117733,6.3654721435159445,2.0,0.0563690749879985,2
2024-02-15,2024-02-09,2024-02-21,2.0052235056020224,5.000381026360058,3706.5384934335816,3705.6046891557057,3707.475060843397,1.8703716876916587,2.0,0.0560291207984775,2
2024-02-15,2024-02-09,2024-02-21,2.6916297871894206,7.459252247384846,3055.11088499091,3054.9515691800043,3055.4402522030286,0.4886830230243504,0.75,0.1214594166277538,2
2024-02-23,2024-02-21,2024-02-26,2.3632188882201075,9.133189326412683,2995.110441403389,2993.608638713602,2996.560021883808,2.9513831702060997,2.75,0.0666877418796929,2
2024-02-23,2024-02-21,2024-02-26,5.687957413828316,5.442500735982736,2995.107009945062,2990.0410218066536,3006.0938709322363,16.052849125582725,4.0,0.0977461702181192,2
2024-03-02,2024-02-26,2024-03-07,3.3236977441339755,10.516617989599386,896.2665360585925,896.0388447553851,896.767041423358,0.7281966679729521,0.75,0.3294194968707575,3
2024-03-02,2024-02-26,2024-03-07,3.2149383793871196,8.07236576595518,3086.3787364220666,3063.851749924943,3110.507060936652,46.65531101170927,2.5,0.1661831775276279,3
2024-03-02,2024-02-26,2024-03-07,3.5320564977630973,8.994373811320958,1680.6200607668638,1680.282263562549,1681.0907223662362,0.8084588036872447,0.75,0.6245734909750933,3
2024-03-02,2024-02-26,2024-03-07,12.226279517208738,6.843666073991453,1804.6113829704973,1802.963821101468,1806.0166637394575,3.05284263798967,1.25,0.2738042160121434,3
2024-03-02,2024-02-26,2024-03-07,4.262324011319615,7.041278433148021,1805.3594941701415,1804.436738347635,1807.4611208029091,3.0243824552744627,1.0,0.1808559990370861,3
2024-03-02,2024-02-26,2024-03-07,3.815612026448026,7.118574122790378,1810.6543787800592,1809.170454488136,1811.933743630536,2.7632891424000263,1.25,0.286556307029997,3
2024-03-02,2024-02-26,2024-03-07,7.753453436396838,6.880461800421322,1811.1941576839845,1808.935400254093,1814.1069066198545,5.171506365761161,1.0,0.4256009451678899,3
2024-03-02,2024-02-26,2024-03-07,2.716200758333597,7.045620807128862,1817.04548449096,1816.3600325705484,1818.250039203558,1.8900066330097616,1.0,0.2968958695352253,3
2024-03-02,2024-02-26,2024-03-07,12.270991733009062,6.48053954207305,1821.6168757023008,1817.4850663426332,1824.982350044884,7.49728370225057,1.5,0.5015464975231065,3
2024-03-02,2024-02-26,2024-03-07,7.263184923009481,7.026442359281295,1818.029237699591,1816.7163585433736,1819.561782328412,2.8454237850382924,0.75,0.3541032039197178,3
2024-03-02,2024-02-26,2024-03-07,7.4940338015025665,7.092955829851763,1818.3848341204473,1816.145698647946,1820.4145755735224,4.268876925576478,1.0,0.4017762436203087,3
2024-03-10,2024-03-07,2024-03-14,4.410717579219193,6.762100610460853,1813.0166065806727,1811.118486416526,1814.3788968236183,3.2604104070924222,1.25,0.2989335727458631,3
2024-03-10,2024-03-07,2024-03-14,2.9985395037651807,6.89421165757834,1810.329999814909,1808.935400254093,1812.9021542812695,3.966754027176648,1.0,0.199996950590906,3
2024-03-10,2024-03-07,2024-03-14,6.79461706468016,5.928977086945882,1823.6343587155752,1823.257513622753,1824.2089414875952,0.9514278648421168,1.0,0.1990194915229248,3
2024-03-10,2024-03-07,2024-03-14,3.7795608659616664,5.524340674716639,1820.4297870889864,1817.9887401754968,1822.393100779038,4.404360603541136,0.75,0.1079744413329686,3
2024-03-10,2024-03-07,2024-03-14,3.620193554287218,5.083638335478494,1823.9772945816412,1823.7411766410803,1824.7159550697545,0.9747784286737442,1.0,0.0563495819079795,3
2024-03-17,2024-03-14,2024-03-21,2.3985877208047546,10.044700989559614,5629.853945752077,5629.513575280085,5630.495164857246,0.9815895771607756,0.75,0.0486313830199047,3
2024-03-17,2024-03-14,2024-03-21,3.576392582173925,10.990301651619433,1837.4021666916024,1837.1687704757787,1837.8813472827896,0.7125768070109189,0.75,0.2227002233611763,3
2024-03-17,2024-03-14,2024-03-21,5.234253255120702,5.568190278629527,1821.784758543849,1821.4156582825815,1822.4093332476912,0.993674965109676,0.75,0.1241171250854833,3
2024-03-17,2024-03-14,2024-03-21,3.7188011340260503,6.463153480045019,1821.6444200423336,1821.388735521119,1822.1379423011097,0.7492067799903452,0.75,0.0406346139218283,3
2024-03-17,2024-03-14,2024-03-21,3.775739829712082,6.515138232137617,1821.5973994134529,1820.9683618112467,1822.378674859181,1.4103130479343235,0.75,0.2360510893979928,3
2024-03-23,2024-03-21,2024-03-25,48.02988666303852,8.301515080318705,2070.5565924799293,2064.010995512828,2086.08251193678,22.07151642395183,9.0,0.2822163414949497,3
2024-03-23,2024-03-21,2024-03-25,10.159597707288926,15.048281790949408,2064.6201914204657,2060.631847585551,2068.440177295357,7.808329709805548,7.75,0.1409741398035602,3
2024-03-23,2024-03-21,2024-03-25,2.3765573983491306,6.708078426311117,2063.48751903234,2060.631847585551,2065.4536698479205,4.821822262369096,2.5,0.0753038256372928,3
2024-03-23,2024-03-21,2024-03-25,2.0958654968466237,6.46795160035977,2064.0283198284847,2062.404393964447,2066.1617310601287,3.757337095681578,2.5,0.0757326022031168,3
2024-03-23,2024-03-21,2024-03-25,2.315513149116031,12.270281775716708,2069.516339692153,2067.5213214042597,2071.858669955749,4.337348551489413,2.25,0.0637633242314328,3
2024-03-23,2024-03-21,2024-03-25,11.957399144671932,10.046963893160598,2081.5900794962745,2075.6180949765258,2104.913665460422,29.29557048389688,6.0,0.1316164646701012,3
2024-03-23,2024-03-21,2024-03-25,2.827704783332441,6.330448475537573,1785.3819530154203,1785.0759827904403,1785.9015936502255,0.825610859785229,0.75,0.0422637811899051,3
2024-03-23,2024-03-21,2024-03-25,3.6856998398022074,5.33840268369332,1803.195810556015,1797.322027180344,1806.896282303147,9.574255122803152,2.0,0.0729599927890589,3
2024-03-23,2024-03-21,2024-03-25,4.149740803372507,6.128680504850348,1798.7824697155672,1798.0013910303824,1800.2219484294765,2.2205573990941048,0.75,0.0987815674472381,3
2024-03-23,2024-03-21,2024-03-25,3.366061617227672,6.83175950244489,1803.248236231407,1802.963821101468,1803.7619073647072,0.7980862632393837,0.75,0.1860437070886367,3
2024-03-23,2024-03-21,2024-03-25,5.779541883551422,6.288290850461041,1794.3790075449242,1793.0487880557775,1795.5538061247207,2.5050180689431727,0.75,0.1087004909288125,3
2024-03-23,2024-03-21,2024-03-25,4.029123863724527,5.421007533619656,1663.7607396912674,1663.224156556651,1664.5555184450932,1.3313618884421885,0.75,0.0242849870611386,3
2024-03-23,2024-03-21,2024-03-25,2.489001274042874,7.114099458136884,1689.0973313873576,1683.4855619538575,1694.8964733467435,11.410911392886192,2.0,0.075023162306208,3
2024-04-02,2024-03-25,2024-04-11,2.504153492359827,7.897128068623265,4874.125203866607,4870.590037542395,4890.31463094987,19.724593407474455,5.0,0.0699787547347974,4
2024-04-02,2024-03-25,2024-04-11,5.643566145961806,11.09072333119908,4619.570981394319,4616.901080536656,4621.873796437867,4.972715901210904,5.25,0.0864909384336187,4
2024-04-02,2024-03-25,2024-04-11,2.92494949893849,6.813258219009841,4646.264843457891,4635.278413033113,4678.8904059170745,43.61199288396165,2.5,0.066821993526851,4
2024-04-02,2024-03-25,2024-04-11,3.0767483160546796,11.213740702873734,4615.4255108584875,4614.322379855439,4618.79728016397,4.474900308530778,4.25,0.0741250567334395,4
2024-04-02,2024-03-25,2024-04-11,2.3413919801043717,10.082359032671052,4895.371913241887,4894.202827618457,4896.622749733273,2.419922114815563,4.0,0.064328110950903,4
2024-04-02,2024-03-25,2024-04-11,3.951639483596757,10.994555392096707,1837.1812452027032,1836.9319267459216,1837.6445035678337,0.71257682191208,0.75,0.090054341807908,4
2024-04-02,2024-03-25,2024-04-11,4.292478544843383,5.21241542479259,2326.621683765386,2326.4500592453405,2327.1707661417313,0.7207068963907659,0.75,0.0191849248952141,4
2024-04-02,2024-03-25,2024-04-11,6.466283864494226,5.269157279388416,2327.3251860723108,2326.931876723189,2327.8955139312893,0.9636372081004084,0.75,0.0241045603797462,4
2024-04-02,2024-03-25,2024-04-11,2.0472208028829657,6.673467114093569,4614.957925391639,4614.322379855439,4616.202438222244,1.880058366805315,4.0,0.0539457177775248,4
2024-04-02,2024-03-25,2024-04-11,8.821738309110513,5.985973715833123,2336.7000166218095,2336.1244916091673,2337.5668611298315,1.442369520664215,0.75,0.2584375746998457,4
2024-04-02,2024-03-25,2024-04-11,3.180080949325217,6.609190366901708,4041.5136599897546,4040.003232224845,4043.077331632376,3.074099407531321,2.75,0.0778552548041078,4
2024-04-02,2024-03-25,2024-04-11,4.226017896101316,6.726867517964292,908.965777027309,908.7792356531136,909.508790853899,0.7295552007853985,2.5,0.2297583700426608,4
2024-04-02,2024-03-25,2024-04-11,2.363113896320658,6.124575566505446,1816.057288245132,1815.054485668428,1817.1798154944552,2.125329826027155,0.75,0.0650550077624234,4
2024-04-02,2024-03-25,2024-04-11,5.267093264043014,5.206267226283304,1822.620809557999,1821.37683826359,1824.1137557248585,2.736917461268604,1.25,0.0662132370257162,4
2024-04-02,2024-03-25,2024-04-11,18.569844394338872,5.293327258990462,2331.6325974223832,2330.199436971452,2333.653419922106,3.453982950653881,1.5,0.331112846065924,4
2024-04-02,2024-03-25,2024-04-11,3.5786174190511644,7.229502123824804,4603.476271941348,4602.60283522075,4604.962298065424,2.359462844673544,6.25,0.0688550833277545,4
2024-04-02,2024-03-25,2024-04-11,2.20968238947344,6.271945248297053,4501.037418084101,4499.526502992958,4503.0586989405565,3.532195947598666,4.0,0.0609797650887156,4
2024-04-18,2024-04-11,2024-04-26,2.786358399994672,5.283831598621374,2313.891481596705,2313.368450005073,2314.5776741411537,1.2092241360805929,1.25,0.541312095983546,4
2024-04-18,2024-04-11,2024-04-26,9.972264984999878,5.127761943270181,2315.520477616419,2314.097547559999,2316.8020168649964,2.704469304997474,1.5,0.9969290239958716,4
2024-04-18,2024-04-11,2024-04-26,17.83354050350992,5.165980811671489,2333.9818337711085,2327.4157907515764,2338.5291080679744,11.113317316398025,1.5,0.0972050485819153,4
2024-06-02,2024-05-29,2024-06-07,3.882948025741987,10.509747924608863,896.2853295488245,896.0388447553851,896.767041423358,0.7281966679729521,0.75,0.1851491185288445,6
2024-06-09,2024-06-07,2024-06-11,4.2165797932311895,6.4712681989330765,5655.595103063809,5655.3122443570755,5656.046553031076,0.7343086740002036,0.75,0.029814947107753,6
2024-06-09,2024-06-07,2024-06-11,3.0135374592401085,8.722030873705288,3792.7037233177703,3792.4256234923378,3793.147309477441,0.7216859851032495,0.75,0.0688430372023374,6
2024-06-30,2024-06-27,2024-07-03,4.965762570947893,7.977550248433302,5657.954192652753,5657.046592224389,5659.019553265069,1.9729610406793656,1.5,0.04546299217492,6
2024-07-06,2024-07-03,2024-07-10,6.413524539185595,9.228728340078748,895.7398535872447,895.0491700856946,896.5223878291436,1.473217743448913,0.75,0.1425393814450881,7
2024-07-06,2024-07-03,2024-07-10,4.283490211026017,7.337892106004235,4179.050535076887,4176.271473636385,4181.001907234546,4.730433598160744,3.25,0.0800375827143462,7
2024-07-06,2024-07-03,2024-07-10,8.272760630833954,7.322903198126808,4172.85340629705,4170.364820941351,4175.128180317581,4.763359376229346,4.0,0.1103182457033646,7
2024-07-06,2024-07-03,2024-07-10,2.421373590768874,11.198398881309716,5652.6209308121715,5652.338895464782,5653.073204481043,0.7343090162612498,0.75,0.1691037933845329,7
2024-07-06,2024-07-03,2024-07-10,2.9832706476896256,6.415067917355123,78.80875444320054,11.668374533765018,188.16254413221031,176.4941695984453,1.0,0.0422386530577184,7
2024-07-06,2024-07-03,2024-07-10,2.629839247412793,7.0008198700016955,19.224715595587135,18.83908483060077,19.843211151193827,1.004126320593059,0.75,0.0311382588374231,7
2024-07-14,2024-07-10,2024-07-18,3.1209594612996097,8.710851688962853,3792.960164683547,3792.667021744885,3793.388707844541,0.7216860996559262,0.75,0.1245589872178065,7
2024-07-21,2024-07-18,2024-07-25,3.4500696493193503,11.47780870294666,3232.59833780018,3232.3655747012235,3233.0825831070542,0.7170084058307111,0.75,0.141463132757551,7
2024-07-27,2024-07-25,2024-07-29,6.248654409755021,9.757587805987669,3931.9846532422584,3931.741812027059,3932.466970057693,0.7251580306328833,0.75,0.1396031454941138,7
2024-07-27,2024-07-25,2024-07-29,6.946096844977885,12.506956233221056,1832.7912319177724,1832.549462404102,1833.261622719001,0.7121603148989379,0.75,0.1619962946100273,7
2024-08-02,2024-07-29,2024-08-07,4.604547556191403,11.506580805022308,3218.026088386297,3217.7410087739117,3218.45670686569,0.7156980917789042,0.75,0.1624317777066686,8
2024-08-02,2024-07-29,2024-08-07,5.517416288490967,9.897882966005962,3032.8330278454146,3032.631253544707,3033.362345221918,0.731091677211225,1.0,0.2867430077350441,8
2024-08-02,2024-07-29,2024-08-07,2.153720691786893,6.138646761070172,1572.435312926733,1572.216398416087,1572.985335374717,0.768936958629638,0.75,0.0432899871968528,8
2024-08-14,2024-08-07,2024-08-21,3.3795005206348376,7.576003466175716,1828.1597483914004,1827.932078186888,1828.642502589617,0.7104244027286768,0.75,0.2238177791525375,8
2024-08-14,2024-08-07,2024-08-21,2.5924638034347436,12.216611650686731,1013.8773173880656,1007.8368482175284,1030.13990034163,22.30305212410167,2.25,0.0714850472519434,8
2024-08-14,2024-08-07,2024-08-21,3.5210221955206245,7.276122556080311,1255.7994572501254,1255.4951437148266,1256.472471118439,0.9773274036124348,0.75,0.1390431572903239,8
2024-08-14,2024-08-07,2024-08-21,10.490097216444552,8.104960638550738,1808.3843297137528,1808.0576507109215,1809.1325741992332,1.0749234883114696,2.0,0.5342382580133975,8
2024-08-14,2024-08-07,2024-08-21,13.97244996372924,7.0952933089356085,1807.0872506658932,1806.6573928846049,1808.018662078306,1.361269193701446,2.0,0.6950133090243948,8
2024-08-28,2024-08-21,2024-09-05,2.757301682793815,13.2458455593371,4660.842130865914,4660.630049765576,4661.3830962409265,0.7530464753508568,0.75,0.0424704946955123,8
2024-08-28,2024-08-21,2024-09-05,2.395703131075855,16.814567217288925,4024.989455505306,4024.366296508815,4026.0235350490543,1.657238540239632,1.25,0.0611356527731921,8
2024-08-28,2024-08-21,2024-09-05,2.3602113301630134,11.734367491883168,3233.7128754476794,3233.5599402021617,3234.0378847694956,0.4779445673339069,0.75,0.1923700302926501,8
2024-08-28,2024-08-21,2024-09-05,7.094689049428981,11.663440921901032,3232.927446638192,3232.3655747012235,3233.798829620704,1.4332549194805324,1.0,0.219939895014698,8
2024-08-28,2024-08-21,2024-09-05,3.6685961338251825,10.872213993011602,1538.2214689545876,1537.9976171529852,1538.7559486054815,0.7583314524963498,1.0,0.1189201759755453,8
2024-08-28,2024-08-21,2024-09-05,11.861432368010377,8.472618555327566,1791.739565567414,1791.0458727418445,1792.708125970792,1.6622532289475205,1.25,1.2164985077734514,8
2024-09-08,2024-09-05,2024-09-11,6.19473467909582,15.078152747500235,3236.062549647006,3235.738684007898,3236.695105329156,0.9564213212579488,1.5,0.1509533295095178,9
2024-09-08,2024-09-05,2024-09-11,2.629935400403757,11.385885603220816,5192.364423927352,5191.979928086977,5192.987998186611,1.008070099633187,1.25,0.0560631055382404,9
2024-09-08,2024-09-05,2024-09-11,8.141292258793394,11.408688193965029,1837.2945912359637,1836.9319267459216,1837.8813472827896,0.9494205368682742,1.75,0.1173606227821311,9
2024-09-08,2024-09-05,2024-09-11,2.608104490890261,9.675201091171637,2073.332798193896,2073.0744562689215,2074.0232237982564,0.948767529334873,1.0,0.0644248857634299,9
2024-09-08,2024-09-05,2024-09-11,8.85002162181884,8.58202934783078,1831.8385847719871,1831.608044696506,1832.3200887688436,0.7120440723374486,1.0,0.0609269885356911,9
2024-09-08,2024-09-05,2024-09-11,4.929713082687464,6.606028220152077,1765.6468637015628,1765.218129787594,1766.346488820389,1.1283590327948332,1.0,0.1440060328119252,9
2024-09-08,2024-09-05,2024-09-11,3.018466345168185,9.354138467976412,1619.5242028840655,1619.1807669568807,1620.234121796675,1.0533548397943375,1.0,0.0501927837130505,9
2024-09-08,2024-09-05,2024-09-11,2.58022848464055,5.273150721014135,1219.8395445831925,1219.5692538283763,1220.3036889918149,0.7344351634383202,0.75,0.2228802744910818,9
2024-09-14,2024-09-11,2024-09-18,3.1886015973834314,20.06608957187451,4131.6284522602855,4130.9108954682015,4132.805017214268,1.8941217460669575,1.75,0.0509315486635014,9
2024-09-14,2024-09-11,2024-09-18,4.439206217382756,8.430915349546547,1829.9653415923733,1829.4951081108304,1831.1897234474309,1.694615336600691,0.75,0.3037869367419521,9
2024-09-14,2024-09-11,2024-09-18,2.209318023387808,7.242459076883152,3007.9408565943054,3007.6752081923187,3008.3885379969142,0.7133298045955598,0.75,0.0875473095903256,9
2024-09-14,2024-09-11,2024-09-18,11.177529587806948,11.757994960093123,3233.0336246808683,3232.3655747012235,3234.0378847694956,1.6723100682720542,1.25,0.3292705293008824,9
2024-09-14,2024-09-11,2024-09-18,3.838620302460808,7.853231526129443,2988.558735836647,2988.253934049513,2989.195105041843,0.9411709923297168,0.75,0.204832729522113,9
2024-09-21,2024-09-18,2024-09-24,6.574183048167265,8.416471473694825,3556.962392503581,3556.741587363649,3557.4460435672663,0.7044562036171556,2.5,0.1410291447473977,9
2024-09-21,2024-09-18,2024-09-24,3.3947070265721533,9.571063376604547,2073.3417204749835,2073.0744562689215,2074.0232237982564,0.948767529334873,1.25,0.07597099018389,9
2024-09-21,2024-09-18,2024-09-24,8.032645351240317,11.437424539856227,1836.8880090784496,1836.3191116219384,1837.6445035678337,1.3253919458948076,1.25,0.1422941445443082,9
2024-09-28,2024-09-24,2024-10-03,3.4978391718981783,11.80091137976593,3233.318199136582,3233.0818302044645,3233.798829620704,0.7169994162395597,0.75,0.1815275776485525,9
2024-10-06,2024-10-03,2024-10-09,4.910992513403389,8.253313251949796,3939.242504339671,3939.036194021348,3939.7478801882826,0.711686166934669,0.75,0.1516020119393402,10
2024-10-06,2024-10-03,2024-10-09,3.037260970172006,6.195852140391516,1836.0897461525435,1835.3607043018565,1837.0316508379765,1.6709465361200273,1.0,0.0669455375069716,10
2024-10-06,2024-10-03,2024-10-09,2.715158722689915,5.45371342120636,4269.507938060929,4267.640679709613,4271.1896194913425,3.548939781729132,2.75,0.0558694918380514,10
2024-10-06,2024-10-03,2024-10-09,3.5431982405215594,7.38129292051241,1777.5526416113337,1777.4452169905417,1778.2734496099874,0.828232619445771,1.0,0.0768580819528641,10
2024-10-06,2024-10-03,2024-10-09,2.494847017559316,6.344213482567785,1818.0272584746804,1817.736903155688,1818.4794665910304,0.7425634353421628,0.75,0.0726609398941724,10
2024-10-06,2024-10-03,2024-10-09,4.486212906325822,6.390155607157754,1820.799858025434,1818.0759923579171,1822.378674859181,4.3026825012639165,1.0,0.0739358499786602,10
2024-10-06,2024-10-03,2024-10-09,3.3793862717704197,6.295202472311232,1781.451449564101,1780.8229840523563,1783.6315495786257,2.8085655262693763,1.0,0.1113206727156945,10
2024-10-12,2024-10-09,2024-10-16,2.061581043055095,15.151789195762849,3027.2909506584406,3026.95042267628,3027.91764054168,0.9672178654000164,1.0,0.0249228657112207,10
2024-10-12,2024-10-09,2024-10-16,4.817588243812182,15.76684627983034,3000.606085679891,2999.8135322136804,3001.2334612514824,1.4199290378019214,3.75,0.0891676202508262,10
2024-10-12,2024-10-09,2024-10-16,6.190819878749457,11.516660740241102,3232.4451436481786,3232.1265153503045,3233.0825831070542,0.9560677567496896,0.75,0.3756478843342625,10
2024-10-12,2024-10-09,2024-10-16,2.624236693324428,9.192854002254403,1835.407243304416,1835.123837464489,1835.8364607566036,0.7126232921145856,0.75,0.1440607244995462,10
2024-10-12,2024-10-09,2024-10-16,4.964604076712672,6.716336070355055,1777.5065016875626,1777.3818886098452,1777.916148077231,0.5342594673857093,1.0,0.224580899773823,10
2024-10-12,2024-10-09,2024-10-16,19.93045400823569,6.769359408284511,1777.1007148813758,1775.9156842813827,1778.2734496099874,2.357765328604728,1.25,0.1117329748523132,10
2024-10-12,2024-10-09,2024-10-16,3.5416299912111833,6.575393100824632,1775.4997546160616,1775.4057431155816,1775.859084003605,0.4533408880233764,0.75,0.0744169189742649,10
2024-10-12,2024-10-09,2024-10-16,4.456410436082632,8.431579474609617,1830.1787250419447,1829.4951081108304,1831.1897234474309,1.694615336600691,0.75,0.3047978999861822,10
2024-10-12,2024-10-09,2024-10-16,3.401969264895842,9.722942693758837,1842.0653934398756,1835.123837464489,1850.8591172024608,15.735279737971725,0.75,0.3137376913268008,10
2024-10-12,2024-10-09,2024-10-16,8.2271951020306,9.541943034195336,1836.0418648049904,1835.5975713380612,1836.7948259999976,1.197254661936313,1.25,0.3481478045539043,10
2024-10-12,2024-10-09,2024-10-16,2.7112402195575647,9.77870775006768,1850.1787304382715,1850.0849869027736,1850.591496767476,0.5065098647028208,0.75,0.23243289466365,10
2024-10-12,2024-10-09,2024-10-16,2.1927832922833974,8.469213324657803,1830.3332843271537,1830.242028045468,1830.717186129652,0.4751580841839313,0.75,0.075776109219916,10
2024-10-12,2024-10-09,2024-10-16,4.4788600691901514,11.925296554289838,1835.9971902430232,1835.7675867704677,1836.481035334524,0.7134485640563071,1.0,0.1088778651419586,10
2024-10-18,2024-10-16,2024-10-21,7.794317920055054,17.09061654801094,4656.829120375466,4656.501611378975,4657.51109229587,1.0094809168949723,1.0,0.0389257941412413,10
2024-10-18,2024-10-16,2024-10-21,6.772636013167109,10.814001748963465,1806.801680715031,1806.37861562334,1807.4611208029091,1.0825051795691252,1.5,0.1453553127699991,10
2024-10-18,2024-10-16,2024-10-21,6.408387819463387,8.3667660037464,1808.3553560130297,1808.0576507109215,1809.1325741992332,1.0749234883114696,1.0,0.245784700469116,10
2024-10-18,2024-10-16,2024-10-21,2.0297955517485833,17.998938997591413,2978.855171050056,2978.412164750509,2979.3480180148035,0.9358532642945648,0.75,0.0820554653498295,10
2024-10-18,2024-10-16,2024-10-21,12.851494035347086,13.510067983556466,2989.6370564800727,2988.2686385395937,2991.030142023228,2.761503483634442,1.75,0.3300789296843742,10
2024-10-18,2024-10-16,2024-10-21,4.099985034723208,15.082634591372331,3235.971251818081,3235.738684007898,3236.4559282069094,0.7172441990114748,1.0,0.0645003021975576,10
2024-10-18,2024-10-16,2024-10-21,2.9751855547637676,14.319722554271186,3241.0698893841472,3240.8391758715734,3241.557939223014,0.7187633514404297,1.0,0.086757291651176,10
2024-10-18,2024-10-16,2024-10-21,2.4841728411152957,11.9494994153194,2979.132886465638,2978.8586890618317,2979.564176362008,0.7054873001761734,0.75,0.0688093692785207,10
2024-10-21,2024-10-21,2024-10-21,2.056058516921941,7.769192885225093,3556.9734204018405,3556.741587363649,3557.4460435672663,0.7044562036171556,0.75,0.0956304662095675,10
2024-10-21,2024-10-21,2024-10-21,4.601195340425708,8.68308381931672,3234.3566649962613,3234.041927715298,3234.9980097836815,0.9560820683836936,1.75,0.06876735022875,10
2024-10-21,2024-10-21,2024-10-21,2.1635904081139707,6.001335657351824,1836.7659209026897,1836.0822865674272,1837.8813472827896,1.7990607153624296,0.75,0.0938292643229443,10
2024-10-25,2024-10-21,2024-10-29,4.647050761538464,11.564894081048532,3232.576456946444,3232.3655747012235,3233.0825831070542,0.7170084058307111,0.75,0.1696269739828815,10
2024-10-25,2024-10-21,2024-10-29,3.402783459756588,6.273241021292332,3058.3170505774224,3057.915753180627,3058.9049729485996,0.989219767972827,2.25,0.0717150271510869,10
2024-10-25,2024-10-21,2024-10-29,2.557725101413857,9.50006508755122,1830.4785862573929,1830.242028045468,1830.953454699833,0.7114266543649137,0.75,0.0880798593973319,10
2024-10-25,2024-10-21,2024-10-29,2.167274082947895,8.702356364820789,3055.022677798578,3054.7017754488625,3055.4402522030286,0.7384767541661859,0.75,0.1201367492091654,10
2024-11-01,2024-10-29,2024-11-04,2.420259768854919,9.685008077691926,1835.2199979356683,1835.123837464489,1835.5995937203988,0.4757562559098005,0.75,0.1332180582716646,11
2024-11-01,2024-10-29,2024-11-04,3.1441842905703,9.774682748336126,1835.6698124803752,1835.3607043018565,1836.0733276498504,0.7126233479939401,0.75,0.2662068414706731,11
2024-11-01,2024-10-29,2024-11-04,4.715893914174009,11.611435258232175,1837.4042192610248,1837.1687704757787,1837.8813472827896,0.7125768070109189,1.0,0.1475681262056727,11
2024-11-01,2024-10-29,2024-11-04,4.918943947699573,12.504929153716455,1829.110542260532,1828.87088014232,1829.5813057892956,0.7104256469756365,0.75,0.209402311863871,11
2024-11-01,2024-10-29,2024-11-04,2.0350792481855486,7.524671855314951,3058.273741091637,3057.915753180627,3058.9049729485996,0.989219767972827,1.25,0.0247572866625456,11
2024-11-01,2024-10-29,2024-11-04,6.066357894465328,18.270095051980785,4191.485260360974,4191.233528340701,4191.945229032077,0.7117006913758814,0.75,0.0545545241148759,11
2024-11-09,2024-11-04,2024-11-14,2.470409227265977,15.60179167603451,3134.8990498268035,3134.5325846332125,3135.501057798509,0.968473165296018,1.5,0.03339012250827,11
2024-11-09,2024-11-04,2024-11-14,2.7903735338968225,12.74726640930277,3100.833548870194,3063.851749924943,3110.507060936652,46.65531101170927,0.75,0.1571588212474672,11
2024-11-16,2024-11-14,2024-11-19,2.559592858332731,7.26424024324491,3560.536705033692,3558.612376085017,3563.0890962076373,4.476720122620463,3.0,0.0581178242570029,11
2024-11-16,2024-11-14,2024-11-19,3.3775595441091797,10.456520770458724,5650.745361245874,5650.653086012695,5651.139654663857,0.4865686511620879,0.75,0.2820402915012643,11
2024-11-16,2024-11-14,2024-11-19,10.920447545595469,12.39358030139959,5645.913722123767,5645.50527341431,5646.487119002268,0.9818455879576504,1.0,0.4148245326298028,11
2024-11-16,2024-11-14,2024-11-19,4.1241946856218386,16.97841527609497,4656.99042150406,4656.7584750223905,4657.51109229587,0.7526172734797001,0.75,0.0840896942642477,11
2024-11-16,2024-11-14,2024-11-19,9.719168812736775,9.894802672324635,1830.2541517838388,1829.4951081108304,1831.1897234474309,1.694615336600691,1.0,0.2384419035592455,11
2024-11-16,2024-11-14,2024-11-19,4.081617543999738,5.34556273854966,1824.3647856541024,1823.5379353747703,1825.237326648552,1.6993912737816572,0.75,0.0637308238989686,11
2024-11-16,2024-11-14,2024-11-19,2.655740832618251,9.419878724353538,2073.3727062406065,2073.0744562689215,2074.0232237982564,0.948767529334873,1.0,0.0632121926352191,11
2024-11-16,2024-11-14,2024-11-19,9.96336515971208,11.4392171233534,1837.2949363982511,1836.9319267459216,1837.8813472827896,0.9494205368682742,1.75,0.0547599525580494,11
2024-11-22,2024-11-19,2024-11-26,4.577857158125918,5.436663148312714,3264.2919983460465,3264.172002095729,3264.893645960372,0.7216438646428287,4.0,0.1584157902940997,11
2024-11-22,2024-11-19,2024-11-26,5.077915120995725,5.477311335804054,3275.980693965035,3275.889999709092,3276.6146481344476,0.7246484253555536,4.25,0.3097139721812514,11
2024-11-22,2024-11-19,2024-11-26,3.354655782217011,5.085207064496222,3278.480619142049,3278.3141641337425,3279.277930847835,0.963766714092344,1.75,0.2353579530632621,11
2024-11-22,2024-11-19,2024-11-26,2.426960318433261,6.2667056947685,3278.4621327943987,3278.3141641337425,3279.0351818040945,0.7210176703520119,0.75,0.0938258683407788,11
2024-11-22,2024-11-19,2024-11-26,2.4488713753466773,9.40777868313071,3278.544009951011,3278.3141641337425,3279.0351818040945,0.7210176703520119,1.0,0.0667469757824534,11
2024-11-22,2024-11-19,2024-11-26,6.172685126042003,7.883717326478189,3219.2758373841502,3218.9473425759934,3220.3344018668868,1.387059290893376,6.5,0.2200767737423992,11
2024-11-22,2024-11-19,2024-11-26,2.5435550769412423,6.061287239521607,3099.9825229853273,3096.7390049924143,3137.8973578019068,41.1583528094925,3.0,0.3070676121419113,11
2024-11-22,2024-11-19,2024-11-26,2.4694850835503455,5.397705097526624,3105.2860638308857,3105.082818943076,3106.1405521058477,1.0577331627719104,1.25,0.2176388999540734,11
2024-11-22,2024-11-19,2024-11-26,5.024923177115787,7.590100723380102,3114.5901012220443,3114.538345621433,3115.2707848404534,0.7324392190203071,3.5,0.3076693203781744,11
2024-11-22,2024-11-19,2024-11-26,4.183032611907637,7.435766477762461,3120.3910016821237,3120.2695065662265,3121.0074892444536,0.7379826782271266,2.5,0.1429173962649166,11
2024-11-22,2024-11-19,2024-11-26,3.214458151933495,6.237116998591281,3052.584944842132,3052.477817977313,3052.9663473251276,0.4885293478146195,1.0,0.0552794310374754,11
2024-11-22,2024-11-19,2024-11-26,2.416521627233569,7.27680447014302,3118.5431717418123,3118.525716327131,3119.0098852566443,0.4841689295135438,1.5,0.2238857557515228,11
2024-11-22,2024-11-19,2024-11-26,4.187849757310189,8.732409367219809,3792.852123269008,3792.4256234923378,3793.388707844541,0.9630843522027136,0.75,0.0224150574725565,11
2024-11-22,2024-11-19,2024-11-26,3.027983460713495,6.394192341075047,3091.112906945791,3091.0006872578524,3091.7370752342977,0.7363879764452577,3.5,0.2908248501476773,11
2024-11-22,2024-11-19,2024-11-26,3.794960693160938,7.195853197123408,2989.96342449089,2989.2013962729834,2991.030142023228,1.8287457502447069,3.0,0.3264398606948759,11
2024-11-22,2024-11-19,2024-11-26,2.571518695885204,5.748620357448059,2989.240692060395,2988.253934049513,2990.9824257432483,2.7284916937351227,3.0,0.0926422866823262,11
2024-11-22,2024-11-19,2024-11-26,3.208747261493821,10.561120956841998,3089.8822777601995,3063.851749924943,3110.507060936652,46.65531101170927,1.5,0.3254912354377337,11
2024-11-22,2024-11-19,2024-11-26,2.529752583839055,9.129570458188915,3069.2280253791546,3069.0895986780524,3069.8457104228437,0.7561117447912693,2.0,0.2567837242657989,11
2024-11-22,2024-11-19,2024-11-26,2.9215832484194544,7.87553527560882,3087.9488318326426,3063.851749924943,3110.507060936652,46.65531101170927,1.0,0.2577407789629493,11
2024-11-22,2024-11-19,2024-11-26,2.162938240001351,5.695231608137271,3081.3898290100096,3081.3320598821156,3082.051000331063,0.7189404489472508,1.25,0.093903733868963,11
2024-11-22,2024-11-19,2024-11-26,2.455250140878242,8.590336815331069,3018.2088359241247,3017.884579447098,3019.570389113389,1.6858096662908792,3.25,0.1606672481557569,11
2024-11-22,2024-11-19,2024-11-26,3.989192601579847,9.560314468902046,3027.103029306635,3026.95042267628,3027.432088308502,0.4816656322218478,2.0,0.465659324279426,11
2024-11-22,2024-11-19,2024-11-26,3.584467641744204,11.19399550824524,3071.2121650718927,3052.477817977313,3101.059849301353,48.582031324040145,6.0,0.0716191636293717,11
2024-11-22,2024-11-19,2024-11-26,2.1155646766337566,9.242246211748022,3067.2280202230218,3054.451981574297,3101.059849301353,46.607867727056146,0.75,0.0228501721371704,11
2024-12-04,2024-11-26,2024-12-13,4.290917999716755,11.616237288923513,3233.5756791677804,3233.3208851534873,3234.0378847694956,0.7169996160082519,1.0,0.1954661265864832,12
2024-12-04,2024-11-26,2024-12-13,2.2685571047296933,7.625425660795358,3085.125734782981,3063.851749924943,3110.507060936652,46.65531101170927,3.5,0.0778578035705968,12
2024-12-21,2024-12-16,2024-12-27,2.6319886549561287,7.878614358250808,3556.9854969247276,3556.741587363649,3557.4460435672663,0.7044562036171556,1.0,0.1460701492171834,12
2024-12-21,2024-12-16,2024-12-27,2.7258954881615938,9.617684059698352,1850.3321636646128,1850.0849869027736,1850.8591172024608,0.7741302996873856,0.5,0.1861685254520018,12
2024-12-21,2024-12-16,2024-12-27,3.4850406712997706,9.124886126136252,1850.380773237706,1850.0849869027736,1850.8591172024608,0.7741302996873856,0.5,0.1853682982079774,12
2025-01-05,2024-12-27,2025-01-14,2.5413269553344975,5.8293220572952045,3558.630791919026,3557.443428328261,3560.244705264457,2.8012769361957908,3.5,0.0590929196644413,1
2025-01-05,2024-12-27,2025-01-14,7.956752571863588,12.376463185018585,1832.5393715273717,1832.3128267931752,1833.0249871360136,0.7121603428386152,1.0,0.2134950755273257,1
2025-01-05,2024-12-27,2025-01-14,3.3740311473973095,11.767743296431137,3233.341669944566,3233.0818302044645,3233.798829620704,0.7169994162395597,0.75,0.1586227529807882,1
2025-01-19,2025-01-14,2025-01-24,3.2714269476862627,7.974882688546305,3556.9841205642156,3556.741587363649,3557.4460435672663,0.7044562036171556,1.25,0.1419787097731895,1
2025-01-19,2025-01-14,2025-01-24,2.6635393776865675,9.617480890698609,3556.869393028726,3556.5088039617985,3557.4460435672663,0.9372396054677664,1.0,0.1799959968113818,1
2025-01-19,2025-01-14,2025-01-24,2.4297006786757147,14.117230866643704,3666.4986812332927,3665.754849099089,3667.403456873726,1.6486077746376395,1.0,0.0974999223540951,1
2025-01-19,2025-01-14,2025-01-24,2.7949279606613335,8.500739443775027,3792.9158725819543,3792.667021744885,3793.388707844541,0.7216860996559262,0.75,0.0437193724764611,1
2025-01-19,2025-01-14,2025-01-24,4.533055119904224,17.74404292236781,4657.231132468695,4656.986696221866,4657.737469515298,0.7507732934318483,0.75,0.3333553334086536,1
2025-01-19,2025-01-14,2025-01-24,3.683255582994037,10.843081565054906,3556.2058750419433,3555.5755270873196,3557.213260166347,1.6377330790273843,1.0,0.1654559816988099,1
2025-01-19,2025-01-14,2025-01-24,4.8084814805655745,18.50044809016278,5012.235938306664,5011.869411994703,5012.840374551248,0.9709625565446912,0.75,0.0201779826988862,1
2025-01-19,2025-01-14,2025-01-24,2.477353145439457,8.972379636350663,1830.4900789727203,1829.4951081108304,1831.1897234474309,1.694615336600691,0.75,0.4043350058303741,1
2025-01-19,2025-01-14,2025-01-24,2.029207346277777,9.551426244248006,2073.2429538479337,2073.0744562689215,2073.786597845145,0.7121415762230754,0.75,0.0453538401821107,1
2025-01-27,2025-01-24,2025-01-30,2.2010799217893746,7.761327231617997,3556.9806972714714,3556.741587363649,3557.4460435672663,0.7044562036171556,0.75,0.0866412231034952,1
2025-01-27,2025-01-24,2025-01-30,3.3068948596572505,8.625871798919075,3234.378827322031,3234.041927715298,3234.9980097836815,0.9560820683836936,1.0,0.0765206836492915,1
2025-01-27,2025-01-24,2025-01-30,4.1458135807763785,6.493464206463672,1826.2760489864652,1826.053100600839,1826.763522992376,0.7104223915375769,0.75,0.1850736522585006,1
2025-02-04,2025-01-30,2025-02-10,4.083910762973036,11.404299416173446,3232.4799991490104,3232.1265153503045,3233.0825831070542,0.9560677567496896,1.0,0.1514315436018765,2
2025-02-04,2025-01-30,2025-02-10,4.037262228990719,8.728963031645318,3234.381734652642,3234.041927715298,3234.9980097836815,0.9560820683836936,1.25,0.078274007171003,2
2025-02-04,2025-01-30,2025-02-10,3.1710874196629972,8.640405908715268,3556.9750554623374,3556.741587363649,3557.4460435672663,0.7044562036171556,1.0,0.1199777289625236,2
2025-02-04,2025-01-30,2025-02-10,4.011394685527403,5.2510672961983484,4859.523425806144,4859.206819686573,4860.071775463875,0.8649557773023844,0.75,0.026876091195695,2
2025-02-04,2025-01-30,2025-02-10,4.460028416326455,6.948370420322183,1781.6856248598444,1781.410543245729,1782.204980501905,0.7944372561760247,0.75,0.0390644776519172,2
2025-02-04,2025-01-30,2025-02-10,3.4171921347583267,6.454588924277537,1785.7989823519997,1785.0759827904403,1787.035164655652,1.959181865211576,1.5,0.1303237132201906,2
2025-02-04,2025-01-30,2025-02-10,4.182680787516479,6.703985397105436,1769.105023544776,1768.8472256199457,1769.67939865496,0.8321730350144207,0.75,0.2113120499100595,2
2025-02-04,2025-01-30,2025-02-10,11.098327592759862,11.361006201567488,1837.2955824010205,1836.9319267459216,1837.8813472827896,0.9494205368682742,1.75,0.2022374729628229,2
2025-02-04,2025-01-30,2025-02-10,2.582366544936504,5.722785955351505,1868.5322686408847,1868.2911593094468,1869.0065452740528,0.7153859646059573,0.75,0.0293976079535618,2
2025-02-15,2025-02-10,2025-02-20,5.228320675300621,8.603442814555184,3792.861663854863,3792.4256234923378,3793.388707844541,0.9630843522027136,1.0,0.0254800114708186,2
2025-02-15,2025-02-10,2025-02-20,2.0399023658235653,8.283566089417603,3558.6707553146257,3557.443428328261,3560.244705264457,2.8012769361957908,2.75,0.0473330534735022,2
2025-02-15,2025-02-10,2025-02-20,2.162091974236165,7.238577135376972,3007.948382819031,3007.6752081923187,3008.3885379969142,0.7133298045955598,0.75,0.0961957868884977,2
2025-02-15,2025-02-10,2025-02-20,3.175001622785814,6.237987019094214,1769.3075800078643,1769.143867566716,1769.67939865496,0.53553108824417,0.75,0.1903969005793726,2
2025-02-15,2025-02-10,2025-02-20,5.40797447639769,8.472664939333706,1792.5176682013623,1792.1794608007183,1792.9979015667925,0.8184407660737634,0.75,0.3967977480046381,2
2025-02-15,2025-02-10,2025-02-20,4.330506156934052,7.72646504016514,1826.5359664227285,1826.1493307421915,1827.0948261697777,0.9454954275861382,0.75,0.0377926040168918,2
2025-02-15,2025-02-10,2025-02-20,3.229274312560912,6.9992495577610745,1778.0746298218414,1777.739888503682,1778.568121004384,0.8282325007021427,0.75,0.1385057947287182,2
2025-02-22,2025-02-20,2025-02-25,2.135152772841268,7.2891060219993005,4245.992977053838,4244.791000937577,4247.290183099918,2.4991821623407304,2.75,0.0558689756772401,2
2025-02-22,2025-02-20,2025-02-25,3.115863412500909,20.27375882795376,4132.737837012058,4131.856486859266,4133.750986384228,1.894499524962157,1.25,0.0387489182902578,2
2025-02-22,2025-02-20,2025-02-25,2.0053046682819726,15.811359416769514,4125.810375461068,4125.562056607101,4126.274002192542,0.7119455854408443,0.75,0.106989115262277,2
2025-02-22,2025-02-20,2025-02-25,3.099368635651749,11.497134140031974,3233.3658027339984,3233.0818302044645,3233.798829620704,0.7169994162395597,0.75,0.1960265989135168,2
2025-03-02,2025-02-25,2025-03-07,33.42644959753891,17.73836714773312,3867.557181801917,3859.403293087147,3887.356937014032,27.95364392688498,3.75,0.4009293127221847,3
2025-03-02,2025-02-25,2025-03-07,2.882551046601459,7.292308027470512,4271.1273260854605,4270.477695569862,4272.13587148115,1.6581759112887084,2.5,0.0505277934379722,3
2025-03-02,2025-02-25,2025-03-07,6.856613049356733,17.103123449859613,4656.867437134138,4656.501611378975,4657.51109229587,1.0094809168949723,1.0,0.0403020710896118,3
2025-03-02,2025-02-25,2025-03-07,3.726661193119641,7.011135097132569,1796.0438598903083,1795.8671866790392,1796.684685407672,0.8174987286329269,0.75,0.415003373451599,3
2025-03-02,2025-02-25,2025-03-07,2.9804076774531043,10.78054701199634,1806.9560376362497,1806.6573928846049,1807.4611208029091,0.803727918304503,0.75,0.262715657893211,3
2025-03-02,2025-02-25,2025-03-07,2.2963042301381007,14.486850663959055,2546.8287155173552,2546.2985664359294,2547.5287899216637,1.2302234857343135,0.75,0.0815084772790253,3
2025-03-02,2025-02-25,2025-03-07,2.225256964282375,10.533759986638763,3557.170270415328,3556.5088039617985,3558.1478848992847,1.639080937486142,2.75,0.0482841064663225,3
2025-03-02,2025-02-25,2025-03-07,6.243570245704894,6.677634605269187,1796.938756233802,1796.4457959891297,1797.5217665340751,1.0759705449454486,1.25,0.3001296988918955,3
2025-03-08,2025-03-07,2025-03-10,4.320413079000637,8.680696000256559,1831.8217295197617,1831.608044696506,1832.3200887688436,0.7120440723374486,0.75,0.1588532953172294,3
2025-03-08,2025-03-07,2025-03-10,9.62710560861891,8.444326528500502,1791.6494230239027,1791.0458727418445,1792.418350219261,1.372477477416396,1.0,0.7426402146276434,3
2025-03-14,2025-03-10,2025-03-18,5.362985865540113,5.164508741302234,1826.9500265301945,1825.947889003903,1828.753929198254,2.806040194351226,1.0,0.1477294816350194,3
2025-03-14,2025-03-10,2025-03-18,7.269046074893419,12.351278887496829,1829.188157684616,1828.87088014232,1829.8170737405308,0.9461935982108116,1.25,0.2018791220900406,3
2025-03-14,2025-03-10,2025-03-18,4.365502262303419,9.612364839851692,1850.2236187636088,1850.0849869027736,1850.591496767476,0.5065098647028208,1.0,0.0405222830903673,3
2025-03-14,2025-03-10,2025-03-18,2.099689877548069,9.625855151330356,1850.6202277839184,1850.6202277839184,1850.8591172024608,0.2388894185423851,1.0,0.00974969837972,3
2025-03-14,2025-03-10,2025-03-18,2.334762440405693,11.9631642485818,1837.3790322002417,1837.1687704757787,1837.8813472827896,0.7125768070109189,0.75,0.1089292676393061,3
2025-03-14,2025-03-10,2025-03-18,2.5988107966736425,6.20787014785174,1824.4992296361509,1823.0503781135192,1826.4896708405577,3.4392927270382643,1.0,0.069160073851836,3
2025-03-14,2025-03-10,2025-03-18,3.6575743135548286,6.159049318787925,1786.315112711272,1785.3693436132744,1787.3282183930278,1.958874779753387,1.25,0.0773046642868136,3
2025-03-14,2025-03-10,2025-03-18,4.787403669944032,5.935215160739013,1819.8717543684108,1819.4239373640155,1820.37732174946,0.953384385444224,1.5,0.0869185331691713,3
2025-03-14,2025-03-10,2025-03-18,3.101459993066378,5.10982696603752,1823.6792461382688,1823.1209750049748,1824.5429392657245,1.4219642607495189,1.0,0.0707777431928746,3
2025-03-14,2025-03-10,2025-03-18,3.92182727860976,5.736127570252998,1826.3031213723705,1825.971649656538,1826.7309445305727,0.759294874034822,1.25,0.0421974100290295,3
2025-03-21,2025-03-18,2025-03-25,3.503831712962314,12.002101206299512,3234.205528836206,3233.798995350953,3234.758945566602,0.9599502156488596,0.75,0.1797962105398354,3
2025-03-21,2025-03-18,2025-03-25,2.2587406607429497,11.721678332679812,3233.471793901556,3233.3208851534873,3234.0378847694956,0.7169996160082519,0.75,0.1283984689912842,3
2025-03-21,2025-03-18,2025-03-25,2.1036214001537297,6.962956958949107,1777.4743428854017,1777.3818886098452,1777.916148077231,0.5342594673857093,0.75,0.2656230173165896,3
2025-03-21,2025-03-18,2025-03-25,3.5765741381320173,6.981273134314152,1778.013243177324,1777.739888503682,1778.568121004384,0.8282325007021427,0.75,0.3369312385537659,3
2025-03-21,2025-03-18,2025-03-25,4.79906105551242,8.166303006664341,1774.70591474475,1773.3854093612172,1776.154573699925,2.769164338707924,1.0,0.1662112139590066,3
2025-03-21,2025-03-18,2025-03-25,3.479862145929318,9.549290314143448,1832.9921350171264,1832.718934827484,1833.429402159527,0.7104673320427537,0.75,0.2049814692692853,3
2025-03-28,2025-03-25,2025-04-01,2.947920508201979,9.225010494238097,1836.520149084828,1836.3191116219384,1837.0316508379765,0.7125392160378397,0.75,0.2653905242482546,3
2025-03-28,2025-03-25,2025-04-01,6.619548148748464,12.497483054203997,1832.5548635243997,1832.3128267931752,1833.0249871360136,0.7121603428386152,0.75,0.1653713170868354,3
2025-03-28,2025-03-25,2025-04-01,3.5030678640465247,6.517094830544726,1786.054074476793,1785.0759827904403,1787.035164655652,1.959181865211576,1.25,0.0954152520693574,3
2025-03-28,2025-03-25,2025-04-01,2.2233503878329883,8.518957919163771,1770.4069197026197,1769.9769642585889,1771.1046017054468,1.1276374468579888,0.75,0.085589671820847,3
2025-03-28,2025-03-25,2025-04-01,5.082983339177165,7.600588965627281,1775.005644418134,1773.3854093612172,1776.74555267673,3.360143315512687,2.0,0.0505021598241633,3
2025-04-04,2025-04-01,2025-04-08,5.921653615301008,7.735915082793721,1829.0971870761164,1828.87088014232,1829.5813057892956,0.7104256469756365,0.75,0.2714899360401546,4
2025-04-04,2025-04-01,2025-04-08,2.3972815929088744,8.72691947322949,1830.7110242927029,1830.4782967111096,1831.1897234474309,0.7114267363213003,0.75,0.1500380090837594,4
2025-04-04,2025-04-01,2025-04-08,2.3993345488494726,5.293507729904918,1879.6796437459705,1879.285609549377,1880.2376536051745,0.9520440557971596,1.25,0.0884335399047042,4
2025-04-04,2025-04-01,2025-04-08,5.280206262560933,8.607129377319241,3792.9705537347577,3792.667021744885,3793.388707844541,0.7216860996559262,1.0,0.1292233295650624,4
2025-04-04,2025-04-01,2025-04-08,9.547796710557025,6.996977977006653,1822.4740327067063,1821.8237617444247,1823.4846542146988,1.6608924702741206,0.75,0.0453187163288332,4
2025-04-04,2025-04-01,2025-04-08,5.679733884484413,6.824361521817925,1807.334592202783,1806.943461013958,1808.018662078306,1.0752010643482208,1.0,0.3673502967153519,4
2025-04-04,2025-04-01,2025-04-08,3.5470133642580364,7.202728848398395,1808.5553613397983,1808.3363287276588,1809.1325741992332,0.7962454715743661,1.25,0.3341606866634938,4
2025-04-11,2025-04-08,2025-04-15,4.4045845711769545,9.756099441065356,1835.3589666701744,1835.123837464489,1835.8364607566036,0.7126232921145856,0.75,0.2414977321903366,4
2025-04-11,2025-04-08,2025-04-15,4.370481315009387,9.542816075815264,1837.2797134608545,1836.9319267459216,1837.8813472827896,0.9494205368682742,1.75,0.355254676815977,4
2025-04-11,2025-04-08,2025-04-15,2.7956876887346525,6.207594239148228,1786.4655289513,1785.6627042316832,1787.555842318572,1.8931380868889391,1.0,0.0825517415108545,4
2025-04-11,2025-04-08,2025-04-15,7.04375842261929,7.235597592506266,1825.3715639289987,1825.009357205592,1825.9538090061396,0.9444518005475402,0.75,0.4480343334687076,4
2025-04-11,2025-04-08,2025-04-15,5.893162468798552,11.568058957401895,1829.306135533831,1829.106648400426,1829.8170737405308,0.7104253401048481,1.0,0.2241987699064229,4
2025-04-18,2025-04-15,2025-04-21,2.286740770045593,13.300097398693453,1836.319559262636,1835.7231945293024,1837.3770363433289,1.6538418140262363,1.0,0.0600312822207627,4
2025-04-18,2025-04-15,2025-04-21,6.498072879419663,17.75037957919097,4191.47011866267,4191.233528340701,4191.945229032077,0.7117006913758814,0.75,0.0178136084302268,4
2025-04-18,2025-04-15,2025-04-21,16.386821825085345,20.69174483906888,1892.3926060553408,1889.7411831207571,1907.1307522710413,17.389569150283933,5.75,0.1791571963359683,4
2025-04-18,2025-04-15,2025-04-21,5.046593314050603,6.725953483814554,1826.6416286645112,1826.426806984935,1827.1415485250764,0.7147415401414037,0.75,0.0461913627145499,4
2025-04-18,2025-04-15,2025-04-21,3.4350046853625216,6.60692677527717,1822.0583294019689,1821.8237617444247,1822.5346463839523,0.7108846395276487,0.5,0.0339963302429158,4
2025-04-25,2025-04-21,2025-04-29,22.43322677947869,11.888805929441014,1830.307991112036,1829.3424163707532,1831.4434626838192,2.1010463130660355,1.5,0.5191012050299726,4
2025-04-25,2025-04-21,2025-04-29,7.1695396737173205,7.566708947033117,1827.9956188389256,1827.2283491869457,1828.878270116635,1.6499209296889603,1.0,0.3006782674827013,4
2025-04-25,2025-04-21,2025-04-29,4.308255399267469,7.457716639771483,1826.2493193140156,1825.947889003903,1826.657153647393,0.7092646434903145,0.75,0.2626910530412951,4
2025-04-25,2025-04-21,2025-04-29,4.695354799191281,7.749052559586831,1826.50299144894,1826.1493307421915,1827.0948261697777,0.9454954275861382,0.75,0.0640406770138657,4
2025-05-02,2025-04-29,2025-05-05,3.08639813467199,9.529336466901228,1836.3403723126653,1836.0822865674272,1836.7948259999976,0.7125394325703382,0.75,0.1881818089166698,5
2025-05-02,2025-04-29,2025-05-05,7.605074500474147,9.035621424448625,1836.530685218715,1836.0822865674272,1837.0316508379765,0.9493642705492676,1.0,0.1832066594469483,5
2025-05-02,2025-04-29,2025-05-05,3.8947664825008257,11.524684675429024,1836.057656549375,1835.7675867704677,1836.481035334524,0.7134485640563071,0.75,0.1265494741732631,5
2025-05-09,2025-05-05,2025-05-14,2.6880207652987913,7.016812946053445,1778.765960013515,1778.557136323303,1779.38435167633,0.8272153530269861,0.75,0.2359910865936099,5
2025-05-15,2025-05-14,2025-05-16,3.6630533020914537,13.179128547277717,4672.054004558037,4660.887128171977,4714.90134286508,54.014214693102986,0.75,0.3953436980810565,5
2025-05-15,2025-05-14,2025-05-16,3.39894731375128,11.498867383744305,3232.486685636111,3232.1265153503045,3233.0825831070542,0.9560677567496896,0.75,0.1680354330580846,5
2025-05-17,2025-05-16,2025-05-19,7.467619320715499,6.422095762495728,5657.697372539619,5657.046592224389,5659.019553265069,1.9729610406793656,1.75,0.2252787064739636,5
2025-05-23,2025-05-19,2025-05-27,3.438841368869021,20.258170209163964,4133.070699852552,4132.093033838086,4134.460052747745,2.3670189096592367,1.25,0.0554280889108638,5
2025-05-23,2025-05-19,2025-05-27,7.489334966084547,7.722215016537944,1826.4838617233288,1826.1493307421915,1827.0948261697777,0.9454954275861382,1.25,0.0948826666650537,5
2025-05-30,2025-05-27,2025-06-02,2.5342970369703415,7.980163167140284,3852.683892206548,3851.88091325108,3854.0161546729505,2.1352414218708873,1.5,0.0912660026144962,5
2025-05-30,2025-05-27,2025-06-02,2.85643661092408,8.640072467101273,3556.999904037913,3556.741587363649,3557.4460435672663,0.7044562036171556,1.75,0.16465756279749,5
2025-05-30,2025-05-27,2025-06-02,2.0204956464070825,10.889865740428736,3555.9252449200467,3555.5755270873196,3556.512766277883,0.9372391905635596,1.0,0.1391906012958732,5
2025-05-30,2025-05-27,2025-06-02,2.069857964184042,8.656617258174949,3234.498844012613,3234.280991921667,3234.9980097836815,0.7170178620144725,1.0,0.0786666809578728,5
2025-05-30,2025-05-27,2025-06-02,2.284473231684789,9.552267999004489,2073.325540229136,2073.0744562689215,2074.0232237982564,0.948767529334873,0.75,0.0687486687671101,5
2025-05-30,2025-05-27,2025-06-02,3.309687476960011,12.24404010256614,1837.4181826108577,1837.1687704757787,1837.8813472827896,0.7125768070109189,0.75,0.2069007331522399,5
2025-05-30,2025-05-27,2025-06-02,3.605464827186987,9.749464100311346,1850.3334288032645,1850.0849869027736,1850.8591172024608,0.7741302996873856,0.75,0.1952296750986848,5
2025-05-30,2025-05-27,2025-06-02,6.005795246300008,9.73612374981268,1830.509235935258,1830.242028045468,1831.1897234474309,0.9476954019628464,1.25,0.4611006489495706,5
2025-06-07,2025-06-02,2025-06-13,7.502981524118781,7.912792988898285,3939.466474933736,3938.7997956476174,3940.4571827654727,1.6573871178552508,1.0,0.3079928855720037,6
2025-06-14,2025-06-13,2025-06-16,5.812859193531982,12.249535093409753,1832.7919774488616,1832.549462404102,1833.261622719001,0.7121603148989379,0.75,0.1908095444500457,6
2025-06-14,2025-06-13,2025-06-16,11.949955230945443,8.94195771261625,1830.4144011204444,1829.4951081108304,1831.1897234474309,1.694615336600691,2.0,0.3382790376642708,6
2025-06-14,2025-06-13,2025-06-16,5.176409407427813,11.619190611502312,3233.431392726665,3233.0818302044645,3234.0378847694956,0.9560545650310814,1.0,0.2003203306787893,6
2025-06-21,2025-06-16,2025-06-27,3.492458187745512,11.508003917354555,3232.477143181613,3232.1265153503045,3233.0825831070542,0.9560677567496896,0.75,0.1733899215670953,6
2025-06-29,2025-06-27,2025-07-01,4.577625913168769,14.952943797297923,3235.9853399582325,3235.738684007898,3236.4559282069094,0.7172441990114748,1.25,0.0354967848032994,6
2025-06-29,2025-06-27,2025-07-01,19.761354341649824,6.466058857061378,5656.599006001236,5655.3122443570755,5658.028610508889,2.7163661518134177,1.0,0.386004562020048,6
2025-06-29,2025-06-27,2025-07-01,3.3294645346975886,6.666553107182992,1827.4664608349608,1827.2283491869457,1827.9387726751156,0.7104234881699085,0.75,0.3099693329533926,6
2025-06-29,2025-06-27,2025-07-01,4.9682226541800425,12.530587792855425,1832.789921335045,1832.549462404102,1833.261622719001,0.7121603148989379,0.75,0.2424738385610192,6
2025-07-06,2025-07-01,2025-07-11,3.2597781024145895,17.945492313337986,2978.226541730102,2977.945473419968,2978.6510541690513,0.7055807490833104,0.75,0.0844682430435361,7
2025-07-06,2025-07-01,2025-07-11,2.065062378551513,11.146651577177808,5652.560211597538,5652.338895464782,5653.073204481043,0.7343090162612498,0.75,0.1206333884626231,7
2025-07-06,2025-07-01,2025-07-11,2.475765128029696,5.972727138955457,1823.7882358897796,1823.3076230040751,1824.549588768277,1.2419657642021775,0.75,0.0351726393735235,7
2025-07-12,2025-07-11,2025-07-14,3.4116042723692024,7.380872730239139,4582.435497211209,4582.0981181976385,4583.093536926433,0.9954187287949026,1.0,0.1204838798138285,7
2025-07-12,2025-07-11,2025-07-14,3.7106344006414056,7.488620305846889,4409.855386237243,4407.228975306265,4413.102705372963,5.8737300666980445,2.25,0.0792454289373567,7
2025-07-12,2025-07-11,2025-07-14,2.082679756500758,9.784157736567572,1850.5181588678204,1850.3526073489336,1850.8591172024608,0.5065098535269499,0.75,0.1539893233265354,7
2025-07-12,2025-07-11,2025-07-14,7.418875129309019,9.241829053051877,1833.144378971576,1832.3128267931752,1833.9668803242969,1.6540535311214626,1.25,0.5020666737095603,7
2025-07-12,2025-07-11,2025-07-14,7.193694977273233,9.005348652537144,1831.9840753924243,1831.608044696506,1832.5517162117176,0.943671515211463,0.75,0.2470472369330512,7
2025-07-12,2025-07-11,2025-07-14,6.19918100839844,12.379541292915096,1829.3534027871867,1829.106648400426,1829.8170737405308,0.7104253401048481,1.0,0.2794698818555119,7
2025-07-12,2025-07-11,2025-07-14,2.128326149372291,9.056073166632103,1830.204931629356,1830.204931629356,1830.4438210478984,0.2388894185423851,1.0,0.1106103642447309,7
2025-07-12,2025-07-11,2025-07-14,7.64199545733342,9.60165181408909,1846.9731727617295,1833.7279909057545,1850.8591172024608,17.131126296706498,1.0,0.3006219667972409,7
2025-07-25,2025-07-22,2025-07-29,2.6228519708098466,6.470367006270679,3679.219526379254,3677.9656490557823,3680.719669399783,2.7540203440003097,2.0,0.0725504672416321,7
2025-07-25,2025-07-22,2025-07-29,5.465543720703963,6.085756077759534,3312.972198770505,3311.25779856788,3315.1477038539015,3.88990528602153,2.5,0.0677656636402046,7
2025-07-25,2025-07-22,2025-07-29,2.7290267312151375,11.96517426435976,1837.1843153488855,1836.9319267459216,1837.6445035678337,0.71257682191208,0.75,0.1639043667027007,7
2025-07-25,2025-07-22,2025-07-29,10.257439228384849,11.536464519878626,3233.1537240573953,3232.1265153503045,3234.0378847694956,1.9113694191910329,1.25,0.2481960898682267,7
2025-08-01,2025-07-29,2025-08-05,6.4227886708366695,15.112881567780592,3236.116095838025,3235.738684007898,3236.695105329156,0.9564213212579488,1.5,0.0972527916770971,8
2025-08-09,2025-08-05,2025-08-13,2.8088242178602982,20.231686191967484,4133.250267739621,4132.093033838086,4134.460052747745,2.3670189096592367,1.25,0.0728666993922111,8
2025-08-09,2025-08-05,2025-08-13,7.2720274148368285,11.865250918765666,1829.1232341208547,1828.87088014232,1829.5813057892956,0.7104256469756365,1.0,0.282503455056311,8
2025-08-17,2025-08-13,2025-08-21,2.8447710433931093,11.281170545293236,3233.569066762561,3233.3208851534873,3234.0378847694956,0.7169996160082519,0.75,0.1813944722343685,8
2025-08-17,2025-08-13,2025-08-21,4.863211643577181,7.749961961352489,1826.4914233704496,1826.1493307421915,1827.0948261697777,0.9454954275861382,0.75,0.0938434676445798,8
2025-08-17,2025-08-13,2025-08-21,12.96887354559498,14.041605551852326,2546.173779877944,2543.6301043066196,2548.504230109509,4.874125802889466,3.25,0.0969930453179246,8
2025-08-17,2025-08-13,2025-08-21,3.3539913112993345,9.497507600196798,1830.6030303100747,1830.242028045468,1831.1897234474309,0.9476954019628464,0.75,0.13779581375289,8
2025-08-23,2025-08-21,2025-08-25,2.427186367545556,10.743861704768834,3554.950985136928,3554.644113986753,3555.5813705082983,0.9372565215453506,0.75,0.1616571093221286,8
2025-08-23,2025-08-21,2025-08-25,4.526245577028673,9.242824404032666,1835.5928839338928,1835.3607043018565,1836.0733276498504,0.7126233479939401,0.75,0.2237997526811685,8
2025-08-23,2025-08-21,2025-08-25,3.0188615279888085,12.739507800534486,3027.2217574702536,3026.444823590573,3028.1218108860776,1.6769872955046594,1.25,0.1162579395415952,8
2025-08-30,2025-08-25,2025-09-05,3.416889700754452,7.033125696630358,1814.0541621453224,1813.8065992840568,1814.5794595810585,0.7728602970018983,0.75,0.0416373328319963,8
2025-08-30,2025-08-25,2025-09-05,7.231288407845702,12.332933541523218,1829.279632412919,1828.87088014232,1829.8170737405308,0.9461935982108116,1.25,0.1697576872586848,8
2025-08-30,2025-08-25,2025-09-05,3.43589156232886,9.73791066498317,1850.3115667327315,1850.0849869027736,1850.8591172024608,0.7741302996873856,0.75,0.2387913693466137,8
2025-08-30,2025-08-25,2025-09-05,3.9180629785970784,11.24419518866275,1837.4115741883184,1837.1687704757787,1837.8813472827896,0.7125768070109189,0.75,0.0776472028401209,8
2025-08-30,2025-08-25,2025-09-05,2.330815389987826,11.774965972728989,3094.4026882747085,3063.851749924943,3110.507060936652,46.65531101170927,0.75,0.2149713524033614,8
2025-08-30,2025-08-25,2025-09-05,3.0072713300693867,20.440616779546033,4133.206325605865,4132.093033838086,4134.460052747745,2.3670189096592367,1.25,0.0638486723115161,8
2025-08-30,2025-08-25,2025-09-05,2.063987853946909,8.517367545223168,1769.3083775441858,1768.8472256199457,1769.9760404820554,1.1288148621097207,0.75,0.0618220540992675,8
2025-08-30,2025-08-25,2025-09-05,2.0686357461964247,6.419435543136789,1810.54181672175,1810.2642488288693,1811.0600056415424,0.7957568126730621,0.75,0.0254868550512307,8
2025-08-30,2025-08-25,2025-09-05,5.282548394142679,6.1970929481722,1818.4663285330328,1818.0759923579171,1819.0977916629056,1.0217993049882352,1.25,0.0686540297924231,8
2025-08-30,2025-08-25,2025-09-05,6.927998642351469,6.750112750965723,1820.8916469913725,1820.639994826168,1821.3821523124352,0.7421574862673879,1.0,0.1554721073885234,8
2025-08-30,2025-08-25,2025-09-05,2.619191348804813,6.331032571729425,1821.8617255421443,1821.610530110076,1822.378674859181,0.7681447491049767,0.75,0.0735708281723579,8
2025-09-08,2025-09-05,2025-09-11,3.022734642131636,15.446951155094789,2548.5879298600457,2548.192794197239,2549.7167714722455,1.523977275006473,1.75,0.0954258458250434,9
2025-09-08,2025-09-05,2025-09-11,2.944153819295112,14.044730700534616,3242.9355558896004,3242.591701409314,3243.551123660058,0.9594222507439554,1.0,0.0933289015921856,9
2025-09-08,2025-09-05,2025-09-11,20.512247687047996,10.130739549012576,1799.9065426286018,1799.128653746564,1800.7790264603682,1.650372713804245,1.5,0.5401247979672519,9
2025-09-08,2025-09-05,2025-09-11,4.514029966611507,8.052840471059925,1789.6992870966292,1787.676325592678,1791.8644361747429,4.188110582064837,1.0,0.0718721322631321,9
2025-09-08,2025-09-05,2025-09-11,13.153756636063942,6.365919947862517,1776.549583661449,1775.9156842813827,1777.6207780283876,1.7050937470048666,1.25,0.287562201219087,9
2025-09-08,2025-09-05,2025-09-11,3.404924327003211,6.287597680230461,1777.5744652753478,1777.3818886098452,1777.916148077231,0.5342594673857093,0.75,0.2382961539850492,9
2025-09-13,2025-09-11,2025-09-15,2.891378966174275,14.653079615100523,2546.9760461813316,2546.2985664359294,2547.7699436349794,1.471377199050039,1.0,0.112854111731786,9
2025-09-13,2025-09-11,2025-09-15,4.016114543214254,9.196372870109666,1835.4245205922227,1835.123837464489,1835.8364607566036,0.7126232921145856,0.75,0.1045129814987788,9
2025-09-18,2025-09-15,2025-09-22,2.548385600151234,6.1409548689180165,3058.362759269204,3057.915753180627,3058.9049729485996,0.989219767972827,2.0,0.0648986288352437,9
2025-09-26,2025-09-22,2025-09-30,3.1569239049270372,16.3012784959305,1843.47638583017,1843.1485017747616,1844.1013916768136,0.9528899020515382,0.75,0.1639295838281307,9
2025-09-26,2025-09-22,2025-09-30,2.1827026365997457,6.242599507085272,1786.1707644109365,1785.6627042316832,1787.035164655652,1.3724604239687324,0.75,0.1083058592905894,9
2025-09-26,2025-09-22,2025-09-30,2.5296299141226335,6.209386103667678,1785.2965224500983,1785.0759827904403,1785.9015936502255,0.825610859785229,0.75,0.0539088069399212,9
2025-10-04,2025-09-30,2025-10-08,5.666762786281109,12.582736866433851,2543.979966004293,2542.654250729829,2545.595601302106,2.9413505722768605,2.5,0.1391928368061457,10
2025-10-04,2025-09-30,2025-10-08,6.102509627396893,6.202398398024374,5658.340653316908,5658.037741761189,5659.019553265069,0.981811503879726,1.25,0.3072102291539424,10
2025-10-04,2025-09-30,2025-10-08,4.351883773775865,19.24960085683008,1844.4907078426288,1843.3865018184297,1845.9809917691164,2.594489950686693,0.75,0.1720615870587716,10
2025-10-04,2025-09-30,2025-10-08,6.178774477043003,8.481975422566306,1831.817875634163,1831.608044696506,1832.3200887688436,0.7120440723374486,0.75,0.2793208003742853,10
2025-10-12,2025-10-08,2025-10-17,2.7186434026381936,8.767482173757072,3792.673087775692,3792.4256234923378,3793.147309477441,0.7216859851032495,0.75,0.0522075053085308,10
2025-10-12,2025-10-08,2025-10-17,3.919895857660846,11.612327021487822,3233.3302662156607,3233.0818302044645,3233.798829620704,0.7169994162395597,1.0,0.1937721651178026,10
2025-10-12,2025-10-08,2025-10-17,8.360462550282199,9.606969320337916,1836.436680653732,1836.0822865674272,1837.0316508379765,0.9493642705492676,1.0,0.3063319156784905,10
2025-10-19,2025-10-17,2025-10-22,4.7671882501234295,6.7395614658070775,5657.527847991645,5657.294301843271,5658.028610508889,0.7343086656183004,0.75,0.1783375472065196,10
2025-10-19,2025-10-17,2025-10-22,6.587984884323553,9.998211180833682,5651.41349634102,5651.154030555859,5651.888327450026,0.7342968941666186,0.75,0.4058340507377833,10
2025-10-19,2025-10-17,2025-10-22,7.577506661574357,10.745532354079362,5648.964240734865,5648.724994902033,5649.459069896489,0.734074994456023,0.75,0.0634670692841166,10
2025-10-19,2025-10-17,2025-10-22,6.307755651902407,12.468614014656596,5645.787015000969,5645.50527341431,5646.239466989413,0.7341935751028359,0.75,0.1784669220239432,10
2025-10-19,2025-10-17,2025-10-22,7.271053343232721,12.97786650414464,5644.840703386223,5644.513289813884,5645.744162832852,1.2308730189688504,0.75,0.2340264717538542,10
2025-10-19,2025-10-17,2025-10-22,5.28415988243781,11.03301430761462,1832.8057171136925,1832.549462404102,1833.261622719001,0.7121603148989379,0.75,0.0925550733038627,10
2025-10-19,2025-10-17,2025-10-22,4.245782830200904,8.244426062165626,1807.1555561235416,1806.6573928846049,1807.7398914806545,1.0824985960498452,1.0,0.1927108103394692,10
2025-10-19,2025-10-17,2025-10-22,2.9092395335515957,7.988590561729847,1806.6397465539496,1806.37861562334,1807.1823504325,0.8037348091602325,0.75,0.2742655569855667,10
2025-10-24,2025-10-22,2025-10-27,3.1471960889145736,14.1274481413785,3665.952785689085,3664.826743661892,3667.1717789680697,2.345035306178034,1.0,0.1193848488559989,10
2025-10-24,2025-10-22,2025-10-27,6.210851950941328,14.730834927073236,2547.251120341292,2546.0537682478316,2548.504230109509,2.450461861677468,1.5,0.1086118323000773,10
2025-10-24,2025-10-22,2025-10-27,5.118101278149988,8.733350505990497,1792.7631203614744,1792.4692365522496,1793.28767747432,0.8184409220702946,0.75,0.6504157619019413,10
2025-10-24,2025-10-22,2025-10-27,2.1451212699429134,7.744699905869526,1808.597383793494,1808.3363287276588,1809.1325741992332,0.7962454715743661,0.75,0.2544049419910443,10
2025-11-01,2025-10-27,2025-11-06,2.3708341453820463,14.710505987767526,4823.151103929318,4822.878548925277,4823.776240597945,0.897691672667861,0.75,0.1337197096245868,11
2025-11-01,2025-10-27,2025-11-06,3.0744488859565,11.735331697197868,3233.554125114787,3233.3208851534873,3234.0378847694956,0.7169996160082519,0.75,0.2365466749714495,11
2025-11-08,2025-11-06,2025-11-10,3.9603596640418095,5.92278458706617,3558.2100429156667,3557.443428328261,3559.316705459729,1.8732771314680576,5.25,0.0709478128406082,11
2025-11-08,2025-11-06,2025-11-10,3.673256269157398,8.486168890449724,3792.991075376775,3792.667021744885,3793.388707844541,0.7216860996559262,0.75,0.2258467539058695,11
2025-11-08,2025-11-06,2025-11-10,2.8753984585208827,13.8785995646584,3242.8516632098504,3242.591701409314,3243.310946128331,0.719244719017297,1.0,0.0534643070478657,11
2025-11-08,2025-11-06,2025-11-10,5.334002965169587,7.525994437113201,1804.7708906740727,1804.4562245002016,1805.3092251936905,0.8530006934888661,1.25,0.1665840600512624,11
2025-11-08,2025-11-06,2025-11-10,2.0294310064958876,15.211487335825996,2548.3951209103243,2548.192794197239,2548.920919684693,0.7281254874542356,1.0,0.0932936602678269,11
2025-11-13,2025-11-10,2025-11-17,7.642172832726687,9.327755942247713,5065.44320576428,5063.020258924924,5068.58675799286,5.566499067936093,3.75,0.0922284253840843,11
2025-11-13,2025-11-10,2025-11-17,9.044563608703015,14.083640884733793,2546.1668662391503,2543.6301043066196,2548.504230109509,4.874125802889466,3.25,0.1486968737873151,11
2025-11-13,2025-11-10,2025-11-17,12.56204606026439,8.729672984937727,1831.742672029142,1831.3714672545905,1832.3200887688436,0.9486215142533184,1.5,0.2810122700321527,11
2025-11-13,2025-11-10,2025-11-17,2.9233644676464605,24.59900555166831,1819.7242749336872,1819.3467942196876,1820.340966624208,0.9941724045202136,1.0,0.1182847926960062,11
2025-11-13,2025-11-10,2025-11-17,4.456428352789022,11.6498160993633,3233.340053740426,3233.0818302044645,3233.798829620704,0.7169994162395597,1.0,0.2415480525298452,11
