mid_date,start_date,end_date,volume,elevation,alongshore_centroid_m,alongshore_start_m,alongshore_end_m,width,height,vol_unc,month
2017-11-11,2017-10-02,2017-12-21,0.33611894524359004,2.980088553577461,1047.9258930872704,1047.5573098328896,1048.5626177466474,1.0053079137578607,0.75,0.0050096712111324625,11
2017-11-11,2017-10-02,2017-12-21,0.41614883611999404,23.80272533890907,1473.9409910084423,1473.603124071844,1474.6112131634727,1.00808909162879,1.25,0.007565044109859148,11
2017-11-11,2017-10-02,2017-12-21,1.7742114525963346,4.9305938442382145,1252.8494465326678,1250.9581342819147,1254.9863830585964,4.028248776681721,3.5,0.009703830903425152,11
2017-11-11,2017-10-02,2017-12-21,3.0597875315607324,3.6280055156387645,1245.546137985389,1243.5253945435397,1248.6920798975043,5.166685353964567,1.75,0.014439168331912182,11
2017-11-11,2017-10-02,2017-12-21,1.123539631971298,15.663762669899068,1226.1026367277204,1225.539612785913,1226.8651196644641,1.3255068785510957,2.25,0.008910379831245383,11
2017-11-11,2017-10-02,2017-12-21,1.4088180473072613,22.941018112218057,1075.4001090230954,1073.807694264222,1077.1321026654914,3.3244084012694657,1.25,0.009818183698781964,11
2017-11-11,2017-10-02,2017-12-21,1.446343278263876,22.897355285021504,1070.66090840918,1069.5078689572401,1071.7776314136572,2.2697624564170837,1.75,0.010433308901951474,11
2017-11-11,2017-10-02,2017-12-21,1.0309492558479194,17.716211214363508,965.4169939091689,964.7392468042672,966.4918722296134,1.7526254253461957,1.75,0.0064035229965718286,11
2017-11-11,2017-10-02,2017-12-21,1.01452645584885,3.1713867645240446,807.1251795317148,806.3904401957989,808.5066476361826,2.1162074403837323,1.25,0.011659731634978668,11
2017-11-11,2017-10-02,2017-12-21,1.933492816981078,15.201488224989406,778.5461101551061,778.0995767861605,779.1569353016093,1.0573585154488683,3.75,0.00936564503949511,11
2017-11-11,2017-10-02,2017-12-21,0.3291656834798079,3.4727790499227957,514.9187566282837,514.5556452549063,515.5543090095744,0.9986637546680868,0.75,0.004993502316199218,11
2017-11-11,2017-10-02,2017-12-21,0.7404645016586017,17.13283157496467,402.2529640119723,401.75151223503053,402.9999551065266,1.2484428714960814,1.5,0.009566681832683893,11
2017-11-11,2017-10-02,2017-12-21,0.12476261079415014,4.7483283295049965,1256.1103494172282,1255.9894417896867,1256.4929819214158,0.5035401317290962,0.75,0.002558340260020557,11
2017-11-11,2017-10-02,2017-12-21,2.4302214149346533,5.963076238237058,163.43500008665157,161.70579992141575,165.36257197149098,3.656772050075233,3.0,0.010178381732512362,11
2017-11-11,2017-10-02,2017-12-21,4.494888542006224,16.133710851954287,31.84473006172766,31.564536358695477,32.36748191807419,0.8029455593787134,1.0,0.016472765860691466,11
2017-11-11,2017-10-02,2017-12-21,0.17789301082793355,3.4992307831116203,23.134028859187204,22.88057799357921,23.62947475677356,0.7488967631943524,0.75,0.0047513698552833295,11
2017-11-11,2017-10-02,2017-12-21,0.11733123321183352,1.750052975080522,17.967522251083103,17.843338512349874,18.34404007392004,0.5007015615701675,0.75,0.0030203690823770966,11
2017-11-11,2017-10-02,2017-12-21,0.1813945357074853,1.7496094564626372,20.338116770634063,20.12127267755568,20.80694144498557,0.6856687674298882,0.75,0.0034531332272430847,11
2017-11-11,2017-10-02,2017-12-21,0.08038998837480263,2.25,1104.8717017847723,1104.4898888203315,1105.5072090481408,1.0173202278092504,0.25,0.000497649819875086,11
2017-11-11,2017-10-02,2017-12-21,0.1830692628775416,2.359486097243654,1100.9047527583787,1100.3680688394234,1101.642842289526,1.274773450102657,0.5,0.003370114641639149,11
2017-11-11,2017-10-02,2017-12-21,2.1849800380664215,2.8691565328063464,1102.317062641955,1099.3496276577935,1105.5072090481408,6.157581390347332,1.0,0.01163232076692228,11
2017-11-11,2017-10-02,2017-12-21,6.549388280647656,3.194538606298944,1063.129436695903,1057.3808695604093,1069.5073363413103,12.126466780900955,1.75,0.02241297155997117,11
2017-11-11,2017-10-02,2017-12-21,0.2300773130644036,3.2142298954784283,1054.8783885839891,1054.6061091055162,1055.3609416093677,0.7548325038515031,0.75,0.0051781671536186855,11
2017-11-11,2017-10-02,2017-12-21,0.9799988272805822,3.3797348685560156,1051.6283167188528,1050.5712170088664,1052.5811159103177,2.009898901451379,1.5,0.009840303729996398,11
2017-11-11,2017-10-02,2017-12-21,1.4036769804528297,3.554809648133893,337.9559828489703,333.6143586789258,343.44903745269403,9.834678773768246,1.75,0.006477567981486988,11
2018-01-11,2017-12-21,2018-02-01,4.832441582933001,10.983645034739153,1198.4382749812924,1196.7632669564337,1200.5506912451237,3.78742428869009,3.5,0.015355340369330683,1
2018-01-11,2017-12-21,2018-02-01,0.2569402969066622,3.2543516774682852,1193.0344043590098,1192.646214788314,1193.6645061122254,1.0182913239113986,0.75,0.0042761094856765425,1
2018-01-11,2017-12-21,2018-02-01,0.7664477297352391,3.244081404903771,1187.8262989487157,1186.5403907666914,1189.3258933830075,2.78550261631608,0.75,0.007619852715017165,1
2018-01-11,2017-12-21,2018-02-01,6.492928945725687,3.5912482462766775,1145.6830798608223,1139.374058756046,1150.7215117830783,11.347453027032316,1.75,0.024192602354859323,1
2018-01-11,2017-12-21,2018-02-01,2.2274799772534046,3.620694508161271,1175.2314736646963,1173.267398926895,1177.5087606254965,4.241361698601395,1.5,0.013992882820865941,1
2018-01-11,2017-12-21,2018-02-01,0.5025808589409216,3.5648518382378263,1170.8352539126388,1170.441540607717,1171.464279445354,1.0227388376370072,1.0,0.012943668887769275,1
2018-01-11,2017-12-21,2018-02-01,19.431870117434208,18.887828138633257,1154.4582125071263,1150.2121787313372,1159.969554001931,9.757375270593911,8.25,0.02288499374234221,1
2018-01-11,2017-12-21,2018-02-01,2.2058841353030347,32.72667032979012,1200.6017283135652,1198.771207107231,1202.3327382123098,3.561531105078757,2.5,0.011104900962279812,1
2018-01-11,2017-12-21,2018-02-01,8.555812391114053,13.53337736112165,1181.12940625463,1177.492144427728,1184.6626024083234,7.170457980595529,3.75,0.014645736070829914,1
2018-01-11,2017-12-21,2018-02-01,4.853254664441126,3.4055585882720596,1228.3403492559812,1224.3285176497884,1234.4110631784424,10.082545528654009,1.5,0.015341342771559133,1
2018-01-11,2017-12-21,2018-02-01,1.0596228610219272,3.3824509133384333,1269.154549004029,1268.2116304067895,1270.2273147054948,2.0156842987053096,1.25,0.008487656880586227,1
2018-01-11,2017-12-21,2018-02-01,32.99901682763118,6.188348904245883,1250.029850344593,1243.2733710068278,1259.7653909428045,16.492019935976714,6.75,0.031534584370774575,1
2018-01-11,2017-12-21,2018-02-01,3.8613587092873893,3.6917689005871877,1254.226168913391,1252.2170323180035,1256.7447496564128,4.527717338409275,3.0,0.01289287085136435,1
2018-01-11,2017-12-21,2018-02-01,0.0600711361198551,3.744880403029427,1259.0100850998424,1259.0100850998424,1259.2618575161323,0.2517724162898958,0.75,0.0019765761232632844,1
2018-01-11,2017-12-21,2018-02-01,1.8980446455157505,3.4624640597692067,1263.1200052376512,1261.0240536839701,1265.5904925079085,4.56643882393837,1.25,0.010790989544069781,1
2018-01-11,2017-12-21,2018-02-01,0.5038803822676019,10.612672043167233,1278.9108300858895,1278.5852069598623,1279.5942794843577,1.0090725244954228,1.5,0.006802461567501031,1
2018-01-11,2017-12-21,2018-02-01,1.8004874919931169,3.5107334556895653,1285.2518820236646,1283.8855125019327,1287.3320435923524,3.4465310904197395,1.75,0.006427833552417424,1
2018-01-11,2017-12-21,2018-02-01,0.29847701777202434,15.387535209203353,1334.6982247297503,1334.432753583882,1335.2049466404133,0.7721930565312505,1.0,0.004426786722556769,1
2018-01-11,2017-12-21,2018-02-01,5.5095006004766125,39.85096129343969,1356.296741615267,1355.85440210253,1356.901336596813,1.0469344942830503,6.0,0.024379264504289948,1
2018-01-11,2017-12-21,2018-02-01,8.603939003203388,3.4625826216398368,1124.1161262403905,1116.1226473920979,1131.3354465751909,15.212799183093011,1.5,0.028265732603968304,1
2018-01-11,2017-12-21,2018-02-01,2.697339737656043,3.332329017120561,1238.6388177874667,1235.9850971894339,1241.7612347039394,5.776137514505535,1.25,0.015820662013074013,1
2018-01-11,2017-12-21,2018-02-01,5.364178191225125,3.4795943921059203,1103.8198322183591,1097.5673973793164,1111.6804928043857,14.113095425069332,1.25,0.020016677364356195,1
2018-01-11,2017-12-21,2018-02-01,0.31608535113629893,5.393917484755852,1256.3301512801334,1255.9894417896867,1256.9965173546225,1.0070755649358034,1.0,0.0030218911007222978,1
2018-01-11,2017-12-21,2018-02-01,0.06071995363663417,3.5049485321557405,1041.5217632572167,1041.5217632572167,1041.7735356735066,0.2517724162898958,0.75,0.0013004454422155328,1
2018-01-11,2017-12-21,2018-02-01,8.072220522525235,17.42890611741212,1096.7581737820315,1094.2140080998652,1100.110857150983,5.896849051117897,5.75,0.01209154026840471,1
2018-01-11,2017-12-21,2018-02-01,6.470408217804077,3.9239986792509916,1057.085188908005,1053.0827715354972,1061.1556910639629,8.072919528465718,1.75,0.027256746288696735,1
2018-01-11,2017-12-21,2018-02-01,8.009392981991837,3.6728744823077615,1066.2220415085376,1061.4072719365358,1073.0386787313037,11.631406794767827,2.0,0.025070007124206834,1
2018-01-11,2017-12-21,2018-02-01,5.887642565007629,3.5322400376441427,1165.252043967238,1160.4895152258687,1169.922772590071,9.43325736420229,1.5,0.026332088840728837,1
2018-01-11,2017-12-21,2018-02-01,4.559976117634447,0.2569809582309582,22.659464081437854,21.556085699237883,23.878107072785497,2.3220213735476136,0.75,0.017608861693866808,1
2018-01-11,2017-12-21,2018-02-01,0.5525617748762306,18.760846077175,197.7627621412141,197.23238788498566,198.63720333902165,1.4048154540359974,1.25,0.009479851518498908,1
2018-01-11,2017-12-21,2018-02-01,0.2353466579649348,36.01600291304876,342.5333551461886,342.2381579466164,343.1293350895867,0.891177142970264,0.75,0.0069350091765251086,1
2018-01-11,2017-12-21,2018-02-01,1.0638328734809184,29.75390571842736,347.2064092052204,346.9683452928439,347.72631136281416,0.7579660699702799,0.75,0.012823294611730787,1
2018-01-11,2017-12-21,2018-02-01,4.318753657961242,7.963717424812405,457.061997942223,454.75202387571335,459.57778093311936,4.825757057406008,2.0,0.015546969771361021,1
2018-01-11,2017-12-21,2018-02-01,0.20404687765971163,3.489388888837477,490.8345469998126,490.5948637444526,491.34456228418276,0.7496985397301614,0.75,0.005641977330676888,1
2018-01-11,2017-12-21,2018-02-01,3.055746458393071,3.6444336428237794,1047.079828034235,1042.5252981432714,1051.0741620296612,8.548863886389881,1.75,0.015468549833698247,1
2018-01-11,2017-12-21,2018-02-01,13.055667584633323,20.01264306698816,722.3240493587999,715.8263892242685,728.9453417644836,13.118952540215105,3.75,0.02795211100468828,1
2018-01-11,2017-12-21,2018-02-01,0.2531323649964856,25.50338266602945,975.8525829864269,975.4865620620549,976.4884758675471,1.0019138054922223,0.75,0.0037638566372230503,1
2018-01-11,2017-12-21,2018-02-01,2.6111253720889978,12.775348527388905,842.7568115686219,839.8159004086629,846.4614243558608,6.645523947197944,2.5,0.007263141418737567,1
2018-01-11,2017-12-21,2018-02-01,0.18090527895952996,10.005086795624937,826.9004914479826,826.5406797770411,827.5008815880865,0.9602018110454082,0.75,0.0019454623259652676,1
2018-01-11,2017-12-21,2018-02-01,0.27261816526903393,3.2360455016457395,816.581302635551,816.1850318461657,817.2303218562156,1.0452900100499392,0.75,0.005030269458483031,1
2018-01-11,2017-12-21,2018-02-01,0.5463696211268928,13.126955949934409,848.1823043964407,847.4775669067167,849.1309666698799,1.6533997631631792,1.5,0.005254661061596128,1
2018-01-11,2017-12-21,2018-02-01,4.363254117824962,18.061524617225647,1013.3581542317121,1011.4679921967909,1015.2214714786969,3.7534792819060385,4.0,0.015821466753015583,1
2018-01-11,2017-12-21,2018-02-01,3.3143806801165323,3.6702941551373476,809.2382984890148,806.3904401957989,814.8805406573229,8.49010046152398,2.25,0.01757770756577918,1
2018-01-11,2017-12-21,2018-02-01,0.37851616128472704,14.909299367569373,804.4896227164768,804.1327323499136,805.184912616387,1.0521802664734423,1.0,0.005907618421272822,1
2018-01-11,2017-12-21,2018-02-01,0.5732907643973144,4.087007973909756,813.5720236376005,812.7882088823244,814.6379206082784,1.8497117259539664,1.0,0.006505420612378433,1
2018-01-11,2017-12-21,2018-02-01,42.754056863330916,11.49967640119328,509.58162355234913,504.56810535816476,515.0563814230263,10.488276064861566,8.5,0.03309882623892394,1
2018-02-15,2018-02-01,2018-03-01,0.3587249610712191,2.206091554349615,600.4732099580489,599.9054718753323,601.4017746206373,1.4963027453050017,0.75,0.012510314553383202,2
2018-02-15,2018-02-01,2018-03-01,0.26154735446614286,3.031024971012909,718.1799855856558,717.9531375858933,718.7261257697828,0.772988183889538,0.75,0.009972898235287467,2
2018-02-15,2018-02-01,2018-03-01,1.6380181223302068,2.103375056054479,661.2825403748869,660.121625166852,662.7390750884078,2.617449921555817,1.0,0.016461788382514154,2
2018-02-15,2018-02-01,2018-03-01,0.584645133884052,2.2282083593961115,658.2523875052094,657.3848598725162,659.3461109003983,1.9612510278820992,0.75,0.006363098883388038,2
2018-02-15,2018-02-01,2018-03-01,1.0855438383686369,2.2982569581066925,605.6892187917523,604.7794591425918,606.8795910789631,2.1001319363713264,1.0,0.0195101939291493,2
2018-02-15,2018-02-01,2018-03-01,0.8473397523081239,1.9434707114361578,602.1047990769242,600.901040611323,603.3932987796143,2.4922581682913005,0.75,0.012264644707048163,2
2018-02-15,2018-02-01,2018-03-01,0.4276249375700078,1.962285391766327,599.3331403514923,598.9096642495133,600.1572442916222,1.2475800421088934,0.75,0.009557245365839913,2
2018-02-15,2018-02-01,2018-03-01,1.5428664024728072,6.715004907784243,20.25073933976349,20.12127267755568,20.80694144498557,0.6856687674298882,1.0,0.02213327096853126,2
2018-02-15,2018-02-01,2018-03-01,2.911820378962328,5.799262285957008,20.346116030110995,20.12127267755568,20.80694144498557,0.6856687674298882,1.0,0.02414564981234768,2
2018-02-15,2018-02-01,2018-03-01,0.24392467007413973,6.628710016205113,20.555169028695673,20.555169028695673,20.80694144498557,0.2517724162898958,0.5,0.005664207099156082,2
2018-02-15,2018-02-01,2018-03-01,7.079639683456086,0.3625922603496266,39.3538615723403,17.34561189636588,106.67224304331467,89.32663114694878,1.25,0.0610977847384858,2
2018-02-15,2018-02-01,2018-03-01,1.1740267363495578,13.597111357969224,446.2105002305422,445.42551352176815,447.519528335426,2.09401481365785,2.0,0.006439104132263432,2
2018-03-13,2018-03-01,2018-03-26,0.81465157301327,2.2484004841042795,713.091027962553,708.2307962328196,718.610992543865,10.380196311045438,0.75,0.007839536870849682,3
2018-03-13,2018-03-01,2018-03-26,0.611954069618664,2.2888435671382306,720.7694550648149,720.0456210314296,721.8648694697767,1.819248438347131,1.0,0.009011179605441722,3
2018-03-13,2018-03-01,2018-03-26,0.7792439369069648,7.523783046093532,801.0021331693777,798.7146651553921,804.445406798739,5.730741643346846,1.25,0.008127094931823977,3
2018-05-05,2018-03-26,2018-06-15,7.977798313244036,42.276918050827334,1187.6287346930526,1185.6660441881977,1191.109916430898,5.443872242700309,2.5,0.04821955583960146,5
2018-05-05,2018-03-26,2018-06-15,0.4218624963921728,38.912949363672055,1188.7852507450632,1188.563020769041,1189.3258933830075,0.762872613966465,1.0,0.024709609312379054,5
2018-05-05,2018-03-26,2018-06-15,0.2843227501868309,18.628912847269035,1190.8389295922282,1190.6026189131662,1191.365441528149,0.7628226149827242,1.0,0.013707018184092699,5
2018-05-05,2018-03-26,2018-06-15,0.6445117678587756,40.6228075422529,1188.9287865916574,1188.563020769041,1189.581443473231,1.0184227041900158,1.0,0.014660789772534107,5
2018-05-05,2018-03-26,2018-06-15,0.591584296392522,44.086988247861534,1186.8954526815469,1186.5403907666914,1187.5590575933456,1.0186668266542256,1.0,0.010527994340857494,5
2018-05-05,2018-03-26,2018-06-15,1.1555919600288116,40.06904140188275,1186.9682774047808,1186.5403907666914,1187.5590575933456,1.0186668266542256,1.25,0.011338381530898485,5
2018-05-05,2018-03-26,2018-06-15,0.20899055493977192,39.23779872596195,1185.9205888214901,1185.6660441881977,1186.4302336503752,0.7641894621774554,0.75,0.014728296010942676,5
2018-05-05,2018-03-26,2018-06-15,1.0979609392245342,11.18089454046603,438.33019023540305,437.16963989380747,439.9320610528812,2.7624211590737104,1.25,0.010906347795390885,5
2018-05-05,2018-03-26,2018-06-15,2.077789442465496,22.478507219969398,1171.3669294585907,1169.671000173781,1173.519171343185,3.8481711694039404,1.75,0.013633329141844003,5
2018-05-05,2018-03-26,2018-06-15,0.17811992071811486,20.001834810675877,1162.8087772689644,1162.5477313580923,1163.3142923112027,0.7665609531104565,0.75,0.00385170717969643,5
2018-05-05,2018-03-26,2018-06-15,0.34896871699688153,18.14963471690109,1157.542899103739,1157.1445484780706,1158.1686043487862,1.0240558707155287,1.0,0.0044272936712029445,5
2018-05-05,2018-03-26,2018-06-15,1.4818815213111316,13.508094537821998,1147.0739744151274,1146.0857306211255,1148.1469401447102,2.0612095235846937,2.5,0.012664646416350057,5
2018-05-05,2018-03-26,2018-06-15,5.914795275957934,11.668105872688455,820.5568040725964,816.1850318461657,824.8569305175915,8.671898671425879,4.0,0.014091622911016025,5
2018-05-05,2018-03-26,2018-06-15,4.385520492663016,0.7639715312777899,24.683497982067664,24.449052274227142,25.193466255441308,0.7444139812141657,0.75,0.015047148419842905,5
2018-05-05,2018-03-26,2018-06-15,0.2653586853039393,14.361937331736186,1186.778491885884,1186.5403907666914,1187.303426137194,0.7630353705026209,1.0,0.007723939448566921,5
2018-07-12,2018-06-15,2018-08-08,0.41866895212084776,19.318268076323907,508.9239120723528,508.58046134002507,509.5791250891052,0.9986637490801513,1.0,0.00989165983197852,7
2018-07-12,2018-06-15,2018-08-08,0.21638051595960883,18.952356593738397,506.9845519781242,506.58450581971556,507.5831717555411,0.9986659358255565,0.75,0.006749215076996492,7
2018-07-12,2018-06-15,2018-08-08,3.11607559829652,19.639256921154583,505.9514391055473,504.8170687314123,507.5831717555411,2.7661030241288245,2.0,0.022545911221787295,7
2018-07-12,2018-06-15,2018-08-08,4.231817649706008,14.556230288250639,505.0842956794502,503.3232539608143,507.08524274267256,3.7619887818582356,3.25,0.015820185547001382,7
2018-07-12,2018-06-15,2018-08-08,15.06177427302588,17.191141339730073,505.93296646509407,503.0742906136438,510.8240059693344,7.749715355690569,3.25,0.024999341953253734,7
2018-07-12,2018-06-15,2018-08-08,0.5883893673729073,17.973173012367624,502.4052565529477,501.8295859522186,503.0770997130312,1.2475137608125806,0.75,0.007479636159452008,7
2018-07-12,2018-06-15,2018-08-08,0.04157291315020388,16.25,503.3232539608143,503.3232539608143,503.5750263771042,0.2517724162898958,0.25,0.0032276362791170033,7
2018-07-12,2018-06-15,2018-08-08,3.368441756887131,16.50066144190317,24.574022310211316,24.449052274227142,24.947121646720916,0.4980693724937737,0.75,0.010452988451431684,7
2018-07-12,2018-06-15,2018-08-08,14.419594169514369,14.805163686359212,23.391842022447523,22.88057799357921,24.454575306735933,1.573997313156724,3.25,0.017868199926179117,7
2018-07-12,2018-06-15,2018-08-08,3.246619155541102,15.001890986506066,21.82034714126498,21.556085699237883,22.309402031823993,0.7533163325861096,0.75,0.013195514972467062,7
2018-07-12,2018-06-15,2018-08-08,22.080604560694447,13.873959813866831,26.195093122160365,25.918528988491744,26.715247333049774,0.7967183445580304,2.0,0.014939775664865072,7
2018-07-12,2018-06-15,2018-08-08,5.348871624233677,8.116564565535654,20.63376538524739,20.230239662807435,21.2407767646946,1.0105371018871665,1.0,0.016585859022316893,7
2018-07-12,2018-06-15,2018-08-08,1.0950398756507387,0.8595910186507709,105.86773170463948,105.42670227494091,106.67224304331467,1.2455407683737576,1.0,0.013058664161983867,7
2018-07-12,2018-06-15,2018-08-08,3.381235005732966,8.800705481538895,504.0034084790861,501.8295859522186,507.08524274267256,5.255656790453941,2.75,0.009275748647374236,7
2018-08-22,2018-08-08,2018-09-06,0.8667564410524007,21.675892552726022,1164.0998205092665,1163.3193623027764,1165.3722915370017,2.052929234225303,2.0,0.007415703416588172,8
2018-08-22,2018-08-08,2018-09-06,12.106648660803067,18.991144085750307,1160.4920750604083,1158.4311970593408,1163.056898058392,4.6257009990513325,7.5,0.030672298957905044,8
2018-08-22,2018-08-08,2018-09-06,22.21358892562875,22.82184323164547,1104.9609819470832,1100.877510975115,1108.8701370521449,7.992626077029854,7.25,0.048575483499259636,8
2018-08-22,2018-08-08,2018-09-06,2.6034161636453046,13.949264556197546,442.6685205184087,441.67196589149535,444.1646062047221,2.4926403132267296,2.5,0.018303686164862613,8
2018-08-22,2018-08-08,2018-09-06,3.8143445536194327,4.826244994214509,20.333244796349682,20.12127267755568,20.80694144498557,0.6856687674298882,1.25,0.01681170581659473,8
2018-08-22,2018-08-08,2018-09-06,4.061085298169774,5.912900686206466,20.424644248194326,20.12127267755568,21.023958360310644,0.9026856827549636,1.0,0.027544595575489047,8
2018-08-22,2018-08-08,2018-09-06,6.272122963061847,8.967611079053665,69.2842950431792,19.513051045592874,98.98710175603628,79.47405071044341,0.75,0.018437537490109047,8
2018-08-22,2018-08-08,2018-09-06,13.629381263746902,9.00697594115758,52.92400559155887,17.224506430793554,98.51011370588094,81.28560727508739,0.75,0.0362425906548591,8
2018-09-22,2018-09-06,2018-10-08,0.8163248524919328,30.78617846058947,659.6656476316775,659.6145114274696,660.1163029633462,0.5017915358766913,1.0,0.010777733845242034,9
2018-09-22,2018-09-06,2018-10-08,0.8677503756088091,31.769482142590316,1249.1720622150024,1248.943898417987,1249.6992870257236,0.7553886077366769,0.75,0.02865574259462504,9
2018-09-22,2018-09-06,2018-10-08,0.3305410532468956,38.70672489719935,1250.1984407363718,1249.9510297845118,1250.7064038561657,0.7553740716539323,0.75,0.024486681341758753,9
2018-09-22,2018-09-06,2018-10-08,0.9690145632457906,6.235141915729351,1251.2940316980407,1250.9581342819147,1251.96526546916,1.0071311872452497,1.5,0.010257459155838353,9
2018-09-22,2018-09-06,2018-10-08,2.165836962995548,31.927166207877836,659.8579897378937,659.6145114274696,660.366321997717,0.7518105702474713,1.5,0.01813229343996434,9
2018-09-22,2018-09-06,2018-10-08,0.6976972431086225,30.863120987101897,660.0283218101653,659.8645305470563,660.366321997717,0.5017914506606758,1.0,0.01853714703704915,9
2018-09-22,2018-09-06,2018-10-08,2.644727674084296,2.717880140705294,440.28129299257665,436.671690905001,443.41773106437176,6.74604015937075,0.75,0.011494350073583334,9
2018-09-22,2018-09-06,2018-10-08,0.23217161896620706,2.242947721286831,661.730433654679,661.4870043485425,662.2377890483476,0.7507846998050809,0.75,0.007302444711140266,9
2018-09-22,2018-09-06,2018-10-08,4.6409769688342735,6.823913181756473,20.520837352832427,20.12127267755568,21.023958360310644,0.9026856827549636,1.25,0.018876647872305627,9
2018-09-22,2018-09-06,2018-10-08,0.9519521354231367,6.452418538469625,20.20581597482801,20.12127267755568,20.589970399159938,0.4686977216042578,0.75,0.008044475902414807,9
2018-09-22,2018-09-06,2018-10-08,1.788189605376333,0.5407343635970621,51.412134384502906,13.229246007744223,96.2567312209867,83.02748521324247,0.75,0.019703440314465498,9
2018-10-22,2018-10-08,2018-11-05,5.8053054946514475,44.2537933178238,1188.2844703565092,1185.9222527081147,1190.8543913294561,4.932138621341437,2.5,0.03696768572827242,10
2018-10-22,2018-10-08,2018-11-05,2.234564978934011,18.063913405877244,1187.264359861031,1185.6660441881977,1189.070343281608,3.4042990934103727,2.25,0.009195160226325787,10
2018-10-22,2018-10-08,2018-11-05,0.675245374942867,28.86996441231712,961.9093999301331,961.487564238254,962.4897246737964,1.0021604355424643,1.5,0.009921351734461362,10
2018-10-22,2018-10-08,2018-11-05,0.25342888995977103,12.993005332168332,943.6693101589548,943.4698193417862,944.222584601026,0.7527652592398226,0.75,0.00629285343402451,10
2018-10-22,2018-10-08,2018-11-05,0.19743029855961314,14.259678009670838,592.3703704122053,592.1114235594869,592.8611125289463,0.7496889694593847,0.75,0.0051765154670952536,10
2018-10-22,2018-10-08,2018-11-05,1.3501861682051275,13.454007114107432,561.0860010412902,559.4511826550588,563.4376566493884,3.9864739943295717,1.25,0.012865991786975643,10
2018-10-22,2018-10-08,2018-11-05,1.889624998256392,5.0166677436847875,503.81332861020314,503.5723104714416,504.3220095783472,0.7496991069056094,0.75,0.020410424049566795,10
2018-10-22,2018-10-08,2018-11-05,0.5735956607934414,9.151773229072605,411.71353439399456,410.9654440013692,412.71165729360655,1.7462132922373712,1.0,0.00824090748218505,10
2018-10-22,2018-10-08,2018-11-05,0.8216580216999934,26.976639155261463,961.7997347739453,961.487564238254,962.4897246737964,1.0021604355424643,1.5,0.011774182912496161,10
2018-10-22,2018-10-08,2018-11-05,4.191834490535362,11.997268653937404,105.67921435772128,105.42670227494091,106.17535886541009,0.7486565904691815,0.75,0.015055628202840263,10
2018-10-22,2018-10-08,2018-11-05,1.2169501567407408,14.750526917942517,22.88057799357921,22.88057799357921,23.132350409869105,0.2517724162898958,0.75,0.004125388635268014,10
2018-10-22,2018-10-08,2018-11-05,2.48580886197901,16.191295535025873,105.80714947912553,105.42670227494091,106.17535886541009,0.7486565904691815,0.75,0.009755361459520481,10
2018-10-22,2018-10-08,2018-11-05,55.52429119259226,17.079911655094094,27.947092337577086,23.129116822499782,105.6784746912308,82.54935786873102,5.0,0.038843874061044885,10
2018-10-22,2018-10-08,2018-11-05,51.12551607813055,16.125320159406304,39.2193019899938,17.577073462307453,103.6264299317263,86.04935646941885,8.0,0.06507596130204157,10
2018-10-22,2018-10-08,2018-11-05,10.588641448454373,11.875786443918166,27.211363097301643,26.843698393087834,27.820933796931058,0.977235403843224,1.0,0.015111143065779169,10
2018-10-22,2018-10-08,2018-11-05,60.583744759421336,13.494482377435801,27.025288621205263,25.918528988491744,28.738993019796908,2.820464031305164,3.75,0.02766081015264541,10
2018-10-22,2018-10-08,2018-11-05,11.208251476650684,12.118109568074994,37.67158468295652,22.88057799357921,105.18159051425755,82.30101252067834,1.0,0.020596894862228095,10
2018-11-13,2018-11-05,2018-11-21,0.3302052517866689,3.2501160387801127,23.246655727815742,22.88057799357921,23.878107072785497,0.9975290792062879,0.75,0.008681716447172052,11
2018-11-13,2018-11-05,2018-11-21,0.9877683981610802,19.497386866378186,712.958694154919,710.3020023331046,718.610992543865,8.308990210760385,1.25,0.01646862023068944,11
2018-11-13,2018-11-05,2018-11-21,0.3417983644671535,14.49038225504233,1004.9817491559035,1004.7199192945845,1005.4717869949527,0.751867700368166,1.25,0.00670258049117505,11
2018-11-24,2018-11-21,2018-11-27,0.4861130546224402,3.1056637884878464,506.97944507818215,506.58450581971556,507.5831717555411,0.9986659358255565,1.0,0.006418282658681986,11
2018-11-24,2018-11-21,2018-11-27,1.4575620683044421,3.0898680859404744,500.80730609472806,499.0908578154631,502.3303216858767,3.2394638704136014,1.25,0.012913387030247683,11
2018-11-24,2018-11-21,2018-11-27,0.6685684963490671,3.143107810161205,23.79997541258528,23.129116822499782,25.193466255441308,2.064349432941526,1.0,0.024354345703861476,11
2018-11-24,2018-11-21,2018-11-27,0.19990679498934466,3.2314668928637102,126.76551955046645,126.3712174766697,127.4161493522115,1.0449318755418062,0.75,0.0032242506031215697,11
2018-11-30,2018-11-27,2018-12-04,0.2687435136685406,3.5944806992462577,508.9339355852448,508.58046134002507,509.5791250891052,0.9986637490801513,1.0,0.006223539344523428,11
2018-11-30,2018-11-27,2018-12-04,0.27256145353226474,3.4838301561352916,1285.0297848806695,1284.6426478810608,1285.6516431146301,1.0089952335692942,0.75,0.0018653720605129331,11
2018-11-30,2018-11-27,2018-12-04,0.24468816992653883,3.2483996578734136,1264.9345498744472,1264.5485731773078,1265.5904925079085,1.0419193306006491,0.75,0.0026806283727149583,11
2018-11-30,2018-11-27,2018-12-04,1.1982893517332702,3.7066718260895417,1255.9575478704487,1253.9792877091095,1259.0101098748855,5.030822165776044,0.75,0.011719583464688925,11
2018-11-30,2018-11-27,2018-12-04,0.7704680316785563,3.2247640781503932,1244.6466774284434,1243.5253945435397,1246.0169830145314,2.491588470991701,0.75,0.007148258695563754,11
2018-11-30,2018-11-27,2018-12-04,0.29948712870617944,3.219103485642576,1146.2108119109414,1145.8281988240778,1146.8525666440837,1.024367820005864,0.75,0.0038933142512150745,11
2018-11-30,2018-11-27,2018-12-04,0.38548408879175805,3.3402303371832267,820.8451293527614,820.4298652918078,821.4749085251242,1.0450432333163917,1.0,0.010345127037351801,11
2018-11-30,2018-11-27,2018-12-04,0.20180616609783564,3.232251943753415,817.5064359720673,817.2533354577608,818.033978193067,0.7806427353061736,0.75,0.005776474417519792,11
2018-11-30,2018-11-27,2018-12-04,1.0340458677389728,3.744372107385912,506.582406986095,505.816384752281,507.5831717555411,1.7667870032601058,2.0,0.007380889034861875,11
2018-11-30,2018-11-27,2018-12-04,1.3353490938269557,3.165572870308836,500.6751608764502,499.5889245434664,502.0813583685085,2.4924338250420988,1.25,0.011519806305231526,11
2018-11-30,2018-11-27,2018-12-04,0.0593940571493475,7.001322838233815,98.94362931372598,98.94362931372598,99.19540173001587,0.2517724162898958,0.75,0.002045602973129045,11
2018-11-30,2018-11-27,2018-12-04,0.24487045315593273,2.4304773277235494,1126.5494878760167,1125.4038366549648,1127.7391618052498,2.335325150284916,0.5,0.0025566058015858853,11
2018-11-30,2018-11-27,2018-12-04,0.08967755809621653,2.5,1131.727156680299,1131.3400446306914,1132.3627846268937,1.02273999620229,0.25,0.002138404823471361,11
2018-11-30,2018-11-27,2018-12-04,0.9116507359183008,3.0926872793169884,1133.846920000938,1132.881319457665,1135.1922607156448,2.310941257979721,1.5,0.010495639668334888,11
2018-11-30,2018-11-27,2018-12-04,9.402496402163951,3.1914702428253166,1124.4526917313779,1117.147658915259,1132.3627846268937,15.215125711634755,2.0,0.021954789403914588,11
2018-11-30,2018-11-27,2018-12-04,0.13724403950240951,0.5154515406481059,20.12127267755568,20.12127267755568,20.373045093845576,0.2517724162898958,0.75,0.006269612113066315,11
2018-11-30,2018-11-27,2018-12-04,1.9366460147226927,0.38044872628233045,17.725203963947077,17.34561189636588,18.34404007392004,0.9984281775541604,1.0,0.025580486121361382,11
2018-11-30,2018-11-27,2018-12-04,0.38127130683618743,6.988476772857512,162.17418858731148,161.70579992141575,163.09273285837844,1.386932936962694,0.75,0.005227755266335237,11
2018-11-30,2018-11-27,2018-12-04,0.10171026541554322,2.5,1133.5242893885509,1133.1383026503026,1134.1603607218713,1.0220580715686083,0.25,0.002766112764037294,11
2018-12-07,2018-12-04,2018-12-10,0.7920775322825097,5.171914981249243,742.1654780218341,741.4051768803038,743.193272639066,1.7880957587622106,1.5,0.008298283188998168,12
2018-12-07,2018-12-04,2018-12-10,0.23070831768273015,15.994670354539421,783.8100247244182,783.4726237161085,784.4615717977285,0.9889480816200376,0.75,0.006036327101880996,12
2018-12-07,2018-12-04,2018-12-10,1.3492758220909273,4.175088083672117,1257.1315882190436,1254.985250776168,1258.7583426772617,3.7730919010937214,1.75,0.00851240685445353,12
2018-12-14,2018-12-10,2018-12-18,1.0567073993843938,3.253276077171625,1146.7445003032722,1144.778392556589,1148.9196619931608,4.141269436571747,0.75,0.006885395270861712,12
2018-12-14,2018-12-10,2018-12-18,2.7394062506283827,6.519218109834429,1256.7186202360072,1255.2370231966488,1259.0101098748855,3.773086678236723,3.75,0.008505947362638155,12
2018-12-14,2018-12-10,2018-12-18,0.1974792053514775,3.4877126904109867,1244.5372710579536,1244.2814757195301,1245.0372945647687,0.7558188452385366,0.75,0.0022078063745103816,12
2018-12-14,2018-12-10,2018-12-18,0.5458304504974081,3.9335696124233395,1170.2543798716988,1169.4140025302768,1171.2072906354442,1.7932881051674485,1.0,0.004750475543471806,12
2018-12-14,2018-12-10,2018-12-18,1.0693424092665902,5.028817563001823,810.7784856204057,807.4569151885808,814.8805406573229,7.423625468742102,1.75,0.006578884083582901,12
2018-12-14,2018-12-10,2018-12-18,0.18376730190170534,3.2525870177128344,1124.3270998205799,1124.0698409867473,1124.8343716268428,0.7645306400954723,0.75,0.0024503442536544097,12
2018-12-14,2018-12-10,2018-12-18,0.3267646558318594,2.6613795064904098,715.8381968624318,715.5657142126001,716.338836654555,0.7731224419549108,1.0,0.011830903947422082,12
2018-12-14,2018-12-10,2018-12-18,2.268072740386992,2.3903802945892565,712.8686230901694,708.2307962328196,718.610992543865,10.380196311045438,1.0,0.01715231903130424,12
2018-12-14,2018-12-10,2018-12-18,5.547122574984187,7.453677511715617,370.83815427394535,368.74588485015556,373.03934139665216,4.2934565464966,3.5,0.011937100544023775,12
2018-12-14,2018-12-10,2018-12-18,4.2746113443596965,2.7745643072405755,157.074273427706,107.43927041813731,182.1950323167257,74.75576189858839,1.0,0.018345451980245023,12
2018-12-14,2018-12-10,2018-12-18,0.536924001271153,2.3188746899730575,725.0250341468111,719.7850000406615,728.9453417644836,9.160341723822057,1.0,0.009834106857276174,12
2018-12-22,2018-12-18,2018-12-26,5.292059178497863,3.937756626763103,818.7149996298349,814.99921615934,824.8569305175915,9.857714358251542,1.75,0.02250980484790539,12
2018-12-22,2018-12-18,2018-12-26,0.4116878065619615,3.990735378252323,824.5405414435738,823.8709642272443,825.4459128612652,1.5749486340209842,0.75,0.00483586332848414,12
2018-12-22,2018-12-18,2018-12-26,0.4963196566064163,3.846425225653442,827.240300755965,826.6103162942454,828.0368683068082,1.4265520125627518,1.0,0.006578618181749061,12
2018-12-22,2018-12-18,2018-12-26,1.7728095208393284,3.738568279302843,839.8118670736463,836.5663978909142,844.4394686711021,7.873070780187845,1.25,0.011304382675255166,12
2018-12-22,2018-12-18,2018-12-26,0.19368304380176252,3.7386482069394265,886.2934024859675,886.03713783063,886.7983086197637,0.7611707891337574,0.75,0.003496238868973435,12
2018-12-22,2018-12-18,2018-12-26,0.9528467457613186,17.710600081660843,949.8678722409518,949.4800963564776,950.4821703606285,1.002074004150927,2.0,0.007106521955866879,12
2018-12-22,2018-12-18,2018-12-26,0.30622644685921924,3.4939325888655413,960.8712632475526,960.4868849101476,961.4891507383436,1.0022658281959593,0.75,0.005533250680471017,12
2018-12-22,2018-12-18,2018-12-26,1.2572754746251242,4.143498771176251,1122.8973739432856,1120.4788384996355,1124.8343716268428,4.355533127207309,1.25,0.007213172039370377,12
2018-12-22,2018-12-18,2018-12-26,3.862477145303653,3.764961265114175,1108.4855250034216,1104.4898888203315,1113.2127682785504,8.722879458218813,1.25,0.01600801822725611,12
2018-12-22,2018-12-18,2018-12-26,7.884867351984521,4.544293847396863,1256.3232571249332,1251.965255479794,1260.017157655675,8.051902175880969,3.75,0.018958258631974485,12
2018-12-22,2018-12-18,2018-12-26,0.15324600190765053,3.2363520798463856,1162.092533405418,1161.7760591753758,1162.7995037743822,1.023444599006325,0.75,0.010708930456088487,12
2018-12-22,2018-12-18,2018-12-26,6.896482803777675,3.9829962588529906,1225.1879834614924,1218.5092936018482,1232.391900463961,13.88260686211288,1.75,0.02267081098759044,12
2018-12-22,2018-12-18,2018-12-26,1.5727964149472051,3.707069187427406,1246.6281738985083,1244.7855221484788,1248.4402652936988,3.6547431452199817,1.25,0.015005208150347287,12
2018-12-22,2018-12-18,2018-12-26,2.9667743036641947,3.6313441509367825,1041.9703192722204,1038.5124885500409,1046.0509363482706,7.538447798229754,1.25,0.01476178557312647,12
2018-12-22,2018-12-18,2018-12-26,5.895459657931701,4.049349055163146,809.8460291800139,805.3128797481768,817.8787450189702,12.565865270793438,2.5,0.017307193015117513,12
2018-12-22,2018-12-18,2018-12-26,2.6230984093456637,3.9910356293314795,1064.7135101247188,1062.162160131149,1067.7425654884428,5.580405357293785,1.5,0.009874812817024582,12
2018-12-22,2018-12-18,2018-12-26,3.4365336698158373,1.7889248366329706,637.8203234201849,634.9185214298777,641.8905995432287,6.972078113351017,1.25,0.02450723503765568,12
2018-12-22,2018-12-18,2018-12-26,0.39127044834914054,3.8692432792343174,577.6808755794156,577.2847246346064,578.2833738173358,0.998649182729423,1.0,0.007047238977875226,12
2018-12-22,2018-12-18,2018-12-26,0.8308565269291448,3.859947580022,569.2514263446247,568.3856100603007,570.3800145545974,1.9944044942967594,1.0,0.007298854332939416,12
2018-12-22,2018-12-18,2018-12-26,2.285044215424261,3.9467288661048134,505.12013616687915,503.5723104714416,506.83627823600546,3.2639677645638585,2.0,0.01297688645160452,12
2018-12-22,2018-12-18,2018-12-26,0.24442242414114485,3.2353047516138633,501.08253202898794,500.8335612574592,501.58326033409685,0.7496990766376257,0.75,0.0074868961705449235,12
2018-12-22,2018-12-18,2018-12-26,0.921409308887489,3.652796991412868,370.03917131184795,368.74588485015556,371.50175549369305,2.7558706435374916,1.0,0.008823222181116799,12
2018-12-22,2018-12-18,2018-12-26,0.9919410853593567,3.8693472291872326,311.9457272485243,310.09847057564184,315.45199551526457,5.35352493962273,1.25,0.006796147923075998,12
2018-12-22,2018-12-18,2018-12-26,0.21954258867889773,2.796489516917229,1185.1494388551776,1184.9230474000797,1185.6874430296011,0.7643956295214593,1.0,0.006375988791333254,12
2018-12-22,2018-12-18,2018-12-26,168.38157426364788,4.219271572012533,1171.0210379503405,1125.9174245526083,1209.1658990266733,83.248474474065,5.0,0.08820689595114203,12
2018-12-22,2018-12-18,2018-12-26,0.08993663191257882,2.8757659974133154,1149.9543821207028,1149.697600481566,1150.463951147627,0.7663506660610437,0.5,0.003863586473087984,12
2018-12-22,2018-12-18,2018-12-26,0.20656787486402237,3.240374926222318,1021.7013641773021,1021.4734727460891,1022.2257976043038,0.7523248582147062,0.75,0.004764309473271556,12
2018-12-22,2018-12-18,2018-12-26,0.5278614531467981,3.602006337220096,1014.8425451846188,1014.2194833764806,1015.7231025923975,1.5036192159168422,1.0,0.008780577529690973,12
2018-12-22,2018-12-18,2018-12-26,0.532623224856089,3.7008649513311243,1012.3530070143706,1011.4679921967909,1013.4707130147144,2.002720817923546,1.0,0.005225094372146153,12
2018-12-22,2018-12-18,2018-12-26,0.5999550368600163,1.8893889277300258,661.8615704410754,661.2363621806726,662.7390750884078,1.5027129077352583,1.0,0.009906843905304948,12
2018-12-29,2018-12-26,2019-01-02,0.26947724143271345,1.711406720835787,600.1383657667768,599.9054718753323,600.6551675470546,0.7496956717222929,0.75,0.008004337387496993,12
2019-01-04,2019-01-02,2019-01-07,3.3309282962909763,5.680242511905309,1168.825863869151,1166.6014810367487,1171.2072906354442,4.605809598695487,2.25,0.012980511533042943,1
2019-01-04,2019-01-02,2019-01-07,0.18883415883643542,4.745004044896181,1187.7853582255707,1187.5371754900552,1188.3000199431553,0.7628444531001151,0.75,0.002759819519488403,1
2019-01-04,2019-01-02,2019-01-07,0.9161550703319352,26.138651541030892,720.5624613737943,717.6925297467969,726.9549838323146,9.262454085517675,2.0,0.005462720101804182,1
2019-01-13,2019-01-07,2019-01-19,0.41074668126986996,4.533490177731615,1183.0500189701906,1182.6170227802359,1183.6377417109907,1.0207189307548106,1.0,0.005786806603063305,1
2019-01-13,2019-01-07,2019-01-19,0.33953323098089727,4.391673331123589,1179.6927830325478,1179.2861408889294,1180.3066399758682,1.0204990869387984,1.0,0.0035225647918929797,1
2019-01-13,2019-01-07,2019-01-19,0.023847694441666713,4.0,1179.2861408889294,1179.2861408889294,1179.5379133052193,0.2517724162898958,0.25,0.0013906157085356347,1
2019-01-13,2019-01-07,2019-01-19,0.9803689956756325,7.080784273151407,1172.0361120441128,1170.9555182191543,1173.519171343185,2.5636531240306795,1.25,0.006278159895650811,1
2019-01-13,2019-01-07,2019-01-19,48.44223946644501,4.756490482744233,1160.6328251981945,1147.8951677284203,1175.5739247873425,27.6787570589222,4.25,0.03943333387521542,1
2019-01-13,2019-01-07,2019-01-19,1.3679277521207232,4.974191653745318,1144.9953261978312,1143.4900662293658,1146.5950348330662,3.1049686037003994,1.25,0.006722869692126146,1
2019-01-13,2019-01-07,2019-01-19,0.09616107547430577,2.9999999999999996,1111.0550569482532,1110.6619843705557,1111.6804928043857,1.018508433829993,0.25,0.0034176686287749544,1
2019-01-13,2019-01-07,2019-01-19,0.5722146261469874,3.305178967464681,929.5048113764842,928.6692530382425,930.4300061948597,1.7607531566172838,1.0,0.014926581869109752,1
2019-01-13,2019-01-07,2019-01-19,0.15351602782412138,3.1257481144665875,1073.1664243535595,1072.7869063150138,1073.7955546230078,1.008648307994008,0.5,0.0011617261672147384,1
2019-01-13,2019-01-07,2019-01-19,0.06131703192186565,5.009896927217744,1041.5217632572167,1041.5217632572167,1041.7735356735066,0.2517724162898958,0.75,0.0012851933693019675,1
2019-01-13,2019-01-07,2019-01-19,0.7945905357126032,3.803964373588646,1030.1828839560696,1028.4839007207192,1031.7414934742264,3.257592753507197,1.0,0.005543756851165068,1
2019-01-13,2019-01-07,2019-01-19,0.9810247998769634,3.7797163018775053,1003.9971916804444,1002.7195314085111,1005.4717869949527,2.7522555864416063,1.25,0.009303622850548497,1
2019-01-13,2019-01-07,2019-01-19,0.8762127612358328,3.977002306132209,965.5171041215551,963.4886059332639,968.2376345782541,4.749028644990176,0.75,0.008811110751203638,1
2019-01-13,2019-01-07,2019-01-19,1.5756176507579416,3.774611083207287,959.7012783490836,957.7367907105945,962.2395953335799,4.502804622985423,1.25,0.011014272050468536,1
2019-01-13,2019-01-07,2019-01-19,1.1256601222043956,3.6312753679704706,955.2542297934026,953.4845728180371,956.9897675504908,3.505194732453674,1.0,0.010959367776925856,1
2019-01-13,2019-01-07,2019-01-19,0.15689324007313,3.126103457406263,1068.1250860667549,1067.7419235166162,1068.7506213374436,1.008697820827365,0.5,0.0008216006150616031,1
2019-01-13,2019-01-07,2019-01-19,0.24023847012723934,19.378641770655502,1182.8706162065682,1182.6170227802359,1183.3814261923544,0.7644034121185541,1.0,0.002084581274401495,1
2019-01-13,2019-01-07,2019-01-19,2.498417058098872,4.659063707312936,1261.8070670859797,1260.0170620176941,1264.8003455935977,4.783283575903624,2.5,0.009985559289449766,1
2019-01-13,2019-01-07,2019-01-19,0.3642394064190085,5.1212983021370695,1198.0087861898935,1197.752825578209,1198.51391858235,0.7610930041410029,1.5,0.0024239519725170722,1
2019-01-13,2019-01-07,2019-01-19,7.6462900762599615,3.9630507435117006,917.3186815474432,911.5336991758086,924.3893142589368,12.855615083128214,2.25,0.022255493895414542,1
2019-01-13,2019-01-07,2019-01-19,11.547144765092478,4.4021804786146275,1362.114825535193,1352.622480862774,1369.326542424038,16.704061561264098,3.25,0.018574467086320788,1
2019-01-13,2019-01-07,2019-01-19,0.05940494630635203,3.7519731655837973,1349.719993621111,1349.719993621111,1349.9717660374008,0.2517724162898958,0.75,0.0012612108528439756,1
2019-01-13,2019-01-07,2019-01-19,0.18174040806436353,3.7521910031807426,1346.8277462981405,1346.5711995889433,1347.348239227198,0.7770396382547915,0.75,0.0019410356700832957,1
2019-01-13,2019-01-07,2019-01-19,0.061165087268634705,3.747669930187949,1337.0333607257342,1337.0333607257344,1337.2851331420243,0.2517724162898958,0.75,0.0014530701638232385,1
2019-01-13,2019-01-07,2019-01-19,0.17979659912439735,2.75,1310.1390442568088,1309.2171503510326,1311.3092905986123,2.092140247579664,0.25,0.0011476829628235402,1
2019-01-13,2019-01-07,2019-01-19,23.135715722959564,3.7500386407283806,1314.0588433589185,1295.7208041911945,1334.684526000172,38.963721808977425,2.25,0.02677655102491446,1
2019-01-13,2019-01-07,2019-01-19,3.6841282375729225,3.9129385067278606,1280.1178323306403,1276.7960564494133,1284.3896931232885,7.593636673875153,1.75,0.022102047433968482,1
2019-01-13,2019-01-07,2019-01-19,0.49298694513198693,3.710159694586354,1271.6045786827844,1271.2351899063215,1272.24284277251,1.0076528661884367,1.25,0.004642071070620165,1
2019-01-13,2019-01-07,2019-01-19,1.0474742754480029,4.538422390748969,1255.0692696218136,1254.2310620504431,1255.9923404399306,1.7612783894874156,1.75,0.007461909839491984,1
2019-01-13,2019-01-07,2019-01-19,11.97553251014074,4.464769288986839,1241.8309133320226,1234.1592907621525,1248.9438945073634,14.784603745210916,3.75,0.025162051365355907,1
2019-01-13,2019-01-07,2019-01-19,1.4093546372694787,4.069411219185626,1228.7036734387427,1226.6133472481743,1231.382292190101,4.768944941926748,1.0,0.008493411052546054,1
2019-01-13,2019-01-07,2019-01-19,0.17854661202062214,4.248022657127194,1225.306423895848,1225.0876172455028,1225.791385202203,0.703767956700176,0.75,0.002704654737182587,1
2019-01-13,2019-01-07,2019-01-19,0.891184030311887,4.226449043388224,1222.7263654902292,1221.2924994868226,1224.0742986481637,2.7817991613410413,1.25,0.00764802752326284,1
2019-01-13,2019-01-07,2019-01-19,1.2645052454450962,4.214552626712605,1208.7106136000555,1207.3914450784214,1210.4347090716474,3.0432639932259917,1.5,0.006970573429560595,1
2019-01-13,2019-01-07,2019-01-19,7.470027354770611,4.722871273911435,1188.6563648948324,1183.8982027228922,1193.6645061122254,9.766303389333189,3.0,0.01899286057361131,1
2019-01-13,2019-01-07,2019-01-19,0.07772736918632883,3.7169563837221826,910.0209254575893,910.0209254575893,910.2726978738792,0.2517724162898958,0.75,0.002122556230041667,1
2019-01-13,2019-01-07,2019-01-19,1.4413988456665674,3.9582484789974925,898.2695268592141,897.035043196287,899.8761359644122,2.841092768125236,1.25,0.012261129362874499,1
2019-01-13,2019-01-07,2019-01-19,0.5033808028505786,4.091004863584312,902.4028095504045,901.903140487615,903.1649415213615,1.2618010337464511,1.0,0.012254974696794567,1
2019-01-13,2019-01-07,2019-01-19,0.18263866910258178,6.249184084073632,341.90698931301563,341.6562374071218,342.41408403404057,0.7578466269187629,0.75,0.001815781016779695,1
2019-01-13,2019-01-07,2019-01-19,0.3994322806542183,3.2676176810129833,314.9052350541764,314.6819301289506,315.45199551526457,0.770065386313945,0.75,0.010203346491282485,1
2019-01-13,2019-01-07,2019-01-19,0.7836400091815947,4.9927721736607635,312.1343723442847,310.62588404212147,312.98141406290233,2.3555300207808614,1.0,0.00511026745553006,1
2019-01-13,2019-01-07,2019-01-19,0.23367199373798256,6.498828867437842,309.43672656777653,309.0449928212911,310.0878778845072,1.0428850632160902,0.75,0.0015596768682797698,1
2019-01-13,2019-01-07,2019-01-19,0.3336561704105464,3.580736125466593,193.50397285116483,193.09179065842181,194.12232888909057,1.0305382306687534,1.0,0.00989787827698156,1
2019-01-13,2019-01-07,2019-01-19,0.1295890250713234,3.742285295323359,233.20070372795732,232.9558569546789,233.7157976999879,0.7599407453089952,0.75,0.00346361266706495,1
2019-01-13,2019-01-07,2019-01-19,0.9578422881591346,3.8328056928071854,493.3042786941551,492.0886069103144,495.0790137499571,2.9904068396426737,1.0,0.007954578572368594,1
2019-01-13,2019-01-07,2019-01-19,1.3749826669975822,3.3711760666701767,65.25329475180696,47.157683447003365,126.07807906670496,78.9203956197016,1.0,0.013370534654654438,1
2019-01-13,2019-01-07,2019-01-19,21.54495081420658,4.289686993673136,1134.3655992806462,1124.3262201095931,1142.7129257149063,18.386705605313182,3.0,0.03217923546364178,1
2019-01-13,2019-01-07,2019-01-19,0.2911362782595721,2.5,1095.2525641099317,1094.4682439579628,1096.290031846147,1.8217878881841898,0.25,0.0020818809873481385,1
2019-01-13,2019-01-07,2019-01-19,91.74969354847251,3.8178261143023016,1102.1289033947526,1070.2645808574744,1135.449266992975,65.18468613550067,4.5,0.059195777196958635,1
2019-01-13,2019-01-07,2019-01-19,3.38009598732167,4.36456611505803,1048.5695425103745,1043.7789570190944,1051.8276048777625,8.048647858668119,1.75,0.011371228614224498,1
2019-01-13,2019-01-07,2019-01-19,0.8743285594154233,3.663794358932863,1018.7531687771806,1017.4690231187269,1020.473208702635,3.004185583908111,1.0,0.016099141425721473,1
2019-01-13,2019-01-07,2019-01-19,1.1147820431861741,4.067758611791984,1012.4435907843506,1009.2166322330013,1015.4716128190048,6.254980586003512,1.5,0.006915121876582128,1
2019-01-13,2019-01-07,2019-01-19,0.08543450050758698,2.6128956207374925,1136.4053124540012,1136.2678276305087,1136.79527017707,0.5274425465613604,0.5,0.002521627986369124,1
2019-01-13,2019-01-07,2019-01-19,1.554206295045608,3.959516604831452,504.1991851209792,503.3232539608143,505.56676780991256,2.2435138490982354,1.5,0.009979706635329258,1
2019-01-13,2019-01-07,2019-01-19,18.614234474799968,4.61638639551752,1060.774720791285,1052.3293434940279,1069.2550313076936,16.925687813665718,3.25,0.02885798743565152,1
2019-01-13,2019-01-07,2019-01-19,0.1810093868536658,3.748852825790173,569.8776310314604,569.6303215948865,570.3800145545974,0.7496929597109556,0.75,0.004587345940817392,1
2019-01-13,2019-01-07,2019-01-19,0.9371370911313903,3.889567769731523,544.0367128541353,542.763033952564,545.5045301793143,2.7414962267503142,1.0,0.00854141594728898,1
2019-01-13,2019-01-07,2019-01-19,1.325059847547332,3.7599812566277286,907.1103138147205,905.1856575473212,908.9871550318785,3.8014974845573306,1.25,0.010330289058475769,1
2019-01-13,2019-01-07,2019-01-19,0.18049778530376476,3.9932907232931396,895.1025193638343,894.8027883255854,895.6580480532721,0.8552597276866436,0.75,0.002006678133600965,1
2019-01-13,2019-01-07,2019-01-19,0.3896419843605775,4.112863232717066,877.9121154271643,877.523472385481,878.5430855853483,1.0196131998673081,1.0,0.004391036760303997,1
2019-01-13,2019-01-07,2019-01-19,0.5471436324776721,3.9340301944051705,869.3920560088209,868.5070245889947,870.6038162563927,2.0967916673980653,1.0,0.0038833856080490213,1
2019-01-13,2019-01-07,2019-01-19,1.4045992857568037,3.863054012524098,864.9603378708235,863.0097511261702,866.7448992598802,3.7351481337100267,1.0,0.008752664871577779,1
2019-01-13,2019-01-07,2019-01-19,13.688456073472391,4.072506476571215,846.8537492048201,836.1999445836991,861.4608157142065,25.26087113050744,2.0,0.028798941283808173,1
2019-01-13,2019-01-07,2019-01-19,1.0846406677683007,4.135958289077217,886.6347530415177,885.782438641414,887.8165308125317,2.0340921711176634,1.5,0.008294562439175082,1
2019-01-13,2019-01-07,2019-01-19,10.459077852397096,4.456171617792914,822.6770531384993,816.7140435893089,829.0942072798498,12.38016369054094,2.5,0.027101812277661712,1
2019-01-13,2019-01-07,2019-01-19,1.1078889550298854,15.168043500430507,718.2083810946696,714.8132156240754,726.6127870883793,11.799571464303881,2.25,0.00561735585258114,1
2019-01-13,2019-01-07,2019-01-19,0.35063003728577047,3.669948696609531,669.375484552408,668.9890291690826,669.9949431838468,1.0059140147641301,1.0,0.004839271280206395,1
2019-01-13,2019-01-07,2019-01-19,0.3041249025004475,2.7129321654732044,642.3834685728708,642.0121195302345,643.0118427653797,0.9997232351452112,0.75,0.004065218848867557,1
2019-01-13,2019-01-07,2019-01-19,0.3660985568839971,4.364592103523505,610.9406737441486,610.6101490068249,611.6088492302224,0.9987002233974636,1.0,0.004748986118032164,1
2019-01-13,2019-01-07,2019-01-19,0.7700755814246643,4.5248424921682355,595.1201034238131,594.1030190847814,597.1700317314826,3.067012646701187,1.0,0.00840067462249619,1
2019-01-13,2019-01-07,2019-01-19,0.13516540643352015,4.006957761446049,833.7018750760136,833.5353276333772,834.1349619878456,0.599634354468435,0.75,0.0038918839150718413,1
2019-01-13,2019-01-07,2019-01-19,0.5597542833785922,4.653371745481287,577.9841257721276,577.2847246346064,579.030305325985,1.7455806913785636,1.0,0.005671673453823759,1
2019-01-21,2019-01-19,2019-01-23,9.337667270921047,4.80669301116155,1064.1050630671625,1060.1490238080733,1069.0027262796648,8.853702471591532,3.25,0.017936514656230616,1
2019-01-21,2019-01-19,2019-01-23,4.10057743818555,4.918576631325355,1098.4878971800858,1095.2740563247353,1101.3840044690296,6.1099481442943215,2.25,0.012610204539999911,1
2019-01-21,2019-01-19,2019-01-23,0.4144151312614218,5.202729882787938,1102.7324176154166,1102.4050308973528,1103.4209360755049,1.0159051781520247,1.25,0.0038402415113797383,1
2019-01-21,2019-01-19,2019-01-23,1.0331588735163837,5.362549866210118,1134.063943729861,1133.3946322826669,1135.1922607156448,1.7976284329779446,1.5,0.0072644094937970105,1
2019-01-21,2019-01-19,2019-01-23,17.653331263489786,3.1720760658255354,1186.0312746750108,1168.1298825056292,1203.3510929374024,35.221210431773216,1.75,0.024153502123292696,1
2019-01-21,2019-01-19,2019-01-23,0.18469810452472907,4.999568220187939,1189.3294100467363,1189.0741209667176,1189.8330968711525,0.7589759044349194,0.75,0.001954880268783786,1
2019-01-21,2019-01-19,2019-01-23,0.3324140511947801,6.502021327418499,1181.0801396782947,1180.8234599176794,1181.5879014609382,0.7644415432587266,1.25,0.003447138711914928,1
2019-01-21,2019-01-19,2019-01-23,0.2671806363944211,4.873673552274361,1192.9051882714418,1192.646214788314,1193.4089998248965,0.7627850365824997,1.0,0.0037083380225827853,1
2019-01-21,2019-01-19,2019-01-23,0.705044213988378,3.701671297976823,1243.7323936279909,1243.02134745894,1244.7852713447064,1.7639238857664168,1.25,0.0055801886851398926,1
2019-01-21,2019-01-19,2019-01-23,0.18644200616616108,3.9917709630285816,1041.768755987706,1041.5217632572167,1042.2750925631262,0.753329305909574,0.75,0.002923914716280167,1
2019-01-21,2019-01-19,2019-01-23,0.5401719283843968,41.72067918928985,1286.0955952150184,1285.7774325846694,1286.5344488155097,0.757016230840236,0.75,0.04451170436578871,1
2019-01-21,2019-01-19,2019-01-23,0.982770967470142,31.249364177731778,1170.9353304532356,1170.6985294050537,1171.464279445354,0.7657500403001904,0.75,0.011452566437619468,1
2019-01-21,2019-01-19,2019-01-23,0.33523761590036727,3.8424963133974526,1029.8446584327596,1029.4858451373875,1030.4890768537298,1.0032317163422704,1.0,0.0037980876293879757,1
2019-01-21,2019-01-19,2019-01-23,0.6418303916252883,3.6058969541314774,311.6148681156674,310.3621773039922,312.98141406290233,2.6192367589101195,1.0,0.006007049293435687,1
2019-01-21,2019-01-19,2019-01-23,1.2363703702988453,4.382992283226728,845.0591297635186,843.9891507467255,846.0672685331665,2.0781177864409983,1.5,0.008324780517773566,1
2019-01-21,2019-01-19,2019-01-23,1.4993328745738497,4.028916995134474,841.2779318755181,839.0336091034114,844.4394686711021,5.405859567690641,1.75,0.007599317777627035,1
2019-01-21,2019-01-19,2019-01-23,0.21593015804997026,3.4891712317606367,837.9807962733264,837.7262969696894,838.4999402700923,0.7736433004029095,0.75,0.0037059397474888526,1
2019-01-21,2019-01-19,2019-01-23,0.057412104688313446,4.499919967285257,836.199944583699,836.1999445836991,836.451716999989,0.2517724162898958,0.75,0.002114298969831182,1
2019-01-21,2019-01-19,2019-01-23,0.6573967248072438,5.069701768457266,824.6230263274441,823.6065474017523,825.7103210971691,2.1037736954167485,1.0,0.005224541934120996,1
2019-01-21,2019-01-19,2019-01-23,1.4670298441328153,1.7211510420561646,687.2866907475526,685.8319936334155,689.5725022982806,3.7405086648650467,0.75,0.012269234913661267,1
2019-01-21,2019-01-19,2019-01-23,3.0835255791151055,2.890748477421289,145.0750929141666,124.48004840919748,190.7069855243899,66.22693711519241,1.25,0.02058267028652431,1
2019-01-21,2019-01-19,2019-01-23,1.4123312166610664,0.2698384720356606,24.450444649387315,24.202802890446037,24.947121646720916,0.744318756274879,0.75,0.010343512867841962,1
2019-01-21,2019-01-19,2019-01-23,18.718941650229713,3.875086280136632,1087.2638652423218,1076.1214446239173,1094.1765227485448,18.05507812462747,3.25,0.030174155554819875,1
2019-01-21,2019-01-19,2019-01-23,2.5566736074714207,5.15627522538576,1058.0465190279333,1056.8774931444786,1059.3941964302212,2.516703285742551,3.0,0.007414364997128242,1
2019-01-21,2019-01-19,2019-01-23,0.18049696704341178,4.000025282281027,1017.9653748116176,1017.7193008163013,1018.4716286282055,0.7523278119042516,0.75,0.003168967642222936,1
2019-01-21,2019-01-19,2019-01-23,1.7983700859721192,4.291815676607624,861.2010151845152,859.4083798192441,864.1187286111526,4.710348791908473,1.5,0.014579578569060014,1
2019-01-26,2019-01-23,2019-01-30,1.7460157744115492,5.0025566349435335,1253.909523554414,1252.2170323180035,1255.9923404399306,3.7753081219270825,2.5,0.011029459875496323,1
2019-01-26,2019-01-23,2019-01-30,0.5280724384316492,11.323360583879312,506.3072348945783,505.5674221352674,507.33420724933967,1.7667851140722632,1.0,0.0035417826476246603,1
2019-01-26,2019-01-23,2019-01-30,1.423559636996555,4.0266618206707365,607.870709308491,607.6234809602611,608.3732050834224,0.7497241231612861,0.75,0.008153256483327717,1
2019-01-26,2019-01-23,2019-01-30,21.38117021379963,0.9602829459441472,37.530028290589506,18.089861878193915,106.67224304331467,88.58238116512075,2.0,0.04430983281904748,1
2019-01-26,2019-01-23,2019-01-30,0.7332510331025838,1.5107680841957367,18.04749042798945,17.833445956464857,18.598093270789832,0.764647314324975,1.0,0.014809648841143082,1
2019-02-02,2019-01-30,2019-02-06,0.6590553385426575,5.747774040241238,1065.6912986149143,1064.7095233933069,1066.733783967793,2.0242605744861066,1.25,0.0036537742159384622,2
2019-02-02,2019-01-30,2019-02-06,0.41350453337480536,5.025800529325152,1088.490798918866,1088.0881465552375,1089.1015182738192,1.013371718581766,1.25,0.0032239155292939172,2
2019-02-02,2019-01-30,2019-02-06,0.789884657479729,13.89688836366664,1089.3973541520138,1088.8497458575293,1090.116579520516,1.2668336629867554,2.0,0.0049764939780868305,2
2019-02-02,2019-01-30,2019-02-06,0.9207308451686917,5.508604516712006,1092.9850080692547,1092.1482725017704,1094.1765227485448,2.0282502467744052,1.25,0.006215384552656319,2
2019-02-02,2019-01-30,2019-02-06,1.0156890779241725,6.047907439983411,1100.5280574840597,1099.3496276577935,1102.1523679969832,2.802740339189768,1.25,0.0044610177147216944,2
2019-02-02,2019-01-30,2019-02-06,6.307970382636307,18.38831246290987,1101.071869341824,1099.3496276577935,1103.9303530836478,4.580725425854325,4.25,0.011195565515254002,2
2019-02-02,2019-01-30,2019-02-06,0.25005406954871723,6.243558851662597,1107.9892341083473,1107.596492884215,1108.6150724999607,1.0185796157456934,0.75,0.0024604365647922623,2
2019-02-02,2019-01-30,2019-02-06,0.18870764319724972,4.749182306466133,1123.293449443303,1123.0405715662055,1123.805040135514,0.7644685693085194,0.75,0.0025591398413727577,2
2019-02-02,2019-01-30,2019-02-06,0.18596030259069438,5.740757658273929,1131.86018719158,1131.5970338252373,1132.3627846268937,0.7657508016563952,0.75,0.001776639633738783,2
2019-02-02,2019-01-30,2019-02-06,0.1817103212606169,6.501333178380392,1133.6568179559365,1133.3946322826669,1134.1603607218713,0.7657284392043948,0.75,0.002307886759971075,2
2019-02-02,2019-01-30,2019-02-06,0.8375551838369535,5.423165680735736,1136.2988302901579,1135.495916318614,1137.5675774835981,2.071661164984107,1.25,0.004948665733254221,2
2019-02-02,2019-01-30,2019-02-06,2.48666866478064,6.394890892941712,1154.9967719273084,1152.2714198040776,1157.1429178160615,4.871498011983931,2.25,0.00876016921222172,2
2019-02-02,2019-01-30,2019-02-06,1.4688867286460576,6.475263498694633,1159.4844948844957,1157.9168319324963,1161.256113807205,3.3392818747088313,1.5,0.0061182698871201525,2
2019-02-02,2019-01-30,2019-02-06,0.7120158551385491,7.001549232212893,1164.812350648495,1164.0915329996496,1165.8783016372472,1.7867686375975609,1.25,0.0053051059691106095,2
2019-02-02,2019-01-30,2019-02-06,25.30454072099164,19.45506382445854,1176.1048035611366,1171.212507029064,1181.0752323339693,9.862725304905325,7.25,0.02023342253113637,2
2019-02-02,2019-01-30,2019-02-06,1.1128008460423888,7.549373052543652,1174.3602219215768,1173.5239007081836,1175.5739247873425,2.050024079158902,1.75,0.005173833000623354,2
2019-02-02,2019-01-30,2019-02-06,0.34134819538682715,7.11091330585716,1176.8864206402727,1176.4876749007963,1177.5087606254965,1.0210857247002423,1.0,0.002179447263935431,2
2019-02-02,2019-01-30,2019-02-06,0.1803549674006243,7.499115470454898,1181.0831623683912,1180.8234599176794,1181.5879014609382,0.7644415432587266,0.75,0.0015947733310520188,2
2019-02-02,2019-01-30,2019-02-06,0.33769573294370964,5.590016719182045,1196.0918158939928,1195.6744727380574,1196.6923718350008,1.017899096943438,1.0,0.002458185309495347,2
2019-02-02,2019-01-30,2019-02-06,0.5514058247699397,5.6572755934813355,1242.3891027781322,1242.0134295523167,1243.021271029953,1.0078414776362479,1.5,0.005047614980755085,2
2019-02-02,2019-01-30,2019-02-06,0.4643963619122512,5.588039239179435,1247.4614292313045,1246.9294959479012,1248.188450679183,1.2589547312818468,1.5,0.00417371617632784,2
2019-02-02,2019-01-30,2019-02-06,2.532206175227057,13.091503103113313,1265.1093626170991,1264.0450407820754,1266.436781423632,2.39174064155668,4.25,0.010268348469033722,2
2019-02-02,2019-01-30,2019-02-06,9.293630764677449,11.18945539684874,1282.381885727546,1279.3425070680678,1285.6516431146301,6.309136046562344,5.75,0.020812116838256393,2
2019-02-02,2019-01-30,2019-02-06,0.18931221171186585,6.993460141265404,1365.2983216496818,1365.0281311399303,1365.8138641030528,0.7857329631224275,0.75,0.0028294297589155346,2
2019-02-02,2019-01-30,2019-02-06,4.0460777738657745,41.999915749490015,1054.6872692945583,1053.5865474003367,1055.8709304588847,2.2843830585479736,5.0,0.012418245926175294,2
2019-02-02,2019-01-30,2019-02-06,1.7981657726562998,17.96181987197335,1011.3390379569331,1010.4674438224174,1012.4701691120863,2.002725289668888,2.25,0.01089549506128377,2
2019-02-02,2019-01-30,2019-02-06,2.4378128568306265,14.279288502422645,962.2377422440954,960.9872138514183,963.4902453636751,2.5030315122567117,2.75,0.011817257133727627,2
2019-02-02,2019-01-30,2019-02-06,0.3721680974666018,1.9590280866666552,605.1559832130675,604.7794591425918,605.7781303902157,0.9986712476238608,0.75,0.007518197083948235,2
2019-02-02,2019-01-30,2019-02-06,0.10391018984598027,2.25,1016.2207549532286,1015.9701407267712,1016.719677599147,0.7495368723757565,0.25,0.0009236476540989086,2
2019-02-02,2019-01-30,2019-02-06,0.34177866327557876,2.251593657561508,1107.0774873592934,1106.5745884254575,1107.8482653005049,1.2736768750473857,0.75,0.006100771951980376,2
2019-02-02,2019-01-30,2019-02-06,0.19826397997305306,2.240821351970163,1109.1321793601983,1108.8739601825364,1109.6369236866012,0.7629635040648282,0.75,0.004206380833175258,2
2019-02-02,2019-01-30,2019-02-06,0.19407039566422454,2.2680726320490567,1112.963800303356,1112.705428911373,1113.468335218262,0.7629063068889081,0.75,0.0013071664979600517,2
2019-02-02,2019-01-30,2019-02-06,3.13462310571666,2.125845737761596,1125.0009272443097,1122.015768990852,1128.2532047121786,6.237435721326619,1.0,0.007676837306963577,2
2019-02-02,2019-01-30,2019-02-06,4.3977977339416645,2.17983766730658,66.24983393853911,43.43394028628245,135.88867715653032,92.45473687024787,1.25,0.017089299827721394,2
2019-02-02,2019-01-30,2019-02-06,0.6857215622415854,2.2092627406899092,74.05560503986324,72.96679833345115,75.31703284848481,2.3502345150336623,0.75,0.01127433342321785,2
2019-02-02,2019-01-30,2019-02-06,0.23628174071903552,6.127595504827785,346.46194578872036,346.20946815237403,346.96702097402886,0.7575528216548264,1.0,0.001382606881299536,2
2019-02-02,2019-01-30,2019-02-06,0.7329463884788733,7.255879792549085,373.6208674238324,372.23135728854686,374.7206686870195,2.489311398472637,2.5,0.005320693350333162,2
2019-02-02,2019-01-30,2019-02-06,0.2683505598698162,5.36652753224376,594.6100626267198,594.3519773469307,595.1016662893817,0.74968894245103,1.0,0.004754328540767808,2
2019-02-02,2019-01-30,2019-02-06,11.727692212505355,20.817880789770342,962.1560072344323,960.4868849101476,964.4907668302767,4.003881920129061,10.0,0.027070427419940486,2
2019-02-02,2019-01-30,2019-02-06,0.4178502511661771,2.201817410427204,616.6091917432086,616.2465403261594,617.2453529052436,0.9988125790841877,0.75,0.012284615951309058,2
2019-02-02,2019-01-30,2019-02-06,0.32531633500715174,2.450910326736281,623.5816464869531,623.1949101979844,624.1937331664376,0.9988229684531689,0.75,0.005963942713779997,2
2019-02-02,2019-01-30,2019-02-06,0.6976912635137356,1.95351381098338,642.651822205154,642.0121195302345,643.5301285581663,1.5180090279318392,0.75,0.008465367084885284,2
2019-02-02,2019-01-30,2019-02-06,0.7017049564311251,2.101208199463198,661.5458944532642,660.7350778467953,662.7390750884078,2.003997241612524,1.0,0.01610950550072654,2
2019-02-02,2019-01-30,2019-02-06,0.4484214020986573,2.4890880900318546,724.1428147461165,719.7850000406615,728.9453417644836,9.160341723822057,0.75,0.01266098381789804,2
2019-02-02,2019-01-30,2019-02-06,0.06938262422081655,2.7499999999999996,727.8285526675206,727.6702394029126,728.2631218004972,0.5928823975846171,0.25,0.007776011656545999,2
2019-02-02,2019-01-30,2019-02-06,0.9887245668550451,14.24982405716444,732.1297765448641,731.7822882458568,732.7924577388912,1.010169493034482,2.75,0.007549563183162665,2
2019-02-02,2019-01-30,2019-02-06,2.7786587662469553,15.730932976208726,822.8486080041396,820.4298652918078,827.8550962866284,7.425230994820595,3.25,0.008518455534970062,2
2019-02-02,2019-01-30,2019-02-06,23.980184703234045,7.2684593864232205,850.9070183852853,843.9891507467255,858.8127186563797,14.82356790965423,4.25,0.037536417392432825,2
2019-02-02,2019-01-30,2019-02-06,0.21684283305902116,4.975651664803613,860.458177492063,860.1799446525984,860.9467035261914,0.7667588735930622,0.75,0.005086635957630497,2
2019-02-02,2019-01-30,2019-02-06,0.47255422880177234,5.398578062003765,881.4601577960759,880.6922311973758,882.471266628243,1.779035430867225,1.0,0.004103770863073056,2
2019-02-02,2019-01-30,2019-02-06,0.5018678394579886,5.511423419269951,884.1296267602654,883.7460942142643,884.7618943657726,1.0158001515083015,1.25,0.004913047080549024,2
2019-02-02,2019-01-30,2019-02-06,0.5636619801087237,5.40953683056465,887.5172123972374,886.8006359110586,888.5894308704883,1.7887949594296515,1.25,0.00520494961169739,2
2019-02-02,2019-01-30,2019-02-06,0.7013706656053961,4.853577191674255,911.1854695429573,910.2747408444993,912.2891370519064,2.014396207407117,1.0,0.005979295144704923,2
2019-02-02,2019-01-30,2019-02-06,1.0414978906594254,2.4854645101705137,1014.7389342713508,1013.2189405984245,1016.719677599147,3.500737000722438,0.75,0.0040535749747362985,2
2019-02-10,2019-02-06,2019-02-15,0.24635968699828745,19.628137194986415,1167.8769387076363,1167.615878419485,1168.381654921919,0.7657765024341643,1.0,0.0019796743251420616,2
2019-02-10,2019-02-06,2019-02-15,0.450087820778976,13.490761440578831,1172.880526531526,1172.4964898354374,1173.519171343185,1.0226815077476203,1.25,0.0037728419619785744,2
2019-02-10,2019-02-06,2019-02-15,0.4619777101951623,11.542744278713522,1321.8257054315088,1321.1216926304623,1322.6626112316735,1.5409186012111604,1.25,0.0033312125468005598,2
2019-02-10,2019-02-06,2019-02-15,2.2456296213127036,15.934159280166408,1218.842942098993,1218.2562365811318,1220.2793295532465,2.023092972114682,3.25,0.011418676381315569,2
2019-02-10,2019-02-06,2019-02-15,0.28796048394359547,7.125101777446794,1157.5366269784138,1157.1445484780706,1158.1686043487862,1.0240558707155287,1.0,0.002575323977592774,2
2019-02-10,2019-02-06,2019-02-15,0.6187354967083284,6.779379452407083,1248.0499612224817,1247.4331237599254,1248.9438945073634,1.5107707474380732,1.25,0.0052644605055466205,2
2019-02-10,2019-02-06,2019-02-15,0.5547375920978078,35.51250283945275,1275.0940780986475,1274.5103668542579,1276.099807491526,1.589440637268126,1.25,0.008030041231434899,2
2019-02-10,2019-02-06,2019-02-15,1.4116293381075542,11.610119260345613,1315.8388494714966,1314.8953602309339,1316.9380128057674,2.0426525748334825,2.0,0.006491524310543585,2
2019-02-10,2019-02-06,2019-02-15,0.18943564313895198,11.752581460928957,1244.287076094171,1244.0294525236823,1244.7852713447064,0.7558188210241497,0.75,0.003048444705018085,2
2019-02-10,2019-02-06,2019-02-15,0.20729895901782414,6.250194629678323,1138.8576422281142,1138.601776059717,1139.3684036205523,0.7666275608353317,0.75,0.0029828762203615946,2
2019-02-10,2019-02-06,2019-02-15,0.26413733731251704,13.252834720141754,1032.8659491934472,1032.491652479861,1033.4948788937181,1.0032264138571918,0.75,0.003565268532615215,2
2019-02-10,2019-02-06,2019-02-15,4.112929833530461,6.435830063452415,1090.7343142209204,1088.0881465552375,1094.465780516155,6.377633960917592,2.75,0.010226682073737333,2
2019-02-10,2019-02-06,2019-02-15,0.7410369062470367,8.916919389188408,460.03665634851694,459.5750656500459,460.57373018004,0.9986645299941301,2.75,0.004839146067173528,2
2019-02-10,2019-02-06,2019-02-15,5.974110905999606,8.226220670548866,628.7055798117249,626.7574920300394,630.9910450871103,4.2335530570708215,3.5,0.015620655061908358,2
2019-02-10,2019-02-06,2019-02-15,0.2216846683966921,23.505579878960305,723.6923379056642,723.4140307321213,724.19143801881,0.7774072866886854,0.75,0.003865802790665991,2
2019-02-10,2019-02-06,2019-02-15,0.38519530583027356,12.479289677107095,1111.913526644201,1111.6837378689088,1112.4466558662243,0.762917997315526,1.25,0.004523456342519189,2
2019-02-10,2019-02-06,2019-02-15,3.9095823796432034,10.316888703803158,737.7461276755262,732.805440354161,746.9574176641181,14.151977309957147,3.0,0.010552815597050624,2
2019-02-10,2019-02-06,2019-02-15,0.9557761178248516,6.6587570876147355,752.6445390801168,746.4062422015704,755.9589984649792,9.55275626340881,1.5,0.008540539925021583,2
2019-02-10,2019-02-06,2019-02-15,0.3838113758010321,19.609226254073015,1018.8409483370497,1018.4701389330439,1019.4727433081716,1.002604375127703,1.0,0.00488181463569552,2
2019-02-10,2019-02-06,2019-02-15,2.664798215793678,10.873228805776863,731.0653939109376,729.7541873147711,732.5600902237929,2.8059029090218246,4.75,0.010734448590809107,2
2019-02-17,2019-02-15,2019-02-19,2.263259670047882,28.1231499200578,891.2130235360078,890.9528433498926,891.7116532516666,0.7588099017739296,1.0,0.024702081523601618,2
2019-02-17,2019-02-15,2019-02-19,0.5026452497363877,2.979907323182866,1077.1369766675389,1075.8683910123073,1078.3970694839954,2.528678471688181,0.75,0.00850104107518553,2
2019-02-17,2019-02-15,2019-02-19,6.5037877012109595,3.5135099506676024,1089.144561393344,1082.192670065444,1094.465780516155,12.273110450711101,2.0,0.01741213748139054,2
2019-02-17,2019-02-15,2019-02-19,2.708911638510455,3.4043508893936947,1099.5781466263932,1097.3126554260962,1101.642842289526,4.330186863429844,1.75,0.011418107998559635,2
2019-02-17,2019-02-15,2019-02-19,0.11006552187943563,2.5,1098.5890872532132,1098.0768812769093,1099.3471425594762,1.2702612825669348,0.25,0.004018739958652526,2
2019-02-17,2019-02-15,2019-02-19,0.15985364308697067,3.1241658801418937,1114.1165614899478,1113.7301290598698,1114.7486672964878,1.018538236618042,0.5,0.00258470252754702,2
2019-02-17,2019-02-15,2019-02-19,0.22591425616105018,3.2140599863701533,744.8000353902504,744.524944504723,745.3097292548046,0.7847847500815988,0.75,0.00601041175577896,2
2019-02-17,2019-02-15,2019-02-19,0.17160109225864095,2.667108017528589,1114.464900977562,1113.7301290598698,1115.3130590040237,1.5829299441538751,0.5,0.00893617934356795,2
2019-02-17,2019-02-15,2019-02-19,0.09317499167400355,3.1814409868236613,1120.219917688806,1119.9661010238342,1120.7306109159254,0.764509892091155,0.5,0.0015859462811975901,2
2019-02-17,2019-02-15,2019-02-19,10.07070373098185,3.2621015146321395,1152.770459737639,1144.778392556589,1159.7121317442507,14.933739187661558,1.75,0.017622964339276417,2
2019-02-17,2019-02-15,2019-02-19,5.666977637840016,3.4847272181495086,1168.8176978522977,1163.3193623027764,1174.5465733278543,11.22721102507785,1.5,0.013857488608435494,2
2019-02-17,2019-02-15,2019-02-19,0.28201166823460183,3.221863085664699,1178.8980869240595,1178.5171052361839,1179.5379133052193,1.0208080690354109,0.75,0.0024161027098294112,2
2019-02-17,2019-02-15,2019-02-19,0.2679850492644673,3.495233555431541,1112.060530252479,1111.6837378689088,1112.7022286439314,1.0184907750226557,0.75,0.0036191270194039895,2
2019-02-17,2019-02-15,2019-02-19,0.8544844240513902,3.3276034666850336,738.1864232875861,737.3087361194193,739.4208896248601,2.1121535054408014,1.0,0.01035167094244776,2
2019-02-17,2019-02-15,2019-02-19,0.30956211665954,3.7469570218412462,1102.916099252648,1102.659741814714,1103.4209360755049,0.7611942607909441,1.25,0.004538467837583089,2
2019-02-17,2019-02-15,2019-02-19,0.5198518802104718,1.7163233514257528,661.7314018382292,661.2363621806726,662.4884321112186,1.2520699305459857,0.75,0.01408736097827186,2
2019-02-17,2019-02-15,2019-02-19,1.9782198090763534,3.102410367110976,733.0544628038095,732.0111752944067,735.1565801016986,3.145404807291925,1.75,0.015730306975461968,2
2019-02-17,2019-02-15,2019-02-19,0.31660494646041726,2.8275272076561153,1027.8805104340888,1027.481951830443,1028.485189482104,1.0032376516610384,1.0,0.001074348925315968,2
2019-02-17,2019-02-15,2019-02-19,0.47558097384730535,2.9913866009999306,1033.2288135157182,1032.491652479861,1034.2463201675564,1.7546676876954734,0.75,0.004600361530758145,2
2019-02-17,2019-02-15,2019-02-19,0.2013707257038623,2.754668594201766,1050.8308075957125,1050.5712170088664,1051.3253346350975,0.7541176262311637,0.75,0.008915684736967433,2
2019-02-17,2019-02-15,2019-02-19,0.7478576727767462,2.3826039198628925,1086.0205664428333,1085.0394880082458,1087.3248001891188,2.2853121808730066,1.0,0.005941254768772298,2
2019-02-17,2019-02-15,2019-02-19,0.03199051792931452,2.0,1087.073027772829,1087.073027772829,1087.3248001891188,0.2517724162898958,0.25,0.0017133691834055314,2
2019-02-17,2019-02-15,2019-02-19,0.4528091658835494,2.0871172683579413,1091.7193043755387,1090.3721322561614,1093.9226842671633,3.550552011001855,0.5,0.0020151138341073516,2
2019-02-17,2019-02-15,2019-02-19,0.689465229242504,2.5312697620046407,1092.0096296919264,1089.6109471255913,1094.1765227485448,4.5655756229534745,0.75,0.006676031576505962,2
2019-02-17,2019-02-15,2019-02-19,0.038529551125195696,2.25,1114.9339235340876,1114.8052256554365,1115.3130590040237,0.5078333485871553,0.25,0.0010307758450443826,2
2019-02-17,2019-02-15,2019-02-19,0.10274001459816892,2.0519879394805263,1116.492318436681,1114.8052256554365,1117.9122126069851,3.106986951548606,0.5,0.0018736870031318173,2
2019-02-17,2019-02-15,2019-02-19,0.19442583537292177,1.9923664109780976,1097.5695020875337,1097.3126554260962,1098.0739117423072,0.7612563162110746,0.75,0.008665947108433573,2
2019-02-17,2019-02-15,2019-02-19,5.641649710419876,2.584953879543071,1121.5664209256984,1117.147658915259,1126.1691969688982,9.021538053639233,2.0,0.014606272862156775,2
2019-02-17,2019-02-15,2019-02-19,5.821522596586409,3.299121787897689,1136.767814879776,1132.3673530714586,1140.9117181226611,8.544365051202476,2.0,0.01472966819571484,2
2019-02-17,2019-02-15,2019-02-19,0.8076938422890988,2.992306691813967,459.06932054880406,457.83219266310334,460.57373018004,2.74153751693666,0.75,0.00754224642758669,2
2019-02-17,2019-02-15,2019-02-19,0.2349426261798936,3.013062677974902,463.79738232685526,463.5584810501896,464.3081815149635,0.7497004647739232,0.75,0.003956827975933343,2
2019-02-23,2019-02-19,2019-02-27,0.20412108757941308,13.754150624154706,1314.1126690168428,1313.8718824400567,1314.6354798562825,0.7635974162258208,0.75,0.003630689059549348,2
2019-02-23,2019-02-19,2019-02-27,2.3493699277207916,4.922593404821045,792.6059644781948,791.076166591607,797.9180481275544,6.841881535947323,3.0,0.011545770892413904,2
2019-02-23,2019-02-19,2019-02-27,4.680550683112927,1.833480536301445,21.141027949388896,17.833445956464857,22.560242858249694,4.726796901784837,2.25,0.03346872898614551,2
2019-02-23,2019-02-19,2019-02-27,0.33223705518612834,0.804121953534528,17.83682095700597,17.577073462307453,18.34163429448381,0.7645608321763575,0.75,0.012132700184017593,2
2019-02-23,2019-02-19,2019-02-27,0.984595562170995,8.26264108243193,144.89173789051426,143.94476664066315,146.46333159971982,2.5185649590566754,1.75,0.004864796918329734,2
2019-03-01,2019-02-27,2019-03-04,0.20227446279213482,18.990051057876382,1090.353798498984,1090.1182792466134,1090.877757679671,0.7594784330576658,0.75,0.0036955454243915763,3
2019-03-01,2019-02-27,2019-03-04,0.1014679344648642,0.0,20.627695833439283,20.230239662807435,21.2407767646946,1.0105371018871665,0.25,0.005439513015120891,3
2019-03-01,2019-02-27,2019-03-04,5.231953486613872,0.33464449022965037,21.483662591177378,17.34561189636588,23.878107072785497,6.532495176419616,1.0,0.021725267818155317,3
2019-03-06,2019-03-04,2019-03-08,0.26337704755842556,2.2278936694606375,662.9762148180171,662.7354528205469,663.4885163693689,0.7530635488219559,0.75,0.008342735222553837,3
2019-03-11,2019-03-08,2019-03-15,0.27157368740005533,36.31973084348687,1145.896360807246,1145.8281988240778,1146.3375030374154,0.5093042133376002,0.75,0.009261136708505101,3
2019-03-11,2019-03-08,2019-03-15,0.13946083268473797,36.219563652447455,1146.2290877963926,1146.0857306211255,1146.5950348330662,0.5093042119406164,0.75,0.007800328308906304,3
2019-03-19,2019-03-15,2019-03-23,0.026273018127787276,18.0,371.9810767280869,371.9810767280869,372.2328491443768,0.2517724162898958,0.25,0.0015119561649148104,3
2019-03-19,2019-03-15,2019-03-23,0.28614923318080593,1.9576840945000358,661.2224866333557,660.9857199825346,661.7387767648324,0.75305678229779,0.75,0.0120732526001288,3
2019-03-19,2019-03-15,2019-03-23,0.3348026161081224,36.46959117946146,1147.0816775421324,1146.8654509200715,1147.6323768771254,0.7669259570538998,0.75,0.014937892310782703,3
2019-03-19,2019-03-15,2019-03-23,4.522483994750574,16.93511536039999,373.85403489453034,370.74909956520423,375.81536865979433,5.066269094590098,2.75,0.014945881558827333,3
2019-03-25,2019-03-23,2019-03-27,17.340254718614364,32.42090217109392,1062.5117189245416,1060.4007026446052,1065.4657289809547,5.065026336349547,6.0,0.026330216741750546,3
2019-03-25,2019-03-23,2019-03-27,0.022312134474714636,35.0,1061.4072719365358,1061.4072719365358,1061.6590443528257,0.2517724162898958,0.25,0.002690479871521811,3
2019-03-25,2019-03-23,2019-03-27,0.20783586369556234,38.50512460160075,1135.7395918830807,1135.495916318614,1136.2622962812893,0.7663799626752734,0.75,0.0050847160244598755,3
2019-03-25,2019-03-23,2019-03-27,1.397454614013537,31.497929003277655,1172.7555075903215,1172.4964898354374,1173.2622016412206,0.7657118057832122,0.75,0.016102656769895137,3
2019-04-12,2019-04-09,2019-04-15,1.4971653028989058,31.12134601389641,1170.9461103524588,1170.6985294050537,1171.464279445354,0.7657500403001904,1.0,0.017947837290932984,4
2019-04-12,2019-04-09,2019-04-15,1.0217346371841256,35.99806193312622,1146.3496457168617,1146.0857306211255,1146.8525666440837,0.7668360229581594,0.75,0.011122366070032695,4
2019-04-12,2019-04-09,2019-04-15,5.1868738243064785,2.298361278227277,657.6268225197144,652.6435375018045,662.2377890483476,9.594251546543092,1.0,0.022554543886615045,4
2019-04-12,2019-04-09,2019-04-15,0.28084029706781305,2.48254223844483,726.1936847638422,725.6766211828217,726.9549838323146,1.2783626494929194,0.75,0.015605443788747075,4
2019-04-19,2019-04-15,2019-04-23,6.343462110729653,2.3068528288760612,68.08190568425883,41.71022758865729,138.2679206142202,96.55769302556291,1.0,0.020185224423773438,4
2019-04-19,2019-04-15,2019-04-23,0.48268347371084336,2.458014358091367,590.9566068264055,589.6218788255937,592.1142085343599,2.492329708766192,0.75,0.00567215085782173,4
2019-04-19,2019-04-15,2019-04-23,0.3273118202355613,2.4543055912918974,594.4804065946321,594.1030190847814,595.1016662893817,0.9986472046002746,0.75,0.004604844344919839,4
2019-04-19,2019-04-15,2019-04-23,0.2196359333022372,2.469792038025629,598.1646244871362,597.9139884226024,598.6636840524152,0.749695629812777,0.75,0.005610785216612996,4
2019-04-27,2019-04-23,2019-05-02,0.7094970609428811,22.237184393807045,1156.7678320767416,1156.1187930167653,1157.9111765371636,1.792383520398289,1.25,0.005145080430368347,4
2019-05-07,2019-05-02,2019-05-13,0.9972219488479331,22.99964704162561,1197.208870824117,1195.9298482979648,1198.51391858235,2.584070284385234,1.25,0.009807653610991748,5
2019-05-07,2019-05-02,2019-05-13,0.4494836928660885,14.493522786580408,1194.0469421064713,1193.6678521884605,1194.6861407258548,1.0182885373942554,1.25,0.005174107812747923,5
2019-05-07,2019-05-02,2019-05-13,0.177184712077806,18.249502841565075,1039.7656686734945,1039.5155885023996,1040.2689217119478,0.7533332095481455,0.75,0.0033633196070334513,5
2019-05-07,2019-05-02,2019-05-13,1.7697013274171254,16.820415246339888,1262.5082568321811,1261.275820099283,1264.0450590960681,2.769238996785134,3.5,0.010289115073982788,5
2019-05-07,2019-05-02,2019-05-13,0.28276962909384257,2.4270693654974194,164.7060141123662,164.54280466632918,165.36257197149098,0.819767305161804,0.75,0.0035501557416146136,5
2019-05-07,2019-05-02,2019-05-13,2.946193104551473,2.3401052448251494,71.07721812662409,67.40803030272946,74.25487091764808,6.846840614918619,1.25,0.016155480725034085,5
2019-05-07,2019-05-02,2019-05-13,1.7311411859433505,2.2029720193271563,90.40661972279312,59.05205163080245,138.82368708960712,79.77163545880467,0.75,0.010876912884451155,5
2019-05-07,2019-05-02,2019-05-13,0.1228616031649533,2.49885037862196,165.58926217603778,165.11079955520108,165.93056693905964,0.8197673838585615,0.75,0.0025312011558313837,5
2019-05-17,2019-05-13,2019-05-22,0.2502964004993963,1.955060353824295,668.8985447118099,668.6511369463988,669.4044847185723,0.7533477721735835,0.75,0.004566780051891048,5
2019-05-17,2019-05-13,2019-05-22,0.2615027907484595,2.2021023133449993,407.2357833378336,406.98037275252864,407.7302746940404,0.74990194151178,0.75,0.005809932559204702,5
2019-05-17,2019-05-13,2019-05-22,0.36376380832463695,1.954398046251,689.0349993116579,688.5601487951353,689.7181655028835,1.1580167077481747,0.75,0.007611841894689719,5
2019-05-17,2019-05-13,2019-05-22,0.15117920214232677,2.1266554502612367,1051.0697156321105,1050.8223896133713,1051.5765072405338,0.7541176271624863,0.5,0.0014959264346538627,5
2019-05-17,2019-05-13,2019-05-22,0.06277668250530631,2.5,1051.081779959803,1050.8223896133713,1051.5765072405338,0.7541176271624863,0.25,0.004363819104867613,5
2019-06-01,2019-05-29,2019-06-05,0.40575825144281413,11.370990047358001,426.6326339081332,426.26519309543073,427.2638793424703,0.9986862470395863,1.0,0.005214423595554963,6
2019-06-13,2019-06-10,2019-06-17,3.187927858148723,6.24609360885978,20.437697621285256,20.12127267755568,21.023958360310644,0.9026856827549636,0.75,0.030289578522989427,6
2019-06-13,2019-06-10,2019-06-17,1.224362966107356,6.988750713297929,107.0779981728754,106.68312526401132,107.69104283442721,1.0079175704158843,0.75,0.008324537595110551,6
2019-06-13,2019-06-10,2019-06-17,0.26065784251939056,24.984991123273016,256.8862426337864,256.53484071884304,257.4906657706015,0.9558250517584383,0.75,0.007727404144772235,6
2019-06-13,2019-06-10,2019-06-17,2.1672009400607988,34.09342045609334,297.1307295764968,291.79274144303054,310.633023455739,18.840282012708485,1.0,0.054502732697895,6
2019-06-20,2019-06-17,2019-06-24,0.1957234704064799,11.493057391309943,429.5199797779216,429.2812375887297,430.030946993269,0.7497094045393169,0.75,0.002682280293719725,6
2019-06-20,2019-06-17,2019-06-24,0.9451505035970651,31.001233854667873,1170.9402848711154,1170.6985294050537,1171.464279445354,0.7657500403001904,0.75,0.02387827355987307,6
2019-06-28,2019-06-24,2019-07-02,0.08376122102892435,1.9726420163141698,597.9139884226023,597.9139884226024,598.1657608388923,0.2517724162898958,0.75,0.008088841646839212,6
2019-06-28,2019-06-24,2019-07-02,0.0664113949930754,2.1091498736615035,596.6787108285353,596.6787108285353,596.9304832448252,0.2517724162898958,0.5,0.004187408010438607,6
2019-06-28,2019-06-24,2019-07-02,2.806909519647803,25.290488380456264,1198.8887185783876,1196.7632669564337,1200.5506912451237,3.78742428869009,2.25,0.014800927073408049,6
2019-06-28,2019-06-24,2019-07-02,5.927032359536183,5.9096111375658795,20.431130734671388,20.12127267755568,21.023958360310644,0.9026856827549636,2.0,0.02432622670217352,6
2019-06-28,2019-06-24,2019-07-02,0.12363630688987731,1.9250084637687062,596.4962845222956,596.4297498450615,596.9304832448252,0.5007333997637033,0.75,0.005478497881870719,6
2019-07-05,2019-07-02,2019-07-08,1.839823344281481,1.1036130484414561,78.16993024697813,17.443154837936163,98.98710175603628,81.54394691810012,1.0,0.014328096399394079,7
2019-07-05,2019-07-02,2019-07-08,3.305143716650792,0.830097301808354,63.387497318285924,24.449052274227142,106.67224304331467,82.22319076908752,1.75,0.026034004912628354,7
2019-07-05,2019-07-02,2019-07-08,0.048484632465298175,1.75,105.42670227494091,105.42670227494091,105.6784746912308,0.2517724162898958,0.25,0.0030121085394279224,7
2019-07-05,2019-07-02,2019-07-08,1.1427547139532304,4.743642648782509,17.855203525472163,17.577073462307453,18.34163429448381,0.7645608321763575,0.75,0.01099028836160387,7
2019-07-05,2019-07-02,2019-07-08,368.7489427025358,27.30570816210606,1057.8993912642593,1045.5479818303138,1077.8912513800897,32.34326954977587,23.0,0.07884594335212207,7
2019-07-05,2019-07-02,2019-07-08,0.8812466989271329,13.885839387738615,1047.9420759955958,1047.5573098328896,1048.5626177466474,1.0053079137578607,2.5,0.004697715367255967,7
2019-07-05,2019-07-02,2019-07-08,0.3208483187645672,13.34198976386943,1052.9184604005018,1052.5804344746284,1053.5857124836184,1.0052780089899898,1.0,0.002811676942564661,7
2019-07-05,2019-07-02,2019-07-08,0.33504431762776077,17.87782316492049,1069.139508950514,1068.750953863375,1069.75964137353,1.0086875101551414,1.0,0.001743811308919566,7
2019-07-05,2019-07-02,2019-07-08,2.9895405096916887,19.30440905995332,1159.9542092576708,1159.2029370586388,1161.256113807205,2.0531767485663295,4.0,0.010358512169876445,7
2019-07-12,2019-07-08,2019-07-16,0.30326805802470896,40.25588942182962,1144.971507362891,1144.778392556589,1145.5449697491713,0.76657719258219,0.75,0.011867787861410703,7
2019-07-19,2019-07-16,2019-07-22,1.624092023497276,15.803961923750064,1224.630747777937,1224.3285176497884,1225.3393896617927,1.0108720120042562,2.5,0.00946354568646605,7
2019-07-26,2019-07-22,2019-07-31,6.975515424113156,12.02981337904942,1357.16213945774,1354.7953359987587,1360.3422043463215,5.5468683475628495,3.5,0.015399066448673327,7
2019-07-26,2019-07-22,2019-07-31,3.0827948726199272,1.7949583373862161,689.9846570085324,685.075567709282,699.9302597423084,14.854692033026367,1.0,0.02255306196457812,7
2019-07-26,2019-07-22,2019-07-31,0.6496026061161574,1.717015949753466,686.1446178926343,682.0462676361203,689.7181655028835,7.6718978667631745,0.75,0.0066643014132434395,7
2019-07-26,2019-07-22,2019-07-31,0.592328598598179,0.43738164866203216,20.810522650182396,20.483116299379617,21.2407767646946,0.7576604653149843,0.5,0.014055720066932861,7
2019-07-26,2019-07-22,2019-07-31,0.11015395694065745,0.09966509643119993,20.688551465708723,20.483116299379617,21.2407767646946,0.7576604653149843,0.5,0.007635983155011477,7
2019-07-26,2019-07-22,2019-07-31,1.745395281291603,0.26890696375334344,23.379610652468873,23.129116822499782,23.878107072785497,0.7489902502857149,0.75,0.008311807134473105,7
2019-08-02,2019-07-31,2019-08-05,2.43337851514872,28.124968539810038,891.2097047918899,890.9528433498926,891.7116532516666,0.7588099017739296,1.0,0.04069892906006041,8
2019-08-09,2019-08-05,2019-08-13,2.935151499348872,5.825766772560025,20.321498282869502,20.12127267755568,20.80694144498557,0.6856687674298882,1.0,0.011428258226587221,8
2019-08-09,2019-08-05,2019-08-13,0.28530094896722125,17.71224799677012,485.1131735016691,484.83208196936175,485.5817802310921,0.7496982617303729,0.75,0.007423715643803628,8
2019-08-16,2019-08-13,2019-08-19,1.1104149876825218,12.376579316905353,1092.53021578092,1092.1482725017704,1093.1615742417052,1.0133017399348319,2.5,0.007736873907965779,8
2019-08-24,2019-08-19,2019-08-29,0.9005219545165588,36.743224083170944,1207.6447917737983,1207.3914450784214,1208.1508355182596,0.759390439838171,0.75,0.008534091688310286,8
2019-08-24,2019-08-19,2019-08-29,0.1765426294731627,20.747197747287945,1186.796097435282,1186.5403907666914,1187.303426137194,0.7630353705026209,0.75,0.0017128852139301817,8
2019-08-24,2019-08-19,2019-08-29,0.9461186314808037,22.499373076143424,1185.8481748957468,1184.9230474000797,1186.686442204751,1.7633948046714067,1.75,0.006551648607565061,8
2019-08-30,2019-08-29,2019-09-01,1.4013520510177047,2.857195809877833,697.8857229020673,697.4202004056424,698.9542086054571,1.534008199814707,0.75,0.009751697923143125,8
2019-08-30,2019-08-29,2019-09-01,2.7640614421521956,3.2505852963714017,698.2607386545208,697.6764761842787,698.9542086054571,1.2777324211783707,0.75,0.014552636663673539,8
2019-08-30,2019-08-29,2019-09-01,11.553633506748204,19.989010313321035,712.9286892866737,706.1594984619878,718.610992543865,12.451494081877172,2.75,0.02339584228208065,8
2019-09-03,2019-09-01,2019-09-05,1.1612253678432982,35.023855603694756,1291.435667205115,1291.1639312496409,1291.9221074511297,0.7581762014888227,0.75,0.02000565111406121,9
2019-09-03,2019-09-01,2019-09-05,0.19003089607416535,21.760163658585867,1151.508654964785,1151.2418277752586,1152.008702726569,0.7668749513104558,0.75,0.0016295802093755968,9
2019-09-03,2019-09-01,2019-09-05,0.8829661786441848,22.41490867732083,1190.676593575469,1189.5813244548626,1191.876223727595,2.2948992727324367,1.25,0.007208527902050233,9
2019-09-13,2019-09-11,2019-09-16,1.3888502916868297,3.014316794296169,697.6807839387218,697.4202004056424,698.185373254586,0.7651728489436209,0.75,0.008732862453878052,9
2019-09-13,2019-09-11,2019-09-16,0.2970663369235521,13.120440848707338,565.7990367833792,565.4217073898762,566.420361764729,0.9986543748527765,1.0,0.00346256758375505,9
2019-09-20,2019-09-16,2019-09-24,3.215337062248123,0.737665423662521,59.953136425061395,24.202802890446037,106.17535886541009,81.97255597496405,0.75,0.08161884833698904,9
2019-09-20,2019-09-16,2019-09-24,0.9558658117481549,30.967522692330686,1102.3866597893018,1101.3910698732361,1103.4209360755049,2.0298662022687495,2.0,0.010009793404380166,9
2019-09-20,2019-09-16,2019-09-24,0.44786164907414083,30.218821346721118,1105.9798017357377,1105.5526469093747,1106.5712576000951,1.0186106907203794,1.25,0.005013730552003225,9
2019-09-20,2019-09-16,2019-09-24,1.4336636417208928,31.534293523558016,1171.9387598757648,1171.469013594091,1172.4917222736403,1.022708679549396,1.25,0.017489521949478146,9
2019-09-20,2019-09-16,2019-09-24,1.7561308571222038,31.142981936746896,1170.7683611107007,1170.441540607717,1171.464279445354,1.0227388376370072,1.0,0.010986141793676503,9
2019-09-20,2019-09-16,2019-09-24,0.8579749338877294,39.25483861738278,1249.4434436597492,1249.195706512779,1249.9510951219127,0.7553886091336608,0.75,0.010735746679479425,9
2019-09-20,2019-09-16,2019-09-24,0.9576069438930076,40.752062922928786,1265.0585227566446,1264.8003393826075,1265.5904925079085,0.7901531253010035,0.75,0.006862493478876534,9
2019-09-20,2019-09-16,2019-09-24,1.0984440275482903,39.50406357548801,1296.7655765735979,1296.4008025405928,1297.4131024465896,1.0122999059967697,0.75,0.030598139077135756,9
2019-09-27,2019-09-24,2019-09-30,1.7433471126850846,0.2504524827247819,105.92658815053997,105.42670227494091,106.67224304331467,1.2455407683737576,0.75,0.014818447518755981,9
2019-09-27,2019-09-24,2019-09-30,0.2751817749548018,2.2346172602245287,661.7340012469678,661.4870043485425,662.2377890483476,0.7507846998050809,0.75,0.008228381489271686,9
2019-09-27,2019-09-24,2019-09-30,0.3515299348446945,31.486335481632203,1106.0651082249822,1105.8082596706226,1106.5712576000951,0.7629979294724762,1.25,0.004558769231563602,9
2019-10-03,2019-09-30,2019-10-07,0.393250890175677,23.508344243980197,1004.3756873918815,1003.9697738508694,1004.9716917108744,1.001917860005051,1.25,0.006034807662830479,10
2019-10-03,2019-09-30,2019-10-07,2.762469925765723,19.090091724765777,1102.7572140716131,1101.1322320527397,1104.439774747938,3.307542695198208,3.25,0.008207722745736699,10
2019-10-03,2019-09-30,2019-10-07,2.0412655104084654,7.675144289320787,1104.5356663608623,1102.4050308973528,1107.5931834788062,5.188152581453323,1.75,0.007181489859316426,10
2019-10-03,2019-09-30,2019-10-07,46.005524085576994,26.675791070366216,1107.0009439888872,1102.659741814714,1112.957201327663,10.29745951294899,14.25,0.04394703204249907,10
2019-10-13,2019-10-09,2019-10-17,3.303917647926565,21.331012508882075,1172.366020674317,1170.9555182191543,1174.2896066126414,3.3340883934870362,3.25,0.011728526582804157,10
2019-10-13,2019-10-09,2019-10-17,9.120827773846543,4.95471509754157,20.340188198988056,20.12127267755568,20.80694144498557,0.6856687674298882,2.25,0.022950558475297343,10
2019-10-20,2019-10-17,2019-10-24,7.497530784696806,13.874625575069683,26.599416704228148,26.46347491675988,26.987787570804358,0.5243126540444791,1.0,0.003622924679104941,10
2019-10-20,2019-10-17,2019-10-24,3.079151473983796,13.876973135512147,27.758620008360598,27.758620008360595,28.01039242465049,0.2517724162898958,1.0,0.007585494633968693,10
2019-10-20,2019-10-17,2019-10-24,79.41292949402705,16.545328027644423,57.27710505538521,23.129116822499782,106.67224304331467,83.54312622081488,4.25,0.0361767745579129,10
2019-10-26,2019-10-24,2019-10-29,0.24450815264889156,6.379587678493741,20.772185944020748,20.772185944020748,21.023958360310644,0.2517724162898958,0.5,0.00918930475842926,10
2019-10-26,2019-10-24,2019-10-29,2.5849958642384956,5.498229250596013,20.663589371786895,20.555169028695673,21.023958360310644,0.46878933161497116,0.75,0.007270299195968442,10
2019-10-26,2019-10-24,2019-10-29,4.565248232031557,4.373657895738246,20.33616644983887,20.12127267755568,20.80694144498557,0.6856687674298882,1.0,0.013440934392736368,10
2019-10-26,2019-10-24,2019-10-29,4.359472118473663,5.91102990563744,20.30767416934278,20.12127267755568,21.023958360310644,0.9026856827549636,1.5,0.014174282271214807,10
2019-10-26,2019-10-24,2019-10-29,0.6194745746363474,1.9637676951555092,596.6125270225849,595.289519763086,597.9169165384956,2.6273967754095793,0.75,0.015114743761158757,10
2019-10-26,2019-10-24,2019-10-29,0.6172073010845528,1.9658376060609863,601.0565635510035,599.9054718753323,602.646612264216,2.7411403888836503,0.75,0.011454307227050183,10
2019-10-26,2019-10-24,2019-10-29,0.38747988873568806,1.7379713952197147,661.8560168690592,661.4870043485425,662.4884321112186,1.0014277626760304,0.75,0.009175776123327622,10
2019-11-01,2019-10-29,2019-11-05,0.2924639371537728,36.29243259576441,1205.8845997608917,1205.5975755010732,1206.3583263442852,0.7607508432120085,0.75,0.01266940169782297,11
2019-11-01,2019-10-29,2019-11-05,1.4427692429284333,31.28591699822876,1171.943680513094,1171.469013594091,1172.4917222736403,1.022708679549396,1.25,0.045788734736376846,11
2019-11-01,2019-10-29,2019-11-05,0.6322021108815301,30.625030727223397,1161.5716033219915,1161.2612521206029,1162.0278315916657,0.7665794710628688,1.0,0.013240204301133707,11
2019-11-01,2019-10-29,2019-11-05,1.0253945269135236,36.219371945518255,1145.2024108472244,1144.778392556589,1145.8023721440695,1.0239795874804258,0.75,0.041182193215554594,11
2019-11-01,2019-10-29,2019-11-05,2.9713578205027527,40.91069824051466,1128.0051240221972,1127.230367930606,1129.0236269491725,1.7932590185664594,2.0,0.01943648237669245,11
2019-11-01,2019-10-29,2019-11-05,0.14447582450171234,36.0,1205.5975755010732,1205.5975755010732,1205.849347917363,0.2517724162898958,0.25,0.003715868156173571,11
2019-11-01,2019-10-29,2019-11-05,3.8761540523875606,34.249772538573446,378.0556044854484,377.81079404149204,378.5621030582115,0.7513090167194605,0.75,0.08258142985814743,11
2019-11-01,2019-10-29,2019-11-05,1.0241887888119114,1.2314312123040918,98.37089078595339,97.78135328413919,98.98710175603628,1.2057484718970954,0.75,0.012035961626542696,11
2019-11-01,2019-10-29,2019-11-05,0.7104475647574795,31.75926751677285,631.205039980923,630.9883913379163,631.738401087001,0.7500097490847111,0.75,0.04033704369864367,11
2019-11-01,2019-10-29,2019-11-05,0.9714525384958298,29.73711352730562,288.4943993321981,288.1520260218531,289.0710296393372,0.9190036174841225,0.75,0.013689171340726508,11
2019-11-01,2019-10-29,2019-11-05,0.2744882048910272,19.256438416067898,141.5089336541097,140.9976328862831,142.05389916012064,1.0562662738375366,0.75,0.02013926045456997,11
2019-11-08,2019-11-05,2019-11-12,4.047940260315279,5.698705822167558,20.325478901741374,20.12127267755568,20.80694144498557,0.6856687674298882,1.25,0.017944192513062424,11
2019-11-15,2019-11-12,2019-11-18,1.544791076709135,23.16877272420942,1015.845400241304,1014.4694163813256,1017.2202337370254,2.750817355699837,2.0,0.013907924605659247,11
2019-11-15,2019-11-12,2019-11-18,0.07908259716011327,0.25,18.40581662463864,17.34561189636588,21.023958360310644,3.678346463944763,0.25,0.000718000664763216,11
2019-11-15,2019-11-12,2019-11-18,15.015860614589531,16.982593118115382,594.9661419223646,590.3686628257856,598.9126456594095,8.543982833623886,5.25,0.02674942247238536,11
2019-11-15,2019-11-12,2019-11-18,0.724271821648021,0.9695383674132706,44.71461089169651,17.443154837936163,98.03312570042908,80.58997086249292,0.75,0.00775981649970324,11
2019-11-15,2019-11-12,2019-11-18,0.8933552526868671,0.9863600590711233,98.51792311826507,98.25834128959104,98.98710175603628,0.7287604664452374,0.75,0.007267637832816688,11
2019-11-15,2019-11-12,2019-11-18,0.3643627749029905,0.5720295386027138,19.45061657974284,17.34561189636588,21.023958360310644,3.678346463944763,0.75,0.0032484204701661917,11
2019-11-15,2019-11-12,2019-11-18,0.43688928128601895,2.143015420358308,24.5503472909533,24.202802890446037,25.193466255441308,0.990663364995271,1.0,0.0106579213864821,11
2019-11-20,2019-11-18,2019-11-22,4.703074495246638,1.899718819553504,687.071556086197,681.7934211478569,691.8604040588252,10.066982910968363,1.0,0.019594125116108887,11
2019-11-20,2019-11-18,2019-11-22,0.3092146707250599,35.732045578253164,1251.2361288022382,1250.9581342819147,1251.71347920876,0.7553449268452823,0.75,0.01406982646404383,11
2019-11-20,2019-11-18,2019-11-22,0.2715656936258382,40.1981344491771,1145.2966150404109,1145.0357949514873,1145.8023721440695,0.76657719258219,0.75,0.009283631909855466,11
2019-11-20,2019-11-18,2019-11-22,0.7366959091884704,35.017514291504654,1132.7634765614764,1132.3673530714586,1133.3900750665925,1.0227219951339066,1.75,0.014571269488474503,11
2019-11-20,2019-11-18,2019-11-22,0.37531978457371856,42.14680856041466,1123.767867194398,1123.2969196392223,1124.3216134030372,1.0246937638148665,1.0,0.014126724766858978,11
2019-11-20,2019-11-18,2019-11-22,0.34007013565863553,41.978663912054785,1122.9825408980287,1122.5284758801572,1123.805040135514,1.2765642553567886,0.75,0.01247359571425439,11
2019-11-20,2019-11-18,2019-11-22,1.2224929264853626,41.46376991987001,1121.497636368078,1121.2473407327197,1122.0118327513337,0.7644920186139643,1.25,0.009894589910740133,11
2019-11-20,2019-11-18,2019-11-22,0.29029088942877473,38.89239324000635,1094.7128769757737,1094.4682439579628,1095.228488090448,0.7602441324852407,1.0,0.01194457956068354,11
2019-11-20,2019-11-18,2019-11-22,1.7401993909935245,1.744145524276056,660.2499813634954,657.6271077836864,662.7390750884078,5.111967304721475,1.0,0.014738695727110656,11
2019-11-20,2019-11-18,2019-11-22,0.23686811867657467,2.220635973012402,616.492875984,616.2465403261594,616.9963394897059,0.7497991635464132,0.75,0.0075631260525392055,11
2019-11-20,2019-11-18,2019-11-22,6.354991650875024,16.01766000853868,611.0324648788978,609.1169528937899,612.6044505480677,3.4874976542778313,5.0,0.015613692842110836,11
2019-11-20,2019-11-18,2019-11-22,0.6828047158557629,14.531576700039741,604.8462094259203,604.137138357386,605.7781303902157,1.640992032829672,1.25,0.005099376735446681,11
2019-11-20,2019-11-18,2019-11-22,2.1058722636646796,1.792328674155198,602.4963714122309,599.9054718753323,606.3889230783097,6.483451202977449,1.0,0.018830319988070308,11
2019-11-20,2019-11-18,2019-11-22,0.13535303982676017,2.8396299437826307,1114.2848570666292,1113.9857176672667,1115.0569980717264,1.071280404459685,0.5,0.004818797307963353,11
2019-11-20,2019-11-18,2019-11-22,1.6698793551237563,2.4837526080399375,1112.8068748418889,1108.8739601825364,1117.655821973458,8.781861790921539,1.0,0.0045939184526362165,11
2019-11-20,2019-11-18,2019-11-22,0.23384275837933122,1.960070670189185,641.3779897978757,641.1402785927057,641.8905995432287,0.7503209505230188,0.75,0.006218857690189691,11
2019-11-24,2019-11-22,2019-11-26,1.4503171911394923,4.176387484491715,613.8719760501078,611.6057502492331,615.4113016715273,3.8055514222942293,1.25,0.007518671674170187,11
2019-11-24,2019-11-22,2019-11-26,0.20059457428754457,1.7292703391582909,636.4159908490036,636.1620245575905,636.9123408501036,0.7503162925131619,0.75,0.0054726485104889,11
2019-11-24,2019-11-22,2019-11-26,0.619778212170393,3.0684804271344484,741.1103842633598,737.3087361194193,746.9574176641181,9.648681544698775,1.0,0.007080022751240801,11
2019-11-24,2019-11-22,2019-11-26,0.1987761480108908,4.004783600783907,845.5586283098132,845.2935865265317,846.0672685331665,0.7736820066347718,0.75,0.0031582844381209934,11
2019-11-24,2019-11-22,2019-11-26,0.20294373681773745,3.485869310017459,852.7624713535483,852.5042388932779,853.2743709022179,0.7701320089399815,0.75,0.002843888815954278,11
2019-11-24,2019-11-22,2019-11-26,0.31599005527673324,3.422456137135827,1085.3904117303264,1085.0394880082458,1086.05276636919,1.0132783609442413,1.0,0.0030687031889143016,11
2019-11-24,2019-11-22,2019-11-26,0.5071532977931623,3.253357098859933,962.2275106788358,961.487564238254,963.2401159503497,1.7525517120957375,0.75,0.0057302895668987965,11
2019-11-24,2019-11-22,2019-11-26,0.36286712086402034,3.366106421125266,1040.3526955246996,1038.7632705932483,1042.0243141180836,3.2610435248352587,0.5,0.0034542055103878398,11
2019-11-24,2019-11-22,2019-11-26,0.4947206499905592,3.2439816270297728,1148.7916887378237,1147.8951677284203,1149.949372897856,2.0542051694355905,0.75,0.003318290514912455,11
2019-11-24,2019-11-22,2019-11-26,0.7892800889651128,3.2363340717950675,1173.5835712869623,1171.469013594091,1175.5739247873425,4.10491119325161,0.75,0.005894006779778611,11
2019-11-24,2019-11-22,2019-11-26,0.19083398713902605,3.9999847452824997,454.0124707764872,453.7561686458066,454.5058744349517,0.7497057891450822,0.75,0.003289197712240426,11
2019-11-24,2019-11-22,2019-11-26,0.6056233151541587,3.4316863924451226,912.9970442788742,912.2890150253661,914.0516340415925,1.762619016226381,1.0,0.007588252603430449,11
2019-11-24,2019-11-22,2019-11-26,0.2678982507239514,3.498595518487513,407.11019993158754,406.73130790377036,407.7302746940404,0.9989667902700603,0.75,0.003875978577159088,11
2019-11-24,2019-11-22,2019-11-26,16.618759883774914,3.492901854273296,1050.8583147113197,1045.5479818303138,1058.639272261411,13.09129043109715,3.0,0.03282234460725031,11
2019-11-24,2019-11-22,2019-11-26,30.9806456754101,2.9788609157703263,1104.3996573449492,1085.0394880082458,1128.2532047121786,43.21371670393273,2.25,0.04472591525830068,11
2019-11-24,2019-11-22,2019-11-26,0.10182903905292799,2.4999999999999996,1078.2749565255258,1077.892252357211,1078.903158901725,1.0109065445140004,0.25,0.005842062598608419,11
2019-11-24,2019-11-22,2019-11-26,4.7440821793222705,3.2594957427900613,1074.413272393063,1068.750953863375,1079.6619983357377,10.911044472362846,1.5,0.019213241139008647,11
2019-11-24,2019-11-22,2019-11-26,10.449801486548205,3.3624013844276495,1062.1967953697138,1058.1358141070232,1067.7425654884428,9.606751381419599,3.0,0.058889203168682056,11
2019-11-24,2019-11-22,2019-11-26,0.2894935891294887,2.9829632399783446,1055.7939691606537,1055.3606992368586,1056.3743121190928,1.0136128822341561,0.75,0.006815317710134013,11
2019-11-24,2019-11-22,2019-11-26,0.8428659452999646,2.5483799729040233,1053.6962054864382,1052.8316030055285,1055.1094115646556,2.277808559127152,1.25,0.010629608234248801,11
2019-11-24,2019-11-22,2019-11-26,0.13288976144888393,2.2500000000000004,1051.912899653595,1051.5758324614726,1052.5811159103177,1.005283448845148,0.25,0.00406943623015808,11
2019-11-24,2019-11-22,2019-11-26,0.07468979792689533,2.25,1051.0694450272217,1050.8223896133713,1051.5765072405338,0.7541176271624863,0.25,0.0038113590384651654,11
2019-11-24,2019-11-22,2019-11-26,0.2409374532979642,3.3932670230188604,1046.954088329937,1046.3015281339176,1047.5579651566222,1.256437022704631,0.75,0.006389968099560677,11
2019-11-24,2019-11-22,2019-11-26,2.7601758384515933,3.09456954653614,1043.5464141164248,1038.5124885500409,1046.8044242179021,8.291935667861253,1.75,0.013825370293098525,11
2019-11-24,2019-11-22,2019-11-26,0.7294377510285611,3.3565328091855244,1014.3407500169909,1013.4690797980875,1015.4716128190048,2.002533020917326,1.0,0.00608804289823094,11
2019-11-24,2019-11-22,2019-11-26,0.27311673759639205,3.2348588591426113,1005.8313951765166,1005.4704843945801,1006.4707528110594,1.00026841647923,0.75,0.004292605716553386,11
2019-11-24,2019-11-22,2019-11-26,0.6032840976344093,3.7254285627539367,305.5847217486376,304.04450976802036,306.92433160729706,2.879821839276701,1.25,0.006545180205458957,11
2019-11-29,2019-11-26,2019-12-02,0.24907404541830883,10.000977412923003,1110.0257643640316,1109.6402005748823,1110.6587349926122,1.0185344177298248,0.75,0.001573591576899412,11
2019-11-29,2019-11-26,2019-12-02,0.4452446636361196,4.226792164680642,1103.8099241661716,1103.4238698389381,1104.439774747938,1.0159049089998007,0.75,0.007002643441742564,11
2019-11-29,2019-11-26,2019-12-02,0.18765964051444303,21.753975207091123,1049.0721168477537,1048.8131370488554,1049.5672627375461,0.7541256886906922,0.75,0.002371211492733369,11
2019-11-29,2019-11-26,2019-12-02,0.5115600074523804,5.569382910029605,1064.9784861557866,1064.7095233933069,1065.4657289809547,0.7562055876478553,0.75,0.007958204591732358,11
2019-11-29,2019-11-26,2019-12-02,0.49066528873827375,42.002893541531925,1127.8272503272933,1127.4873893889599,1128.2532047121786,0.7658153232187033,0.75,0.021733152018561887,11
2019-11-29,2019-11-26,2019-12-02,0.18625405805740064,3.501920863401739,1097.81813235905,1097.5673973793164,1098.3286536931992,0.7612563138827682,0.75,0.002861526501969688,11
2019-11-29,2019-11-26,2019-12-02,1.093567258787859,16.196453692236418,1135.8834479680938,1135.495916318614,1136.5196000467986,1.023683728184551,2.5,0.005441834849299628,11
2019-11-29,2019-11-26,2019-12-02,0.2498988518540745,36.26799705004794,1205.9267571294808,1205.5975755010732,1206.3583263442852,0.7607508432120085,0.75,0.012279553968250022,11
2019-11-29,2019-11-26,2019-12-02,1.3318376868800643,31.274368377349255,1172.0072612766444,1171.7259923447855,1172.4917222736403,0.7657299288548529,1.25,0.02069499059766972,11
2019-11-29,2019-11-26,2019-12-02,1.1370174500170247,31.00344894684018,1170.689476436517,1170.441540607717,1171.2072906354442,0.7657500277273357,0.75,0.010596127113393066,11
2019-11-29,2019-11-26,2019-12-02,0.3313285973650504,30.97346216843739,1176.0935051220965,1175.8190971207805,1176.5846443003975,0.7655471796169877,0.75,0.013158974339152817,11
2019-11-29,2019-11-26,2019-12-02,0.934937040814745,18.094420711089537,1182.54163578181,1181.592099672649,1183.6377417109907,2.0456420383416116,1.75,0.004042604530999035,11
2019-11-29,2019-11-26,2019-12-02,0.47372591468408143,40.888199989476846,1044.0085667670169,1043.7789570190944,1044.5322959385812,0.7533389194868505,1.5,0.007892615472718391,11
2019-11-29,2019-11-26,2019-12-02,0.2949262084419839,36.12510564282056,1205.5975755010732,1205.5975755010732,1205.849347917363,0.2517724162898958,0.5,0.004760653909259588,11
2019-11-29,2019-11-26,2019-12-02,1.309110820292616,34.61394261651903,1291.4535411574584,1291.1639312496409,1291.9221074511297,0.7581762014888227,1.0,0.011450750614161566,11
2019-11-29,2019-11-26,2019-12-02,2.0990724571886257,13.929742822574825,1314.483479873811,1312.8485117647797,1316.17031364562,3.321801880840212,2.25,0.007962947680175853,11
2019-11-29,2019-11-26,2019-12-02,0.5799337796011232,36.25198654296428,1145.0677844526645,1144.778392556589,1145.5449697491713,0.76657719258219,0.75,0.02891100647926115,11
2019-11-29,2019-11-26,2019-12-02,6.01320518265454,23.61430665156321,1024.7278418621452,1022.724855562672,1026.4812406096607,3.7563850469887257,4.25,0.014385480547535256,11
2019-11-29,2019-11-26,2019-12-02,2.5713530093738908,15.558573632134383,825.5369143155414,821.753461391665,827.8550962866284,6.101634894963354,3.5,0.007338265017793525,11
2019-11-29,2019-11-26,2019-12-02,0.19369796131742767,28.755906867922086,974.2342141179248,973.9863231219351,974.7381869913079,0.7518638693727553,0.75,0.004542164670310009,11
2019-11-29,2019-11-26,2019-12-02,5.038077585141232,4.671411809823501,1049.9848870040464,1045.5479818303138,1054.3407196025364,8.792737772222608,2.0,0.0149767233577768,11
2019-11-29,2019-11-26,2019-12-02,0.40025318461753157,4.328089204097268,1060.3763685917381,1059.8973449701443,1061.1556910639629,1.2583460938185453,1.0,0.0057197969961221735,11
2019-11-29,2019-11-26,2019-12-02,0.8071997389221297,8.250893286295463,117.25360184884832,81.22059505945072,153.22994834929705,72.00935328984633,1.75,0.00841510179007338,11
2019-11-29,2019-11-26,2019-12-02,1.2159191486960335,31.953488242678368,304.0900773642088,303.7809450174682,304.55984685663134,0.7789018391631544,1.5,0.0475660882485399,11
2019-11-29,2019-11-26,2019-12-02,0.18330511068850114,32.625010258444114,303.911933277948,303.7809450174682,304.29628218431026,0.5153371668420732,0.5,0.012940022234048035,11
2019-11-29,2019-11-26,2019-12-02,0.2650888482167806,11.620791853285823,1009.7153199260583,1009.467010196764,1010.2186234830879,0.7516132863238454,1.0,0.004083581082207982,11
2019-11-29,2019-11-26,2019-12-02,0.339836931458047,7.510612345027785,375.31609628966976,375.06405418599024,375.81536865979433,0.7513144738040864,1.25,0.004085335471556125,11
2019-11-29,2019-11-26,2019-12-02,0.17762978276670247,6.249819015764675,394.652070116925,394.24762697098777,395.4611126910895,1.213485720101744,0.75,0.0011370550963166475,11
2019-11-29,2019-11-26,2019-12-02,16.073352410936874,9.02694478698162,361.82303116069414,357.3947319104336,371.7619395926595,14.367207682225853,7.25,0.01865681130360539,11
2019-11-29,2019-11-26,2019-12-02,2.4403021936535882,2.686668655835139,615.6769699045071,614.4125491725281,617.2453529052436,2.832803732715547,1.5,0.015363353065508808,11
2019-11-29,2019-11-26,2019-12-02,1.3567190959199134,31.003112431679597,659.8651883129912,659.6145114274696,660.366321997717,0.7518105702474713,0.75,0.036928566738199,11
2019-11-29,2019-11-26,2019-12-02,0.4833942272420297,12.7790454187967,772.6606811668796,771.9582774853334,773.5014251852408,1.543147699907422,1.25,0.0047888788965109435,11
2019-11-29,2019-11-26,2019-12-02,0.17724828461291922,10.501062053090758,775.3930104503223,775.125334951561,775.9142869887874,0.7889520372264087,0.75,0.0018722727289600285,11
2019-11-29,2019-11-26,2019-12-02,11.605297898945034,20.7693862672281,793.5404097606898,791.076166591607,797.9180481275544,6.841881535947323,4.25,0.021918977538589388,11
2019-11-29,2019-11-26,2019-12-02,0.8649318463515479,12.617430595393348,872.1827275156015,871.3751212563366,873.4180733892135,2.0429521328769624,1.5,0.005577947043577711,11
2019-11-29,2019-11-26,2019-12-02,2.2652046749068253,23.36429187584096,944.1818674583096,943.4698193417862,945.4748156089336,2.0049962671473622,3.0,0.009153601692443478,11
2019-11-29,2019-11-26,2019-12-02,0.3083917525824164,8.255818974138755,440.1804258519704,439.92926185997203,440.6790347667411,0.749772906769067,1.25,0.0024163908873900725,11
2019-12-04,2019-12-02,2019-12-06,1.3437570336689566,16.003275787906528,792.1270033143952,791.3442408442497,793.2094798060134,1.86523896176368,2.25,0.004900299737255462,12
2019-12-04,2019-12-02,2019-12-06,0.83108349976243,18.852325699579044,1060.6550504783756,1060.1490238080733,1061.4073677072302,1.2583438991568983,1.0,0.010931613628195093,12
2019-12-04,2019-12-02,2019-12-06,0.4504007109493204,8.74173747288867,1022.83675373378,1022.4745797207579,1023.4771796637215,1.0025999429635704,1.25,0.003190391029391215,12
2019-12-04,2019-12-02,2019-12-06,0.4325215963513259,13.74126309660535,960.0308656907312,959.7366340537556,960.4885945133865,0.7519604596309364,1.25,0.005527037394057346,12
2019-12-04,2019-12-02,2019-12-06,0.9332215265132499,2.749463289544415,726.3534757602184,726.0188179272227,726.9549838323146,0.9361659050919116,0.75,0.006319029054408348,12
2019-12-04,2019-12-02,2019-12-06,1.7083409906396578,11.275041721879802,599.7195269486945,598.6608732431196,600.9041291321628,2.243255889043212,2.0,0.00752905591457006,12
2019-12-04,2019-12-02,2019-12-06,0.41462731246525014,14.706680357079152,602.2060017873202,601.8969165761955,602.895573857706,0.9986572815105319,1.25,0.0029596231753366516,12
2019-12-04,2019-12-02,2019-12-06,10.671753474307893,18.352889129265435,600.7990889574777,598.9096642495133,602.646612264216,3.736948014702648,4.5,0.028713252424761755,12
2019-12-04,2019-12-02,2019-12-06,0.5580783602895586,1.952209263427725,636.9338677602286,636.1620245575905,637.9081709929742,1.7461464353837073,0.75,0.0109094898452793,12
2019-12-04,2019-12-02,2019-12-06,0.532523334149926,7.515390037482897,368.32703043653305,365.74138280004263,371.7619395926595,6.020556792616844,0.75,0.0047760865328010695,12
2019-12-06,2019-12-06,2019-12-07,0.7626054308902391,34.74225948122243,1291.4227997701748,1291.1639312496409,1291.9221074511297,0.7581762014888227,0.75,0.019542567360178703,12
2019-12-06,2019-12-06,2019-12-07,0.5441579263359944,30.62974696465741,1160.7243241539506,1160.4895152258687,1161.256113807205,0.7665985813364387,1.0,0.011329537832869274,12
2019-12-06,2019-12-06,2019-12-07,0.4588116720603169,38.7758212096402,1251.2449861843259,1250.9581342819147,1251.71347920876,0.7553449268452823,0.75,0.01811379942811367,12
2019-12-06,2019-12-06,2019-12-07,0.3292244093959076,39.987949832023965,330.81152730763705,330.5509909619577,331.3136423449032,0.762651382945478,0.75,0.01698192050726618,12
2019-12-06,2019-12-06,2019-12-06,1.3625929463919566,33.006057138739315,296.9245048480582,296.6129735969007,297.51990566262975,0.9069320657290518,0.75,0.017388361074025974,12
2019-12-06,2019-12-06,2019-12-07,0.17558683843782216,2.2471059595384593,660.1136177522329,659.8645305470563,660.6163410386071,0.7518104915507138,0.75,0.0038278393246112315,12
2019-12-07,2019-12-07,2019-12-07,1.7769048509627,2.7430273230206907,697.608467775414,697.1639246293344,698.9542086054571,1.790283976122737,0.75,0.018306286093904608,12
2019-12-07,2019-12-07,2019-12-07,0.9467454818542616,2.901585236372678,698.4960298039197,698.1898793070577,698.9542086054571,0.7643292983993888,0.5,0.005527079131734968,12
2019-12-07,2019-12-07,2019-12-07,0.9235786429693469,2.7522968698780024,726.3520898970677,726.0188179272227,726.9549838323146,0.9361659050919116,0.75,0.005783656111846833,12
2019-12-08,2019-12-08,2019-12-09,29.41169074104754,16.608063156120867,651.0037936844783,648.4424065919593,653.6453130152076,5.202906423248351,9.75,0.024104973866210147,12
2019-12-08,2019-12-08,2019-12-09,1.7617145398844734,13.513936635821214,30.471362869394998,30.184780366253108,30.99243121035397,0.8076508441008627,0.75,0.01732877092548553,12
2019-12-08,2019-12-08,2019-12-09,0.24927842167723213,1.701470655445176,601.3946274317813,601.1500022043474,601.8996978937648,0.7496956894174218,0.75,0.007022908725597494,12
2019-12-09,2019-12-09,2019-12-10,1.9432678181004295,3.01828756130317,652.3347799279187,651.3977117543109,653.6453130152076,2.247601260896772,1.5,0.009274452434554598,12
2019-12-09,2019-12-09,2019-12-09,1.1286378345718562,32.00260051262946,659.8552127447973,659.6145114274696,660.366321997717,0.7518105702474713,0.75,0.026815536829589627,12
2019-12-10,2019-12-10,2019-12-11,11.390200478161942,5.329489261896507,20.43123666792784,20.12127267755568,21.023958360310644,0.9026856827549636,3.75,0.019695143426909405,12
2019-12-10,2019-12-10,2019-12-11,2.752096587499059,7.703173414973528,20.585742782887092,20.338197982870042,21.023958360310644,0.6857603774406016,2.0,0.018594540564443724,12
2019-12-10,2019-12-10,2019-12-11,5.445758056039315,10.02226584090337,20.481306260690754,20.12127267755568,21.023958360310644,0.9026856827549636,2.0,0.038822215489097645,12
2019-12-10,2019-12-10,2019-12-11,3.215957681254278,7.313669275042867,20.24140627998615,20.12127267755568,20.589970399159938,0.4686977216042578,1.25,0.028030318971224252,12
2019-12-10,2019-12-10,2019-12-11,2.4624739650062213,28.718088978590682,283.9238017640115,283.5928996405564,284.5140948514454,0.9211952108889818,1.25,0.018051099119146364,12
2019-12-10,2019-12-10,2019-12-11,0.13657023357331366,31.541566366676946,301.80221759696286,301.7563341483474,302.27201840514317,0.5156842567957938,0.75,0.007282758596182678,12
2019-12-10,2019-12-10,2019-12-11,1.0750797990890042,31.30374101941759,302.16079122682095,301.7563341483474,302.5359302582219,0.7795961098745465,1.0,0.027974399862463882,12
2019-12-10,2019-12-10,2019-12-11,0.39000340366416164,40.67888548425258,1122.3025716083928,1122.015768990852,1122.780248296447,0.7644793055951595,0.75,0.02113945465770602,12
2019-12-10,2019-12-10,2019-12-11,0.10921257987614955,40.75,1122.015768990852,1122.015768990852,1122.2675414071418,0.2517724162898958,0.25,0.006048978307827226,12
2019-12-10,2019-12-10,2019-12-11,1.3444638217845866,31.275352018020985,1171.9447217049294,1171.469013594091,1172.4917222736403,1.022708679549396,1.25,0.020164871443899234,12
2019-12-11,2019-12-11,2019-12-11,1.344837955595193,16.24698971680615,22.88057799357921,22.88057799357921,23.132350409869105,0.2517724162898958,0.75,0.005342392722032685,12
2019-12-11,2019-12-11,2019-12-11,2.4945566945830024,14.775537868077585,17.84261017760226,17.577073462307453,18.34163429448381,0.7645608321763575,2.25,0.06885095322338036,12
2019-12-11,2019-12-11,2019-12-11,0.600263206297555,15.500081265859949,102.38186689838767,102.38186689838767,102.63363931467757,0.2517724162898958,0.75,0.01107252846917575,12
2019-12-11,2019-12-11,2019-12-11,1.2796119051380106,15.082379267533248,22.966216028258295,22.88057799357921,23.380889238789678,0.5003112452104688,0.5,0.007075982637839505,12
2019-12-11,2019-12-11,2019-12-11,6.19738369185515,15.328109109995737,44.65952007952187,20.483116299379617,103.6264299317263,83.14331363234669,1.25,0.029437765984464383,12
2019-12-11,2019-12-11,2019-12-11,2.5166346177674632,12.748205473418622,20.749946513508576,20.483116299379617,21.2407767646946,0.7576604653149843,0.75,0.02063922906036644,12
2019-12-11,2019-12-11,2019-12-11,8.236174405297694,18.4979923745387,27.08189567710586,26.843698393087834,27.57906341832131,0.7353650252334774,0.75,0.006752236603478738,12
2019-12-11,2019-12-11,2019-12-11,12.061403080473337,11.134626082654616,27.973147373192088,25.918528988491744,28.738993019796908,2.820464031305164,1.0,0.02725521747039282,12
2019-12-11,2019-12-11,2019-12-11,6.654842213064118,12.624390771026379,27.94083225075537,27.758620008360595,28.496076229028404,0.7374562206678092,1.0,0.017149435848809617,12
2019-12-11,2019-12-11,2019-12-11,18.811774042588247,12.083267529808161,26.924291215449408,25.918528988491744,28.738993019796908,2.820464031305164,2.0,0.018712764177677994,12
2019-12-11,2019-12-11,2019-12-11,51.188260344937255,16.72725832875375,23.970350613911613,22.88057799357921,24.947121646720916,2.066543653141707,4.25,0.04157621940251646,12
2019-12-12,2019-12-11,2019-12-13,1.536588709045035,2.7400773457067458,652.285370524685,651.6812498974614,653.3953120079823,1.7140621105208993,2.0,0.012711177830384118,12
2019-12-13,2019-12-13,2019-12-14,0.6744485152453096,3.9889148219134123,361.80838485797034,360.7152261296287,363.6263557523489,2.911129622720182,1.25,0.004379139177368316,12
2019-12-13,2019-12-13,2019-12-14,2.7424522562637628,5.2390923783766,847.6029215729468,846.0760609661229,849.3901142189279,3.3140532528050244,1.75,0.01628251708476135,12
2019-12-13,2019-12-13,2019-12-14,1.5363835145257585,6.200241987777992,367.29830942434,364.7400521142408,372.19090041099116,7.450848296750337,1.25,0.008144588177337054,12
2019-12-13,2019-12-13,2019-12-14,0.7861440117478059,5.297110167724655,1063.0786081719878,1062.665364379529,1063.6721490910277,1.0067847114987671,1.5,0.007186825716574691,12
2019-12-13,2019-12-13,2019-12-13,0.21260978342393913,36.2896718701383,1146.1511502168462,1145.8281988240778,1146.5950348330662,0.7668360089883208,0.75,0.008345787231609628,12
2019-12-13,2019-12-13,2019-12-13,0.2643843260528974,36.236889845418375,1146.0201853549177,1145.8281988240778,1146.5950348330662,0.7668360089883208,0.75,0.00690503120681362,12
2019-12-13,2019-12-13,2019-12-13,1.658423647239462,2.993810901253151,794.6309702002238,793.2583571332507,796.5495531260967,3.291195992846042,1.5,0.01059884146932652,12
2019-12-13,2019-12-13,2019-12-13,7.4626603050406555,30.355816534808792,627.1115425886162,626.7574920300394,627.7565481769852,0.9990561469458044,1.0,0.01769812592430864,12
2019-12-13,2019-12-13,2019-12-14,0.7055226445224329,5.260450651023138,1055.232379220049,1054.6061091055162,1056.3743121190928,1.7682030135765672,1.25,0.00695215961032648,12
2019-12-14,2019-12-14,2019-12-15,0.25135837655130705,3.240979040031332,1136.9346007768331,1136.5434977607802,1137.5675774835981,1.0240797228179872,0.75,0.003643137908103511,12
2019-12-14,2019-12-14,2019-12-15,2.7461788027403733,5.239533754445553,847.5935121644859,846.0760609661229,849.3901142189279,3.3140532528050244,1.75,0.015374146710319515,12
2019-12-14,2019-12-14,2019-12-15,0.2607093299785219,3.482647808393272,1050.9258195204793,1050.5712170088664,1051.5765072405338,1.005290231667459,0.75,0.005817542416449373,12
2019-12-14,2019-12-14,2019-12-15,0.8749468495267272,5.19188079592829,1055.3586704386148,1054.6061091055162,1056.6260029510595,2.0198938455432653,1.25,0.007333936492350233,12
2019-12-14,2019-12-14,2019-12-15,0.8518109157059118,5.279440154939435,1063.0632832816461,1062.665364379529,1063.6721490910277,1.0067847114987671,1.5,0.006884739192086505,12
2019-12-19,2019-12-16,2019-12-22,1.0299659586760992,21.94007105105747,1162.9299664870284,1162.2903370796703,1164.0859151836485,1.7955781039781868,2.0,0.006788153516441999,12
2019-12-26,2019-12-22,2019-12-30,2.6550888643318737,13.372276495036562,1322.47348243602,1320.8637705594301,1323.6938967052847,2.8301261458545923,3.75,0.009969105265213215,12
2019-12-26,2019-12-22,2019-12-30,0.7451352576394038,13.570387139636942,1027.8615705066488,1027.481951830443,1028.485189482104,1.0032376516610384,2.0,0.004304871904147618,12
2019-12-26,2019-12-22,2019-12-30,1.1709707857037353,6.718115015024749,1087.3995273877663,1086.3117660982534,1088.5937854018994,2.2820193036459386,2.0,0.005113084514288224,12
2019-12-26,2019-12-22,2019-12-30,0.7721044894413364,4.059991986438086,1092.5405611896927,1091.387131714262,1093.9226842671633,2.5355525529012084,1.0,0.0046601974157376245,12
2019-12-26,2019-12-22,2019-12-30,2.0413729542871173,22.26963818335791,876.1818614234522,875.4681503227912,877.2553929802962,1.7872426575049758,2.0,0.012056508756962243,12
2019-12-26,2019-12-22,2019-12-30,0.35143917088862203,10.119534554133455,1114.1106887262208,1113.7301290598698,1114.7486672964878,1.018538236618042,1.0,0.003105416166009739,12
2019-12-26,2019-12-22,2019-12-30,2.3049648896028465,19.48802989616332,1121.913911468395,1120.9909809199162,1123.036601735279,2.0456208153627813,3.0,0.008058035489052658,12
2019-12-26,2019-12-22,2019-12-30,13.716372473104409,17.578449088054402,1140.0259752459335,1135.7532200939022,1143.7418386456557,7.988618551753461,5.25,0.014657406675833358,12
2019-12-26,2019-12-22,2019-12-30,0.2599795046868016,19.142384894013613,1148.4164744963173,1148.1527416771278,1148.9196619931608,0.7669203160330653,1.0,0.002682785132033886,12
2019-12-26,2019-12-22,2019-12-30,5.731591251894573,16.930904043291253,1108.9989891251091,1105.5526469093747,1112.4466558662243,6.894008956849575,3.5,0.010180007157126279,12
2019-12-26,2019-12-22,2019-12-30,4.8171929865404035,16.088175885099165,841.5306813244629,837.7262969696894,846.8021650044248,9.075868034735322,2.0,0.01127433436114319,12
2019-12-26,2019-12-22,2019-12-30,0.8016511784119331,2.477937400735106,661.1072038698837,660.121625166852,662.4884321112186,2.3668069443665445,0.75,0.00903971410805522,12
2019-12-26,2019-12-22,2019-12-30,1.2335177258791772,12.228268472081291,734.0475540296226,732.9769307286479,735.1565801016986,2.179649373050779,2.0,0.006769602291145599,12
2019-12-26,2019-12-22,2019-12-30,0.18135519626743998,14.750619868557324,793.7983643929658,793.5262123984285,794.3136953446083,0.7874829461798072,0.75,0.0022092500760897073,12
2019-12-26,2019-12-22,2019-12-30,0.4422919396809757,4.223692170591871,1057.9944654846088,1057.6324426289648,1058.639272261411,1.0068296324461699,1.25,0.004908259440651887,12
2019-12-26,2019-12-22,2019-12-30,0.23613697157966881,5.9995747807465305,349.15963938100924,348.48660417366773,349.8900209572166,1.4034167835488915,0.75,0.0020419206782448917,12
2019-12-26,2019-12-22,2019-12-30,3.932626731247592,4.22125743160846,363.7538822420793,359.4060460748151,372.19090041099116,12.784854336176068,2.5,0.010494114601732333,12
2019-12-26,2019-12-22,2019-12-30,0.35713715832788684,5.009025385761781,1062.0096169965893,1061.6588133848272,1062.665605921764,1.0067925369367003,0.75,0.004775275227382121,12
2019-12-26,2019-12-22,2019-12-30,50.41198757431493,15.795680475853382,644.2767125029636,638.1535417987034,650.8852503844537,12.731708585750312,10.25,0.0363586270262009,12
2019-12-26,2019-12-22,2019-12-30,1.1155994223356591,17.041459150660348,678.4440000481499,677.8420090326108,679.2697483645752,1.4277393319644034,2.5,0.0045022845538233176,12
2019-12-26,2019-12-22,2019-12-30,0.4639265545834543,9.67198235685978,706.0557297689182,701.9417286519893,709.9332670159638,7.991538363974541,1.5,0.0033839065992799415,12
2019-12-26,2019-12-22,2019-12-30,2.505340673660635,14.244894808739154,730.9142957119059,729.7541873147711,732.0340606621467,2.279873347375542,5.0,0.009736398484999898,12
2019-12-26,2019-12-22,2019-12-30,0.3017253854869966,12.871958223230415,620.5988961377135,620.2283756751567,621.2271892935969,0.998813618440181,1.0,0.0022666063209520245,12
2020-01-04,2019-12-30,2020-01-10,3.216706326534116,2.6224897604898967,782.1208066536165,777.0185004053637,787.9325073724613,10.91400696709752,1.25,0.011956068208171057,1
2020-01-04,2019-12-30,2020-01-10,14.938078170187136,18.20827323930418,1156.2994128429393,1152.013877980411,1160.22697624797,8.213098267558962,5.75,0.01843451549466413,1
2020-01-04,2019-12-30,2020-01-10,0.7598271852195841,18.990847088770213,1119.3265473847323,1118.9411937706172,1119.9620987689123,1.0209049982950091,1.75,0.005907016742167324,1
2020-01-04,2019-12-30,2020-01-10,0.4237032045276683,31.646448940931233,1071.634842196085,1071.0212614242919,1072.5343036623672,1.5130422380752861,1.5,0.004856730291444568,1
2020-01-04,2019-12-30,2020-01-10,3.5228472337149004,2.7269046948265205,792.4000619406245,787.8431947962381,797.9180481275544,10.074853331316262,1.25,0.01395369348639203,1
2020-01-04,2019-12-30,2020-01-10,1.2821483234028193,2.381771191269573,723.1666787259521,719.7850000406615,728.9453417644836,9.160341723822057,1.5,0.01678992531435331,1
2020-01-04,2019-12-30,2020-01-10,1.588475164513034,2.080874713210132,662.0875959127194,660.7350778467953,663.7391619253904,3.0040840785950422,1.0,0.014065408835693254,1
2020-01-04,2019-12-30,2020-01-10,2.1711405489446944,1.8517120952521766,637.7578909165843,635.6650295169093,640.1411107773893,4.476081260479987,1.0,0.020622481465498523,1
2020-01-04,2019-12-30,2020-01-10,1.0184436569876965,1.8200571556239236,601.2704212895276,600.1544335447252,602.646612264216,2.4921787194907665,1.0,0.013651983538927784,1
2020-01-04,2019-12-30,2020-01-10,4.617860484432616,0.26151755256514536,22.658467367091,21.556085699237883,23.878107072785497,2.3220213735476136,0.75,0.022426610870262906,1
2020-01-04,2019-12-30,2020-01-10,0.3957085036741866,3.4932753172736697,1064.5585097723704,1063.9278429052792,1065.4657289809547,1.5378860756754875,0.75,0.005372063052232711,1
2020-01-04,2019-12-30,2020-01-10,0.27941627228127747,2.5674775431903316,698.4984414835466,698.1898793070577,698.9542086054571,0.7643292983993888,0.75,0.011780907837182707,1
2020-01-12,2020-01-10,2020-01-14,0.5605738025936159,0.11254693443999801,21.999064660085427,21.806834855116904,22.560242858249694,0.7534080031327903,0.5,0.01625565677887944,1
2020-01-12,2020-01-10,2020-01-14,0.10023777443887177,0.42558275782818866,22.152325462507058,21.806834855116904,22.560242858249694,0.7534080031327903,0.5,0.009095754209184428,1
2020-01-12,2020-01-10,2020-01-14,6.613752954725606,13.500506304538373,174.5681704679979,173.99141068710014,175.37777500180528,1.3863643147051334,0.75,0.0064128844293886225,1
2020-01-17,2020-01-14,2020-01-21,0.8995162495996891,1.469044430381146,20.64768213851552,20.230239662807435,21.2407767646946,1.0105371018871665,1.0,0.014645861752825451,1
2020-01-17,2020-01-14,2020-01-21,2.0210282953595002,4.546386923315629,482.8320995988524,481.59551782906055,484.5858213477768,2.990303518716246,1.75,0.016128980582482667,1
2020-01-24,2020-01-21,2020-01-27,0.33129781818715887,9.357760282278788,358.812372062728,358.4002068960108,359.4064050009474,1.0061981049366295,1.0,0.00239656595948219,1
2020-01-24,2020-01-21,2020-01-27,1.1570732630400533,1.7536808504712327,600.7401807636006,599.9054718753323,601.8996978937648,1.9942260184325278,1.0,0.012919098995567218,1
2020-01-24,2020-01-21,2020-01-27,0.22029545114670857,1.9702975558828018,596.4358913128407,596.1807889183983,596.9304832448252,0.7496943264268339,0.75,0.007332872885014871,1
2020-01-24,2020-01-21,2020-01-27,0.8608307254626016,2.9551388087930905,1138.7452702578353,1137.3158050673082,1140.654906955082,3.3391018877737224,1.0,0.0034782217921580654,1
2020-01-24,2020-01-21,2020-01-27,0.19124368380343376,3.249231410518445,1021.9635545285354,1021.7237489670515,1022.4760738248006,0.7523248577490449,0.75,0.0033012552114465472,1
2020-01-24,2020-01-21,2020-01-27,0.4053425122404154,3.506771341887604,1063.5546426585772,1062.917035144288,1064.4313562493771,1.5143211050890386,0.75,0.0061055469298854255,1
2020-01-24,2020-01-21,2020-01-27,1.035013114419255,4.64934251135546,1048.7248369696727,1047.5573098328896,1050.3207172341645,2.7634074012748897,1.5,0.006724949072604538,1
2020-01-24,2020-01-21,2020-01-27,4.3422642291374975,2.670042907422213,1123.4227772999523,1117.9162505129352,1130.3080772636458,12.391826750710607,1.5,0.007593184683829919,1
2020-01-30,2020-01-27,2020-02-02,1.0080019625100096,2.344491543098395,661.1647657942993,660.121625166852,662.7390750884078,2.617449921555817,1.0,0.013821290317870286,1
2020-01-30,2020-01-27,2020-02-02,1.7776932762843112,33.74622913543459,963.9907179405941,963.7387354262173,964.4907668302767,0.7520314040593803,0.75,0.019492523415746997,1
2020-01-30,2020-01-27,2020-02-02,23.054300139647005,17.908183534754833,1118.4421433597672,1115.0612865877338,1122.5238948543556,7.462608266621828,7.25,0.02588288263017438,1
2020-02-03,2020-02-02,2020-02-05,0.22752666965807475,2.725061960568209,126.37112439942399,125.97458683419973,127.01958658685908,1.0449997526593506,0.75,0.0052892414309501385,2
2020-02-03,2020-02-02,2020-02-05,0.3115993961090537,1.724621315493225,669.032406401168,668.6511369463988,669.655272396747,1.004135450348258,0.75,0.0035348816274555625,2
2020-02-07,2020-02-05,2020-02-10,0.7115447889476708,39.479369252490876,1296.907868922116,1296.654311683029,1297.4131024465896,0.7587907635606825,0.75,0.05540298345266997,2
2020-02-07,2020-02-05,2020-02-10,0.852821781957316,40.760042925392035,1265.3121537448926,1265.0868994337507,1265.8423131923191,0.7554137585684657,0.75,0.015537561442277236,2
2020-02-07,2020-02-05,2020-02-10,2.9403631254229694,26.62247992432518,1223.4421680877547,1222.3045732686296,1225.0863564633764,2.781783194746822,3.0,0.022850813867108306,2
2020-02-07,2020-02-05,2020-02-10,0.525706595978877,36.259613160391424,1145.11529997381,1144.778392556589,1145.5449697491713,0.76657719258219,0.75,0.03823583957344445,2
2020-02-07,2020-02-05,2020-02-10,1.2074973613711364,41.12701294571764,1126.692450482337,1126.4598639942706,1127.2256863215007,0.7658223272301257,1.0,0.014364916534459591,2
2020-02-07,2020-02-05,2020-02-10,0.3739916850777895,1.964641892899422,662.1039411296505,661.7353736469522,662.7390750884078,1.0037014414556324,0.75,0.00821077100309113,2
2020-02-07,2020-02-05,2020-02-10,0.2908866459088207,1.7387743426157578,640.3636246961534,640.1335795121267,640.8839068049565,0.750327292829752,0.75,0.0065743731316610125,2
2020-02-07,2020-02-05,2020-02-10,8.215362267936133,0.6494168346799296,31.303214640833374,20.230239662807435,103.6264299317263,83.39619026891887,1.0,0.0416668567556558,2
2020-02-07,2020-02-05,2020-02-10,0.8161725301800773,2.237690264312866,1114.0764088507133,1112.705428911373,1115.8251808970235,3.1197519856505096,0.75,0.0027575284023645453,2
2020-02-07,2020-02-05,2020-02-10,1.108341830663687,41.499362812439124,1128.5286748948656,1128.2578223468736,1129.0236269491725,0.7658046022988856,0.75,0.007735212373226279,2
2020-02-10,2020-02-10,2020-02-10,0.261007239690097,3.4603766666497857,322.3555445010407,322.10048412997276,322.87017898773775,0.7696948577649891,0.75,0.012570308009819772,2
2020-02-10,2020-02-10,2020-02-10,0.4634767631617524,28.796835514293353,1212.6882068935067,1212.466633267235,1213.2259731264785,0.7593398592434824,0.75,0.01204795018823634,2
2020-02-11,2020-02-10,2020-02-13,0.4867670964168573,0.539857652073862,18.07737940660225,17.833445956464857,18.598093270789832,0.764647314324975,0.75,0.018852942747266888,2
2020-02-11,2020-02-10,2020-02-13,2.810137116138432,1.4244126658999032,43.119196890845636,21.556085699237883,106.67224304331467,85.11615734407678,1.5,0.05713462248376995,2
2020-02-14,2020-02-13,2020-02-16,0.8406944082094643,3.0012923000762632,726.05084296367,725.6766211828217,726.6127870883793,0.9361659055575728,0.75,0.011283779269315229,2
2020-02-17,2020-02-16,2020-02-19,4.1741380368253855,29.75324276702246,627.0114123881422,626.7574920300394,627.5074535999447,0.7499615699052811,0.75,0.025004643107274425,2
2020-02-17,2020-02-16,2020-02-19,0.7896999194692761,0.5215672013549866,27.33288487582921,27.085470030084252,27.820933796931058,0.7354637668468058,0.75,0.007253272568311928,2
2020-02-17,2020-02-16,2020-02-19,0.2779128762405064,0.33439681263097915,24.72514909286184,24.202802890446037,25.193466255441308,0.990663364995271,0.5,0.0070128963725948614,2
2020-02-17,2020-02-16,2020-02-19,6.956936382197876,0.7748518511883662,33.349291136042126,20.230239662807435,103.6264299317263,83.39619026891887,0.75,0.035972629480147934,2
2020-02-20,2020-02-19,2020-02-22,0.2933086336104254,1.982405795745446,661.3536738816549,660.9857199825346,661.9871460632421,1.0014260807074606,0.75,0.009223683473835207,2
2020-02-20,2020-02-19,2020-02-22,4.543007475036861,1.8116531400639153,686.5367093110483,680.7839782312512,691.6059628333896,10.8219846021384,1.0,0.01753449359367208,2
2020-02-22,2020-02-22,2020-02-23,0.5405842057160715,2.2232760234724323,72.43657933792903,70.38522949069738,75.14292611647397,4.757696625776589,0.75,0.008109627948220415,2
2020-02-23,2020-02-23,2020-02-24,0.45494029350123527,37.73220894125213,1158.678278449428,1158.4311970593408,1159.1978211360984,0.76662407675758,0.75,0.011936046315941811,2
2020-02-23,2020-02-23,2020-02-24,0.2988584529827036,35.753266851625916,1251.2298992628912,1250.9581342819147,1251.71347920876,0.7553449268452823,0.75,0.011017073633458593,2
2020-02-23,2020-02-23,2020-02-24,0.6818513166583772,34.531687224563875,1311.1662222408213,1310.8015719656833,1311.8211829210632,1.0196109553799033,1.25,0.0145090991073242,2
2020-02-24,2020-02-24,2020-02-25,1.3267294763259592,1.6333661539197255,23.247904594847704,22.88057799357921,23.878107072785497,0.9975290792062879,1.25,0.015374190792810487,2
2020-02-24,2020-02-24,2020-02-25,0.18464825358630368,33.746662518143395,304.03278632687005,303.7809450174682,304.55984685663134,0.7789018391631544,0.75,0.010565632346819334,2
2020-02-24,2020-02-24,2020-02-25,0.3906739365518458,5.971762004092621,1478.146107283882,1477.885409925133,1478.6412326917052,0.755822766572237,0.75,0.014060209915534604,2
2020-02-26,2020-02-25,2020-02-28,3.5446939039349994,1.7429371916342828,17.891135974563305,17.34561189636588,18.598093270789832,1.252481374423951,2.0,0.04249880028378199,2
2020-02-26,2020-02-25,2020-02-28,0.5320496243486765,1.2383221560592583,21.79633154663929,21.556085699237883,22.309402031823993,0.7533163325861096,1.0,0.011541098148370895,2
2020-02-26,2020-02-25,2020-02-28,1.1088770988207193,34.99997720968689,1291.4489347805388,1291.1639312496409,1291.9221074511297,0.7581762014888227,0.75,0.011781072912042516,2
2020-03-01,2020-02-28,2020-03-04,0.21531746987492884,1.7305183074151367,686.0799067666903,685.8319936334155,686.5895641995594,0.7575705661438406,0.75,0.00480358744169008,3
2020-03-01,2020-02-28,2020-03-04,3.1117660727899894,5.254941617500469,607.1229363080993,606.8767945254222,607.6265185805969,0.7497240551747382,0.75,0.016035441288341914,3
2020-03-11,2020-03-04,2020-03-19,0.22191932028867434,5.755524910847821,1055.1332626815333,1054.8576391483657,1055.6124716531485,0.7548325047828257,0.75,0.005197060252701452,3
2020-03-11,2020-03-04,2020-03-19,0.2685274299922598,1.9562029308097408,134.54082342117286,133.99969207216054,135.3429395663552,1.3432474941946566,0.75,0.00469137170922006,3
2020-03-11,2020-03-04,2020-03-19,0.37241445677594137,7.871688728010488,337.6960637258588,337.4367114198394,338.19811392202973,0.7614025021903217,2.0,0.0027984310919529813,3
2020-03-11,2020-03-04,2020-03-19,3.73266958177499,29.50522454617259,626.2655980290197,626.0110425832681,626.7610037121922,0.749961128924042,0.75,0.015248370922248974,3
2020-03-11,2020-03-04,2020-03-19,0.700555804180074,8.006482533444563,825.4303862958335,824.6653239587322,826.5984144289978,1.933090470265597,1.25,0.006726616234896077,3
2020-03-11,2020-03-04,2020-03-19,0.5740647757480936,21.402961566496824,845.8559794755682,845.5281706294045,846.4614243558608,0.9332537264563143,1.5,0.006542848523064152,3
2020-03-11,2020-03-04,2020-03-19,7.5843631886027385,11.869529589967058,855.7831799062118,854.576468102634,858.2963062399067,3.7198381372727454,5.5,0.014046632508315296,3
2020-03-11,2020-03-04,2020-03-19,0.43735669677686123,10.000114486046877,1044.913676674992,1044.5379870044999,1045.5427264142781,1.0047394097782671,1.25,0.0024164429422464328,3
2020-03-11,2020-03-04,2020-03-19,0.3399154844519295,29.87332411666553,715.8720158192157,715.3686138489284,716.6160427699797,1.2474289210513234,1.0,0.003256786998678766,3
2020-03-26,2020-03-19,2020-04-02,0.28759780577792987,40.50393747574778,1340.9041417056842,1340.70339432545,1341.477005543653,0.7736112182028592,0.75,0.01399004841048899,3
2020-03-26,2020-03-19,2020-04-02,0.4369451747624354,39.20346963017511,1335.5908021700934,1335.212743842043,1336.245065591298,1.0323217492550611,1.25,0.01999455170558972,3
2020-03-26,2020-03-19,2020-04-02,2.2076002790355704,38.43677562585342,1291.6964318422138,1291.1639312496409,1292.934751699213,1.7708204495720565,2.25,0.04545419177446668,3
2020-03-26,2020-03-19,2020-04-02,0.3640342118997322,37.12562461701683,1271.4798893771642,1271.2351899063215,1271.9908826365136,0.755692730192095,1.0,0.03352593868017348,3
2020-03-26,2020-03-19,2020-04-02,0.2784169875610229,40.768696341112715,1127.4267500233234,1127.230367930606,1127.9961832524277,0.7658153218217194,0.75,0.028209759095538224,3
2020-03-26,2020-03-19,2020-04-02,0.3672014459535551,39.71980632729977,1095.8502358987175,1095.5287906886078,1096.290031846147,0.7612411575391889,0.75,0.02896285499204668,3
2020-03-26,2020-03-19,2020-04-02,0.2174434991011848,24.998247773116688,1024.9671815604875,1024.7270524920896,1025.4794439845718,0.7523914924822748,0.75,0.0060843474723920295,3
2020-03-26,2020-03-19,2020-04-02,0.5741090247502565,34.48454925124539,936.7098666511099,936.4480117438361,937.2014636639506,0.7534519201144576,0.75,0.05092573681579328,3
2020-03-26,2020-03-19,2020-04-02,0.2447532530961498,14.370681221782059,1189.834185971607,1189.5813244548626,1190.344167722389,0.7628432675264776,1.0,0.0023160345173981354,3
2020-04-05,2020-04-02,2020-04-08,0.35083617595160776,1.9505773555211807,660.5085659738559,660.121625166852,661.1244439226575,1.0028187558054924,0.75,0.008128182925218174,4
2020-04-05,2020-04-02,2020-04-08,1.561122798036612,16.070362587062093,1265.6216695954708,1264.8003393826075,1266.6887470423244,1.8884076597169042,3.0,0.007373397825172693,4
2020-04-05,2020-04-02,2020-04-08,0.2483666278716383,18.125266321345418,1226.3639459983197,1226.1083270334639,1226.8651196644641,0.7567926310002804,1.0,0.0037257229377191128,4
2020-04-05,2020-04-02,2020-04-08,3.305485812421426,20.236614669212813,1227.859411652838,1225.539612785913,1229.86782268947,4.3282099035568535,3.0,0.008831441220869686,4
2020-04-05,2020-04-02,2020-04-08,13.050120723586938,18.761137107685588,1010.0042525133124,1008.4662173516117,1012.4701691120863,4.0039517604745924,5.75,0.0431573326716786,4
2020-04-05,2020-04-02,2020-04-08,1.3199968301419507,16.112777242389228,822.697434105473,820.6942888959311,827.5008815880865,6.806592692155391,2.0,0.007205732415574885,4
2020-04-05,2020-04-02,2020-04-08,0.24397527632981397,1.7151495927374873,669.1526775758011,668.9019246776588,669.655272396747,0.7533477190881968,0.75,0.00399255261420194,4
2020-04-05,2020-04-02,2020-04-08,0.3604843467162528,1.961804099284356,624.1768144694792,623.9266232606024,624.6765189850703,0.7498957244679332,0.75,0.007572867345118629,4
2020-04-05,2020-04-02,2020-04-08,0.3852948818209162,0.5418897394679579,17.803177030926282,17.577073462307453,18.34163429448381,0.7645608321763575,0.75,0.01466645577951199,4
2020-04-05,2020-04-02,2020-04-08,0.6806491663136971,2.1955397221733386,614.5024984775424,613.8427298273891,615.4113016715273,1.568571844138205,0.75,0.010364147225318114,4
2020-04-05,2020-04-02,2020-04-08,0.01988586664203298,2.5,606.1371506620198,606.1371506620198,606.3889230783097,0.2517724162898958,0.25,0.002444423130984094,4
2020-04-05,2020-04-02,2020-04-08,0.22719923963068972,2.1796298174006683,605.8593280290702,605.6392001421191,606.3889230783097,0.7497229361906648,0.75,0.007230426582884469,4
2020-04-05,2020-04-02,2020-04-08,2.0476445422337943,2.236661276637655,599.5062924295706,596.1807889183983,603.1443371241912,6.963548205792904,0.75,0.016477260398919908,4
2020-04-05,2020-04-02,2020-04-08,0.1919405898517242,5.750000000000001,20.555169028695673,20.555169028695673,20.80694144498557,0.2517724162898958,0.25,0.0067544182178191714,4
2020-04-05,2020-04-02,2020-04-08,1.527225670541838,6.015197977710636,20.53200009764813,20.338197982870042,21.023958360310644,0.6857603774406016,0.75,0.049327489526523216,4
2020-04-05,2020-04-02,2020-04-08,0.9474926794427059,0.28404821419235465,88.61183506999488,18.089861878193915,103.6264299317263,85.53656805353239,1.0,0.020642260435064754,4
2020-04-05,2020-04-02,2020-04-08,0.9255569447303448,2.205220963966525,621.4765068182539,620.2283756751567,622.9690968357027,2.740721160545945,0.75,0.009593886357165519,4
2020-04-12,2020-04-08,2020-04-16,0.2501504983841563,6.749164241040783,1036.8792800491701,1036.5062699043192,1037.5103958426043,1.0041259382851422,0.75,0.0027605879148230547,4
2020-04-12,2020-04-08,2020-04-16,0.5111433870465246,6.2004998386227035,1062.1941224153004,1061.9104867572896,1062.665605921764,0.7551191644743085,1.0,0.008750574235995309,4
2020-04-12,2020-04-08,2020-04-16,0.9201602029871707,13.803323963056094,1138.725281703166,1137.8300848226063,1139.625831172336,1.7957463497295976,1.75,0.005348494395330917,4
2020-04-12,2020-04-08,2020-04-16,0.17967650368182708,5.996121679290797,1086.3075584378864,1086.0578900510445,1086.8174145631492,0.7595245121046901,0.75,0.002024133862100449,4
2020-04-12,2020-04-08,2020-04-16,5.0024856516262,11.374076363132616,1098.896032509173,1097.3126554260962,1101.642842289526,4.330186863429844,4.25,0.012306835402609514,4
2020-04-12,2020-04-08,2020-04-16,0.25520741030844285,10.497483890412134,1122.4207888225578,1122.015768990852,1123.036601735279,1.0208327444270253,0.75,0.0026303963742526173,4
2020-04-12,2020-04-08,2020-04-16,2.974714072698105,19.107528930426163,1146.0908247689522,1145.0357949514873,1147.88995366171,2.8541587102226913,3.5,0.013680012499783116,4
2020-04-12,2020-04-08,2020-04-16,21.15232249427328,16.96607582674538,823.1460967837604,815.2645804747008,830.1452250597067,14.880644585005939,5.5,0.02929549021381564,4
2020-04-12,2020-04-08,2020-04-16,0.7440723374409317,13.265214466235156,1171.2047117227746,1170.441540607717,1172.234743528068,1.7932029203511775,2.25,0.006540260787051575,4
2020-04-12,2020-04-08,2020-04-16,0.1987475718416419,11.75068201072025,1236.5078726471675,1236.2371573853306,1236.993050226476,0.7558928411453962,0.75,0.0030643927185338006,4
2020-04-12,2020-04-08,2020-04-16,0.9749006246800239,12.391167317177324,1249.277227635621,1248.943898417987,1249.9510951219127,1.0071967039257288,2.5,0.007258089752857269,4
2020-04-12,2020-04-08,2020-04-16,1.9151378525162959,10.58613679486942,1290.4603471609719,1289.1385289300233,1291.9221074511297,2.783578521106392,2.25,0.007450873272018262,4
2020-04-12,2020-04-08,2020-04-16,1.4120725205033287,11.99597058898258,1354.0876418562202,1352.095774045214,1355.8422775515355,3.74650350632146,2.75,0.00943185318923336,4
2020-04-12,2020-04-08,2020-04-16,0.38516710731964904,16.342790666891098,1385.1011773723144,1384.607935690321,1385.9317482821643,1.323812591843307,1.25,0.007979027472201814,4
2020-04-12,2020-04-08,2020-04-16,1.5721074397300279,16.470858723888554,1386.5337537435987,1384.8746803011745,1388.3570549809374,3.48237467976287,2.25,0.01300143852322512,4
2020-04-12,2020-04-08,2020-04-16,0.25242828343433094,9.621762433859796,1035.0030822812967,1034.7478477139957,1035.500784823671,0.7529371096752584,1.0,0.0027080073513097917,4
2020-04-12,2020-04-08,2020-04-16,0.5700087850647676,17.293451108372327,1163.6524887437472,1163.3193623027764,1164.3433054159395,1.0239431131631136,1.75,0.005340305838151574,4
2020-04-12,2020-04-08,2020-04-16,0.18252260201867215,20.746063267056417,1007.7197172338119,1007.465748179704,1008.2177934856154,0.7520453059114516,0.75,0.004996365333299034,4
2020-04-12,2020-04-08,2020-04-16,0.5618957966084501,6.340174624452911,614.7722066416121,614.4125491725281,615.4113016715273,0.998752498999238,1.5,0.004356349467461247,4
2020-04-12,2020-04-08,2020-04-16,0.18216464458581202,12.245790856344389,856.1307933573759,855.8717948524281,856.641990067903,0.7701952154748142,0.75,0.0032929421446783427,4
2020-04-12,2020-04-08,2020-04-16,3.5989771698629744,7.229583411597344,1049.5256710679967,1048.8131370488554,1050.3207172341645,1.5075801853090525,1.75,0.0233301593705327,4
2020-04-12,2020-04-08,2020-04-16,1.023216317853992,1.3017879013620026,98.54132922157044,98.25834128959104,98.98710175603628,0.7287604664452374,1.0,0.016427634769189764,4
2020-04-12,2020-04-08,2020-04-16,0.3980761714769768,1.4025223179944408,68.4540459387662,17.661847083363682,98.51011370588094,80.84826662251726,1.0,0.013174591733986244,4
2020-04-12,2020-04-08,2020-04-16,4.463171511864104,9.621620534373893,22.0649628632487,21.806834855116904,22.560242858249694,0.7534080031327903,1.0,0.011169674086248131,4
2020-04-12,2020-04-08,2020-04-16,1.0604973925099097,11.997210287106727,282.12860210476134,272.3476012176834,296.6811877428554,24.333586525171995,1.25,0.007352600737650082,4
2020-04-12,2020-04-08,2020-04-16,0.807895449051443,6.843814307369915,513.2527400758319,512.5638998565264,514.3095792802051,1.7456794236786664,1.75,0.00398172426615366,4
2020-04-12,2020-04-08,2020-04-16,0.37405909714225116,13.871077972670516,546.8854759814324,546.50768337911,547.506342260167,0.9986588810570538,1.0,0.004825660107674853,4
2020-04-12,2020-04-08,2020-04-16,3.3348720594197423,5.413967848448179,145.25345921023668,143.94476664066315,146.85928501049057,2.9145183698274195,4.0,0.00973568941344299,4
2020-04-12,2020-04-08,2020-04-16,0.4322429472295971,15.120537646997663,606.0277104468072,605.6392001421191,606.6378983375616,0.9986981954425573,1.0,0.006221106835154592,4
2020-04-12,2020-04-08,2020-04-16,0.9290475804528918,13.718225505936031,676.8282676072015,675.786681280937,677.7973800282925,2.010698747355491,2.0,0.005701172143686597,4
2020-04-12,2020-04-08,2020-04-16,0.1233404113576326,17.257543808438044,729.6270078493783,729.4913942948915,730.005959731061,0.5145654361695051,0.75,0.0023827622777746497,4
2020-04-12,2020-04-08,2020-04-16,1.0439710511046412,18.550639945332037,830.9786017139434,829.1053439285606,834.4828239260241,5.377479997463524,1.75,0.007107380626515489,4
2020-04-12,2020-04-08,2020-04-16,3.249729929630571,17.622958958344128,843.634926296752,841.9022257239558,846.8021650044248,4.8999392804689705,3.25,0.012725091014875083,4
2020-04-12,2020-04-08,2020-04-16,4.633878434386292,17.211553400495323,854.8158717816783,852.5042388932779,856.7737253410742,4.2694864477962255,6.5,0.01604887050335753,4
2020-04-12,2020-04-08,2020-04-16,0.188240605365032,11.497640644315423,555.9692349505241,555.7204781840555,556.4701722078025,0.7496940237469971,0.75,0.003339317394143323,4
2020-04-12,2020-04-08,2020-04-16,3.720680242254369,23.504480370171773,1008.44503426029,1006.7154876058921,1010.2186234830879,3.5031358771957457,3.25,0.015569209857018953,4
2020-04-19,2020-04-16,2020-04-23,79.89955005889765,18.93339572038429,1166.0121434246698,1159.2029370586388,1174.2896066126414,15.086669554002583,8.0,0.052060363857886455,4
2020-05-07,2020-04-23,2020-05-22,2.887300892770895,6.102049743196226,20.31869585448315,20.12127267755568,20.80694144498557,0.6856687674298882,1.0,0.012667961044500999,5
2020-05-07,2020-04-23,2020-05-22,1.404457097284704,13.990730678151207,575.7071725478506,575.3431569240056,576.3418086869642,0.998651762958616,2.25,0.014274816612539976,5
2020-05-07,2020-04-23,2020-05-22,0.5004417375490186,13.8722990114078,1035.8826929057605,1035.502916694153,1036.5069982386194,1.0040815444663167,1.5,0.006481220262760267,5
2020-05-07,2020-04-23,2020-05-22,0.545270193928059,22.908313186129458,1194.0369315753535,1193.6678521884605,1194.6861407258548,1.0182885373942554,1.5,0.005226317426789285,5
2020-05-07,2020-04-23,2020-05-22,0.2106744088599187,24.25317644345293,1201.8108664521026,1201.571684491355,1202.3327382123098,0.7610537209548056,0.75,0.006370975111429219,5
2020-06-04,2020-05-29,2020-06-10,0.2501631499480748,17.884801869851625,1249.185185135528,1248.943898417987,1249.6992870257236,0.7553886077366769,1.0,0.0039595667179256324,6
2020-06-04,2020-05-29,2020-06-10,1.593904259011701,13.283012886696357,1021.2966705344645,1019.9713690136559,1023.226903822273,3.255534808617085,2.0,0.007233445295590696,6
2020-06-04,2020-05-29,2020-06-10,23.236272933651602,22.287754164335222,1021.604264309459,1018.4701389330439,1024.4782821922563,6.008143259212375,10.0,0.03425012209015649,6
2020-06-04,2020-05-29,2020-06-10,0.4994682595014337,21.752400653843353,888.2315791953484,887.8285013502464,888.8440094208345,1.0155080705881119,1.25,0.006304676451895675,6
2020-06-04,2020-05-29,2020-06-10,1.3464802670666522,12.080308829618817,449.35554715948,448.5277084549889,450.273378173355,1.7456697183661163,2.75,0.00942831533485154,6
2020-06-04,2020-05-29,2020-06-10,0.12366519777464657,20.7467726854901,1017.5917384426671,1017.4690231187269,1017.9710732325912,0.502050113864243,0.75,0.0016401462900507285,6
2020-06-14,2020-06-10,2020-06-19,1.19821979960327,14.095946881982952,1167.0409599545674,1166.3444108814,1168.1246528672054,1.7802419858053327,2.25,0.00626213309640655,6
2020-06-14,2020-06-10,2020-06-19,23.2700808078248,19.72857680534058,1170.9835936407878,1166.8585511809215,1175.3169607878663,8.45840960694477,6.75,0.03655144571756214,6
2020-06-21,2020-06-19,2020-06-24,1.7723512950416807,6.2902151396459764,20.28856936887163,20.12127267755568,20.80694144498557,0.6856687674298882,1.0,0.011062580833021566,6
2020-06-21,2020-06-19,2020-06-24,0.2599241776983219,6.626390903521242,20.77218594402075,20.772185944020748,21.023958360310644,0.2517724162898958,0.5,0.022607180256686028,6
2020-06-21,2020-06-19,2020-06-24,3.2680317701155173,6.782164229827923,20.582488360452867,20.338197982870042,21.023958360310644,0.6857603774406016,1.5,0.039047448880203235,6
2020-06-21,2020-06-19,2020-06-24,0.2417299699213407,1.7171671459505289,640.3757383870665,640.1335795121267,640.8839068049565,0.750327292829752,0.75,0.0064872595640234005,6
2020-06-21,2020-06-19,2020-06-24,5.200760331926947,19.758758205552095,1093.848148327808,1092.1482725017704,1096.290031846147,4.141759344376624,4.25,0.014810924419605244,6
2020-06-21,2020-06-19,2020-06-24,1.3406509803122924,39.743378572458106,1295.4525665447015,1295.2144385315478,1295.9725766074844,0.7581380759365857,0.75,0.02918181929018088,6
2020-06-28,2020-06-24,2020-07-02,0.505417704641468,41.51175832886557,1286.0975395086737,1285.7774325846694,1286.5344488155097,0.757016230840236,0.75,0.02609144908799128,6
2020-06-28,2020-06-24,2020-07-02,0.20412933312604659,35.98702605581058,1252.4582343702093,1252.2170323180035,1252.9723583701998,0.7553260521963239,0.75,0.007502000989180136,6
2020-06-28,2020-06-24,2020-07-02,4.281456910472411,16.197818991040773,1247.675456994063,1246.4368985597976,1248.9438945073634,2.5069959475658834,3.5,0.02005755027481509,6
2020-06-28,2020-06-24,2020-07-02,0.10821323221279086,2.910475400806062,713.5305820037612,713.5305820037611,713.782354420051,0.2517724162898958,0.75,0.006975174891277777,6
2020-06-28,2020-06-24,2020-07-02,0.3320097676373227,2.9382810781912347,715.2043026964348,715.0738181089982,715.5861930120736,0.512374903075397,0.75,0.010108117055679367,6
2020-07-05,2020-07-02,2020-07-08,1.8862480377797992,0.2516605901411425,104.45156262543554,101.88547152839601,106.67224304331467,4.786771514918655,0.75,0.04308550259745344,7
2020-07-05,2020-07-02,2020-07-08,0.9549524443649592,3.0933752412472266,136.02123771499808,119.90188165195286,182.1950323167257,62.29315066477284,1.0,0.007967345612094293,7
2020-07-05,2020-07-02,2020-07-08,0.2433941855930169,2.2288768344189593,585.4651697260044,585.2217711177655,585.971460705623,0.7496895878575742,0.75,0.0036934639335811695,7
2020-07-05,2020-07-02,2020-07-08,0.8355809104346164,2.240108513045927,599.180425383628,595.7874380433932,601.6507362998091,5.863298256415874,0.75,0.010207297970739168,7
2020-07-05,2020-07-02,2020-07-08,0.8510676205899202,2.2216371768496352,622.7333674780517,621.4727438399568,624.1937331664376,2.720989326480776,0.75,0.00693398355516601,7
2020-07-05,2020-07-02,2020-07-08,0.883656790382068,2.0517822986674883,661.5407431444676,660.7350778467953,662.7390750884078,2.003997241612524,1.0,0.017373119787253817,7
2020-07-05,2020-07-02,2020-07-08,1.1862684147744051,37.47141955202927,1158.4943713132639,1158.1737712374888,1159.1978211360984,1.024049898609519,1.25,0.0378832284177879,7
2020-07-05,2020-07-02,2020-07-08,4.18171959665402,14.696347927022824,1199.217349277867,1197.272774791345,1201.569127886556,4.296353095211089,3.0,0.013115033474907353,7
2020-07-05,2020-07-02,2020-07-08,1.2810180540829894,19.30252499754324,1224.6585058588462,1224.3285176497884,1225.3393896617927,1.0108720120042562,3.5,0.008431850322866636,7
2020-07-05,2020-07-02,2020-07-08,0.24636579247938248,42.75020221746847,1261.7592319547794,1261.527586562559,1262.282855309546,0.7552687469869852,0.75,0.02452063236320974,7
2020-07-15,2020-07-08,2020-07-23,1.004656914187182,31.252672236370984,1170.9417489042564,1170.6985294050537,1171.464279445354,0.7657500403001904,0.75,0.013615147459131494,7
2020-07-15,2020-07-08,2020-07-23,0.8286636521263638,31.490278483231773,1171.8980536481474,1171.469013594091,1172.4917222736403,1.022708679549396,0.75,0.02124818834235194,7
2020-07-15,2020-07-08,2020-07-23,0.2670096199806562,16.74583429492944,1163.6954541839784,1163.3193623027764,1164.3433054159395,1.0239431131631136,0.75,0.005457115997898727,7
2020-07-15,2020-07-08,2020-07-23,0.18601890262058587,5.75,20.555169028695673,20.555169028695673,20.80694144498557,0.2517724162898958,0.25,0.0025488411866601435,7
2020-07-15,2020-07-08,2020-07-23,2.2457249801153725,6.123346455092892,20.308068814658416,20.12127267755568,20.80694144498557,0.6856687674298882,1.0,0.00980764329381301,7
2020-07-15,2020-07-08,2020-07-23,0.5665224924164013,27.239359621285324,307.1851700707766,306.9433484207839,307.7224579676986,0.7791095469146967,0.75,0.015393866590589337,7
2020-07-27,2020-07-23,2020-07-31,0.6365475769004856,28.77897927660492,634.680005063277,634.4199794530869,635.1702938461676,0.750314393080771,0.75,0.016184607058537012,7
2020-07-27,2020-07-23,2020-07-31,0.6033836736250521,15.259247483042246,207.6331697143955,207.1504186685197,208.5532452990301,1.4028266305103898,1.0,0.014507179174153577,7
2020-07-27,2020-07-23,2020-07-31,12.7127383214153,11.877577771957387,26.331787347146058,25.918528988491744,26.987787570804358,1.0692585823126137,1.0,0.010459668355701918,7
2020-07-27,2020-07-23,2020-07-31,0.9515858065574349,15.00538126587905,18.1154472926568,17.833445956464857,18.598093270789832,0.764647314324975,0.75,0.01011630514389604,7
2020-08-02,2020-07-31,2020-08-05,1.7749873522402357,36.24109667881447,394.26011322887274,393.99825956486166,394.74876670492813,0.7505071400664747,0.75,0.005619749907011044,8
2020-08-09,2020-08-05,2020-08-14,1.6767658971972215,29.50512070659276,634.6666480078223,634.4199794530869,635.1702938461676,0.750314393080771,0.75,0.007546734400337753,8
2020-08-09,2020-08-05,2020-08-14,0.9960045662720677,2.992167584993497,718.0498058584972,717.6925297467969,718.7261257697828,1.0335960229858756,0.75,0.01007416228252702,8
2020-08-09,2020-08-05,2020-08-14,0.42097934169893203,23.46437551994153,1094.613552636352,1094.2140080998652,1095.228488090448,1.0144799905829132,1.25,0.003934053741794381,8
2020-08-09,2020-08-05,2020-08-14,0.20203767083461419,41.24217259955774,1113.9758928012477,1113.7301290598698,1114.4930786956102,0.7629496357403696,0.75,0.016582246133907887,8
2020-08-09,2020-08-05,2020-08-14,1.1436245876515119,43.25110984645428,1241.4971070383458,1241.257438769564,1242.0132582504302,0.7558194808661938,0.75,0.011127731002976494,8
2020-08-09,2020-08-05,2020-08-14,0.34820496537206613,33.74882281624256,1329.787493500845,1329.3954265965149,1330.4229062562808,1.0274796597659588,0.75,0.019171689170603717,8
2020-08-17,2020-08-14,2020-08-20,5.42833225767685,5.724109942395744,20.349455312419742,20.12127267755568,21.023958360310644,0.9026856827549636,2.25,0.044233320621525914,8
2020-08-17,2020-08-14,2020-08-20,1.607213767197138,4.627309581313671,20.446071579284315,20.338197982870042,20.80694144498557,0.4687434621155262,0.5,0.008392455582743303,8
2020-08-17,2020-08-14,2020-08-20,0.7723477645385766,39.73697024669596,1206.9153329982967,1206.661189749837,1207.4207520699129,0.7595623200759292,0.75,0.009303637857353934,8
2020-09-03,2020-08-20,2020-09-18,1.7318513100434962,23.938959518584927,1096.753568969807,1095.5287906886078,1098.3286536931992,2.799863004591316,1.75,0.016776610526229155,9
2020-09-03,2020-08-20,2020-09-18,1.2693519274017808,11.63873255685028,1247.956548151486,1247.4331237599254,1248.9438945073634,1.5107707474380732,2.5,0.010196053183840006,9
2020-10-04,2020-09-18,2020-10-20,0.6149461330138531,16.315709272781746,1246.1540137154318,1245.9332335782237,1246.6886709760875,0.7554373978637159,2.25,0.00828679454151065,10
2020-10-04,2020-09-18,2020-10-20,0.27699812410902114,20.01697765391057,1126.5836412040894,1126.202839021571,1127.2256863215007,1.0228472999297082,0.75,0.003871748064913807,10
2020-10-04,2020-09-18,2020-10-20,0.771590810769001,0.9565342751961408,22.074173229301824,21.806834855116904,22.560242858249694,0.7534080031327903,0.75,0.0366213399138859,10
2020-10-04,2020-09-18,2020-10-20,1.2511408508729083,3.0178370284137763,697.937191328503,697.6764761842787,698.4416517233476,0.7651755390688777,0.75,0.009188995243067117,10
2020-10-30,2020-10-20,2020-11-09,0.369002688762797,42.23406071321353,1252.3604401525731,1251.965255479794,1252.9723583701998,1.007102890405804,0.75,0.010904488827367352,10
2020-10-30,2020-10-20,2020-11-09,0.2293245135396968,40.74301242917942,1227.1293556182416,1226.8658573143184,1227.5959381316788,0.730080817360431,0.75,0.011984538931861447,10
2020-10-30,2020-10-20,2020-11-09,0.3002326897739178,42.47647144409136,1261.7326249584028,1261.527586562559,1262.282855309546,0.7552687469869852,0.75,0.018933328576441935,10
2020-10-30,2020-10-20,2020-11-09,0.3167619895050781,2.3321967076885843,662.9769842350214,662.7354528205469,663.4885163693689,0.7530635488219559,1.0,0.009128334921713931,10
2020-10-30,2020-10-20,2020-11-09,0.23972302904798987,36.9931559560328,1212.9722343861538,1212.720417002216,1213.4797568554059,0.7593398531898856,0.75,0.013029656007073757,10
2020-11-10,2020-11-09,2020-11-11,0.5681783995983399,39.997103892307145,1325.4954852167048,1325.2465634820983,1326.0141014526598,0.7675379705615342,0.75,0.018998833282175318,11
2020-11-10,2020-11-09,2020-11-11,0.3142462795215094,28.0922658684098,1236.3837135462759,1235.9850971894339,1236.993050226476,1.0079530370421708,1.0,0.022557652171191225,11
2020-11-10,2020-11-09,2020-11-11,0.19311857004444052,25.0000584229233,1257.5120265355308,1257.247890909668,1258.0031966404058,0.7553057307377458,0.75,0.022074149782660726,11
2020-11-10,2020-11-09,2020-11-11,0.191238648355108,36.764032702076626,1262.5245192279813,1262.2828488848172,1263.038153284695,0.7553043998777866,0.75,0.014390730115662257,11
2020-11-10,2020-11-09,2020-11-11,0.11849983488204306,35.49984410272754,1274.8881156130412,1274.7623177706264,1275.266041050665,0.5037232800386846,0.75,0.005629408662160562,11
2020-11-10,2020-11-09,2020-11-11,0.1898520117723914,38.25666606326801,1277.0601721782798,1276.7960564494133,1277.5526189603843,0.7565625109709799,0.75,0.013149292135869803,11
2020-11-10,2020-11-09,2020-11-11,2.726039149502719,37.29513679607484,1279.659586099866,1278.5852069598623,1280.3514594738372,1.766252513974905,0.75,0.04035118010936551,11
2020-11-10,2020-11-09,2020-11-11,0.12763722235714003,35.50879195825663,1278.2010336277408,1278.080446030479,1278.5846519609913,0.5042059305123985,0.75,0.013719305006044407,11
2020-11-10,2020-11-09,2020-11-11,0.2045329243093593,41.25508364545933,1281.8768584246584,1281.6140623083338,1282.3706596917473,0.7565973834134638,0.75,0.02208828619338257,11
2020-11-10,2020-11-09,2020-11-11,5.450480677137872,8.750723348804424,1482.6518335156038,1482.4037892259657,1483.1571379713714,0.753348745405674,0.75,0.009284049286631688,11
2020-11-12,2020-11-12,2020-11-13,0.5055629143825632,40.76550358426019,1341.2693963832842,1340.9643137264065,1341.737924943678,0.7736112172715366,0.75,0.015441440039675944,11
2020-11-12,2020-11-12,2020-11-13,1.455874626627363,38.123995298748255,1329.9386469286387,1329.653995691333,1330.4229062562808,0.7689105649478734,1.0,0.0987878042879711,11
2020-12-02,2020-11-18,2020-12-17,0.06441314026808657,0.0,95.29885820171118,95.05164474621415,95.7800741493702,0.7284294031560421,0.25,0.004161900192896724,12
2020-12-02,2020-11-18,2020-12-17,0.44531906238513325,3.246718031487448,1247.6707957548733,1246.9294959479012,1248.6920798975043,1.7625839496031404,0.75,0.004891043821039398,12
2020-12-02,2020-11-18,2020-12-17,0.2568851587474947,3.2222184107332397,1244.2667975047332,1244.0294525236823,1244.7852713447064,0.7558188210241497,0.75,0.005103204877721177,12
2020-12-02,2020-11-18,2020-12-17,0.666319098638829,3.5506230177930322,1171.1614500863898,1170.1849954598583,1172.4917222736403,2.3067268137820065,1.0,0.0049858873003651785,12
2020-12-02,2020-11-18,2020-12-17,0.21487976352920882,20.23854446255031,863.5494386801022,863.2672732132487,864.034089801833,0.7668165885843337,0.75,0.005215923338173343,12
2020-12-02,2020-11-18,2020-12-17,1.1042677753094918,3.0252201562434453,740.1695213488078,737.3087361194193,746.9574176641181,9.648681544698775,1.0,0.006822565059234841,12
2020-12-02,2020-11-18,2020-12-17,7.010336682261921,30.133270840686446,626.1437272934568,625.7619481449947,626.7610037121922,0.9990555671975017,1.0,0.013303264773431505,12
2020-12-02,2020-11-18,2020-12-17,0.7443696806645701,3.485180793758063,513.6539263018847,512.5638998565264,515.0563814230263,2.4924815664999187,0.75,0.005988311420996662,12
2020-12-02,2020-11-18,2020-12-17,0.12386441269903596,0.0,10.657151896534678,10.317255140747875,11.240642132703215,0.9233869919553399,0.25,0.0008609481658162755,12
2020-12-02,2020-11-18,2020-12-17,5.939101825628288,2.5426698204235096,1120.8395805993364,1111.6837378689088,1130.3080772636458,18.624339394737035,1.25,0.008786152557910893,12
2020-12-02,2020-11-18,2020-12-17,5.341678234527858,2.8042277312630888,1096.5336760992707,1090.1182792466134,1104.7416612366214,14.623381990008056,1.5,0.015742686652022317,12
2020-12-02,2020-11-18,2020-12-17,0.19336171925547255,3.2421896362249054,1035.009215106436,1034.7478477139957,1035.500784823671,0.7529371096752584,0.75,0.002401842961925381,12
2020-12-02,2020-11-18,2020-12-17,0.992881895935928,3.23839845327925,1011.8174532556944,1008.4662173516117,1014.4712557927705,6.005038441158831,0.75,0.006755518404242786,12
2020-12-02,2020-11-18,2020-12-17,0.4765334288981301,3.244255474279012,1006.222939171654,1005.4704843945801,1007.2173932916485,1.7469088970683515,0.75,0.004955333444495037,12
2020-12-02,2020-11-18,2020-12-17,1.0621584610263823,3.3540749253714006,824.0344324559078,821.4890363486484,825.7103210971691,4.221284748520702,1.0,0.008553937250575645,12
2020-12-02,2020-11-18,2020-12-17,3.8411946970684605,1.7211191455679762,690.9273512915775,684.8226698026992,699.9302597423084,15.10758993960917,0.75,0.021077234566512705,12
2020-12-02,2020-11-18,2020-12-17,2.0264480742787643,0.24395453499834976,29.096482569386833,9.645456126891077,95.7800741493702,86.13461802247912,0.75,0.004324815948573658,12
2020-12-02,2020-11-18,2020-12-17,0.10284783613544504,2.75,1120.2205585765862,1119.7103263526224,1120.9869796433486,1.2766532907262444,0.25,0.001176875068340923,12
2021-01-06,2020-12-17,2021-01-26,0.6350618678719588,3.7841701671021215,940.2032674980071,939.4619266814552,941.4671532995999,2.005226618144661,1.0,0.008123479229638951,1
2021-01-06,2020-12-17,2021-01-26,0.8309465355679685,44.77191447216425,1094.6884849621388,1094.4682439579628,1095.228488090448,0.7602441324852407,0.75,0.004794781260674463,1
2021-01-06,2020-12-17,2021-01-26,0.743799919686506,45.61251609965964,1091.876274915273,1091.6409798893146,1092.4000449180603,0.759065028745681,1.0,0.009042668572875669,1
2021-01-06,2020-12-17,2021-01-26,0.06589192555516526,38.14263064682682,1089.103227159474,1089.103227159474,1089.354999575764,0.2517724162898958,0.5,0.003990487302603645,1
2021-01-06,2020-12-17,2021-01-26,0.5475099613433738,38.90183215707554,1089.1258162126205,1088.8497458575293,1089.8627195418812,1.0129736843518913,1.0,0.008240809937949707,1
2021-01-06,2020-12-17,2021-01-26,1.9098970837850133,34.04853537345892,1096.6756378019197,1096.2941199657507,1097.3101318920963,1.0160119263455272,1.0,0.006314738514941318,1
2021-01-06,2020-12-17,2021-01-26,3.777559344737397,39.44039069266486,1090.0957130048405,1089.3570871469565,1091.1316106859595,1.7745235390029848,1.5,0.017591564474749754,1
2021-01-06,2020-12-17,2021-01-26,1.6357029490762127,3.456395307224288,996.4201766259837,992.97435860103,999.7206467818469,6.746288180816919,1.0,0.010194760722721727,1
2021-01-06,2020-12-17,2021-01-26,1156.4661689333864,31.021153743621028,1097.128507089651,1082.9514327701181,1117.9122126069851,34.960779836867005,36.0,0.14115302149315384,1
2021-01-06,2020-12-17,2021-01-26,0.2773631311695374,3.4905479750799313,1074.164925333016,1073.807694264222,1074.8168522790074,1.0091580147854984,0.75,0.005763428345005496,1
2021-01-06,2020-12-17,2021-01-26,1.3565298889490713,19.21220486761035,968.326216405414,967.4857621546835,969.4872728260234,2.001510671339929,2.25,0.011106033038164981,1
2021-01-06,2020-12-17,2021-01-26,1.0334946120335062,3.6718995639637124,959.6115925861886,957.4866178715602,961.9894659938291,4.502848122268915,1.25,0.009399484447830658,1
2021-01-06,2020-12-17,2021-01-26,0.20849619980038664,3.730923438959926,953.0213973097544,952.7494150255807,953.5300160511397,0.7806010255590081,0.75,0.004137783318633802,1
2021-01-06,2020-12-17,2021-01-26,15.843037802370116,46.06523311715371,1089.6609941740667,1087.3268991163932,1091.8927523056045,4.565853189211339,4.5,0.027953838663164237,1
2021-01-06,2020-12-17,2021-01-26,0.803632123783302,44.349662927931,1099.1559721003298,1098.840634108521,1099.8561286120676,1.0154945035465062,1.0,0.008961556789487598,1
2021-01-06,2020-12-17,2021-01-26,30.81927894304433,13.013421930241805,28.143213448219694,27.758620008360595,28.738993019796908,0.9803730114363134,2.5,0.029705080333866565,1
2021-01-06,2020-12-17,2021-01-26,1.576240095114114,35.135323233089615,1104.680579973863,1104.188002331648,1105.252026447095,1.064024115446955,1.0,0.006261372438955952,1
2021-01-06,2020-12-17,2021-01-26,0.24517232828306432,12.995674740484427,1105.9418443900458,1105.5526469093747,1106.5712576000951,1.0186106907203794,0.75,0.0019071408069120301,1
2021-01-06,2020-12-17,2021-01-26,0.033776213791850605,36.5,1105.5526469093747,1105.5526469093747,1105.8044193256646,0.2517724162898958,0.25,0.003077307247019187,1
2021-01-06,2020-12-17,2021-01-26,0.7483079048001766,30.036750839456833,1106.486629175397,1106.3194851838052,1107.0819683927111,0.7624832089059055,1.25,0.014636954275873132,1
2021-01-06,2020-12-17,2021-01-26,0.1044749153757185,28.797465675722407,1106.9780028469086,1106.8301959764212,1107.3375759413466,0.5073799649253488,0.75,0.004563589698847633,1
2021-01-06,2020-12-17,2021-01-26,0.449216625275509,13.710902352404444,1108.545508268556,1107.8520952882245,1109.3813281352632,1.5292328470386565,1.25,0.0036131280489304684,1
2021-01-06,2020-12-17,2021-01-26,0.061063497098661726,14.241672834174107,1111.6837378689088,1111.6837378689088,1111.9355102851987,0.2517724162898958,0.75,0.0015267805438734154,1
2021-01-06,2020-12-17,2021-01-26,0.1809712433325979,14.246534361961578,1114.2458402159366,1113.9857176672667,1114.7486672964878,0.7629496292211115,0.75,0.0018244100471467531,1
2021-01-06,2020-12-17,2021-01-26,0.2862194147418467,14.37578915446448,1117.2743554527735,1116.8912682817318,1117.9122126069851,1.0209443252533674,1.0,0.0027104098470677536,1
2021-01-06,2020-12-17,2021-01-26,0.6816908746860965,43.41990154262992,1173.053240873098,1172.7534595271572,1173.519171343185,0.7657118160277605,1.25,0.016038907860397907,1
2021-01-06,2020-12-17,2021-01-26,4.4317729738285925,18.075255137148996,1185.0987557866988,1183.1296537760645,1187.047794661019,3.9181408849544823,4.0,0.010160123139921987,1
2021-01-06,2020-12-17,2021-01-26,0.9832679032767943,2.6172278044379125,1196.8127218821676,1193.6678521884605,1200.2960322545841,6.628180066123605,0.5,0.007845913356272482,1
2021-01-06,2020-12-17,2021-01-26,1.3968771110336722,12.405650338996683,1246.4682822691855,1245.9332335782237,1247.181268364191,1.2480347859673202,2.5,0.012130951891184159,1
2021-01-06,2020-12-17,2021-01-26,0.7665398784396014,3.5415162077656492,933.460408641566,932.4354281323031,934.4428711221553,2.0074429898522794,1.0,0.018553245587581906,1
2021-01-06,2020-12-17,2021-01-26,0.7161222632482375,14.236280877836075,1103.5915870637357,1102.9144527381286,1104.439774747938,1.5253220098093152,1.75,0.0031289681747367513,1
2021-01-06,2020-12-17,2021-01-26,0.5950085900833767,3.6209943110833906,916.0082022442347,915.3105890639126,917.0732855536044,1.7626964896917343,1.5,0.0053175231626845535,1
2021-01-06,2020-12-17,2021-01-26,0.2544852011323153,0.766540468091432,17.870926933756593,17.594453269150108,18.34404007392004,0.7495868047699332,0.75,0.01465439593549252,1
2021-01-06,2020-12-17,2021-01-26,0.19069368696004851,3.0,910.1508315642769,910.0209254575893,910.5265132607892,0.5055878031998873,0.25,0.01031119196063159,1
2021-01-06,2020-12-17,2021-01-26,14.694311298474906,3.6299008916412445,1009.5676206621524,1001.4692885684781,1019.4727433081716,18.003454739693552,2.25,0.03774196185480481,1
2021-01-06,2020-12-17,2021-01-26,1.5892883264745463,3.699909695606291,1023.1389128211017,1021.4734727460891,1025.2291344464757,3.755661700386554,1.25,0.009208421552705574,1
2021-01-06,2020-12-17,2021-01-26,16.33324429882281,3.611060884274146,1043.969112160211,1030.4877837845124,1054.8578815218061,24.37009773729369,2.5,0.03959198957399887,1
2021-01-06,2020-12-17,2021-01-26,7.907253129891,3.8363104858533084,1061.9081328882403,1055.8708488726988,1067.7425654884428,11.871716615743935,2.5,0.03360081138420103,1
2021-01-06,2020-12-17,2021-01-26,41.06674063185837,4.103246991883587,1155.8828684021803,1119.7103263526224,1184.6626024083234,64.95227605570108,3.0,0.04031922686888835,1
2021-01-06,2020-12-17,2021-01-26,206.42720143243767,3.886818242396817,1250.2762943771047,1185.179359014146,1318.474203151185,133.29484413703904,4.25,0.07952153472609942,1
2021-01-06,2020-12-17,2021-01-26,0.2954150245882108,3.252315289282787,1258.5216057476955,1258.0030359588563,1259.2618575161323,1.258821557275951,0.75,0.004062050068106958,1
2021-01-06,2020-12-17,2021-01-26,5.849193140453918,0.5143946523909948,22.11154465070888,20.230239662807435,23.878107072785497,3.647867409978062,0.75,0.03372544665505835,1
2021-01-06,2020-12-17,2021-01-26,2.375403510280687,11.83259514718235,27.84063971583267,27.758620008360595,28.253209389280528,0.4945893809199333,0.5,0.008864650343376872,1
2021-01-06,2020-12-17,2021-01-26,2.1780246362371005,15.560158607314323,24.38931982230347,24.202802890446037,24.700824690517038,0.49802180007100105,0.75,0.00597427255451016,1
2021-01-06,2020-12-17,2021-01-26,25.32735841447826,17.203419518960153,24.17254176152911,23.129116822499782,24.947121646720916,1.8180048242211342,4.75,0.02758034366189114,1
2021-01-06,2020-12-17,2021-01-26,15.203903641550877,14.023846310048915,23.17699800456326,22.88057799357921,23.878107072785497,0.9975290792062879,2.5,0.025226145431378192,1
2021-01-06,2020-12-17,2021-01-26,1.4938022528483137,17.24847098376999,21.99883800560377,21.806834855116904,22.309402031823993,0.502567176707089,0.75,0.008971915236940626,1
2021-01-06,2020-12-17,2021-01-26,6.201021173839499,17.40416828397038,21.175865045756254,20.483116299379617,22.309402031823993,1.8262857324443758,1.0,0.02089336931044544,1
2021-01-06,2020-12-17,2021-01-26,0.444922835544997,4.8734940018965425,914.1723923815077,913.548021721188,915.0587884932756,1.5107667720876634,1.0,0.006659177058149305,1
2021-01-06,2020-12-17,2021-01-26,0.7969772752759275,3.454043254123325,302.82817941151006,301.7563341483474,304.0327174337581,2.2763832854107022,1.25,0.006493863027378439,1
2021-01-06,2020-12-17,2021-01-26,0.19343574034586172,3.7407509605672824,547.7499852523072,547.5048945168965,548.2545894682407,0.7496949513442814,0.75,0.002434428598562918,1
2021-01-06,2020-12-17,2021-01-26,0.6377736456247133,3.5783995763353356,569.476518469585,568.6345703210682,570.3800145545974,1.7454442335292697,1.0,0.007852010339944013,1
2021-01-06,2020-12-17,2021-01-26,0.2878204984801383,3.7413425498976642,573.7340217457968,573.3650155412033,574.3636688431725,0.9986533019691706,0.75,0.003535232177051322,1
2021-01-06,2020-12-17,2021-01-26,1.7763979072024998,4.517365712479644,608.8647560244513,608.6190011277795,609.3687253100798,0.7497241823002696,0.75,0.010616620782068244,1
2021-01-06,2020-12-17,2021-01-26,1.1220558741789974,4.868472221988489,614.626279765103,614.4125491725281,615.4113016715273,0.998752498999238,1.0,0.008432370871430239,1
2021-01-06,2020-12-17,2021-01-26,4.661558105003891,27.511303827565456,633.6007647177298,633.2974121640436,634.2968810824677,0.9994689184240997,0.75,0.028777164533268115,1
2021-01-06,2020-12-17,2021-01-26,5.074780779158659,3.681102884991259,821.2872641890729,815.2645804747008,827.8550962866284,12.590515811927617,1.25,0.02243103975371756,1
2021-01-06,2020-12-17,2021-01-26,0.9684862817733104,3.6354725063096724,827.8161145069224,826.9968382474035,828.8315030164085,1.8346647690050304,1.5,0.011130310297661013,1
2021-01-06,2020-12-17,2021-01-26,0.22028500259143252,3.4819235556388635,833.8761226947177,833.5353276333772,834.4828239260241,0.9474962926469743,0.75,0.00456039137343883,1
2021-01-06,2020-12-17,2021-01-26,2.4169665413635517,3.5544315709792795,843.6652440656582,839.8159004086629,846.8021650044248,6.986264595761895,1.5,0.01732752536063424,1
2021-01-06,2020-12-17,2021-01-26,4.414286309484489,3.683834868739844,855.3334891344421,852.5042388932779,858.8127186563797,6.308479763101786,1.75,0.023982205066779085,1
2021-01-06,2020-12-17,2021-01-26,2.0096824861349165,3.816801249426963,885.3199089316379,881.7101730792783,887.8165308125317,6.10635773325339,1.25,0.009758492254304817,1
2021-01-06,2020-12-17,2021-01-26,0.7333518679553079,3.4727796980661276,897.1759892160329,896.2747939713299,898.5661722207442,2.291378249414265,1.25,0.008031669469824835,1
2021-01-06,2020-12-17,2021-01-26,2.7789455350291083,3.5051644311536285,909.0855561386934,905.438269298058,913.044459996745,7.606190698686987,1.5,0.017604481582529825,1
2021-01-06,2020-12-17,2021-01-26,0.20547946270840114,3.228675471209152,491.8547992720275,491.59068084461614,492.3403793266043,0.7496984819881618,0.75,0.004864321859145112,1
2021-01-06,2020-12-17,2021-01-26,0.3191332450648004,40.74524647616478,1340.9042859910294,1340.70339432545,1341.477005543653,0.7736112182028592,0.75,0.011576587367379196,1
2021-02-01,2021-01-26,2021-02-08,0.39657113891549994,46.1437266188078,1094.6116063868074,1094.2140080998652,1095.228488090448,1.0144799905829132,1.0,0.004020370541855812,2
2021-02-01,2021-01-26,2021-02-08,3.6337138324798666,47.36938106708707,1090.7258498949354,1088.3420129856095,1093.1615742417052,4.819561256095767,3.25,0.01582463881651487,2
2021-02-01,2021-01-26,2021-02-08,1.6802613795387824,4.37468888280034,1160.173144041376,1157.6594041208737,1163.056898058392,5.397493937518448,1.5,0.006329506618379534,2
2021-02-01,2021-01-26,2021-02-08,0.1878869910063528,4.497666103076386,1005.7189961093383,1005.4704843945801,1006.2212541443296,0.7507697497494519,0.75,0.0022602094356530826,2
2021-02-01,2021-01-26,2021-02-08,0.9439324915901587,5.598713481636736,1170.3416556703514,1169.4140025302768,1171.7207860103808,2.306783480104059,1.5,0.004775550977432029,2
2021-02-01,2021-01-26,2021-02-08,1.166126117926381,4.169154116740892,1188.9219015308322,1187.3072851770557,1190.5997031475417,3.2924179704859853,1.0,0.007594105257550957,2
2021-02-01,2021-01-26,2021-02-08,0.7625112050634426,4.063731886788605,1214.1381306849566,1213.481463403441,1215.255881529767,1.7744181263260543,1.25,0.006306590288551588,2
2021-02-01,2021-01-26,2021-02-08,0.8200642393617744,6.116558906791557,1167.1034908702652,1166.3444108814,1168.381654921919,2.037244040518999,1.5,0.00745651395501197,2
2021-02-01,2021-01-26,2021-02-08,0.7742629343661896,7.32732783773543,586.7562928992558,586.1447052350268,587.881969768554,1.7372645335271955,1.5,0.005518703927413,2
2021-02-01,2021-01-26,2021-02-08,0.19336165631236843,3.493472426983403,1107.8395559029054,1107.596492884215,1108.359470100142,0.7629772159270942,0.75,0.004526188050071429,2
2021-02-01,2021-01-26,2021-02-08,1.1993009103588188,0.2659603920072343,23.202688476956197,22.057629615534097,24.947121646720916,2.889492031186819,1.0,0.026271663938635947,2
2021-02-01,2021-01-26,2021-02-08,4.45370109242536,0.30189314019687224,22.32997225677342,17.833445956464857,24.947121646720916,7.113675690256059,1.0,0.03257660441651478,2
2021-02-01,2021-01-26,2021-02-08,0.6562285637387626,3.8936264200667923,1113.0470719354407,1112.705428911373,1113.723902164027,1.0184732526540756,1.0,0.012023263055366804,2
2021-02-01,2021-01-26,2021-02-08,0.27899335756501453,11.87332404355225,502.94523627703836,502.57636392395943,503.5750263771042,0.9986624531447887,1.0,0.002774258645613675,2
2021-02-01,2021-01-26,2021-02-08,0.1987458094347279,2.8583078098283257,1107.8312853098348,1107.596492884215,1108.359470100142,0.7629772159270942,0.5,0.0046646849195260175,2
2021-02-01,2021-01-26,2021-02-08,22.360907449539692,3.733662608630083,1094.5501542657298,1084.2395079820417,1105.5072090481408,21.267701066099107,2.0,0.03643906725504566,2
2021-02-01,2021-01-26,2021-02-08,0.28503092305075023,4.500825348523427,1059.9930048705867,1059.645666132681,1060.652475060895,1.0068089282140136,0.75,0.004616783196570472,2
2021-02-01,2021-01-26,2021-02-08,0.32818691821148094,3.7482623309247662,1048.806070259561,1048.3108453303576,1049.5672627375461,1.2564174071885645,0.75,0.003969943923885457,2
2021-02-22,2021-02-08,2021-03-08,29.415646966910913,20.69839248613198,825.2125715899266,820.4298652918078,829.8825221392326,9.452656847424805,7.25,0.029991972936812255,2
2021-02-22,2021-02-08,2021-03-08,0.2098676670950218,5.007109182771267,1062.9095859636425,1062.665364379529,1063.4204783271998,0.7551139476709068,0.75,0.003196594233107483,2
2021-02-22,2021-02-08,2021-03-08,9.767860790682047,47.37796173901722,1089.347449695424,1086.3117660982534,1092.9077311307192,6.595965032465756,4.25,0.01806001128572538,2
2021-02-22,2021-02-08,2021-03-08,1.8952447474172947,45.89058414882837,1096.1983011086113,1095.2740563247353,1097.564427842386,2.290371517650783,2.0,0.012387126501325238,2
2021-02-22,2021-02-08,2021-03-08,0.7843371670023016,40.75037015339799,1265.5687647665884,1265.3387200916186,1266.094133864157,0.7554137725383043,0.75,0.018635214634730578,2
2021-02-22,2021-02-08,2021-03-08,1.1455399463084375,31.246958039210732,1170.9485594611335,1170.6985294050537,1171.464279445354,0.7657500403001904,0.75,0.010590282900600616,2
2021-02-22,2021-02-08,2021-03-08,1.1467685956999323,32.008010947833405,1249.2861848469236,1248.943898417987,1249.9510951219127,1.0071967039257288,0.75,0.015149544542967627,2
2021-02-22,2021-02-08,2021-03-08,4.008535674157267,17.370176944154807,778.6839742561712,777.0185004053637,784.4615717977285,7.4430713923648,4.0,0.01778298190565329,2
2021-02-22,2021-02-08,2021-03-08,0.7932903829548824,39.48568713351343,1296.8931841325223,1296.654311683029,1297.4131024465896,0.7587907635606825,0.75,0.06652756959198203,2
2021-02-22,2021-02-08,2021-03-08,1.3991005761850324,41.751415780622835,1128.6667252387006,1128.2578223468736,1129.2806430305354,1.0228206836618483,0.75,0.008367248839235505,2
2021-02-22,2021-02-08,2021-03-08,1.5169338435949478,2.7619809768266332,697.4220373978558,697.1639246293344,697.9282486005686,0.764323971234262,0.75,0.020383417427331872,2
2021-02-22,2021-02-08,2021-03-08,3.6114276305640294,2.2880740514359084,593.8817736841492,585.2217711177655,602.1486889924854,16.926917874719948,1.0,0.01770466138807654,2
2021-02-22,2021-02-08,2021-03-08,1.0812752888228578,32.473493350511276,303.2436442061987,302.99199171736836,303.7708864030428,0.7788946856744587,1.25,0.06055785863736211,2
2021-02-22,2021-02-08,2021-03-08,0.37065998069302525,0.0,24.675241178152657,24.449052274227142,25.193466255441308,0.7444139812141657,0.25,0.00690363604287063,2
2021-02-22,2021-02-08,2021-03-08,0.27611219991920105,0.37800724691367876,24.66427556053235,24.449052274227142,25.193466255441308,0.7444139812141657,0.5,0.01598908901804776,2
2021-02-22,2021-02-08,2021-03-08,1.164913833741945,1.2386390099965368,98.29859148034427,97.78135328413919,98.98710175603628,1.2057484718970954,0.75,0.011839475647102743,2
2021-02-22,2021-02-08,2021-03-08,3.916148541316939,3.906800345023136,1104.6865815778988,1101.3910698732361,1107.5931834788062,6.202113605570048,2.0,0.013049774505613005,2
2021-02-22,2021-02-08,2021-03-08,0.0221885142183163,3.25,1097.3126554260962,1097.3126554260962,1097.564427842386,0.2517724162898958,0.25,0.0016615802288790808,2
2021-02-22,2021-02-08,2021-03-08,4.748519101671444,4.101880178577159,1095.067882848662,1092.1482725017704,1097.8191697956063,5.670897293835878,2.5,0.013017477046536129,2
2021-02-22,2021-02-08,2021-03-08,4.2936317433207325,3.8575243984086076,1088.3760320756332,1086.0578900510445,1090.877757679671,4.819867628626525,2.0,0.013363133485797879,2
2021-02-22,2021-02-08,2021-03-08,0.8310796602330817,4.864700520650896,1056.6947572218703,1055.8708488726988,1057.6326419766992,1.7617931040003896,1.0,0.007700919477988925,2
2021-02-22,2021-02-08,2021-03-08,1.3682817441380268,31.23930969588824,660.1138017711976,659.8645305470563,660.6163410386071,0.7518104915507138,0.75,0.03366838327738339,2
2021-03-30,2021-03-08,2021-04-21,0.33742432227894914,21.59464993266841,1236.3984641195232,1235.9850971894339,1236.993050226476,1.0079530370421708,1.0,0.0031070760593798945,3
2021-03-30,2021-03-08,2021-04-21,0.1860823492694909,14.99806383394704,1333.657346702481,1333.3924263957888,1334.1646305252798,0.7722041294910014,0.75,0.0027639567081623713,3
2021-03-30,2021-03-08,2021-04-21,2.9574694875322654,34.888985240067576,1238.4078211705798,1236.2371573853306,1239.9972077808343,3.76005039550364,5.25,0.011804949677418443,3
2021-03-30,2021-03-08,2021-04-21,0.18509508668211416,7.245543962215453,1236.4958542675631,1236.2371573853306,1236.993050226476,0.7558928411453962,0.75,0.002367324495643799,3
2021-03-30,2021-03-08,2021-04-21,0.8040312460062256,21.058933925382593,1172.5555901159955,1171.7259923447855,1173.519171343185,1.7931789983995259,1.25,0.004608256048343452,3
2021-03-30,2021-03-08,2021-04-21,26.982200724982214,47.143310438958466,1091.915940965039,1085.2933233259246,1097.8191697956063,12.52584646968171,5.25,0.04248923344531577,3
2021-03-30,2021-03-08,2021-04-21,1.2693438706844598,21.64397969248846,895.380751877083,895.0051112994552,896.0176413087174,1.0125300092622638,3.0,0.007157466308624817,3
2021-03-30,2021-03-08,2021-04-21,0.9076588213149205,2.64224545581765,784.7181645366231,781.3246705639176,787.9325073724613,6.607836808543652,1.0,0.008485661913388419,3
2021-03-30,2021-03-08,2021-04-21,2.994162862425459,3.0996194241019244,644.2176201065565,642.0121195302345,646.4536968246102,4.441577294375747,2.0,0.015223540286802445,3
2021-03-30,2021-03-08,2021-04-21,0.6265305595459757,44.922887985124255,1089.3817521093079,1089.103227159474,1089.8627195418812,0.7594923824071884,1.0,0.023152203044106333,3
2021-04-27,2021-04-21,2021-05-04,0.6430473335994255,8.495298334714619,1482.684969601749,1482.4037892259657,1483.1571379713714,0.753348745405674,0.75,0.010581337906634704,4
2021-04-27,2021-04-21,2021-05-04,8.376469422940705,14.194292108151053,1116.6611846548105,1113.7301290598698,1119.705721240025,5.975592180155218,6.0,0.012005870167865088,4
2021-04-27,2021-04-21,2021-05-04,6.056077996790049,19.50332088674425,1112.8472093007372,1109.8957879147492,1115.5691199488938,5.673332034144551,2.75,0.014011846733311864,4
2021-04-27,2021-04-21,2021-05-04,1.4461937883917042,46.92249162361741,1095.063710054072,1094.2140080998652,1096.0352974757552,1.8212893758900464,2.25,0.009508705853653286,4
2021-04-27,2021-04-21,2021-05-04,2.782076891513611,48.59032363512943,1090.4504195055663,1088.8497458575293,1092.146600484848,3.2968546273186803,2.5,0.009045442956030872,4
2021-04-27,2021-04-21,2021-05-04,17.09953026478058,25.1482510750499,1115.1717497937877,1110.4069625763223,1120.4742421824485,10.067279606126249,3.25,0.026968927015515298,4
2021-04-27,2021-04-21,2021-05-04,0.59291485066951,2.8695863545231166,713.8031180477863,713.2662291997112,714.5640111230314,1.2977819233201444,1.0,0.01286102453437593,4
2021-04-27,2021-04-21,2021-05-04,3.3908461030093116,2.320180476891667,660.5306968866071,657.8771195732988,663.4885163693689,5.611396796070039,1.25,0.01961244467384635,4
2021-04-27,2021-04-21,2021-05-04,4.092560626792256,29.880887842202398,634.4159235664408,634.1707084644586,634.921022858005,0.7503143935464323,1.0,0.02720803794994894,4
2021-04-27,2021-04-21,2021-05-04,8.711003334937542,12.175826602111291,441.10600310860633,438.43544285185635,444.41357939876616,5.978136546909809,4.75,0.017574830010836595,4
2021-04-27,2021-04-21,2021-05-04,9.922666900367236,2.527297038942302,68.57435527124774,39.1661742888391,142.0009291875176,102.83475489867851,1.0,0.03849324005200468,4
2021-04-27,2021-04-21,2021-05-04,0.402765369787272,47.78191808566499,1087.470555656787,1087.073027772829,1088.086414215155,1.0133864423260093,1.25,0.0054422803638360445,4
2021-05-18,2021-05-04,2021-06-01,0.430139325748391,14.624284802847033,111.46810445236044,111.46810445236042,111.71987686865032,0.2517724162898958,0.5,0.00736563743091098,5
2021-05-18,2021-05-04,2021-06-01,3.3371678461976813,16.252693101315003,31.844600294167492,31.564536358695477,32.36748191807419,0.8029455593787134,0.75,0.011324941060778792,5
2021-05-18,2021-05-04,2021-06-01,4.336997024302504,14.36118913494172,38.6152690085062,30.184780366253108,111.71987686865032,81.53509650239721,1.0,0.028609257138932632,5
2021-05-18,2021-05-04,2021-06-01,0.751495658305927,2.7237827265200556,125.0258146030101,121.89780585002154,127.4161493522115,5.518343502189964,0.75,0.007916741726234711,5
2021-05-18,2021-05-04,2021-06-01,23.304774165586096,48.312366275330064,1089.0276048140058,1083.7104949192144,1094.465780516155,10.755285596940666,5.25,0.03202155520721175,5
2021-05-18,2021-05-04,2021-06-01,2.487316223435337,47.156196692108786,1095.274443133778,1093.924750332255,1097.564427842386,3.6396775101311505,2.25,0.014269854987492302,5
2021-05-18,2021-05-04,2021-06-01,0.2889750008950355,36.02165740480775,1204.9204180083907,1204.6266480921768,1205.3876836649142,0.7610355727374554,0.75,0.012899770230164103,5
2021-06-22,2021-06-01,2021-07-14,1.2831707082422685,42.75568460527219,1126.708745957385,1126.4598639942706,1127.2256863215007,0.7658223272301257,0.75,0.011991675605772176,6
2021-06-22,2021-06-01,2021-07-14,0.46645793739993696,14.167286753755032,966.7980732331472,966.4893967905082,967.491511200089,1.0021144095808268,1.5,0.004563515602745787,6
2021-06-22,2021-06-01,2021-07-14,52.84738322711986,17.608346682686346,1146.453746492973,1141.4321733280085,1151.7511514653452,10.318978137336671,9.0,0.041968831198065874,6
2021-06-22,2021-06-01,2021-07-14,23.54976609893288,19.992705222697,965.0018926235726,961.2373783220537,970.237208946608,8.999830624554306,6.75,0.03160636567288207,6
2021-06-22,2021-06-01,2021-07-14,0.36040019178610794,36.0145095653732,1205.8646583526663,1205.5975755010732,1206.3583263442852,0.7607508432120085,0.75,0.013253359641950093,6
2021-06-22,2021-06-01,2021-07-14,1.5117940356025978,20.771213633435202,1224.7837809511398,1224.3285176497884,1225.3393896617927,1.0108720120042562,2.75,0.010633560651630824,6
2021-06-22,2021-06-01,2021-07-14,0.9359388432591625,39.52059246579649,1296.7398020414407,1296.4008025405928,1297.4131024465896,1.0122999059967697,0.75,0.03777490554444082,6
2021-06-22,2021-06-01,2021-07-14,2.084520955673631,35.9850029559862,1145.759141107307,1144.778392556589,1146.5950348330662,1.8166422764770687,1.75,0.052349833879665984,6
2021-06-22,2021-06-01,2021-07-14,0.24877053377047134,5.493634731908546,960.8625503810698,960.4868849101476,961.4891507383436,1.0022658281959593,0.75,0.0022602748559455354,6
2021-06-22,2021-06-01,2021-07-14,0.8924433329950651,15.094472613321003,735.1925084673599,734.3751707524061,736.2224935237318,1.8473227713257074,1.5,0.004175021768400877,6
2021-06-22,2021-06-01,2021-07-14,1.4979760100793593,31.125829397925706,664.2312965227303,663.986323596444,664.7394177690148,0.7530941725708544,1.0,0.11400126093944508,6
2021-06-22,2021-06-01,2021-07-14,0.5738387470613694,1.9555044623735232,659.6237753588917,658.8443069299683,660.6163410386071,1.7720341086387634,0.75,0.008070770639316802,6
2021-06-22,2021-06-01,2021-07-14,0.28344425328329137,4.403391091010757,497.00211102503783,496.32477591512725,497.59536609519273,1.2705901800654829,1.25,0.00964572830447367,6
2021-06-22,2021-06-01,2021-07-14,9.496179659403337,6.172010152405996,497.98923617395445,493.8313741204329,502.5792850330472,8.747910912614316,2.75,0.03241788118710687,6
2021-06-22,2021-06-01,2021-07-14,0.9039036357259566,11.479298876944672,438.9547394548448,438.43544285185635,439.6830879119225,1.2476450600661337,1.75,0.007905843033785944,6
2021-06-22,2021-06-01,2021-07-14,1.8447465650527177,33.996679764270425,296.8285528736051,291.79274144303054,310.633023455739,18.840282012708485,0.75,0.016675751662736406,6
2021-06-22,2021-06-01,2021-07-14,3.0956708916476168,28.933703454817362,283.79637646217554,283.25812143133953,284.5140948514454,1.2559734201058745,1.25,0.029320084492076532,6
2021-06-22,2021-06-01,2021-07-14,11.977914088369527,0.25270201949074683,46.16246332647936,20.230239662807435,106.17535886541009,85.94511920260265,0.75,0.03277088627140615,6
2021-06-22,2021-06-01,2021-07-14,2.299693026978152,1.4102652352224077,70.72008311604525,17.443154837936163,98.98710175603628,81.54394691810012,1.0,0.02236649735938284,6
2021-07-27,2021-07-14,2021-08-09,0.7585563010052567,2.8761305684124587,697.8051183062837,697.6764761842787,698.185373254586,0.5088970703072846,0.5,0.005806364691212007,7
2021-07-27,2021-07-14,2021-08-09,1.2098117793078813,3.2088503968633852,697.5696885185167,697.4202004056424,698.185373254586,0.7651728489436209,1.0,0.01096857070036022,7
2021-07-27,2021-07-14,2021-08-09,0.5355270420193685,9.639076520257783,695.1204658084871,692.8790983939543,699.9302597423084,7.051161348354071,1.0,0.005583395920839424,7
2021-07-27,2021-07-14,2021-08-09,0.7609757709826986,0.18785669756215503,44.510841112387624,17.577073462307453,103.6264299317263,86.04935646941885,0.75,0.017279505459085878,7
2021-07-27,2021-07-14,2021-08-09,4.684220769625185,0.23174356408875474,30.711887699495833,20.230239662807435,103.6264299317263,83.39619026891887,0.75,0.024229250849587648,7
2021-07-27,2021-07-14,2021-08-09,1.4915872850160032,31.500882797641427,664.2337758719717,663.986323596444,664.7394177690148,0.7530941725708544,0.75,0.011317002460702512,7
2021-08-24,2021-08-09,2021-09-08,0.11675807330614957,26.73763853264028,1111.3537943023498,1111.1731417104602,1111.6804928043857,0.5073510939255357,0.75,0.006004624756432239,8
2021-08-24,2021-08-09,2021-09-08,0.5870782625150777,22.22941185205389,1223.270063594403,1222.5576068768278,1224.327332500834,1.7697256240062416,1.25,0.004150208015610465,8
2021-08-24,2021-08-09,2021-09-08,0.2540328919864505,18.869206794100865,1176.7443859649152,1176.4876749007963,1177.2523228758946,0.7646479750983417,1.0,0.0031882982834767304,8
2021-08-24,2021-08-09,2021-09-08,0.5152778048375253,20.404183838426775,1142.0459613322614,1141.6889539272524,1142.7129257149063,1.0239717876538634,1.5,0.0038441322601706677,8
2021-08-24,2021-08-09,2021-09-08,10.235267469489665,18.533144809467533,1109.7991596116167,1107.3414110625163,1112.7022286439314,5.360817581415176,6.25,0.017468990763789376,8
2021-08-24,2021-08-09,2021-09-08,0.5123637908913858,0.7450175734725945,17.85474483393957,17.594453269150108,18.34404007392004,0.7495868047699332,0.75,0.010768710065547577,8
2021-08-24,2021-08-09,2021-09-08,0.18110436799771118,2.9948219163227936,341.4055711643462,341.1505811950192,341.9080098234117,0.7574286283925176,0.75,0.004560147512850475,8
2021-08-24,2021-08-09,2021-09-08,3.806034867962888,0.5101358430720743,48.27373300481204,22.88057799357921,106.67224304331467,83.79166504973546,1.0,0.02659456912292956,8
2021-08-24,2021-08-09,2021-09-08,0.06392413529254753,0.75,17.85810687389897,17.594453269150108,18.34404007392004,0.7495868047699332,0.25,0.0030078351170983444,8
2021-08-24,2021-08-09,2021-09-08,12.450910114818786,28.243707721881986,1109.5640377751174,1107.0858035250567,1111.6804928043857,4.594689279329032,5.75,0.044608880934397306,8
2021-09-21,2021-09-08,2021-10-05,0.2629678544388504,11.239675231326231,1193.015299251819,1192.646214788314,1193.6645061122254,1.0182913239113986,0.75,0.0032695950726380823,9
2021-09-21,2021-09-08,2021-10-05,0.624413405297394,0.9685048299529359,27.09766535700496,26.843698393087834,27.57906341832131,0.7353650252334774,0.75,0.024213598751516647,9
2021-09-21,2021-09-08,2021-10-05,13.937137479807497,10.338101434180407,372.3845447506626,365.74138280004263,378.811871309299,13.070488509256393,3.5,0.02713099301083435,9
2021-09-21,2021-09-08,2021-10-05,0.25293277241347184,48.500656598899816,1094.5920493651117,1094.2140080998652,1095.228488090448,1.0144799905829132,0.75,0.006435880482870453,9
2021-09-21,2021-09-08,2021-10-05,3.2130648161911064,14.381084475268251,1192.2030484754853,1190.8581440146081,1193.6645061122254,2.8063620976172388,2.75,0.011236332440149498,9
2021-10-08,2021-10-05,2021-10-11,1.1241566632205204,9.405450376334988,982.9588490948488,981.7306248759851,984.4824358159676,2.7518109399825335,1.5,0.010607599816149806,10
2021-10-08,2021-10-05,2021-10-11,0.20523348105768593,43.752701864277924,1172.987388385204,1172.7534595271572,1173.519171343185,0.7657118160277605,0.75,0.016029982562864132,10
2021-10-08,2021-10-05,2021-10-11,0.3369932879022608,1.528460095238362,17.92519011866398,17.594453269150108,18.34404007392004,0.7495868047699332,0.75,0.013162851722507654,10
2021-10-08,2021-10-05,2021-10-11,0.11775565856259419,1.6358169408502232,17.59445326915011,17.594453269150108,17.846225685440004,0.2517724162898958,0.5,0.009964029213274082,10
2021-10-11,2021-10-11,2021-10-12,0.178190416994676,2.8687606323755475,700.3818690956888,699.9844096293673,701.0051212338731,1.0207116045057774,0.5,0.010594544833344781,10
2021-10-11,2021-10-11,2021-10-12,1.2766353257464234,2.7426224104973924,697.4287021326384,697.1639246293344,697.9282486005686,0.764323971234262,0.75,0.03593985086537173,10
2021-10-11,2021-10-11,2021-10-12,2.005100983475689,2.2066542091638097,688.3509561826608,686.3389499806799,691.0970803792588,4.758130398578942,0.75,0.014043134046797748,10
2021-10-11,2021-10-11,2021-10-12,1.441365611707617,2.205936581584751,684.174570617493,680.7839782312512,689.7181655028835,8.934187271632254,0.75,0.011977365678862465,10
2021-10-11,2021-10-11,2021-10-12,4.363154038289487,1.9723086338963605,667.1382896052835,662.986098414287,670.9378834692761,7.951785054989159,1.0,0.01524866261702966,10
2021-10-11,2021-10-11,2021-10-12,7.686329191850128,2.116421256533435,655.6123166126484,651.1479932405055,660.366321997717,9.218328757211566,1.25,0.024583492119484816,10
2021-10-11,2021-10-11,2021-10-12,3.2034078963349955,2.070970301888208,642.5177375562871,640.1335795121267,645.4573635035194,5.323783991392702,1.0,0.018218228035449792,10
2021-10-11,2021-10-11,2021-10-12,1.2004474819426032,2.2574794805941667,630.8466610707048,629.7437302889302,632.733818157576,2.9900878686457872,1.0,0.01575457204192858,10
2021-10-11,2021-10-11,2021-10-12,0.2732520652701479,2.199385949454708,625.2663285491378,625.0157567141578,625.7657173648477,0.7499606506898999,0.75,0.008141137550011838,10
2021-10-11,2021-10-11,2021-10-12,5.327105647072999,2.2525078022733886,613.5630642155156,609.3659287770279,617.2453529052436,7.87942412821576,1.5,0.022807592391598488,10
2021-10-11,2021-10-11,2021-10-12,0.09579040353442297,4.5,75.26395413555045,59.565864578820765,135.88867715653032,76.32281257770956,0.25,0.000705432289348559,10
2021-10-11,2021-10-11,2021-10-12,1.0756348313807156,2.2011646437866874,636.4843107381987,636.1620245575905,637.1616127043962,0.9995881468057632,1.25,0.014400754661694307,10
2021-10-11,2021-10-11,2021-10-12,0.3268871431123843,4.225932125063181,106.61702935452473,59.05205163080245,135.88867715653032,76.83662552572787,0.75,0.003631343731436546,10
2021-10-11,2021-10-11,2021-10-12,0.1869554330660802,4.134811406797254,68.31600646475017,59.565864578820765,135.88867715653032,76.32281257770956,0.5,0.004674959891623801,10
2021-10-11,2021-10-11,2021-10-12,4.874959209132229,2.32293388242215,705.9529169515534,698.1898793070577,716.6160427699797,18.426163462921977,1.0,0.020605491885892932,10
2021-10-11,2021-10-11,2021-10-12,0.07317771573776227,2.5,52.44059772678581,26.611003120895475,110.69054142944515,84.07953830854967,0.25,0.003198411228972059,10
2021-10-11,2021-10-11,2021-10-12,0.06874501057656238,2.75,26.62908309044399,26.32741540670395,27.14640532527119,0.8189899185672402,0.25,0.006483475973202546,10
2021-10-11,2021-10-11,2021-10-12,0.08862955541340982,2.3171068610671193,26.535449261813806,26.32741540670395,27.14640532527119,0.8189899185672402,0.5,0.003205501006615797,10
2021-10-11,2021-10-11,2021-10-12,23.93586866666526,3.36241501727095,56.765952031062376,28.80409801378846,128.830041653011,100.02594363922253,3.75,0.02796476174167184,10
2021-10-11,2021-10-11,2021-10-12,0.57074761122037,11.309682470975199,69.75085211118102,32.942811456508934,115.06676263501868,82.12395117850974,1.0,0.007460660053976667,10
2021-10-11,2021-10-11,2021-10-12,0.2600333210407835,3.360817407541167,54.56215451413415,29.084211147390306,111.71987686865032,82.63566572126001,0.5,0.004996838047670306,10
2021-10-11,2021-10-11,2021-10-12,0.15965801591951342,2.5,46.064995712947514,32.115709501784295,113.52078899601474,81.40507949423045,0.25,0.0024946487984503912,10
2021-10-11,2021-10-11,2021-10-12,0.08772153819406031,2.5000000000000004,49.29799534211944,28.80409801378846,111.2052091313526,82.40111111756414,0.25,0.005196754958003339,10
2021-10-16,2021-10-12,2021-10-21,0.7431392059230572,1.7043217126668029,599.8974316059422,599.1586258905008,600.9041291321628,1.745503241661936,0.75,0.011957652364070022,10
2021-10-16,2021-10-12,2021-10-21,0.22706126834656287,1.722215831047526,686.5914167875587,686.3389499806799,687.0978652904741,0.7589153097942472,0.75,0.003908087278761324,10
2021-10-16,2021-10-12,2021-10-21,1.1221512959247715,2.658728243384881,714.037936818036,712.6317086596973,715.81748662889,3.1857779691927135,1.0,0.019632626951308706,10
2021-10-16,2021-10-12,2021-10-21,1.496147387019846,2.4568718558367957,724.0158403088058,719.7850000406615,728.9453417644836,9.160341723822057,1.25,0.01735610769744007,10
2021-10-16,2021-10-12,2021-10-21,2.2065948258911168,49.44179797315656,1093.0243919896825,1092.1482725017704,1094.1765227485448,2.0282502467744052,2.25,0.01380662960688348,10
2021-10-24,2021-10-21,2021-10-27,0.8418036545325334,2.6107995706009874,1125.8831362588742,1123.809615785256,1128.2532047121786,4.44358892692253,0.5,0.0071395242658366335,10
2021-10-24,2021-10-21,2021-10-27,0.1164090537940677,48.55241768693431,1094.574110532195,1094.4682439579628,1094.9742522323504,0.5060082743875682,0.75,0.002455710359004884,10
2021-10-24,2021-10-21,2021-10-27,0.08633181739924417,2.9999999999999996,1123.435728706743,1123.0405715662055,1124.061388201546,1.0208166353404522,0.25,0.008487059422144758,10
2021-10-24,2021-10-21,2021-10-27,1.3712007935324917,19.701147191574147,1111.5387470539793,1110.6619843705557,1112.7022286439314,2.04024427337572,2.0,0.011396055497969668,10
2021-10-24,2021-10-21,2021-10-27,0.10537361701566529,48.44279135946345,1094.9137020890118,1094.7224798160605,1095.228488090448,0.5060082743875682,0.75,0.0018980724757639315,10
2021-10-24,2021-10-21,2021-10-27,0.16112326843921657,2.5952110379463584,1120.6647835382225,1120.2224697661586,1121.242753336206,1.020283570047468,0.5,0.004064301088922538,10
2021-10-24,2021-10-21,2021-10-27,0.12393547546353378,2.438724728391149,1014.7465364164337,1014.4694163813256,1015.4716128190048,1.0021964376792312,0.5,0.0038930898525775214,10
2021-10-24,2021-10-21,2021-10-27,0.3724520338090727,2.45691505101752,1111.0470821922281,1110.6619843705557,1111.6804928043857,1.018508433829993,0.75,0.008461227082435296,10
2021-10-24,2021-10-21,2021-10-27,0.5130359602997758,4.816945328850986,1089.957092301741,1089.3570871469565,1090.877757679671,1.5206705327145755,1.0,0.005187984418150634,10
2021-10-24,2021-10-21,2021-10-27,0.24578136575806955,2.452787940436661,1026.982298953192,1026.7304877447896,1027.4832383668981,0.7527506221085787,0.75,0.004103135418655325,10
2021-10-24,2021-10-21,2021-10-27,0.27300879017290774,2.0988630259211183,1014.8916609432157,1014.4694163813256,1015.4716128190048,1.0021964376792312,0.5,0.005927916063551976,10
2021-10-24,2021-10-21,2021-10-27,5.261351252200233,2.344734669759546,1122.533950260001,1115.0612865877338,1131.0784481121227,16.01716152438894,1.0,0.015737967011712317,10
2021-10-24,2021-10-21,2021-10-27,0.2917013814479348,2.7231503726723356,902.5340752641902,902.1554049141705,903.1649415213615,1.0095366071909666,0.75,0.012815789333161506,10
2021-10-30,2021-10-27,2021-11-03,0.32482814829196555,23.151846768525676,1112.104555617032,1111.6837378689088,1112.7022286439314,1.0184907750226557,1.0,0.002916434996176397,10
2021-10-30,2021-10-27,2021-11-03,0.28568433541412663,39.37336412213791,1154.4562575571863,1154.072970367968,1155.0973414895125,1.024371121544391,1.0,0.009671039157694189,10
2021-10-30,2021-10-27,2021-11-03,3.37188373759023,18.278137811659377,1178.9954249530472,1177.492144427728,1181.0752323339693,3.583087906241417,2.75,0.00776088854836666,10
2021-10-30,2021-10-27,2021-11-03,0.25633037822819993,15.625859563885207,1178.7742100393205,1178.5171052361839,1179.2815680955537,0.7644628593698144,1.0,0.002862485999592329,10
2021-11-03,2021-11-03,2021-11-04,0.233799138808209,42.731277318969255,1247.9579494824616,1247.6849376731552,1248.4402652936988,0.7553276205435395,0.75,0.02039034119219046,11
2021-11-03,2021-11-03,2021-11-04,0.2062110504070355,35.23980190162233,1178.7830612453615,1178.5171052361839,1179.2815680955537,0.7644628593698144,0.75,0.016726632236571237,11
2021-11-03,2021-11-03,2021-11-04,0.7185518670654348,37.47966247937635,1158.5159136660961,1158.1737712374888,1159.1978211360984,1.024049898609519,0.75,0.023633338109079114,11
2021-11-03,2021-11-03,2021-11-04,0.9606884494390838,37.06880875516541,1146.1783271551028,1145.8281988240778,1146.8525666440837,1.024367820005864,1.0,0.0170353372312199,11
2021-11-03,2021-11-03,2021-11-04,0.2035965197500731,37.216088823018026,1143.7468457967043,1143.7468457967043,1143.9986182129942,0.2517724162898958,0.75,0.03507138452451275,11
2021-11-03,2021-11-03,2021-11-04,1.4861855078245034,28.867934872606956,347.0659408324553,346.71524855773896,347.72631136281416,1.0110628050751984,1.0,0.021542192295224184,11
2021-11-03,2021-11-03,2021-11-04,0.6801537411415425,28.997872680076068,353.09707691706717,353.09707691706717,353.34884933335707,0.2517724162898958,0.75,0.007631205832293078,11
2021-11-03,2021-11-03,2021-11-04,1.5888117212905095,34.551710084331575,300.837151370486,292.12368234433234,310.633023455739,18.509341111406684,0.75,0.057670072805172,11
2021-11-03,2021-11-03,2021-11-04,1.3130938599183222,30.494319587184112,283.5811158480182,283.25812143133953,284.17940563801676,0.9212842066772282,0.75,0.019628177433496576,11
2021-11-03,2021-11-03,2021-11-04,0.8793458171841443,1.7006432202399244,600.8931347121862,599.9054718753323,602.3976506423205,2.492178766988218,0.75,0.016904594190549644,11
2021-11-06,2021-11-04,2021-11-08,3.7223720899487334,5.146840781701589,123.37938937909095,89.86418501334265,161.95491674123332,72.09073172789067,3.25,0.011217364776002216,11
2021-11-06,2021-11-04,2021-11-08,0.5169389362971017,4.636685893977412,1088.1752128702667,1087.3268991163932,1089.1015182738192,1.7746191574260592,1.5,0.004088156282015649,11
2021-11-06,2021-11-04,2021-11-08,0.21910091691762118,1.7251619248386065,636.6526930209277,636.4112964677624,637.1616127043962,0.7503162366338074,0.75,0.00697612547860969,11
2021-11-06,2021-11-04,2021-11-08,0.3189101117608634,4.295371134445879,596.2372433844278,595.9318280480802,596.6815222613513,0.749694213271141,0.75,0.015471012825640628,11
2021-11-06,2021-11-04,2021-11-08,1.304284091299923,3.4590775916534766,372.447384621319,370.74909956520423,374.7206686870195,3.9715691218152642,1.25,0.010338652538730989,11
2021-11-06,2021-11-04,2021-11-08,0.6533668555121075,3.5101866260409045,370.3988417085778,368.9963264754042,372.0447423774749,3.048415902070701,0.75,0.00760948113660938,11
2021-11-06,2021-11-04,2021-11-08,0.06961073002997518,3.4726054337928858,1150.727300015744,1150.7273000157438,1150.9790724320337,0.2517724162898958,0.75,0.0025036322473552357,11
2021-11-06,2021-11-04,2021-11-08,1.32272321069485,2.647724187748651,634.1637764155508,633.2974121640436,635.1702938461676,1.8728816821239889,1.25,0.015081023469341367,11
2021-11-06,2021-11-04,2021-11-08,0.19740688372489823,2.997097512176069,1134.6877913252765,1134.4264757200144,1135.1922607156448,0.7657849956303835,0.75,0.002854101416016963,11
2021-11-06,2021-11-04,2021-11-08,0.2696667001759716,2.9869687950847434,1107.9588146369983,1107.596492884215,1108.6150724999607,1.0185796157456934,0.75,0.0047418780508443,11
2021-11-06,2021-11-04,2021-11-08,0.2124840860451064,5.00051528343403,1101.6631534160133,1101.3910698732361,1102.1523679969832,0.7612981237471104,0.75,0.004765782485017751,11
2021-11-06,2021-11-04,2021-11-08,0.36623759820089324,3.351838860197128,1096.6723691886336,1096.2941199657507,1097.3101318920963,1.0160119263455272,1.0,0.005892943172443249,11
2021-11-06,2021-11-04,2021-11-08,2.746456193000021,3.2171772087371684,1143.9877595668283,1140.6599457063712,1148.9196619931608,8.259716286789626,1.25,0.014436305783775036,11
2021-11-06,2021-11-04,2021-11-08,0.19254767609050322,3.5048873433962875,1089.6203540710694,1089.3570871469565,1090.116579520516,0.759492373559624,0.75,0.002507196598127906,11
2021-11-06,2021-11-04,2021-11-08,0.9489649815900653,3.709582784578331,1085.007316936732,1083.9861991005018,1086.05276636919,2.0665672686882317,1.5,0.010119770778026694,11
2021-11-10,2021-11-08,2021-11-12,0.506423409558338,40.480399765938046,1296.6438105089967,1296.4008025405928,1297.1595932971686,0.7587907565757632,0.75,0.03632467412889923,11
2021-11-10,2021-11-08,2021-11-12,0.3538670752420096,40.48688228330945,1294.475492295434,1294.2017204472795,1294.9598594740964,0.7581390268169343,0.75,0.030558524862482905,11
2021-11-10,2021-11-08,2021-11-12,0.28432992570069515,34.4999395096976,1256.44061202872,1256.2412095051259,1256.9965173546225,0.755307849496603,0.75,0.01993183826566766,11
2021-11-10,2021-11-08,2021-11-12,0.17751969527767972,5.748627372071255,1265.3380070465732,1265.0868994337507,1265.8423131923191,0.7554137585684657,0.75,0.002151348427642282,11
2021-11-10,2021-11-08,2021-11-12,0.3547034632089246,32.66672785828908,1161.483404175801,1161.2612521206029,1162.0278315916657,0.7665794710628688,0.75,0.050493293206912176,11
2021-11-10,2021-11-08,2021-11-12,0.4402376026502583,4.97521033454076,1087.464384588451,1087.073027772829,1088.086414215155,1.0133864423260093,1.25,0.0045179347760436386,11
2021-11-10,2021-11-08,2021-11-12,0.2685780991910382,3.7173023633945923,322.6013930960931,322.3594453721307,323.1291401418857,0.7696947697550058,0.75,0.029823658482879288,11
2021-11-10,2021-11-08,2021-11-12,0.3034195620762113,33.24032752989969,1196.1846368278182,1195.9298482979648,1196.6923718350008,0.7625235370360315,0.75,0.01568579303883387,11
2021-11-13,2021-11-12,2021-11-15,0.20605545505376838,2.2689906429404476,661.4942691582553,661.2363621806726,661.9871460632421,0.7507838825695217,0.75,0.006924525516039214,11
2021-11-13,2021-11-12,2021-11-15,0.32099126255391575,39.51755067204868,1141.1446345947975,1140.9173549101688,1141.6839457442984,0.7665908341296017,0.75,0.011653624803091067,11
2021-11-16,2021-11-15,2021-11-18,0.9517557529384305,29.259585910617695,639.7504488324254,639.3907856815495,640.1411107773893,0.7503250958397985,1.0,0.007165757568628871,11
2021-11-16,2021-11-15,2021-11-18,0.23405204420037218,32.0,624.6738083073869,624.6738083073869,624.9255807236768,0.2517724162898958,0.25,0.003961638126038636,11
2021-11-16,2021-11-15,2021-11-18,0.2591820785013074,26.5,994.7242889221066,994.4743857658468,995.2261697095819,0.7517839437350631,0.25,0.010258191675528756,11
2021-11-16,2021-11-15,2021-11-18,0.8432336589139561,32.3841040669535,631.2390549135142,630.9883913379163,631.738401087001,0.7500097490847111,1.0,0.020747613836785944,11
2021-11-16,2021-11-15,2021-11-18,11.205296927345522,29.880389883578285,634.5722313920824,633.7958764731884,635.6675305268727,1.871654053684324,1.0,0.014292290161620917,11
2021-11-16,2021-11-15,2021-11-18,0.22057403732533334,30.5,635.1664866995998,635.1664866995998,635.4182591158897,0.2517724162898958,0.25,0.0037413035189829517,11
2021-11-16,2021-11-15,2021-11-18,1.3361769844748208,30.776005342860223,635.4491786055667,635.1664866995998,635.9168019331992,0.7503152335993946,0.75,0.009510426008726525,11
2021-11-16,2021-11-15,2021-11-18,0.11003021079805098,29.0,639.1415093005635,639.1415093005635,639.3932817168534,0.2517724162898958,0.25,0.004418908618664908,11
2021-11-16,2021-11-15,2021-11-18,2.6343659173487817,29.529820529551785,639.3622522374075,639.1415093005635,639.8918344220147,0.7503251214511693,0.75,0.006811659332346025,11
2021-11-16,2021-11-15,2021-11-18,6.412666731852153,27.194775401777587,989.482602311607,988.724255734589,990.4758257730864,1.751570038497448,1.0,0.0348641592999318,11
2021-11-16,2021-11-15,2021-11-18,0.8073334300751798,33.75,643.7101039607078,643.7101039607078,643.9618763769977,0.2517724162898958,0.25,0.006490146029256712,11
2021-11-16,2021-11-15,2021-11-18,3.9930727564953035,22.249149779159325,660.9877543172316,660.7350778467953,661.4881345969625,0.7530567501671612,0.75,0.007084509317103855,11
2021-11-16,2021-11-15,2021-11-18,4.5555556234354375,30.44642595857702,664.0850616625648,663.735662706662,664.7394177690148,1.003755062352866,2.0,0.03902298403563924,11
2021-11-16,2021-11-15,2021-11-18,0.7785768658900049,27.278954930719298,669.5002325302278,669.2404097020626,669.9949431838468,0.7545334817841649,0.75,0.01137197238901898,11
2021-11-16,2021-11-15,2021-11-18,0.797385901907566,29.741801030283323,722.9014514207528,722.6412619859912,723.4171208092012,0.775858823210001,0.75,0.013583463403226864,11
2021-11-16,2021-11-15,2021-11-18,0.7695316900623741,20.489670026493087,744.7808493528948,744.524944504723,745.3097292548046,0.7847847500815988,0.75,0.010047761560061624,11
2021-11-16,2021-11-15,2021-11-18,0.4923369946393346,28.775992059255913,873.9232663968724,873.6774014807306,874.4411918362603,0.7637903555296361,0.75,0.013770345965112347,11
2021-11-16,2021-11-15,2021-11-18,0.8184265227369125,26.88301702577323,994.7327796351734,994.4743857658468,995.2261697095819,0.7517839437350631,0.5,0.02049220926334886,11
2021-11-16,2021-11-15,2021-11-18,1.3646096434464388,32.10111646421479,624.1225601169972,623.9266232606024,624.6765189850703,0.7498957244679332,0.5,0.004378771041672435,11
2021-11-16,2021-11-15,2021-11-18,6.999078049236478,34.0319930231868,643.9898114506843,643.7101039607078,644.4609510027803,0.7508470420725644,0.75,0.10272544747004099,11
2021-11-16,2021-11-15,2021-11-18,1.949719926869586,33.08702246358541,625.1643663489638,624.7666625515558,625.7657173648477,0.9990548132918775,1.0,0.018998347436849288,11
2021-11-16,2021-11-15,2021-11-18,0.6108448862386988,32.47295683077762,620.7284497071778,620.4773893817328,621.2271892935969,0.7497999118641019,0.75,0.011128441950384082,11
2021-11-16,2021-11-15,2021-11-18,3.594780753114462,30.998977571802854,628.0126797513202,627.7527515129186,628.5027171503752,0.7499656374566257,0.75,0.026967617671740902,11
2021-11-16,2021-11-15,2021-11-18,11.153913953766999,32.72739064454202,624.3629612311107,623.9266232606024,625.0184349678457,1.0918117072433233,1.25,0.02096064669507109,11
2021-11-16,2021-11-15,2021-11-18,0.1305772318052612,2.412028061322865,24.864742023225535,24.69534923043102,25.193466255441308,0.49811702501028776,0.5,0.005448716876480594,11
2021-11-16,2021-11-15,2021-11-18,0.3039448852228002,0.5027368130476552,24.422765293538376,24.202802890446037,24.947121646720916,0.744318756274879,0.75,0.01290718265412474,11
2021-11-16,2021-11-15,2021-11-18,3.483141716576319,8.761573524421037,20.328119796999538,20.12127267755568,20.80694144498557,0.6856687674298882,1.25,0.06451037731532162,11
2021-11-16,2021-11-15,2021-11-18,0.2590857755520765,13.018597355807191,122.32443139403799,121.89780585002154,122.96163696469739,1.0638311146758497,0.75,0.01511875339198651,11
2021-11-16,2021-11-15,2021-11-18,3.4744618625247248,13.489551275687482,145.04747134904278,125.97458683419973,185.864843652118,59.89025681791827,1.25,0.022846006061816363,11
2021-11-16,2021-11-15,2021-11-18,3.9279895868843653,17.779024531530926,175.13774498360476,141.39990684296936,199.23140555620193,57.83149871323258,1.0,0.04082817892358966,11
2021-11-16,2021-11-15,2021-11-18,4.109538270253725,16.731608669541135,177.8265966949408,148.3686459241435,203.9422533577308,55.57360743358731,1.5,0.028788530312536115,11
2021-11-16,2021-11-15,2021-11-18,19.962833469692807,16.983491840628982,180.63908047747444,148.3686459241435,203.9422533577308,55.57360743358731,1.5,0.06437519601194332,11
2021-11-16,2021-11-15,2021-11-18,3.6936750699400105,2.3268151924006304,23.565546507902713,22.88057799357921,25.193466255441308,2.312888261862099,1.0,0.023113054040422035,11
2021-11-16,2021-11-15,2021-11-18,5.4932423337515885,31.78226468074828,380.4671217447553,379.8092428720556,381.80934281507507,2.0000999430194497,1.75,0.04110772569527384,11
2021-11-16,2021-11-15,2021-11-18,6.663423246442318,22.625088308865045,384.81663466393786,384.5669132550247,385.3174938033335,0.7505805483087897,1.0,0.06771416520130423,11
2021-11-16,2021-11-15,2021-11-18,0.18249604002875358,12.099771296011115,476.7948785596581,476.6099736057222,477.11070958012715,0.5007359744049609,0.5,0.00894690545775419,11
2021-11-16,2021-11-15,2021-11-18,0.8714479053144425,12.336367398795668,476.87816027579413,476.6099736057222,477.35967308236286,0.7496994766406715,0.75,0.017627466380907578,11
2021-11-16,2021-11-15,2021-11-18,3.351651054444758,21.62523638985969,541.6430846304379,541.5182677083649,542.0190011756495,0.50073346728459,0.5,0.006853685422010237,11
2021-11-16,2021-11-15,2021-11-18,8.644593324692757,21.976148938617936,541.9884772289055,541.5182677083649,542.5169232767075,0.9986555683426559,1.0,0.11275992050388797,11
2021-11-16,2021-11-15,2021-11-18,8.34480098487493,21.156090684432257,557.8348542191691,557.4594460818917,558.4581018728204,0.9986557909287512,1.0,0.01276284719942974,11
2021-11-16,2021-11-15,2021-11-18,1.6798217848999404,32.50246047465634,618.3637209214918,618.2374523286708,618.7382383355871,0.5007860069163144,0.75,0.007756193294115496,11
2021-11-16,2021-11-15,2021-11-18,1.2221681400683488,33.01147484965517,621.7046015470041,621.4727438399568,622.2225438728929,0.7498000329360366,0.75,0.00882187344447813,11
2021-11-16,2021-11-15,2021-11-18,4.551416484911632,14.751501659313835,150.77932173919737,150.39215281885117,151.42978678271174,1.0376339638605714,0.75,0.012567300083254953,11
2021-11-20,2021-11-18,2021-11-22,0.26839084345642256,35.21714886387808,1063.151783621241,1062.917035144288,1063.6721490910277,0.7551139467395842,0.75,0.003990257979858058,11
2021-11-20,2021-11-18,2021-11-22,1.7683595692676124,41.03796032201523,1110.1010445681973,1109.6402005748823,1110.6587349926122,1.0185344177298248,1.75,0.014865731148912582,11
2021-11-20,2021-11-18,2021-11-22,0.7161183607757851,41.957809073612175,1161.2679050866686,1160.4895152258687,1162.2852351260372,1.7957199001684785,0.75,0.012854549097829777,11
2021-11-20,2021-11-18,2021-11-22,0.772661661798586,41.672774522573604,1128.5044510032499,1128.2578223468736,1129.0236269491725,0.7658046022988856,0.75,0.007333662149188334,11
2021-11-20,2021-11-18,2021-11-22,0.309950349725459,42.4629675340262,1128.446300664284,1128.2578223468736,1129.0236269491725,0.7658046022988856,1.0,0.010699731284355482,11
2021-11-20,2021-11-18,2021-11-22,0.27846085890456135,36.487433287319256,1143.0075770789983,1142.7178841102868,1143.48444460053,0.7665604902431369,0.75,0.010273889731941408,11
2021-11-20,2021-11-18,2021-11-22,0.5019007587014186,42.31174694753369,1113.1110263934886,1112.705428911373,1113.723902164027,1.0184732526540756,1.0,0.009461804897035334,11
2021-11-20,2021-11-18,2021-11-22,0.11288033749355667,25.483456156032407,997.4685075273737,997.4685075273737,997.7202799436636,0.2517724162898958,0.75,0.003973730328482331,11
2021-11-20,2021-11-18,2021-11-22,1.207920716689128,32.57726439652255,919.8931056090832,919.6152873518877,920.3695549550466,0.7542676031589508,1.75,0.0178762210636853,11
2021-11-20,2021-11-18,2021-11-22,0.2734592110256504,32.98389423198649,962.0177860742814,961.7376935775392,962.4897246737964,0.7520310962572694,0.75,0.0073471162192254545,11
2021-11-20,2021-11-18,2021-11-22,0.5181590883695467,31.84115110671752,955.8564204402401,955.4864932834171,956.4893395858817,1.0028463024646044,1.0,0.01169109116871572,11
2021-11-20,2021-11-18,2021-11-22,0.49951647391915316,33.366311113911294,911.6031999315736,911.2818664442748,912.2891370519064,1.0072706076316535,1.0,0.01144440367338697,11
2021-11-20,2021-11-18,2021-11-22,1.6111754061674595,33.05127528925868,909.0979826086585,908.2307076896541,910.2726978738792,2.041990184225142,1.25,0.013553736797506448,11
2021-11-20,2021-11-18,2021-11-22,0.27994688264860845,30.470518938452,900.0974172621902,899.8770284755155,900.6397603037767,0.7627318282611668,0.75,0.00678509212813281,11
2021-11-20,2021-11-18,2021-11-22,0.9866778459399205,29.347057007306212,890.808713775816,890.4463258129545,891.9651719969697,1.518846184015274,1.0,0.011710017564148049,11
2021-11-20,2021-11-18,2021-11-22,0.46745967690125034,29.318246208074594,891.4195556505965,890.9528433498926,892.2181995646097,1.2653562147170305,1.0,0.01838992089645681,11
2021-11-20,2021-11-18,2021-11-22,1.197498849289224,40.69471118417249,1196.0624661122297,1195.6744727380574,1196.6923718350008,1.017899096943438,1.25,0.013873685641128933,11
2021-11-20,2021-11-18,2021-11-22,7.011251308507198,25.116500172218768,991.9782947455813,987.9742377242073,995.476175474003,7.501937749795616,1.5,0.03259763270263366,11
2021-11-20,2021-11-18,2021-11-22,0.3488888421978136,42.48252749812193,1203.8649647899445,1203.6082856114954,1204.3693230026402,0.7610373911447823,0.75,0.008745386570940736,11
2021-11-20,2021-11-18,2021-11-22,0.7250464624298409,35.78387621681841,1250.9714082136609,1249.9510297845118,1251.96526546916,2.014235684648156,1.0,0.017396387839084197,11
2021-11-20,2021-11-18,2021-11-22,0.34135820334037464,39.474345608434156,1205.1761675492542,1204.8812796580605,1205.6423152065836,0.7610355485230684,0.75,0.008567479016632039,11
2021-11-20,2021-11-18,2021-11-22,0.2724371409017216,28.993739759277755,882.976315179019,882.7281508119777,883.4892639378086,0.7611131258308887,0.75,0.012099107450046418,11
2021-11-20,2021-11-18,2021-11-22,0.3604960541336103,40.018014190551554,1329.5832674894903,1329.3954265965149,1330.1643372150138,0.7689106184989214,0.75,0.028207401151233904,11
2021-11-20,2021-11-18,2021-11-22,0.9201032394779852,34.45777219068389,1311.2791319510557,1310.8015719656833,1311.8211829210632,1.0196109553799033,1.25,0.012327287802569739,11
2021-11-20,2021-11-18,2021-11-22,0.7378528663844265,37.745967276537485,1301.8304020537184,1301.404209125787,1302.6733395941556,1.2691304683685303,1.25,0.011895960324843028,11
2021-11-20,2021-11-18,2021-11-22,0.25291615543399676,37.406590834486636,1301.1121685655673,1300.8954698480666,1301.655981542077,0.7605116940103471,0.75,0.00976453249349329,11
2021-11-20,2021-11-18,2021-11-22,0.5126161297956124,39.746522152979345,1296.829854238297,1296.654311683029,1297.4131024465896,0.7587907635606825,0.75,0.022126364086328787,11
2021-11-20,2021-11-18,2021-11-22,0.5574423831660102,40.563283976699054,1295.5901008427957,1295.2144385315478,1296.2257594889961,1.0113209574483335,1.0,0.010089191598172377,11
2021-11-20,2021-11-18,2021-11-22,0.3791264576218138,34.23059558515901,1287.3175019067464,1287.0802711760625,1287.8383467472158,0.7580755711533129,0.75,0.007057973064426854,11
2021-11-20,2021-11-18,2021-11-22,1.1064439072465895,39.640145417603584,1278.4207477113343,1277.8280124836601,1279.5942794843577,1.7662670006975532,1.25,0.01284129058522601,11
2021-11-20,2021-11-18,2021-11-22,0.4290835181206793,41.729570833588824,1270.4666672272492,1270.2273251796141,1270.9830455994233,0.7557204198092222,0.75,0.007090500784174657,11
2021-11-20,2021-11-18,2021-11-22,0.36951410148338587,38.494600939766855,1250.2360989549734,1249.9510297845118,1250.7064038561657,0.7553740716539323,0.75,0.017291644088833893,11
2021-11-20,2021-11-18,2021-11-22,1.7288477910033657,42.006412879620555,1235.518199135212,1234.1592907621525,1236.993050226476,2.8337594643235207,1.25,0.018126166911644603,11
2021-11-20,2021-11-18,2021-11-22,0.2591178135920494,34.957613976635166,1211.970469529837,1211.7053939071484,1212.4647470093332,0.7593531021848321,0.75,0.007064116944365378,11
2021-11-20,2021-11-18,2021-11-22,0.18302652450987641,33.25348913907344,1211.0445273432738,1210.9442276800983,1211.4498007795773,0.5055730994790792,0.75,0.009061577147726542,11
2021-11-20,2021-11-18,2021-11-22,0.3455586484475471,42.214028337986626,1208.6705331362311,1208.4065085039474,1209.1658990266733,0.7593905227258801,0.75,0.009304274708659676,11
2021-11-20,2021-11-18,2021-11-22,0.06003053781772836,33.24600829168095,1209.1679356866516,1209.1679356866516,1209.4197081029415,0.2517724162898958,0.75,0.0037178427234952375,11
2021-11-20,2021-11-18,2021-11-22,1.4435428766205878,40.21788537422304,1207.218909093924,1206.407294797711,1208.1508355182596,1.7435407205484807,2.0,0.015140432598291226,11
2021-11-20,2021-11-18,2021-11-22,0.44965187684017005,36.10934822628292,1205.138200027632,1204.8812796580605,1205.6423152065836,0.7610355485230684,1.0,0.010592693368723967,11
2021-11-20,2021-11-18,2021-11-22,1.9667924885319963,24.246034326076735,859.9147063416109,858.8934108857065,860.9467035261914,2.0532926404848695,1.25,0.015098438867051239,11
2021-11-20,2021-11-18,2021-11-22,5.595486482575874,28.12053881024591,633.7993552681419,633.5466443318874,634.2968810824677,0.7502367505803704,1.0,0.019009409328307185,11
2021-11-20,2021-11-18,2021-11-22,9.631095559372318,30.490049127941777,680.2968862406979,680.0272584329359,680.7846776936203,0.7574192606844008,1.25,0.01052662028023465,11
2021-11-20,2021-11-18,2021-11-22,2.6936444739021557,36.52448497963894,376.2431335575326,376.06303048552945,376.8143450128846,0.7513145273551345,1.0,0.010427763887342428,11
2021-11-20,2021-11-18,2021-11-22,12.316424619795457,35.525624666795316,376.29986378742274,375.56359624350443,377.5635686391033,1.9999723955988884,2.0,0.020915226722564722,11
2021-11-20,2021-11-18,2021-11-22,7.900555480072857,24.57813193620089,331.86918566338545,331.57049141358584,332.58863152144477,1.018140107858926,2.75,0.02153524414430676,11
2021-11-20,2021-11-18,2021-11-22,0.890812351282339,17.739049408379767,277.5912270798572,277.26501530921087,278.19308625813574,0.9280709489248693,0.75,0.009046798258146919,11
2021-11-20,2021-11-18,2021-11-22,0.560719012334711,18.205905961004884,244.57047457211846,244.229696941562,245.19903251854703,0.9693355769850314,0.75,0.00866258652194098,11
2021-11-20,2021-11-18,2021-11-22,0.38927836204835087,15.449386112973713,207.3881221325818,207.03016368299723,208.16964317671955,1.1394794937223196,0.75,0.008935475899563082,11
2021-11-20,2021-11-18,2021-11-22,10.800202033276529,11.76261523763433,23.23584346400407,22.88057799357921,23.878107072785497,0.9975290792062879,1.25,0.03571306051820203,11
2021-11-20,2021-11-18,2021-11-22,1.0723761409966752,37.11498025207149,376.39230878341823,376.06303048552945,376.8143450128846,0.7513145273551345,0.75,0.012246334528564098,11
2021-11-20,2021-11-18,2021-11-22,7.10591326807181,7.364767291472734,21.971964788581527,21.556085699237883,22.560242858249694,1.004157159011811,1.0,0.01515649832143709,11
2021-11-20,2021-11-18,2021-11-22,2.8607300908177415,0.2327161862869218,57.627206654181364,24.202802890446037,106.17535886541009,81.97255597496405,0.75,0.02097619937305607,11
2021-11-20,2021-11-18,2021-11-22,3.4736225162319183,0.49257505951841096,22.23766427952054,21.556085699237883,23.62947475677356,2.073389057535678,1.25,0.01708096167145035,11
2021-11-20,2021-11-18,2021-11-22,0.09449597859917254,1.616216731988181,98.7353293397464,98.73532933974639,98.98710175603628,0.2517724162898958,0.5,0.005300418687224834,11
2021-11-20,2021-11-18,2021-11-22,0.08344411367060721,2.8236094023792586,98.73532933974639,98.73532933974639,98.98710175603628,0.2517724162898958,0.5,0.011535114184702811,11
2021-11-20,2021-11-18,2021-11-22,0.657773061626493,1.1030637456604035,86.82268005273491,17.661847083363682,98.98710175603628,81.3252546726726,0.5,0.006161356301381036,11
2021-11-20,2021-11-18,2021-11-22,0.4288788900893397,1.3716349134948351,72.48214758583379,17.661847083363682,98.51011370588094,80.84826662251726,1.0,0.010982629263278858,11
2021-11-20,2021-11-18,2021-11-22,0.4300547302165176,3.0730333954097775,74.66154832177871,17.661847083363682,98.98710175603628,81.3252546726726,0.75,0.026719900334389025,11
2021-11-20,2021-11-18,2021-11-22,12.43080042249867,7.975433300935503,42.0799916679391,20.230239662807435,103.6264299317263,83.39619026891887,1.5,0.021922974976387722,11
2021-11-20,2021-11-18,2021-11-22,2.612121824369569,36.076195857177865,376.9983598745199,376.5625725965947,377.5635686391033,1.000996042508632,1.75,0.06339341328322803,11
2021-11-20,2021-11-18,2021-11-22,4.096814321765474,13.245419594644629,20.74855531286482,20.483116299379617,21.2407767646946,0.7576604653149843,1.25,0.013395632598822817,11
2021-11-20,2021-11-18,2021-11-22,1.274770321572756,34.948672624049884,377.46208626576157,377.3117962228134,377.81333970697597,0.5015434841625392,0.75,0.02598830168666936,11
2021-11-20,2021-11-18,2021-11-22,1.4363295339507784,35.73235258544341,377.90691266139066,377.81079404149204,378.3123347684741,0.5015407269820571,1.25,0.008926670656472804,11
2021-11-20,2021-11-18,2021-11-22,7.962466946669583,28.99696784912185,677.5801068995576,677.04235581588,678.3027821211144,1.2604263052344322,0.75,0.011172833956718002,11
2021-11-20,2021-11-18,2021-11-22,15.823090692087822,29.581432338241562,678.5110243463275,677.8420090326108,679.5225678076968,1.6805587750859559,1.25,0.011655622584064895,11
2021-11-20,2021-11-18,2021-11-22,4.331216329624489,30.382467762344177,672.2765413968956,672.0219515706412,672.7769509176724,0.7549993470311165,1.0,0.008292065681920468,11
2021-11-20,2021-11-18,2021-11-22,3.7484821483800768,30.358060609368046,667.7995961745854,665.2372787408531,670.369943741709,5.132665000855923,1.0,0.013710594493413452,11
2021-11-20,2021-11-18,2021-11-22,3.8931121834867675,30.503729914121433,661.2348288478412,660.9857199825346,661.7387767648324,0.75305678229779,0.75,0.010459056828380352,11
2021-11-20,2021-11-18,2021-11-22,4.2534759312156165,29.885010244682622,632.9152729714651,632.6785794566385,633.4286137600429,0.7500343034043908,1.0,0.010848461857192902,11
2021-11-20,2021-11-18,2021-11-22,0.6044234937043292,2.9792195337642675,599.1610269857479,598.9096642495133,599.659359917976,0.7496956684626639,0.75,0.009435309444110616,11
2021-11-20,2021-11-18,2021-11-22,8.828458943723025,10.920896295148173,473.9349306857488,473.5816531376913,474.580314909108,0.9986617714166641,2.0,0.013446238360533078,11
2021-11-20,2021-11-18,2021-11-22,1.938795521726768,2.590856460627192,698.20793906588,697.6764761842787,698.9542086054571,1.2777324211783707,1.0,0.011152488480246516,11
2021-11-20,2021-11-18,2021-11-22,0.43710567967782016,3.7003526697623728,413.21061770232404,412.95792712131515,413.7078291629441,0.7499020416289568,0.75,0.008730446358202663,11
2021-11-20,2021-11-18,2021-11-22,4.659463358500359,18.601155848189144,407.47701544999796,406.73130790377036,408.4776304299012,1.7463225261308253,1.0,0.017488557762228806,11
2021-11-20,2021-11-18,2021-11-22,3.4690204311776593,31.62365089989602,385.62141613337235,385.31512550031766,386.14422854129225,0.8291030409745872,1.0,0.04616605084548439,11
2021-11-20,2021-11-18,2021-11-22,1.9598852381772909,34.60442864387243,385.18654266040727,385.0657213870436,385.56689791660756,0.5011765295639634,1.0,0.009594193058751642,11
2021-11-20,2021-11-18,2021-11-22,3.1022452988679863,33.615911557931696,385.62695944073846,385.31512550031766,386.14422854129225,0.8291030409745872,2.25,0.027614103346572803,11
2021-11-20,2021-11-18,2021-11-22,3.0285049347229207,31.566662790533343,380.16281697636197,379.8092428720556,380.8103290111758,1.0010861391201615,1.25,0.01641461824132367,11
2021-11-20,2021-11-18,2021-11-22,8.715926115107052,30.540381510227007,380.19106572714793,379.8092428720556,380.8103290111758,1.0010861391201615,1.5,0.01868908906625013,11
2021-11-20,2021-11-18,2021-11-22,0.19087936911706233,35.25,378.0605623521842,378.0605623521842,378.3123347684741,0.2517724162898958,0.25,0.006827700200470383,11
2021-11-24,2021-11-22,2021-11-27,0.385876601988754,43.74982554617341,1172.7081747635038,1172.4964898354374,1173.2622016412206,0.7657118057832122,0.75,0.025070202212677518,11
2021-11-24,2021-11-22,2021-11-27,0.2657676895942022,40.73738995459398,1340.9310338577025,1340.70339432545,1341.477005543653,0.7736112182028592,0.75,0.019506742363898745,11
2021-11-24,2021-11-22,2021-11-27,0.25582998055082373,41.98675391146286,1204.8648846170977,1204.6266480921768,1205.3876836649142,0.7610355727374554,0.75,0.028308181228998107,11
2021-11-24,2021-11-22,2021-11-27,0.32060686901734514,33.304006715881386,1195.9339442085911,1195.6744727380574,1196.4369962830096,0.7625235449522734,0.75,0.01840357708940466,11
2021-11-24,2021-11-22,2021-11-27,0.6716194115465638,32.710332768773625,1346.9249540982535,1346.5711995889433,1347.610872859601,1.0396732706576586,1.25,0.05090035655609761,11
2021-11-24,2021-11-22,2021-11-27,0.22360732845368994,36.019617492430044,1147.3651118576834,1147.1230276958086,1147.88995366171,0.7669259659014642,0.75,0.020672855559649848,11
2021-11-24,2021-11-22,2021-11-27,0.7894959838120813,34.25391014596975,316.57795229337205,316.4012446454726,317.0215371749364,0.620292529463768,0.75,0.021531725048431736,11
2021-11-24,2021-11-22,2021-11-27,0.2118488012957029,47.75278870577134,1095.559267820493,1095.2740563247353,1096.0352974757552,0.7612411510199308,0.75,0.009313608003716275,11
2021-11-24,2021-11-22,2021-11-27,0.28660097583873406,38.2534453874897,1035.7160581756432,1035.502916694153,1036.2562285293825,0.7533118352293968,0.75,0.03442487633947269,11
2021-11-24,2021-11-22,2021-11-27,0.5467032825215811,17.614054246106864,412.63077832866753,411.9617553241551,413.4587643649429,1.497009040787816,1.5,0.011713276854703941,11
2021-11-24,2021-11-22,2021-11-27,1.6710638813992962,34.480274249683596,304.70556207400443,301.49242222867906,317.3900573346764,15.897635105997324,1.25,0.028580507851416314,11
2021-11-24,2021-11-22,2021-11-27,0.25059462492649165,40.255262241766985,1145.06143175347,1144.778392556589,1145.5449697491713,0.76657719258219,0.75,0.02179720481586922,11
2021-12-01,2021-11-30,2021-12-03,0.18870972031968414,2.5000675427770918,597.4156306650178,597.16722094547,597.9169165384956,0.7496955930255353,0.75,0.010917748277896459,12
2021-12-01,2021-11-30,2021-12-03,0.24376221392252867,1.96136707121239,631.973000479931,631.734689051751,632.4846992320381,0.7500101802870631,0.75,0.01148750697030397,12
2021-12-01,2021-11-30,2021-12-03,0.4368905401481006,1.4749113209131943,639.5067160750434,639.1415093005635,640.1411107773893,0.9996014768257737,0.75,0.006519311286661242,12
2021-12-01,2021-11-30,2021-12-03,1.0033780991417414,37.36526251153235,1158.5034679066634,1158.1737712374888,1159.1978211360984,1.024049898609519,1.0,0.030284271741416697,12
2021-12-01,2021-11-30,2021-12-03,0.3031140362490435,43.46124718965099,1173.007501574551,1172.7534595271572,1173.519171343185,0.7657118160277605,0.75,0.05309193541534101,12
2021-12-01,2021-11-30,2021-12-03,0.7622679299662025,38.10868730238105,1292.3944393269467,1292.1766004320234,1292.934751699213,0.7581512671895325,1.0,0.07089599813093221,12
2021-12-04,2021-12-03,2021-12-06,0.2517191034807464,38.47175239356933,1269.480817253934,1269.2196076116525,1269.9753364841454,0.7557288724929094,0.75,0.011514175939416556,12
2021-12-04,2021-12-03,2021-12-06,0.5488646857723257,38.153713388959396,1299.3092641269832,1298.8609323990531,1299.8758204155602,1.0148880165070295,1.0,0.017915617679659313,12
2021-12-04,2021-12-03,2021-12-06,0.33183938065459845,42.49143474088747,1131.6046855662667,1131.3400446306914,1132.1057954467833,0.7657508160918951,1.25,0.00556631395558786,12
2021-12-04,2021-12-03,2021-12-06,0.10547023468041654,30.308220749753524,964.5499049823683,964.4891508412547,964.9910192205571,0.5018683793023229,0.75,0.0017327008798253332,12
2021-12-04,2021-12-03,2021-12-06,0.11626579528919875,30.191010293115315,964.8828966473458,964.7392468042672,965.2411151831038,0.5018683788366616,0.75,0.003131506904150323,12
2021-12-04,2021-12-03,2021-12-06,0.19711363180302457,43.76121449756292,1125.6688258155127,1125.4038366549648,1126.1691969688982,0.7653603139333427,0.75,0.00597882805788569,12
2021-12-04,2021-12-03,2021-12-06,1.5646214275333763,2.506200993575032,697.4171354327829,697.1639246293344,697.9282486005686,0.764323971234262,0.75,0.014836782083298881,12
2021-12-07,2021-12-06,2021-12-08,1.3901444019065599,4.0257449040624875,608.1208322486164,607.8724567848258,608.6221809349954,0.7497241501696408,0.75,0.011326410789786297,12
2021-12-07,2021-12-06,2021-12-08,3.362756735727305,8.497487989781629,757.9673079108196,757.6140575362369,758.5898153367452,0.9757578005082905,0.75,0.017447401598317282,12
2021-12-07,2021-12-06,2021-12-08,1.2527978280876162,41.38543337894473,1119.255614647844,1118.9411937706172,1119.9620987689123,1.0209049982950091,1.75,0.03504335931535878,12
2021-12-07,2021-12-06,2021-12-08,0.35689319085650195,37.74172910245548,1158.4298410311162,1158.1737712374888,1158.9403952918947,0.7666240544058383,0.75,0.021420922300486162,12
2021-12-07,2021-12-06,2021-12-08,0.439381828207289,34.48157169156489,1257.3715674209034,1256.9961242713034,1258.0031966404058,1.0070723691023886,0.75,0.022477712794477935,12
2021-12-07,2021-12-06,2021-12-08,0.25044116963876295,42.48887480050768,1266.3947683202448,1266.1850090073422,1266.9407126666047,0.7557036592625082,0.75,0.02890826961311954,12
2021-12-10,2021-12-08,2021-12-13,1.2312237644512556,2.739425716608132,697.4216834883827,697.1639246293344,697.9282486005686,0.764323971234262,0.75,0.044921787834568384,12
2021-12-10,2021-12-08,2021-12-13,0.27808049372665133,8.405970813265656,984.7203745185932,984.4806297360919,985.2324733478017,0.7518436117097735,1.0,0.004793636991759876,12
2021-12-14,2021-12-13,2021-12-16,0.3971532367419622,27.76674219037998,1231.4985614817083,1231.130519773811,1232.1395944692194,1.0090746954083443,1.25,0.014100857723911942,12
2021-12-14,2021-12-13,2021-12-16,0.7468687107255595,30.89660279248511,1160.742004523167,1160.4895152258687,1161.256113807205,0.7665985813364387,1.0,0.015705403181838933,12
2021-12-14,2021-12-13,2021-12-16,0.44804796066219527,23.193445563765852,826.2634976079216,825.8192934845574,826.8620887105353,1.0427952259778976,1.5,0.006091856502662669,12
2021-12-14,2021-12-13,2021-12-16,0.1803526385057736,4.750183923097112,283.5860568349976,283.25812143133953,284.17940563801676,0.9212842066772282,0.75,0.0024081282341088836,12
2021-12-14,2021-12-13,2021-12-16,0.4249883768266201,1.699144616847442,600.2869921582421,599.9054718753323,600.9041291321628,0.9986572568304837,0.75,0.009673025683563938,12
2021-12-14,2021-12-13,2021-12-16,1.005493931585138,8.040976661895773,451.74537047856705,450.7685171016492,453.01195306750014,2.2434359658509493,1.25,0.008158800560011423,12
2021-12-14,2021-12-13,2021-12-16,0.2807852218517497,25.767348541349044,620.6042826871452,620.2283756751567,621.2271892935969,0.998813618440181,0.75,0.0065383441366196424,12
2021-12-28,2021-12-21,2022-01-04,0.6175363676326436,19.949520998060855,1009.8307195670544,1009.467010196764,1010.468543917872,1.0015337211079895,2.5,0.003751639456227824,12
2021-12-28,2021-12-21,2022-01-04,0.17867961079952724,19.25000325847874,1164.8651199840524,1164.6057453597896,1165.3722915370017,0.7665461772121489,0.75,0.001461072542822626,12
2021-12-28,2021-12-21,2022-01-04,0.2514194313622573,22.249869629720873,1113.0909399840382,1112.705428911373,1113.723902164027,1.0184732526540756,0.75,0.0024852224143038144,12
2021-12-28,2021-12-21,2022-01-04,1.65804680687538,50.24168267184644,1089.2936273237406,1088.0881465552375,1091.1316106859595,3.0434641307219863,2.0,0.008615921922508664,12
2021-12-28,2021-12-21,2022-01-04,0.608272527461465,12.796155350969444,1272.6101826526374,1272.2429963932373,1273.2506213351153,1.0076249418780208,1.75,0.004736399628934382,12
2021-12-28,2021-12-21,2022-01-04,0.25531176997499505,3.4921108413204274,961.8585261781355,961.487564238254,962.4897246737964,1.0021604355424643,0.75,0.003303025076562797,12
2021-12-28,2021-12-21,2022-01-04,0.3760751647656924,20.62941231259131,1011.8635426644495,1011.4679921967909,1012.4701691120863,1.002176915295422,1.0,0.005349903628154004,12
2021-12-28,2021-12-21,2022-01-04,0.22490584469070504,3.7463474217926374,501.8497327308917,501.58062257803977,502.3303216858767,0.7496991078369319,0.75,0.006306551364649985,12
2021-12-28,2021-12-21,2022-01-04,0.6103716170391781,4.663847801983172,476.2557891067044,475.57942433375865,477.35967308236286,1.7802487486042082,1.0,0.005033830760998346,12
2021-12-28,2021-12-21,2022-01-04,0.7445855125684346,8.130801967048315,79.56811281639077,38.86029179720208,120.49478661641479,81.6344948192127,1.0,0.008113612255063992,12
2021-12-28,2021-12-21,2022-01-04,6.90171727819855,3.4393321883517944,1146.2355054595505,1140.9173549101688,1152.7807340282016,11.863379118032753,1.75,0.01716566570888995,12
2021-12-28,2021-12-21,2022-01-04,0.7993268784078489,3.578309636428193,1107.4639224996251,1106.5745884254575,1108.6150724999607,2.0404840745031834,1.25,0.004469408863774439,12
2021-12-28,2021-12-21,2022-01-04,0.3863900288886732,3.3466002027458823,1087.4606427089611,1087.073027772829,1088.086414215155,1.0133864423260093,1.0,0.004257717238725243,12
2021-12-28,2021-12-21,2022-01-04,0.9908434205674368,32.374049748791286,631.2327831731832,630.9883913379163,631.738401087001,0.7500097490847111,1.0,0.020395246541717746,12
2022-01-04,2022-01-04,2022-01-04,1.3874265186727104,33.00389700828625,296.9236615071164,296.6129735969007,297.51990566262975,0.9069320657290518,0.75,0.05840132442051593,1
2022-01-04,2022-01-04,2022-01-04,0.9525349885668478,1.9883106889654383,607.8762021513002,607.6234809602611,608.3732050834224,0.7497241231612861,0.75,0.031185805578056548,1
2022-01-04,2022-01-04,2022-01-04,0.524049555821065,41.58309073303285,1119.4505234430112,1119.1975712967105,1119.9620987689123,0.7645274722017348,1.0,0.019015674669577216,1
2022-01-04,2022-01-04,2022-01-04,0.16432002280884936,41.72170921990705,1122.0157689908517,1122.015768990852,1122.2675414071418,0.2517724162898958,0.75,0.027211028055932302,1
2022-01-04,2022-01-04,2022-01-04,0.4735158106026875,36.49247605782756,1136.773720293015,1136.5434977607802,1137.3101417110302,0.7666439502499998,0.75,0.017624521295340527,1
2022-01-04,2022-01-04,2022-01-04,0.4582235316958637,37.49913203554303,1158.6755519175858,1158.4311970593408,1159.1978211360984,0.76662407675758,0.75,0.02261714477549633,1
2022-01-04,2022-01-04,2022-01-04,0.44535632470274406,32.724888340646324,1161.6510593024236,1161.2612521206029,1162.2852351260372,1.0239830054342747,0.75,0.043821335040157075,1
2022-01-04,2022-01-04,2022-01-04,0.6566756486069895,43.63650782696378,1172.728799825752,1172.4964898354374,1173.2622016412206,0.7657118057832122,1.0,0.0403889935073659,1
2022-01-09,2022-01-04,2022-01-14,0.1847250441732721,2.6121094018864697,710.6863135322786,710.3020023331046,711.3290374903008,1.0270351571962237,0.5,0.005627943153817086,1
2022-01-09,2022-01-04,2022-01-14,0.614059201734368,2.521489230694167,704.4389222543973,703.8893554117531,705.2135271239094,1.3241717121563852,0.75,0.01205980181283037,1
2022-01-09,2022-01-04,2022-01-14,0.088523748055464,2.2500000000000004,710.6847165899652,710.3020023331046,711.3290374903008,1.0270351571962237,0.25,0.001696710574204231,1
2022-01-17,2022-01-14,2022-01-20,2.029376942797465,5.990082486984921,20.298713573383253,20.12127267755568,20.80694144498557,0.6856687674298882,0.75,0.014033127321347155,1
2022-01-17,2022-01-14,2022-01-20,4.399556804871177,6.7469080377284625,19.723689247184247,19.513051045592874,20.193708752747625,0.6806577071547508,0.75,0.03240547431071166,1
2022-01-17,2022-01-14,2022-01-20,3.00454929285777,2.739917117997665,158.29354086247866,119.90188165195286,185.864843652118,65.96296200016513,1.0,0.017690836368567518,1
2022-01-17,2022-01-14,2022-01-20,0.3572612821291177,2.9599755282825404,129.5408748326148,128.948602902703,130.37709580082446,1.4284928981214762,0.75,0.005039091584229425,1
2022-01-27,2022-01-20,2022-02-03,13.977676363643997,36.285516892088104,1063.6029467646194,1060.1490238080733,1067.4902360667475,7.341212258674204,6.75,0.054788518548939694,1
2022-01-27,2022-01-20,2022-02-03,0.3110980542851165,41.23939277632822,1273.7721835040804,1273.5025325231254,1274.2582075078972,0.7556749847717583,0.75,0.03172228198978037,1
2022-01-27,2022-01-20,2022-02-03,1.1584407019760277,28.172894350310518,1251.950423357481,1250.9581342819147,1252.9723583701998,2.0142240882851183,1.5,0.0161042549946742,1
2022-01-27,2022-01-20,2022-02-03,0.6788942496290523,38.74817816692998,1291.416469491165,1291.1639312496409,1291.9221074511297,0.7581762014888227,0.75,0.02721575519964502,1
2022-01-27,2022-01-20,2022-02-03,0.3852306169116582,35.243539613015635,1170.9322525448126,1170.6985294050537,1171.464279445354,0.7657500403001904,0.75,0.04190246735272121,1
2022-01-27,2022-01-20,2022-02-03,0.9796423804822196,37.36686180262254,1158.5070221004037,1158.1737712374888,1159.1978211360984,1.024049898609519,1.0,0.03133522646394408,1
2022-01-27,2022-01-20,2022-02-03,0.7059252286160804,40.51395414082434,1138.8380726452874,1138.601776059717,1139.3684036205523,0.7666275608353317,0.75,0.05077982939822873,1
2022-01-27,2022-01-20,2022-02-03,2.3097688331918658,21.129607903153186,1064.8595540281635,1063.67610197654,1066.48144459771,2.8053426211699843,2.25,0.026061769378537856,1
2022-01-27,2022-01-20,2022-02-03,2.3596243035207585,19.4162406860717,918.6959059175324,917.3250750675797,920.1183073613793,2.7932322937995195,2.75,0.011780474515675708,1
2022-01-27,2022-01-20,2022-02-03,0.5577902067591148,36.16953748531903,1205.837893863823,1205.5975755010732,1206.3583263442852,0.7607508432120085,0.75,0.04863315090085344,1
2022-01-27,2022-01-20,2022-02-03,6.2104883202368315,3.1541472119187883,632.365094888141,629.7437302889302,634.4224808807485,4.678750591818243,2.0,0.024278497557480502,1
2022-01-27,2022-01-20,2022-02-03,0.6386125513157912,2.1475006579031666,601.4531032791082,601.1500022043474,601.8996978937648,0.7496956894174218,0.5,0.012815029613636248,1
2022-01-27,2022-01-20,2022-02-03,1.188712180790019,1.7591329974107655,599.5784747119504,597.16722094547,601.8996978937648,4.732476948294789,1.0,0.038672526356562924,1
2022-01-27,2022-01-20,2022-02-03,0.2343585771172051,29.497404950931156,349.05280375670424,348.48660417366773,349.63736773841083,1.1507635647431016,0.75,0.017443484822098173,1
2022-01-27,2022-01-20,2022-02-03,0.3085844214239823,15.247995448531011,216.7949318227518,207.91787076042965,246.78718323167413,38.869312471244484,0.75,0.01548108051623831,1
2022-01-27,2022-01-20,2022-02-03,0.41617665697199413,2.969673659056708,132.5210421945272,131.94154598098248,133.3608376341872,1.4192916532047093,0.75,0.016069431702657174,1
2022-01-27,2022-01-20,2022-02-03,6.85551804689902,11.245986153930764,65.2758440083759,24.69534923043102,106.17535886541009,81.48000963497907,0.75,0.03439631463702434,1
2022-01-27,2022-01-20,2022-02-03,6.040287145555867,11.24397859035824,51.368950904491896,24.202802890446037,105.18159051425755,80.97878762381151,0.75,0.03502730203354097,1
2022-01-27,2022-01-20,2022-02-03,14.159101615586271,12.01697971289722,28.14770524387125,27.758620008360595,28.738993019796908,0.9803730114363134,1.25,0.029990536035191643,1
2022-01-27,2022-01-20,2022-02-03,0.21708421986313908,1.4705382534005085,694.1567525112428,693.8958754627965,694.6565872351639,0.7607117723673582,0.75,0.0054290424855897535,1
2022-02-06,2022-02-03,2022-02-10,0.1904849046838401,21.50197666922314,872.6554329955634,872.3982940050773,873.1620710631832,0.7637770581059158,0.75,0.0037790817447830955,2
2022-02-13,2022-02-10,2022-02-16,0.7950084149805406,1.8735935729991353,661.9343822836452,661.2363621806726,662.7390750884078,1.5027129077352583,1.0,0.020489714381944926,2
2022-02-13,2022-02-10,2022-02-16,0.2627707795799995,1.9431281865795078,660.1091276889468,659.8645305470563,660.6163410386071,0.7518104915507138,0.75,0.007092597516271836,2
2022-02-13,2022-02-10,2022-02-16,0.1584792174664441,1.959757500247238,660.8572296738686,660.7350778467953,661.2374923988245,0.5024145520292222,0.75,0.006103461921854994,2
2022-02-22,2022-02-16,2022-03-01,0.1828456260287721,22.002328795652918,1089.3500133368063,1089.103227159474,1089.8627195418812,0.7594923824071884,0.75,0.004384422041844881,2
2022-02-22,2022-02-16,2022-03-01,1.1850608513227747,21.35026543364005,1156.95843971793,1156.1187930167653,1158.1686043487862,2.0498113320209086,1.75,0.006289400930848614,2
2022-03-12,2022-03-11,2022-03-14,1.6809577820422401,12.205453071049085,525.8832033335498,524.7908556591719,527.3050624276511,2.514206768479198,2.75,0.010300870092266816,3
2022-03-12,2022-03-11,2022-03-14,0.45792511843945605,1.547551669550198,610.8610446609523,610.6101490068249,611.3598732943647,0.7497242875397205,1.0,0.02133648838554443,3
2022-03-18,2022-03-14,2022-03-22,0.4407541767053812,13.621164577056335,1140.9912089249588,1140.6599457063712,1141.6839457442984,1.0240000379271805,1.5,0.004497544279155842,3
2022-04-18,2022-04-15,2022-04-22,0.40436324342725594,20.44838764459628,1219.4155074639682,1218.7623506477103,1220.2793295532465,1.5169789055362344,1.25,0.003812615389457861,4
2022-04-18,2022-04-15,2022-04-22,0.29177168889518373,22.739914481403552,1226.468762655716,1226.1083270334639,1227.1176297306083,1.0093026971444488,0.75,0.004857174399092975,4
2022-04-18,2022-04-15,2022-04-22,0.570852537374859,26.634731494302454,1218.7805272024946,1218.5092936018482,1219.2671800893731,0.7578864875249565,1.0,0.006028205606363451,4
2022-04-18,2022-04-15,2022-04-22,0.986353374238427,15.913738505113571,1217.2041553840752,1216.7684619384818,1217.7490652543493,0.9806033158674836,2.0,0.010202769667198493,4
2022-04-18,2022-04-15,2022-04-22,1.9356119854089904,41.02858192204339,1101.6857334758363,1100.3680688394234,1103.1662251544185,2.79815631499514,2.25,0.010328856846481856,4
2022-04-18,2022-04-15,2022-04-22,0.2538985714023599,20.32088483280814,1214.7124407939539,1214.4965430055745,1215.255881529767,0.7593385241925716,1.25,0.004340445536436503,4
2022-04-18,2022-04-15,2022-04-22,59.517454587157424,23.848362818658597,1218.4174419303913,1208.1528721228242,1226.8651196644641,18.712247541639954,9.5,0.04818520901365707,4
2022-04-18,2022-04-15,2022-04-22,1.5800732042659194,15.270616616257424,1209.3457932436681,1208.4065085039474,1210.4347090716474,2.028200567699969,2.5,0.00820862784368963,4
2022-04-18,2022-04-15,2022-04-22,0.5406685494755286,10.999969382283494,1217.457250872346,1217.0215905578807,1218.2551791914739,1.2335886335931718,1.25,0.005453088546489519,4
2022-04-25,2022-04-22,2022-04-29,0.4382697494445365,18.74359714724404,1175.9327761054913,1175.562209747266,1176.5846443003975,1.0224345531314611,1.25,0.004068880978356904,4
2022-05-07,2022-05-03,2022-05-12,1.4570875402428396,4.025149486290719,607.1176287481824,606.8767945254222,607.6265185805969,0.7497240551747382,0.75,0.013691598691505975,5
2022-05-07,2022-05-03,2022-05-12,0.45266609620799275,2.1177477737788615,662.0996311299699,661.7353736469522,662.7390750884078,1.0037014414556324,1.0,0.01294353007481898,5
2022-05-07,2022-05-03,2022-05-12,0.43989248561062894,22.901549057826227,1013.8561779460709,1013.4690797980875,1014.4712557927705,1.002175994683057,1.0,0.006204535570250563,5
2022-05-15,2022-05-12,2022-05-18,2.0602706771383166,6.2449598668225565,20.310858588826626,20.12127267755568,20.80694144498557,0.6856687674298882,0.75,0.03164414155386886,5
2022-05-15,2022-05-12,2022-05-18,0.23331070032060658,1.7183703825405512,603.3911116798524,603.1415263633244,603.8912220061757,0.7496956428512931,0.75,0.004261313244478132,5
2022-05-15,2022-05-12,2022-05-18,0.5012826574194268,1.7123947772869617,638.7018866459016,638.402814025525,639.3932817168534,0.9904676913283765,0.75,0.009933388130347337,5
2022-05-15,2022-05-12,2022-05-18,0.8256183388651295,1.967696995303539,640.0128421240164,639.1415093005635,641.1331842425279,1.9916749419644475,0.75,0.013506902433587624,5
2022-05-21,2022-05-18,2022-05-25,0.18590119901597035,1.9916125215000606,598.1674297765164,597.9139884226024,598.6636840524152,0.749695629812777,0.75,0.0073463016310678165,5
2022-05-21,2022-05-18,2022-05-25,0.2517590723518324,3.7536443181488623,136.84563577447267,136.22124953055754,137.6906610704027,1.4694115398451686,0.75,0.003872990347026405,5
2022-05-21,2022-05-18,2022-05-25,0.5300523137702489,2.0145198972014935,616.105564885329,615.2510281689465,617.2453529052436,1.9943247362971306,0.75,0.0037181377010146125,5
2022-05-28,2022-05-25,2022-06-01,0.2352445013070252,2.2229284144254784,715.8247726195813,715.5657142126001,716.338836654555,0.7731224419549108,0.75,0.01952435097422862,5
2022-05-28,2022-05-25,2022-06-01,0.23864462484591617,1.9593894420949962,658.1266814704529,657.8771195732988,658.628915478941,0.7517959056422114,0.75,0.006202294866613721,5
2022-06-10,2022-06-06,2022-06-15,1.9940756175939385,1.7174883023856395,688.194150589839,683.8124768938869,699.9302597423084,16.117782848421484,0.75,0.0154550821637437,6
2022-06-10,2022-06-06,2022-06-15,0.07515677281600901,0.23721989074095323,18.092267657630146,18.092267657630146,18.34404007392004,0.2517724162898958,0.75,0.004184039451580625,6
2022-06-10,2022-06-06,2022-06-15,0.16886772502118966,0.24512190894577923,17.713638280981723,17.594453269150108,18.09511092863977,0.5006576594896615,0.75,0.007237314706580144,6
2022-06-10,2022-06-06,2022-06-15,2.9459242116108757,9.287823774858731,20.348017814606393,20.12127267755568,20.80694144498557,0.6856687674298882,1.25,0.008049452534267918,6
2022-06-10,2022-06-06,2022-06-15,2.1529890165922745,7.973275648349438,20.218034283867723,20.12127267755568,20.589970399159938,0.4686977216042578,1.5,0.0215052080232242,6
2022-06-10,2022-06-06,2022-06-15,1.4208121705037915,7.8163254841190515,20.641532742274073,20.555169028695673,21.023958360310644,0.46878933161497116,1.0,0.026572282141004638,6
2022-06-10,2022-06-06,2022-06-15,0.25589487489112245,1.7109824264941906,605.2764103966496,605.0284254215658,605.7781303902157,0.749704968649894,0.75,0.006698639797859775,6
2022-06-10,2022-06-06,2022-06-15,2.111812896770143,28.888954592899086,634.671169577214,634.4199794530869,635.1702938461676,0.750314393080771,1.0,0.07051221408868123,6
2022-06-10,2022-06-06,2022-06-15,2.215477356737825,10.798003855038177,1091.4851027966954,1090.1182792466134,1093.1615742417052,3.0432949950918555,2.25,0.009440089111642364,6
2022-06-10,2022-06-06,2022-06-15,42.5535925183257,43.156650931011136,1098.7773023976772,1091.1332835350186,1103.675642255228,12.54235872020945,5.25,0.09858921923162062,6
2022-06-10,2022-06-06,2022-06-15,0.19824478232631096,22.747839240509954,1172.754135815243,1172.4964898354374,1173.2622016412206,0.7657118057832122,0.75,0.006540269697342303,6
2022-06-23,2022-06-15,2022-07-01,2.0741124951548944,34.503295912440386,1120.220877503576,1119.9661010238342,1120.7306109159254,0.764509892091155,0.75,0.004920218457697327,6
2022-06-23,2022-06-15,2022-07-01,2.498442172397396,45.007682272181505,1111.9404134663332,1111.6837378689088,1112.4466558662243,0.762917997315526,0.75,0.010131323204437319,6
2022-06-23,2022-06-15,2022-07-01,2.576716328328802,32.66572506249202,1122.3351538312736,1122.015768990852,1123.036601735279,1.0208327444270253,1.25,0.005206523450417617,6
2022-06-23,2022-06-15,2022-07-01,3.5099869504632286,29.37673968392761,1120.6089052501136,1119.9661010238342,1121.4991131490096,1.5330121251754463,1.0,0.0032409365293983926,6
2022-06-23,2022-06-15,2022-07-01,0.7202086554508308,22.117976896435362,1121.4579315374624,1120.7352072270587,1122.2675414071418,1.5323341800831258,1.5,0.005347769848005902,6
2022-06-23,2022-06-15,2022-07-01,20.409535014415788,27.847891401150036,1122.7275829416903,1119.9661010238342,1125.398815122433,5.432714098598808,2.25,0.015959101669082872,6
2022-06-23,2022-06-15,2022-07-01,0.6981008342919355,22.16729345967741,1114.3208903617044,1113.7301290598698,1115.3130590040237,1.5829299441538751,1.0,0.004091692729509459,6
2022-06-23,2022-06-15,2022-07-01,2.009441602875631,33.502953979563806,1119.4543625653725,1119.1975712967105,1119.9620987689123,0.7645274722017348,0.75,0.0037465324527524765,6
2022-06-23,2022-06-15,2022-07-01,2.346214275198118,38.255470868535504,1118.427652287001,1118.1726358481683,1118.937178933993,0.7645430858246982,0.75,0.008281859178372491,6
2022-06-23,2022-06-15,2022-07-01,0.479549662445283,21.9592911857279,1115.8676134325744,1115.317347532604,1116.6308149904944,1.3134674578905106,1.5,0.003100876138402316,6
2022-06-23,2022-06-15,2022-07-01,0.11722744003321801,21.568274463269862,1115.0699943409445,1114.8052256554365,1115.5691199488938,0.7638942934572697,0.75,0.0015445949115747153,6
2022-06-23,2022-06-15,2022-07-01,0.23306969117511306,11.875584243867516,1122.3401513121732,1122.015768990852,1123.036601735279,1.0208327444270253,0.5,0.006540703956774642,6
2022-06-23,2022-06-15,2022-07-01,1.342869724730847,14.900797458220566,1121.1496036724373,1120.7352072270587,1121.7554729506373,1.0202657235786319,1.0,0.004791283737082255,6
2022-06-23,2022-06-15,2022-07-01,1.6489758873181837,14.166104661903939,1122.7646839007627,1122.2721224380657,1123.5486920555122,1.276569617446512,1.0,0.0036936503462424598,6
2022-06-23,2022-06-15,2022-07-01,0.43722338328243576,19.49844342196962,1124.4759335822034,1124.0698409867473,1125.0907507375814,1.0209097508341074,0.75,0.006003720596404648,6
2022-06-23,2022-06-15,2022-07-01,1.8767645891185125,18.59815995101024,1128.9702897370846,1127.7444108361378,1130.564451183658,2.820040347520262,1.25,0.007271044846613603,6
2022-06-23,2022-06-15,2022-07-01,4.1992636651090365,33.50900843780349,1123.1763064389384,1122.5284758801572,1123.805040135514,1.2765642553567886,1.5,0.009124772681273275,6
2022-06-23,2022-06-15,2022-07-01,4.650503407635642,29.872876407742705,1123.4258967836547,1123.0405715662055,1124.061388201546,1.0208166353404522,1.5,0.006359913219971322,6
2022-06-23,2022-06-15,2022-07-01,0.7899971368067065,21.720935059850348,1123.7890027579772,1123.0405715662055,1124.8343716268428,1.7938000606372952,1.25,0.005437914321379159,6
2022-06-23,2022-06-15,2022-07-01,4.769584207368275,31.55611655756457,1124.452088018576,1124.0698409867473,1125.0907507375814,1.0209097508341074,2.0,0.016464035651628375,6
2022-06-23,2022-06-15,2022-07-01,0.9605797466983507,14.463749616671954,1124.7957816519042,1124.3262201095931,1125.6556090712547,1.329388961661607,0.75,0.0027395992560497844,6
2022-06-23,2022-06-15,2022-07-01,0.23413235960116868,21.167816297134266,1124.753646046019,1124.3262201095931,1125.398815122433,1.0725950128398836,0.75,0.002790310534360776,6
2022-06-23,2022-06-15,2022-07-01,0.4692332876878045,21.788964007468937,1125.3207501225436,1124.8389783212915,1125.9124030312523,1.0734247099608183,0.75,0.003128563225471282,6
2022-06-23,2022-06-15,2022-07-01,0.5484317001594112,21.16154764175554,1125.7155567927555,1125.147042706143,1126.4546114378609,1.3075687317177653,1.0,0.0052327258016736395,6
2022-06-23,2022-06-15,2022-07-01,0.9893167355781589,33.885160728697414,1125.5229040495346,1125.147042706143,1126.1691969688982,1.0221542627550662,1.0,0.008024035695483999,6
2022-06-23,2022-06-15,2022-07-01,0.8904453929855967,16.84457166375789,1126.6080257706158,1126.202839021571,1127.2256863215007,1.0228472999297082,1.0,0.0026515852800859403,6
2022-06-23,2022-06-15,2022-07-01,0.7169879197585463,29.525533559335358,1126.00960057817,1125.6606306149624,1126.7116364105605,1.05100579559803,0.75,0.004250613392201408,6
2022-06-23,2022-06-15,2022-07-01,5.091495131615791,28.207445574900852,1127.1180810257588,1126.202839021571,1129.0236269491725,2.8207879276014864,3.25,0.01725653941921492,6
2022-06-23,2022-06-15,2022-07-01,2.2392684653289305,17.662591385507888,1123.1117123159706,1122.2721224380657,1124.3216134030372,2.0494909649714828,2.0,0.0076002116204758885,6
2022-06-23,2022-06-15,2022-07-01,41.446851519627884,13.578100397148308,1120.9160592053913,1111.1731417104602,1130.3080772636458,19.13493555318564,4.75,0.034830517793842955,6
2022-06-23,2022-06-15,2022-07-01,4.549490425927014,34.03657933151364,1108.993432375274,1108.618364635855,1109.6369236866012,1.018559050746262,1.25,0.01198403901765532,6
2022-06-23,2022-06-15,2022-07-01,0.049405238305462174,15.750000000000002,1110.4283419497895,1110.1513752401806,1110.9137567868456,0.762381546664983,0.25,0.0008719340853216464,6
2022-06-23,2022-06-15,2022-07-01,3.6066763703531186,6.494496303527819,20.49940902416078,20.230239662807435,20.987810249440372,0.7575705866329372,0.75,0.010252032319822125,6
2022-06-23,2022-06-15,2022-07-01,10.785697424374066,12.12469048409659,26.75933789696385,25.918528988491744,28.738993019796908,2.820464031305164,1.25,0.009576122051229232,6
2022-06-23,2022-06-15,2022-07-01,0.9006283283624413,15.74887288143293,17.8413334718259,17.577073462307453,18.34163429448381,0.7645608321763575,0.75,0.005708939103425689,6
2022-06-23,2022-06-15,2022-07-01,4.579671014898724,12.50223924495835,26.965490868931806,26.843698393087834,27.337242446374148,0.493544053286314,0.75,0.00782098892829197,6
2022-06-23,2022-06-15,2022-07-01,0.9218980620906119,25.50294045756913,1111.1742241227278,1110.9175630421378,1111.6804928043857,0.7629297622479498,0.75,0.0037057742036663735,6
2022-06-23,2022-06-15,2022-07-01,0.38633004411049204,19.449003839507732,1105.4067092883008,1105.000254030805,1106.0600320869125,1.0597780561074615,0.75,0.0050467244206449215,6
2022-06-23,2022-06-15,2022-07-01,0.3205100625232817,38.75,1109.6402005748823,1109.6402005748823,1109.8919729911722,0.2517724162898958,0.25,0.0027759562904787582,6
2022-06-23,2022-06-15,2022-07-01,13.278192732298697,38.08763033792722,1108.4014594704383,1107.3414110625163,1109.8919729911722,2.550561928655952,1.75,0.01694381260070909,6
2022-06-23,2022-06-15,2022-07-01,4.471486925343119,42.450803482369274,1117.2631016787652,1116.8912682817318,1117.9122126069851,1.0209443252533674,1.25,0.010762707343372696,6
2022-06-23,2022-06-15,2022-07-01,3.7769592451831704,18.342499072508268,1106.6921189295854,1105.000254030805,1108.6150724999607,3.61481846915558,3.25,0.010584137613774082,6
2022-06-23,2022-06-15,2022-07-01,0.9622201698766876,21.95634558441336,1106.6480165004248,1105.8082596706226,1107.5931834788062,1.784923808183521,1.0,0.004150000734110364,6
2022-06-23,2022-06-15,2022-07-01,4.484677282232547,37.361316433613055,1111.0174210443681,1110.6619843705557,1111.6804928043857,1.018508433829993,1.0,0.011839081718460017,6
2022-06-23,2022-06-15,2022-07-01,4.303978960199207,35.13134475879102,1110.0222074824478,1109.6402005748823,1110.6587349926122,1.0185344177298248,1.0,0.011002682107044318,6
2022-06-23,2022-06-15,2022-07-01,0.3719650430128639,2.592551557277516,574.7429100681361,574.3609753404744,575.3596286512911,0.998653310816735,1.0,0.017019321218117046,6
2022-06-23,2022-06-15,2022-07-01,24.625019117444296,31.711863691081984,1109.689144414186,1107.8520952882245,1111.9355102851987,4.08341499697417,3.5,0.025176975633363203,6
2022-06-23,2022-06-15,2022-07-01,0.18496995579121808,25.124948829153173,1106.8533081931473,1106.5745884254575,1107.3375759413466,0.7629875158891082,0.5,0.002511271180285441,6
2022-06-23,2022-06-15,2022-07-01,16.307130086146593,31.97746378291484,1117.6158178923276,1116.8912682817318,1118.937178933993,2.0459106522612274,3.5,0.01831001903675711,6
2022-06-23,2022-06-15,2022-07-01,304.6257825108301,27.429565557410182,1115.8456227059428,1107.8520952882245,1130.0510696517304,22.19897436350584,13.25,0.06582636160112337,6
2022-06-23,2022-06-15,2022-07-01,2.537404583249298,32.73048194277383,1112.0609468780078,1111.6837378689088,1112.7022286439314,1.0184907750226557,0.75,0.009863221935675024,6
2022-06-23,2022-06-15,2022-07-01,0.44972665324780825,16.183657113513828,1107.853401490039,1107.3414110625163,1108.6150724999607,1.2736614374443889,1.25,0.00285728192084431,6
2022-06-23,2022-06-15,2022-07-01,0.3110244108533517,21.965237592580824,1107.6416613133006,1107.3414110625163,1108.1038677045144,0.762456641998142,0.75,0.0019593213452678577,6
2022-06-23,2022-06-15,2022-07-01,0.6744031332672731,19.61795348970479,1107.6709115839715,1107.3414110625163,1108.359470100142,1.0180590376257896,1.0,0.005475667692157797,6
2022-06-23,2022-06-15,2022-07-01,0.18136778488825447,18.498437074867706,1109.8325763795947,1109.6402005748823,1110.4031476564705,0.7629470815882087,0.75,0.001691514702302935,6
2022-06-23,2022-06-15,2022-07-01,0.8394532331402591,14.383755661727088,1110.7028531746555,1109.8957879147492,1111.6804928043857,1.7847048896364868,1.25,0.003821274550676461,6
2022-06-23,2022-06-15,2022-07-01,0.10286432722871204,18.067453401972656,1109.9722964693367,1109.6402005748823,1110.4031476564705,0.7629470815882087,0.5,0.0012382811575799373,6
2022-06-23,2022-06-15,2022-07-01,0.11729711804942623,18.563003677942326,1110.3437687116277,1110.1513752401806,1110.6587349926122,0.5073597524315119,0.75,0.0012020947083221441,6
2022-06-23,2022-06-15,2022-07-01,9.549921299920769,16.68449240664283,1113.2962640675642,1109.8957879147492,1115.8251808970235,5.929392982274294,2.5,0.011199625794050105,6
2022-06-23,2022-06-15,2022-07-01,0.31703579200779336,24.495373012924908,1106.8454881373455,1106.5745884254575,1107.3375759413466,0.7629875158891082,0.75,0.002601194068797164,6
2022-07-03,2022-07-01,2022-07-06,7.040161202093894,19.131649456994495,1170.5420481389115,1167.1156213493086,1174.2896066126414,7.173985263332725,3.0,0.013265949413786565,7
2022-07-03,2022-07-01,2022-07-06,11.794601739224062,46.42185506795549,1115.4388424691938,1112.705428911373,1119.1929661869071,6.487537275534123,3.5,0.031163659284932598,7
2022-07-03,2022-07-01,2022-07-06,0.25179841179187773,45.98609368582694,1096.3940218637429,1096.2941199657507,1096.800638878718,0.5065189129672945,1.75,0.003992773964582139,7
2022-07-03,2022-07-01,2022-07-06,2.429702260212264,46.25318432045914,1098.993931571592,1097.8221393260173,1100.6198412557133,2.7977019296959043,2.25,0.012516738404035664,7
2022-07-09,2022-07-06,2022-07-12,1.6486499049821923,47.72876424619209,1114.4656121220455,1113.4721297477372,1115.8251808970235,2.3530511492863297,2.25,0.008185598024895565,7
2022-07-09,2022-07-06,2022-07-12,1.1483434951069298,2.1566560702112145,597.3012081038188,595.289519763086,598.9126456594095,3.6231258963234723,1.25,0.01946623149262102,7
2022-07-09,2022-07-06,2022-07-12,0.8995702547829831,14.504944268741516,122.30473189265207,121.89780585002154,122.96163696469739,1.0638311146758497,0.75,0.005439072190211173,7
2022-07-09,2022-07-06,2022-07-12,0.4852522447311451,1.962029885935041,600.5265648536106,599.9054718753323,601.4017746206373,1.4963027453050017,0.75,0.009270822663489475,7
2022-07-09,2022-07-06,2022-07-12,0.7132083122452022,6.254295737357691,20.77218594402075,20.772185944020748,21.023958360310644,0.2517724162898958,0.75,0.01211180695914765,7
2022-07-09,2022-07-06,2022-07-12,0.951761417817797,6.6671163178577055,20.627673096775034,20.555169028695673,21.023958360310644,0.46878933161497116,0.5,0.009183439911279333,7
2022-07-09,2022-07-06,2022-07-12,2.502238900435047,6.220073436672254,20.363314454854475,20.12127267755568,21.023958360310644,0.9026856827549636,1.25,0.03317491824589327,7
2022-07-09,2022-07-06,2022-07-12,0.9134913811106922,5.873430627914205,20.12127267755568,20.12127267755568,20.373045093845576,0.2517724162898958,0.5,0.0028061978172107377,7
2022-07-15,2022-07-12,2022-07-18,0.2590690326863932,2.7466429773727605,23.261750274764402,22.88057799357921,23.878107072785497,0.9975290792062879,0.75,0.012601062581712636,7
2022-07-15,2022-07-12,2022-07-18,1.4827522762128704,46.923760746528906,1096.3016455590132,1095.2740563247353,1097.3101318920963,2.0360755673609674,2.25,0.011632387359621408,7
2022-07-15,2022-07-12,2022-07-18,0.5475365862763966,14.583063970176502,526.6140375021366,525.7899200320244,527.5540281040594,1.7641080720350146,1.0,0.004627627958312199,7
2022-07-15,2022-07-12,2022-07-18,0.8617136283834262,28.976330440007487,1128.6746195320802,1128.2578223468736,1129.2806430305354,1.0228206836618483,1.75,0.008698409642370258,7
2022-07-15,2022-07-12,2022-07-18,0.3388202114979643,30.22980706711549,341.4917624385182,341.1505811950192,341.9080098234117,0.7574286283925176,0.75,0.013314596787387271,7
2022-07-15,2022-07-12,2022-07-18,5.090128259167755,16.82474345457675,140.69503311899817,139.52388531388715,142.05389916012064,2.530013846233487,1.0,0.17903150400872223,7
2022-07-15,2022-07-12,2022-07-18,16.287498131986393,13.99608221400225,23.30088340641438,22.88057799357921,23.878107072785497,0.9975290792062879,2.25,0.017934044160885516,7
2022-07-15,2022-07-12,2022-07-18,0.15729041105982733,0.75,98.25834128959104,98.25834128959104,98.51011370588094,0.2517724162898958,0.25,0.004551822956496858,7
2022-07-15,2022-07-12,2022-07-18,18.534761441565294,12.091736976960185,28.1626634484049,27.758620008360595,28.738993019796908,0.9803730114363134,1.5,0.014925502317043614,7
2022-07-15,2022-07-12,2022-07-18,3.410800577634784,10.248129865988492,22.064618010073115,21.806834855116904,22.560242858249694,0.7534080031327903,0.75,0.00762245311302183,7
2022-07-15,2022-07-12,2022-07-18,0.303759706610619,0.7096054945553624,20.620071810233203,20.230239662807435,21.2407767646946,1.0105371018871665,0.75,0.006857876072428575,7
2022-07-15,2022-07-12,2022-07-18,0.5068737045248726,0.5608268810924578,17.608059967676887,17.34561189636588,18.34404007392004,0.9984281775541604,0.75,0.031904160719977884,7
2022-07-15,2022-07-12,2022-07-18,0.19269968368683826,0.7500000000000001,98.7353293397464,98.73532933974639,98.98710175603628,0.2517724162898958,0.25,0.008245424530621647,7
2022-07-15,2022-07-12,2022-07-18,0.14795928471039527,0.42196321239401485,98.19871747253548,97.78135328413919,98.98710175603628,1.2057484718970954,0.75,0.00865760051083447,7
2022-07-15,2022-07-12,2022-07-18,4.38838062731207,11.751292315812725,26.965883928589623,26.843698393087834,27.337242446374148,0.493544053286314,0.75,0.00955489773871433,7
2022-07-23,2022-07-18,2022-07-29,0.8953491643376748,46.25941876750209,1113.4015632388987,1112.705428911373,1114.7486672964878,2.043238385114819,2.25,0.008513509854653165,7
2022-07-23,2022-07-18,2022-07-29,0.2386681026237352,46.87429772928844,1097.5674681872295,1097.3126554260962,1098.0739117423072,0.7612563162110746,1.0,0.002921387241970673,7
2022-07-23,2022-07-18,2022-07-29,1.386344526713705,0.2461139114184739,24.458078166683855,24.202802890446037,24.947121646720916,0.744318756274879,0.75,0.01269599094328167,7
2022-07-23,2022-07-18,2022-07-29,0.7107673786692718,0.2684190973962604,102.91315294144249,102.38186689838767,103.6264299317263,1.2445630333386362,0.75,0.01625913648189019,7
2022-07-23,2022-07-18,2022-07-29,0.39301516825092553,46.60286548232495,1094.5530167686795,1094.2140080998652,1095.228488090448,1.0144799905829132,1.0,0.007222993524566355,7
2022-07-31,2022-07-29,2022-08-02,0.1253751101398794,11.50935711488644,181.08007313387662,180.80850557610393,181.6276551298797,0.8191495537757874,0.75,0.00377428613252057,7
2022-07-31,2022-07-29,2022-08-02,0.3599149633968133,38.36660201815288,1292.3775839865998,1292.1766004320234,1292.934751699213,0.7581512671895325,1.0,0.011407153030590478,7
2022-07-31,2022-07-29,2022-08-02,0.34340970793140874,41.76152684033267,1259.2003923829566,1259.0100850998424,1259.7653909428045,0.755305842962116,0.75,0.012766058655793302,7
2022-07-31,2022-07-29,2022-08-02,0.4347105686816544,46.484056647416416,1116.2899968403915,1115.8662522188388,1116.8872101628222,1.020957943983376,1.25,0.010813111451134895,7
2022-07-31,2022-07-29,2022-08-02,3.2762622733471374,4.027546066158628,70.65063479003827,44.03206609515473,135.88867715653032,91.85661106137559,1.0,0.011062839700415357,7
2022-07-31,2022-07-29,2022-08-02,0.06289092423919787,11.506131833289796,181.9432599004358,181.9432599004358,182.1950323167257,0.2517724162898958,0.75,0.008430159243478931,7
2022-07-31,2022-07-29,2022-08-02,2.7776755949613428,2.389330363513046,53.351428515495535,30.184780366253108,115.06676263501868,84.88198226876557,2.0,0.015762805150561564,7
2022-07-31,2022-07-29,2022-08-02,0.3768416229439829,2.486739646769178,24.941693839151416,24.941693839151412,25.193466255441308,0.2517724162898958,0.75,0.018712047602718367,7
2022-07-31,2022-07-29,2022-08-02,0.08667492025954322,0.0,17.843834353481512,17.594453269150108,18.34404007392004,0.7495868047699332,0.25,0.0021922696412561794,7
2022-07-31,2022-07-29,2022-08-02,0.18004132191303115,0.5034492770546032,17.846555730291577,17.594453269150108,18.34404007392004,0.7495868047699332,0.75,0.005064552505504316,7
2022-07-31,2022-07-29,2022-08-02,0.021389577398324387,3.2499999999999996,114.81499021872878,114.81499021872878,115.06676263501868,0.2517724162898958,0.25,0.0011785713063179966,7
2022-08-06,2022-08-02,2022-08-10,0.18828070012232617,33.50311087145185,1164.871802286782,1164.6057453597896,1165.3722915370017,0.7665461772121489,0.75,0.004047763589330742,8
2022-08-06,2022-08-02,2022-08-10,0.9407106858651049,30.53872452370504,1164.4493571881014,1163.3193623027764,1165.3722915370017,2.052929234225303,2.5,0.009003492369356516,8
2022-08-06,2022-08-02,2022-08-10,0.045664592573539116,29.124507229596553,1163.3193623027764,1163.3193623027764,1163.5711347190663,0.2517724162898958,0.5,0.0037569075483802864,8
2022-08-06,2022-08-02,2022-08-10,0.4564251213263049,31.192737201353896,1162.1263528984646,1161.5186556410044,1163.056898058392,1.5382424173876643,1.25,0.006499450717590447,8
2022-08-06,2022-08-02,2022-08-10,0.30946612842582943,28.68030296743624,1161.6118094646554,1161.2612521206029,1162.2852351260372,1.0239830054342747,1.75,0.004460858267413924,8
2022-08-06,2022-08-02,2022-08-10,0.30024269772746537,32.350596847212785,1160.6418534530515,1160.2321021566167,1161.256113807205,1.0240116505883634,1.0,0.003732407766097381,8
2022-08-06,2022-08-02,2022-08-10,0.17490365398621954,41.500846601251354,1141.1773993869106,1140.9173549101688,1141.6839457442984,0.7665908341296017,0.75,0.0037097163038696582,8
2022-08-06,2022-08-02,2022-08-10,0.32180423568611577,34.86482173233651,1152.372713016065,1152.013877980411,1153.03827583557,1.0243978551588953,1.0,0.0068239194234255484,8
2022-08-06,2022-08-02,2022-08-10,0.3984491723117103,31.1207682344632,1151.4973805358823,1151.2418277752586,1152.008702726569,0.7668749513104558,1.5,0.006394921752242963,8
2022-08-06,2022-08-02,2022-08-10,0.8617902301410826,38.02915075511764,1150.7887701605318,1149.9546180777252,1152.008702726569,2.0540846488438547,1.25,0.008929099883102951,8
2022-08-06,2022-08-02,2022-08-10,0.059353521790324826,40.495337343354144,1145.8281988240778,1145.8281988240778,1146.0799712403677,0.2517724162898958,0.75,0.004158671853877046,8
2022-08-06,2022-08-02,2022-08-10,0.1769625229204302,29.25148667884536,1145.038577378119,1144.778392556589,1145.5449697491713,0.76657719258219,0.75,0.002433497473181807,8
2022-08-06,2022-08-02,2022-08-10,0.49596931528914895,40.09582030662549,1143.3321034605478,1142.7178841102868,1144.256007811986,1.538123701699078,1.5,0.0063437860627157,8
2022-08-06,2022-08-02,2022-08-10,1.836917135280247,29.325849562073387,1167.5779528332787,1165.369187087752,1169.4092014948837,4.040014407131821,3.0,0.01074901269548591,8
2022-08-06,2022-08-02,2022-08-10,0.8647228752460271,39.47680421995162,1155.1534836833443,1154.3305032746866,1156.1252048001625,1.7947015254758298,2.25,0.008881959755523344,8
2022-08-06,2022-08-02,2022-08-10,0.9632519332386434,39.69506339189366,1167.3133800719568,1166.3444108814,1168.638200304471,2.293789423070848,2.0,0.011290392580886335,8
2022-08-06,2022-08-02,2022-08-10,0.23902750774798903,42.50417865147147,1186.0625623352407,1185.6660441881977,1186.686442204751,1.0203980165533721,0.75,0.0035985018066999014,8
2022-08-06,2022-08-02,2022-08-10,0.1785524657293009,36.74850858101305,1169.9281944995175,1169.671000173781,1170.4367678761482,0.7657677023671567,0.75,0.003668518636761847,8
2022-08-06,2022-08-02,2022-08-10,0.4175352209302944,27.50425320048107,1208.0269540265367,1207.6452540773898,1208.6582809202373,1.0130268428474665,1.25,0.005116189516125715,8
2022-08-06,2022-08-02,2022-08-10,0.18712456118672297,41.993335835926736,1206.6731067524447,1206.407294797711,1207.1668571182527,0.7595623205415905,0.75,0.006017236100551527,8
2022-08-06,2022-08-02,2022-08-10,0.261990473918813,29.63087182011648,1198.7724242594734,1198.5165471388027,1199.2776394872926,0.7610923484899104,1.0,0.005970264799533088,8
2022-08-06,2022-08-02,2022-08-10,0.25562340128325783,39.38488616122105,1196.1946656679665,1195.9298482979648,1196.6923718350008,0.7625235370360315,1.0,0.004649790196166926,8
2022-08-06,2022-08-02,2022-08-10,0.5695662950431379,29.760377054377944,1195.5858177537343,1194.6896249502897,1196.7602854641154,2.0706605138257146,1.25,0.0058966681429303645,8
2022-08-06,2022-08-02,2022-08-10,0.17885572560472204,32.247764509179156,1191.1147128721977,1190.8581440146081,1191.6209666393697,0.7628226247616112,0.75,0.0028117362663424047,8
2022-08-06,2022-08-02,2022-08-10,0.23797679851170722,32.37513998271277,1188.8167499624385,1188.563020769041,1189.3258933830075,0.762872613966465,1.0,0.003001993483600579,8
2022-08-06,2022-08-02,2022-08-10,0.19915122596805868,34.266864476097886,1168.6197490630718,1168.386427888181,1169.152201085817,0.7657731976360083,0.75,0.005307911772764696,8
2022-08-06,2022-08-02,2022-08-10,0.2857985771480182,32.12211513007352,1138.9824714805163,1138.601776059717,1139.625831172336,1.024055112618953,1.0,0.00407088579377078,8
2022-08-06,2022-08-02,2022-08-10,0.2453884749024492,32.12392960917011,1184.154607805448,1183.8982027228922,1184.6626024083234,0.7643996854312718,1.0,0.004345331189531652,8
2022-08-06,2022-08-02,2022-08-10,0.6558717392817758,36.92369180139141,1180.1865872326316,1179.5421809824184,1181.3315668962896,1.7893859138712287,2.0,0.005480868019204457,8
2022-08-06,2022-08-02,2022-08-10,0.17598589771764164,42.250350506732595,1178.7722860687413,1178.5171052361839,1179.2815680955537,0.7644628593698144,0.75,0.0034581208797189395,8
2022-08-06,2022-08-02,2022-08-10,1.0623434508092515,21.58548745019874,1175.1184771355795,1174.551260351669,1176.327756921295,1.7764965696260333,2.0,0.007559734983473068,8
2022-08-06,2022-08-02,2022-08-10,0.24742990859683175,34.133152518857116,1171.9837740715554,1171.7259923447855,1172.4917222736403,0.7657299288548529,1.0,0.0035537231406446382,8
2022-08-06,2022-08-02,2022-08-10,0.17793826691976164,29.00229415239638,1171.9803010244036,1171.7259923447855,1172.4917222736403,0.7657299288548529,0.75,0.003346791486695054,8
2022-08-06,2022-08-02,2022-08-10,0.17266546014850642,39.88779459674636,1170.561277832625,1170.441540607717,1170.9503018213436,0.5087612136267126,1.0,0.004432297033928241,8
2022-08-06,2022-08-02,2022-08-10,0.41478775443753085,39.109429202395674,1186.0711719360143,1185.6660441881977,1186.686442204751,1.0203980165533721,1.5,0.005206910813582964,8
2022-08-06,2022-08-02,2022-08-10,0.18651974089969053,41.25147335392519,1138.0906077054774,1137.8300848226063,1138.596720594447,0.7666357718408108,0.75,0.005464255016622806,8
2022-08-06,2022-08-02,2022-08-10,2.464732552409654,41.158528919289076,1066.1179962756582,1064.9617399796844,1067.7425654884428,2.7808255087584257,5.0,0.009143530250144437,8
2022-08-06,2022-08-02,2022-08-10,0.8043068738589588,37.63663132528575,1130.999010116764,1130.5696772271767,1132.1057954467833,1.5361182196065784,2.5,0.0064855755190757446,8
2022-08-06,2022-08-02,2022-08-10,0.3339954966846011,31.265623433468235,1030.87076388574,1030.4877837845124,1031.4910163017921,1.0032325172796845,1.25,0.00545399411340512,8
2022-08-06,2022-08-02,2022-08-10,0.18809678037222638,30.25915509901411,1026.9846100925654,1026.7304877447896,1027.4832383668981,0.7527506221085787,0.75,0.0038798690914686822,8
2022-08-06,2022-08-02,2022-08-10,0.19029034754915208,26.00308248313383,1026.9883299233786,1026.7304877447896,1027.4832383668981,0.7527506221085787,0.75,0.003420323895411999,8
2022-08-06,2022-08-02,2022-08-10,0.6807519524026473,32.09369665569893,1025.5303522528038,1024.7270524920896,1026.2307774587534,1.5037249666638672,2.25,0.006102138978163171,8
2022-08-06,2022-08-02,2022-08-10,0.8081049866449,28.252716833799916,1025.4518569513355,1024.4767429535277,1026.4812406096607,2.004497656133026,2.75,0.005703224324330135,8
2022-08-06,2022-08-02,2022-08-10,0.38280466379449685,39.75025819019077,1021.3138585087528,1020.7226389725693,1022.2257976043038,1.50315863173455,0.75,0.008257773255645784,8
2022-08-06,2022-08-02,2022-08-10,0.7426192958834186,23.30356091400912,1019.3447728379351,1018.4701389330439,1020.473208702635,2.003069769591093,2.25,0.006282564393046629,8
2022-08-06,2022-08-02,2022-08-10,0.19075486765720698,31.002043247655898,1011.9755975525693,1011.7181270294823,1012.4701691120863,0.7520420826040208,0.75,0.0034357682430202286,8
2022-08-06,2022-08-02,2022-08-10,3.310502000157378,31.10201769079468,1007.1648486061426,1005.4704843945801,1009.7187826130539,4.248298218473792,5.5,0.010542738527199544,8
2022-08-06,2022-08-02,2022-08-10,1.1889531269924085,24.825520382378812,1004.2593961023936,1003.4696785076521,1005.4717869949527,2.002108487300575,4.75,0.008788775935086384,8
2022-08-06,2022-08-02,2022-08-10,0.17551772690955061,20.499363549905073,1001.7187486340256,1001.4692885684781,1002.221156517975,0.7518679494969547,0.75,0.0031528414228926536,8
2022-08-06,2022-08-02,2022-08-10,0.3409186087015325,19.892564072360862,992.3641275850865,991.7243272168562,993.2261310173199,1.5018038004636765,1.0,0.004321139750204214,8
2022-08-06,2022-08-02,2022-08-10,0.09459794642776995,19.693431318666697,991.535185214362,991.4743214691989,991.9760996331461,0.501778163947165,0.75,0.003047098547674101,8
2022-08-06,2022-08-02,2022-08-10,0.2946254033476216,18.350358142300244,990.8754853120745,990.4740453967825,991.4760458422825,1.0020004455000162,1.0,0.002884023813652067,8
2022-08-06,2022-08-02,2022-08-10,0.15751845392588187,18.371561761129538,989.6003860758996,989.4742468791083,989.9759547868744,0.5017079077661037,1.0,0.0023093907232534846,8
2022-08-06,2022-08-02,2022-08-10,0.21453949310859305,30.263725671980982,1032.9977944046004,1032.742137145251,1033.4948788937181,0.7527417484670877,0.75,0.004771733621298941,8
2022-08-06,2022-08-02,2022-08-10,0.19833013317543324,32.75712548592597,1036.0012749172356,1035.7536864038557,1036.5069982386194,0.7533118347637355,0.75,0.004597502265359688,8
2022-08-06,2022-08-02,2022-08-10,0.3842206948068154,31.964896611445063,1041.9457268385063,1041.5217632572167,1042.5258710072376,1.0041077500209212,1.25,0.006075572711875296,8
2022-08-06,2022-08-02,2022-08-10,0.1760473931303205,16.502993640525016,1041.7756172902855,1041.5217632572167,1042.2750925631262,0.753329305909574,0.75,0.0027892026100531076,8
2022-08-06,2022-08-02,2022-08-10,0.183569031123877,31.99846267420283,1130.5674451259122,1130.3126787673682,1131.0784481121227,0.7657693447545171,0.75,0.004589761098567442,8
2022-08-06,2022-08-02,2022-08-10,0.4342824296877535,41.631064859818736,1128.6828354251918,1128.2578223468736,1129.2806430305354,1.0228206836618483,1.5,0.004069502353894538,8
2022-08-06,2022-08-02,2022-08-10,0.30578162794273905,36.0926340719266,1128.6153754302036,1128.2578223468736,1129.2806430305354,1.0228206836618483,1.0,0.0038143353100497652,8
2022-08-06,2022-08-02,2022-08-10,0.6598668639834637,43.15488553728725,1125.5268409579844,1125.147042706143,1126.1691969688982,1.0221542627550662,2.0,0.008042782009251083,8
2022-08-06,2022-08-02,2022-08-10,6.467304996887095,47.76098041860066,1114.1530123225623,1112.705428911373,1116.8872101628222,4.181781251449138,4.0,0.019459138901201264,8
2022-08-06,2022-08-02,2022-08-10,0.35925557143854997,40.95475810074386,1112.1077898468693,1111.6837378689088,1112.7022286439314,1.0184907750226557,1.25,0.0037949568346036396,8
2022-08-06,2022-08-02,2022-08-10,1.6005785569382338,48.858469791191744,1087.9610317328631,1086.8195181870833,1089.1015182738192,2.282000086735934,3.25,0.010651135496648466,8
2022-08-06,2022-08-02,2022-08-10,0.37441774694925606,36.886548373197925,1134.9491171864329,1134.6834820182994,1135.449266992975,0.7657849746756256,1.5,0.0048269994650601234,8
2022-08-06,2022-08-02,2022-08-10,0.3200128120011091,32.00133399617636,1077.3814432205763,1077.133379822597,1077.8912513800897,0.7578715574927628,1.25,0.005877368453212784,8
2022-08-06,2022-08-02,2022-08-10,3.8001327560371165,34.99435521117236,1060.5091504027755,1057.6324426289648,1063.6721490910277,6.039706462062895,8.0,0.011949501792866942,8
2022-08-06,2022-08-02,2022-08-10,0.8478416606199979,35.56653821920451,1055.1902091289915,1054.6061091055162,1056.3743121190928,1.7682030135765672,3.25,0.004068950384832051,8
2022-08-06,2022-08-02,2022-08-10,0.5192722371650684,37.22042612929396,1051.5207665444466,1051.0735622188076,1052.32994556427,1.2563833454623818,2.25,0.006344560789046396,8
2022-08-06,2022-08-02,2022-08-10,0.17799957350312826,34.00111830361563,1049.8173098763782,1049.5665966947563,1050.3207172341645,0.7541205394081771,0.75,0.002145508435513861,8
2022-08-06,2022-08-02,2022-08-10,0.36020072508930234,20.25063165776634,1045.4105417043445,1044.7889760024846,1046.302118448075,1.513142445590347,0.75,0.0034653539254583354,8
2022-08-06,2022-08-02,2022-08-10,12.958032192832329,31.38950976842926,1047.5768302689087,1044.5379870044999,1051.3253346350975,6.787347630597651,18.75,0.02463584898780453,8
2022-08-06,2022-08-02,2022-08-10,0.37582062285282336,37.378423348365935,1042.7697104289382,1042.5252981432714,1043.2786551811732,0.7533570379018784,1.5,0.005859766877322957,8
2022-08-06,2022-08-02,2022-08-10,0.5997869158290388,41.082723477817744,1068.1507956123583,1067.7419235166162,1068.7506213374436,1.008697820827365,2.0,0.0038995704477130426,8
2022-08-06,2022-08-02,2022-08-10,0.18151784124836326,32.50070938401576,1208.6626651595848,1208.4065085039474,1209.1658990266733,0.7593905227258801,0.75,0.00287009538787433,8
2022-08-06,2022-08-02,2022-08-10,0.6934869788772147,43.51980103796807,1243.851069057479,1243.5253945435397,1244.2812249399722,0.7558303964324296,0.75,0.007247009571855246,8
2022-08-06,2022-08-02,2022-08-10,0.18712103637289487,37.00455125703868,1212.976913505129,1212.720417002216,1213.4797568554059,0.7593398531898856,0.75,0.006880800374621909,8
2022-08-06,2022-08-02,2022-08-10,0.25351096776748155,32.37672598787224,1311.0576746133277,1310.8015719656833,1311.5652367421426,0.7636647764593363,1.0,0.00451101194911039,8
2022-08-06,2022-08-02,2022-08-10,0.1926714222331097,34.25472813007078,1311.0510531996567,1310.8015719656833,1311.5652367421426,0.7636647764593363,0.75,0.0033941592956509043,8
2022-08-06,2022-08-02,2022-08-10,0.6098562389030325,29.16675907378754,1310.1665351142317,1308.7054869853891,1311.8211829210632,3.1156959356740117,2.5,0.005058984042761775,8
2022-08-06,2022-08-02,2022-08-10,0.2348710598705632,30.501367285169806,1302.2998733017357,1301.9128517163917,1302.927697326988,1.0148456105962396,0.75,0.0028204031654450582,8
2022-08-06,2022-08-02,2022-08-10,0.23116591404933706,31.37473407926826,1299.3710345600782,1299.1153042567894,1299.8758204155602,0.7605161587707698,1.0,0.003511625065210595,8
2022-08-06,2022-08-02,2022-08-10,0.24321605660849183,37.623924253803374,1296.9103542102187,1296.654311683029,1297.4131024465896,0.7587907635606825,1.0,0.003939404136895413,8
2022-08-06,2022-08-02,2022-08-10,0.28734301209264446,33.11351424704219,1295.5981647957826,1295.2144385315478,1296.2257594889961,1.0113209574483335,1.0,0.008159205743758228,8
2022-08-06,2022-08-02,2022-08-10,0.3678354718408771,28.864848323116473,1294.0654680561993,1293.4424669607542,1294.9598594740964,1.5173925133422017,2.0,0.004506571341588988,8
2022-08-06,2022-08-02,2022-08-10,0.5597492479302665,37.669459678126685,1290.4897985745183,1289.898169547785,1291.1626396221109,1.2644700743258,1.75,0.006274265160677187,8
2022-08-06,2022-08-02,2022-08-10,0.18526220062342658,27.998806707917026,1288.6245112401623,1288.37900259858,1289.1372024524026,0.7581998538225889,0.75,0.004235605179876197,8
2022-08-06,2022-08-02,2022-08-10,0.18062518214640744,30.749664855533304,1288.3724457134156,1288.1257889098488,1288.8839887445793,0.7581998347304761,0.75,0.005051566929174438,8
2022-08-06,2022-08-02,2022-08-10,0.1768759132092264,32.497259965154164,1288.378471962064,1288.1257889098488,1288.8839887445793,0.7581998347304761,0.75,0.0032178225318050787,8
2022-08-06,2022-08-02,2022-08-10,0.27469339941030346,41.771214420939316,1285.9621159543467,1285.7774325846694,1286.5344488155097,0.757016230840236,0.75,0.015866982393906614,8
2022-08-06,2022-08-02,2022-08-10,0.18232703779431897,32.74884661697327,1286.0267244538418,1285.7774325846694,1286.5344488155097,0.757016230840236,0.75,0.0028330914194422117,8
2022-08-06,2022-08-02,2022-08-10,0.17920776638579938,35.99688143079772,1284.896627644516,1284.6426478810608,1285.3992354953662,0.7565876143053174,0.75,0.006942549627294632,8
2022-08-06,2022-08-02,2022-08-10,0.88185730997974,32.75684001399534,1313.300330461569,1312.8485117647797,1313.8680656556971,1.0195538909174502,3.75,0.00908978994194848,8
2022-08-06,2022-08-02,2022-08-10,0.2515803768793706,17.62884002272734,1284.142252325023,1283.8855125019327,1284.642101382371,0.7565888804383576,1.0,0.004138664030527898,8
2022-08-06,2022-08-02,2022-08-10,0.23644010556888181,36.62277487015529,1314.5661327224464,1313.6162932394072,1315.4030326716602,1.7867394322529435,1.0,0.0035447800225294063,8
2022-08-06,2022-08-02,2022-08-10,0.3662513827406851,41.50504501037935,1317.329665696191,1316.9419061699882,1317.9613748760894,1.0194687061011791,1.25,0.003662241102462398,8
2022-08-06,2022-08-02,2022-08-10,7.857022015117004,18.79528103764873,1487.1334649384842,1482.9053655550815,1490.0488591189496,7.143493563868105,4.0,0.02016038816077487,8
2022-08-06,2022-08-02,2022-08-10,0.2047036260076038,19.99929709141594,1473.8081694597595,1473.3516766605899,1474.3591075590812,1.0074308984912932,0.75,0.003670438100969799,8
2022-08-06,2022-08-02,2022-08-10,0.4277692031645419,20.97106196545826,1472.9253353066324,1472.571945735719,1473.6034490768798,1.0315033411607146,2.0,0.004962695220487324,8
2022-08-06,2022-08-02,2022-08-10,3.8772175390739694,21.164549375875488,1471.555749632341,1470.206881791819,1473.0992373884656,2.8923555966466665,4.25,0.013333238991441634,8
2022-08-06,2022-08-02,2022-08-10,0.18363002299172326,38.249703674199985,1359.5728699073634,1359.296562098898,1360.0783139914274,0.781751892529428,0.75,0.0036697238708235224,8
2022-08-06,2022-08-02,2022-08-10,0.17710829914946202,41.49610915407864,1359.5581184754612,1359.296562098898,1360.0783139914274,0.781751892529428,0.75,0.004084484773272903,8
2022-08-06,2022-08-02,2022-08-10,0.2350622810207354,40.6231160229427,1356.1179039106835,1355.85440210253,1356.6362825375982,0.7818804350681603,1.0,0.00288194466765501,8
2022-08-06,2022-08-02,2022-08-10,0.18091925232863404,33.50377200947699,1350.2492986902405,1349.9825775125064,1350.759517709259,0.7769401967525482,0.75,0.0032084669610216586,8
2022-08-06,2022-08-02,2022-08-10,0.34019268588226464,38.4911667297283,1338.7527575208983,1338.332933172118,1339.365143230185,1.032210058066994,1.25,0.0038551575725403113,8
2022-08-06,2022-08-02,2022-08-10,0.541269089631484,18.679022684185377,1340.325496735715,1339.3728680559434,1341.477005543653,2.1041374877095222,2.25,0.004662123445422955,8
2022-08-06,2022-08-02,2022-08-10,0.6591628453644133,31.178475887956484,1338.810767018434,1338.332933172118,1339.365143230185,1.032210058066994,2.5,0.006066623497245355,8
2022-08-06,2022-08-02,2022-08-10,0.17486248919615618,18.250732963920715,1338.5915828487757,1338.332933172118,1339.1049973643385,0.7720641922205687,0.75,0.0034933237970172586,8
2022-08-06,2022-08-02,2022-08-10,0.41597882679589426,37.79128407744393,1329.8631070739912,1329.3954265965149,1330.4229062562808,1.0274796597659588,1.5,0.008771036953134272,8
2022-08-06,2022-08-02,2022-08-10,0.07081930057127075,33.51677225427772,1325.76232903637,1325.76232903637,1326.0141014526598,0.2517724162898958,0.75,0.007321663739278622,8
2022-08-06,2022-08-02,2022-08-10,0.7737722928699448,34.71734591605996,1324.1645106752253,1322.9262991189025,1327.3025105292909,4.3762114103883505,5.75,0.008629063194444953,8
2022-08-06,2022-08-02,2022-08-10,0.06525733317990659,34.50560564717048,1314.8953602309339,1314.8953602309339,1315.1471326472238,0.2517724162898958,0.75,0.004116989982812551,8
2022-08-06,2022-08-02,2022-08-10,0.17453298204633674,13.5016792174459,1284.1373551690267,1283.8855125019327,1284.642101382371,0.7565888804383576,0.75,0.002254959398563412,8
2022-08-06,2022-08-02,2022-08-10,0.6601495414638533,37.24488674524,1282.96897398015,1282.623595516663,1283.6325907371938,1.0089952205307782,2.25,0.008008062826946778,8
2022-08-06,2022-08-02,2022-08-10,0.1904371308678491,27.253437728884464,1281.1094854990467,1280.8568707369268,1281.61349123111,0.7566204941831529,0.75,0.004275926121272607,8
2022-08-06,2022-08-02,2022-08-10,0.2971612551244934,32.650496313472104,1251.3119948107746,1250.9581342819147,1251.96526546916,1.0071311872452497,1.0,0.004051504035585965,8
2022-08-06,2022-08-02,2022-08-10,2.449183654467526,29.162762542239903,1250.001721389576,1248.943898417987,1251.461692938581,2.5177945205941796,4.25,0.011114809205569724,8
2022-08-06,2022-08-02,2022-08-10,0.3939786383449628,40.66101754961672,1246.775834642603,1246.1850660732016,1247.6848961762153,1.4998301030136645,1.0,0.006877238603143924,8
2022-08-06,2022-08-02,2022-08-10,0.48953155754772043,43.133457651343655,1246.4345275174767,1245.9332335782237,1247.181268364191,1.2480347859673202,1.5,0.005807641676562179,8
2022-08-06,2022-08-02,2022-08-10,0.5426244434914768,31.897227855836388,1246.6476049807507,1246.1850660732016,1247.4330822722986,1.2480161990970373,1.5,0.012980615642755664,8
2022-08-06,2022-08-02,2022-08-10,0.8662344538903277,36.08804368740364,1245.1043085617005,1244.2814757195301,1246.0169830145314,1.7355072950012982,2.75,0.008216860952322614,8
2022-08-06,2022-08-02,2022-08-10,0.5029710432430669,31.730620229251233,1244.4604987885293,1244.0294525236823,1245.0372945647687,1.0078420410864055,1.75,0.004733048421695187,8
2022-08-06,2022-08-02,2022-08-10,0.5763851732797254,7.083026235740656,979.5499697899605,978.7305775503628,980.4821708905511,1.7515933401882648,1.25,0.0056083902242577525,8
2022-08-06,2022-08-02,2022-08-10,0.1744025009915945,38.74996201452579,1235.6265189211156,1235.3756258753128,1236.132069107145,0.756443231832236,0.75,0.0035295267772091662,8
2022-08-06,2022-08-02,2022-08-10,0.5788136441210495,26.641979380203388,1236.343691200249,1235.9850971894339,1236.993050226476,1.0079530370421708,2.0,0.0029455545297206107,8
2022-08-06,2022-08-02,2022-08-10,0.11715234891005953,29.000732843982675,1225.414522367534,1225.2866995916702,1225.791385202203,0.5046856105327606,0.75,0.0036605755815402037,8
2022-08-06,2022-08-02,2022-08-10,0.17972547341679548,28.996789463620054,1221.0372742515308,1220.7865529954433,1221.5442719031125,0.7577189076691866,0.75,0.002555400802005545,8
2022-08-06,2022-08-02,2022-08-10,0.25359713687695673,28.83993308496671,1219.6524765729525,1219.2683872077614,1220.2793295532465,1.0109423454850912,1.0,0.002773738800494077,8
2022-08-06,2022-08-02,2022-08-10,0.1849996019932362,36.74749843152252,1217.7483883076973,1217.4972928380594,1218.2551791914739,0.7578863534145057,0.75,0.0038726878661043116,8
2022-08-06,2022-08-02,2022-08-10,0.23679888126209495,34.50447215791139,1216.8843993367723,1216.5153333232738,1217.4960082620382,0.9806749387644231,0.75,0.004269786461998112,8
2022-08-06,2022-08-02,2022-08-10,0.24180002559617336,35.751243568701824,1250.3323390570008,1249.9510297845118,1250.9582046582364,1.0071748737245798,0.75,0.00740322197512845,8
2022-08-06,2022-08-02,2022-08-10,0.48012999786483124,30.416362185369692,1252.502116552768,1252.2170323180035,1252.9723583701998,0.7553260521963239,3.25,0.0073404410045819195,8
2022-08-06,2022-08-02,2022-08-10,0.23745235656857536,32.69874946056877,1253.974944031636,1253.727537386585,1254.482834466733,0.7552970801480114,1.25,0.0052233859411396615,8
2022-08-06,2022-08-02,2022-08-10,0.46518579432352813,33.38879513585951,1255.9184454547017,1255.4887956129387,1256.7447496564128,1.2559540434740484,3.25,0.008973696357160953,8
2022-08-06,2022-08-02,2022-08-10,0.07235441993649432,36.73322061971899,1280.6044466993771,1280.6044466993771,1280.856219115667,0.2517724162898958,0.75,0.0063417320062214835,8
2022-08-06,2022-08-02,2022-08-10,0.3158000300455384,28.265203957163617,1279.3435419724551,1279.0900737042539,1279.846593032591,0.7565193283371627,1.25,0.006663730685674156,8
2022-08-06,2022-08-02,2022-08-10,0.5379476449726837,31.916891045179526,1278.0083075429286,1277.5755790015683,1278.5846519609913,1.0090729594230652,2.25,0.007128931337048649,8
2022-08-06,2022-08-02,2022-08-10,0.5393860837300519,39.04554877848835,1276.2936264869873,1275.3438844284974,1277.5526189603843,2.2087345318868756,1.75,0.010861946409803567,8
2022-08-06,2022-08-02,2022-08-10,0.6588999949618066,41.03884971834656,1274.575765401647,1274.0064350916073,1275.266041050665,1.259605959057808,1.5,0.009629831407888974,8
2022-08-06,2022-08-02,2022-08-10,0.18501414185027695,41.25258310661373,1272.4959528502818,1272.2429963932373,1272.9986705123447,0.7556741191074252,0.75,0.003987630850981208,8
2022-08-06,2022-08-02,2022-08-10,1.9762430808929574,36.239520298772256,1273.9223305026364,1271.2351899063215,1277.0478288657032,5.812638959381729,3.75,0.01116459053090628,8
2022-08-06,2022-08-02,2022-08-10,0.2627948867888592,41.36114853520309,1209.9140767297517,1209.6753201121464,1210.4347090716474,0.7593889595009387,1.0,0.005914411345546505,8
2022-08-06,2022-08-02,2022-08-10,0.6801169194256601,31.985611991006245,1271.6228691592946,1271.2351899063215,1272.24284277251,1.0076528661884367,2.25,0.005898656544650794,8
2022-08-06,2022-08-02,2022-08-10,0.07952898965419526,41.631254620080945,1267.2038920484483,1267.2038920484483,1267.4556644647382,0.2517724162898958,1.0,0.0030203711927091112,8
2022-08-06,2022-08-02,2022-08-10,0.19540592244643423,40.25779589851457,1266.677385906169,1266.4369746260345,1267.1926783355884,0.7557037095539272,0.75,0.004716452301769652,8
2022-08-06,2022-08-02,2022-08-10,0.18347864482642895,38.75286407304034,1263.5440841356933,1263.289753478486,1264.0450590960681,0.755305617582053,0.75,0.0035610033171323604,8
2022-08-06,2022-08-02,2022-08-10,2.1406359918163234,29.585644420723966,1264.049715585,1263.037986903917,1265.8423131923191,2.8043262884020805,5.5,0.011705917892487674,8
2022-08-06,2022-08-02,2022-08-10,0.24380268633844726,35.24863762469078,1263.4041845198917,1263.037986903917,1264.0450590960681,1.0070721921510994,0.75,0.0047245353423482645,8
2022-08-06,2022-08-02,2022-08-10,0.6126947211242848,30.92684788964655,1262.2078558266926,1261.7793530207127,1263.038153284695,1.2588002639822662,5.25,0.006367828371914106,8
2022-08-06,2022-08-02,2022-08-10,0.18027251193428936,28.499626665689036,1260.2707158212158,1260.0170620176941,1260.7723675444722,0.7553055267781019,0.75,0.003581791259882908,8
2022-08-06,2022-08-02,2022-08-10,0.5521734159241034,41.50253514359516,1269.953121239499,1269.2196076116525,1270.9830455994233,1.7634379877708852,1.25,0.00724173374181873,8
2022-08-06,2022-08-02,2022-08-10,0.12213605800430989,13.001207470547614,976.8553649736634,976.7341419858858,977.2359359366819,0.5017939507961273,0.75,0.0031849883449524877,8
2022-08-06,2022-08-02,2022-08-10,0.9410141345698384,27.09053716149192,1212.802919417413,1211.7053939071484,1214.2408030936494,2.535409186501056,3.25,0.005428869438364556,8
2022-08-06,2022-08-02,2022-08-10,0.31375645628561744,24.43705884311852,976.8593710122328,976.4841204504482,977.4859574730508,1.0018370226025581,1.25,0.003029927713996589,8
2022-08-06,2022-08-02,2022-08-10,1.8963349849229338,26.510477802136265,358.6155945639454,357.3947319104336,363.25844760704786,5.863715696614236,4.25,0.007230760015342777,8
2022-08-06,2022-08-02,2022-08-10,0.4415660168617079,10.922491133690267,358.7654159585115,358.4002068960108,359.4064050009474,1.0061981049366295,1.5,0.00634523656425374,8
2022-08-06,2022-08-02,2022-08-10,0.4944763048605499,38.61968183250222,351.8826801429303,351.4809869402088,352.618935091421,1.1379481512121856,3.0,0.007802581205572564,8
2022-08-06,2022-08-02,2022-08-10,0.4602432500193412,25.182183400774505,343.0764034898866,342.66786834737286,343.6787594058551,1.0108910584822297,1.5,0.005561699831878591,8
2022-08-06,2022-08-02,2022-08-10,0.8384067410919501,24.674377629161643,331.9549060159604,331.57049141358584,332.58863152144477,1.018140107858926,2.25,0.006131945776500142,8
2022-08-06,2022-08-02,2022-08-10,0.4450424903858388,24.19268679446809,322.9019971801696,322.3594453721307,323.6461668452248,1.286721473094076,1.25,0.00456473162294887,8
2022-08-06,2022-08-02,2022-08-10,0.1805998790185703,35.498727806093285,309.31254863978427,309.0449928212911,309.82417365117,0.7791808298788965,0.75,0.003252167481898793,8
2022-08-06,2022-08-02,2022-08-10,0.2549030174571484,17.374963361818313,307.21089994007457,306.9433484207839,307.7224579676986,0.7791095469146967,1.0,0.004198932299089037,8
2022-08-06,2022-08-02,2022-08-10,0.2447990127328105,27.37274636166564,304.0400145438262,303.7809450174682,304.55984685663134,0.7789018391631544,1.0,0.0035624561634837494,8
2022-08-06,2022-08-02,2022-08-10,0.18307348006551444,31.246748557273285,289.7116035057442,289.3682386605069,290.2853564321995,0.917117771692574,0.75,0.002478500303393288,8
2022-08-06,2022-08-02,2022-08-10,0.37533382088592687,29.16597232295808,288.50664667059453,288.1520260218531,289.0710296393372,0.9190036174841225,1.0,0.011425110549146768,8
2022-08-06,2022-08-02,2022-08-10,0.3148327833652567,17.50187350193318,289.70521103475295,289.3682386605069,290.2853564321995,0.917117771692574,1.25,0.003552191039602034,8
2022-08-06,2022-08-02,2022-08-10,0.08749997846772523,30.7704131730238,272.3476012176834,272.3476012176834,272.5993736339733,0.2517724162898958,0.75,0.008697446393046258,8
2022-08-06,2022-08-02,2022-08-10,0.1615671432091356,30.7559968810336,268.633487737416,268.45356396539137,269.0489624394104,0.5953984740190208,0.75,0.008963565825565503,8
2022-08-06,2022-08-02,2022-08-10,0.17998637258317587,16.00169950505489,272.6877627462961,272.3476012176834,273.28379234019667,0.9361911225132644,0.75,0.00340560245375944,8
2022-08-06,2022-08-02,2022-08-10,9.777136715929206,12.326742274331286,373.59339166990014,369.7474885233678,377.06402642372996,7.316537900362164,3.0,0.02316428539833396,8
2022-08-06,2022-08-02,2022-08-10,0.45594864202847635,26.92600121869367,264.50126879530063,264.030254133977,265.318340361584,1.288086227606982,1.5,0.004379650346678521,8
2022-08-06,2022-08-02,2022-08-10,0.3295688340613921,10.245455292037022,408.1005258845551,407.7277284990996,408.72669518738985,0.9989666882902384,1.25,0.005474652387977437,8
2022-08-06,2022-08-02,2022-08-10,0.7606586006812776,15.267779250235417,430.145427891174,429.2812375887297,431.27599088894203,1.9947533002123237,2.25,0.005412799494554663,8
2022-08-06,2022-08-02,2022-08-10,0.229943055423417,2.250388975221375,636.4208749797154,636.1620245575905,636.9123408501036,0.7503162925131619,0.75,0.007432990318526488,8
2022-08-06,2022-08-02,2022-08-10,0.3400518192153504,2.860666082742391,614.7832090845051,614.4125491725281,615.4113016715273,0.998752498999238,1.0,0.006149365863836713,8
2022-08-06,2022-08-02,2022-08-10,0.05546571508108033,2.623688158474087,597.9139884226024,597.9139884226024,598.1657608388923,0.2517724162898958,0.5,0.0040379088077852005,8
2022-08-06,2022-08-02,2022-08-10,0.15254689285071754,2.462978344325391,596.7692130587675,596.4297498450615,598.1657608388923,1.7360109938308597,0.75,0.004561345712472102,8
2022-08-06,2022-08-02,2022-08-10,0.2449700291465754,17.128849313245254,591.6150015051875,591.3645195919089,592.1142085343599,0.74968894245103,1.0,0.003974275263104769,8
2022-08-06,2022-08-02,2022-08-10,0.1846772703572811,27.25397302690663,976.985098832398,976.7341419858858,977.4859574730508,0.751815487165004,0.75,0.0035005903735875533,8
2022-08-06,2022-08-02,2022-08-10,0.47885772890221434,16.21826435861046,524.3562785307886,523.5461720349267,525.5405567460693,1.9943847111426294,1.75,0.0064078177567028875,8
2022-08-06,2022-08-02,2022-08-10,0.17933730329398054,7.748355238335574,475.08036519021465,474.82655903091654,475.5762576540001,0.7496986230835319,0.75,0.0034978767210981044,8
2022-08-06,2022-08-02,2022-08-10,0.532499982258315,11.253921207760596,470.9715677212349,470.59416372468695,471.59282549330965,0.9986617686226964,1.75,0.0063294864529847275,8
2022-08-06,2022-08-02,2022-08-10,2.5599966886509273,14.138063750579365,469.97440737882783,468.6024512727745,471.59282549330965,2.990374220535159,3.0,0.009577456718987803,8
2022-08-06,2022-08-02,2022-08-10,0.9125161406561932,17.450633993117147,467.8634414091287,465.80753084039316,469.60111304279417,3.793582202401012,1.75,0.007247057875010247,8
2022-08-06,2022-08-02,2022-08-10,0.22334145678208783,17.668576873421603,464.7857247250272,464.554225679487,465.30392614752054,0.7497004680335522,1.0,0.0030390558378851013,8
2022-08-06,2022-08-02,2022-08-10,0.18817646634198215,3.999294477440003,450.76757198369404,450.51955042546615,451.2692561647855,0.7497057393193245,0.75,0.005478783011174026,8
2022-08-06,2022-08-02,2022-08-10,0.3300466351644063,17.501299686797413,446.4775548315765,446.17243200261146,447.0215952913277,0.8491632887162268,1.25,0.0061654132974384495,8
2022-08-06,2022-08-02,2022-08-10,0.18537707178835888,17.99650349234827,442.17516874175544,441.920939149335,442.6708114896901,0.7498723403550684,0.75,0.005425319859915988,8
2022-08-06,2022-08-02,2022-08-10,0.3191368328217325,8.123062297014169,410.0897498997647,409.7201272803359,410.71909404266626,0.9989667623303831,1.0,0.0027283117935476596,8
2022-08-06,2022-08-02,2022-08-10,0.21152628083043556,13.736965180273135,266.6220394709539,265.96125932363793,268.01792167918757,2.0566623555496335,0.75,0.007056539445544931,8
2022-08-06,2022-08-02,2022-08-10,0.19792094005585809,18.015065550580996,264.7216474966763,264.375748696737,265.318340361584,0.9425916648469865,0.75,0.004174655508555675,8
2022-08-06,2022-08-02,2022-08-10,0.17261453917731182,27.000525454074733,270.40721062453304,261.5413357554935,288.05805566348135,26.516719907987863,0.75,0.002757942496402078,8
2022-08-06,2022-08-02,2022-08-10,0.370834270148202,5.811108575476963,54.74835896714316,24.202802890446037,105.18159051425755,80.97878762381151,1.25,0.005561623390963395,8
2022-08-06,2022-08-02,2022-08-10,0.1709788996748845,1.780194238412254,27.04987209052468,26.843698393087834,27.57906341832131,0.7353650252334774,0.75,0.0054202874215051565,8
2022-08-06,2022-08-02,2022-08-10,0.1750302955116134,5.763657458186041,23.447283360828067,23.129116822499782,23.878107072785497,0.7489902502857149,1.0,0.0035916767584833293,8
2022-08-06,2022-08-02,2022-08-10,0.30032905566625295,9.006259382655578,106.00213236354085,105.42670227494091,106.67224304331467,1.2455407683737576,1.5,0.0035319426384032206,8
2022-08-06,2022-08-02,2022-08-10,0.2143587205136969,3.9962811197455954,62.40948511755148,20.736037833150476,103.6264299317263,82.89039209857583,1.25,0.0038498475082288917,8
2022-08-06,2022-08-02,2022-08-10,0.250959694930112,3.8464942333853687,45.538148351683624,20.230239662807435,103.13003460457548,82.89979494176805,1.25,0.00517203218397089,8
2022-08-06,2022-08-02,2022-08-10,0.10851428907956952,4.039444178268521,52.49550308333518,20.230239662807435,103.13003460457548,82.89979494176805,0.75,0.0023285309656632946,8
2022-08-06,2022-08-02,2022-08-10,2.489195704522942,6.534330968419711,32.68888425898079,20.736037833150476,105.6784746912308,84.94243685808033,3.5,0.01444116611288601,8
2022-08-06,2022-08-02,2022-08-10,0.09880468584534968,3.8435764448515872,102.38186689838766,102.38186689838767,102.63363931467757,0.2517724162898958,1.0,0.004312586340067679,8
2022-08-06,2022-08-02,2022-08-10,0.5615508054550288,6.18337439116603,39.14545997118716,20.483116299379617,103.13003460457548,82.64691830519587,3.25,0.006217873806508215,8
2022-08-06,2022-08-02,2022-08-10,0.304951282513815,5.259449940060335,58.71834432290567,20.230239662807435,102.63363931467757,82.40339965187013,1.75,0.0033372464549929893,8
2022-08-06,2022-08-02,2022-08-10,0.09714065900298569,6.758199589323978,20.612646342051832,20.483116299379617,20.987810249440372,0.504693950060755,1.25,0.0027647865376067816,8
2022-08-06,2022-08-02,2022-08-10,0.2243585544007949,6.850196214524138,20.320849748300283,20.230239662807435,20.734888715669513,0.504649052862078,1.25,0.003919089611960142,8
2022-08-06,2022-08-02,2022-08-10,0.0879436644083321,5.393448507113905,101.885471528396,101.88547152839601,102.1372439446859,0.2517724162898958,1.0,0.002385166883864626,8
2022-08-06,2022-08-02,2022-08-10,2.159124710377259,9.23811161188008,20.663287267386664,20.555169028695673,21.023958360310644,0.46878933161497116,1.25,0.011054700384316355,8
2022-08-06,2022-08-02,2022-08-10,0.022785970162172223,9.75,106.42047062702478,106.42047062702477,106.67224304331467,0.2517724162898958,0.25,0.001570454920081702,8
2022-08-06,2022-08-02,2022-08-10,0.05804568997390696,15.752542580566107,25.918528988491744,25.918528988491744,26.17030140478164,0.2517724162898958,0.75,0.0015978640295280773,8
2022-08-06,2022-08-02,2022-08-10,0.0216003738538631,1.5,27.327291002031416,27.327291002031416,27.57906341832131,0.2517724162898958,0.25,0.0010937567109289633,8
2022-08-06,2022-08-02,2022-08-10,1.6039935979927902,6.21060819213263,56.05471303453651,24.449052274227142,106.67224304331467,82.22319076908752,2.5,0.010297678332335391,8
2022-08-06,2022-08-02,2022-08-10,0.48868258095999084,15.388444537639566,264.7269872678649,264.375748696737,265.318340361584,0.9425916648469865,2.0,0.0034870455592738046,8
2022-08-06,2022-08-02,2022-08-10,0.383023579910461,25.2731944616765,268.6550534111992,261.5413357554935,288.05805566348135,26.516719907987863,1.25,0.00414348121507324,8
2022-08-06,2022-08-02,2022-08-10,0.23312640291188236,13.999387244975653,224.49138595526202,223.9359350693412,225.30819768924266,1.3722626199014485,0.75,0.0017442330236004848,8
2022-08-06,2022-08-02,2022-08-10,0.5438160823377767,14.883109298544275,206.92190331626787,206.25905777001753,207.78595841675997,1.5269006467424333,1.5,0.007884166641257247,8
2022-08-06,2022-08-02,2022-08-10,0.1840037791437056,8.747571951213255,161.4948547454019,161.09621742833406,162.14316051313654,1.0469430848024786,0.75,0.004076487552862885,8
2022-08-06,2022-08-02,2022-08-10,0.16306462259812388,7.108232455193971,171.3530613022522,170.99748942954466,171.8158240057528,0.8183345762081444,1.0,0.005137335511874741,8
2022-08-06,2022-08-02,2022-08-10,0.11382857535640849,7.129932300617773,170.53433531839246,170.430927246809,171.24926184583455,0.8183345990255475,1.0,0.004348745237768615,8
2022-08-06,2022-08-02,2022-08-10,3.357062461931181,26.633484760524322,631.790445513319,630.7392726708204,633.4286137600429,2.68934108922258,6.5,0.012760539903093771,8
2022-08-06,2022-08-02,2022-08-10,0.33154329629304163,14.509965544337385,55.121000988165015,54.7951800073497,55.701179636176676,0.9059996288269758,1.25,0.0042079593615221835,8
2022-08-06,2022-08-02,2022-08-10,0.38166860370909284,6.78898146975415,62.582086757781276,32.942811456508934,114.55143808852881,81.60862663201988,1.0,0.005218640507882817,8
2022-08-06,2022-08-02,2022-08-10,2.5144306020352616,6.381358054789372,47.4390013235348,28.80409801378846,113.52078899601474,84.71669098222628,2.0,0.01876061525266519,8
2022-08-06,2022-08-02,2022-08-10,0.2213627773624655,5.56081307787519,26.679021126502423,26.32741540670395,27.14640532527119,0.8189899185672402,1.0,0.003732294980575267,8
2022-08-06,2022-08-02,2022-08-10,0.06280790228492626,6.516630472254403,26.894632908981293,26.894632908981293,27.14640532527119,0.2517724162898958,0.75,0.0017749907609913706,8
2022-08-06,2022-08-02,2022-08-10,0.7305380594308521,6.845392520491416,26.427405089042047,26.043869725894183,27.14640532527119,1.1025355993770063,2.5,0.0052572169081471515,8
2022-08-06,2022-08-02,2022-08-10,1.3603614245232754,6.776036900677695,27.204005410599674,25.918528988491744,28.738993019796908,2.820464031305164,2.5,0.011802315045138874,8
2022-08-06,2022-08-02,2022-08-10,0.1198011206156374,15.75243757762735,26.327394946128262,26.190979675855488,26.715247333049774,0.5242676571942866,0.75,0.0021887676625186076,8
2022-08-06,2022-08-02,2022-08-10,0.18851925448676082,17.762168313704436,36.33219779163153,36.01266774442047,36.88287460850552,0.8702068640850484,0.75,0.003664809142042839,8
2022-08-06,2022-08-02,2022-08-10,1.5745805372321393,28.414253851165423,633.1680228922625,632.4820457412861,634.0476488894783,1.5656031481921673,3.5,0.008876771152543431,8
2022-08-06,2022-08-02,2022-08-10,0.17237460006458755,4.000863586868806,552.9834350915968,552.7333093606867,553.4830043236725,0.7496949629858136,0.75,0.002367072662690056,8
2022-08-06,2022-08-02,2022-08-10,0.4731830933545603,25.10642616584585,644.1074501340443,643.7101039607078,644.7087490926497,0.9986451319418848,1.5,0.00471973550942171,8
2022-08-06,2022-08-02,2022-08-10,0.6187794939380749,22.070609463648598,933.8416679353628,933.438653706573,934.4428711221553,1.0042174155823886,2.0,0.0050292564991160195,8
2022-08-06,2022-08-02,2022-08-10,0.8727522123170321,31.926736197555243,930.3756478065048,929.6766137350351,931.4332096339203,1.75659589888528,3.0,0.007514424748231459,8
2022-08-06,2022-08-02,2022-08-10,7.305308902112983,31.331527920556944,925.2928324214713,922.3788548568264,929.4228899348527,7.044035078026354,10.25,0.014797525218200503,8
2022-08-06,2022-08-02,2022-08-10,0.41187613232934644,33.307939359614984,920.8432958943279,920.3690522536635,921.3745660888962,1.0055138352327049,1.75,0.005924076666173402,8
2022-08-06,2022-08-02,2022-08-10,0.43043572482546827,30.46510157433901,919.7511862307348,919.3640397577547,920.3695549550466,1.0055151972919703,1.25,0.004300077698773102,8
2022-08-06,2022-08-02,2022-08-10,0.24541535160788816,27.629228677177213,917.5779938247088,917.3250750675797,918.080556218978,0.7554811513982713,1.0,0.003376629002086904,8
2022-08-06,2022-08-02,2022-08-10,0.9777031034457467,32.19091679877681,908.1252763397558,907.4585740943439,909.239492490422,1.7809183960780501,2.75,0.009345743201709361,8
2022-08-06,2022-08-02,2022-08-10,0.32123403410632323,32.44550433599122,901.606756850382,901.397974730935,902.1549129039049,0.7569381729699671,1.0,0.024324654739303973,8
2022-08-06,2022-08-02,2022-08-10,0.3020142943346893,27.743860003238705,898.5673825013929,898.3143998044543,899.0729148047976,0.7585150003433228,1.25,0.003208358161682239,8
2022-08-06,2022-08-02,2022-08-10,0.9037781271764362,29.809105565759232,897.3036270130318,896.5283518237993,898.312800929416,1.784449105616659,2.75,0.007012066777631786,8
2022-08-06,2022-08-02,2022-08-10,0.2444063107065023,30.870317311069975,633.5383153005471,633.2974121640436,634.0476488894783,0.7502367254346609,1.0,0.002513451856700534,8
2022-08-06,2022-08-02,2022-08-10,0.22192888764049334,27.512381500709754,878.0275854014054,877.7794193099253,878.5430855853483,0.7636662754230201,0.75,0.006271561121922471,8
2022-08-06,2022-08-02,2022-08-10,0.17675518833561543,12.752355356185193,877.0033702834141,876.7475760197267,877.5114375362173,0.7638615164905787,0.75,0.0028323471756850605,8
2022-08-06,2022-08-02,2022-08-10,0.7932574637114523,27.75927565924,874.8249933537287,873.4213925213553,876.7161880806088,3.2947955592535436,1.75,0.008235311819607653,8
2022-08-06,2022-08-02,2022-08-10,0.4143618184522725,16.494614025544433,873.8639371592495,873.4213925213553,874.4411918362603,1.019799314904958,1.25,0.0036526512848253567,8
2022-08-06,2022-08-02,2022-08-10,0.40326173910598767,32.13062147891775,933.6960215310961,933.438653706573,934.1920561217703,0.7534024151973426,1.5,0.005321949232363188,8
2022-08-06,2022-08-02,2022-08-10,3.912193385486337,22.475157394226386,874.7197771718897,872.3982940050773,876.7161880806088,4.3178940755315125,2.25,0.014193393437939083,8
2022-08-06,2022-08-02,2022-08-10,0.3109191699833425,32.65872223457119,935.988175646571,935.6956937019713,936.44927002443,0.7535763224586844,1.0,0.011989983588459131,8
2022-08-06,2022-08-02,2022-08-10,0.17362370596490578,28.248674605018877,950.7304259875666,950.4812511242926,951.2335722222924,0.7523210979998112,0.75,0.0018819516495043533,8
2022-08-06,2022-08-02,2022-08-10,0.18337145272019356,12.872634846731648,976.3256148609547,975.9866563212126,976.7358928667381,0.7492365455254912,1.0,0.003509174735260302,8
2022-08-06,2022-08-02,2022-08-10,0.040611394292392765,12.623026605373772,975.9866563212128,975.9866563212126,976.2384287375025,0.2517724162898958,0.5,0.002719828024367607,8
2022-08-06,2022-08-02,2022-08-10,0.5519886779136508,28.888029703596892,975.4489749697354,974.7364536761306,976.4884758675471,1.7520221914164722,1.0,0.008812375074561722,8
2022-08-06,2022-08-02,2022-08-10,2.308921556067946,28.702979753904,970.0542923214261,968.735414291732,971.4876186707988,2.752204379066825,3.75,0.011485179039610525,8
2022-08-06,2022-08-02,2022-08-10,0.38530375679859047,30.356470987889978,967.2665221381149,966.7395107881166,967.987584575545,1.2480737874284387,1.0,0.005681879019446396,8
2022-08-06,2022-08-02,2022-08-10,0.45561353294239454,27.161395948441236,965.4996444986757,964.9893427668139,966.2417064770125,1.2523637101985514,1.25,0.008166133260318176,8
2022-08-06,2022-08-02,2022-08-10,0.19377349304231464,30.0054065225512,964.9905035796194,964.7392468042672,965.4912111447193,0.7519643404521048,0.75,0.004505894628456304,8
2022-08-06,2022-08-02,2022-08-10,0.11840560905524658,23.496222795275024,965.112954175523,964.9893427668139,965.4912111447193,0.501868377905339,0.75,0.0031359756494319193,8
2022-08-06,2022-08-02,2022-08-10,0.09831385551979253,24.810107154655594,964.7879348399172,964.7392468042672,965.2411151831038,0.5018683788366616,1.0,0.002665945620482667,8
2022-08-06,2022-08-02,2022-08-10,0.11371521482597396,27.187267765763423,964.7912997002007,964.7392468042672,965.2411151831038,0.5018683788366616,1.0,0.004365351205910218,8
2022-08-06,2022-08-02,2022-08-10,15.806256181245015,24.787293606830055,970.8249516630591,964.7392468042672,976.4884758675471,11.749229063279927,6.0,0.026221636876860358,8
2022-08-06,2022-08-02,2022-08-10,0.21746980931868704,24.838927364283066,963.7191827367978,963.4886059332639,964.2406373368576,0.752031403593719,1.0,0.004394870061167862,8
2022-08-06,2022-08-02,2022-08-10,0.48485608083411297,30.428789569373826,963.9519076663347,963.4886059332639,964.7409232575446,1.2523173242807388,1.5,0.006281506882225976,8
2022-08-06,2022-08-02,2022-08-10,0.2704665811425246,13.132330025057012,961.722130786441,961.487564238254,962.2395953335799,0.7520310953259468,1.0,0.005961980573969083,8
2022-08-06,2022-08-02,2022-08-10,0.4925575472760046,29.892276007192436,958.9910422110004,958.7361348695122,959.4881655601785,0.7520306906662881,2.0,0.004636729585809862,8
2022-08-06,2022-08-02,2022-08-10,0.8027048459741065,33.278427085084566,941.0810082498195,940.4638890800998,942.218629641924,1.754740561824292,2.25,0.009639326026104024,8
2022-08-06,2022-08-02,2022-08-10,1.4479402077572991,24.568470568949603,861.4903435211803,859.4083798192441,864.4439133168198,5.0355334975756705,1.5,0.009769005459438916,8
2022-08-06,2022-08-02,2022-08-10,2.097678015661004,27.621775478631555,881.8499818338706,880.6922311973758,883.4892639378086,2.797032740432769,3.0,0.010729273118783952,8
2022-08-06,2022-08-02,2022-08-10,0.5689294367161326,15.752926802473205,859.7424507421114,859.1508953562006,860.6892103003338,1.5383149441331625,1.25,0.004675135283662348,8
2022-08-06,2022-08-02,2022-08-10,0.5253594018168133,19.903719680980558,697.8972529319062,697.4202004056424,698.697930204682,1.2777297990396619,1.5,0.004506811450475983,8
2022-08-06,2022-08-02,2022-08-10,0.2525546102442044,5.317045082689357,698.5683471271128,698.1898793070577,699.2106353496201,1.0207560425624251,1.0,0.006574509130835287,8
2022-08-06,2022-08-02,2022-08-10,0.8770494639182681,30.369434245174613,694.3432099796115,693.8958754627965,694.9110568859614,1.0151814231649041,3.0,0.00576254716414873,8
2022-08-06,2022-08-02,2022-08-10,0.13275770681653984,27.504608329342823,691.474101229463,691.3541904170997,691.8604040588252,0.5062136417254806,0.75,0.004410397415168666,8
2022-08-06,2022-08-02,2022-08-10,0.18551774962596082,6.495139001040922,860.1787469911776,859.9224514230154,860.6892103003338,0.7667588773183525,0.75,0.0041297030918312095,8
2022-08-06,2022-08-02,2022-08-10,0.29548891979239184,28.24764401837028,684.3183281842429,684.0653697196394,684.8229277241044,0.7575580044649541,1.25,0.0032790742150850243,8
2022-08-06,2022-08-02,2022-08-10,0.40588294173198175,2.4884708400985667,686.462037655283,685.8319936334155,687.3514367188327,1.5194430854171515,0.75,0.0067646045559723415,8
2022-08-06,2022-08-02,2022-08-10,0.2905172957741234,2.4835089135562063,681.1612294363567,680.7839782312512,681.7942742151208,1.0102959838695824,0.75,0.004961412607585113,8
2022-08-06,2022-08-02,2022-08-10,0.17613217749150611,32.499462883575454,660.9854781636101,660.7350778467953,661.4881345969625,0.7530567501671612,0.75,0.00400434749431291,8
2022-08-06,2022-08-02,2022-08-10,0.4561324988354721,2.582268579139621,661.4791636474191,660.9857199825346,662.2377890483476,1.2520690658129752,1.0,0.013863027057567161,8
2022-08-06,2022-08-02,2022-08-10,0.21112086429710475,30.736344619239308,659.0987898819226,658.8443069299683,659.5961424908601,0.7518355608917773,0.75,0.007975874167209322,8
2022-08-06,2022-08-02,2022-08-10,4.095226141363516,28.30272514527143,655.7538381968444,653.6414067517035,657.3866265113465,3.745219759643078,5.25,0.011753861822083512,8
2022-08-06,2022-08-02,2022-08-10,0.4456256582450703,26.73415958350336,651.249876371122,651.1479932405055,651.6494841706008,0.501490930095315,2.25,0.00523304469628918,8
2022-08-06,2022-08-02,2022-08-10,1.8025818608380246,2.3616464455923567,652.1044953880609,650.6849311934784,654.6431861305609,3.958254937082529,1.25,0.012593070519891987,8
2022-08-06,2022-08-02,2022-08-10,0.42221006821286117,26.59515206539248,649.7416248247764,649.4389608888887,650.4394693342037,1.000508445315063,1.75,0.005363681751396034,8
2022-08-06,2022-08-02,2022-08-10,0.12109076187497832,5.509865174005998,700.1173563183557,699.9844096293673,700.4924951242283,0.5080854948610067,0.75,0.0057455702465352265,8
2022-08-06,2022-08-02,2022-08-10,0.6904879917405776,28.278580244145093,700.4076633167836,699.9844096293673,701.0051212338731,1.0207116045057774,2.5,0.004010563594502601,8
2022-08-06,2022-08-02,2022-08-10,0.36945021423275237,28.361609115798547,686.3323319103479,686.0848926869221,686.8424632451497,0.7575705582275987,1.5,0.0047280957069382405,8
2022-08-06,2022-08-02,2022-08-10,0.7526355579206796,28.18968694686426,704.3481467353984,703.8893554117531,704.9553518025205,1.0659963907673955,1.5,0.0056667451251256485,8
2022-08-06,2022-08-02,2022-08-10,0.6570720642764378,28.294757936547086,702.3622083248117,701.9417286519893,702.9630215968937,1.0212929449044168,2.5,0.004501979728087874,8
2022-08-06,2022-08-02,2022-08-10,0.18337566990816642,11.749827518504432,858.2968322390838,858.0445338236168,858.8127186563797,0.7681848327629268,0.75,0.004666672852283777,8
2022-08-06,2022-08-02,2022-08-10,0.30008200398276835,12.75219742498813,858.3018374111757,858.0445338236168,858.8127186563797,0.7681848327629268,1.25,0.004010625497575029,8
2022-08-06,2022-08-02,2022-08-10,0.3041250913297596,29.873969523646323,852.8914101384345,852.5042388932779,853.5335507038981,1.029311810620129,1.0,0.006453908814789901,8
2022-08-06,2022-08-02,2022-08-10,0.20021074723891064,5.7545902457258675,815.2585630195811,814.99921615934,815.7817172217183,0.7825010623782873,0.75,0.004201714185646958,8
2022-08-06,2022-08-02,2022-08-10,0.47042870312034896,20.596635318346372,803.4496286492947,803.0052097067237,804.0585137149319,1.0533040082082152,1.5,0.004197993904786542,8
2022-08-06,2022-08-02,2022-08-10,0.2505945619833876,20.869272235334957,791.3404600625657,791.076166591607,791.8640875071287,0.7879209155216813,1.0,0.0038060281053149347,8
2022-08-06,2022-08-02,2022-08-10,0.3764223589277563,6.116606419447393,792.0119540383337,791.076166591607,793.2094798060134,2.133313214406371,2.0,0.006810264637365705,8
2022-08-06,2022-08-02,2022-08-10,0.6524633701962513,21.814864098450276,859.3338173364367,858.0445338236168,860.6892103003338,2.6446764767169952,2.25,0.004251901163692988,8
2022-08-06,2022-08-02,2022-08-10,0.24621460314340038,20.865428173063325,788.1019793980864,787.8431947962381,788.6312250210904,0.7880302248522639,1.0,0.003396085325336235,8
2022-08-06,2022-08-02,2022-08-10,0.4290453116565073,20.33595799629687,784.947069658475,784.6091944924556,785.6655560941435,1.0563616016879678,1.5,0.004180734671645751,8
2022-08-06,2022-08-02,2022-08-10,0.36849524145776474,16.502619175808764,740.3686395194754,739.7053937595338,741.2877110815607,1.5823173220269382,0.75,0.0026237361664145195,8
2022-08-06,2022-08-02,2022-08-10,0.1547466913949464,12.031662481894575,729.7842422527442,729.4913942948915,730.2687527635135,0.7773584686219692,0.75,0.0019359672387875486,8
2022-08-06,2022-08-02,2022-08-10,0.021571042367365328,11.75,729.4913942948915,729.4913942948915,729.7431667111814,0.2517724162898958,0.25,0.0013322747593071686,8
2022-08-06,2022-08-02,2022-08-10,0.535534406362545,9.00177607445967,735.3708005262638,729.4913942948915,738.9496019426733,9.458207647781819,1.25,0.004955737221353832,8
2022-08-06,2022-08-02,2022-08-10,0.3069952339323605,30.000060227439306,705.3854037659071,705.1240556319244,705.892586952541,0.7685313206166029,1.25,0.004483640004955605,8
2022-08-06,2022-08-02,2022-08-10,0.4871885004986225,20.128014819109882,789.3279518732987,788.9212138550356,789.9773311456665,1.0561172906309366,1.5,0.004768275959533676,8
2022-08-13,2022-08-10,2022-08-17,2.1114723745771116,46.60395897629892,1117.744919423462,1116.8912682817318,1118.937178933993,2.0459106522612274,4.0,0.016960175646187677,8
2022-08-13,2022-08-10,2022-08-17,0.2759660460315448,2.8817776224787446,727.2883994698118,719.7850000406615,728.6042317817919,8.819231741130352,0.5,0.011998967037363976,8
2022-08-13,2022-08-10,2022-08-17,0.08375341608401934,2.677038390345561,724.3988511729868,717.6925297467969,726.9549838323146,9.262454085517675,0.5,0.0051650099369516195,8
2022-08-13,2022-08-10,2022-08-17,4.468098068619857,2.577692832983266,715.1940544845125,708.2307962328196,728.9453417644836,20.714545531664044,1.0,0.037353810832171604,8
2022-08-13,2022-08-10,2022-08-17,0.29982381136986314,10.539920088759942,378.0719767650856,377.81079404149204,378.5621030582115,0.7513090167194605,0.75,0.004997723918153771,8
2022-08-13,2022-08-10,2022-08-17,0.7242621913530979,30.003344271387498,349.2606384167291,348.48660417366773,349.8900209572166,1.4034167835488915,1.75,0.012270109998003324,8
2022-08-13,2022-08-10,2022-08-17,4.928608071514257,13.015436207154835,52.705250640873835,20.483116299379617,103.6264299317263,83.14331363234669,1.5,0.01880108297937728,8
2022-08-13,2022-08-10,2022-08-17,2.6715394851829437,13.16690207644382,74.45790471885707,20.230239662807435,103.13003460457548,82.89979494176805,1.5,0.012354159363555727,8
2022-08-13,2022-08-10,2022-08-17,5.2025024711614645,7.623371026586114,23.3844688425303,23.129116822499782,23.878107072785497,0.7489902502857149,1.0,0.0065563152550933606,8
2022-08-13,2022-08-10,2022-08-17,0.7629610594282485,1.236238021225201,45.24416378808671,17.443154837936163,98.03312570042908,80.58997086249292,0.75,0.014599160574304881,8
2022-08-13,2022-08-10,2022-08-17,0.8589499225698121,1.2309133510913097,98.5067744517338,98.25834128959104,98.98710175603628,0.7287604664452374,0.75,0.01013126505306625,8
2022-08-13,2022-08-10,2022-08-17,0.3122522419844935,19.239832367943897,141.45740205546156,140.9976328862831,142.05389916012064,1.0562662738375366,0.75,0.014461511589357495,8
2022-08-20,2022-08-17,2022-08-24,0.3769675091521279,47.225715225529385,1118.4118141412023,1118.1726358481683,1118.937178933993,0.7645430858246982,0.75,0.007487753434305524,8
2022-08-20,2022-08-17,2022-08-24,0.20540235740591237,46.97826112937142,1086.5593964222373,1086.3117660982534,1087.0712906033732,0.7595245051197708,0.75,0.008132397961695348,8
2022-08-20,2022-08-17,2022-08-24,0.44984769283693954,29.087939635035866,344.18746873645904,343.9297902598046,344.68765223259106,0.7578619727864861,1.0,0.02555278168267363,8
2022-08-20,2022-08-17,2022-08-24,0.4162943605766096,3.835738272284398,18.12817987730866,17.833445956464857,18.598093270789832,0.764647314324975,0.5,0.021594196503616124,8
2022-08-20,2022-08-17,2022-08-24,0.15084667372351185,4.170928302948064,17.991567324633657,17.833445956464857,18.598093270789832,0.764647314324975,0.5,0.01126565386212311,8
2022-08-20,2022-08-17,2022-08-24,1.0503785332130107,14.553306629906759,305.1915385497612,301.49242222867906,317.3900573346764,15.897635105997324,1.25,0.00640469587220928,8
2022-08-27,2022-08-24,2022-08-30,0.4748289925829515,39.185181774232326,351.63626843037514,351.22943562315777,352.2358618848957,1.0064262617379427,2.5,0.006699285090493575,8
2022-08-27,2022-08-24,2022-08-30,2.0709073064093158,19.618741576689867,1177.4762209311252,1176.3328718841076,1179.2815680955537,2.9486962114460766,2.5,0.006926713226894356,8
2022-09-03,2022-08-30,2022-09-08,0.37987787239823095,15.751565011802315,1254.872411726538,1254.2310620504431,1255.7405680292286,1.5095059787854552,0.75,0.003329993947302792,9
2022-09-03,2022-08-30,2022-09-08,0.2776103716823341,19.633161070056282,1175.0692851724461,1174.8082243651152,1175.5739247873425,0.7657004222273827,1.0,0.004047097193376797,9
2022-09-03,2022-08-30,2022-09-08,0.2896298609498056,45.13318439493596,1119.4404623374558,1119.1975712967105,1119.9620987689123,0.7645274722017348,1.0,0.004389128551200123,9
2022-09-03,2022-08-30,2022-09-08,3.4365437407124886,48.199636175539595,1115.6080088026722,1113.4721297477372,1117.655821973458,4.183692225720733,2.75,0.016455618709628785,9
2022-09-03,2022-08-30,2022-09-08,3.2528860856980786,47.53250296029675,1097.4580790220018,1094.9767156741582,1099.3471425594762,4.370426885318011,3.0,0.014754407852403405,9
2022-09-03,2022-08-30,2022-09-08,0.4062397661889685,28.771618227790523,634.4229799376742,634.1707084644586,634.921022858005,0.7503143935464323,0.75,0.03975601020572612,9
2022-09-03,2022-08-30,2022-09-08,0.3083517837113304,13.91280823009751,150.51676069983637,149.63223877362907,151.57367567252368,1.941436898894608,1.0,0.0048180666641236295,9
2022-09-03,2022-08-30,2022-09-08,0.20540506395938748,13.500514119714586,82.93035771233832,75.06526043219492,149.88401118991897,74.81875075772405,0.75,0.0035243463810759774,9
2022-09-03,2022-08-30,2022-09-08,0.7665488163603794,9.29755151316589,68.76433577881849,67.75374871725217,70.17733033234254,2.42358161509037,1.5,0.006622472287900591,9
2022-09-03,2022-08-30,2022-09-08,0.25302901241959863,14.257954362277871,63.48166376091918,62.935651572886854,64.24280134541914,1.3071497725322843,0.75,0.0048103625453823065,9
2022-09-03,2022-08-30,2022-09-08,0.6827818045658808,1.9861455798115026,70.47231958389587,67.75374871725217,72.80060471920297,5.0468560019508,0.75,0.007371552457066587,9
2022-09-03,2022-08-30,2022-09-08,0.19330362277041366,7.498174016674888,60.71085759731455,60.35709755029529,61.314811755903065,0.9577142056077719,0.75,0.003317561277960741,9
2022-09-03,2022-08-30,2022-09-08,0.019105309208430232,5.75,135.63690474024042,135.63690474024042,135.88867715653032,0.2517724162898958,0.25,0.0004896572890917667,9
2022-09-03,2022-08-30,2022-09-08,0.18080375173266106,14.254434646535504,72.55930704111725,72.21203405689448,73.13744126120582,0.925407204311341,0.75,0.0026239242204451545,9
2022-09-03,2022-08-30,2022-09-08,0.05841120057925581,12.00014493534483,52.72928280290216,52.72928280290216,52.98105521919206,0.2517724162898958,0.75,0.0020140485854026452,9
2022-09-03,2022-08-30,2022-09-08,0.8822981005375596,9.368103540095301,86.29650489467006,59.05205163080245,135.88867715653032,76.83662552572787,1.5,0.007580014336208096,9
2022-09-03,2022-08-30,2022-09-08,0.13844763753848335,1.79301435554618,96.74886061002483,28.80409801378846,110.69054142944515,81.88644341565669,1.0,0.0024803414508353648,9
2022-09-03,2022-08-30,2022-09-08,3.177423912941109,16.00308577166528,31.84507082288716,31.564536358695477,32.36748191807419,0.8029455593787134,0.75,0.01820971730091622,9
2022-09-03,2022-08-30,2022-09-08,55.20777833189309,3.9916931913473888,67.4591663872721,28.80409801378846,153.79358246875927,124.9894844549708,5.25,0.039977240531481335,9
2022-09-03,2022-08-30,2022-09-08,2.329092114369699,11.620071012093192,49.30550623356291,31.564536358695477,115.06676263501868,83.5022262763232,1.5,0.01288177425666888,9
2022-09-03,2022-08-30,2022-09-08,0.38040237728446685,3.020595619392511,42.977042970038795,31.018666374031454,113.52078899601474,82.50212262198329,0.75,0.004829345685297696,9
2022-09-03,2022-08-30,2022-09-08,0.20230247247344707,17.760138600701357,28.011535023556288,27.758620008360595,28.496076229028404,0.7374562206678092,0.75,0.004184618151515297,9
2022-09-03,2022-08-30,2022-09-08,0.2027344509966965,19.010254769140204,42.00922320586886,41.71022758865729,42.564930368214846,0.8547027795575559,0.75,0.0038705801133843898,9
2022-09-03,2022-08-30,2022-09-08,0.8932310029994281,9.241176838051716,73.45865154625623,47.703043459914625,128.830041653011,81.12699819309637,1.25,0.008493738388489653,9
2022-09-03,2022-08-30,2022-09-08,0.4062217015180998,6.5054722092066175,56.6009269812149,56.129426962696016,57.34318972192705,1.213762759231031,1.25,0.0032342840594443483,9
2022-09-03,2022-08-30,2022-09-08,0.5522559972766465,9.69436967083707,54.275457504221315,52.978207346983254,55.701179636176676,2.7229722891934216,1.0,0.00512822591201169,9
2022-09-03,2022-08-30,2022-09-08,5.826353605710179,12.273135658680241,64.40215007236183,38.86029179720208,128.830041653011,89.96974985580891,1.75,0.020189381308879543,9
2022-09-10,2022-09-08,2022-09-13,0.18363411429348797,2.501802337099849,788.3821229185423,788.1113237151876,788.8993539651856,0.7880302499979734,0.75,0.003850913929340273,9
2022-09-10,2022-09-08,2022-09-13,0.18659149603833317,48.760223407603505,1095.780362326688,1095.5287906886078,1096.290031846147,0.7612411575391889,0.75,0.0043135655341224564,9
2022-09-19,2022-09-13,2022-09-26,10.922581555207389,47.9383817400079,1117.418706688289,1113.9857176672667,1120.4742421824485,6.48852451518178,4.75,0.030480513860268295,9
2022-09-19,2022-09-13,2022-09-26,0.2647410246236761,9.607559027654773,1037.746082899267,1037.509382671211,1038.262721606996,0.7533389357849956,1.0,0.0032056112128432263,9
2022-09-19,2022-09-13,2022-09-26,4.9658119779245835,19.43844049855361,926.2422047448008,922.3788548568264,929.4228899348527,7.044035078026354,3.5,0.008248559077107342,9
2022-09-19,2022-09-13,2022-09-26,0.9457088089301879,4.894915879191897,20.423615849804854,20.338197982870042,20.80694144498557,0.4687434621155262,1.0,0.003129372420558216,9
2022-09-19,2022-09-13,2022-09-26,1.297453757418394,6.686809784253912,20.5503083894861,20.338197982870042,21.023958360310644,0.6857603774406016,0.5,0.04461962205538898,9
2022-09-19,2022-09-13,2022-09-26,4.8092043736577335,6.163723251626386,20.341998136084214,20.12127267755568,21.023958360310644,0.9026856827549636,2.0,0.024307443809318183,9
2022-09-19,2022-09-13,2022-09-26,1.6358270728774438,4.986232433900831,20.716892974185335,20.555169028695673,21.023958360310644,0.46878933161497116,1.5,0.0035205665419564824,9
2022-09-27,2022-09-26,2022-09-28,5.120717978315937,14.619076418562612,23.14281095437024,22.88057799357921,23.62947475677356,0.7488967631943524,1.0,0.011869479878723747,9
2022-09-27,2022-09-26,2022-09-28,6.377563992141974,17.501428801527947,21.949832438793777,21.556085699237883,22.560242858249694,1.004157159011811,1.25,0.014293594815768614,9
2022-09-27,2022-09-26,2022-09-28,4.534868113419939,18.321179825419758,106.13976149111355,105.9235864491202,106.67224304331467,0.7486565941944718,1.0,0.016978697795798543,9
2022-09-27,2022-09-26,2022-09-28,0.5996992360850656,18.75,105.42670227494091,105.42670227494091,105.6784746912308,0.2517724162898958,0.25,0.004988267285914985,9
2022-09-27,2022-09-26,2022-09-28,4.1749216784710885,12.099915194825753,28.195919859895596,28.001436972990632,28.738993019796908,0.7375560468062758,0.5,0.00913118527682166,9
2022-09-27,2022-09-26,2022-09-28,6.242384234680725,15.252922308165674,106.17948460418404,105.9235864491202,106.67224304331467,0.7486565941944718,1.25,0.016530581454488963,9
2022-09-27,2022-09-26,2022-09-28,41.844457883776066,16.725264288123075,42.462768015216795,24.202802890446037,105.6784746912308,81.47567180078477,4.25,0.028027533332964972,9
2022-09-27,2022-09-26,2022-09-28,3.408860041736229,12.436812425910947,28.306300623887143,28.001436972990632,28.738993019796908,0.7375560468062758,0.5,0.009870233865515556,9
2022-10-01,2022-09-28,2022-10-05,14.132074916730321,27.268704531871006,1045.0716358741668,1043.5281737679616,1046.5533005502075,3.025126782245934,9.5,0.041286636829696154,10
2022-10-09,2022-10-05,2022-10-13,0.2023392312462254,4.7426164291644755,1482.6610284271997,1482.4037892259657,1483.1571379713714,0.753348745405674,0.75,0.008563369965718265,10
2022-10-09,2022-10-05,2022-10-13,0.2628595293567417,35.76766395802828,1204.9117167169327,1204.6266480921768,1205.3876836649142,0.7610355727374554,0.75,0.0113820503967954,10
2022-10-09,2022-10-05,2022-10-13,0.41129397155978,32.38514987733337,1174.8924379422376,1174.551260351669,1175.5739247873425,1.022664435673505,1.0,0.009909146512014218,10
2022-10-09,2022-10-05,2022-10-13,0.08464701933253627,32.13240360405646,1143.4900662293658,1143.4900662293658,1143.7418386456557,0.2517724162898958,1.0,0.005144645233010668,10
2022-10-09,2022-10-05,2022-10-13,0.36752056749120243,34.22481461938337,1248.3190784681897,1247.936678262893,1248.9438945073634,1.007216244470328,0.75,0.015380472078811295,10
2022-10-09,2022-10-05,2022-10-13,0.4458326151712606,22.929387464960634,1015.4042502844676,1014.7195577211678,1016.2219131430611,1.5023554218932986,1.0,0.004356847974779364,10
2022-10-09,2022-10-05,2022-10-13,0.33871138287102304,13.856279724843626,525.9451155273536,525.5409564035945,526.5396196199581,0.9986632163636386,1.0,0.006046696335475432,10
2022-10-09,2022-10-05,2022-10-13,0.4029283294837157,33.86130140597415,289.47188522272285,289.03550771437585,290.2853564321995,1.2498487178236246,1.0,0.010236053823732865,10
2022-10-09,2022-10-05,2022-10-13,0.20482724626400214,32.095503838926426,1141.3095290396209,1141.174764113035,1141.6839457442984,0.5091816312633455,1.0,0.009185751897242002,10
2022-10-16,2022-10-13,2022-10-19,2.1438924791917207,6.000078315835212,173.58454084779802,173.34678439237177,174.24318310339004,0.8963987110182643,0.75,0.011215244126808872,10
2022-10-16,2022-10-13,2022-10-19,0.9257144913198382,13.34254147111853,524.1571705210989,523.5461720349267,525.2915924387053,1.745420403778553,1.75,0.006553729394931463,10
2022-10-16,2022-10-13,2022-10-19,6.181766878303729,21.971526722096428,820.0293852600716,817.2533354577608,824.8569305175915,7.603595059830695,3.75,0.022097633557319266,10
2022-10-22,2022-10-19,2022-10-25,4.562647674743699,48.53007941514098,1095.6563675162763,1094.2140080998652,1097.564427842386,3.3504197425208986,3.0,0.01782753898684702,10
2022-11-04,2022-11-01,2022-11-07,0.4530001352613054,32.38204983397198,1174.9651642250462,1174.551260351669,1175.5739247873425,1.022664435673505,1.0,0.011352515127844309,11
2022-11-04,2022-11-01,2022-11-07,0.3432853953008656,42.28470012284788,1255.3820727091709,1254.985250776168,1255.9923404399306,1.0070896637625992,0.75,0.015946265222882026,11
2022-11-04,2022-11-01,2022-11-07,9.517594036384667,48.604464267055214,1115.8492625692984,1112.705428911373,1119.705721240025,7.0002923286519945,4.0,0.024100955794054336,11
2022-11-04,2022-11-01,2022-11-07,1.9989674926993468,23.152208716996526,1095.133725389164,1094.2140080998652,1096.290031846147,2.0760237462818623,2.75,0.00924763808701434,11
2022-11-04,2022-11-01,2022-11-07,0.403821366244296,1.9751447903153176,636.56826796906,636.1620245575905,637.1616127043962,0.9995881468057632,0.75,0.009133386587594229,11
2022-11-04,2022-11-01,2022-11-07,0.22215428689617683,45.52109027875763,1112.2213146871804,1111.9393106545322,1112.7022286439314,0.7629179893992841,0.75,0.006373515482212135,11
2022-11-04,2022-11-01,2022-11-07,0.4011408712142656,1.9858421866004632,685.3026699947152,680.7839782312512,689.7181655028835,8.934187271632254,0.75,0.0076265687294129825,11
2022-11-10,2022-11-07,2022-11-14,1.4310740994762474,20.083773879260615,1137.3379219909402,1136.5434977607802,1138.596720594447,2.0532228336669505,2.5,0.008102963050755618,11
2022-11-10,2022-11-07,2022-11-14,0.20541595311639202,41.739986725980984,1295.7109746944507,1295.4676213441417,1296.2257594889961,0.7581381448544562,0.75,0.013980168304959273,11
2022-11-10,2022-11-07,2022-11-14,1.1168163013666927,13.004302237575523,1277.9051535821277,1277.0484515093267,1279.089412751142,2.040961241815239,1.75,0.0060870660489895125,11
2022-11-10,2022-11-07,2022-11-14,0.18471264438176982,21.999151501892765,1221.5412255280328,1221.2924994868226,1222.0503500606865,0.7578505738638341,0.75,0.0016409537265276504,11
2022-11-10,2022-11-07,2022-11-14,0.1828709291566092,15.246323490183757,1220.793899896846,1220.533503383398,1221.2913750074804,0.7578716240823269,0.75,0.0025354975573317873,11
2022-11-10,2022-11-07,2022-11-14,1.2066165985158501,27.460081744053994,1220.7581457328483,1219.7745004775934,1222.0503500606865,2.275849583093077,1.75,0.01024937330148372,11
2022-11-10,2022-11-07,2022-11-14,0.7249621816134879,13.451369096952893,1202.7171505467902,1201.8263251557946,1203.6057257121429,1.7794005563482642,2.0,0.005055553111868695,11
2022-11-10,2022-11-07,2022-11-14,0.5554647737791572,13.611405509496967,1196.0271034199222,1195.6744727380574,1196.6923718350008,1.017899096943438,1.5,0.00567402999124007,11
2022-11-10,2022-11-07,2022-11-14,0.24696305959392623,16.126770635173074,1191.1219958419067,1190.8581440146081,1191.6209666393697,0.7628226247616112,1.0,0.002374643596033124,11
2022-11-10,2022-11-07,2022-11-14,0.17867992551504763,10.751002817082007,1186.7959383169343,1186.5403907666914,1187.303426137194,0.7630353705026209,0.75,0.0020608372254611535,11
2022-11-10,2022-11-07,2022-11-14,0.3460149230089685,18.250568646408713,1175.0729012649845,1174.8082243651152,1175.5739247873425,0.7657004222273827,1.25,0.004664128729799501,11
2022-11-10,2022-11-07,2022-11-14,1.728174992163935,17.930886409945753,1160.3815087691426,1159.2029370586388,1162.2852351260372,3.0822980673983693,2.5,0.006109495126603419,11
2022-11-10,2022-11-07,2022-11-14,0.43621723776383714,4.518914326305976,1145.1887980742224,1144.778392556589,1145.8023721440695,1.0239795874804258,1.25,0.004989263362625879,11
2022-11-10,2022-11-07,2022-11-14,0.17973995033073217,49.74646877322195,1095.7876805138983,1095.5287906886078,1096.290031846147,0.7612411575391889,0.75,0.0027617626663111856,11
2022-11-10,2022-11-07,2022-11-14,0.2970704911684209,49.63571953275517,1094.442484277723,1094.2140080998652,1094.9742522323504,0.7602441324852407,1.0,0.004064607321545991,11
2022-11-10,2022-11-07,2022-11-14,3.924746695219448,17.586259874064933,1117.9129944773915,1115.0612865877338,1120.4742421824485,5.412955594714731,2.75,0.008256171279165362,11
2022-11-10,2022-11-07,2022-11-14,0.17205906628387224,0.512618046397287,102.65409660434953,102.38186689838767,103.13003460457548,0.7481677061878145,0.75,0.015235569179285702,11
2022-11-10,2022-11-07,2022-11-14,0.40508362725336533,0.5140725321568977,36.49265043117872,21.556085699237883,103.6264299317263,82.07034423248842,0.75,0.01774481209602377,11
2022-11-10,2022-11-07,2022-11-14,0.19461919658863244,7.99104620784182,283.7398120785714,283.3300103521906,284.420366180595,1.0903558284044266,0.75,0.004155053806878671,11
2022-11-10,2022-11-07,2022-11-14,0.5886680164946361,8.226212533212124,496.26842952014306,495.57788907550275,497.09743789676577,1.5195488212630153,1.25,0.003973887899939421,11
2022-11-10,2022-11-07,2022-11-14,0.5916275383050198,5.968152681415265,353.1713970377227,352.3671626751311,354.3787731155753,2.0116104404442012,1.25,0.0034911100587339365,11
2022-11-10,2022-11-07,2022-11-14,0.6037829846772877,1.9935398623093825,599.6752724212852,598.6608732431196,600.9041291321628,2.243255889043212,0.75,0.011192609174582873,11
2022-11-10,2022-11-07,2022-11-14,2.6412388637117665,2.297269928311643,767.5181385165324,761.3670861478895,777.4700357294641,16.10294958157465,1.0,0.014757929762054449,11
2022-11-10,2022-11-07,2022-11-14,0.5029080371958903,2.4782692687740235,781.3410302702055,780.5288345268928,782.3820426235907,1.8532080966979265,0.75,0.005408133315989033,11
2022-11-10,2022-11-07,2022-11-14,0.6228816219166863,2.4702742445973085,789.969924642439,785.6873709145002,794.4520129458979,8.76464203139767,0.75,0.007320374560899032,11
2022-11-10,2022-11-07,2022-11-14,0.3878305447684758,12.206785407373568,884.0737134148433,883.7460942142643,884.7618943657726,1.0158001515083015,1.25,0.003557954825296594,11
2022-11-10,2022-11-07,2022-11-14,0.3093253876451234,6.250046089372687,497.841453640621,497.34359367890283,498.5958156841807,1.252222005277872,0.75,0.003640119195397284,11
2022-11-17,2022-11-14,2022-11-21,0.2211431059292526,28.235134048940324,1292.6619200698078,1292.4297898816876,1293.1879410934635,0.7581512117758393,0.75,0.017323254048636678,11
2022-11-17,2022-11-14,2022-11-21,3.567546530844384,6.014742344198221,20.30699815920037,20.12127267755568,20.80694144498557,0.6856687674298882,1.5,0.032107724284032156,11
2022-11-17,2022-11-14,2022-11-21,0.667383844187319,6.749999999999999,20.44605027103702,20.338197982870042,20.80694144498557,0.4687434621155262,0.25,0.006062002808058707,11
2022-11-24,2022-11-21,2022-11-28,0.3069250523713197,1.7284543592078307,685.2129083180137,684.8226698026992,685.8331359978765,1.0104661951772869,0.75,0.005775679525794291,11
2022-11-24,2022-11-21,2022-11-28,0.47058064777357994,48.15518784995652,1112.1785543829992,1111.9393106545322,1112.7022286439314,0.7629179893992841,1.5,0.014055697556724705,11
2022-11-24,2022-11-21,2022-11-28,1.2527849247512814,2.765064850566108,1053.0874358989524,1052.8316030055285,1053.5857124836184,0.7541094780899584,0.75,0.014173747653771107,11
2022-12-02,2022-11-28,2022-12-06,2.0030163708119133,3.2508292049845,56.172440933090115,17.224506430793554,98.51011370588094,81.28560727508739,0.75,0.021317969987634924,12
2022-12-02,2022-11-28,2022-12-06,5.953478534143274,6.018911492171915,20.40228233332487,20.12127267755568,21.023958360310644,0.9026856827549636,2.0,0.03848303167260603,12
2022-12-02,2022-11-28,2022-12-06,0.5343340813678829,7.25,20.44627456818088,20.338197982870042,20.80694144498557,0.4687434621155262,0.25,0.013246583131369857,12
2022-12-02,2022-11-28,2022-12-06,1.6663519606284307,7.002655913702306,20.29494637889459,20.12127267755568,20.80694144498557,0.6856687674298882,0.75,0.016914766928785387,12
2022-12-02,2022-11-28,2022-12-06,3.8384756808587372,8.748626672303185,19.937958908295773,19.727471106685698,20.408219281584024,0.6807481748983264,0.75,0.066538689634811,12
2022-12-02,2022-11-28,2022-12-06,10.43854606362107,6.611498421560221,19.793933861410565,19.513051045592874,20.408219281584024,0.8951682359911501,1.5,0.03628560015924212,12
2022-12-09,2022-12-06,2022-12-12,0.9737153430872353,49.22145873855915,1087.43470778335,1087.073027772829,1088.086414215155,1.0133864423260093,2.5,0.009600971445182557,12
2022-12-27,2022-12-20,2023-01-04,4.179728517442895,20.570858156061693,1242.773164626478,1241.005415193271,1244.53324813582,3.5278329425491393,3.25,0.011466960777809763,12
2022-12-27,2022-12-20,2023-01-04,0.23465768274775753,4.266990460535845,468.11227788465453,467.85561333876103,468.60531196091324,0.7496986221522093,0.75,0.0045777584679937006,12
2022-12-27,2022-12-20,2023-01-04,0.3721673421493529,11.358711154760604,484.06605907770194,483.5871601612307,484.8348914626986,1.2477313014678657,1.0,0.004582834988895504,12
2022-12-27,2022-12-20,2023-01-04,1.2339685243905438,6.277820783761612,518.4841061482174,517.5708271702752,519.5654012095183,1.9945740392431617,2.5,0.004775981016200339,12
2022-12-27,2022-12-20,2023-01-04,0.18598258444953608,2.9935170992830917,525.0506088658117,524.7908556591719,525.5405567460693,0.749701086897403,0.75,0.0028218656255311805,12
2022-12-27,2022-12-20,2023-01-04,0.31592981872613585,19.596323893887828,1117.3091054878369,1116.8912682817318,1117.9122126069851,1.0209443252533674,1.0,0.0020678078865867333,12
2022-12-27,2022-12-20,2023-01-04,0.9696676608936465,3.240937873791915,739.824363951643,738.3747321888804,741.5524658844806,3.177733695600182,0.75,0.007104113363594208,12
2022-12-27,2022-12-20,2023-01-04,0.28314055280614164,3.2193119621230597,922.7598443770836,922.3788548568264,923.384383957833,1.0055291010066867,0.75,0.004368973473572622,12
2022-12-27,2022-12-20,2023-01-04,0.40391080839518295,3.1150371711236797,926.8096945080472,926.3986400277354,927.4042001198977,1.0055600921623409,1.0,0.007389607050895549,12
2022-12-27,2022-12-20,2023-01-04,0.19542008464485056,21.250906284322852,1141.9465468053966,1141.6889539272524,1142.4555259207264,0.7665719934739172,0.75,0.0026078188699536833,12
2022-12-27,2022-12-20,2023-01-04,0.5878251453880016,1.8181548929477616,604.8155966577954,603.8881766931154,605.7781303902157,1.8899536971002817,1.0,0.012803159230535422,12
2022-12-27,2022-12-20,2023-01-04,1.2210154630034695,3.30650398168085,374.24555867145466,372.23135728854686,375.81536865979433,3.5840113712474704,1.25,0.010338467767439043,12
2022-12-27,2022-12-20,2023-01-04,0.37500903446891287,6.377567408342362,380.31382936186446,380.0590140814893,380.8103290111758,0.7513149296864867,1.5,0.003330685667240913,12
2022-12-27,2022-12-20,2023-01-04,0.45915483786371997,3.3907606281769387,1133.394632282667,1133.3946322826669,1133.6464046989568,0.2517724162898958,1.0,0.00606348848179699,12
2022-12-27,2022-12-20,2023-01-04,0.3595680839502698,2.881723286936974,36.46648496707217,36.01266774442047,37.19214825052768,1.1794805061072111,1.0,0.008805693294440808,12
2022-12-27,2022-12-20,2023-01-04,1.1583763111805614,3.4179459898652143,823.0921900650308,820.4298652918078,827.5008815880865,7.071016296278685,1.0,0.00795867730610363,12
2022-12-27,2022-12-20,2023-01-04,0.7814176770061079,2.915626854912823,997.374814971158,996.4689104259014,998.4704237487167,2.001513322815299,1.25,0.006613726134106723,12
2022-12-27,2022-12-20,2023-01-04,1.395861524049463,3.0931337299382764,1041.8393337192301,1039.7663688994944,1043.7799461842515,4.013577284757048,1.0,0.007560656026156776,12
2022-12-27,2022-12-20,2023-01-04,0.5602344133764571,6.443891613284786,1056.9482706897531,1056.6258049351163,1057.6326419766992,1.0068370415829122,1.25,0.00633124318714622,12
2022-12-27,2022-12-20,2023-01-04,1.9546047523473389,3.3382747113636118,1013.7858335570702,1011.7181270294823,1015.7231025923975,4.004975562915206,1.5,0.009598585363118042,12
2022-12-27,2022-12-20,2023-01-04,3.9380256130563054,3.607947888179889,1096.5333107657518,1094.2140080998652,1099.8561286120676,5.642120512202382,1.5,0.012174946217173993,12
2022-12-27,2022-12-20,2023-01-04,0.8137579068216491,3.721753381761861,1103.647755302405,1102.4050308973528,1105.252026447095,2.8469955497421324,0.75,0.0062038232159549655,12
2022-12-27,2022-12-20,2023-01-04,3.1160677933516148,3.8338088891787745,1125.8040429298903,1123.0405715662055,1127.9961832524277,4.955611686222255,2.0,0.013828403543647519,12
2022-12-27,2022-12-20,2023-01-04,3.3760742376869595,3.9298316579326324,1130.633257934319,1128.7718545328826,1132.1057954467833,3.333940913900733,2.25,0.014813440873291995,12
2022-12-27,2022-12-20,2023-01-04,8.05586500870442,3.6672292457126265,1088.5121629234575,1083.4574742033146,1093.1615742417052,9.704100038390607,2.5,0.016755760445924844,12
2023-01-05,2023-01-04,2023-01-06,1.1067729108515763,5.584934138450012,770.6136081096131,769.8052379363216,771.674280016683,1.869042080361396,2.75,0.011277304770694416,1
2023-01-05,2023-01-04,2023-01-06,13.279363662863757,4.087779086353465,946.7071909538114,939.7124176407233,954.7374084554613,15.024990814737976,2.5,0.036043825516843375,1
2023-01-05,2023-01-04,2023-01-06,12.179000122413672,4.148864946276621,843.074212384721,833.3095997855999,850.1668353267014,16.857235541101545,2.5,0.03808969579869427,1
2023-01-05,2023-01-04,2023-01-06,16.231663570315447,4.016108513236702,824.2000627842648,816.1850318461657,834.8306858646683,18.645654018502682,2.5,0.039431979511024715,1
2023-01-05,2023-01-04,2023-01-06,0.06922602177788423,2.5,708.757891486552,708.489189134445,709.2577473586425,0.7685582241974771,0.25,0.004784488936957892,1
2023-01-05,2023-01-04,2023-01-06,1.6403358133083632,4.836126123975906,671.0567475196052,670.0136879379861,671.7725436203182,1.7588556823320687,2.75,0.013354672461307317,1
2023-01-05,2023-01-04,2023-01-06,5.902806943526978,3.3909902199659916,709.1908268205734,704.1872287411243,718.610992543865,14.423763802740723,2.0,0.026852333516521644,1
2023-01-05,2023-01-04,2023-01-06,0.13648412740694255,4.244574042381085,702.5911139189034,702.4547423687764,702.9630215968937,0.508279228117317,0.75,0.004920772302610493,1
2023-01-05,2023-01-04,2023-01-06,0.1538714675328187,4.214602971759936,700.6217241200729,700.4970357571729,701.0051212338731,0.5080854767002165,0.75,0.0041943308373718555,1
2023-01-05,2023-01-04,2023-01-06,16.22616416836953,3.9972091129256957,963.5304940409369,956.4877279535867,972.4877931168303,16.000065163243562,2.75,0.037039827193710406,1
2023-01-05,2023-01-04,2023-01-06,1.3780400023916948,3.586961458699263,636.8887649287323,636.1620245575905,638.1574433147907,1.995418757200241,2.5,0.01597477440151135,1
2023-01-05,2023-01-04,2023-01-06,0.06730178814328462,2.5,706.6843241494558,706.4178720279597,707.1863916222937,0.7685195943340659,0.25,0.0060380617947970025,1
2023-01-05,2023-01-04,2023-01-06,0.18061762897391873,4.24414888389699,982.7257405247328,982.4806359424256,983.2324162945151,0.7517803520895541,0.75,0.0023099267475851946,1
2023-01-05,2023-01-04,2023-01-06,39.054999402675456,4.387818541025144,1236.5202874902322,1220.533503383398,1251.96526546916,31.431762085761875,3.0,0.0455950043815853,1
2023-01-05,2023-01-04,2023-01-06,0.26733585408906385,3.232782967003213,988.7575008588732,988.4742499748245,989.2260339106433,0.7517839358188212,0.75,0.009035776697478634,1
2023-01-05,2023-01-04,2023-01-06,0.18090502718711365,4.245997709199111,988.981111177973,988.724255734589,989.4760396699421,0.7517839353531599,0.75,0.0026764332671512557,1
2023-01-05,2023-01-04,2023-01-06,0.20583364355501696,3.9833206631858924,1217.5004482300797,1217.2442358457483,1218.002122215461,0.7578863697126508,0.75,0.004491859982633832,1
2023-01-05,2023-01-04,2023-01-06,0.3014476805118289,4.222337916344849,1218.6658771361856,1218.2562365811318,1219.2671800893731,1.0109435082413256,0.75,0.0064251412377294564,1
2023-01-05,2023-01-04,2023-01-06,0.5934170736969042,5.479005037530894,1252.6179445817875,1251.965255479794,1253.7275349460542,1.7622794662602246,1.25,0.005959242769902133,1
2023-01-05,2023-01-04,2023-01-06,4.867426493152356,4.195722746847249,1257.102472619027,1253.9792877091095,1260.5206009959802,6.541313286870718,2.0,0.015891263405104005,1
2023-01-05,2023-01-04,2023-01-06,11.903879402269819,4.253706660135266,1270.3431662702815,1262.031082893256,1279.5942794843577,17.563196591101587,2.0,0.025721060495443683,1
2023-01-05,2023-01-04,2023-01-06,48.02123557693549,4.097943050133201,1311.6681364022722,1282.3712997394614,1343.3557611964643,60.98446145700291,2.5,0.0495033242658309,1
2023-01-05,2023-01-04,2023-01-06,0.1358489685437472,4.232348692154224,1347.2284453579184,1347.0964668109082,1347.610872859601,0.5144060486927629,0.75,0.002987951334375388,1
2023-01-05,2023-01-04,2023-01-06,1.9942521730008615,4.153014898017606,1367.5320913440517,1364.036510502454,1371.460106773302,7.423596270848066,1.5,0.010537360463300987,1
2023-01-05,2023-01-04,2023-01-06,0.18471786865940784,4.240809986097291,1385.4109906275369,1385.143112141639,1385.9317482821643,0.788636140525341,0.75,0.002098981945587834,1
2023-01-05,2023-01-04,2023-01-06,1.0426425739500873,3.726266374892076,1472.3963826737693,1471.475445390679,1473.6034490768798,2.1280036862008274,1.25,0.005690796344614783,1
2023-01-05,2023-01-04,2023-01-06,0.4804815980441801,5.349443138519694,596.2614981466373,595.9318280480802,596.9304832448252,0.9986551967449486,1.0,0.01547035533997741,1
2023-01-05,2023-01-04,2023-01-06,0.23313924330511318,8.000583900832837,983.6959196653079,983.4806514983065,984.2324318485335,0.7517803502269089,0.75,0.004892670183578655,1
2023-01-05,2023-01-04,2023-01-06,1.321553287219455,4.625284923345867,585.4536074179857,584.0070217787288,587.6330115050077,3.625989726278931,1.25,0.007321001095026035,1
2023-01-05,2023-01-04,2023-01-06,6.504646182207403,3.8474288269028643,496.9773361439693,492.3375699860044,502.0813583685085,9.743788382504135,2.0,0.028293285098751005,1
2023-01-05,2023-01-04,2023-01-06,0.17290577691985515,3.3125438430122567,571.6777155089925,571.1241415003315,572.3719445965253,1.2478030961938202,0.5,0.005449914138176881,1
2023-01-05,2023-01-04,2023-01-06,88.52287283160187,4.188904917398052,897.2227784487699,852.5042388932779,936.44927002443,83.94503113115206,3.5,0.07638008510990295,1
2023-01-05,2023-01-04,2023-01-06,136.61720058459667,4.7316128741367525,1033.702913798623,993.4743229141459,1069.5073363413103,76.0330134271644,6.0,0.09857314694299738,1
2023-01-05,2023-01-04,2023-01-06,0.09648498068786272,3.0000000000000004,1010.0762037505368,1009.7169306329452,1010.7192162387073,1.0022856057621539,0.25,0.005706074210475193,1
2023-01-05,2023-01-04,2023-01-06,0.10357426249954547,2.878842549659014,1049.1940767760425,1049.0643136845902,1049.5672627375461,0.5029490529559553,0.5,0.011141896489383872,1
2023-01-05,2023-01-04,2023-01-06,0.12610178827639612,3.6057981955900527,1057.583852020069,1057.3808695604093,1058.1359007838182,0.7550312234088778,0.5,0.005254548510555349,1
2023-01-05,2023-01-04,2023-01-06,178.64812130870635,4.7011316670786085,1104.000040766299,1071.0212614242919,1134.4173387456685,63.39607732137665,6.25,0.12312179701195837,1
2023-01-05,2023-01-04,2023-01-06,119.10855751564176,4.543971378581088,1174.7033762084025,1135.1974945766851,1213.4797568554059,78.28226227872074,4.5,0.07265287485707621,1
2023-01-05,2023-01-04,2023-01-06,0.17933510028533803,3.4981253259730405,287.0928615700178,286.7623138334602,287.6830705627799,0.9207567293196917,0.75,0.0032972108773812216,1
2023-01-05,2023-01-04,2023-01-06,0.6564413114305275,3.487586514953033,298.0835021565064,289.03550771437585,310.633023455739,21.597515741363168,0.75,0.006693333016287045,1
2023-01-05,2023-01-04,2023-01-06,2.34616253596657,4.74219845299466,311.03718004017594,303.7809450174682,321.2677381564863,17.48679313901812,2.0,0.011314839604868876,1
2023-01-05,2023-01-04,2023-01-06,1.1656446661233306,3.887362269312183,315.5460236621852,306.9433484207839,324.67485148413107,17.73150306334719,1.25,0.008947342530962549,1
2023-01-05,2023-01-04,2023-01-06,1.642959911317145,3.604243861326867,372.34172324353585,369.7474885233678,374.7206686870195,4.973180163651705,1.75,0.017517877308351738,1
2023-01-05,2023-01-04,2023-01-06,0.21068668276521285,2.743263511963232,381.03662191078234,380.8082565255463,381.55957155581564,0.7513150302693248,0.75,0.008533091859898033,1
2023-01-05,2023-01-04,2023-01-06,0.11285176132430777,2.8382447430639566,1020.9604963763904,1020.7226389725693,1021.4749657874927,0.7523268149234354,0.5,0.008031499705338327,1
2023-01-05,2023-01-04,2023-01-06,0.6409471110458391,3.5838360849890414,483.0774276256067,482.3424065974541,484.0878954734653,1.7454888760112226,1.0,0.009536106404530936,1
2023-01-05,2023-01-04,2023-01-06,0.3949067973576156,3.066420089295107,488.6008488147174,488.10519463568926,489.352819269523,1.247624633833766,1.0,0.006925023554394661,1
2023-01-05,2023-01-04,2023-01-06,1.7617227224880025,4.3124900899027585,579.9540254499587,576.5435349158943,583.0137499421835,6.470215026289225,1.5,0.008049667319170738,1
2023-01-05,2023-01-04,2023-01-06,1.804884571357412,5.119050101311749,503.26316639238286,502.3275126167573,504.5709729245864,2.243460307829082,2.25,0.014604615548081304,1
2023-01-05,2023-01-04,2023-01-06,5.771651453424602,3.846993208899197,529.779024026448,526.5553586566821,533.0352436858229,6.47988502914086,2.0,0.020877829763415217,1
2023-01-05,2023-01-04,2023-01-06,1.3822677648060346,4.119898685786736,534.8435262807263,534.028316820506,536.2743746866472,2.2460578661412,1.5,0.013908533319204794,1
2023-01-05,2023-01-04,2023-01-06,0.49278156178339844,3.586316036530847,542.0996087754658,541.5182677083649,543.0148063688539,1.4965386604890227,1.0,0.00889028571876497,1
2023-01-05,2023-01-04,2023-01-06,0.25499894274775486,3.7381941696671728,545.6360219683914,545.2527577630244,546.2528423666954,1.0000846036709845,0.75,0.0038556002733007087,1
2023-01-05,2023-01-04,2023-01-06,1.1818664258479927,3.7764756260697405,550.1737999323591,548.7498592822812,551.7403684044257,2.990509122144431,1.25,0.011790876107694368,1
2023-01-05,2023-01-04,2023-01-06,1.2059322810883744,5.383339757613686,553.445687256875,552.2354797776788,555.2259943080135,2.9905145303346217,2.25,0.012355879518628966,1
2023-01-05,2023-01-04,2023-01-06,0.3583250835310466,4.037422966845552,449.88404816891546,449.52367243450135,450.5223448765464,0.9986724420450628,0.75,0.005794266861216274,1
2023-01-05,2023-01-04,2023-01-06,2.142641107339655,3.8292369912222415,556.2034007650618,554.4762993264012,558.2091407473199,3.732841420918703,1.5,0.03782779703020424,1
2023-01-05,2023-01-04,2023-01-06,0.15157240771346747,3.6426576957799686,558.0085728845881,557.7084072059952,558.4581018728204,0.7496946668252349,0.75,0.009928307388781504,1
2023-01-05,2023-01-04,2023-01-06,1.3513320474147668,3.758249843589187,570.9904981934859,569.3813612819649,573.3677831813693,3.9864218994043767,1.25,0.011840417324143928,1
2023-01-07,2023-01-06,2023-01-09,0.21501968604956193,34.25511826950999,1248.1876414016776,1247.936678262893,1248.6920798975043,0.7554016346111894,0.75,0.0114814479726087,1
2023-01-07,2023-01-06,2023-01-09,0.21688406079218864,41.76636590189092,1295.4629830833144,1295.2144385315478,1295.9725766074844,0.7581380759365857,0.75,0.010851787740447922,1
2023-01-07,2023-01-06,2023-01-09,0.7385980497935405,6.209352269775573,1104.4040589168198,1103.678580667358,1105.5072090481408,1.8286283807829022,1.25,0.00685677494807962,1
2023-01-07,2023-01-06,2023-01-09,0.19628517466722264,2.990785578366717,353.882957601668,353.6241398397833,354.3787731155753,0.7546332757920027,0.75,0.005117548569943122,1
2023-01-14,2023-01-09,2023-01-20,0.4240227037239402,5.1412511988609095,1138.7794059981277,1137.5726531641558,1140.3974886322394,2.82483546808362,1.0,0.002092825403657222,1
2023-01-14,2023-01-09,2023-01-20,0.19945801065730795,15.244233971059641,1137.817131771632,1137.5726531641558,1138.3392889150418,0.7666357508860528,0.75,0.0024043014987223973,1
2023-01-14,2023-01-09,2023-01-20,0.24274631222279894,18.3744153851619,1122.2689178513053,1122.015768990852,1122.780248296447,0.7644793055951595,1.0,0.0018345660199670464,1
2023-01-14,2023-01-09,2023-01-20,0.18024972653061513,19.502064379806075,1120.7349410019583,1120.4788384996355,1121.242753336206,0.7639148365706205,0.75,0.0019534681049440117,1
2023-01-14,2023-01-09,2023-01-20,0.3208410803075988,48.77175761414972,1112.950708391086,1112.705428911373,1113.468335218262,0.7629063068889081,1.25,0.0048309289032713205,1
2023-01-14,2023-01-09,2023-01-20,3.6252292908802097,43.7484949562844,1109.5413584493422,1107.3414110625163,1111.6804928043857,4.33908174186945,2.75,0.01249901255303831,1
2023-01-14,2023-01-09,2023-01-20,0.20037043389394252,4.7439731095277375,1077.1162586479036,1076.8803302492015,1077.6382018132135,0.7578715640120208,0.75,0.002261918101140909,1
2023-01-14,2023-01-09,2023-01-20,15.598959362292726,6.150282666276996,1064.1381690514627,1058.8907414451241,1069.75964137353,10.868899928405881,5.25,0.026837221663446383,1
2023-01-14,2023-01-09,2023-01-20,0.21498412319576102,23.75068422743052,1040.7574628444056,1040.5186773035675,1041.2720100115985,0.7533327080309391,0.75,0.0052008030437700236,1
2023-01-14,2023-01-09,2023-01-20,5.561307999405897,23.74862497420053,1018.050903419817,1015.9701407267712,1020.2231414299458,4.253000703174621,3.25,0.018455129217782806,1
2023-01-14,2023-01-09,2023-01-20,0.8010937542822673,5.92235250330236,1014.7892379963859,1013.7192143243738,1016.2219131430611,2.5026988186873496,1.5,0.003968218141260179,1
2023-01-14,2023-01-09,2023-01-20,0.25661639169310524,19.267052236005373,1012.7043533600713,1012.4685365734622,1013.2205783398822,0.7520417664200068,0.75,0.004527598220819856,1
2023-01-14,2023-01-09,2023-01-20,0.5532068787498694,5.6659336006296055,1012.0087545855898,1011.4679921967909,1012.9704436641186,1.5024514673277736,1.25,0.003656096988042539,1
2023-01-14,2023-01-09,2023-01-20,0.3891965360130566,6.876413745912989,1008.3440777290405,1007.7158846240491,1009.2182663558051,1.5023817317560315,1.0,0.002597627607692479,1
2023-01-14,2023-01-09,2023-01-20,0.4598665355414675,5.997970659179556,1004.7623712451054,1004.219821522478,1005.4717869949527,1.2519654724746943,1.25,0.004581185647185421,1
2023-01-14,2023-01-09,2023-01-20,0.3111189513956686,5.862672066374526,1143.0888761312642,1142.7178841102868,1143.7418386456557,1.02395453536883,1.0,0.0030953297169052604,1
2023-01-14,2023-01-09,2023-01-20,0.5641231012891585,18.569041718489483,1018.5368880737019,1017.7193008163013,1019.4727433081716,1.7534424918703735,1.0,0.004156523535886177,1
2023-01-14,2023-01-09,2023-01-20,0.31470280585534705,21.592741246746368,1147.2755775705514,1146.8654509200715,1147.88995366171,1.024502741638571,1.0,0.0027113601999183314,1
2023-01-14,2023-01-09,2023-01-20,0.17736372226578812,12.25315117029273,1384.6109114604003,1384.3394985874183,1385.1264527174644,0.7869541300460696,0.75,0.001229993649277243,1
2023-01-14,2023-01-09,2023-01-20,0.23747715615157994,34.279679269397484,1170.9746824790814,1170.6985294050537,1171.464279445354,0.7657500403001904,0.75,0.0047870504110609545,1
2023-01-14,2023-01-09,2023-01-20,0.9687462997362339,3.413786168057917,1487.0971675465892,1486.1635984815657,1488.1701615233906,2.0065630418248475,1.25,0.020372621906670486,1
2023-01-14,2023-01-09,2023-01-20,0.7663564622343341,12.267603531026213,1387.9566441350844,1387.2976657608524,1389.1814504791982,1.8837847183458507,1.5,0.003952753628257143,1
2023-01-14,2023-01-09,2023-01-20,3.7066638200670945,5.878452936388908,945.2145477509815,941.71636211453,949.481672368478,7.765310253947973,2.5,0.009964749539935067,1
2023-01-14,2023-01-09,2023-01-20,0.25246447571917263,42.27632133672567,1356.0916559373668,1355.85440210253,1356.6362825375982,0.7818804350681603,0.75,0.005658487630433829,1
2023-01-14,2023-01-09,2023-01-20,0.4645654900328939,11.630961934477677,1319.6094093522395,1318.4789201417007,1320.8037076895125,2.324787547811866,1.5,0.003178827582357847,1
2023-01-14,2023-01-09,2023-01-20,0.4604491998558664,4.961074724783208,1311.6560181463826,1311.0575181823224,1312.5887357098982,1.5312175275757909,1.25,0.0038509312809590595,1
2023-01-14,2023-01-09,2023-01-20,0.1840643933529274,15.757869324535326,1260.527494938357,1260.2688285796903,1261.0241341190413,0.7553055393509567,0.75,0.0017137708499323115,1
2023-01-14,2023-01-09,2023-01-20,0.32788227358777017,16.258685859688224,1257.240498449457,1256.9961242713034,1257.751429977361,0.7553057060576975,1.25,0.002133857526942554,1
2023-01-14,2023-01-09,2023-01-20,1.0032703405475694,5.7789841706557015,1236.8142651646247,1235.62796128029,1238.233164653182,2.6052033728919923,1.25,0.004647789601417079,1
2023-01-14,2023-01-09,2023-01-20,0.9705351427539735,4.392601842697227,1212.0969864982958,1210.690426982008,1213.4797568554059,2.7893298733979464,1.0,0.005587149029086734,1
2023-01-14,2023-01-09,2023-01-20,0.18533187863963485,9.995034955772498,1199.0291042492454,1198.771207107231,1199.5322994440794,0.7610923368483782,0.75,0.0028672518327253153,1
2023-01-14,2023-01-09,2023-01-20,1.3912176447740998,5.2629057176108285,1195.9220029465844,1193.4127336959355,1197.749937699642,4.337204003706574,1.5,0.005357637760506202,1
2023-01-14,2023-01-09,2023-01-20,1.0539056759359198,10.974878362315138,1188.8351439824057,1187.7927115177736,1190.344167722389,2.5514562046155334,1.25,0.004481232819570944,1
2023-01-14,2023-01-09,2023-01-20,11.394783050853942,18.887399036745027,1183.3466818499355,1180.5671253586188,1186.4302336503752,5.863108291756362,5.75,0.012874081393031634,1
2023-01-14,2023-01-09,2023-01-20,0.48021346042083135,8.276590881029334,1176.5415841699153,1175.8190971207805,1177.5087606254965,1.689663504716009,1.25,0.002460673156459233,1
2023-01-14,2023-01-09,2023-01-20,12.202944119804569,31.234400779008425,1175.9581264998765,1174.551260351669,1177.5087606254965,2.9575002738274634,4.75,0.028024194318755195,1
2023-01-14,2023-01-09,2023-01-20,0.6390946954929863,13.76883495198222,1174.9390800137576,1174.551260351669,1175.5739247873425,1.022664435673505,1.75,0.005398371858014804,1
2023-01-14,2023-01-09,2023-01-20,0.19603075864056171,22.002302842398503,1152.2634618668003,1152.013877980411,1152.7807340282016,0.7668560477904975,0.75,0.0025904506029921378,1
2023-01-14,2023-01-09,2023-01-20,0.1287573578372138,7.0025367676713355,940.584354899865,940.4638890800998,940.9661587649025,0.5022696848027408,0.75,0.0015763313740577085,1
2023-01-14,2023-01-09,2023-01-20,0.2125936070461925,19.502928748395288,1099.873555049728,1099.6043561957777,1100.365585678257,0.7612294824793935,0.75,0.00284186688340295,1
2023-01-14,2023-01-09,2023-01-20,1.6324309776972135,5.436623928451968,900.7319389332771,898.3143998044543,902.9123534583487,4.597953653894365,1.25,0.006952920267777078,1
2023-01-14,2023-01-09,2023-01-20,0.4930726736397338,14.433030270149512,508.5202213687291,507.8335345298983,509.3301613680087,1.4966268381103873,1.0,0.0046548034071082905,1
2023-01-14,2023-01-09,2023-01-20,0.3491081359724021,6.224034816767898,504.0863028697993,503.8212738162838,504.5709729245864,0.7496991083025932,1.25,0.003984624331304399,1
2023-01-14,2023-01-09,2023-01-20,1.884547063335345,11.003683624363468,451.20238259680764,450.51955042546615,452.5142319877632,1.9946815622970462,2.75,0.007219580414254732,1
2023-01-14,2023-01-09,2023-01-20,0.5092402393517894,5.656067714111082,310.34278163883096,303.7809450174682,320.91312296455726,17.132177947089076,1.0,0.0039094524290934395,1
2023-01-14,2023-01-09,2023-01-20,0.4985058594401655,2.964221243231013,205.10239776236955,203.43327569961548,206.89642577292398,3.4631500733084977,0.75,0.009231482323035852,1
2023-01-14,2023-01-09,2023-01-20,0.2586167864836325,6.1031632819704535,99.33651258033957,98.94362931372598,99.95264319796115,1.0090138842351735,1.0,0.006156363724797147,1
2023-01-14,2023-01-09,2023-01-20,2.2360247554036596,3.5254084014995937,1135.691887894025,1133.9085883055814,1137.5675774835981,3.658989178016782,1.75,0.010305679773409439,1
2023-01-14,2023-01-09,2023-01-20,0.534079665341222,3.167958624735685,1134.095611499979,1133.6516102980822,1134.9352544345893,1.283644136507064,0.75,0.010434827403076651,1
2023-01-14,2023-01-09,2023-01-20,0.050976172296902975,3.2500000000000004,1129.409419046811,1129.285282026045,1129.794062039815,0.508780013769865,0.25,0.004164409143180756,1
2023-01-14,2023-01-09,2023-01-20,1.1610681989124292,3.3064526634672187,1124.433128944455,1122.784829318989,1126.1691969688982,3.384367649909109,1.0,0.02134683932959474,1
2023-01-14,2023-01-09,2023-01-20,0.7154200699792049,4.352534026726225,1119.3265580403722,1118.685406517703,1120.217873440124,1.5324669224210083,1.0,0.009326421939708965,1
2023-01-14,2023-01-09,2023-01-20,0.5360998872095322,3.6319101821323265,1097.5407547958514,1097.0583594758064,1098.3286536931992,1.2702942173928022,1.0,0.013843171178123065,1
2023-01-14,2023-01-09,2023-01-20,181.78783594505452,6.197125801045798,1107.1058558838042,1079.9160106624477,1132.3627846268937,52.44677396444604,8.0,0.09362565080264192,1
2023-01-14,2023-01-09,2023-01-20,5.479908781300395,4.765365106806061,1056.8708947995044,1053.3339400673285,1060.1491173864342,6.815177319105715,2.75,0.017850311814097974,1
2023-01-14,2023-01-09,2023-01-20,16.631314263540798,5.590239986988194,1048.971527609799,1042.5252981432714,1055.6124716531485,13.087173509877175,4.25,0.025544375995778117,1
2023-01-14,2023-01-09,2023-01-20,3.160473649729912,4.979738768505562,1020.6201216906703,1019.4712344668806,1022.9766279789619,3.505393512081355,4.0,0.009579608319717362,1
2023-01-14,2023-01-09,2023-01-20,0.24714786054748297,5.996165569174599,916.6939395821427,916.3178113163449,917.3251364640892,1.0073251477442682,0.75,0.0021043933058359546,1
2023-01-14,2023-01-09,2023-01-20,16.793151306780192,12.80856034319721,616.2762427176742,612.6013332665898,620.2316844644956,7.6303511979058385,7.0,0.01910584493589732,1
2023-01-14,2023-01-09,2023-01-20,0.2538523711639707,25.39692862340985,622.5219164882278,622.219296601601,622.9690968357027,0.7498002341017127,0.5,0.007062529036765054,1
2023-01-14,2023-01-09,2023-01-20,0.19394878958715647,3.623343453405748,1119.4668520897526,1119.1975712967105,1119.9620987689123,0.7645274722017348,0.5,0.01058055380105061,1
2023-01-14,2023-01-09,2023-01-20,0.9892573802310185,4.258079960464964,635.0216066483711,634.0451086661778,636.1660733418539,2.1209646756760776,0.75,0.010344470489613924,1
2023-01-14,2023-01-09,2023-01-20,1.1224131392377128,22.163142617511955,886.0979641397627,885.5080445790663,886.7983086197637,1.290264040697366,1.5,0.008993527850546214,1
2023-01-14,2023-01-09,2023-01-20,0.10076788126137014,25.052226478759927,622.4421939502984,622.219296601601,622.9690968357027,0.7498002341017127,0.5,0.002161957535642378,1
2023-01-14,2023-01-09,2023-01-20,2.9205785971784923,6.917786551788087,843.3949740350865,841.9022257239558,846.4614243558608,4.559198631905019,3.5,0.010629823957076961,1
2023-01-14,2023-01-09,2023-01-20,0.24141487674235387,5.875503983109135,826.3478334694221,826.0829677539878,826.8620887105353,0.7791209565475583,1.0,0.0015447332555623395,1
2023-01-14,2023-01-09,2023-01-20,3.5971141798686372,5.865558637225837,803.801371449976,801.9327780469321,807.8998305597343,5.967052512802184,3.0,0.011507112423682334,1
2023-01-14,2023-01-09,2023-01-20,5.285158851884605,2.7880040379318403,775.2463114571742,766.29351061536,787.9325073724613,21.638996757101268,1.0,0.008594753885514152,1
2023-01-14,2023-01-09,2023-01-20,0.22722819345856307,6.264565420989197,751.8237952302555,751.5892842025496,752.37523141969,0.7859472171403468,0.75,0.0047820479862609976,1
2023-01-14,2023-01-09,2023-01-20,2.1612702519657776,6.713260421656745,734.305096698976,732.805440354161,736.2224935237318,3.4170531695708632,1.75,0.008845955615503479,1
2023-01-14,2023-01-09,2023-01-20,2.0102740254269897,6.381630422173242,772.7349798698779,767.3753443458118,777.4700357294641,10.094691383652389,2.75,0.0074513389519494854,1
2023-01-14,2023-01-09,2023-01-20,0.5595961073580581,2.732427745684245,732.9258816653511,732.0111752944067,734.0238741729409,2.012698878534138,0.75,0.0018725617272053621,1
2023-01-14,2023-01-09,2023-01-20,3.494278995297111,16.411586441812123,661.3624331683989,660.121625166852,662.4884321112186,2.3668069443665445,3.25,0.013983409774933708,1
2023-01-14,2023-01-09,2023-01-20,1.2234383319085314,3.1660577829842858,697.9052051938029,697.6764761842787,698.4416517233476,0.7651755390688777,1.0,0.02228552626479574,1
2023-01-14,2023-01-09,2023-01-20,5.614437518236223,2.7114596357172016,704.9808122984788,697.6764761842787,718.2791225896217,20.602646405342966,1.25,0.026831479684515974,1
2023-01-14,2023-01-09,2023-01-20,0.19604466906656173,17.0132305314944,690.3495850584723,690.0828954856843,690.8435112102889,0.7606157246045768,0.75,0.004133985189970181,1
2023-01-14,2023-01-09,2023-01-20,0.18254796808961335,17.00425952501305,689.3188045791253,689.0663198241964,689.8269123742357,0.7605925500392914,0.75,0.002922165016558723,1
2023-01-14,2023-01-09,2023-01-20,0.339855122015124,12.241949108438302,732.2700644443828,732.0111752944067,732.7924577388912,0.7812824444845319,1.25,0.002684677630888318,1
2023-01-14,2023-01-09,2023-01-20,0.6457752877299267,13.883159682473122,679.0753864087839,678.6001427969895,679.7753873025067,1.1752445055171847,1.5,0.0031307856395639973,1
2023-01-21,2023-01-20,2023-01-23,0.1938237216393645,11.2570210479621,1092.4035288579867,1092.1482725017704,1092.9077311307192,0.7594586289487779,0.75,0.002684446901254721,1
2023-01-21,2023-01-20,2023-01-23,0.9249054836031947,4.082648062413274,1088.22369973357,1087.073027772829,1089.8627195418812,2.789691769052297,1.75,0.010797442470407778,1
2023-01-21,2023-01-20,2023-01-23,11.054284209713467,6.936884055724772,1085.662180121265,1080.9278379445896,1090.877757679671,9.949919735081494,8.5,0.022567310926340744,1
2023-01-21,2023-01-20,2023-01-23,12.553095285954555,5.542342663729037,1048.2111852221956,1042.7760904538445,1052.5811159103177,9.805025456473231,4.75,0.026863950659780717,1
2023-01-21,2023-01-20,2023-01-23,1.9540582173746774,4.7051014027003655,947.6173945073842,945.7241066545248,949.481672368478,3.757565713953227,2.0,0.006699904121217859,1
2023-01-21,2023-01-20,2023-01-23,2.1735469267564893,5.803027088175289,951.3874232551684,950.2303979443386,953.0011874418706,2.7707894975319505,3.0,0.00984131387558739,1
2023-01-21,2023-01-20,2023-01-23,0.6716341402329169,6.553687616770579,944.076285008885,943.4698193417862,945.2243898012675,1.7545704594813287,1.25,0.005032769029513664,1
2023-01-21,2023-01-20,2023-01-23,0.28148565271386816,9.74897871564926,1092.6723290884302,1092.4021156099625,1093.1615742417052,0.7594586317427456,0.75,0.005947023947537562,1
2023-01-21,2023-01-20,2023-01-23,0.33261880511232794,4.354812084014263,929.8399486381455,929.4258037121035,930.4300061948597,1.0042024827562273,1.0,0.0038679056192778786,1
2023-01-21,2023-01-20,2023-01-23,0.24426059742057454,6.230767303062342,931.9434032967837,931.6830254504457,932.4364227820188,0.7533973315730691,0.75,0.004088069992884385,1
2023-01-21,2023-01-20,2023-01-23,1.0584649596794096,5.963677445190114,1003.5108571636154,1002.469483690802,1004.4715939387679,2.002110247965902,1.75,0.005554618964525582,1
2023-01-21,2023-01-20,2023-01-23,0.17665863361396827,9.000781539492062,1094.4684025700356,1094.2140080998652,1094.9742522323504,0.7602441324852407,0.75,0.001696935207323119,1
2023-01-21,2023-01-20,2023-01-23,1.49695872363134,4.760746170498186,1220.091219144125,1218.003406775184,1222.3033891315572,4.299982356373221,1.5,0.012753640524294018,1
2023-01-21,2023-01-20,2023-01-23,3.020795096848188,4.276204396727144,1135.1637902157158,1132.3673530714586,1139.1109760417603,6.743622970301658,1.75,0.013301879457704583,1
2023-01-21,2023-01-20,2023-01-23,0.4238504913911979,4.246864580188471,1141.6734927880168,1140.9173549101688,1142.7129257149063,1.7955708047375083,0.75,0.004158455193123547,1
2023-01-21,2023-01-20,2023-01-23,19.186220491592962,5.401344181847092,1165.6377621813406,1157.1445484780706,1173.519171343185,16.37462286511436,4.0,0.021941078811297025,1
2023-01-21,2023-01-20,2023-01-23,2.184438979143815,4.594993486092786,1192.0957724549185,1190.0923953060992,1194.4306353605352,4.338240054436028,1.5,0.008037078485259606,1
2023-01-21,2023-01-20,2023-01-23,3.169706962495616,4.649072536977429,1211.3317395359788,1208.4065085039474,1214.4945867299102,6.088078225962818,2.0,0.009177907089699705,1
2023-01-21,2023-01-20,2023-01-23,0.02142816152112081,4.0,1214.2428143136203,1214.2428143136203,1214.4945867299102,0.2517724162898958,0.25,0.004618657171399442,1
2023-01-21,2023-01-20,2023-01-23,4.174532438315504,3.7231498256182736,1288.1134438735303,1282.623595516663,1293.1879410934635,10.564345576800406,1.0,0.009736934978294278,1
2023-01-21,2023-01-20,2023-01-23,6.3327679514615305,4.320428102043606,1309.8195131488285,1303.9472473091446,1315.1471326472238,11.199885338079184,2.75,0.012288739071102929,1
2023-01-21,2023-01-20,2023-01-23,1.6951109166515608,3.7124824977635296,1404.060924311235,1401.2699784175493,1406.8894168422557,5.619438424706459,0.75,0.005908263713906622,1
2023-01-21,2023-01-20,2023-01-23,0.3767407880912588,4.2491917440018385,915.3347499142985,914.5551773523912,916.3179176356643,1.7627402832731605,1.25,0.005465918427212986,1
2023-01-21,2023-01-20,2023-01-23,0.7112373118842767,3.5843994027798654,1476.8436956847222,1475.6183786112815,1478.38920754008,2.770828928798437,1.0,0.01231977783437376,1
2023-01-21,2023-01-20,2023-01-23,2.486901617208812,23.385630361148007,1096.8518992487968,1095.7835250594653,1098.0739117423072,2.290386682841927,4.0,0.00938644728560709,1
2023-01-21,2023-01-20,2023-01-23,1.2453819974520057,4.282952775765817,842.039564924739,839.8159004086629,844.4394686711021,4.623568262439221,1.75,0.010843562135217656,1
2023-01-21,2023-01-20,2023-01-23,5.784414993125314,6.761995383284794,1118.3132613519608,1115.8662522188388,1121.4991131490096,5.632860930170864,4.5,0.01846310158317132,1
2023-01-21,2023-01-20,2023-01-23,0.7291971824847961,3.197783629395234,739.6887479342296,737.5735434140079,741.5524658844806,3.978922470472753,0.75,0.004192683371512453,1
2023-01-21,2023-01-20,2023-01-23,3.857716003025403,3.465811257000407,819.3473630858135,814.99921615934,824.8569305175915,9.857714358251542,2.25,0.011155053706050938,1
2023-01-21,2023-01-20,2023-01-23,0.5370494468775694,2.986314534181874,905.0187360659871,904.1754747452214,906.195265205577,2.01979046035558,0.75,0.0038961352961559333,1
2023-01-21,2023-01-20,2023-01-23,12.026131023813207,4.9373638057647,1012.1350005530594,1007.465748179704,1020.473208702635,13.00746052293107,4.5,0.019970628981872143,1
2023-01-21,2023-01-20,2023-01-23,1.4534686894172968,4.775705688161149,1054.090934958747,1052.8316030055285,1056.1226212889887,3.2910182834602892,1.25,0.008255894591190114,1
2023-01-21,2023-01-20,2023-01-23,6.7466598366987975,5.131325424511861,1063.4589025126572,1058.387499845121,1068.7506213374436,10.363121492322534,3.0,0.02001273432622757,1
2023-01-21,2023-01-20,2023-01-23,26.045639248537565,6.305502513386113,1100.153169266575,1090.3721322561614,1105.8044193256646,15.432287069503218,5.75,0.032697116567578226,1
2023-01-21,2023-01-20,2023-01-23,5.14282762482485,5.511951436378447,1108.5131296734496,1106.5745884254575,1111.42491412675,4.850325701292604,3.5,0.017681689720653544,1
2023-01-21,2023-01-20,2023-01-23,0.22891236209423024,4.325378545617125,1109.3161080511045,1108.8739601825364,1109.8919729911722,1.0180128086358309,0.5,0.035609175907563004,1
2023-01-21,2023-01-20,2023-01-23,2.161863616607869,4.807400438952488,1123.226898769067,1121.5037005343474,1125.0907507375814,3.5870502032339573,2.0,0.012062592140716349,1
2023-01-21,2023-01-20,2023-01-23,0.16501283755537507,2.7500000000000004,738.2893059763815,737.5735434140079,739.1560946358368,1.5825512218289077,0.25,0.004246265639288649,1
2023-01-21,2023-01-20,2023-01-23,0.9074545709422053,4.534616816145815,1129.4449779415738,1128.2578223468736,1130.564451183658,2.306628836784512,1.25,0.011850757951015499,1
2023-01-21,2023-01-20,2023-01-23,0.18051761238154757,5.748846736814357,1127.4885949341465,1127.230367930606,1127.9961832524277,0.7658153218217194,0.75,0.002931295485260585,1
2023-01-21,2023-01-20,2023-01-23,6.421256199606297,3.631932596045865,1340.08830315463,1328.3397538531572,1351.8089964827523,23.4692426295951,1.0,0.0099243671644289,1
2023-01-21,2023-01-20,2023-01-23,2.755734195369615,2.695066429195699,722.4429153614915,717.6925297467969,728.9453417644836,11.252812017686665,1.5,0.019229921203252096,1
2023-01-21,2023-01-20,2023-01-23,0.21466456105638504,3.765215789452079,704.4210627343939,704.1872287411243,704.9553518025205,0.7681230613961816,0.75,0.0030545393438762684,1
2023-01-21,2023-01-20,2023-01-23,1.826694986349565,3.505479927755301,1262.8969203698366,1260.0170620176941,1265.8423131923191,5.825251174625009,1.25,0.004752357490666165,1
2023-01-21,2023-01-20,2023-01-23,3.6205339241457146,4.103612857727491,646.0956802210643,643.7101039607078,650.6158130485564,6.905709087848663,2.25,0.014212961374303853,1
2023-01-21,2023-01-20,2023-01-23,0.811342528145972,2.561148894647316,638.0178186001585,637.1578539405018,639.1531308074482,1.9952768669463694,1.0,0.007497921482914567,1
2023-01-21,2023-01-20,2023-01-23,0.891645151492322,2.4686120873018154,687.4080873964883,686.59252142068,688.7146964166313,2.1221749959513545,0.75,0.006386440093394925,1
2023-01-21,2023-01-20,2023-01-23,2.2436926102279764,5.1359652041340205,615.556383516832,613.8427298273891,617.2453529052436,3.402623077854514,1.75,0.00900009332792499,1
2023-01-21,2023-01-20,2023-01-23,1.3353573393735891,4.158487329055039,571.4886956767921,570.3772606365383,572.3719445965253,1.9946839599870145,2.0,0.00929358048393499,1
2023-01-21,2023-01-20,2023-01-23,0.30430938873848384,4.096328935518714,540.0440328110167,539.7753252261318,540.525028811302,0.7497035851702094,1.0,0.005722215905573582,1
2023-01-21,2023-01-20,2023-01-23,2.3286296713840784,4.554156497603362,533.7789761019552,530.5426501985639,536.5233388566412,5.98068865807727,1.5,0.008118964057053034,1
2023-01-21,2023-01-20,2023-01-23,0.1858585865345133,4.497173448414946,633.5455716165337,633.2974121640436,634.0476488894783,0.7502367254346609,0.75,0.0043999339200775775,1
2023-01-27,2023-01-23,2023-01-31,9.06958780700047,26.328881747170673,1022.166098624353,1016.7181832524948,1027.4832383668981,10.765055114403367,3.25,0.019610435637768445,1
2023-01-27,2023-01-23,2023-01-31,0.06036778696934868,3.25,1347.0911398550154,1346.8338332045823,1347.610872859601,0.7770396550185978,0.25,0.001039633494713023,1
2023-01-27,2023-01-23,2023-01-31,0.1255178021568117,3.621259114799461,1347.0947644365128,1346.8338332045823,1347.610872859601,0.7770396550185978,0.5,0.0017688262466953703,1
2023-01-27,2023-01-23,2023-01-31,1.0546001901462558,6.682740745542012,1096.6652145859932,1095.7835250594653,1097.8191697956063,2.0356447361409664,2.0,0.003731891907160477,1
2023-01-27,2023-01-23,2023-01-31,0.7003246771019197,3.2689803666317863,779.0087442851055,777.0185004053637,784.4615717977285,7.4430713923648,0.75,0.008298674303864875,1
2023-01-27,2023-01-23,2023-01-31,0.2977994981997883,6.378816777557048,1019.8423413027373,1019.4712344668806,1020.473208702635,1.00197423575446,1.0,0.0016064469843128165,1
2023-01-27,2023-01-23,2023-01-31,0.2223852251450188,2.282956682700676,698.4480965795349,698.1898793070577,698.9542086054571,0.7643292983993888,0.75,0.0016664787784476521,1
2023-01-27,2023-01-23,2023-01-31,1.7249711881666463,16.86517579937709,681.6059746434236,680.7839782312512,682.8037329968065,2.0197547655552626,2.5,0.005867085039786942,1
2023-01-27,2023-01-23,2023-01-31,1.727752580992505,2.795230541001318,770.6692162566852,766.29351061536,777.4700357294641,11.176525114104152,1.0,0.007182470460259213,1
2023-01-27,2023-01-23,2023-01-31,1.1288598978430235,13.722277523434023,548.413052395368,547.5048945168965,549.4995542406105,1.994659723713994,2.0,0.009645692663310756,1
2023-01-27,2023-01-23,2023-01-31,0.3348780848899053,7.742370445066379,516.811309095917,516.5708183199167,517.3205208149739,0.7497024950571358,1.25,0.002844403033521837,1
2023-01-27,2023-01-23,2023-01-31,0.42275093830615584,2.4738550708281433,395.02537761623046,394.24762697098777,395.9595284992829,1.7119015282951295,0.75,0.003704844954135942,1
2023-02-01,2023-01-31,2023-02-02,0.5139068410877227,3.4834717148674916,517.3327699544703,516.5708183199167,518.3205282539129,1.7497099339962006,0.75,0.004921830282393816,2
2023-02-01,2023-01-31,2023-02-02,0.4573262777473106,3.2473438586654098,523.5568547888856,522.7991457935423,524.5448374669068,1.7456916733644903,0.75,0.0021990613931231876,2
2023-02-01,2023-01-31,2023-02-02,1.077618986850392,2.7706316687134303,772.1490638812915,770.6175504988059,773.7699933527038,3.15244285389781,1.0,0.0045760003269441985,2
2023-02-02,2023-02-02,2023-02-03,2.6465605143317825,3.972202163918504,699.2373746620543,697.9336008382961,701.0051212338731,3.071520395576954,1.5,0.037804011243586275,2
2023-02-02,2023-02-02,2023-02-03,0.7010148482380744,3.268138184213414,698.0371931525834,697.6764761842787,698.697930204682,1.0214540204033256,1.25,0.01898386962130375,2
2023-02-02,2023-02-02,2023-02-03,1.014202676521501,11.873623278386214,472.50479679149277,471.5899599553086,473.5846243095584,1.994664354249835,1.0,0.027288069243345533,2
2023-02-02,2023-02-02,2023-02-03,1.5086014354778337,33.321638183889156,295.92316382411906,295.73945550015196,296.31962328543887,0.5801677852869034,1.0,0.01486547134359345,2
2023-02-02,2023-02-02,2023-02-03,0.5896805192667459,15.162567864610535,212.35259463438803,207.53418600047007,246.78718323167413,39.25299723120406,1.0,0.011766293084537553,2
2023-02-02,2023-02-02,2023-02-03,0.1969800035930787,2.985190332747189,1026.7414764734417,1026.4799986425787,1027.2327492646873,0.7527506221085787,0.75,0.0029826680009361534,2
2023-02-02,2023-02-02,2023-02-03,1.2233999366150472,33.38391964129529,316.2120587400707,316.03272450948134,316.6530170617625,0.6202925522811711,1.0,0.00934468147022468,2
2023-02-04,2023-02-03,2023-02-06,2.451971908091729,31.20499371460212,714.2706525219618,712.6317086596973,716.5995116215199,3.967802961822599,1.5,0.025190704984487562,2
2023-02-04,2023-02-03,2023-02-06,2.0812620135171747,30.26629163025312,723.7508158000629,719.7850000406615,728.9453417644836,9.160341723822057,2.0,0.01605186998859429,2
2023-02-04,2023-02-03,2023-02-06,4.122797675728321,23.79345633866254,723.4691131943591,717.6925297467969,728.9453417644836,11.252812017686665,2.5,0.01409684809308419,2
2023-02-04,2023-02-03,2023-02-06,0.7946498281166396,21.092271450105983,722.0582905499351,717.6925297467969,728.9453417644836,11.252812017686665,1.25,0.021075889581575396,2
2023-02-04,2023-02-03,2023-02-06,0.20343872138816338,2.7500000000000004,718.0878194354306,717.6925297467969,718.7261257697828,1.0335960229858756,0.25,0.006831182248294484,2
2023-02-04,2023-02-03,2023-02-06,0.09506385128411442,23.123077883142177,720.5668631475419,720.5668631475419,720.8186355638318,0.2517724162898958,0.5,0.0026394412572672203,2
2023-02-04,2023-02-03,2023-02-06,0.7512995905367413,24.134273912821286,715.9417091842023,715.5657142126001,716.5995116215199,1.0337974089197814,1.0,0.007766129675165602,2
2023-02-04,2023-02-03,2023-02-06,10.79695788274953,29.2681764152091,714.2563093038644,710.3020023331046,726.6127870883793,16.310784755274653,4.25,0.04778432846831176,2
2023-02-04,2023-02-03,2023-02-06,0.2825619797935075,18.71364045429384,704.4528871922339,704.1872287411243,704.9553518025205,0.7681230613961816,0.75,0.0058803369869133305,2
2023-02-04,2023-02-03,2023-02-06,0.14957484536262344,28.979940034085885,717.5265161149581,717.3636102615856,717.9472526330501,0.5836423714645207,0.75,0.005137456035280909,2
2023-02-04,2023-02-03,2023-02-06,0.825484207110351,2.1758041011476528,714.2374974152173,710.5604232619517,718.7261257697828,8.165702507831156,1.0,0.0028605927972938923,2
2023-02-04,2023-02-03,2023-02-06,1.2772684704302883,22.58657201658806,714.9176837276098,708.489189134445,718.610992543865,10.121803409419954,1.5,0.010974544346849566,2
2023-02-04,2023-02-03,2023-02-06,0.725352240029425,25.003880098247684,708.6428210758411,708.2307962328196,709.2577473586425,1.0269511258229613,1.25,0.006095237254550068,2
2023-02-04,2023-02-03,2023-02-06,0.4166272666540489,21.999099878850764,715.6818275535147,715.3686138489284,716.2841572328471,0.9155433839187026,0.75,0.009066219878158676,2
2023-02-04,2023-02-03,2023-02-06,0.35279899370900375,24.871776476053903,721.4821798172524,721.3524858858436,721.8648694697767,0.512383583933115,1.0,0.004864177418642779,2
2023-02-04,2023-02-03,2023-02-06,0.42110843800538467,4.6281979680143035,703.4224723555753,703.0387834822759,704.0596761875786,1.0208927053026855,1.0,0.008204385607377601,2
2023-02-04,2023-02-03,2023-02-06,0.9238070634940259,26.999345960194887,710.6790748357356,710.3020023331046,711.3290374903008,1.0270351571962237,1.25,0.008451760601980442,2
2023-02-04,2023-02-03,2023-02-06,0.4062145260042355,22.530901022641665,722.3217767182971,722.0974503732286,722.8706355853938,0.7731852121651173,0.75,0.006958843266298073,2
2023-02-04,2023-02-03,2023-02-06,14.501210604272023,24.72739789950787,732.7476450186234,729.4913942948915,738.9496019426733,9.458207647781819,6.0,0.04471232284427593,2
2023-02-04,2023-02-03,2023-02-06,2.2656095878953244,20.255618230297216,726.655665948608,723.1512133427896,735.2068231878802,12.055609845090657,2.0,0.01506674730774389,2
2023-02-04,2023-02-03,2023-02-06,0.1978698931984553,16.99052910471999,782.6498403684692,782.3937747851014,783.182666582521,0.7888917974196374,0.75,0.015692923147267217,2
2023-02-04,2023-02-03,2023-02-06,0.442251278435745,18.918115848280582,774.0191043889282,773.7755226152949,774.564540672116,0.7890180568210781,1.0,0.012379190715024978,2
2023-02-04,2023-02-03,2023-02-06,0.2737270968765828,19.492972892304593,774.0419275506147,773.8539163875394,774.4739844454452,0.6200680579058826,0.75,0.004422004710211671,2
2023-02-04,2023-02-03,2023-02-06,1.613218476382548,19.529910907577115,765.1920551578214,762.5808104760945,773.737393161282,11.156582685187459,1.25,0.008725872096320336,2
2023-02-04,2023-02-03,2023-02-06,0.2675313553703129,4.69643969651569,762.5924373140247,762.3126156139188,763.1007777214982,0.7881621075794101,0.75,0.006520941869864528,2
2023-02-04,2023-02-03,2023-02-06,49.40042907465241,16.28969789100157,766.7014135209748,757.064290211536,777.4700357294641,20.405745517928153,8.75,0.07364688813222281,2
2023-02-04,2023-02-03,2023-02-06,0.1356279123622447,16.539488785346,756.7231883368514,756.5203833063133,757.3160626278259,0.7956793215125799,0.75,0.005985913145902729,2
2023-02-04,2023-02-03,2023-02-06,0.31469714097598056,20.89650890612012,722.5329653731752,722.3792187622748,722.893034402281,0.5138156400062144,2.25,0.00880638173164024,2
2023-02-04,2023-02-03,2023-02-06,2.542111468571838,22.48546753385024,740.1151353998714,738.3747321888804,741.6569492965937,3.2822171077132225,2.25,0.03019031413257438,2
2023-02-04,2023-02-03,2023-02-06,0.39611864094032295,12.467164663392591,730.8020132213034,730.5480192154646,731.3253451939672,0.7773259785026312,1.25,0.019357906743423265,2
2023-02-04,2023-02-03,2023-02-06,0.32663568541161486,2.731227381691069,702.3783829142866,701.9417286519893,702.9630215968937,1.0212929449044168,0.75,0.027707768322709093,2
2023-02-04,2023-02-03,2023-02-06,0.6414764625510887,23.473046214591363,727.9014033615972,727.640954402741,728.4183215363882,0.7773671336472034,1.25,0.008554748555994593,2
2023-02-04,2023-02-03,2023-02-06,2.6192131833036862,26.995964405363566,727.8147915163474,726.3217069688253,737.9013237808831,11.579616812057793,2.5,0.024459438362338194,2
2023-02-04,2023-02-03,2023-02-06,0.23248872632452414,26.648735878740528,735.1701182455174,734.9550507715903,735.5564090209082,0.6013582493178546,1.0,0.01610118985466365,2
2023-02-04,2023-02-03,2023-02-06,0.2358230113765553,24.848604643776262,723.3591468531337,723.1512133427896,723.9286206117831,0.7774072689935565,0.5,0.005418796120214835,2
2023-02-04,2023-02-03,2023-02-06,0.9280525758637141,25.78670321206644,723.644675446908,723.1512133427896,724.19143801881,1.0402246760204434,1.75,0.020408319345104228,2
2023-02-04,2023-02-03,2023-02-06,1.2566347138256662,14.66301445462529,731.1161862364976,730.5480192154646,732.2970754359849,1.7490562205202878,2.25,0.026857887910384088,2
2023-02-04,2023-02-03,2023-02-06,0.554428415570604,23.136678985959545,700.2347487373529,699.9844096293673,700.7488081734627,0.7643985440954566,1.0,0.007329002067137413,2
2023-02-04,2023-02-03,2023-02-06,0.7391571104439123,21.76369664619478,694.2919690043949,693.8958754627965,694.9110568859614,1.0151814231649041,1.25,0.01588066860046534,2
2023-02-04,2023-02-03,2023-02-06,3.867157909238003,28.93262427032235,698.8277523374256,697.6764761842787,700.2361820456572,2.559705861378461,4.0,0.033733332731315596,2
2023-02-04,2023-02-03,2023-02-06,0.18663681507326538,2.0,657.0090053537062,656.6348426290788,657.6366322888061,1.0017896597273648,0.25,0.000903505121222828,2
2023-02-04,2023-02-03,2023-02-06,0.19027347879726067,32.51291687838081,654.755473653074,654.6392097072676,655.1409857850522,0.5017760777845979,0.75,0.012975697162273621,2
2023-02-04,2023-02-03,2023-02-06,4.588849000675949,20.531135898153305,658.536093650157,655.8869585227221,661.2374923988245,5.350533876102418,2.25,0.039710025602165175,2
2023-02-04,2023-02-03,2023-02-06,0.3728186773902949,2.367335946714443,657.0035349792539,656.6348426290788,657.6366322888061,1.0017896597273648,0.5,0.0063233045870699405,2
2023-02-04,2023-02-03,2023-02-06,0.337887142923194,25.966472440340556,653.0346021014095,652.6435375018045,653.6453130152076,1.0017755134031177,0.75,0.007483256082301062,2
2023-02-04,2023-02-03,2023-02-06,2.334574647563724,30.34370176038508,652.4333269490547,651.6812498974614,653.6453130152076,1.9640631177462637,3.75,0.031790067729940204,2
2023-02-04,2023-02-03,2023-02-06,0.30438523517889116,29.132227357218827,650.6760967142485,650.4353516926058,651.1862831432372,0.7509314506314695,1.0,0.018510296110420637,2
2023-02-04,2023-02-03,2023-02-06,0.14895246394955483,32.52117654963401,655.2579289707672,655.1392169757746,655.6409931075759,0.5017761318013072,0.75,0.015261865792038377,2
2023-02-04,2023-02-03,2023-02-06,1.1952767688861534,24.41848588481488,650.1732796415067,649.6885395399295,651.1862831432372,1.4977436033077538,1.75,0.01314244434296374,2
2023-02-04,2023-02-03,2023-02-06,6.080619135409282,24.72061205439151,646.5711500419088,644.7065148428082,650.8852503844537,6.1787355416454375,4.25,0.03586433662041173,2
2023-02-04,2023-02-03,2023-02-06,17.680336372861042,30.255562022844366,645.4831160226372,641.8881014389917,650.8852503844537,8.997148945461959,6.0,0.08241649756298987,2
2023-02-04,2023-02-03,2023-02-06,0.40570072144569186,30.91418695790794,640.7970483884116,640.3828569543548,641.3920510089956,1.0091940546408296,0.75,0.004158612764580637,2
2023-02-04,2023-02-03,2023-02-06,4.603765823966978,25.321859661238687,642.2911404576538,641.1402785927057,643.9618763769977,2.821597784291953,4.25,0.0260919912088377,2
2023-02-04,2023-02-03,2023-02-06,14.925409989289093,27.539390006141055,638.9116313060888,636.6605684338138,641.6413252600469,4.980756826233119,7.75,0.037090827821988734,2
2023-02-04,2023-02-03,2023-02-06,5.9702704954477275,29.638893841934152,635.292248860264,634.0451086661778,636.9123408501036,2.8672321839258075,6.0,0.036775621128884405,2
2023-02-04,2023-02-03,2023-02-06,0.38431309528359375,24.7243135619342,632.1368870064437,631.734689051751,632.733818157576,0.9991291058249772,0.75,0.011235115950983745,2
2023-02-04,2023-02-03,2023-02-06,0.3889287760483323,32.7790398059379,648.7878940159659,646.9486411199905,650.346375763882,3.3977346438914537,0.75,0.01049520165720119,2
2023-02-04,2023-02-03,2023-02-06,0.45495514807379644,12.998694113118937,659.8688375139221,659.6145114274696,660.366321997717,0.7518105702474713,0.75,0.0039266171662562434,2
2023-02-04,2023-02-03,2023-02-06,0.6113357795073601,14.126294721428458,663.2355443716036,662.986098414287,663.7391619253904,0.7530635111033916,1.0,0.004419679593294245,2
2023-02-04,2023-02-03,2023-02-06,21.188999818674937,17.452279727866564,673.7871703918804,668.9890291690826,678.3027821211144,9.313752952031791,6.0,0.06476498277636918,2
2023-02-04,2023-02-03,2023-02-06,0.44843285774359853,31.259771257040583,697.1639802967998,696.9076488041319,697.6719728219323,0.7643240178003907,0.75,0.00761676881649982,2
2023-02-04,2023-02-03,2023-02-06,0.4357194836968321,30.11567640081509,696.2778941635842,695.8823983352631,696.9030040134676,1.020605678204447,1.0,0.023279485140272633,2
2023-02-04,2023-02-03,2023-02-06,0.49538325204713013,19.485461481050233,695.3259714690561,695.0954899098724,695.8564277254045,0.7609378155320883,1.5,0.02629244461246511,2
2023-02-04,2023-02-03,2023-02-06,0.8474085491208752,20.73451033299344,695.230245282679,694.8409071825445,695.8564277254045,1.0155205428600311,1.0,0.01686183042260566,2
2023-02-04,2023-02-03,2023-02-06,0.18083553800021765,21.59679507483467,783.6392302375299,783.5275400443934,784.0475552096032,0.5200151652097702,1.0,0.008234977918186675,2
2023-02-04,2023-02-03,2023-02-06,0.22599985878258874,18.486995974423913,699.4059827955441,699.0545481443405,699.9302597423084,0.8757115979678929,0.75,0.016601135950251963,2
2023-02-04,2023-02-03,2023-02-06,1.0205581676259068,15.4916616550447,689.191476439659,688.8119097286835,689.8269123742357,1.0150026455521584,1.25,0.0096820260151249,2
2023-02-04,2023-02-03,2023-02-06,0.30522514795963435,30.279599123405955,681.309275600412,681.0368194500916,681.7942742151208,0.7574547650292516,0.75,0.016252903030081714,2
2023-02-04,2023-02-03,2023-02-06,0.4492781206881878,30.831006977596175,678.8826823926047,678.6001427969895,679.5225678076968,0.9224250107072294,1.0,0.012772595057486543,2
2023-02-04,2023-02-03,2023-02-06,0.2913970515397444,18.48210482876127,679.2988940878773,679.0179759482853,679.7753873025067,0.7574113542214036,1.0,0.0076685920053011745,2
2023-02-04,2023-02-03,2023-02-06,0.4434480786165789,16.750810230083626,678.5691804521715,678.3474315623753,679.016928974539,0.6694974121637642,0.75,0.002526669335070684,2
2023-02-04,2023-02-03,2023-02-06,0.7306849056926531,18.985551321742044,678.3162945255359,677.8420090326108,679.2697483645752,1.4277393319644034,1.25,0.014713360487831301,2
2023-02-04,2023-02-03,2023-02-06,0.48441717856941563,20.747123937385528,674.0670897928029,673.7140973713249,674.7209221911617,1.0068248198367655,0.75,0.014271395060900294,2
2023-02-04,2023-02-03,2023-02-06,0.554854036840342,20.656417835712265,672.1307317761805,671.5207712040283,672.7769509176724,1.2561797136440873,1.0,0.011708795447430257,2
2023-02-04,2023-02-03,2023-02-06,0.4356502462823524,17.24834486386584,671.2769078836394,671.0175482211635,671.7725436203182,0.7549953991547227,0.75,0.004886079382215704,2
2023-02-04,2023-02-03,2023-02-06,0.3122823287882401,20.718578719512035,671.231380629004,671.0175482211635,671.7725436203182,0.7549953991547227,0.75,0.004452013631459374,2
2023-02-04,2023-02-03,2023-02-06,2.230906159237382,15.015704464250392,670.0804050844007,669.2404097020626,671.2693206374533,2.0289109353907406,2.0,0.014293380968791134,2
2023-02-04,2023-02-03,2023-02-06,0.6982063269343607,2.216583392366374,703.1513194712189,699.4714522315189,709.9332670159638,10.461814784444869,0.75,0.025894968736103367,2
2023-02-04,2023-02-03,2023-02-06,0.34032448874219245,17.178784623383006,783.9461156601686,783.5275400443934,784.8609669087455,1.3334268643520772,1.25,0.01844514218876435,2
2023-02-04,2023-02-03,2023-02-06,1.2589191708448726,15.639134690241798,800.5452083459478,796.8362546903081,804.445406798739,7.609152108430862,1.5,0.0122358166338033,2
2023-02-04,2023-02-03,2023-02-06,0.5305107283972086,16.60935193999063,795.9633146708951,789.7255587293766,797.9180481275544,8.192489398177713,1.0,0.026861808438304557,2
2023-02-04,2023-02-03,2023-02-06,2.819598534713294,21.52598495539377,890.4291522742653,887.8285013502464,893.2318214536645,5.403320103418082,1.5,0.03273655445226719,2
2023-02-04,2023-02-03,2023-02-06,1.0373455340837645,25.53028469203284,887.9161198953394,887.0553434095345,888.8440094208345,1.788666011299938,1.75,0.015615413935109415,2
2023-02-04,2023-02-03,2023-02-06,4.748361429195742,23.217316798805754,886.6546146336003,885.782438641414,888.0802737665363,2.2978351251222193,5.5,0.04630889687473975,2
2023-02-04,2023-02-03,2023-02-06,0.335572599100241,21.60363867483068,881.079512866699,880.6922311973758,881.7079606512561,1.0157294538803399,1.0,0.0053323264383230125,2
2023-02-04,2023-02-03,2023-02-06,6.673376061830674,18.090193637371982,881.344749754103,879.1319928029552,883.4892639378086,4.357271134853363,4.25,0.035577380238542934,2
2023-02-04,2023-02-03,2023-02-06,3.041120872844583,25.579124569490215,879.3978084291542,876.4915314740501,881.7079606512561,5.21642917720601,3.0,0.030507533613457975,2
2023-02-04,2023-02-03,2023-02-06,0.8551061760334183,22.166793383741926,876.6981511992227,875.7241856050678,878.2871386548504,2.5629530497826636,1.0,0.009979553753498866,2
2023-02-04,2023-02-03,2023-02-06,3.907116268825644,19.268444382425056,892.125251371913,890.192813928239,893.9924218608066,3.7996079325675964,2.0,0.013623954578072452,2
2023-02-04,2023-02-03,2023-02-06,0.19780329939434665,22.47771817870261,873.6787756307992,873.4213925213553,874.1851828638464,0.7637903424911201,0.75,0.004823443321134177,2
2023-02-04,2023-02-03,2023-02-06,0.20829899905532764,26.230839126564295,870.8484203813648,870.608025805559,871.3717621522956,0.7637363467365503,0.75,0.01751533740653149,2
2023-02-04,2023-02-03,2023-02-06,0.9415645090718481,22.567866050073743,870.7950620876053,870.3520438401029,871.3717621522956,1.0197183121927083,2.5,0.0133012557373536,2
2023-02-04,2023-02-03,2023-02-06,0.06122721211235423,21.87234268390596,870.3520438401029,870.3520438401029,870.6038162563927,0.2517724162898958,0.5,0.0017532055691232538,2
2023-02-04,2023-02-03,2023-02-06,0.398716428731602,22.35454455113092,869.4477558421727,868.7635572813451,870.0927103795111,1.329153098165989,1.0,0.006475452021920343,2
2023-02-04,2023-02-03,2023-02-06,0.906432878476901,22.89380791897466,868.1471520001976,867.391153043136,869.2718624039553,1.88070936081931,1.5,0.02500107148758037,2
2023-02-04,2023-02-03,2023-02-06,0.11792566788669397,21.499532432928675,865.8411362273616,865.8411362273619,866.0929086436518,0.2517724162898958,0.75,0.004059834688454291,2
2023-02-04,2023-02-03,2023-02-06,3.684643552765964,23.69362113960657,866.5660537295611,863.7823173855431,869.2718624039553,5.489545018412173,2.5,0.021173747083980704,2
2023-02-04,2023-02-03,2023-02-06,0.6205959689785027,25.594945841803046,874.9618191257465,873.6774014807306,876.3989025345072,2.721501053776592,1.5,0.013679767701269422,2
2023-02-04,2023-02-03,2023-02-06,0.948863265533884,21.427231482110436,863.4218451843029,863.0097511261702,864.034089801833,1.0243386756628752,2.5,0.019690159291653575,2
2023-02-04,2023-02-03,2023-02-06,0.06437279373837612,23.49929916868254,890.6998376986011,890.6998376986012,890.9516101148911,0.2517724162898958,0.75,0.004507342785180994,2
2023-02-04,2023-02-03,2023-02-06,0.3297534461856367,23.52311629339903,892.1919261906321,891.7133995806798,892.9787763953209,1.2653768146410584,1.0,0.0054019936567145386,2
2023-02-04,2023-02-03,2023-02-06,1.0408821182722845,22.96303143284707,632.2159941596346,631.734689051751,632.9303518729284,1.1956628211773932,1.25,0.007382263564447389,2
2023-02-04,2023-02-03,2023-02-06,0.14977204610768252,31.40352084885666,936.8497733496492,936.6988514964469,937.2014636639506,0.5026121675036848,1.0,0.004513337534990486,2
2023-02-04,2023-02-03,2023-02-06,0.09661048923738325,31.41131377183713,937.2005309993402,937.2005309993401,937.45230341563,0.2517724162898958,1.0,0.004859284262144912,2
2023-02-04,2023-02-03,2023-02-06,0.09397216608708142,30.80991161912162,936.9036174608995,936.6988514964469,937.45230341563,0.753451919183135,0.5,0.0064800211252133005,2
2023-02-04,2023-02-03,2023-02-06,0.6495539510967094,14.251249406474988,923.0304890182149,922.3788548568264,924.1380590572953,1.7592042004689574,1.25,0.019543908593414653,2
2023-02-04,2023-02-03,2023-02-06,0.18709044602431565,18.994036669005986,919.611207289616,919.3640397577547,920.1183073613793,0.7542676036246121,0.75,0.008262689860277147,2
2023-02-04,2023-02-03,2023-02-06,0.3636101012644919,19.074711137954086,917.733861251224,917.3250750675797,918.3324105860665,1.0073355184867978,1.0,0.010458166737232858,2
2023-02-04,2023-02-03,2023-02-06,0.7970095021452126,26.006819195917352,892.2245516418922,891.4598808353767,893.2318214536645,1.771940618287772,1.25,0.021380214464887075,2
2023-02-04,2023-02-03,2023-02-06,0.5871737472039555,15.229530865314494,916.1821206530304,915.5624411161989,917.0732855536044,1.510844437405467,0.75,0.014798205214071877,2
2023-02-04,2023-02-03,2023-02-06,2.51722930421474,19.75147785922323,898.936112269247,897.2886078730226,900.6397603037767,3.351152430754155,2.0,0.022148311539280693,2
2023-02-04,2023-02-03,2023-02-06,0.5743429842680939,18.756616887654253,896.2701298743349,896.0212361160666,896.7801242400892,0.7588881240226328,1.25,0.0069264205941883305,2
2023-02-04,2023-02-03,2023-02-06,0.14436082745057194,24.121222443474267,895.522352768588,895.2586971656419,896.0176413087174,0.758944143075496,0.5,0.002611992168753235,2
2023-02-04,2023-02-03,2023-02-06,0.17178155013801674,22.634668923286167,895.5451034707364,895.2586971656419,896.0176413087174,0.758944143075496,0.5,0.010957496615872905,2
2023-02-04,2023-02-03,2023-02-06,0.40450291417519274,23.370800756556655,895.4308913451697,895.0051112994552,896.0176413087174,1.0125300092622638,1.0,0.01364948302997181,2
2023-02-04,2023-02-03,2023-02-06,0.043700830669582004,18.25,893.7406494445167,893.7406494445167,893.9924218608066,0.2517724162898958,0.25,0.0011002895954021798,2
2023-02-04,2023-02-03,2023-02-06,1.450203327064225,21.394936885164643,894.9099323981187,892.9800490373746,896.7801242400892,3.800075202714652,1.75,0.02211252030831297,2
2023-02-04,2023-02-03,2023-02-06,0.06912669755965786,21.47567838024623,899.119033683557,899.1190336835571,899.370806099847,0.2517724162898958,0.75,0.006401919144240728,2
2023-02-04,2023-02-03,2023-02-06,1.1406359231839431,17.71203487664346,862.085859047589,860.951541219838,864.1187286111526,3.1671873913146555,1.25,0.04066849150693241,2
2023-02-04,2023-02-03,2023-02-06,1.8747246031155234,16.412433809380683,862.4258496420172,860.6949311099015,864.4439133168198,3.748982206918299,1.5,0.017570909482916126,2
2023-02-04,2023-02-03,2023-02-06,0.08348855150208238,15.917931669849434,860.7894466285215,860.6949311099015,861.2033136361279,0.5083825262263417,0.5,0.004473329860657578,2
2023-02-04,2023-02-03,2023-02-06,1.141967421607492,18.49355087612466,808.756982727819,807.4569151885808,813.801158667542,6.344243478961289,2.0,0.016067705920031896,2
2023-02-04,2023-02-03,2023-02-06,2.579930895596888,22.14603801216352,810.1634615899968,806.6564424610697,814.8805406573229,8.22409819625318,3.0,0.027997592880267076,2
2023-02-04,2023-02-03,2023-02-06,0.5484406380801895,16.001268983101184,805.715776523476,805.3128797481768,806.3629102879204,1.0500305397436023,0.75,0.006215943556158855,2
2023-02-04,2023-02-03,2023-02-06,0.06054962959701404,21.00491281469146,805.312879748177,805.3128797481768,805.5646521644667,0.2517724162898958,0.75,0.008972037167234803,2
2023-02-04,2023-02-03,2023-02-06,0.2134428983494424,20.03170549196486,804.7364597557396,804.3995349495672,805.5646521644667,1.1651172148995101,1.0,0.016004833032802063,2
2023-02-04,2023-02-03,2023-02-06,0.34479300852960953,16.53451553638178,803.6496559255353,802.1999784014188,807.8998305597343,5.69985215831548,0.75,0.007682168474595142,2
2023-02-04,2023-02-03,2023-02-06,2.264380497902101,18.23810166616368,803.9160493200867,801.9327780469321,806.0968242469244,4.164046199992299,1.25,0.03732314817696204,2
2023-02-04,2023-02-03,2023-02-06,0.280692569602555,18.19215612186664,814.244824249054,813.9091802476905,814.8805406573229,0.9713604096323252,0.75,0.011814268903594945,2
2023-02-04,2023-02-03,2023-02-06,1.1625718467256163,16.50803578109216,803.319799070599,800.0549233318307,807.8998305597343,7.8449072279036045,1.25,0.013631287278379204,2
2023-02-04,2023-02-03,2023-02-06,0.17717766245014985,22.43828853104531,798.4214217858334,796.568984575104,803.3528984584846,6.783913883380592,0.5,0.0016833389243563475,2
2023-02-04,2023-02-03,2023-02-06,0.12570707207075763,22.582040493622422,796.3897585801533,796.2977807098068,796.8207569913939,0.5229762815870345,0.5,0.0014587926808028462,2
2023-02-04,2023-02-03,2023-02-06,0.048850206013751105,16.0,796.0304877646267,796.0304877646267,796.2822601809166,0.2517724162898958,0.25,0.0009973893374073022,2
2023-02-04,2023-02-03,2023-02-06,3.990528973887318,21.977911070218067,799.2615080450059,795.4959018765949,804.445406798739,8.949504922144115,2.25,0.03976940002787746,2
2023-02-04,2023-02-03,2023-02-06,0.6575652864399498,16.49066019468403,795.688260018453,795.2149194316007,796.2822601809166,1.0673407493159175,1.25,0.0030488719300103754,2
2023-02-04,2023-02-03,2023-02-06,0.4050199917751481,22.452179200273516,795.7395663540397,795.4959018765949,796.2822601809166,0.7863583043217659,1.0,0.007458570825282207,2
2023-02-04,2023-02-03,2023-02-06,15.497497973910686,18.771151942012818,794.8813189014778,791.076166591607,804.445406798739,13.369240207131952,6.5,0.06903342847409401,2
2023-02-04,2023-02-03,2023-02-06,0.434739774281944,20.18967657414669,796.9624801298146,796.568984575104,797.6225673379377,1.0535827628336847,1.25,0.025647690347810528,2
2023-02-04,2023-02-03,2023-02-06,0.2497275207247892,20.049419321227003,814.2556945078084,813.9091802476905,814.8805406573229,0.9713604096323252,1.0,0.013209236820188703,2
2023-02-04,2023-02-03,2023-02-06,3.205897359044166,18.377621420762047,813.2637082733323,809.8554169619456,817.8787450189702,8.023328057024628,2.75,0.04188302228457596,2
2023-02-04,2023-02-03,2023-02-06,0.25553559565307676,21.249916374923117,810.1141949668923,809.8554169619456,810.63913138723,0.7837144252844155,0.75,0.0034849401513672323,2
2023-02-04,2023-02-03,2023-02-06,0.4263186793311919,11.239812020528325,860.6383062053441,859.6658642864786,861.7183177927509,2.052453506272286,0.75,0.00744659680143133,2
2023-02-04,2023-02-03,2023-02-06,0.5612091502861234,17.72511446665113,859.5407023482675,859.1508953562006,860.1742238393053,1.0233284831047058,1.25,0.013202532529859633,2
2023-02-04,2023-02-03,2023-02-06,0.7565544585233356,19.049398793110225,855.5017889172836,854.576468102634,856.7737253410742,2.1972572384402156,1.25,0.016891874047090936,2
2023-02-04,2023-02-03,2023-02-06,0.4015620235236145,21.01471187326424,852.755752204738,852.5042388932779,853.2743709022179,0.7701320089399815,1.25,0.009091096471946856,2
2023-02-04,2023-02-03,2023-02-06,2.443399057317058,23.170422815583127,853.1507880860248,850.950896576047,855.7742631556466,4.8233665795996785,2.25,0.016648593096596432,2
2023-02-04,2023-02-03,2023-02-06,2.87839519886189,21.890152275376014,849.5499534395934,848.3608991783112,851.46183044184,3.1009312635287642,2.75,0.0244754862649026,2
2023-02-04,2023-02-03,2023-02-06,0.3412585014635239,24.241578883589597,847.6275840890213,847.217501333449,848.2494704918936,1.0319691584445536,0.75,0.01202574949544268,2
2023-02-04,2023-02-03,2023-02-06,0.12787325899741184,18.752267951519244,847.217501333449,847.217501333449,847.4692737497389,0.2517724162898958,0.75,0.001771709780911995,2
2023-02-04,2023-02-03,2023-02-06,20.733768476260472,22.046427725693537,825.9183581589655,820.4298652918078,834.8306858646683,14.400820572860539,4.75,0.05403732288916972,2
2023-02-04,2023-02-03,2023-02-06,0.12024392535278723,16.750000000000004,817.7715950640239,817.5177706335671,818.2984133451246,0.7806427115574479,0.25,0.0024760696698751315,2
2023-02-04,2023-02-03,2023-02-06,1.1508537919835482,24.29407647645352,817.9322578144636,816.9785494399257,819.3573115291074,2.3787620891816914,1.25,0.021271734020082908,2
2023-02-04,2023-02-03,2023-02-06,2.889923857803804,18.446456794671487,817.1055025883128,815.7953091287054,818.2984133451246,2.5031042164191604,3.0,0.029428414868826327,2
2023-02-04,2023-02-03,2023-02-06,0.6896476383581059,23.980289061935995,816.5115917120843,816.1850318461657,817.2303218562156,1.0452900100499392,1.25,0.0064605596433746,2
2023-02-04,2023-02-03,2023-02-06,0.4691891645718498,21.205391063187506,815.6793305452131,815.5299448054284,816.0470815449953,0.5171367395669222,2.25,0.026622746275988585,2
2023-02-04,2023-02-03,2023-02-06,0.29695662709315374,18.068654726360993,815.5239563769329,815.2645804747008,816.0470815449953,0.7825010702945292,1.0,0.010005089708800943,2
2023-02-04,2023-02-03,2023-02-06,0.46097263470933314,18.35305060052105,814.2520840223077,813.854287663009,814.9038508525118,1.0495631895028055,1.0,0.024472790667475944,2
2023-02-04,2023-02-03,2023-02-06,2.3777336010503456,21.133445105597566,814.6793076796904,810.9219979895279,817.8787450189702,6.95674702944234,3.0,0.02480993543427878,2
2023-02-04,2023-02-03,2023-02-06,0.285572548461294,18.30987834458711,785.0955351009957,784.6091944924556,785.6655560941435,1.0563616016879678,1.0,0.012793054022924147,2
2023-02-04,2023-02-03,2023-02-06,0.9120642091689529,2.8677565834403933,635.135375508197,634.4199794530869,636.1660733418539,1.7460938887670636,1.0,0.010907531457169745,2
2023-02-04,2023-02-03,2023-02-06,0.28983587372943476,21.34107655218723,899.6184638970619,899.3716986156069,900.1288008918054,0.757102276198566,1.0,0.0071014041662501234,2
2023-02-04,2023-02-03,2023-02-06,0.02976604568828922,32.25,623.9266232606024,623.9266232606024,624.1783956768923,0.2517724162898958,0.25,0.002251103118528721,2
2023-02-04,2023-02-03,2023-02-06,2.40803573315602,31.720750318762367,377.5731652957997,376.5625725965947,378.811871309299,2.2492987127043307,2.75,0.02006249314135597,2
2023-02-04,2023-02-03,2023-02-06,0.019970147458386028,16.0,378.0605623521842,378.0605623521842,378.3123347684741,0.2517724162898958,0.25,0.004828809192003316,2
2023-02-04,2023-02-03,2023-02-06,10.306421438545291,16.89354018484753,381.1540067804187,376.5625725965947,387.88973459927365,11.32716200267896,4.25,0.06722423802419593,2
2023-02-04,2023-02-03,2023-02-06,0.34079133774509796,2.6433248415854678,376.24909945810253,375.81325942929834,376.8143450128846,1.0010855835862458,0.5,0.0038361069020004545,2
2023-02-04,2023-02-03,2023-02-06,6.127455162092714,27.04828225445513,375.4726977299039,373.7194253955968,377.5635686391033,3.844143243506551,5.25,0.05357213443082465,2
2023-02-04,2023-02-03,2023-02-06,0.9087236298065146,17.655919926567595,375.2927768076966,374.21907265111804,376.31480290181935,2.0957302507013083,1.25,0.03759736753271602,2
2023-02-04,2023-02-03,2023-02-06,2.039183981956789,16.307424396842475,373.5661141525114,370.74909956520423,376.06503184558824,5.315932280384004,2.75,0.027841418931932805,2
2023-02-04,2023-02-03,2023-02-06,0.23033500213247632,32.331651484827084,376.7293288949881,376.5625725965947,377.313797513023,0.7512249164283276,0.75,0.002230746386953158,2
2023-02-04,2023-02-03,2023-02-06,0.13866132937680942,3.2500000000000004,371.5791319076306,371.24998307740316,372.2328491443768,0.9828660669736564,0.25,0.0035207499063604182,2
2023-02-04,2023-02-03,2023-02-06,2.182781813099795,12.791922437635904,370.2937906284371,365.74138280004263,373.03934139665216,7.297958596609533,2.0,0.021089073060151977,2
2023-02-04,2023-02-03,2023-02-06,0.3799107916416609,18.06505989034393,365.0774074547576,364.7400521142408,365.74301333213225,1.002961217891425,1.25,0.006919902013076546,2
2023-02-04,2023-02-03,2023-02-06,3.061420653338997,16.461830407001088,362.881728987396,359.6575213414617,365.49261708930135,5.8350957478396595,4.0,0.032813843251970135,2
2023-02-04,2023-02-03,2023-02-06,2.0596095227731395,39.74560200234913,342.0799328223373,341.40361776249483,343.42571988143027,2.022102118935436,2.75,0.02387140419468419,2
2023-02-04,2023-02-03,2023-02-06,0.36912536487263425,37.50079231925223,341.65777248572704,341.40361776249483,342.1610469240695,0.7574291615746915,0.75,0.005094169842922642,2
2023-02-04,2023-02-03,2023-02-06,0.4276080688181164,17.77109739142851,343.0019171578152,342.66786834737286,343.6787594058551,1.0108910584822297,1.25,0.00915669965984092,2
2023-02-04,2023-02-03,2023-02-06,1.3617468651870146,15.902497510003434,340.8387734298379,339.98917557299137,342.1610469240695,2.1718713510781527,2.5,0.01953363455924221,2
2023-02-04,2023-02-03,2023-02-06,0.18416950833672846,14.49690956975606,372.49587713381214,372.2219416559674,373.03934139665216,0.8173997406847775,0.75,0.0067849298670490206,2
2023-02-04,2023-02-03,2023-02-06,1.8336152659268135,40.01494166260202,335.4513739744004,334.6357268039137,336.67546306271106,2.0397362587973475,3.0,0.018088128411562657,2
2023-02-04,2023-02-03,2023-02-06,0.6808327084051723,27.58177398391016,378.06948590165894,377.3117962228134,378.811871309299,1.5000750864855945,1.5,0.024791210692794514,2
2023-02-04,2023-02-03,2023-02-06,0.5989432894051552,28.845909703298677,378.41196648887967,378.0605623521842,379.0624161371961,1.0018537850119174,1.25,0.017424540606084386,2
2023-02-04,2023-02-03,2023-02-06,0.08657949851376937,12.204012300802603,416.02772939857095,416.02772939857095,416.27950181486085,0.2517724162898958,0.75,0.004819007403239474,2
2023-02-04,2023-02-03,2023-02-06,0.13389017914501183,11.93608502784461,414.4523167377337,414.4523167377338,414.7040891540237,0.2517724162898958,1.25,0.005209203103113497,2
2023-02-04,2023-02-03,2023-02-06,0.8986469423893441,18.33223042150415,413.9274131515135,412.70886235218495,415.7630121377297,3.0541497855447233,1.0,0.02463922927072926,2
2023-02-04,2023-02-03,2023-02-06,0.8115686197758003,15.564740835165367,413.646692625341,412.95792712131515,414.7040891540237,1.7461620327085257,1.0,0.008411786223997098,2
2023-02-04,2023-02-03,2023-02-06,0.6106793458749883,3.157373981984285,414.93682485819835,414.4523167377338,415.5139599936083,1.0616432558745146,1.25,0.011315883515772101,2
2023-02-04,2023-02-03,2023-02-06,0.37040141042149555,14.549090251299045,412.93368634298946,412.70886235218495,413.4587643649429,0.749902012757957,0.75,0.01512545299268888,2
2023-02-04,2023-02-03,2023-02-06,0.6384185606690399,11.38224105640382,413.3530625467187,412.70886235218495,414.205959551502,1.4970971993170679,1.0,0.011764266227878191,2
2023-02-04,2023-02-03,2023-02-06,0.19065554343898058,32.648709117884565,377.36322176677544,377.0620250967331,377.81333970697597,0.7513146102428436,0.5,0.0020285294492055394,2
2023-02-04,2023-02-03,2023-02-06,1.2294984310255253,10.886522653479878,409.96591131144265,409.22202170966193,410.71909404266626,1.4970723330043256,2.5,0.016011473544208024,2
2023-02-04,2023-02-03,2023-02-06,0.04754847967842826,15.75,398.2630124967545,398.2630124967545,398.5147849130444,0.2517724162898958,0.25,0.0020750233462260076,2
2023-02-04,2023-02-03,2023-02-06,1.5129699386728799,17.069493417343452,399.25701138048424,397.5152787351981,401.25605412153527,3.740775386337191,1.75,0.029477372695714515,2
2023-02-04,2023-02-03,2023-02-06,0.05712143343370676,17.11350934260707,397.0170292914845,397.0170292914845,397.2688017077744,0.2517724162898958,0.5,0.0052499418902487984,2
2023-02-04,2023-02-03,2023-02-06,0.23739312710764318,16.68742209769933,396.7652749506394,396.51865125307813,397.2688017077744,0.7501504546962678,0.75,0.014147847783437178,2
2023-02-04,2023-02-03,2023-02-06,5.264265077317059,17.07815507794885,392.62496290220366,388.6350438250229,395.9595284992829,7.32448467426002,2.5,0.04336020967438412,2
2023-02-04,2023-02-03,2023-02-06,0.021084681002197323,17.0,387.6379621829837,387.63796218298376,387.88973459927365,0.2517724162898958,0.25,0.0054321901630302065,2
2023-02-04,2023-02-03,2023-02-06,0.4276988957172931,30.98817922657338,379.32221972138854,379.06041776156053,379.8117383364588,0.7513205748982728,1.25,0.023108403806587182,2
2023-02-04,2023-02-03,2023-02-06,3.1223355417689427,13.82071971252648,406.55847354582255,403.99409722862765,408.72669518738985,4.732597958762199,2.25,0.04289010648725836,2
2023-02-04,2023-02-03,2023-02-06,0.6254942642805266,30.628556355726893,337.44125217573696,337.1818964104168,337.9432988902554,0.7614024798385799,1.5,0.014289411668752994,2
2023-02-04,2023-02-03,2023-02-06,0.40703316401580214,18.437699252043238,335.9786729008968,335.40225787321106,336.67546306271106,1.273205189500004,1.0,0.014165661799416475,2
2023-02-04,2023-02-03,2023-02-06,0.12052270036072425,17.506332946519407,334.7622277547637,334.6357268039137,335.1430095368996,0.5072827329859138,0.75,0.003550501367102339,2
2023-02-04,2023-02-03,2023-02-06,0.5489516731421539,33.58341420724552,296.799263984602,296.28533766278997,297.51990566262975,1.2345679998397827,1.5,0.012099888741854492,2
2023-02-04,2023-02-03,2023-02-06,0.8081061825638776,30.766760254970187,298.52648064250826,295.73945550015196,316.28449692577124,20.545041425619274,1.25,0.014103743720182584,2
2023-02-04,2023-02-03,2023-02-06,0.05963021967582743,18.49414244954701,314.0368429808878,314.03684298088774,314.28861539717764,0.2517724162898958,0.75,0.008385520562780637,2
2023-02-04,2023-02-03,2023-02-06,0.26145161800484856,18.354112052717323,313.3030597402542,312.9119395711459,313.91364759299904,1.0017080218531191,1.0,0.01015334944311777,2
2023-02-04,2023-02-03,2023-02-06,0.2446242197328012,16.311089999212644,313.47114351972664,312.9119395711459,314.28861539717764,1.3766758260317147,1.0,0.004886896315186692,2
2023-02-04,2023-02-03,2023-02-06,0.28217097723100926,13.866690717034066,313.24879131816095,312.9119395711459,313.91364759299904,1.0017080218531191,1.25,0.005896677991146433,2
2023-02-04,2023-02-03,2023-02-06,0.8572668239669141,29.381348354700656,287.31853816284985,286.4277619700879,288.7374335573986,2.3096715873107314,1.75,0.010129273837569801,2
2023-02-04,2023-02-03,2023-02-06,2.127665998734253,29.663559161783372,302.3711198888215,301.49242222867906,303.7708864030428,2.278464174363762,2.5,0.028113608617251398,2
2023-02-04,2023-02-03,2023-02-06,0.2324461138430671,36.250336857520104,281.59923695847124,281.2633224250749,282.18579507106915,0.9224726459942758,0.75,0.005533382458981263,2
2023-02-04,2023-02-03,2023-02-06,0.4863976833390559,28.26030617359103,276.57183049079146,276.0395067995414,277.3085707295686,1.2690639300271869,1.25,0.009173315007235922,2
2023-02-04,2023-02-03,2023-02-06,0.3909792735497013,14.845704750604915,275.15159452539035,274.8114722808823,275.74348266329616,0.9320103824138641,1.5,0.008343125399495204,2
2023-02-04,2023-02-03,2023-02-06,0.038142010433421476,8.624534222477456,264.03025413397694,264.030254133977,264.2820265502669,0.2517724162898958,0.5,0.0007980531201002888,2
2023-02-04,2023-02-03,2023-02-06,775.4368106055775,7.964560378363653,350.7778351821491,260.0920252627693,413.9568947511725,153.8648694884032,16.25,0.19151808154760513,2
2023-02-04,2023-02-03,2023-02-06,0.06039705551274237,12.742324266583294,251.9820437692106,251.98204376921058,252.23381618550047,0.2517724162898958,0.75,0.00858596927678135,2
2023-02-04,2023-02-03,2023-02-06,0.09934857720763993,2.0,699.5979958489186,699.4714522315189,699.9795193271711,0.5080670956522226,0.25,0.0012719010913859667,2
2023-02-04,2023-02-03,2023-02-06,1.7054179758296362,2.8746859798167868,531.1780685953926,529.795815446414,532.5372996246442,2.7414841782301664,1.0,0.014256787811657859,2
2023-02-04,2023-02-03,2023-02-06,5.907519619615092,28.87639641329808,630.2308925258417,628.0018481225707,631.738401087001,3.7365529644303024,5.5,0.04231648260452543,2
2023-02-04,2023-02-03,2023-02-06,0.1197896649706962,16.49804231633793,320.83823666251163,320.66135054826736,321.2677381564863,0.6063876082189381,0.75,0.009290624143263862,2
2023-02-04,2023-02-03,2023-02-06,1.0654381114640783,14.734594954582338,313.5323968229024,306.4089489891194,324.32016798947006,17.911219000350684,1.75,0.008136907506729227,2
2023-02-04,2023-02-03,2023-02-06,0.22579032118913148,16.77318436345988,323.5421780642793,323.3590285833925,323.96548449480906,0.6064559114165604,1.25,0.011216732614323174,2
2023-02-04,2023-02-03,2023-02-06,0.7222358010605888,39.54278097469476,330.32805749378895,329.78539622668177,331.3136423449032,1.528246118221432,1.25,0.02162777610663254,2
2023-02-04,2023-02-03,2023-02-06,0.3334087410684375,35.00405820404283,330.80713455421017,330.5509909619577,331.3136423449032,0.762651382945478,0.75,0.0028800069139029313,2
2023-02-04,2023-02-03,2023-02-06,3.0113823962358777,30.387362605608086,330.9931836234448,329.78539622668177,332.33317560562864,2.5477793789468706,3.25,0.022129228510316613,2
2023-02-04,2023-02-03,2023-02-06,0.33881246949616345,28.031920713928365,329.9962907376854,329.52996511990204,330.5480308011174,1.0180656812153757,0.75,0.00900653124745755,2
2023-02-04,2023-02-03,2023-02-06,1.535104762423422,26.892402242294494,329.6380343032654,328.76437895558774,330.8027633782476,2.038384422659874,1.75,0.015031527273308119,2
2023-02-04,2023-02-03,2023-02-06,2.427751716360162,18.39742805234301,330.37679605325053,328.5089488760568,332.58863152144477,4.079682645387948,2.25,0.0228477449753964,2
2023-02-04,2023-02-03,2023-02-06,0.06121342757256235,17.994170813967834,324.80511199031025,324.80511199031025,325.05688440660015,0.2517724162898958,0.75,0.006256960438157415,2
2023-02-04,2023-02-03,2023-02-06,1.1370199047980833,30.890993364850093,321.7960362403864,319.2530923667364,333.5456148269586,14.292522460222244,1.5,0.0133937905134554,2
2023-02-04,2023-02-03,2023-02-06,0.03284635531538795,31.749999999999996,316.6703277998604,316.6703277998604,316.9221002161503,0.2517724162898958,0.25,0.0025441977527840046,2
2023-02-04,2023-02-03,2023-02-06,4.515937408382205,15.815349123518372,325.07525118352066,319.2530923667364,334.5542054665275,15.30111309979111,2.25,0.020774249040586296,2
2023-02-04,2023-02-03,2023-02-06,1.7044081166678975,29.552183634117505,316.31427902198345,315.8937660870142,316.9221002161503,1.0283341291360557,4.0,0.02292269271345114,2
2023-02-04,2023-02-03,2023-02-06,0.2797200986446353,38.74844819380672,312.2040316017189,311.9431332759559,312.71924458630383,0.7761113103479147,0.75,0.0037815693572656466,2
2023-02-04,2023-02-03,2023-02-06,0.16156273719185058,32.89995854770482,312.5228963677789,312.20530277863145,312.98141406290233,0.7761112842708826,0.5,0.002029759772770055,2
2023-02-04,2023-02-03,2023-02-06,0.21670121107485807,17.341182394270263,316.12797784979176,315.8937660870142,316.66324635548517,0.769480268470943,1.0,0.0015969316144996237,2
2023-02-04,2023-02-03,2023-02-06,2.7923679631432523,31.02556484893414,312.3516579093609,310.3621773039922,315.1928490521386,4.830671748146415,3.75,0.032969114916127494,2
2023-02-04,2023-02-03,2023-02-06,0.5153575537503848,39.37820068046197,323.859255210851,323.3590285833925,324.67485148413107,1.3158229007385671,1.5,0.008954756830773866,2
2023-02-04,2023-02-03,2023-02-06,0.6057787216781136,32.43705733457866,307.3296312802433,306.9433484207839,307.98612659424543,1.0427781734615564,1.5,0.012506692285720798,2
2023-02-04,2023-02-03,2023-02-06,6.466387475259031,17.00989910326636,418.5517307568221,416.2767351879738,421.04855364980176,4.771818461827934,3.5,0.034696593310420014,2
2023-02-04,2023-02-03,2023-02-06,1.509266051713735,18.39743703869409,419.1480780674385,418.30686573591083,420.05262182094157,1.7457560850307345,2.0,0.016025848187966183,2
2023-02-04,2023-02-03,2023-02-06,0.022473520593556458,11.75,412.70886235218495,412.70886235218495,412.96063476847485,0.2517724162898958,0.25,0.0020257613970463806,2
2023-02-04,2023-02-03,2023-02-06,0.6785354109927351,17.219233977409754,436.36987707043767,435.28531493386254,437.94027022412047,2.6549552902579308,1.5,0.017187093551203594,2
2023-02-04,2023-02-03,2023-02-06,0.05725632050573406,4.75,566.7725777250457,566.6456571770832,567.1463902876712,0.5007331105880439,0.25,0.0031988651848365345,2
2023-02-04,2023-02-03,2023-02-06,11.177783741238194,18.664069599132517,567.4546074647579,562.4390008253977,571.3759139166214,8.936913091223687,4.5,0.04777992021921458,2
2023-02-04,2023-02-03,2023-02-06,0.25247032942785136,3.6499506493001403,559.9442375837546,559.7001437800936,560.4498384492472,0.7496946691535413,0.5,0.004462760380003089,2
2023-02-04,2023-02-03,2023-02-06,0.7836040057260654,20.024593731490075,555.9178578679183,555.4715173793957,556.7157588736154,1.2442414942197502,1.25,0.005769692279387517,2
2023-02-04,2023-02-03,2023-02-06,2.3248345798671326,3.035777233296981,559.7817464128344,558.4553302181885,561.4459754792042,2.990645261015743,1.25,0.014428408452413709,2
2023-02-04,2023-02-03,2023-02-06,0.579949200661621,19.748808778814187,555.0172787474111,554.4762993264012,555.7232897956856,1.2469904692843556,0.75,0.0027769314983508413,2
2023-02-04,2023-02-03,2023-02-06,0.31515133841496756,3.1662566677664765,556.6665907227166,556.2183997915126,557.2136820340529,0.9952822425402701,0.5,0.004118541311324621,2
2023-02-04,2023-02-03,2023-02-06,0.5243332403911197,4.442236316865006,567.2876295005011,566.6456571770832,568.1391754513606,1.4935182742774487,0.75,0.02264127196693799,2
2023-02-04,2023-02-03,2023-02-06,2.888975305225432,3.150349168361758,555.5204852525343,554.4762993264012,557.2136820340529,2.7373827076517045,2.0,0.021443004814687004,2
2023-02-04,2023-02-03,2023-02-06,2.1551881857054624,20.012600204046358,431.67210544617063,430.2773032733239,433.51670190133154,3.2393986280076206,1.5,0.01056753070770714,2
2023-02-04,2023-02-03,2023-02-06,0.21000714901364642,2.56390972767544,552.917448597657,552.7333093606867,553.4830043236725,0.7496949629858136,0.5,0.004900315681986239,2
2023-02-04,2023-02-03,2023-02-06,0.6940637894829348,20.405260630330854,547.7110176117618,547.2545698438771,548.5035506924614,1.2489808485843241,1.0,0.007079863303933031,2
2023-02-04,2023-02-03,2023-02-06,2.1530180963063557,3.082895649045533,545.8226682899613,544.7548359641805,547.2573800478131,2.502544083632529,1.5,0.012307472253915255,2
2023-02-04,2023-02-03,2023-02-06,1.456273371191662,3.6799825447796524,539.3960364232116,538.5306170457043,540.525028811302,1.9944117655977607,1.5,0.012193149472169318,2
2023-02-04,2023-02-03,2023-02-06,0.4652457791017093,19.665568280933485,536.4139110031078,536.0226022703573,537.0366189121269,1.0140166417695582,1.0,0.008946700990030108,2
2023-02-04,2023-02-03,2023-02-06,0.9794794837288803,2.58215211061099,537.6536328036487,537.0338127845898,538.5332636460662,1.4994508614763618,1.0,0.008465460877419267,2
2023-02-04,2023-02-03,2023-02-06,0.26773982293100096,2.899908902409208,553.0334908715608,552.7333093606867,553.4830043236725,0.7496949629858136,0.5,0.004518633530421808,2
2023-02-04,2023-02-03,2023-02-06,0.9698844369440723,16.0274190278389,566.4398767398886,565.6706680436619,567.3953509819694,1.7246829383075237,1.5,0.020403016315232857,2
2023-02-04,2023-02-03,2023-02-06,0.9148285444136078,21.43055585943622,576.309536607831,575.5921166781336,577.2932257382199,1.70110906008631,1.0,0.017035477920020872,2
2023-02-04,2023-02-03,2023-02-06,1.003738007810828,21.023407949995583,579.4848052088123,578.7785329096951,580.275078759063,1.4965458493679762,1.25,0.00854757905469697,2
2023-02-04,2023-02-03,2023-02-06,0.34496968982274095,25.535514844109073,624.1743946755815,623.9266232606024,624.6765189850703,0.7498957244679332,0.75,0.01350419182935553,2
2023-02-04,2023-02-03,2023-02-06,0.6794446870741663,22.90346759509513,623.5881700513461,623.1949101979844,624.1937331664376,0.9988229684531689,1.0,0.005814404587224988,2
2023-02-04,2023-02-03,2023-02-06,17.059494422231825,29.438423773693632,624.7475485061308,622.219296601601,626.7610037121922,4.541707110591233,9.0,0.07522006655301003,2
2023-02-04,2023-02-03,2023-02-06,2.972594463668465,28.698853482003496,620.993825273793,620.2283756751567,621.9735300922766,1.7451544171199203,4.75,0.019494305473892665,2
2023-02-04,2023-02-03,2023-02-06,0.10984005968064803,26.48711053832255,619.2328710909933,619.2328710909933,619.4846435072832,0.2517724162898958,0.75,0.008995073551506246,2
2023-02-04,2023-02-03,2023-02-06,0.9319212478693206,30.711586130057924,617.5350055308465,617.4909948385321,618.2407942069694,0.7497993684373796,0.75,0.04456396931742512,2
2023-02-04,2023-02-03,2023-02-06,0.04076560489737033,27.0,616.2465403261594,616.2465403261594,616.4983127424493,0.2517724162898958,0.25,0.0011309631539938162,2
2023-02-04,2023-02-03,2023-02-06,10.171333263300468,29.929544567693963,617.674615593446,615.2510281689465,620.2316844644956,4.9806562955491245,5.75,0.03964518494757239,2
2023-02-04,2023-02-03,2023-02-06,0.22126131307870067,26.977917772203988,614.9926129307795,614.6615425045602,615.4113016715273,0.7497591669671237,0.75,0.0038056475421083006,2
2023-02-04,2023-02-03,2023-02-06,0.3444922663783513,26.912804988567665,614.3299792470438,614.0917060370557,614.9133149208501,0.8216088837943971,1.0,0.011757872390836603,2
2023-02-04,2023-02-03,2023-02-06,0.21124750582249857,26.74477826782108,613.6856866734239,613.348261222709,614.094502243679,0.7462410209700465,0.75,0.006663568893553036,2
2023-02-04,2023-02-03,2023-02-06,8.99586544458317,30.62840397948824,614.4468338587607,612.6013332665898,616.2498405147344,3.648507248144597,6.0,0.026387426435778516,2
2023-02-04,2023-02-03,2023-02-06,0.7265370180773811,27.14545819551965,612.9873225132737,612.6013332665898,613.8455259492621,1.244192682672292,1.0,0.005458667795373468,2
2023-02-04,2023-02-03,2023-02-06,0.7942774567129468,20.975012094880928,609.9757704177107,609.6146268271841,610.6133269588463,0.99870013166219,1.25,0.008239033507356079,2
2023-02-04,2023-02-03,2023-02-06,0.575307083793172,16.60429463508821,592.455963841603,592.1114235594869,593.1100707622245,0.9986472027376294,1.5,0.015242214380318362,2
2023-02-04,2023-02-03,2023-02-06,1.8566098924789858,21.16909424284537,590.3327248743213,589.1239622696303,591.8652502712794,2.7412880016490817,1.25,0.010293892865663857,2
2023-02-04,2023-02-03,2023-02-06,0.3149509905147048,21.316084655460784,587.7721268116268,587.6301973522641,588.1309280013666,0.5007306491024792,1.0,0.0038057826033572354,2
2023-02-04,2023-02-03,2023-02-06,0.6206387702892717,3.559214671054086,536.6565476936654,536.2715664403513,537.2855852008797,1.0140187605284154,1.0,0.006910897929814226,2
2023-02-04,2023-02-03,2023-02-06,0.15801249434974673,2.6607404909651917,534.4420692329923,534.2772817430086,534.7780283661559,0.500746623147279,0.5,0.007422165722179567,2
2023-02-04,2023-02-03,2023-02-06,0.6144093542223232,16.023610424588004,551.1928104686418,550.492598194629,552.2382909306325,1.745692736003548,1.5,0.02351707663565576,2
2023-02-04,2023-02-03,2023-02-06,0.4212121682408961,20.245814449328755,528.794280316539,528.5509339030832,529.3006362938322,0.7497023907490075,0.75,0.009607613832439198,2
2023-02-04,2023-02-03,2023-02-06,0.3590117927964773,17.090954312346383,482.46370292835945,482.09344370337203,483.09228576812893,0.9988420647569001,1.0,0.009420251052779724,2
2023-02-04,2023-02-03,2023-02-06,17.33942720562512,3.478192692049693,490.7235732336433,479.60382496053353,499.5915935477242,19.987768587190658,1.5,0.01346177884548864,2
2023-02-04,2023-02-03,2023-02-06,0.44292275546999005,11.053738697930546,477.9141502736019,477.35686428053305,478.61081790551543,1.2539536249823868,1.25,0.011339076533575295,2
2023-02-04,2023-02-03,2023-02-06,0.668071749371727,17.904193053843837,476.00880362116476,475.57942433375865,476.5780840651132,0.9986597313545644,1.0,0.023284084726139135,2
2023-02-04,2023-02-03,2023-02-06,0.13239628751295573,5.794522322608618,473.0615201316835,472.83492563059554,473.5846243095584,0.7496986789628863,0.5,0.013184791672056842,2
2023-02-04,2023-02-03,2023-02-06,0.64415588754835,12.867205139682772,472.0900306970455,471.83892304450274,472.5886217239313,0.7496986794285476,1.0,0.005503796542061821,2
2023-02-04,2023-02-03,2023-02-06,0.6334626724267897,3.1392874609550896,534.0479525529461,533.7793517876416,534.7780283661559,0.9986765785142779,1.0,0.011902642104963942,2
2023-02-04,2023-02-03,2023-02-06,3.0094385872959113,15.421237176296536,483.56679725622115,481.59551782906055,485.5817802310921,3.9862624020315707,1.25,0.015032604949523578,2
2023-02-04,2023-02-03,2023-02-06,0.3151689624841078,10.146896301808356,470.70948767215725,470.59416372468695,471.0948992581107,0.5007355334237218,1.25,0.00493017359725423,2
2023-02-04,2023-02-03,2023-02-06,0.52312970529815,16.68455489082621,468.04920396711475,467.6066501936875,468.60531196091324,0.9986617672257125,1.25,0.01426750360866536,2
2023-02-04,2023-02-03,2023-02-06,0.7044521082083682,19.769000638587574,466.5152298883044,465.80753084039316,467.35218459228054,1.544653751887381,1.25,0.023027635303873487,2
2023-02-04,2023-02-03,2023-02-06,0.2628349815461534,14.380830712050873,464.0687391134,463.8074451168068,464.5571455806494,0.7497004638426006,1.0,0.006368295458733339,2
2023-02-04,2023-02-03,2023-02-06,0.20001247646108236,17.64066906234157,445.04222921844536,444.9086126694456,445.4093582849018,0.5007456154562533,1.0,0.01488868593367946,2
2023-02-04,2023-02-03,2023-02-06,3.2731635843336497,18.562732086288854,440.190811876691,438.9333892427385,441.92373830778524,2.9903490650467575,2.75,0.026642540252360253,2
2023-02-04,2023-02-03,2023-02-06,0.2984499522372732,18.131693729710097,437.94099820859,437.43952461052686,438.4382166196592,0.9986920091323555,1.0,0.012962481794235486,2
2023-02-04,2023-02-03,2023-02-06,1.2215142871032436,19.318512110441368,437.974912866762,436.92066541314125,439.1851616590284,2.2644962458871305,2.0,0.019325672125344157,2
2023-02-04,2023-02-03,2023-02-06,0.8113855182860535,13.418299280951025,470.5942596928447,469.5983792832121,471.59282549330965,1.9944462100975215,1.75,0.01165259214729192,2
2023-02-04,2023-02-03,2023-02-06,0.5994478413274001,17.993066048444053,484.8934851371767,484.3340489314869,485.5817802310921,1.2477312996052206,1.25,0.012196959324899687,2
2023-02-04,2023-02-03,2023-02-06,7.241579764556851,8.768234883154278,473.2070567010655,470.8431268418208,475.5762576540001,4.733130812179297,5.25,0.03554629739278113,2
2023-02-04,2023-02-03,2023-02-06,2.028381497606559,18.03399409352213,493.86310793431636,492.8355676503852,495.3279767977074,2.492409147322178,2.25,0.030182127920208388,2
2023-02-04,2023-02-03,2023-02-06,0.26013478532454837,17.965667930360986,490.85021753747554,490.5948637444526,491.34456228418276,0.7496985397301614,0.75,0.019437084524760617,2
2023-02-04,2023-02-03,2023-02-06,0.7256941469707469,20.6352903849795,526.5538407674768,525.7899200320244,527.5540281040594,1.7641080720350146,1.0,0.01627218114751648,2
2023-02-04,2023-02-03,2023-02-06,0.24103476333686025,17.010700808245243,523.0445275330662,522.7991457935423,523.548846851103,0.7497010575607419,0.75,0.01626208719500928,2
2023-02-04,2023-02-03,2023-02-06,0.9843215078958634,17.862423628080695,518.1511255280748,517.5708271702752,519.3164368746802,1.7456097044050694,1.5,0.019787540327986252,2
2023-02-04,2023-02-03,2023-02-06,1.0309710341619287,18.03652861592345,515.4213125978358,514.306770672556,516.5534682506695,2.246697578113526,1.25,0.01835968030765017,2
2023-02-04,2023-02-03,2023-02-06,0.1836443110763477,15.500918212902008,513.5614201965822,513.310791191645,514.0606155274436,0.7498243357986212,0.75,0.007853985610709685,2
2023-02-04,2023-02-03,2023-02-06,1.1188132972296,18.157922922505627,512.5808820618278,511.8170155840926,513.5625636079349,1.7455480238422751,1.75,0.011965832010958636,2
2023-02-04,2023-02-03,2023-02-06,0.2021368691666324,13.992290876129017,510.3163550912107,510.074236207176,510.8240059693344,0.7497697621583939,0.75,0.009644500560203838,2
2023-02-04,2023-02-03,2023-02-06,80.04553846913332,18.4363861781242,545.0393915931514,528.5509339030832,561.4459754792042,32.895041576121,5.75,0.1045073405408488,2
2023-02-04,2023-02-03,2023-02-06,0.8149557770352523,20.348461814903402,508.0045302003413,507.58457075152546,508.58323450153694,0.9986637500114739,1.5,0.009261869228195505,2
2023-02-04,2023-02-03,2023-02-06,0.3720012982408097,20.253746624434022,509.32088521939096,509.0783889517188,509.8280810662545,0.7496921145357192,0.75,0.00926618180890802,2
2023-02-04,2023-02-03,2023-02-06,1.1670555987442195,18.08676396009651,496.28915901945,495.57788907550275,497.34640198154375,1.7685129060409963,1.5,0.026309327268581963,2
2023-02-04,2023-02-03,2023-02-06,8.753239164859835,18.204039948442862,503.8785689789707,498.8418944720179,509.8280810662545,10.986186594236642,2.25,0.05498309303653708,2
2023-02-04,2023-02-03,2023-02-06,0.7736201593874016,21.23853842533247,500.9557488433188,500.5845978856087,501.58326033409685,0.9986624484881759,1.25,0.009352104211364055,2
2023-02-04,2023-02-03,2023-02-06,7.491452432079631,13.79935813169868,498.2715220212979,494.32930018613115,502.3303216858767,8.001021499745548,3.0,0.06377829282227593,2
2023-02-04,2023-02-03,2023-02-06,0.4132710144586965,13.607679132752857,507.01974853407376,506.58450581971556,507.5831717555411,0.9986659358255565,1.0,0.02890141713058678,2
2023-02-04,2023-02-03,2023-02-06,0.7925037200401845,20.828300595792403,506.63764127176404,506.0653473115526,507.83634316781536,1.7709958562627435,1.0,0.010586115698315773,2
2023-02-04,2023-02-03,2023-02-06,0.25286391265761654,14.499344840281172,505.054906680021,504.8170687314123,505.56676780991256,0.7496990785002708,0.75,0.020943724646089967,2
2023-02-19,2023-02-17,2023-02-21,0.3990348578951047,5.0583193419408,1158.4944171186557,1158.1737712374888,1159.1978211360984,1.024049898609519,1.25,0.0045645965616999355,2
2023-02-19,2023-02-17,2023-02-21,1.1383122526108993,2.504855574419176,689.6398268812715,687.9538124077953,691.3515216200612,3.3977092122659087,1.0,0.006512000158637306,2
2023-02-19,2023-02-17,2023-02-21,1.3067479991088398,2.660949159378926,730.9150155157478,729.4913942948915,732.5600902237929,3.068695928901434,1.25,0.007079147666898745,2
2023-02-19,2023-02-17,2023-02-21,0.6866984392167903,5.638203897439996,1054.5885596473584,1053.5865474003367,1055.6124716531485,2.0259242528118193,1.25,0.004946004370102467,2
2023-02-19,2023-02-17,2023-02-21,0.7161478181484906,2.9825054727664235,1074.5580926158382,1072.7869063150138,1076.6262706499547,3.8393643349409103,0.75,0.005190177756557815,2
2023-02-19,2023-02-17,2023-02-21,1.0026006888633423,2.783606091828564,653.9245169339811,652.6435375018045,655.6409931075759,2.9974556057713926,1.0,0.006579953787432972,2
2023-02-19,2023-02-17,2023-02-21,1.0128811860514995,4.323275284035334,1086.9622309031765,1086.0578900510445,1088.3399189715274,2.282028920482844,1.5,0.004161194873041176,2
2023-02-19,2023-02-17,2023-02-21,3.035739489218803,5.152715178870999,1163.6426706344764,1161.7760591753758,1165.1149046681821,3.3388454928062856,3.25,0.010762777687773183,2
2023-02-19,2023-02-17,2023-02-21,0.16694349138659006,3.6397551627045583,1192.3279800524967,1191.8799666534178,1193.1534935305826,1.2735268771648407,0.5,0.003409066212039414,2
2023-02-19,2023-02-17,2023-02-21,0.11647564759817637,4.029243725043785,1174.9121416424102,1174.8082243651152,1175.3169607878663,0.5087364227510989,0.75,0.002505158720845801,2
2023-02-19,2023-02-17,2023-02-21,0.19341956396811513,3.9934560762426177,1186.22993403598,1185.9222527081147,1186.686442204751,0.7641894966363907,0.75,0.004831885587117942,2
2023-02-19,2023-02-17,2023-02-21,3.215398746490114,4.668493224227212,1189.7043575212856,1187.3072851770557,1193.1534935305826,5.84620835352689,2.25,0.011164386063182197,2
2023-02-19,2023-02-17,2023-02-21,0.347963326795532,3.594401452908892,1214.7491163705124,1214.4965430055745,1215.255881529767,0.7593385241925716,1.0,0.0064092762306063155,2
2023-02-19,2023-02-17,2023-02-21,0.20530668388772222,4.99649325123506,1214.0066983732781,1213.735247040633,1214.4945867299102,0.7593396892771125,0.75,0.0033683944865659098,2
2023-02-19,2023-02-17,2023-02-21,5.487884239074315,3.8338810596144564,1226.5413511747074,1223.3164585600607,1232.1395944692194,8.823135909158736,2.25,0.013984328003841397,2
2023-02-19,2023-02-17,2023-02-21,0.45732583714558195,3.488538616089678,1237.7119139126182,1236.9733452904038,1238.737213392742,1.763868102338165,0.75,0.0024241538609464696,2
2023-02-19,2023-02-17,2023-02-21,0.8362233706978843,2.7568293466843445,621.6135536607737,620.2283756751567,623.2181107448414,2.9897350696846843,0.75,0.007450237358637861,2
2023-02-19,2023-02-17,2023-02-21,1.4152475595020562,4.589544486385832,1169.5005884949226,1168.386427888181,1171.464279445354,3.077851557172835,3.25,0.007430848097050327,2
2023-02-19,2023-02-17,2023-02-21,0.1890041052174311,5.0106341563159695,617.7476477925686,617.4909948385321,618.2407942069694,0.7497993684373796,0.75,0.005144444985950615,2
2023-02-19,2023-02-17,2023-02-21,3.5187141377290856,3.3082335231117455,828.6909033627367,824.6653239587322,834.8306858646683,10.165361905936152,1.25,0.011403237192296708,2
2023-02-19,2023-02-17,2023-02-21,0.544877680731063,3.2485432331369912,359.9316877475207,355.63431614171714,363.25844760704786,7.62413146533072,0.75,0.009643236236845754,2
2023-02-19,2023-02-17,2023-02-21,1.2082506644406759,3.099106903874043,465.81661472025576,464.554225679487,467.6011481494643,3.0469224699772894,1.0,0.010692226005786202,2
2023-02-19,2023-02-17,2023-02-21,0.3135881464253277,3.2327930613042035,895.3773817290255,895.0051112994552,896.0176413087174,1.0125300092622638,0.75,0.0024185258399448493,2
2023-02-19,2023-02-17,2023-02-21,0.5466860990541693,4.124603141524496,1020.9909852035088,1019.9713690136559,1022.4760738248006,2.50470481114462,1.0,0.008093653203832514,2
2023-02-19,2023-02-17,2023-02-21,0.18918645138992904,4.491598972476723,1049.812993418776,1049.5665966947563,1050.3207172341645,0.7541205394081771,0.75,0.003955547707844482,2
2023-02-19,2023-02-17,2023-02-21,0.1995645733325026,4.002163501342825,1112.9540373520479,1112.705428911373,1113.468335218262,0.7629063068889081,0.75,0.005154531435055094,2
2023-02-19,2023-02-17,2023-02-21,0.20995736101832507,4.240051620829285,1115.050206788813,1114.8052256554365,1115.5691199488938,0.7638942934572697,0.75,0.006986084369867952,2
2023-02-19,2023-02-17,2023-02-21,1.537013700883732,4.730319889810827,1117.3482430351269,1115.8662522188388,1119.1929661869071,3.3267139680683613,1.75,0.0107408142900905,2
2023-02-19,2023-02-17,2023-02-21,0.11806433154496562,4.300816455024734,1118.6499332487779,1118.1726358481683,1119.1929661869071,1.0203303387388587,0.5,0.0055986967658706605,2
2023-02-19,2023-02-17,2023-02-21,0.2781480946204252,3.0132891985589634,1024.8622569932218,1024.4767429535277,1025.4794439845718,1.0027010310441256,0.75,0.001907455363622874,2
2023-02-19,2023-02-17,2023-02-21,19.31439732518132,3.2873999414166026,1185.2671853180743,1175.0651883715764,1199.5322994440794,24.46711107250303,2.0,0.021992587795109538,2
2023-02-19,2023-02-17,2023-02-21,1.461820232238049,3.0837791777379637,1137.4659858745174,1135.495916318614,1139.625831172336,4.129914853721857,1.0,0.010264314452147134,2
2023-02-19,2023-02-17,2023-02-21,2.5959812612491606,3.304715336908427,183.4661094387233,171.91337536275387,221.3258575326763,49.41248216992244,1.0,0.01934789908004733,2
2023-02-19,2023-02-17,2023-02-21,0.6587327551342861,3.450670520462084,188.60660073779152,166.6078325160779,217.39871907467023,50.79088655859232,0.75,0.014719012425929087,2
2023-02-19,2023-02-17,2023-02-21,0.12537542485539976,3.2495922204344136,207.6559800902519,186.3531493609771,229.72855130955577,43.375401948578656,0.75,0.0057146665445133304,2
2023-02-19,2023-02-17,2023-02-21,4.721465211394532,3.8212510756331195,159.76726075152288,143.94476664066315,203.9422533577308,59.99748671706766,1.75,0.023517845734434415,2
2023-02-19,2023-02-17,2023-02-21,0.3183540723794872,3.007191555549668,169.9532008224701,169.67048925254494,170.49029654357582,0.8198072910308838,0.75,0.0027266603415055627,2
2023-02-19,2023-02-17,2023-02-21,6.446399955503922,2.832133386831327,123.79090612876418,72.21203405689448,163.65971299400553,91.44767893711105,1.0,0.023195388878453238,2
2023-02-19,2023-02-17,2023-02-21,1.1382479877016414,3.2018515369591283,162.97880637975018,161.09621742833406,165.02592425886542,3.9297068305313587,0.75,0.02141144737870325,2
2023-02-25,2023-02-21,2023-03-02,0.09667960076565481,3.356145799695831,800.4562737874492,800.3221552059986,800.8411595234647,0.5190043174661696,0.5,0.004373429556862131,2
2023-02-25,2023-02-21,2023-03-02,0.3298581835108133,3.239702851422659,511.946101347113,511.5680518052541,512.5667155571282,0.998663751874119,0.75,0.00504239120557493,2
2023-02-25,2023-02-21,2023-03-02,0.18445678066371524,2.705794801080486,532.6615880673419,532.5345062641427,533.0352436858229,0.5007374216802418,0.75,0.007928789377224764,2
2023-02-25,2023-02-21,2023-03-02,0.32080130026582504,2.7121798925458838,534.0334126483522,533.7793517876416,534.5290541592985,0.7497023716568947,0.75,0.006799021726317222,2
2023-02-25,2023-02-21,2023-03-02,0.5012007054979245,2.3769994642559777,636.9040173772077,636.1620245575905,637.9081709929742,1.7461464353837073,1.0,0.0070309378354690664,2
2023-02-25,2023-02-21,2023-03-02,2.5107072027138546,2.3177511867512552,652.6102310245892,651.1479932405055,655.3909893920645,4.242996151559055,1.25,0.014417888681802231,2
2023-02-25,2023-02-21,2023-03-02,0.7972331389939822,2.0275079617111507,695.6832236612834,689.8284738818184,699.9302597423084,10.101785860490054,1.0,0.006977489222053795,2
2023-02-25,2023-02-21,2023-03-02,0.497244353748345,2.0827788433324868,695.2595293700364,694.8409071825445,695.9351141005754,1.0942069180309772,1.0,0.0063125493971981665,2
2023-02-25,2023-02-21,2023-03-02,2.7601657675549416,2.615973047192316,722.1285252810167,715.5657142126001,728.9453417644836,13.379627551883459,1.25,0.023400657590775312,2
2023-02-25,2023-02-21,2023-03-02,0.12829579605505032,3.371748855163319,726.3641737617168,726.0188179272227,726.9549838323146,0.9361659050919116,0.5,0.009074856294687786,2
2023-02-25,2023-02-21,2023-03-02,3.2992918962651743,2.5175321766957093,771.175844811656,766.561925296206,777.4700357294641,10.908110433258116,1.0,0.012754792296611323,2
2023-02-25,2023-02-21,2023-03-02,1.9663703920760862,3.240027029707198,849.436304450946,846.0760609661229,854.4413597807288,8.365298814605922,0.75,0.006917411821299311,2
2023-02-25,2023-02-21,2023-03-02,0.4454535088554321,6.283704745826035,1187.4729771953805,1186.796022244729,1188.555555973202,1.7595337284728885,1.25,0.0032736429239234323,2
2023-02-25,2023-02-21,2023-03-02,3.4503251962922614,7.076824149091265,1055.2141865944834,1052.8316030055285,1057.380953768734,4.549350763205439,2.0,0.014459104872935504,2
2023-02-25,2023-02-21,2023-03-02,0.9832414671730838,8.75613512543759,1103.7753254196148,1102.659741814714,1105.5072090481408,2.847467233426869,1.5,0.010624535934011027,2
2023-02-25,2023-02-21,2023-03-02,1.2389840826954548,8.037153711320926,1105.896880454297,1105.5526469093747,1106.5712576000951,1.0186106907203794,2.75,0.008860923028076407,2
2023-02-25,2023-02-21,2023-03-02,0.18515091721542645,19.750594412488613,1113.2122302007394,1112.9609958622605,1113.723902164027,0.762906301766634,0.75,0.003758876722631249,2
2023-02-25,2023-02-21,2023-03-02,5.371175387275551,8.694873200798304,1166.2541631051574,1163.8341427673586,1169.152201085817,5.3180583184584975,3.25,0.01414547952195412,2
2023-02-25,2023-02-21,2023-03-02,0.7591203341608503,6.303772957013689,1171.5000704870022,1170.6985294050537,1172.4917222736403,1.7931928685866296,1.25,0.006721831877737629,2
2023-02-25,2023-02-21,2023-03-02,3.6898499545624226,4.017796082456363,1177.7498878503404,1175.8190971207805,1180.3066399758682,4.487542855087668,2.25,0.011035441025388388,2
2023-02-25,2023-02-21,2023-03-02,0.777649336308393,3.178363579882083,507.2526218644419,506.3143098996952,508.58323450153694,2.268924601841718,1.0,0.010525027683007627,2
2023-02-25,2023-02-21,2023-03-02,4.483595479102853,3.267711329375674,1202.348030176188,1197.4981652833521,1207.6432174947113,10.145052211359143,1.0,0.012883558190665226,2
2023-02-25,2023-02-21,2023-03-02,0.20056379510965316,3.595580006464915,1270.5733157455068,1270.2273251796141,1271.2350196298212,1.0076944502070546,0.5,0.002152741950215927,2
2023-02-25,2023-02-21,2023-03-02,0.2760359758201693,3.472614881276502,1273.6272394037187,1273.2505812109448,1274.2582075078972,1.0076262969523668,0.75,0.004504473671566469,2
2023-02-25,2023-02-21,2023-03-02,2.5941843615140994,7.335357266867875,1048.4032709363207,1046.8038321146742,1050.3207172341645,3.5168851194903255,2.5,0.013425580554923431,2
2023-02-25,2023-02-21,2023-03-02,1.0681421472150323,3.3466486491455516,492.70469311361694,491.8396438914351,494.0831465367228,2.2435026452876627,1.0,0.0062509244196329704,2
2023-02-25,2023-02-21,2023-03-02,8.894163739429782,3.317069407245114,1233.179267321211,1226.045439176727,1239.9972077808343,13.951768604107201,1.5,0.0142769438272107,2
2023-02-25,2023-02-21,2023-03-02,0.25998133003681967,3.222816007968201,480.0940057593674,479.85278788395226,480.6024861447513,0.7496982607990503,0.75,0.003040574104528943,2
2023-02-25,2023-02-21,2023-03-02,0.7264130201623584,3.3874895284446778,487.6569334147912,486.60632944619283,488.85489317495376,2.248563728760928,1.0,0.005516573430003588,2
2023-02-25,2023-02-21,2023-03-02,3.7709228756164115,2.4999919963310315,606.526615409214,600.901040611323,611.6088492302224,10.707808618899435,1.0,0.023006665169125678,2
2023-02-25,2023-02-21,2023-03-02,1.184521743636394,2.0130123777507416,703.7634927658112,697.9336008382961,709.9332670159638,11.999666177667677,1.0,0.00913563573255913,2
2023-02-25,2023-02-21,2023-03-02,0.6171657586358649,1.99583068038723,710.5614528608886,705.8991939644329,716.6160427699797,10.71684880554676,0.75,0.004134610786171844,2
2023-02-25,2023-02-21,2023-03-02,8.628398630502845,2.681118092170315,803.3585148075281,794.6801748466678,814.8805406573229,20.200365810655057,1.5,0.02198587600137775,2
2023-02-25,2023-02-21,2023-03-02,4.918881158926418,3.0400022495761414,890.9610739082649,884.5101219494827,897.0336820939556,12.523560144472867,1.0,0.00829913294935605,2
2023-02-25,2023-02-21,2023-03-02,0.24704073138435162,3.2335270404344043,1016.3270670934079,1015.9701407267712,1017.2202337370254,1.2500930102542043,0.75,0.00973488467350142,2
2023-02-25,2023-02-21,2023-03-02,0.11979545573627087,2.843400496208033,1016.7671942444903,1016.4679051828571,1017.2202337370254,0.7523285541683435,0.5,0.003345891547331492,2
2023-02-25,2023-02-21,2023-03-02,0.3240525004204805,3.2649267045300037,1025.737487037934,1025.478078739252,1026.2307774587534,0.7526987195014954,0.75,0.0030482081133511143,2
2023-02-25,2023-02-21,2023-03-02,0.5041842086309597,3.2830194797655685,1028.6052091070846,1027.982928654179,1029.4871362564154,1.50420760223642,0.75,0.0036601220946383983,2
2023-02-25,2023-02-21,2023-03-02,4.9733478410596605,3.156429662988627,1036.5128860262328,1029.9868180043995,1042.2750925631262,12.288274558726698,1.0,0.009748034386765768,2
2023-02-25,2023-02-21,2023-03-02,0.13697055171521463,3.8740529506672714,1030.9956003580398,1030.7382704857737,1031.4910163017921,0.7527458160184324,0.5,0.0029657745586778943,2
2023-02-25,2023-02-21,2023-03-02,3.0759562302486607,3.0595073463587306,999.6716444676705,996.4689104259014,1004.2215462671593,7.75263584125787,1.0,0.004945036900114438,2
2023-02-25,2023-02-21,2023-03-02,0.17220629020429776,3.120707360345977,1123.4153047915356,1123.0405715662055,1124.061388201546,1.0208166353404522,0.5,0.0029175000103997682,2
2023-02-25,2023-02-21,2023-03-02,0.11328613168551192,2.7500000000000004,1123.388965453988,1123.0405715662055,1124.061388201546,1.0208166353404522,0.25,0.002692849305411544,2
2023-02-25,2023-02-21,2023-03-02,0.295670573590745,3.298409597085723,1132.6373040706453,1132.3673530714586,1133.133091873955,0.7657388024963439,0.75,0.009137031365464789,2
2023-02-25,2023-02-21,2023-03-02,3.8995146930899147,3.3882258931119877,1146.3383290118727,1141.174764113035,1150.9790724320337,9.804308318998665,1.25,0.014478505858589785,2
2023-02-25,2023-02-21,2023-03-02,0.2979662344824763,3.1309258247642853,1270.5841852803846,1270.2273251796141,1271.2350196298212,1.0076944502070546,0.5,0.0036222149041040285,2
2023-02-25,2023-02-21,2023-03-02,2.698801150646397,3.867150155389264,155.96935996933047,139.52388531388715,199.23140555620193,59.707520242314786,1.25,0.011230003319956359,2
2023-02-25,2023-02-21,2023-03-02,1.1233444454055688,2.8222635065133153,462.7462769786164,461.81567304208875,464.3081815149635,2.4925084728747606,1.0,0.00895280782191771,2
2023-02-25,2023-02-21,2023-03-02,28.417521155088497,10.951166313752895,357.03456442737485,351.22943562315777,363.25844760704786,12.029011983890086,7.0,0.03990081837479239,2
2023-02-25,2023-02-21,2023-03-02,0.18965141209971242,9.244304463135663,362.86830863698543,362.6231495789252,363.3758778590709,0.7527282801456749,0.75,0.0024549138259100374,2
2023-02-25,2023-02-21,2023-03-02,12.939904390030142,2.38637126286543,410.03427342979853,400.0067587434314,420.05262182094157,20.04586307751015,1.5,0.030677440664617965,2
2023-02-25,2023-02-21,2023-03-02,0.30455864343061084,2.4659271087666483,425.4560560588023,425.07257115934044,426.07132676942274,0.9987556100822985,0.75,0.0042114020164820114,2
2023-02-25,2023-02-21,2023-03-02,9.198838072285676,2.8580253849853854,447.8032846039861,438.6844160184264,454.5058744349517,15.821458416525275,1.75,0.022966154297847954,2
2023-02-25,2023-02-21,2023-03-02,0.16130190096857422,3.6173239974682576,1033.7546294878002,1033.493579827249,1034.2463201675564,0.7527403403073549,0.5,0.0019651453926655014,2
2023-03-04,2023-03-02,2023-03-06,0.39713221374520197,21.745759332448298,1131.8711608241472,1131.5970338252373,1132.3627846268937,0.7657508016563952,1.25,0.005489596352416869,3
2023-03-11,2023-03-06,2023-03-17,11.592684982092369,11.951921962872659,1294.7033216566133,1290.6576545061544,1299.112704815343,8.455050309188664,4.75,0.01849070847762373,3
2023-03-11,2023-03-06,2023-03-17,2.5713913417242713,12.742909128494295,1247.804206521975,1246.9294959479012,1248.9438945073634,2.014398559462279,3.25,0.01711307998678732,3
2023-03-11,2023-03-06,2023-03-17,1.748403143405914,19.842073492385943,1245.2945954825211,1244.2814757195301,1246.6886709760875,2.4071952565573156,3.0,0.008109888691464886,3
2023-03-11,2023-03-06,2023-03-17,1.4941537900845585,6.796921244755017,1158.9054893819573,1157.6594041208737,1160.22697624797,2.567572127096355,2.0,0.005614492366518654,3
2023-03-11,2023-03-06,2023-03-17,2.546765607573165,19.417673785172788,1154.7454867363408,1152.2714198040776,1157.1429178160615,4.871498011983931,2.0,0.005863338965979681,3
2023-03-11,2023-03-06,2023-03-17,0.22123166687668255,19.225223114452422,1151.1016430581965,1150.9842764898203,1151.4936001915485,0.5093237017281353,1.25,0.0038899037201981356,3
2023-03-11,2023-03-06,2023-03-17,0.23260598932741114,17.12230692442909,1016.4685307042242,1016.2195460028015,1016.9699556687847,0.7504096659831703,1.0,0.0012426571654935586,3
2023-03-11,2023-03-06,2023-03-17,0.5043778845621907,35.25504727491457,1131.834519804589,1131.5970338252373,1132.3627846268937,0.7657508016563952,0.75,0.006277353748821231,3
2023-03-11,2023-03-06,2023-03-17,0.17668790215736196,8.250380997504546,1053.8361876212605,1053.5865474003367,1054.3407196025364,0.7541722021996975,0.75,0.002406207597494257,3
2023-03-11,2023-03-06,2023-03-17,3.0215081792742247,35.80388969206605,1024.7853177870638,1024.2265097759664,1025.4794439845718,1.2529342086054385,1.5,0.009824416212665102,3
2023-03-11,2023-03-06,2023-03-17,1.838253983867642,37.06061006313644,1022.0296078282548,1021.7237489670515,1022.4760738248006,0.7523248577490449,1.25,0.009905614285184437,3
2023-03-11,2023-03-06,2023-03-17,0.4834606322168262,13.911281761352651,1383.1431927427932,1382.730621595867,1383.7877657744102,1.0571441785432398,1.5,0.004085730807086861,3
2023-03-11,2023-03-06,2023-03-17,0.3482330379964824,14.598956801665791,1015.9846859810402,1015.4713301761076,1016.719677599147,1.2483474230393767,1.0,0.002397177017841086,3
2023-03-11,2023-03-06,2023-03-17,0.1907458667933246,21.255961905315022,1144.0075288174019,1143.7468457967043,1144.5133974184282,0.7665516217239201,0.75,0.004855269941690461,3
2023-03-11,2023-03-06,2023-03-17,1.204492583468925,17.84979512925546,1012.8689564003844,1011.4679921967909,1014.4712557927705,3.0032635959796607,1.75,0.004511243147706657,3
2023-03-11,2023-03-06,2023-03-17,0.32098414998315555,14.656236077317555,1011.8751283306948,1011.4679921967909,1012.4701691120863,1.002176915295422,1.0,0.0030073832715658837,3
2023-03-11,2023-03-06,2023-03-17,0.5019366362707398,6.010192333013562,533.8487194448207,533.5303868083283,534.5290541592985,0.9986673509702086,1.25,0.004459159215660831,3
2023-03-11,2023-03-06,2023-03-17,1.230808025248857,2.5356269044729043,723.1282341341406,719.7850000406615,728.9453417644836,9.160341723822057,1.0,0.011508338292101485,3
2023-03-11,2023-03-06,2023-03-17,0.7688434701624457,13.099138666428269,741.8400081699831,741.4051768803038,742.4528576657176,1.0476807854138315,2.0,0.004115721438790437,3
2023-03-11,2023-03-06,2023-03-17,0.2539732219237898,6.748765664634019,764.5230411071304,764.131033343263,765.1881895978004,1.0571562545374036,0.75,0.002731896778677806,3
2023-03-11,2023-03-06,2023-03-17,0.27856616271767465,8.740473615139994,159.81685953654747,159.2507916642353,160.70155031979084,1.4507586555555463,0.75,0.0031662190520145785,3
2023-03-11,2023-03-06,2023-03-17,0.26735133809266565,11.744095714475405,846.470024211932,846.0760609661229,847.1107081915252,1.0346472254022956,0.75,0.002721104540755109,3
2023-03-11,2023-03-06,2023-03-17,2.7722964143442055,20.70761013263818,1006.8875745249484,1005.7199830613099,1008.2177934856154,2.4978104243054986,3.0,0.010934536203553988,3
2023-03-11,2023-03-06,2023-03-17,0.18721507337037915,6.991736272817559,1007.7075121058062,1007.465748179704,1008.2177934856154,0.7520453059114516,0.75,0.0015521695966191425,3
2023-03-11,2023-03-06,2023-03-17,3.6197783551244287,7.842797714246405,1011.1067010387645,1008.9664939395152,1013.4707130147144,4.504219075199217,2.5,0.009695333299846337,3
2023-03-11,2023-03-06,2023-03-17,186.57007561881386,28.013618826353543,1021.015941874925,1010.4674438224174,1029.236648550257,18.76920472783968,25.0,0.06272054564443753,3
2023-03-11,2023-03-06,2023-03-17,0.18147925712556684,5.750601496170783,825.1956866927541,824.9297322048806,825.7103210971691,0.780588892288506,0.75,0.0017543715275613238,3
2023-03-19,2023-03-17,2023-03-22,5.9032837375403275,2.2786684461766415,643.4452950929291,640.1335795121267,647.4499671407975,7.316387628670782,1.5,0.02317376407181823,3
2023-03-19,2023-03-17,2023-03-22,0.3309588695717286,10.546109318943248,1299.0962825290646,1298.8609323990531,1299.6214485485107,0.7605161494575441,0.75,0.0060459216091447365,3
2023-03-19,2023-03-17,2023-03-22,0.3560347728031616,36.21175413076814,1184.0389598052336,1183.6418890561908,1184.6626024083234,1.0207133521325886,0.75,0.013989218346563245,3
2023-03-19,2023-03-17,2023-03-22,0.36227438565296993,13.476878588362434,1087.6100317253606,1087.3268991163932,1088.086414215155,0.7595150987617671,1.25,0.005267653672366055,3
2023-03-19,2023-03-17,2023-03-22,0.18388349487182312,13.752015541051215,956.98764954461,956.7379951342009,957.4903019112535,0.7523067770525813,0.75,0.006187365440017055,3
2023-03-19,2023-03-17,2023-03-22,0.197176574907097,5.74909604305156,903.9073129791759,903.6175620132126,904.4576278533787,0.8400658401660621,0.75,0.0029007491327931625,3
2023-03-19,2023-03-17,2023-03-22,0.7844649415035685,3.043398682348184,741.3475507061141,740.5064290245064,742.4528576657176,1.9464286412112415,1.0,0.006449202305434659,3
2023-03-19,2023-03-17,2023-03-22,0.7750460724670595,19.417373834393462,726.8149272688527,726.3217069688253,727.3618686194532,1.0401616506278515,2.0,0.007169947281121869,3
2023-03-19,2023-03-17,2023-03-22,0.2606184401362413,2.2424627584807775,657.9968644023338,657.6271077836864,658.628915478941,1.0018076952546835,0.75,0.009371043737751142,3
2023-03-19,2023-03-17,2023-03-22,0.17407431564696063,2.20820138401248,638.282770496161,638.1535417987034,638.6545864418149,0.501044643111527,0.75,0.0053785005028026,3
2023-03-19,2023-03-17,2023-03-22,1.3025123058633867,2.243692339043681,682.7591538488219,680.0272584329359,689.4160840297118,9.38882559677586,1.0,0.011332503552793801,3
2023-03-19,2023-03-17,2023-03-22,6.44561354436164,15.460238602650403,545.2244067453887,541.7672287593596,548.7526704682969,6.985441708937287,2.0,0.049942348358896216,3
2023-03-19,2023-03-17,2023-03-22,0.41722415610996816,3.35868130064424,475.93347471576647,475.57942433375865,476.5780840651132,0.9986597313545644,1.0,0.0033702450132613846,3
2023-03-19,2023-03-17,2023-03-22,1.406719713046797,2.380646644862327,437.42150410929236,435.53430037386715,439.6830879119225,4.1487875380553305,1.0,0.007655782289972514,3
2023-03-19,2023-03-17,2023-03-22,13.552111113268555,2.4128216987103746,83.96604744457385,41.71022758865729,153.22994834929705,111.51972076063976,1.5,0.030595188364016666,3
2023-03-19,2023-03-17,2023-03-22,0.4691879686528724,2.500943432928727,20.989004348404706,20.989004348404706,21.2407767646946,0.2517724162898958,0.75,0.008662339847576606,3
2023-03-19,2023-03-17,2023-03-22,0.08144151587143737,3.463551605197038,1022.4745797207579,1022.4745797207579,1022.7263521370478,0.2517724162898958,0.75,0.0036611085576145593,3
2023-03-19,2023-03-17,2023-03-22,0.140485672305246,3.4811393370899935,1019.5975799234376,1019.4712344668806,1019.9730741563253,0.5018396894447505,0.75,0.0054037147497131175,3
2023-03-19,2023-03-17,2023-03-22,0.7845180654834057,2.7207849630662064,1011.9513235530504,1011.7181270294823,1012.4701691120863,0.7520420826040208,0.75,0.014929031730097376,3
2023-03-19,2023-03-17,2023-03-22,2.6848914170205256,3.4979918345074714,965.112370331447,961.7376935775392,968.9871867080219,7.249493130482733,1.0,0.007355781711440098,3
2023-03-19,2023-03-17,2023-03-22,0.25151800026323484,2.454472431892427,614.9165960959424,614.6615425045602,615.4113016715273,0.7497591669671237,0.75,0.004658692983492545,3
2023-03-29,2023-03-22,2023-04-06,0.2869625210285264,13.373569721772693,1187.9214934100432,1187.5371754900552,1188.555555973202,1.0183804831467569,1.0,0.005872324290735205,3
2023-03-29,2023-03-22,2023-04-06,39.89556465163537,5.538126256444192,1183.133317825208,1171.212507029064,1192.8979872046039,21.68548017553985,7.75,0.03461016911790717,3
2023-03-29,2023-03-22,2023-04-06,0.6960698491528287,7.358766479649761,1171.0992348766315,1170.1849954598583,1172.234743528068,2.0497480682097375,1.0,0.00579139212004971,3
2023-03-29,2023-03-22,2023-04-06,1.2646691492881015,22.120152169051767,1122.5079502871695,1121.2473407327197,1123.805040135514,2.557699402794242,1.75,0.006210997406879287,3
2023-03-29,2023-03-22,2023-04-06,12.937393652551796,3.467422659657998,1150.32020104681,1142.2037535044365,1159.7121317442507,17.508378239814192,2.75,0.03045914792102708,3
2023-03-29,2023-03-22,2023-04-06,0.3838426585237561,37.40607667152927,1311.1639341337823,1310.8015719656833,1311.8211829210632,1.0196109553799033,1.0,0.02747498463261791,3
2023-03-29,2023-03-22,2023-04-06,2.07209359509177,15.847920738709673,1189.6199425640448,1188.563020769041,1191.365441528149,2.8024207591079175,3.25,0.01714567289234624,3
2023-03-29,2023-03-22,2023-04-06,5.933767397558145,3.7064054369232013,1166.3405777042956,1161.7760591753758,1170.1797702261247,8.403711050748825,2.75,0.02150104363471538,3
2023-03-29,2023-03-22,2023-04-06,0.24041571790830743,17.636644105674666,1190.073701137136,1189.836859902367,1190.5997031475417,0.7628432451747358,1.0,0.005998217319473224,3
2023-03-29,2023-03-22,2023-04-06,3.0572093190748197,3.4280978780402642,1201.61774289022,1198.0074858628213,1205.3876836649142,7.38019780209288,1.25,0.00962572986037792,3
2023-03-29,2023-03-22,2023-04-06,0.19115077978182282,21.2477067762264,1193.9136855144602,1193.6678521884605,1194.4306353605352,0.7627831720747054,0.75,0.005010402323934856,3
2023-03-29,2023-03-22,2023-04-06,0.9998436550187598,32.749054918891424,1192.896408108689,1192.646214788314,1193.4089998248965,0.7627850365824997,0.75,0.024952997186362298,3
2023-03-29,2023-03-22,2023-04-06,0.01931516151740786,3.5,1198.0074858628213,1198.0074858628213,1198.2592582791112,0.2517724162898958,0.25,0.0013830153477850298,3
2023-03-29,2023-03-22,2023-04-06,0.3211437736950833,27.92912952203473,1197.5116249478424,1197.272774791345,1198.004597994499,0.7318232031539083,1.0,0.02013091104319485,3
2023-03-29,2023-03-22,2023-04-06,2.078518071838239,3.554515930856519,1231.147065322461,1229.1111390166916,1234.1587820574641,5.0476430407725275,1.25,0.011621135069319527,3
2023-03-29,2023-03-22,2023-04-06,0.3029866394064008,41.247650903398025,1273.7500387003709,1273.5025325231254,1274.2582075078972,0.7556749847717583,0.75,0.024866912522822474,3
2023-03-29,2023-03-22,2023-04-06,0.40798360488729646,38.00305999860532,1292.4021858289284,1292.1766004320234,1292.934751699213,0.7581512671895325,0.75,0.020315672955886988,3
2023-03-29,2023-03-22,2023-04-06,0.0445352674002708,3.3716804372282865,1006.4653543368913,1006.4653543368913,1006.7171267531812,0.2517724162898958,0.5,0.0017168077349419975,3
2023-03-29,2023-03-22,2023-04-06,0.8874489865162266,3.7452484977011142,1193.8653584633973,1192.646214788314,1195.7079096869566,3.0616948986425996,1.25,0.00414599954461067,3
2023-03-29,2023-03-22,2023-04-06,1.024853467990917,3.4952602900587264,1003.5584319493014,1001.4692885684781,1005.72225681087,4.252968242391944,0.75,0.007402433179917657,3
2023-03-29,2023-03-22,2023-04-06,0.4291829052820097,3.3519811295158743,1137.295853292644,1136.5434977607802,1138.3392889150418,1.7957911542616785,1.0,0.0038840348868655152,3
2023-03-29,2023-03-22,2023-04-06,0.6957855351517334,3.6822602146261536,933.8248416919276,933.438653706573,934.4428711221553,1.0042174155823886,1.25,0.007868738707342464,3
2023-03-29,2023-03-22,2023-04-06,0.2636611727302087,2.970893360303145,1006.863238402001,1006.4653543368913,1007.4675265615806,1.002172224689275,0.75,0.007231875677534499,3
2023-03-29,2023-03-22,2023-04-06,8.615782503551872,3.625711258228178,1012.4923876464524,1007.7158846240491,1015.9725078679621,8.256623243913054,2.5,0.033804708849676283,3
2023-03-29,2023-03-22,2023-04-06,0.8374897230087183,3.5281544765233996,1017.0911884053365,1016.2195460028015,1018.2213509301655,2.0018049273639917,1.25,0.018414976633984895,3
2023-03-29,2023-03-22,2023-04-06,2.1580274232439636,3.8922752161293763,1021.6715125815718,1018.9706935724244,1024.2280044839717,5.257310911547393,1.25,0.018462383132361013,3
2023-03-29,2023-03-22,2023-04-06,1.2381235875196799,3.042547769453986,1026.5360026145765,1025.478078739252,1028.485189482104,3.007110742852092,1.25,0.011073039638485955,3
2023-03-29,2023-03-22,2023-04-06,3.0535360224642543,3.642964648716897,1030.8329439446218,1027.481951830443,1035.2502024765126,7.768250646069646,1.5,0.014146487791694431,3
2023-03-29,2023-03-22,2023-04-06,2.6277850269886924,3.491319554436549,1040.3280246960578,1037.2586234263144,1043.7799461842515,6.521322757937014,1.5,0.009164944961503323,3
2023-03-29,2023-03-22,2023-04-06,6.269547079470785,6.637712885542818,1125.8304907581762,1123.2969196392223,1128.2532047121786,4.956285072956234,2.75,0.028479315086502588,3
2023-03-29,2023-03-22,2023-04-06,0.37548916446677766,3.6363339202046157,114.84827473427939,114.30427653016523,115.69215328106657,1.3878767509013414,1.0,0.004014151158927432,3
2023-03-29,2023-03-22,2023-04-06,0.5280726902040654,3.486198763409774,940.2171949039263,939.4619266814552,941.2166560329497,1.7547293514944613,0.75,0.006327053005690551,3
2023-03-29,2023-03-22,2023-04-06,0.2843858191771115,3.4881373777400926,361.0966774590968,360.7152261296287,361.72060605185106,1.005379922222346,0.75,0.004301371566779391,3
2023-03-29,2023-03-22,2023-04-06,0.5858411158045331,3.4866870656916364,358.4749383754387,357.3947319104336,359.4064050009474,2.0116730905137956,1.25,0.010945721901156742,3
2023-03-29,2023-03-22,2023-04-06,2.3976311751097366,3.444435594534596,896.4428242488018,894.5010446729138,899.0729148047976,4.57187013188377,1.25,0.014919855068572527,3
2023-03-29,2023-03-22,2023-04-06,0.32791726995363446,3.6472300158491557,740.9376925561371,740.5064290245064,741.5524658844806,1.046036859974265,1.0,0.004041519351380857,3
2023-03-29,2023-03-22,2023-04-06,0.6770490095900636,14.94660449788426,612.9545281622942,612.6013332665898,613.6000336389989,0.9987003724090755,1.75,0.00886348168840345,3
2023-03-29,2023-03-22,2023-04-06,0.5036924341588415,3.230999850668773,928.1987882583791,927.4046185328625,929.171957695391,1.7673391625285149,0.75,0.00567617408856691,3
2023-03-29,2023-03-22,2023-04-06,8.545567142064176,14.841568516866102,513.7831234593956,511.3191248900257,516.5534682506695,5.234343360643834,4.5,0.0342125300425363,3
2023-03-29,2023-03-22,2023-04-06,1.3001143624275373,3.3547958426347804,490.25372316966303,487.8562315595336,493.0873400666751,5.231108507141471,1.0,0.008143358557216544,3
2023-03-29,2023-03-22,2023-04-06,1.1419682398678448,3.3209904830356183,477.9217395921402,476.6099736057222,479.60667011141777,2.9966965056955814,1.0,0.008658741965973037,3
2023-03-29,2023-03-22,2023-04-06,0.48260907496182975,3.4854297148989235,544.2790174302382,543.5101164015941,545.25556923775,1.7454528361558914,0.75,0.005461531750398624,3
2023-04-11,2023-04-06,2023-04-17,0.48989335450992894,41.40589046363705,1260.5465888863766,1260.2688285796903,1261.0241341190413,0.7553055393509567,0.75,0.01198736208713432,4
2023-04-11,2023-04-06,2023-04-17,0.3856515803916949,23.016168346693078,1461.2545144704438,1461.0024140868336,1461.7658619056456,0.7634478188119829,1.25,0.0057353660878006,4
2023-04-11,2023-04-06,2023-04-17,0.434653731058677,21.389723151191614,1461.0040606280872,1460.7465763846412,1461.5100242048502,0.7634478202089667,1.5,0.008015089763592748,4
2023-04-11,2023-04-06,2023-04-17,0.18017192885398156,18.49801027578755,1459.9745940814364,1459.724321078509,1460.487826636061,0.76350555755198,0.75,0.0058535076325676345,4
2023-04-11,2023-04-06,2023-04-17,0.17634385515050183,41.75429998297425,1317.448047970937,1317.197804894764,1317.9613748760894,0.7635699813254178,0.75,0.00289596407219071,4
2023-04-11,2023-04-06,2023-04-17,0.2524029803064938,39.484721203246465,1266.1156303650516,1265.842361447867,1266.6887470423244,0.8463855944573879,0.75,0.011489622929870616,4
2023-04-11,2023-04-06,2023-04-17,1.004233873584711,23.45897395984576,877.8671648516053,877.523472385481,878.5430855853483,1.0196131998673081,2.0,0.0054904644023188775,4
2023-04-11,2023-04-06,2023-04-17,15.149133888371527,25.247995645068734,872.3504436171029,870.608025805559,875.7643314385787,5.156305633019656,5.5,0.016439475138679716,4
2023-04-11,2023-04-06,2023-04-17,1.920420289582474,24.084430330284583,875.8198517073307,874.1894194199704,876.7161880806088,2.5267686606384814,1.5,0.008236273193080974,4
2023-04-11,2023-04-06,2023-04-17,0.39966800257896967,22.0390351326864,871.6344580856095,871.3751212563366,872.1388763766736,0.7637551203370094,0.75,0.00793696339656134,4
2023-04-11,2023-04-06,2023-04-17,0.05961209206185455,25.25,869.8409379632212,869.8409379632212,870.0927103795111,0.2517724162898958,0.25,0.0007923645442939161,4
2023-04-11,2023-04-06,2023-04-17,0.46002565570856274,24.966754485643275,869.5525876802689,869.3289920846,870.0927103795111,0.7637182949110866,0.75,0.0020734570109084997,4
2023-04-11,2023-04-06,2023-04-17,0.5079702363409191,14.903493181425045,732.1457340636649,731.7822882458568,732.7924577388912,1.010169493034482,1.5,0.005043036498208729,4
2023-04-11,2023-04-06,2023-04-17,1.1724267226440355,3.2535006069221875,697.9340424316565,697.6764761842787,698.4416517233476,0.7651755390688777,0.75,0.022419311935268388,4
2023-04-11,2023-04-06,2023-04-17,0.4861768159868657,23.825064784515106,876.5176776602474,875.9802208854817,876.9993484360166,1.019127550534904,1.0,0.0033370647319583982,4
2023-04-21,2023-04-17,2023-04-25,1.109667223606141,23.077060188306234,1092.4951745018086,1091.387131714262,1093.9226842671633,2.5355525529012084,1.5,0.007031167627177324,4
2023-04-21,2023-04-17,2023-04-25,1.1949486464846237,14.0984440717795,1325.2496542790734,1324.2154168421403,1326.5294848526828,2.3140680105425417,1.75,0.00663689992444045,4
2023-04-21,2023-04-17,2023-04-25,0.19718412807958577,15.250634509259637,1322.1512142809938,1321.8949967515655,1322.6626112316735,0.7676144801080227,0.75,0.0031883892622346934,4
2023-04-21,2023-04-17,2023-04-25,0.18892460807698758,22.255880365708773,1164.5992607709443,1164.3483584797941,1165.1149046681821,0.7665461883880198,0.75,0.002263943316430926,4
2023-04-21,2023-04-17,2023-04-25,0.7130123074191205,2.7168093190556477,767.9889603014237,766.29351061536,774.4739844454452,8.180473830085248,0.75,0.003881859369039791,4
2023-04-21,2023-04-17,2023-04-25,5.254154778282315,13.161987500663225,518.5116488590261,516.8197833313607,520.3122411654331,3.492457834072411,4.25,0.012337265452334798,4
2023-04-21,2023-04-17,2023-04-25,0.7067906962970768,3.4832204949647974,512.5724149934175,511.5680518052541,513.8116517472081,2.2435999419540167,1.25,0.004246922187026526,4
2023-04-21,2023-04-17,2023-04-25,1.1724105462662888,9.740595086154881,375.446164896664,374.8142832056619,376.56457392545417,1.7502907197922468,2.5,0.007388675691033103,4
2023-04-21,2023-04-17,2023-04-25,0.5365137381188086,3.8859288691918583,376.1086944976098,375.3138252305798,377.06402642372996,1.750201193150133,1.0,0.007926841306293947,4
2023-04-21,2023-04-17,2023-04-25,0.6122984313410446,3.2030577186556317,191.8264688700695,166.6078325160779,217.39871907467023,50.79088655859232,0.75,0.010369729756940753,4
2023-04-21,2023-04-17,2023-04-25,5.894065594062704,3.5936980947428405,150.11684016157724,119.90188165195286,199.23140555620193,79.32952390424907,1.5,0.01471862224898772,4
2023-04-28,2023-04-25,2023-05-02,4.3511519842618425,2.2030604093097286,670.3967363826345,664.7358988863416,675.7810480338521,11.045149147510529,0.75,0.011519054089108987,4
2023-04-28,2023-04-25,2023-05-02,2.957751724410927,2.392379819972718,727.1087522778541,722.3581567695364,738.9496019426733,16.59144517313689,1.25,0.015841573996450753,4
2023-04-28,2023-04-25,2023-05-02,0.35946208776301175,15.013581078655662,742.5703458164426,742.142152545508,743.193272639066,1.0511200935579836,1.25,0.004637261389477542,4
2023-05-06,2023-05-02,2023-05-10,5.563801490473727,11.267839946944898,1199.9436324319963,1197.4981652833521,1201.569127886556,4.070962603203952,4.0,0.013302183345514687,5
2023-05-06,2023-05-02,2023-05-10,0.6574772290373525,23.37883298486058,1090.780233761201,1090.1182792466134,1091.8927523056045,1.7744730589911342,1.5,0.00530242350263871,5
2023-05-06,2023-05-02,2023-05-10,0.36526871499990565,2.481650763541293,731.0785715174239,730.5480192154646,731.7710458990186,1.2230266835540533,0.75,0.004267415386739034,5
2023-05-06,2023-05-02,2023-05-10,0.059268863315347343,3.0,721.0901094418709,720.8312634602189,721.6042583021335,0.772994841914624,0.25,0.004940487024290946,5
2023-05-06,2023-05-02,2023-05-10,0.45585089138785184,2.5079876210066203,615.9851261773804,615.2510281689465,616.9963394897059,1.745311320759356,0.75,0.0033180785437856544,5
2023-05-06,2023-05-02,2023-05-10,2.070387962857614,2.294878710845744,712.5412931395924,708.489189134445,718.610992543865,10.121803409419954,1.0,0.013088087817819519,5
2023-05-06,2023-05-02,2023-05-10,0.21563243716770747,2.484463696545452,134.54930827159703,133.99969207216054,135.3429395663552,1.3432474941946566,0.75,0.0031086144914185426,5
2023-05-06,2023-05-02,2023-05-10,4.045280914168216,2.520139554387546,602.0364976158897,597.6651441222057,606.3889230783097,8.72377895610407,1.75,0.021759539610072525,5
2023-05-06,2023-05-02,2023-05-10,0.8982095507591444,2.5851721793036697,722.3527536221922,716.34773920523,726.9549838323146,10.607244627084583,1.0,0.007955478042769486,5
2023-05-12,2023-05-10,2023-05-15,0.3977163257509945,50.16222199028149,1095.6729456784153,1095.2740563247353,1096.290031846147,1.0159755214117467,1.0,0.008462127490761528,5
2023-05-18,2023-05-15,2023-05-22,1.9728484963472253,2.3957377641875173,682.8662122358088,679.7744350899011,689.7181655028835,9.943730412982404,1.0,0.010629013589583352,5
2023-05-18,2023-05-15,2023-05-22,0.6194236536651528,2.2071119943087143,723.2780048905668,722.6412619859912,724.19143801881,1.5501760328188539,0.75,0.00867862035562529,5
2023-05-18,2023-05-15,2023-05-22,1.424191145159714,3.0170224765556246,462.4220462651715,460.57078697392717,464.3081815149635,3.7373945410363376,1.0,0.00840931197695064,5
2023-05-18,2023-05-15,2023-05-22,0.1029453350036533,2.6042966194444617,1015.0293478451888,1014.7195577211678,1015.4716128190048,0.7520550978370011,0.5,0.002275771727372795,5
2023-05-18,2023-05-15,2023-05-22,0.08217014524418036,2.933082567387762,1014.898586229572,1014.7195577211678,1015.4716128190048,0.7520550978370011,0.5,0.0023664118942881493,5
2023-05-18,2023-05-15,2023-05-22,0.9219345061478698,2.725787235556177,1010.8971283322446,1009.7169306329452,1012.4701691120863,2.753238479141146,0.75,0.006171638776881538,5
2023-05-27,2023-05-22,2023-06-02,0.715767515913685,2.492059799717877,630.3279761752457,629.7437302889302,631.2401637542062,1.4964334652759135,0.75,0.004045357341871421,5
2023-06-04,2023-06-02,2023-06-06,0.9807655372312891,2.4715592006535325,609.9587715327017,608.6190011277795,611.6088492302224,2.98984810244292,0.75,0.007487575697453627,6
2023-06-04,2023-06-02,2023-06-06,0.5729499274887621,8.991603502007765,172.45732775640886,171.91337536275387,173.371147159487,1.457771796733141,1.75,0.006804529692875345,6
2023-06-04,2023-06-02,2023-06-06,2.940113115413592,3.328810324549776,224.05873546685928,209.92139366921037,252.31386553682387,42.392471867613494,1.0,0.018372413582063634,6
2023-06-04,2023-06-02,2023-06-06,0.5594152088769537,2.983685110535055,518.4704776423125,517.5708271702752,519.5654012095183,1.9945740392431617,0.75,0.0041023864852714744,6
2023-06-04,2023-06-02,2023-06-06,1.0273908933453904,2.7536286800584198,523.3251571514872,521.5543017350137,525.2915924387053,3.737290703691542,0.75,0.005891695262778612,6
2023-06-04,2023-06-02,2023-06-06,0.25025863463695275,2.7430169519234404,554.8412154095982,554.4762993264012,555.4749555485323,0.9986562221311033,0.75,0.0011409912172458908,6
2023-06-09,2023-06-06,2023-06-12,0.754690902041062,2.5046806731148474,589.6507579714103,588.3770949728787,591.1183517384343,2.7412567655555904,0.75,0.0048399742552485935,6
2023-06-16,2023-06-12,2023-06-21,0.4004834934353327,20.001555568163905,1116.2450069258696,1115.8662522188388,1116.8872101628222,1.020957943983376,1.25,0.0025884518840929706,6
2023-07-01,2023-06-26,2023-07-06,1.4226535080703278,3.4210507098994816,160.1628792177185,119.90188165195286,182.1950323167257,62.29315066477284,1.25,0.0062854091206023185,7
2023-07-01,2023-06-26,2023-07-06,0.5369515703507367,2.9890621217724824,216.24386119398426,210.68278039246798,250.8492530058138,40.16647261334583,0.75,0.010104783669021629,7
2023-07-09,2023-07-06,2023-07-12,3.412675652705103,3.254089938437896,21.800728518640348,21.556085699237883,22.309402031823993,0.7533163325861096,0.75,0.2583518800113387,7
2023-07-09,2023-07-06,2023-07-12,1.5956304106977846,18.11619502183815,1469.5005445127008,1468.201987982262,1471.2198416278698,3.017853645607829,5.0,0.010291237599026812,7
2023-07-15,2023-07-12,2023-07-18,0.39473905398526243,4.119936925992006,507.46672509346746,506.83347032638267,508.3342707520351,1.5008004256524146,1.0,0.006312177040838256,7
2023-07-15,2023-07-12,2023-07-18,4.566633798581506,13.634555705482205,1282.680513156237,1281.6140623083338,1284.8944202973507,3.2803579890169203,2.75,0.014762834173656394,7
2023-07-28,2023-07-24,2023-08-01,0.39070137974522134,3.135600466553841,207.4513940381557,206.64465335663408,208.5532452990301,1.908591942396015,1.0,0.005315854593505005,7
2023-08-04,2023-08-01,2023-08-07,0.23660854131537978,21.499016715765478,1127.7554103406565,1127.4873893889599,1128.2532047121786,0.7658153232187033,0.75,0.007497256493848631,8
2023-08-04,2023-08-01,2023-08-07,0.7692957163652064,3.002611421082874,210.37581172636263,200.0031478605233,242.08173113316298,42.07858327263966,0.75,0.006897213130143508,8
2023-08-04,2023-08-01,2023-08-07,2.783511679570943,3.0886275889807897,147.03524884575484,119.90188165195286,185.864843652118,65.96296200016513,1.0,0.011475441498732461,8
2023-08-04,2023-08-01,2023-08-07,3.398831946395403,16.253521071333857,31.844676624316598,31.564536358695477,32.36748191807419,0.8029455593787134,0.75,0.02810340774125546,8
2023-08-04,2023-08-01,2023-08-07,0.714630763454136,7.8604517607148185,18.07931225105125,17.833445956464857,18.598093270789832,0.764647314324975,1.0,0.030250198789671532,8
2023-08-11,2023-08-07,2023-08-15,2.2331927563221265,3.1735229362856,607.9952014444237,607.6234809602611,608.6221809349954,0.9986999747343361,2.0,0.012907283950061441,8
2023-08-18,2023-08-15,2023-08-22,6.204917414924689,7.998316797335956,497.63007714881496,495.82685138331726,499.5915935477242,3.7647421644069254,3.75,0.011946492928376783,8
2023-08-18,2023-08-15,2023-08-22,0.3145322929864147,28.69574061018325,634.510100908314,634.1707084644586,635.1702938461676,0.9995853817090392,0.75,0.012765419928636881,8
2023-08-18,2023-08-15,2023-08-22,0.37106155769700766,29.000000000000004,634.8031272699719,634.6692504417151,635.1702938461676,0.5010434044525027,0.25,0.028772004068048397,8
2023-08-18,2023-08-15,2023-08-22,1.7771536650530981,23.65482255670207,1002.3148599800269,1001.4692885684781,1003.4713992597535,2.0021106912754476,3.0,0.013795874417011706,8
2023-08-18,2023-08-15,2023-08-22,0.6890616380591912,22.65607851764985,1176.9016844684202,1176.4876749007963,1177.5087606254965,1.0210857247002423,2.0,0.00584430939875997,8
2023-08-18,2023-08-15,2023-08-22,0.5651027477609425,13.11910312249074,1295.5832731309158,1295.2144385315478,1296.2257594889961,1.0113209574483335,2.5,0.0035498600606512338,8
2023-08-27,2023-08-22,2023-09-01,0.3223989850764966,16.856464525084586,746.1189463778634,745.6358001003973,746.9574176641181,1.3216175637207925,1.0,0.009625006719940914,8
2023-08-27,2023-08-22,2023-09-01,0.021427280317663795,2.25,663.236743953079,663.236743953079,663.4885163693689,0.2517724162898958,0.25,0.0027154654991307457,8
2023-08-27,2023-08-22,2023-09-01,0.25030370189946866,2.50339147164987,662.9044894250482,662.7354528205469,663.4885163693689,0.7530635488219559,0.75,0.009523811141251169,8
2023-08-27,2023-08-22,2023-09-01,0.6211417486339149,2.0253048269180978,640.1722811602468,639.3907856815495,641.1331842425279,1.7423985609784722,1.0,0.01878983725455278,8
2023-08-27,2023-08-22,2023-09-01,1.2830237360942591,4.706136422116218,181.8700685890944,155.31250915583223,210.04698402434587,54.734474868513644,1.75,0.010628583081852373,8
2023-08-27,2023-08-22,2023-09-01,0.3634718782079487,1.7214321832989592,649.8107849669149,649.4389608888887,650.4394693342037,1.000508445315063,0.75,0.012914353093347703,8
2023-09-03,2023-09-01,2023-09-05,0.8754863978148365,1.786327812060115,17.965850928665898,17.577073462307453,18.598093270789832,1.0210198084823787,0.75,0.02326738027583685,9
2023-09-03,2023-09-01,2023-09-05,7.6665015475793625,12.252718584899078,28.2482150891859,28.001436972990632,28.738993019796908,0.7375560468062758,0.75,0.015471996709322105,9
2023-09-03,2023-09-01,2023-09-05,8.18821175999447,18.74776499337762,27.082419298536113,26.843698393087834,27.57906341832131,0.7353650252334774,0.75,0.011692249506510403,9
2023-09-03,2023-09-01,2023-09-05,0.6053967829226018,23.289285428739532,1100.7423549499376,1100.3680688394234,1101.3840044690296,1.015935629606247,1.75,0.0048703789809897025,9
2023-09-09,2023-09-05,2023-09-14,0.2929427453464521,28.123984656070103,1320.166346000304,1319.7785817408003,1320.8037076895125,1.0251259487122297,1.0,0.004932182633332135,9
2023-09-09,2023-09-05,2023-09-14,4.036955492735655,34.80863851317552,1320.1756413215799,1319.7785817408003,1320.8037076895125,1.0251259487122297,5.75,0.021863514261544172,9
2023-09-09,2023-09-05,2023-09-14,0.2757887353073727,2.2337783084365457,660.3041792028916,659.8645305470563,661.1244439226575,1.2599133756011724,0.75,0.008008208205374451,9
2023-09-09,2023-09-05,2023-09-14,0.4315839958730624,2.1110189956381555,654.3255766801377,650.6849311934784,658.3789037442766,7.6939725507982075,1.0,0.00849975799332065,9
2023-09-09,2023-09-05,2023-09-14,1.9642539931447534,2.2232201629784876,619.662457727728,616.2465403261594,623.2181107448414,6.971570418681949,0.75,0.0070554125282491316,9
2023-09-23,2023-09-18,2023-09-29,0.2927621615808682,33.246361115225916,1196.2274882556428,1195.9298482979648,1196.6923718350008,0.7625235370360315,0.75,0.012688980889291818,9
2023-09-23,2023-09-18,2023-09-29,0.23665807753828483,1.967834285892103,614.083646246768,613.8427298273891,614.5924547491595,0.7497249217703938,0.75,0.008298890964618374,9
2023-09-23,2023-09-18,2023-09-29,8.270515407562389,16.768691243572288,602.6201169141879,599.9054718753323,604.8868340179324,4.981362142600119,6.25,0.0210458478329408,9
2023-09-23,2023-09-18,2023-09-29,0.6491066144560662,1.9599418157974433,598.6009458473512,597.9139884226024,599.659359917976,1.745371495373547,0.75,0.010530780917042114,9
2023-09-23,2023-09-18,2023-09-29,3.9253610199151945,10.517771950414891,523.1440963288659,520.5585173028521,525.5405567460693,4.982039443217218,3.0,0.00785841730794036,9
2023-09-23,2023-09-18,2023-09-29,2.8100941259983503,1.990181523847649,602.7220136024032,599.4075875016861,606.3889230783097,6.981335576623678,1.0,0.02814163382640537,9
2023-09-23,2023-09-18,2023-09-29,2.275680610433128,3.3039731689767757,185.32842939541246,171.91337536275387,221.3258575326763,49.41248216992244,1.0,0.013404132078252312,9
2023-09-23,2023-09-18,2023-09-29,0.33086338488285066,3.4643493628041373,159.87452279055327,159.2507916642353,160.70155031979084,1.4507586555555463,0.75,0.006948746031052186,9
2023-09-23,2023-09-18,2023-09-29,2.1358628274051945,7.004132674667281,20.229841289384318,20.12127267755568,20.589970399159938,0.4686977216042578,0.75,0.006744101508043766,9
2023-09-23,2023-09-18,2023-09-29,0.4062391997010319,6.998012881793969,20.555169028695673,20.555169028695673,20.80694144498557,0.2517724162898958,0.75,0.012785255173723501,9
2023-09-23,2023-09-18,2023-09-29,0.5109254780202258,0.5009415431982643,102.45525373843579,101.88547152839601,103.13003460457548,1.2445630761794746,0.75,0.022227761318966595,9
2023-09-23,2023-09-18,2023-09-29,24.305040546491803,16.629046736967595,521.8115684905251,518.5667357887141,527.5540281040594,8.987292315345258,7.0,0.03141672467257216,9
2023-10-01,2023-09-29,2023-10-03,14.507214746969497,10.508987384665312,27.09021128223802,26.843698393087834,27.57906341832131,0.7353650252334774,1.75,0.017137079620382762,10
2023-10-01,2023-09-29,2023-10-03,15.712002407710314,12.63585575086841,28.24700922578784,28.001436972990632,28.738993019796908,0.7375560468062758,1.5,0.0209314340724369,10
2023-10-01,2023-09-29,2023-10-03,4.953629214245147,13.497466871393192,23.13158445022882,22.88057799357921,23.62947475677356,0.7488967631943524,0.75,0.014301782903985287,10
2023-10-01,2023-09-29,2023-10-03,0.27332212094498054,2.477069769305595,394.8473381838414,394.24762697098777,395.71032055234537,1.4626935813575983,0.75,0.0026313495408792145,10
2023-10-01,2023-09-29,2023-10-03,0.1848601830177157,19.25381042724386,522.7966847430786,522.5501814312302,523.2998825442046,0.7497011129744351,0.75,0.0026086390856633604,10
2023-10-10,2023-10-03,2023-10-18,0.3212917529327577,3.503353427450677,973.9725450565666,973.4862369117327,974.7381869913079,1.251950079575181,0.75,0.002844783127765801,10
2023-10-10,2023-10-03,2023-10-18,0.7014213348041746,3.5079959046050626,969.6230548300546,967.4857621546835,971.4876186707988,4.001856516115367,0.75,0.0035686044985676377,10
2023-10-10,2023-10-03,2023-10-18,0.2066478755492985,2.9848556542769153,1013.6989859821632,1013.4690797980875,1014.2211212660186,0.7520414679311216,0.75,0.005888661543266948,10
2023-10-10,2023-10-03,2023-10-18,0.7000344464490414,17.880426979611578,959.8400239430727,959.486540032085,960.4885945133865,1.0020544813014567,2.0,0.0059938184496294445,10
2023-10-22,2023-10-18,2023-10-26,0.8200762614946522,4.436772585454587,1016.1504438320476,1015.4713301761076,1016.9699556687847,1.4986254926770926,1.25,0.010248407238383701,10
2023-10-22,2023-10-18,2023-10-26,7.057400059437263,3.714987481703543,1026.6552658321875,1021.4734727460891,1033.4948788937181,12.021406147629023,2.0,0.02019100391971744,10
2023-10-22,2023-10-18,2023-10-26,0.8909853189323301,2.4803860651702876,654.0285045335386,652.6435375018045,655.6409931075759,2.9974556057713926,0.75,0.004962654420735042,10
2023-10-22,2023-10-18,2023-10-26,2.4224612855197662,2.3980740245598695,663.5319597693037,660.121625166852,670.9378834692761,10.816258302424103,1.0,0.008668343507676826,10
2023-10-22,2023-10-18,2023-10-26,0.2407524005719911,5.709719756303464,697.9282781571876,697.6764761842787,698.4416517233476,0.7651755390688777,0.75,0.0047846057086627005,10
2023-10-22,2023-10-18,2023-10-26,0.8488074596088857,3.7389907820456227,963.8678471938265,962.4880847083405,965.4912111447193,3.003126436378807,0.75,0.00523835429163793,10
2023-10-22,2023-10-18,2023-10-26,0.5844387434457985,3.7421861865846378,972.3482420239795,971.4858914129436,973.4879650194198,2.0020736064761877,0.75,0.0036280065930774483,10
2023-10-22,2023-10-18,2023-10-26,0.321831301220867,3.4992752370355773,993.3826251939414,992.4743471238762,995.7265723249875,3.252225201111287,0.75,0.0032511120814101547,10
2023-10-22,2023-10-18,2023-10-26,0.4676001659095401,3.504536922794037,1040.2693349956478,1039.5155885023996,1041.2720100115985,1.7564215091988444,0.75,0.0036183752722441197,10
2023-10-29,2023-10-26,2023-11-01,8.692333466123086,2.5746876454240755,623.5634946290768,616.4955537132919,633.7984167481773,17.302863034885377,1.25,0.01600650253990695,10
2023-10-29,2023-10-26,2023-11-01,13.318770892632138,2.924090525262363,782.5576495070972,766.29351061536,804.0812373682857,37.787726752925664,1.5,0.0175954962577743,10
2023-10-29,2023-10-26,2023-11-01,0.5277382734921285,3.245640429752026,734.170940742809,732.9769307286479,735.9576925872825,2.9807618586346507,0.75,0.0054204539032529754,10
2023-10-29,2023-10-26,2023-11-01,2.0388072045358108,2.7906746993449354,720.3417850818962,714.8132156240754,728.6042317817919,13.791016157716513,1.5,0.015712825922978305,10
2023-10-29,2023-10-26,2023-11-01,0.9400237877703621,2.7173239311660917,613.2703691695333,611.8547262107022,614.664321588818,2.809595378115773,0.75,0.005772864342886806,10
2023-10-29,2023-10-26,2023-11-01,2.9511311169521677,2.783171760238848,420.26030160549027,416.2767351879738,423.7875848892145,7.510849701240659,1.0,0.010245829819549862,10
2023-10-29,2023-10-26,2023-11-01,3.6991810179687508,3.003405031475542,444.02959764995745,439.4313154956326,449.2774142283015,9.846098732668906,1.0,0.012098095428604747,10
2023-10-29,2023-10-26,2023-11-01,3.249476835409096,2.695616290988539,394.03932995409167,390.6305670682341,397.2688017077744,6.638234639540315,1.25,0.010611401227552117,10
2023-10-29,2023-10-26,2023-11-01,0.4395896663369363,2.970287894150005,384.1465307445188,383.22757067298517,385.3174938033335,2.0899231303483248,0.75,0.004034460056310664,10
2023-10-29,2023-10-26,2023-11-01,0.6787779307727264,2.959014620930728,378.5603749589737,377.81079404149204,379.5619642441161,1.7511702026240528,0.75,0.005753899961478213,10
2023-10-29,2023-10-26,2023-11-01,18.075312911177974,2.880415432547587,702.1737664647371,696.9076488041319,716.6160427699797,19.70839396584779,2.0,0.06754519607548407,10
2023-10-29,2023-10-26,2023-11-01,2.7832894904135674,2.6225831926645866,600.4718504542548,596.9182593151927,603.8912220061757,6.972962690982968,1.25,0.01635361745307213,10
2023-10-29,2023-10-26,2023-11-01,0.6640010300020479,2.7946614756381187,399.91331398464183,399.2591984188184,400.75767168728635,1.498473268467933,1.0,0.007536465055792008,10
2023-11-05,2023-11-01,2023-11-09,0.29136388052389817,32.33932483100036,1249.407922784121,1249.195706512779,1249.9510951219127,0.7553886091336608,0.5,0.008336859120299833,11
2023-11-05,2023-11-01,2023-11-09,1.8910046481545566,12.927112455750622,1249.269215802765,1248.943898417987,1249.9510951219127,1.0071967039257288,3.5,0.012102141638520752,11
2023-11-05,2023-11-01,2023-11-09,9.457399028235997,30.42301983173197,1249.7150285752846,1248.1884928774089,1251.2099066982046,3.021413820795715,5.75,0.025434965129036844,11
2023-11-05,2023-11-01,2023-11-09,0.7939231499801229,2.674356610054144,721.1386258884037,719.7850000406615,722.8706355853938,3.085635544732213,1.0,0.012235082238262217,11
2023-11-05,2023-11-01,2023-11-09,4.483446241003097,2.441984549883391,712.202278280072,705.8991939644329,718.610992543865,12.71179857943207,1.25,0.015192225773481706,11
2023-11-05,2023-11-01,2023-11-09,0.6684665285204697,2.338807044632332,659.4575662855635,657.8771195732988,661.7387767648324,3.8616571915335953,1.0,0.007921190306121501,11
2023-11-05,2023-11-01,2023-11-09,0.25552678361850656,2.244622869919479,624.2983753371263,623.9266232606024,624.9255807236768,0.9989574630744755,0.75,0.0031282820823506693,11
2023-11-05,2023-11-01,2023-11-09,0.81559653783471,2.2186404293546707,630.9696000706624,629.7437302889302,632.4846992320381,2.740968943107873,0.75,0.0043934462905020075,11
2023-11-05,2023-11-01,2023-11-09,1.3529666798275288,2.205295117848861,614.4258111019573,612.8503092792816,616.2498405147344,3.3995312354527414,0.75,0.009908080090902837,11
2023-11-05,2023-11-01,2023-11-09,1.3470765270915308,2.1664959737625806,609.3772977639021,608.3704085187055,610.6133269588463,2.242918440140784,1.25,0.014203824105643277,11
2023-11-05,2023-11-01,2023-11-09,9.145116888277071,2.4711726229560096,599.3204290738241,589.1239622696303,606.8795910789631,17.755628809332848,2.0,0.03517240658701463,11
2023-11-05,2023-11-01,2023-11-09,1.642681388081624,2.284503754845653,638.8713786669987,637.1578539405018,641.1331842425279,3.975330302026123,1.0,0.011330622074562112,11
2023-11-12,2023-11-09,2023-11-16,5.51173312943496,5.133065732249773,606.9998940761342,606.6278186626732,607.6265185805969,0.9986999179236591,1.0,0.021507211431750068,11
2023-11-12,2023-11-09,2023-11-16,0.7993218429595231,3.486956002531515,521.975222432313,520.5585173028521,523.548846851103,2.990329548250884,0.75,0.005825422396191913,11
2023-11-12,2023-11-09,2023-11-16,1.3035863040481752,4.030659132664271,610.1142579480922,609.8636027332395,610.6133269588463,0.7497242256067693,0.75,0.012142209809038079,11
2023-11-12,2023-11-09,2023-11-16,0.5311869891073633,3.3570637235146954,779.2025141019909,777.0185004053637,784.4615717977285,7.4430713923648,1.0,0.0096950003363507,11
2023-11-12,2023-11-09,2023-11-16,0.29830360952030477,10.12692962695848,405.03289174565515,404.58217428065836,405.93728555645794,1.3551112757995725,1.0,0.003126176439962762,11
2023-11-12,2023-11-09,2023-11-16,0.3613880208614213,2.7449019446650125,888.7485987121827,888.0830798968673,889.6678234189749,1.5847435221076012,0.75,0.003496126083451321,11
2023-11-12,2023-11-09,2023-11-16,0.23041833880226828,3.2064443254642505,161.49900905706198,161.09621742833406,162.14316051313654,1.0469430848024786,0.75,0.006417481670441775,11
2023-11-12,2023-11-09,2023-11-16,0.4791117043271467,2.7438248030497827,891.9711417047571,891.2063620933332,892.9787763953209,1.7724143019877374,0.75,0.004715427618335893,11
2023-11-12,2023-11-09,2023-11-16,0.28029520978654543,2.9862212765250327,824.0822724550173,823.5422612330876,824.8569305175915,1.314669284503907,0.75,0.0032340620056201448,11
2023-11-12,2023-11-09,2023-11-16,0.39716928723350065,2.9885470983790263,290.52388014781747,279.70880413474515,302.1451028464362,22.43629871169105,0.75,0.006582832280300895,11
2023-11-21,2023-11-16,2023-11-27,0.25341730842862176,3.255915726082571,1250.3190411069315,1249.9510297845118,1250.9582046582364,1.0071748737245798,0.75,0.0033374342745422893,11
2023-11-21,2023-11-16,2023-11-27,0.24106277301817247,3.748282635986978,1171.8577829915962,1171.469013594091,1172.4917222736403,1.022708679549396,0.75,0.0024483994654622824,11
2023-11-21,2023-11-16,2023-11-27,2.053957043198119,2.7744220674067326,733.9226298364881,732.0111752944067,736.2224935237318,4.211318229325116,1.5,0.014090741261196589,11
2023-11-21,2023-11-16,2023-11-27,0.39660726825723747,2.7603139257557956,723.0064952823744,719.7850000406615,728.9453417644836,9.160341723822057,0.75,0.010763207257578823,11
2023-11-21,2023-11-16,2023-11-27,0.585922690067411,3.014280140431058,723.8231030768329,717.6925297467969,726.9549838323146,9.262454085517675,0.75,0.012353112638876482,11
2023-11-21,2023-11-16,2023-11-27,1.068457303337123,2.813079389831028,718.919335628787,715.5657142126001,726.2705903435126,10.704876130912453,1.0,0.016313145974658678,11
2023-11-21,2023-11-16,2023-11-27,0.3794504257784747,2.078719681139501,698.1841876372981,697.6764761842787,698.9542086054571,1.2777324211783707,1.0,0.007656817290585011,11
2023-11-21,2023-11-16,2023-11-27,0.2991535302545953,1.9574075994984812,695.3599356670235,695.0954899098724,695.8564277254045,0.7609378155320883,0.75,0.004491431819716202,11
2023-11-21,2023-11-16,2023-11-27,3.596972998486202,1.7347872051265365,687.7628263555448,680.0272584329359,699.9302597423084,19.903001309372485,0.75,0.012439434597527282,11
2023-11-21,2023-11-16,2023-11-27,1.8941727004687323,2.349853976340535,661.8483030576363,660.121625166852,663.7391619253904,3.6175367585383356,1.0,0.013251374991931023,11
2023-11-21,2023-11-16,2023-11-27,0.7278003491192199,1.9741188985844205,650.2746545894859,649.4389608888887,651.4358627055772,1.996901816688478,0.75,0.010585763976313339,11
2023-11-21,2023-11-16,2023-11-27,0.559138259219035,1.968536877283304,642.5379520213746,642.0121195302345,643.280621342361,1.2685018121264875,0.75,0.004869409635150993,11
2023-11-21,2023-11-16,2023-11-27,3.175464494111333,3.0097225933284926,631.6353044226562,629.7437302889302,634.2968810824677,4.5531507935374975,2.25,0.01304985047756553,11
2023-11-21,2023-11-16,2023-11-27,0.8092399766975349,2.7660734216971865,563.164142760679,562.4390008253977,564.1846796604805,1.7456788350827992,1.0,0.004164879043776009,11
2023-11-21,2023-11-16,2023-11-27,0.723231309194599,3.010325503238009,511.7135536306283,510.5722335530445,513.0646360516548,2.4924024986103177,0.75,0.003229670639179084,11
2023-11-21,2023-11-16,2023-11-27,0.47487361924373905,2.7305347014841286,377.5619877500633,376.81225400744006,378.5621030582115,1.749849050771445,0.75,0.004603085265944997,11
2023-11-21,2023-11-16,2023-11-27,0.5018604121717082,3.231415582801418,301.6803037442591,291.4617622345686,310.633023455739,19.171261221170425,0.75,0.0056561883064632475,11
2023-11-21,2023-11-16,2023-11-27,2.731991615911749,3.92346354823946,1027.1048510012101,1024.7270524920896,1029.988103986252,5.26105149416253,1.5,0.011915727101379841,11
2023-11-21,2023-11-16,2023-11-27,1.0965641688020618,4.947013876061518,1021.647346713583,1020.7226389725693,1022.4760738248006,1.753434852231294,1.75,0.009518128251617169,11
2023-11-21,2023-11-16,2023-11-27,0.5664614376054509,4.2399089724086,1012.2348925765353,1011.4679921967909,1013.2205783398822,1.752586143091321,1.25,0.005625959441723356,11
2023-11-21,2023-11-16,2023-11-27,14.774039565996597,2.36652359503957,712.8325373278135,703.0387834822759,728.9453417644836,25.906558282207698,1.75,0.029889502717585687,11
2023-12-02,2023-11-27,2023-12-08,3.137767994968537,2.5462136692841937,771.3759603876292,766.29351061536,777.4700357294641,11.176525114104152,1.0,0.010322928220408822,12
2023-12-02,2023-11-27,2023-12-08,0.9442426122639237,2.6909946694756255,761.6869915582733,760.2995026223361,763.3011138238944,3.001611201558262,1.0,0.005423505912308766,12
2023-12-02,2023-11-27,2023-12-08,0.44560658648453627,3.1464534147400514,512.310294459453,511.5680518052541,513.3135998579673,1.745548052713275,1.0,0.0031771890267891724,12
2023-12-02,2023-11-27,2023-12-08,0.6413083415201112,2.982689374767083,499.1176993646349,498.09507995005697,500.33862371137366,2.243543761316687,0.75,0.004466010760268253,12
2023-12-02,2023-11-27,2023-12-08,2.430457199802509,3.1336167661628074,465.2915861117749,462.5625133304857,468.60531196091324,6.042798630427569,1.0,0.011345798644485821,12
2023-12-02,2023-11-27,2023-12-08,0.19726847183904284,2.9478650166747715,176.69621103488035,176.08387073408812,177.47399830585346,1.3901275717653334,0.75,0.002279894847166666,12
2023-12-02,2023-11-27,2023-12-08,0.8741520040085,2.861393431769119,441.7560734627376,440.6762355156243,443.168757872656,2.492522357031703,1.0,0.005334612162376166,12
2023-12-02,2023-11-27,2023-12-08,0.8407123469941249,2.3094391819597995,419.1922565948084,417.06179263675585,422.04460034146905,4.982807704713196,1.0,0.006092827724352058,12
2023-12-02,2023-11-27,2023-12-08,1.1647612596576735,2.4640921641334934,394.8607961370371,392.8751647840254,397.0196127030067,4.144447918981314,0.75,0.007896735778736242,12
2023-12-02,2023-11-27,2023-12-08,0.019996080017263884,3.25,176.08387073408812,176.08387073408812,176.33564315037802,0.2517724162898958,0.25,0.0012517925583034547,12
2023-12-02,2023-11-27,2023-12-08,1.9610210464902784,3.0750157957892132,453.9419920331741,451.51555956248194,456.51005016826093,4.994490605778992,1.0,0.009958956913036308,12
2023-12-10,2023-12-08,2023-12-13,0.2476463069886329,3.9943913337757495,1097.6985244625037,1097.3126554260962,1098.3286536931992,1.0159982671029866,0.75,0.003497107622319448,12
2023-12-10,2023-12-08,2023-12-13,0.27510460670920894,4.2492976504609,1095.6615207065781,1095.2740563247353,1096.290031846147,1.0159755214117467,0.75,0.003205742053428132,12
2023-12-10,2023-12-08,2023-12-13,6.888964249996219,2.3865735371600416,658.9610376918007,653.6414067517035,664.2380960127339,10.596689261030406,1.25,0.023612653103634612,12
2023-12-10,2023-12-08,2023-12-13,0.2713707588325257,2.2185501648433466,650.9389990242084,650.6849311934784,651.4358627055772,0.7509315120987594,0.75,0.006390981527890358,12
2023-12-10,2023-12-08,2023-12-13,0.06303688929754193,2.240088018851911,640.881411826238,640.881411826238,641.1331842425279,0.2517724162898958,0.75,0.0031291508356966822,12
2023-12-10,2023-12-08,2023-12-13,3.8817744939226078,7.982245057025356,264.9054245408792,259.04297853447497,288.8971179239452,29.85413938947022,2.5,0.011987832925654912,12
2023-12-10,2023-12-08,2023-12-13,0.2648096326071151,3.876076417469689,1127.7424909656554,1127.4873893889599,1128.2532047121786,0.7658153232187033,1.0,0.0036984778479665394,12
2023-12-10,2023-12-08,2023-12-13,0.5331716481218725,4.17129719153996,1115.9144729031202,1115.0612865877338,1116.8872101628222,1.8259235750883818,1.0,0.006429956546424118,12
2023-12-10,2023-12-08,2023-12-13,0.26929382522744627,3.7541621585234934,1113.0599021893204,1112.705428911373,1113.723902164027,1.0184732526540756,0.75,0.004635762584784502,12
2023-12-10,2023-12-08,2023-12-13,0.6227992923365595,3.948792219706045,1022.261416769409,1021.4734727460891,1023.4771796637215,2.003706917632371,1.25,0.005551692168502658,12
2023-12-10,2023-12-08,2023-12-13,0.5029923180122434,4.1227749648301595,1010.9392409339325,1010.4674438224174,1011.7197646130808,1.2523207906633615,1.0,0.004967117538464599,12
2023-12-10,2023-12-08,2023-12-13,0.5815189387340844,2.476797075335409,615.2081069630951,614.4125491725281,616.2498405147344,1.8372913422062993,0.75,0.005958195107297549,12
2023-12-10,2023-12-08,2023-12-13,0.18618142171530097,4.505770839221457,1125.6620376243186,1125.4038366549648,1126.1691969688982,0.7653603139333427,0.75,0.0033625097085025124,12
2023-12-17,2023-12-13,2023-12-21,0.6083249590671576,2.850021935542615,697.6309441419025,697.4202004056424,698.185373254586,0.7651728489436209,0.5,0.00910925564445121,12
2023-12-17,2023-12-13,2023-12-21,8.27391723056509,29.039251823424582,1213.2138020136777,1211.451603563968,1215.70943997195,4.257836407981813,6.5,0.033186784877292735,12
2023-12-17,2023-12-13,2023-12-21,0.8328046160001877,2.992824748867628,723.1567369648221,719.7850000406615,728.9453417644836,9.160341723822057,0.75,0.016038376994655566,12
2023-12-17,2023-12-13,2023-12-21,1.9270132020754414,3.411406473132919,698.3096636396377,697.9336008382961,698.9542086054571,1.020607767160982,1.0,0.029421459214506184,12
2023-12-17,2023-12-13,2023-12-21,0.25112183636620267,3.4101439369330357,697.6785275707492,697.4202004056424,698.185373254586,0.7651728489436209,0.75,0.011647109973680642,12
2023-12-17,2023-12-13,2023-12-21,0.17647049667589565,4.5021350731599625,1011.719226367955,1011.4679921967909,1012.2200342784636,0.7520420816726983,0.75,0.002930926177158029,12
2023-12-17,2023-12-13,2023-12-21,1.2842070664508216,3.196522451846364,1090.873711037109,1089.103227159474,1092.6538880262524,3.550660866778344,1.0,0.006839077703805131,12
2023-12-17,2023-12-13,2023-12-21,0.4199043993675823,2.497707974638347,1013.3661130624514,1012.4685365734622,1014.4712557927705,2.0027192193083465,0.75,0.00396054544301774,12
2023-12-17,2023-12-13,2023-12-21,0.2260875385265617,2.723816341331344,1121.5113497152454,1121.2473407327197,1122.0118327513337,0.7644920186139643,0.75,0.0023555858910532185,12
2023-12-17,2023-12-13,2023-12-21,0.4569390517710567,2.7456403675871677,1030.2558251531996,1029.4858451373875,1031.2405296019278,1.7546844645403326,0.75,0.0019286270350780776,12
2023-12-24,2023-12-21,2023-12-28,0.11762007911642208,31.626503138858435,698.1919625382213,697.9336008382961,698.697930204682,0.7643293663859367,0.5,0.0036248643087076994,12
2023-12-24,2023-12-21,2023-12-28,0.1250636676609288,3.7370974447036938,1099.477404352428,1099.3496276577935,1099.8561286120676,0.5065009542740881,0.75,0.005455890598442246,12
2023-12-24,2023-12-21,2023-12-28,0.6538180946252032,13.054281509622287,742.5160071367374,742.142152545508,743.193272639066,1.0511200935579836,2.25,0.0037056818180204007,12
2023-12-24,2023-12-21,2023-12-28,18.971335126127492,3.1396920095802816,745.7547829470337,730.5480192154646,764.4899352467619,33.941916031297296,3.0,0.02764639236432162,12
2023-12-24,2023-12-21,2023-12-28,0.4536088580207902,27.152324367400166,726.6990283286283,726.3217069688253,727.3618686194532,1.0401616506278515,1.5,0.004990399659175077,12
2023-12-24,2023-12-21,2023-12-28,0.22503129029712152,18.415558322802315,724.7035770535286,724.4708026824519,725.2481786767021,0.7773759942501783,1.0,0.003418486499671282,12
2023-12-24,2023-12-21,2023-12-28,0.10168496228770608,16.693483342061253,724.3588843569348,724.2080009132624,724.7225750987418,0.5145741854794323,0.75,0.003488855755179667,12
2023-12-24,2023-12-21,2023-12-28,0.3630819456782198,26.1117173868385,723.4117796558075,723.1512133427896,723.9286206117831,0.7774072689935565,1.5,0.007782919476673811,12
2023-12-24,2023-12-21,2023-12-28,1.4613183868692792,18.214856584522636,722.959975399438,722.0974503732286,724.4597733295523,2.3623229563236237,2.5,0.006883413903581332,12
2023-12-24,2023-12-21,2023-12-28,0.2335203008571679,16.372384921167583,721.4718892119423,721.0918746441603,722.088516344782,0.9966417006216943,1.25,0.002788770695434118,12
2023-12-24,2023-12-21,2023-12-28,0.527288922672155,27.988549856151753,723.0117851670335,717.6925297467969,726.9549838323146,9.262454085517675,1.25,0.007046751256698517,12
2023-12-24,2023-12-21,2023-12-28,18.530737111263317,10.320567962560526,723.5891766103969,717.9531375858933,735.2068231878802,17.253685601986945,8.75,0.01861076292112134,12
2023-12-24,2023-12-21,2023-12-28,0.17994269006894958,22.743733942210323,712.8846128951383,712.6317086596973,713.4003029689193,0.7685943092219532,0.75,0.004907197240204535,12
2023-12-24,2023-12-21,2023-12-28,0.18449246940372432,4.251121422374338,710.8243467262506,710.5604232619517,711.3290374903008,0.768614228349179,0.75,0.003588258958545007,12
2023-12-24,2023-12-21,2023-12-28,10.039708721186544,3.2178356359412197,719.5784978111656,711.3375815316103,728.9453417644836,17.60776023287326,3.5,0.025061490762121223,12
2023-12-24,2023-12-21,2023-12-28,0.40996813801559745,7.3909269368752915,705.62619023194,705.1240556319244,706.4112708782777,1.2872152463532984,1.5,0.0024825615201147307,12
2023-12-24,2023-12-21,2023-12-28,0.1846773962434892,31.00045355597084,698.1903246047248,697.9336008382961,698.697930204682,0.7643293663859367,0.75,0.004819157940256516,12
2023-12-24,2023-12-21,2023-12-28,0.2756806619976802,14.125616204157275,746.8042231378066,746.4062422015704,747.4574661278166,1.0512239262461662,1.0,0.004011561547064175,12
2023-12-24,2023-12-21,2023-12-28,0.23769198096577926,27.108119285575636,718.2350606863863,717.9531375858933,718.7261257697828,0.772988183889538,1.0,0.007300305772402795,12
2023-12-24,2023-12-21,2023-12-28,0.48324549268710654,13.255001760339338,747.950376527115,747.4795422307216,748.5307140499353,1.0511718192137778,1.75,0.004814427982767778,12
2023-12-24,2023-12-21,2023-12-28,2.8335209828461885,10.4856132255644,751.3852763669175,749.6263920310885,753.1917041544802,3.5653121233917773,4.0,0.011489957769216934,12
2023-12-24,2023-12-21,2023-12-28,0.11825744098825997,13.754396957843811,696.5238682587586,696.3949538581073,696.9030040134676,0.5080501553602517,0.75,0.0019551142811560724,12
2023-12-24,2023-12-21,2023-12-28,4.54918804725505,4.272183106055258,1086.2647368869416,1083.4574742033146,1089.1015182738192,5.644044070504606,2.25,0.021243748203793208,12
2023-12-24,2023-12-21,2023-12-28,0.660348126957202,4.6537581386136235,1029.4687878536652,1028.7343884278089,1030.4890768537298,1.7546884259209037,1.0,0.004422214336525122,12
2023-12-24,2023-12-21,2023-12-28,0.06425106177509995,4.493740326025196,1026.4799986425787,1026.4799986425787,1026.7317710588686,0.2517724162898958,0.75,0.0017253314831896602,12
2023-12-24,2023-12-21,2023-12-28,0.40073923126717914,3.0498904454276867,784.462966545919,780.2603513435461,787.9325073724613,7.672156028915197,1.0,0.004796920668374604,12
2023-12-24,2023-12-21,2023-12-28,0.3567099005374429,19.24585918393275,773.0748809509042,772.7125164088793,773.7699933527038,1.0574769438244402,1.25,0.004733856913338116,12
2023-12-24,2023-12-21,2023-12-28,0.7497561626817801,11.806880747577434,772.712205624009,767.6437421711162,777.4700357294641,9.82629355834797,2.75,0.006798616073607748,12
2023-12-24,2023-12-21,2023-12-28,0.3192142528397417,2.739325142813537,771.228289443795,767.6437421711162,776.7340479958802,9.090305824764073,0.75,0.0045189589905147275,12
2023-12-24,2023-12-21,2023-12-28,1.2506896747029168,7.088892015575919,751.191366243794,747.7460086890496,758.5898153367452,10.843806647695601,3.25,0.006923827230623714,12
2023-12-24,2023-12-21,2023-12-28,0.3657265631389288,14.267568318081741,767.2422099862372,766.29351061536,768.4323102952912,2.138799679931253,3.75,0.00580313306945364,12
2023-12-24,2023-12-21,2023-12-28,2.6210105236404755,12.801183188720875,771.1946818901095,766.29351061536,777.4700357294641,11.176525114104152,6.25,0.008533416382065612,12
2023-12-24,2023-12-21,2023-12-28,0.1838940693133073,3.5003993541877167,763.3213231225848,763.0493414076045,763.8381051230244,0.7887637154199183,0.75,0.0056456258602488076,12
2023-12-24,2023-12-21,2023-12-28,0.603561739666473,8.865835662824244,762.4426666069259,762.0444207442924,763.1007777214982,1.0563569772057235,2.0,0.002996230635831359,12
2023-12-24,2023-12-21,2023-12-28,7.4385237646944,11.47768124285583,761.4203777504936,757.3319946215488,767.4856803147122,10.153685693163425,6.75,0.014402381024233564,12
2023-12-24,2023-12-21,2023-12-28,0.3887373031257439,9.997925764704757,761.2535916394397,754.3420875598677,764.1237265118398,9.781638951972127,1.25,0.003638168310690448,12
2023-12-24,2023-12-21,2023-12-28,0.9752928861046035,7.674952772966317,757.2094526988178,752.4037260012701,764.4899352467619,12.086209245491773,1.25,0.004912357236461583,12
2023-12-24,2023-12-21,2023-12-28,0.08095911992182594,12.414921510744216,751.6738155347792,751.5892842025496,752.1081440406851,0.5188598381355405,0.5,0.005408353728443892,12
2023-12-24,2023-12-21,2023-12-28,0.1738440697722635,6.000169718645409,751.8565148279379,751.5892842025496,752.37523141969,0.7859472171403468,0.75,0.0023495069624444773,12
2023-12-24,2023-12-21,2023-12-28,0.8700221810640969,9.241363232571226,767.3742587203765,766.29351061536,774.4739844454452,8.180473830085248,2.25,0.00749099162154127,12
2023-12-24,2023-12-21,2023-12-28,0.21119834725821798,5.9433052391901375,695.3986842156164,695.1718978406861,695.9351141005754,0.7632162598893046,1.0,0.003033732642618924,12
2023-12-24,2023-12-21,2023-12-28,0.19370872458822408,28.761378801314432,637.409229688912,637.1578539405018,637.9081709929742,0.7503170524723828,0.75,0.005876931848967096,12
2023-12-24,2023-12-21,2023-12-28,0.8331989545472018,7.659606333147873,674.8075201022829,673.9657814847305,675.7810480338521,1.8152665491215885,1.75,0.004496263542104311,12
2023-12-24,2023-12-21,2023-12-28,0.8955622896880642,2.898238587181276,537.049959225166,535.7736380738206,538.5332636460662,2.759625572245568,1.0,0.00856956402466247,12
2023-12-24,2023-12-21,2023-12-28,0.25189433708248415,3.3028273558529286,531.1019870304939,530.5426501985639,532.0393696730025,1.496719474438578,0.75,0.0049336767483984766,12
2023-12-24,2023-12-21,2023-12-28,1.6662002677476162,3.1536485707475164,509.57805110318765,506.3143098996952,512.5667155571282,6.252405657432973,1.0,0.004439127475215517,12
2023-12-24,2023-12-21,2023-12-28,0.0932988007597141,3.2500000000000004,489.3514488354481,489.10104685323313,489.85079933330417,0.749752480071038,0.25,0.0009519433374727535,12
2023-12-24,2023-12-21,2023-12-28,0.9274966623685461,3.6462143200386388,487.0753046342277,484.83208196936175,489.85079933330417,5.0187173639424145,0.75,0.007524507914597248,12
2023-12-24,2023-12-21,2023-12-28,0.4567724413745769,3.25,486.8460643134992,484.83208196936175,488.85489317495376,4.0228112055920064,0.25,0.0025404830994756275,12
2023-12-24,2023-12-21,2023-12-28,1.0159419833163357,4.356491780995053,359.6761741186701,357.3947319104336,363.25844760704786,5.863715696614236,1.0,0.008055330512372602,12
2023-12-24,2023-12-21,2023-12-28,0.05979015810327558,13.754060919583791,688.8119097286835,688.8119097286835,689.0636821449734,0.2517724162898958,0.75,0.0013868384487108242,12
2023-12-24,2023-12-21,2023-12-28,1.1102088490166844,5.359276652183784,1115.827491956714,1114.496894880198,1117.655821973458,3.15892709325999,1.5,0.005890570221333492,12
2023-12-24,2023-12-21,2023-12-28,1.4935495992285668,5.22680702660245,1111.4528460306692,1110.4069625763223,1112.7022286439314,2.295266067609191,2.25,0.007020061653228455,12
2023-12-24,2023-12-21,2023-12-28,7.09482779152567,4.460203567020388,1103.8297983340428,1100.6227899063379,1107.8482653005049,7.225475394167006,2.75,0.034436127691849235,12
2023-12-24,2023-12-21,2023-12-28,0.04554758134306839,3.25,1096.4104291492956,1096.2941199657507,1096.800638878718,0.5065189129672945,0.25,0.0025956084889171708,12
2023-12-24,2023-12-21,2023-12-28,6.497813834146545,4.582011939906929,1095.867004374757,1094.2140080998652,1098.3286536931992,4.114645593333989,3.25,0.027176225398272753,12
2023-12-24,2023-12-21,2023-12-28,0.377043166763223,3.24817310610525,1090.0248934881413,1087.3268991163932,1091.1316106859595,3.8047115695662796,0.75,0.0047336712041208305,12
2023-12-24,2023-12-21,2023-12-28,18.63595739887746,2.863426227110553,799.0073409501858,782.3937747851014,817.8787450189702,35.48497023386881,1.5,0.03239765201337752,12
2023-12-24,2023-12-21,2023-12-28,2.265641877707713,3.038765405335846,550.8109392065253,547.5048945168965,554.4793668016791,6.974472284782678,1.25,0.0053562655757340375,12
2023-12-24,2023-12-21,2023-12-28,2.16765582987393,2.7682923757323126,532.4199081471503,530.5426501985639,534.5290541592985,3.986403960734606,1.0,0.012726462261721907,12
2023-12-24,2023-12-21,2023-12-28,1.3416050718838228,2.7878467909835187,543.5867180269104,540.771333522629,546.2528423666954,5.481508844066411,1.0,0.009688086888670849,12
2023-12-24,2023-12-21,2023-12-28,0.8349471363197106,13.3923623243503,541.3462098632706,540.5223680282943,542.5169232767075,1.994555248413235,1.5,0.0033300394366817736,12
2023-12-24,2023-12-21,2023-12-28,1.0070508922074746,3.2593028425344373,199.92192473847203,183.31198820052668,229.72855130955577,46.416563109029084,0.75,0.010198985138452299,12
2023-12-24,2023-12-21,2023-12-28,0.23517117259078077,13.11829180327869,635.6641705362475,635.4157581105828,636.1660733418539,0.7503152312710881,1.0,0.002500821050630445,12
2023-12-24,2023-12-21,2023-12-28,0.4439615684596022,6.619959206785854,633.9627435617434,633.2974121640436,634.921022858005,1.623610693961382,1.5,0.0034132132489294504,12
2023-12-24,2023-12-21,2023-12-28,0.3019673387790512,5.543080512312232,671.9678160530499,671.7703380589373,672.5253374460153,0.7549993870779872,1.5,0.0062271231572469,12
2023-12-24,2023-12-21,2023-12-28,1.2904254674745577,7.035780941249108,670.4472208594858,669.2404097020626,671.7725436203182,2.5321339182555676,2.75,0.006236220564080533,12
2023-12-24,2023-12-21,2023-12-28,0.857128663853475,2.7501607672178072,670.0972532078908,668.9019246776588,671.7725436203182,2.8706189426593482,0.75,0.007112241893551802,12
2023-12-24,2023-12-21,2023-12-28,0.07657418857661705,6.124396454927903,668.6511369463988,668.6511369463988,668.9029093626887,0.2517724162898958,1.0,0.0007568388048176959,12
2023-12-24,2023-12-21,2023-12-28,0.12540538577293825,13.79649897784588,664.3150627634877,663.986323596444,664.7394177690148,0.7530941725708544,0.75,0.002122706532577374,12
2023-12-24,2023-12-21,2023-12-28,0.11883104149567243,13.37724083537792,663.9872913624116,663.735662706662,664.4887568862177,0.7530941795557737,0.5,0.0017952132520026713,12
2023-12-24,2023-12-21,2023-12-28,0.4694029193532799,13.99230845817843,663.17190673991,662.487302672118,664.2380960127339,1.7507933406159282,1.25,0.003950755378320646,12
2023-12-24,2023-12-21,2023-12-28,0.7805755612167222,12.493787197749135,667.4481213292931,664.9865887872875,670.369943741709,5.38335495442152,2.25,0.00556856638329145,12
2023-12-24,2023-12-21,2023-12-28,0.12836503346953004,12.958714821450815,661.195343579938,660.9857199825346,661.7387767648324,0.75305678229779,0.75,0.0011337961574827578,12
2023-12-24,2023-12-21,2023-12-28,3.821596480412038,12.37016975548123,660.823191133867,659.8645305470563,662.7390750884078,2.874544541351497,4.75,0.009363929574048569,12
2023-12-24,2023-12-21,2023-12-28,0.38634678697617536,12.876766690040064,654.514709152393,653.8914091275074,655.3909893920645,1.499580264557153,1.5,0.004202315395789786,12
2023-12-24,2023-12-21,2023-12-28,0.35219297750299405,12.720664077286095,646.4637600373876,646.2019244083203,646.9508599867113,0.7489355783909559,1.75,0.0033429434135070868,12
2023-12-24,2023-12-21,2023-12-28,0.28199442182408596,32.379892193293614,643.8375651307143,643.4605666021816,644.4609510027803,1.0003844005987048,1.0,0.00529051935422565,12
2023-12-24,2023-12-21,2023-12-28,0.22910691922891824,6.750531538597849,643.8345489223814,643.4605666021816,644.4609510027803,1.0003844005987048,0.75,0.0012286159541937075,12
2023-12-24,2023-12-21,2023-12-28,0.23291799829429846,24.12571379774314,641.38562517718,641.1402785927057,641.8905995432287,0.7503209505230188,1.0,0.003576479788683479,12
2023-12-24,2023-12-21,2023-12-28,0.2666208833699045,19.76185201832998,661.876374847748,661.4870043485425,662.4884321112186,1.0014277626760304,0.75,0.010166207461601432,12
2023-12-24,2023-12-21,2023-12-28,7.610790606164816,12.011470000926268,643.6167811118809,641.1402785927057,647.4499671407975,6.309688548091799,7.0,0.013601063572228681,12
2024-01-03,2023-12-28,2024-01-10,0.20556707950927003,5.2402047478826015,1067.2521135741,1066.9861342301592,1067.7425654884428,0.7564312582835555,0.75,0.004214241116485662,1
2024-01-03,2023-12-28,2024-01-10,0.7005526570248702,4.358027270599513,1063.0488720381088,1061.9104867572896,1064.4313562493771,2.520869492087513,1.0,0.005738811087573777,1
2024-01-03,2023-12-28,2024-01-10,1.1945174862217272,4.211460388263426,1046.7631921137277,1045.5479818303138,1048.5626177466474,3.0146359163336456,1.25,0.009445560030149564,1
2024-01-03,2023-12-28,2024-01-10,0.25547277843521243,3.9927794965444123,994.8453932800602,994.4743857658468,995.476175474003,1.0017897081561387,0.75,0.002631915578821799,1
2024-01-03,2023-12-28,2024-01-10,2.431719020209849,4.558762060905266,1028.0558360773875,1025.478078739252,1030.4890768537298,5.010998114477843,2.0,0.01001942308384415,1
2024-01-03,2023-12-28,2024-01-10,2.2652061225982196,3.9594980892879357,1002.3297330811051,999.2188475141302,1005.72225681087,6.5034092967398465,1.25,0.013836238034011078,1
2024-01-03,2023-12-28,2024-01-10,0.5155749592318514,4.504148727031089,1084.8884169054613,1084.2395079820417,1085.7989310570993,1.5594230750575662,1.25,0.0053477623446031835,1
2024-01-03,2023-12-28,2024-01-10,1.6122689796576146,4.1074323755605375,1039.3115973295282,1037.2586234263144,1041.5227901563048,4.264166729990393,1.0,0.013914405669757438,1
2024-01-03,2023-12-28,2024-01-10,0.3191487290684022,4.354416349533925,1087.4259303449674,1087.073027772829,1088.086414215155,1.0133864423260093,1.0,0.003920094598961765,1
2024-01-03,2023-12-28,2024-01-10,10.019446140066636,3.8840152786309483,1247.8751547884974,1242.2654525609687,1254.9863830585964,12.720930497627705,2.0,0.030366156375284784,1
2024-01-03,2023-12-28,2024-01-10,0.16138108339349738,3.74602863973915,1096.940571704983,1096.8036129656248,1097.3101318920963,0.5065189264714718,0.75,0.0048483382044664835,1
2024-01-03,2023-12-28,2024-01-10,0.21096237356105027,4.239004921775515,1133.6528740101155,1133.3946322826669,1134.1603607218713,0.7657284392043948,0.75,0.0030028010373181683,1
2024-01-03,2023-12-28,2024-01-10,1.2076535232123402,4.1934861022354815,1173.1941826032898,1170.6985294050537,1176.327756921295,5.629227516241372,1.0,0.014544416685995312,1
2024-01-03,2023-12-28,2024-01-10,1.1857593309486674,4.284042210696234,1314.6365280267705,1313.1044389088638,1316.17031364562,3.0658747367560863,1.25,0.007560344634943954,1
2024-01-03,2023-12-28,2024-01-10,6.902963111057456,4.122440832368142,1197.4062883936335,1191.113669111859,1203.6057257121429,12.492056600283831,2.0,0.017028972469863846,1
2024-01-03,2023-12-28,2024-01-10,0.5155468236643309,4.232265208749457,1231.3865828640467,1230.6257234220393,1232.391900463961,1.7661770419217646,0.75,0.007060562676290111,1
2024-01-03,2023-12-28,2024-01-10,0.31499177764614383,3.9975972091697902,1238.9887576074855,1238.485440976452,1239.745183977764,1.2597430013120174,0.75,0.0026571016879721214,1
2024-01-03,2023-12-28,2024-01-10,0.5168511936100249,4.1114086106844345,944.8921571829104,943.4698193417862,946.477017249912,3.0071979081258178,1.0,0.004826026836482725,1
2024-01-03,2023-12-28,2024-01-10,0.06352734196447465,3.7317892818855385,1094.9767156741582,1094.9767156741582,1095.228488090448,0.2517724162898958,0.75,0.0033606699679484455,1
2024-01-03,2023-12-28,2024-01-10,0.1251459342979515,3.987169550541962,942.093923109682,941.9668572256342,942.4691247539595,0.5022675283253193,0.75,0.005861706975888385,1
2024-01-03,2023-12-28,2024-01-10,3.3642599429387636,4.044938282731224,1186.6833429945536,1182.873338285368,1190.344167722389,7.470829437021166,1.5,0.016256966122653836,1
2024-01-03,2023-12-28,2024-01-10,3.4475405304249906,4.120233270700128,877.4160774172128,873.6774014807306,880.6900592017919,7.0126577210612595,1.75,0.016760037385474446,1
2024-01-03,2023-12-28,2024-01-10,0.21111582884877894,4.240248500778457,886.3025295143847,886.03713783063,886.7983086197637,0.7611707891337574,0.75,0.003080116098930628,1
2024-01-03,2023-12-28,2024-01-10,5.411891581836223,4.468449459774638,1011.0163743944429,1006.9656208753586,1015.4716128190048,8.505991943646222,2.0,0.021525613526917436,1
2024-01-03,2023-12-28,2024-01-10,2.5954216341108522,5.340260869029573,1021.0851645468312,1018.9706935724244,1022.4760738248006,3.5053802523761988,2.75,0.01583242172098474,1
2024-01-03,2023-12-28,2024-01-10,0.2980247086261596,4.347351814543594,1023.9619423526202,1023.725954357069,1024.4782821922563,0.7523278351873159,1.0,0.005550482244814283,1
2024-01-03,2023-12-28,2024-01-10,2.8176377940783324,4.299465722392779,1055.629938181075,1052.8316030055285,1058.387586523313,5.555983517784625,1.75,0.015989713676324083,1
2024-01-03,2023-12-28,2024-01-10,55.65921791877513,7.096494002877489,1110.9268677670505,1094.2140080998652,1123.036601735279,28.822593635413796,5.75,0.04196674900381146,1
2024-01-03,2023-12-28,2024-01-10,4.692520321441974,4.746135823212694,1127.4484984272128,1125.147042706143,1131.0784481121227,5.9314054059796035,2.75,0.028533035698266408,1
2024-01-03,2023-12-28,2024-01-10,5.929782154923798,4.153317695271728,1324.2906046343746,1318.7354095382616,1330.4229062562808,11.687496718019247,1.75,0.014432068237089707,1
2024-01-03,2023-12-28,2024-01-10,0.8835507941948099,3.07341826875025,442.73854029696116,441.42299272026867,444.1646062047221,2.74161348445341,1.0,0.0036211759173088373,1
2024-01-03,2023-12-28,2024-01-10,0.956840296885405,5.404903786886571,1017.3246912676982,1016.7181832524948,1018.2213509301655,1.5031676776707172,2.25,0.009479714581399293,1
2024-01-03,2023-12-28,2024-01-10,0.26959500798043307,4.3579613877997385,499.1052706546926,498.8418944720179,499.5915935477242,0.7496990757063031,1.0,0.00492792304540132,1
2024-01-03,2023-12-28,2024-01-10,2.912135975686148,4.122365623395965,524.3294036297342,521.8032660973258,527.3050624276511,5.5017963303253055,2.25,0.011549613572531167,1
2024-01-03,2023-12-28,2024-01-10,0.5205472756242645,20.008061487348915,520.9163168077257,520.5585173028521,521.5571827264503,0.9986654235981405,1.75,0.007154915620663163,1
2024-01-03,2023-12-28,2024-01-10,1.0636027534924293,2.742423441712446,591.548541566285,589.3729205341078,594.6037497632205,5.2308292291127145,0.75,0.008339496566355421,1
2024-01-03,2023-12-28,2024-01-10,0.34413714138517437,19.122556531110032,603.4123192837937,603.1415263633244,603.8912220061757,0.7496956428512931,1.0,0.005959035488402032,1
2024-01-03,2023-12-28,2024-01-10,0.8334811284827587,2.4950643295354165,661.2090417096647,660.121625166852,662.7390750884078,2.617449921555817,0.75,0.010194374297481719,1
2024-01-03,2023-12-28,2024-01-10,0.1938133989702966,3.9933868031270627,847.7425991200082,847.4775669067167,848.2494704918936,0.7719035851769149,0.75,0.005329510786452858,1
2024-01-03,2023-12-28,2024-01-10,0.4715605460177802,3.9863378944651093,866.0835766842016,865.3260394907556,867.1223298106343,1.796290319878608,0.75,0.006208695269132687,1
2024-01-03,2023-12-28,2024-01-10,0.9262868959082732,4.077094926379717,496.49511011890837,495.82685138331726,497.34640198154375,1.5195505982264876,1.5,0.011078754417581509,1
2024-01-18,2024-01-10,2024-01-26,0.07345120352495718,9.52837063583062,1117.6604401906952,1117.6604401906952,1117.9122126069851,0.2517724162898958,0.75,0.0017532305413854267,1
2024-01-18,2024-01-10,2024-01-26,0.3350258123551633,18.501867246500215,1112.9511055426287,1112.705428911373,1113.468335218262,0.7629063068889081,1.25,0.003154330848332296,1
2024-01-18,2024-01-10,2024-01-26,0.6334971652478213,4.2775762573773415,1101.2271318921562,1100.6227899063379,1102.1523679969832,1.5295780906453729,1.0,0.00875732636051671,1
2024-01-18,2024-01-10,2024-01-26,23.999013943988015,9.203130524303923,1096.8724607374763,1092.9098018254153,1100.8745623226278,7.96476049721241,7.0,0.029864099947681865,1
2024-01-18,2024-01-10,2024-01-26,2.2962377652800936,6.143348074273396,1086.7729865944027,1084.2395079820417,1088.3399189715274,4.100410989485681,3.0,0.007477935231848235,1
2024-01-18,2024-01-10,2024-01-26,2.0720516749844573,5.04663376098238,1063.7961151192912,1061.6588133848272,1065.7179455696605,4.059132184833288,1.5,0.010227727860491238,1
2024-01-18,2024-01-10,2024-01-26,0.8296441168585008,5.052907936645703,1009.5191512871836,1008.4662173516117,1010.468543917872,2.002326566260308,1.25,0.008580048154111035,1
2024-01-18,2024-01-10,2024-01-26,0.2728188908279211,5.120390250216121,1054.0951184401197,1053.8377472930588,1054.5919194943272,0.7541722012683749,1.0,0.003971539803851169,1
2024-01-18,2024-01-10,2024-01-26,0.057382332600087155,4.750545437194374,1051.324734824244,1051.324734824244,1051.5765072405338,0.2517724162898958,0.75,0.001340084394649222,1
2024-01-18,2024-01-10,2024-01-26,0.3248332466833954,4.9067410629165105,1048.9105818211256,1048.5619604121894,1049.5672627375461,1.0053023253567517,1.0,0.003087617391317214,1
2024-01-18,2024-01-10,2024-01-26,0.2241306374209485,23.009124098353062,945.7392072481321,945.4735375647433,946.2264481601305,0.7529105953872204,0.75,0.006359377664602282,1
2024-01-18,2024-01-10,2024-01-26,0.6726416075567008,5.546378131964979,944.4647558883177,943.4698193417862,945.4748156089336,2.0049962671473622,1.5,0.0038235243990853663,1
2024-01-18,2024-01-10,2024-01-26,2.9363844918145476,5.260004729975036,1129.621107815822,1128.2578223468736,1131.3354465751909,3.0776242283172905,2.25,0.013808436989013323,1
2024-01-18,2024-01-10,2024-01-26,0.6114506506722925,5.091876580588757,1056.8661858436706,1056.122539702803,1057.8842150452547,1.761675342451781,1.0,0.004467223028769977,1
2024-01-18,2024-01-10,2024-01-26,7.543566867470582,12.978474356371475,1132.442395811143,1130.3126787673682,1135.449266992975,5.136588225606829,4.75,0.015892167565131596,1
2024-01-18,2024-01-10,2024-01-26,7.866245382872264,4.56893640226632,1218.2291236790006,1211.451603563968,1225.0863564633764,13.63475289940834,2.5,0.01909367066498639,1
2024-01-18,2024-01-10,2024-01-26,0.19735785104682577,4.7540917768672,1155.6199319480577,1155.3583924127743,1156.1252048001625,0.7668123873881996,0.75,0.004029931283807318,1
2024-01-18,2024-01-10,2024-01-26,1.8350892675379822,5.038371825485202,1324.3516210175005,1321.8949967515655,1326.787349858787,4.892353107221425,1.5,0.006019691589091189,1
2024-01-18,2024-01-10,2024-01-26,0.19994770800699174,4.746189923195626,1296.6567086979762,1296.4008025405928,1297.1595932971686,0.7587907565757632,0.75,0.0040199531650795895,1
2024-01-18,2024-01-10,2024-01-26,0.7736645972188768,3.7231212226409305,1293.4409063718738,1292.1766004320234,1294.9598594740964,2.783259042073041,0.75,0.004396678850185715,1
2024-01-18,2024-01-10,2024-01-26,4.195580549374235,3.7714173770789636,1281.8666433545302,1277.3008465440944,1285.6516431146301,8.35079657053575,1.75,0.01202081788400588,1
2024-01-18,2024-01-10,2024-01-26,1.9104489059784169,17.459948632045524,1261.1166783039394,1260.0170620176941,1262.7863873112947,2.7693252936005592,2.25,0.009337320632157732,1
2024-01-18,2024-01-10,2024-01-26,2.9516960313112173,4.4976479309407225,1246.829791606345,1245.2612620056607,1248.9438945073634,3.6826325017027557,2.25,0.011783608124236063,1
2024-01-18,2024-01-10,2024-01-26,0.18975917069388448,4.496028971335487,1150.4759175330644,1150.2121787313372,1150.9790724320337,0.766893700696528,0.75,0.0026772166692913446,1
2024-01-18,2024-01-10,2024-01-26,0.8954547828663085,7.746985010138884,940.8296869429779,940.4638890800998,941.4671532995999,1.0032642195001245,2.25,0.0045559695244242245,1
2024-01-18,2024-01-10,2024-01-26,0.37079883318060913,4.505754143258141,1195.451579778642,1194.6896249502897,1196.4369962830096,1.747371332719922,0.75,0.0027709297141013008,1
2024-01-18,2024-01-10,2024-01-26,14.806973663999061,4.843869987099637,1180.597851573273,1170.1849954598583,1188.555555973202,18.370560513343662,2.75,0.021001429564697364,1
2024-01-18,2024-01-10,2024-01-26,0.19752037014154086,6.754303270983067,1169.6531802275656,1169.4140025302768,1170.1797702261247,0.7657676958478987,0.75,0.0027847847472211966,1
2024-01-18,2024-01-10,2024-01-26,0.27655299047702064,22.502844642485663,1167.7605908029202,1167.3588763587177,1168.381654921919,1.0227785632014275,0.75,0.005030942888877025,1
2024-01-18,2024-01-10,2024-01-26,0.3028943648158306,4.2509593339253025,1164.6966652362507,1164.3483584797941,1165.3722915370017,1.0239330572076142,0.75,0.0058821757895420575,1
2024-01-18,2024-01-10,2024-01-26,0.1758483670352433,4.00167837904879,1162.8035559853174,1162.5477313580923,1163.3142923112027,0.7665609531104565,0.75,0.002543932788875504,1
2024-01-18,2024-01-10,2024-01-26,1.514382256042058,4.425337678913423,1198.7442123972257,1197.272774791345,1200.5506912451237,3.2779164537787437,2.0,0.008020586944009462,1
2024-01-18,2024-01-10,2024-01-26,0.2521943239164936,5.623951974977931,934.6893774294529,934.4418247481808,935.1950676823035,0.7532429341226816,1.0,0.0033259336685066893,1
2024-01-18,2024-01-10,2024-01-26,0.47262120026450544,9.747843802626418,1115.2149833132116,1114.8052256554365,1115.8251808970235,1.019955241587013,1.25,0.006138340551467069,1
2024-01-18,2024-01-10,2024-01-26,0.5030857255786869,4.5002195751976855,875.9209578966232,875.4681503227912,876.7161880806088,1.2480377578176558,0.75,0.003261774182191951,1
2024-01-18,2024-01-10,2024-01-26,0.8164688663140505,1.0249293877102315,20.62730758506894,20.230239662807435,21.2407767646946,1.0105371018871665,0.75,0.07110556066546,1
2024-01-18,2024-01-10,2024-01-26,0.35368000833670615,3.4861358508913356,1307.1728855202325,1305.727314736694,1308.2340930216014,2.506778284907341,0.75,0.002604790309031388,1
2024-01-18,2024-01-10,2024-01-26,0.07185616232465661,3.5,1162.8068581201674,1162.5477313580923,1163.3142923112027,0.7665609531104565,0.25,0.0010576088338507704,1
2024-01-18,2024-01-10,2024-01-26,0.39585415401701035,3.489714749965774,1133.3137909983654,1131.5970338252373,1135.1922607156448,3.5952268904075027,1.25,0.0033040324083777693,1
2024-01-18,2024-01-10,2024-01-26,0.28279858292171595,4.369130270175948,1125.658524095969,1125.4038366549648,1126.1691969688982,0.7653603139333427,1.0,0.005875209818043177,1
2024-01-18,2024-01-10,2024-01-26,10.292571312038975,4.518693363906052,1120.0976346566852,1114.8052256554365,1125.6556090712547,10.850383415818214,2.75,0.023678848122418106,1
2024-01-18,2024-01-10,2024-01-26,38.56391661232787,2.6888089392530277,71.3375763245325,30.462696803733706,153.79358246875927,123.33088566502556,2.5,0.04176668577712542,1
2024-01-18,2024-01-10,2024-01-26,13.15424718593851,7.02498569619239,1107.4747492466581,1102.659741814714,1112.4466558662243,9.786914051510394,5.75,0.0208750197390971,1
2024-01-18,2024-01-10,2024-01-26,9.1524743077121,5.067980417814094,1024.0822787335776,1019.9713690136559,1029.236648550257,9.265279536601156,2.5,0.024205675158245805,1
2024-01-18,2024-01-10,2024-01-26,0.07941084544785124,5.1320750791238945,1018.2198562119155,1018.2198562119156,1018.4716286282055,0.2517724162898958,1.0,0.002850256156605015,1
2024-01-18,2024-01-10,2024-01-26,0.4217068380958017,3.0797294624772937,1017.677895302519,1017.2187393894419,1018.2213509301655,1.002611540723592,1.0,0.021454259918764904,1
2024-01-18,2024-01-10,2024-01-26,0.09675261476637889,2.701421109538209,1017.0683585048043,1016.9684613207355,1017.4705118057318,0.502050484996289,0.75,0.006052226343279041,1
2024-01-18,2024-01-10,2024-01-26,4.564741917702398,2.856531997257208,1010.6375090577117,1005.4704843945801,1014.9713301374577,9.500845742877573,1.5,0.016171183471073436,1
2024-01-18,2024-01-10,2024-01-26,0.2540069594275727,5.621251611633848,886.2954077905185,886.03713783063,886.7983086197637,0.7611707891337574,1.0,0.0024629019015479925,1
2024-01-18,2024-01-10,2024-01-26,7.417008615803451,2.953008701490023,1038.0079570468445,1027.481951830443,1046.302118448075,18.820166617631912,1.25,0.021438333946494675,1
2024-01-18,2024-01-10,2024-01-26,0.059708457954189505,2.75,125.29457106720656,125.29457106720656,125.54634348349646,0.2517724162898958,0.25,0.0027708497559660807,1
2024-01-18,2024-01-10,2024-01-26,0.9852342458480184,2.6598521188734905,79.77681374395465,47.37042374163866,127.7401801366359,80.36975639499724,0.75,0.005211509461524127,1
2024-01-18,2024-01-10,2024-01-26,0.1958727085062357,20.760562836028527,521.8011983159215,521.5543017350137,522.3040028777905,0.7497011427767575,0.75,0.003258407733665984,1
2024-01-18,2024-01-10,2024-01-26,0.19056477948290812,8.254315669453938,50.59966366905811,50.286116402596235,51.197299846913666,0.9111834443174303,0.75,0.004358450889185125,1
2024-01-18,2024-01-10,2024-01-26,2.7870896173788386,3.3390186570957083,167.71041146587726,162.84096044208854,171.8158240057528,8.974863563664258,1.0,0.006013013091708964,1
2024-01-18,2024-01-10,2024-01-26,1.4940558506146215,3.7293386768093115,731.2760305552605,724.4708026824519,735.5564090209082,11.085606338456273,2.0,0.011140901350598318,1
2024-01-18,2024-01-10,2024-01-26,0.30804493607897704,30.651747070201157,268.0650477181127,267.76614926289767,268.70533638168126,0.9391871187835932,1.0,0.0267828707658542,1
2024-01-18,2024-01-10,2024-01-26,1.4552540076212084,2.981787715477625,437.3497764864191,435.00790094584227,439.9320610528812,4.924160107038915,0.75,0.007021874193947667,1
2024-01-18,2024-01-10,2024-01-26,1.8210288481209609,3.291786706585535,456.9701167690851,454.50305720232427,459.57778093311936,5.074723730795085,1.0,0.004287656284535129,1
2024-01-18,2024-01-10,2024-01-26,0.3780178407297852,5.001481174489531,497.25873520206574,496.8456654804759,497.8489256449975,1.0032601645216346,1.25,0.003651314037772101,1
2024-01-18,2024-01-10,2024-01-26,3.645761394371754,4.485263629394648,524.4960030382456,522.7991457935423,526.5396196199581,3.740473826415837,2.75,0.011481794067059096,1
2024-01-18,2024-01-10,2024-01-26,0.22243004063511837,3.178403399487298,85.87294470789418,47.703043459914625,127.7401801366359,80.03713667672127,0.75,0.005412960348750443,1
2024-01-18,2024-01-10,2024-01-26,0.2767931184190571,4.239699461945878,533.9100450918281,533.5303868083283,534.5290541592985,0.9986673509702086,0.75,0.0038169786181387272,1
2024-01-18,2024-01-10,2024-01-26,0.5502284740082639,13.13418487636244,538.9109008312646,538.5306170457043,539.5292862220667,0.9986691763624549,1.5,0.002748706042136816,1
2024-01-18,2024-01-10,2024-01-26,0.548932790210932,4.4879226175153475,555.6284652619238,554.9742218917236,556.4701722078025,1.495950316078961,1.25,0.003420506790853265,1
2024-01-18,2024-01-10,2024-01-26,1.0342573565686566,17.445626551923688,684.7589754829605,683.8124768938869,685.8331359978765,2.020659103989601,1.5,0.007886526461412247,1
2024-01-18,2024-01-10,2024-01-26,5.9056363619412435,2.7149056678863204,706.0141720132171,699.7277469108813,718.2791225896217,18.551375678740442,1.75,0.027360553989457893,1
2024-01-28,2024-01-26,2024-01-30,0.2701453195393387,10.272213953410347,615.7879172206334,615.5000414787792,616.2498405147344,0.7497990359552205,0.75,0.006180713204544346,1
2024-01-28,2024-01-26,2024-01-30,3.4719923527795453,2.6170332382380344,733.1002238041843,729.4913942948915,738.9496019426733,9.458207647781819,1.25,0.011104563309157475,1
2024-01-28,2024-01-26,2024-01-30,0.3842927646609783,2.503300398548891,661.6107330273628,660.9857199825346,662.4884321112186,1.5027121286839247,0.75,0.01364240919705885,1
2024-01-28,2024-01-26,2024-01-30,0.2680377955856801,2.9816889574381453,456.9515260243237,456.5763716464862,457.57503676228225,0.9986651157960296,0.75,0.0019088107829795887,1
2024-01-28,2024-01-26,2024-01-30,2.257135620737151,16.837796603646943,617.5098572951259,616.2465403261594,619.2362654288299,2.9897251026704907,3.5,0.009678524739831332,1
2024-01-28,2024-01-26,2024-01-30,4.012576621438721,2.622141223902738,395.0248943242877,390.6305670682341,400.5084804291837,9.877913360949606,1.0,0.011595636631031043,1
2024-01-28,2024-01-26,2024-01-30,4.1334488448563595,3.034322914165192,158.47519421573284,98.94362931372598,171.8158240057528,72.87219469202682,1.75,0.011992283381392382,1
2024-01-28,2024-01-26,2024-01-30,0.7011797591707443,2.7963490105564706,162.39660658135998,161.70314432494342,163.09273285837844,1.3895885334350169,1.0,0.006994046418077727,1
2024-01-28,2024-01-26,2024-01-30,0.49087048325755,2.75191446891111,161.3612886786946,160.56934095127508,161.9641087721102,1.3947678208351135,1.0,0.005201863837329366,1
2024-01-28,2024-01-26,2024-01-30,2.5916665114649926,2.826304004913302,445.2035248279072,442.16991232242435,448.2818126422353,6.111900319810957,1.0,0.00956229984549623,1
2024-02-03,2024-01-30,2024-02-08,4.236537941909714,24.38778293685897,1003.2911860753804,1002.469483690802,1004.7216440695338,2.252160378731787,5.5,0.018900077247294457,2
2024-02-03,2024-01-30,2024-02-08,0.09330138142698106,3.1751703250258214,1000.7887694778996,1000.4688550904393,1001.220855361782,0.7520002713426948,0.5,0.0032637400737042244,2
2024-02-03,2024-01-30,2024-02-08,0.5282827942854594,4.932505202834592,1001.2615808704477,1000.4688550904393,1002.221156517975,1.7523014275357127,1.25,0.003229711438931366,2
2024-02-03,2024-01-30,2024-02-08,0.5776947675030573,3.236458992855452,976.3343016224344,975.4865620620549,977.4859574730508,1.9993954109959304,0.75,0.0022142986937126507,2
2024-02-03,2024-01-30,2024-02-08,0.2861071242441815,3.4729386041718726,967.8566136117477,967.4857621546835,968.4876845814288,1.0019224267452955,0.75,0.0017240697391262606,2
2024-02-03,2024-01-30,2024-02-08,0.277909917914615,3.495337076717636,960.8817322682424,960.4868849101476,961.4891507383436,1.0022658281959593,0.75,0.002706263044659052,2
2024-02-03,2024-01-30,2024-02-08,5.068003883972489,7.126775297215295,946.6590090278506,942.7183369509876,950.7330235405825,8.01468658959493,3.5,0.014852369464521434,2
2024-02-03,2024-01-30,2024-02-08,0.37235554203052956,3.9897783002250944,940.8823508201551,940.4638890800998,941.4671532995999,1.0032642195001245,1.25,0.0034435427061620385,2
2024-02-03,2024-01-30,2024-02-08,0.20269448212561045,5.251872585032176,919.8608699624278,919.6152873518877,920.3695549550466,0.7542676031589508,0.75,0.0029815047390334354,2
2024-02-03,2024-01-30,2024-02-08,1.1443756247693049,6.33199182206237,905.7376127532291,904.4280704837292,907.2053920277394,2.777321544010192,1.75,0.005267285067707504,2
2024-02-03,2024-01-30,2024-02-08,0.2565880672962726,5.750920456920483,856.0207409686573,855.5224907393567,856.7737253410742,1.2512346017174423,0.75,0.003240429815233552,2
2024-02-03,2024-01-30,2024-02-08,0.5456525103421952,16.001139666950436,837.5500522837606,836.8282510275021,838.4999402700923,1.6716892425902188,1.25,0.0046865596832640875,2
2024-02-03,2024-01-30,2024-02-08,0.8777267946611921,15.177019028287678,814.702387911337,813.854287663009,816.0470815449953,2.19279388198629,1.75,0.004916240716331129,2
2024-02-03,2024-01-30,2024-02-08,0.15747162425645198,3.6652147506064607,811.7639316011135,810.6560315308161,816.7997646443546,6.143733113538474,0.5,0.0016673537455490414,2
2024-02-03,2024-01-30,2024-02-08,0.12372455312178691,3.467628889475631,783.8412115341054,783.8412115341052,784.0929839503951,0.2517724162898958,0.75,0.01003877435945542,2
2024-02-03,2024-01-30,2024-02-08,5.294241793574679,2.6571775443290506,759.7337965138717,749.6263920310885,773.3690975187346,23.742705487646163,1.0,0.01554713765999685,2
2024-02-03,2024-01-30,2024-02-08,0.3321123019538567,5.250159626214064,924.7535820316581,924.1375418426469,925.5847680787556,1.4472262361086905,0.75,0.0035787218992083306,2
2024-02-03,2024-01-30,2024-02-08,1.2011285892717711,6.597056679463728,1004.8955690551727,1003.4696785076521,1006.4707528110594,3.001074303407222,2.5,0.005720612991167821,2
2024-02-03,2024-01-30,2024-02-08,0.9496183310103375,7.22051207959312,1065.68027958517,1064.7095233933069,1066.733783967793,2.0242605744861066,1.75,0.006028026931586214,2
2024-02-03,2024-01-30,2024-02-08,5.3781449513032875,8.30427398198125,1060.1023885296177,1057.6324426289648,1063.9278743928298,6.295431763865054,3.5,0.013214734000605417,2
2024-02-03,2024-01-30,2024-02-08,2.0502482466768566,3.021728651977219,736.006433126064,732.5406853226013,746.9574176641181,14.416732341516763,1.25,0.030266790688933037,2
2024-02-03,2024-01-30,2024-02-08,0.583355240852295,12.625440050185707,1266.1505580548794,1265.5905407760292,1266.9407126666047,1.3501718905754387,1.5,0.005170975611075577,2
2024-02-03,2024-01-30,2024-02-08,0.17506932023613833,19.74980863884604,1222.810547222625,1222.5576068768278,1223.3154464773834,0.7578396005555987,0.75,0.0015609001574042366,2
2024-02-03,2024-01-30,2024-02-08,7.982777931036522,3.221673813847455,1235.8297630844786,1225.2866995916702,1246.6886709760875,21.401971384417266,1.0,0.01078381253936944,2
2024-02-03,2024-01-30,2024-02-08,0.319870182927281,5.504897239100224,1221.5387282722645,1221.2924994868226,1222.0503500606865,0.7578505738638341,1.25,0.002963958500738658,2
2024-02-03,2024-01-30,2024-02-08,0.7684465509481646,6.276473040703309,1185.6398965939159,1184.6667357729748,1186.686442204751,2.019706431776285,1.5,0.004057946175782553,2
2024-02-03,2024-01-30,2024-02-08,0.322756250135212,6.49242030513992,1173.0133398229132,1172.7534595271572,1173.519171343185,0.7657118160277605,1.25,0.0036300754218957674,2
2024-02-03,2024-01-30,2024-02-08,0.2893764520128098,3.4671433751342335,1168.7809623707246,1168.386427888181,1169.4092014948837,1.0227736067026854,0.75,0.0020245655422381037,2
2024-02-03,2024-01-30,2024-02-08,0.20142970339237817,5.485731302577006,1154.5737436892662,1154.3305032746866,1155.0973414895125,0.7668382148258388,0.75,0.003236618321133838,2
2024-02-03,2024-01-30,2024-02-08,0.6599030562683055,42.75408474912535,1129.7771804686022,1129.542289623525,1130.3080772636458,0.7657876401208341,0.75,0.013702263840545126,2
2024-02-03,2024-01-30,2024-02-08,1.0826264254948776,6.090986727968707,1129.0403485978823,1128.2578223468736,1130.3080772636458,2.0502549167722464,1.5,0.009076844696408215,2
2024-02-03,2024-01-30,2024-02-08,0.24785080913376434,9.749613035135265,1111.0411014479128,1110.6619843705557,1111.6804928043857,1.018508433829993,0.75,0.0033704553430188404,2
2024-02-03,2024-01-30,2024-02-08,0.2627792139559452,21.132244748278328,1110.1583453135765,1109.8957879147492,1110.6587349926122,0.7629470778629184,1.0,0.004524943892108151,2
2024-02-03,2024-01-30,2024-02-08,0.6901823400272019,7.772033614046208,1106.2101436392486,1105.5526469093747,1107.3375759413466,1.784929031971842,3.0,0.006111357377365642,2
2024-02-03,2024-01-30,2024-02-08,3.423135978341595,7.835855258639636,1101.1409547195958,1099.8590847346932,1102.40713085467,2.5480461199767888,3.0,0.014750673033700222,2
2024-02-03,2024-01-30,2024-02-08,0.1748668952134412,3.9969343172889826,1087.5802674993258,1087.3268991163932,1088.086414215155,0.7595150987617671,0.75,0.0018657461754828558,2
2024-02-03,2024-01-30,2024-02-08,1.3447958466585688,6.354290043543114,1084.6728501986563,1083.9861991005018,1085.7989310570993,1.8127319565974176,2.5,0.00669207385151833,2
2024-02-03,2024-01-30,2024-02-08,0.319021709884384,5.598139427836793,1047.962288005243,1047.5573098328896,1048.5626177466474,1.0053079137578607,1.0,0.0027052512576987158,2
2024-02-03,2024-01-30,2024-02-08,0.9170184608904973,10.782863772586817,737.9629829078683,737.6495513645932,738.6001759031788,0.9506245385855436,2.75,0.00811491221958499,2
2024-02-03,2024-01-30,2024-02-08,0.812596669494616,3.470003704099893,467.2675881156718,466.30545780994,468.60531196091324,2.2998541509732604,1.0,0.008665060768987438,2
2024-02-03,2024-01-30,2024-02-08,1.1839535562359318,2.644212574537207,723.5014558956699,719.7850000406615,728.9453417644836,9.160341723822057,1.5,0.015413378251433718,2
2024-02-03,2024-01-30,2024-02-08,2.822548237399443,2.8532506218215246,1125.1426620790655,1122.5284758801572,1128.2532047121786,5.724728832021356,1.25,0.018299990739023702,2
2024-02-03,2024-01-30,2024-02-08,6.2950839150533415,4.422742029232027,1096.768209832647,1094.7224798160605,1099.8561286120676,5.133648796007037,4.75,0.02238396152921038,2
2024-02-03,2024-01-30,2024-02-08,4.910215089414614,2.903944448465278,1079.0607212860884,1073.807694264222,1086.05276636919,12.24507210496813,1.25,0.01273952849963101,2
2024-02-03,2024-01-30,2024-02-08,2.076899112258391,2.9501450489282908,1067.347563619657,1064.7095233933069,1070.26405183319,5.554528439883143,0.75,0.011991464572570715,2
2024-02-03,2024-01-30,2024-02-08,0.35123750118317376,2.965349416996193,1060.5259398292833,1060.1490238080733,1061.1556910639629,1.0066672558896244,0.75,0.004528762186166579,2
2024-02-03,2024-01-30,2024-02-08,0.09975638557892548,3.0,1032.7386629080618,1032.2411772049963,1033.4948788937181,1.253701688721776,0.25,0.002747143927483337,2
2024-02-03,2024-01-30,2024-02-08,5.61180920303947,2.8362162225215326,1029.0334392609382,1024.4767429535277,1036.758042320609,12.281299367081374,1.5,0.01722534027071098,2
2024-02-03,2024-01-30,2024-02-08,0.4405403589808469,2.416500405413611,1013.4163056738906,1012.7186712478288,1014.2211212660186,1.5024500181898475,1.0,0.004373899457457383,2
2024-02-03,2024-01-30,2024-02-08,3.957682115027098,2.7024891448618145,1002.8939485819831,997.9686033967882,1009.2182663558051,11.24966295901686,1.0,0.013752930567402476,2
2024-02-03,2024-01-30,2024-02-08,0.14995993127333887,2.5,996.969573336098,996.7189525840804,997.4708093157969,0.7518567317165434,0.25,0.0006965289158196021,2
2024-02-03,2024-01-30,2024-02-08,0.27404036470555154,2.8684366500917933,996.9712506913944,996.7189525840804,997.4708093157969,0.7518567317165434,0.5,0.0010607340010830675,2
2024-02-03,2024-01-30,2024-02-08,0.20973460537301258,2.9886499026148443,895.1129355585828,894.8027883255854,895.6580480532721,0.8552597276866436,0.75,0.0018244883639126285,2
2024-02-03,2024-01-30,2024-02-08,40.8377904409586,3.011616390335856,793.9877357547972,766.29351061536,823.7940336493775,57.50052303401753,2.0,0.0381506421872761,2
2024-02-03,2024-01-30,2024-02-08,0.27041868144032544,2.651357931586689,576.4989129916223,575.5921166781336,577.2932257382199,1.70110906008631,0.5,0.0029795039098022536,2
2024-02-03,2024-01-30,2024-02-08,0.2790538458880281,3.125666019312361,576.3001537259789,575.5921166781336,577.2932257382199,1.70110906008631,0.5,0.0010936789803664252,2
2024-02-03,2024-01-30,2024-02-08,0.9694092794514291,2.7392014717143773,561.909235231251,560.6962807341479,563.4376566493884,2.7413759152404964,0.75,0.0033962982343883753,2
2024-02-03,2024-01-30,2024-02-08,0.5986989442751458,6.235199644692018,722.5874235462228,722.0974503732286,723.4171208092012,1.3196704359725118,1.25,0.006541215595047517,2
2024-02-03,2024-01-30,2024-02-08,8.852088603252183,3.2201464474836037,1140.0244832616052,1133.3946322826669,1148.4045140934177,15.009881810750812,1.75,0.016138130982098,2
2024-02-03,2024-01-30,2024-02-08,8.901036496963455,3.090891223320553,1196.4926684276163,1186.1784612340853,1209.4197081029415,23.24124686885625,1.0,0.011462158600069858,2
2024-02-03,2024-01-30,2024-02-08,0.07309362375072145,3.0684654234821505,1095.0682972039324,1094.9767156741582,1095.5258287410252,0.5491130668669939,0.5,0.003704349729556514,2
2024-02-03,2024-01-30,2024-02-08,0.10711443444499769,2.5,86.85007088370894,45.15160842752084,125.01460776897147,79.86299934145063,0.25,0.007777921272537883,2
2024-02-03,2024-01-30,2024-02-08,0.7784547562681045,2.559926308221308,702.2954381763052,697.9336008382961,709.611255642958,11.67765480466187,1.25,0.013471023975563295,2
2024-02-03,2024-01-30,2024-02-08,1.1645241529846322,29.882183317218182,634.6590687675766,634.0451086661778,635.6675305268727,1.6224218606948853,1.75,0.023834858871743247,2
2024-02-03,2024-01-30,2024-02-08,0.31290917916169786,3.100302948804961,528.9472962752365,528.5509339030832,529.5496012391523,0.9986673360690475,1.0,0.002152763522498743,2
2024-02-03,2024-01-30,2024-02-08,0.717272548475162,6.537641623016664,521.9275084849235,521.5543017350137,522.5529671562836,0.998665421269834,1.75,0.006568292561682927,2
2024-02-03,2024-01-30,2024-02-08,4.792760550661904,2.2675626075170325,71.4484694819812,44.558793815318495,138.82368708960712,94.26489327428862,1.0,0.018696665627145236,2
2024-02-03,2024-01-30,2024-02-08,9.488407570798678,3.2478379013903296,503.43749867275955,495.57788907550275,510.5749724013731,14.997083325870335,2.0,0.023222387997285442,2
2024-02-03,2024-01-30,2024-02-08,0.5731024386299296,3.4941087603006977,495.4827450742597,494.57827828638256,496.8484738394618,2.2701955530792475,0.75,0.0090453988735399,2
2024-02-03,2024-01-30,2024-02-08,0.5217530137258768,3.457091357753629,492.21561761446804,491.59068084461614,493.0873400666751,1.4966592220589519,0.75,0.005181385644422295,2
2024-02-03,2024-01-30,2024-02-08,2.996295563620746,3.639099776153883,480.2687207923984,476.6099736057222,483.341248719953,6.731275114230812,1.25,0.0109729648805773,2
2024-02-03,2024-01-30,2024-02-08,4.3743084375345855,3.136117624653884,517.5050336295602,513.310791191645,522.5529671562836,9.24217596463859,1.25,0.008872991313423936,2
2024-02-03,2024-01-30,2024-02-08,0.8137001250521105,3.589966292917064,464.8757162937698,464.0564090986736,466.30826677009463,2.2518576714210212,1.0,0.01278745648449607,2
2024-02-03,2024-01-30,2024-02-08,10.45511539516642,3.0761050081791117,459.13585634216656,449.7726390818134,466.854257395491,17.08161831367761,1.75,0.027483919309405084,2
2024-02-03,2024-01-30,2024-02-08,0.6791020248155956,2.7933476121963747,377.1696582707655,376.5625725965947,377.81333970697597,1.2507671103812754,1.0,0.005112657289295934,2
2024-02-03,2024-01-30,2024-02-08,0.5039433883147784,2.977041733967565,375.9528880728329,375.3138252305798,377.06402642372996,1.750201193150133,0.75,0.007848644594862052,2
2024-02-03,2024-01-30,2024-02-08,13.806429578118182,3.8036463144638017,145.598377825528,119.90188165195286,199.23140555620193,79.32952390424907,1.5,0.027185319522367697,2
2024-02-03,2024-01-30,2024-02-08,0.9256386448794307,3.472375295101483,472.8828647838968,471.5899599553086,474.33135179104283,2.741391835734248,0.75,0.004465292778420617,2
2024-02-03,2024-01-30,2024-02-08,2.171087550851065,3.635703331686809,165.63819487153498,106.68312526401132,175.91721196146682,69.2340866974555,1.25,0.020648694602895954,2
2024-02-12,2024-02-08,2024-02-16,0.6165568470470679,4.174753020862821,1155.0633538331176,1154.072970367968,1156.1252048001625,2.052234432194382,1.5,0.008580301393952787,2
2024-02-12,2024-02-08,2024-02-16,0.43006278693383887,6.277963989799436,942.8797248494063,942.4678411823697,943.4711009045132,1.0032597221434116,1.25,0.0045985724381724285,2
2024-02-12,2024-02-08,2024-02-16,0.25723839544754945,3.499750663104012,970.8566155453384,970.48571703583,971.4876186707988,1.0019016349688172,0.75,0.003811515437515581,2
2024-02-12,2024-02-08,2024-02-16,0.2965969072533796,3.3490332318013265,991.273607333938,990.7241214062087,991.9760996331461,1.2519782269373536,0.5,0.0025622514086876273,2
2024-02-12,2024-02-08,2024-02-16,0.18673853112944647,3.747459285023542,1086.5631668641054,1086.3117660982534,1087.0712906033732,0.7595245051197708,0.75,0.0025862817593379503,2
2024-02-12,2024-02-08,2024-02-16,5.189675107153224,8.162358966328023,1052.0872315422052,1050.3201188785024,1054.3407196025364,4.020600724034011,3.5,0.013133768533570359,2
2024-02-12,2024-02-08,2024-02-16,0.5620623440618258,5.236134903466403,1069.0719786667555,1068.750953863375,1069.75964137353,1.0086875101551414,1.25,0.011082871909823341,2
2024-02-12,2024-02-08,2024-02-16,0.8568824933734476,4.054281639894917,1137.8216008572174,1135.495916318614,1139.625831172336,4.129914853721857,1.0,0.005908627159975804,2
2024-02-12,2024-02-08,2024-02-16,0.25886805535508983,4.863590458505552,940.9644715142367,940.7143863486126,941.4671532995999,0.7527669509872794,1.0,0.0024356443842846664,2
2024-02-12,2024-02-08,2024-02-16,5.82662640112323,39.639803234716005,1048.9830104253683,1047.5573098328896,1050.5718912947923,3.014581461902708,7.75,0.034521696496452155,2
2024-02-12,2024-02-08,2024-02-16,0.42464728814565134,4.210533650948651,906.5634818417251,906.1957839610986,907.2053920277394,1.0096080666407943,1.25,0.003718081191012888,2
2024-02-12,2024-02-08,2024-02-16,0.5385008519143766,3.6119318312650592,1004.0944289605474,1003.4696785076521,1005.2217393531464,1.7520608454942703,1.0,0.005220477434660864,2
2024-02-12,2024-02-08,2024-02-16,2.3435339060542955,4.278748836771327,675.8104905631013,673.7140973713249,677.7973800282925,4.08328265696764,1.75,0.012883282440615318,2
2024-02-12,2024-02-08,2024-02-16,0.11755115641746273,3.7499999999999996,832.6495818927592,831.207258279901,834.8306858646683,3.6234275847673416,0.25,0.0009934319959172453,2
2024-02-12,2024-02-08,2024-02-16,0.6327087399262094,2.992653133074826,567.4646198440927,566.6456571770832,568.3881357028149,1.7424785257317126,1.25,0.0031205699912439577,2
2024-02-12,2024-02-08,2024-02-16,2.9459692788733918,2.7519286889071095,590.1313500503355,585.2217711177655,595.7902513043955,10.56848018663004,0.75,0.013204725399304144,2
2024-02-12,2024-02-08,2024-02-16,5.786225992115687,3.0941446619707675,990.5259794371682,984.7306653345004,997.2207671580836,12.490101823583245,1.5,0.01248137299117222,2
2024-02-12,2024-02-08,2024-02-16,0.1436022371602905,3.1420693801033632,1004.7182486653113,1004.4698716532439,1005.2217393531464,0.7518676999025047,0.5,0.005747702150832649,2
2024-02-12,2024-02-08,2024-02-16,2.2575643262189895,3.346199213332594,831.0030192690992,826.6103162942454,836.4381242166273,9.827807922381908,1.0,0.004567243855971592,2
2024-02-12,2024-02-08,2024-02-16,5.443191488027656,3.642446531234246,207.30464357462265,192.10011322284117,246.78718323167413,54.68707000883296,1.5,0.017243449733172322,2
2024-02-12,2024-02-08,2024-02-16,8.013408500259246,7.783496511407253,426.95613642397996,424.0337583501823,430.5290756896138,6.4953173394314945,3.25,0.015349920098791834,2
2024-02-12,2024-02-08,2024-02-16,23.99590033745886,10.845778388791018,497.70283806902694,493.08453066973016,502.3303216858767,9.24579101614654,6.25,0.02826678120449823,2
2024-02-12,2024-02-08,2024-02-16,0.38053506134785164,2.742141438070271,625.7532741839914,624.1756849135272,627.5074535999447,3.3317686864174902,0.75,0.00452924005912722,2
2024-02-12,2024-02-08,2024-02-16,0.16663097887487022,3.7383729890565087,101.88547152839602,101.88547152839601,102.1372439446859,0.2517724162898958,0.75,0.0059513229283326505,2
2024-02-19,2024-02-16,2024-02-23,0.089314942873655,3.75,849.8058277414805,849.3967546643689,850.4259894602001,1.0292347958311439,0.25,0.0014351886172194737,2
2024-02-19,2024-02-16,2024-02-23,0.15986950474919692,2.7805862817703813,734.6093061491562,734.3751707524061,735.1565801016986,0.7814093492925167,0.75,0.0010927609859400715,2
2024-02-19,2024-02-16,2024-02-23,0.01989392335935426,2.5,734.9048076854087,734.9048076854087,735.1565801016986,0.2517724162898958,0.25,0.00042706709842139007,2
2024-02-19,2024-02-16,2024-02-23,1.0345423629438966,2.7124085499092825,762.4329131320982,761.0994367543608,764.1066008219495,3.0071640675887465,0.75,0.005476629534593788,2
2024-02-19,2024-02-16,2024-02-23,2.0030133495429174,2.7272029483949805,780.6916393886462,774.8567451401614,787.9325073724613,13.075762232299894,1.5,0.011180498682595052,2
2024-02-19,2024-02-16,2024-02-23,1.1302069432132789,3.1206981044618542,893.5420019130124,888.9086067932658,898.312800929416,9.404194136150181,1.0,0.007586971397416248,2
2024-02-19,2024-02-16,2024-02-23,2.1341824982988764,3.1802070067085,1200.5453535104143,1197.272774791345,1204.1146905212663,6.841915729921311,1.25,0.006245330632906254,2
2024-02-19,2024-02-16,2024-02-23,0.426314462143219,3.482642326243874,1154.4433669139323,1154.072970367968,1155.0973414895125,1.024371121544391,0.75,0.008684469258044438,2
2024-02-19,2024-02-16,2024-02-23,0.2342926127441372,3.4954116307909215,1156.7466788370502,1156.633694611024,1157.1429178160615,0.509223205037415,0.75,0.012919703019486065,2
2024-02-19,2024-02-16,2024-02-23,1.8975896927595146,3.297744134560456,1176.1782180391774,1172.4964898354374,1179.5379133052193,7.041423469781876,1.0,0.004220430954765837,2
2024-02-19,2024-02-16,2024-02-23,0.31830182960310704,4.086771454566632,1186.0249361081148,1185.6660441881977,1186.686442204751,1.0203980165533721,1.0,0.002469488482246914,2
2024-02-19,2024-02-16,2024-02-23,1.4854932595659145,3.3129791197433693,519.4112741672615,517.5708271702752,521.5571827264503,3.9863555561751127,1.0,0.007248580127836783,2
2024-02-19,2024-02-16,2024-02-23,1.4510844046350315,5.481612107293229,1218.2669836074922,1216.5153333232738,1220.2793295532465,3.7639962299726903,1.75,0.009425867349714597,2
2024-02-19,2024-02-16,2024-02-23,0.08326894301197352,5.620025035451771,1222.0516167152673,1222.0516167152673,1222.3033891315572,0.2517724162898958,1.0,0.001431037359665408,2
2024-02-19,2024-02-16,2024-02-23,1.602868615893703,14.364344293307964,973.376080487287,972.4860633271746,974.4881386421621,2.002075314987451,2.5,0.013310759734822047,2
2024-02-19,2024-02-16,2024-02-23,1.1176367017851732,3.0480206434887536,507.8667696547257,506.58450581971556,509.3301613680087,2.7456555482931435,1.0,0.004835066560907959,2
2024-02-19,2024-02-16,2024-02-23,0.6605475307109036,2.7604016119517167,545.5704664394533,545.0037968214601,546.5018023494631,1.4980055280029774,1.0,0.008002602225618317,2
2024-02-19,2024-02-16,2024-02-23,0.4145789721613225,5.417040584267949,500.03222178463193,499.5889245434664,500.5875870012678,0.9986624578014016,1.0,0.006125300106504811,2
2024-02-19,2024-02-16,2024-02-23,0.5334138531863434,3.7543830992596647,502.65561967148085,502.0785492695868,503.5750263771042,1.4964771075174212,1.25,0.008952787187560233,2
2024-02-19,2024-02-16,2024-02-23,0.38155675381315607,2.741709613652811,713.2575060731057,708.489189134445,718.2791225896217,9.789933455176651,0.75,0.0018748904785834803,2
2024-02-19,2024-02-16,2024-02-23,5.320606268032684,3.4913488676169657,801.8627455549217,794.4128025812097,807.8998305597343,13.487027978524566,1.25,0.012984099097467774,2
2024-02-19,2024-02-16,2024-02-23,2.9063800805911364,3.530253963868279,823.8851453599493,820.4298652918078,827.8550962866284,7.425230994820595,1.5,0.00921487072734221,2
2024-02-19,2024-02-16,2024-02-23,0.2202869538276588,3.382655376239471,849.7906227207168,849.3967546643689,850.4259894602001,1.0292347958311439,0.5,0.0024664392869671427,2
2024-02-19,2024-02-16,2024-02-23,3.507566032794393,3.5260920858131914,1049.887664117374,1046.5526518016122,1054.3407196025364,7.788067800924182,1.5,0.01731958863640864,2
2024-02-19,2024-02-16,2024-02-23,1.530152587824312,3.526277534296354,1147.6984156804067,1145.8281988240778,1149.949372897856,4.121174073778093,1.5,0.005619142131390837,2
2024-02-19,2024-02-16,2024-02-23,2.83357278502084,3.321192642001303,866.6181952675133,863.0097511261702,870.3486833069474,7.338932180777192,1.0,0.007713560366756417,2
2024-02-19,2024-02-16,2024-02-23,0.7751493621008424,3.5762110964768397,1338.1524883719521,1336.2528611286543,1340.1449278974906,3.89206676883623,0.75,0.0029854923286157017,2
2024-02-19,2024-02-16,2024-02-23,0.30618723330538206,2.945168247230758,100.24016343063552,83.06931193685159,153.79358246875927,70.72427053190768,0.75,0.00933695859297656,2
2024-02-19,2024-02-16,2024-02-23,2.7807817112611115,3.13192844131428,152.08629325652308,89.86418501334265,165.93056693905964,76.066381925717,1.25,0.010719896679161721,2
2024-02-19,2024-02-16,2024-02-23,4.081212614559029,3.8992249001422126,157.10215154701606,138.04997119819745,203.9422533577308,65.89228215953335,1.0,0.020323045049058013,2
2024-02-19,2024-02-16,2024-02-23,0.43783449787987533,3.719622641400937,180.67041104377736,179.78211653698236,181.83512529311702,2.053008756134659,0.75,0.0027052207751251714,2
2024-02-19,2024-02-16,2024-02-23,2.992605083542769,3.734347288523119,494.4871768131575,492.0886069103144,496.8484738394618,4.7598669291473925,1.5,0.009600071974781665,2
2024-02-19,2024-02-16,2024-02-23,0.3448588470164693,3.2500000000000004,1337.579384484935,1336.2528611286543,1339.365143230185,3.1122821015305817,0.25,0.002046315092943307,2
2024-02-25,2024-02-23,2024-02-27,0.7874529765400969,2.4895827538225337,732.4378343594377,729.4913942948915,738.9496019426733,9.458207647781819,0.75,0.0038786603401869827,2
2024-02-25,2024-02-23,2024-02-27,2.337438369969709,2.9241535390144704,801.0309715735302,795.7631948273629,807.8998305597343,12.13663573237136,1.0,0.005683640912197257,2
2024-02-25,2024-02-23,2024-02-27,0.1980169912326727,2.9857860124451365,783.783426544062,783.5275400443934,784.315797992982,0.7882579485885799,0.75,0.0024959030391110723,2
2024-02-25,2024-02-23,2024-02-27,0.20224173237801715,3.262967120726229,778.6268087979563,778.3681054869667,779.1569353016093,0.7888298146426678,0.75,0.006122590440198057,2
2024-02-25,2024-02-23,2024-02-27,0.24843347344816324,3.002228744553076,718.0863819754373,717.6925297467969,718.7261257697828,1.0335960229858756,0.75,0.004049983189647438,2
2024-02-25,2024-02-23,2024-02-27,1.3552116715204816,2.6223017010886904,72.0247187900967,70.38522949069738,74.25487091764808,3.869641426950693,1.0,0.005895149641805188,2
2024-02-25,2024-02-23,2024-02-27,1.6894768164629297,2.9864674660531945,598.6389249241136,595.9318280480802,601.6507362998091,5.7189082517288625,0.75,0.013784497382639628,2
2024-02-25,2024-02-23,2024-02-27,2.503751297339701,4.238109855827873,494.94658942294114,492.58660457329825,497.59536609519273,5.008761521894485,2.25,0.010440986758783282,2
2024-02-25,2024-02-23,2024-02-27,0.6053184187580316,3.2221268693886627,459.5988572081153,458.8280804101378,460.57373018004,1.7456497699022293,0.75,0.0035654003111254603,2
2024-02-25,2024-02-23,2024-02-27,0.6230317412198991,3.1141866124514714,443.2764267848591,442.4190390734002,444.41357939876616,1.9945403253659606,1.0,0.005093901596275452,2
2024-02-25,2024-02-23,2024-02-27,0.2924530479967683,2.7232215341729384,640.5039368082216,640.1335795121267,641.1331842425279,0.9996047304011881,0.75,0.003808111706457356,2
2024-03-03,2024-02-27,2024-03-08,3.4160359962022198,2.6698086356328616,759.6106039306735,750.9660467212088,773.3690975187346,22.403050797525793,1.25,0.010803941355087426,3
2024-03-03,2024-02-27,2024-03-08,0.46834339808242803,31.870811708025887,1044.8909012068975,1044.5379870044999,1045.5427264142781,1.0047394097782671,1.5,0.005977472286806973,3
2024-03-03,2024-02-27,2024-03-08,0.48515122104910874,5.2791350330199105,939.784391509623,939.4619266814552,940.4651719736867,1.0032452922314405,1.25,0.006895847041886053,3
2024-03-03,2024-02-27,2024-03-08,2.3428353005421947,2.959945436877747,791.389467422061,785.6873709145002,797.9180481275544,12.23067721305415,1.0,0.0074415859353033145,3
2024-03-03,2024-02-27,2024-03-08,2.0798756287068745,2.6844559458325254,770.4081029919167,766.29351061536,774.4739844454452,8.180473830085248,1.25,0.007343290421764308,3
2024-03-03,2024-02-27,2024-03-08,0.5312630243770828,17.12986073239215,689.2788837905999,688.8119097286835,689.8269123742357,1.0150026455521584,1.5,0.005650615623056677,3
2024-03-03,2024-02-27,2024-03-08,2.5123251552040373,2.470203491867961,681.1159281389628,677.5456076120026,689.7181655028835,12.172557890880853,0.75,0.010984401942171127,3
2024-03-03,2024-02-27,2024-03-08,0.5480870237215102,2.4921849537499066,632.5640184689101,631.734689051751,633.6777446195483,1.9430555677972734,0.75,0.002688040093231591,3
2024-03-03,2024-02-27,2024-03-08,0.5141277713830169,3.244938624300407,455.3790244368305,454.50305720232427,456.51005016826093,2.0069929659366608,0.75,0.0019299302823377646,3
2024-03-03,2024-02-27,2024-03-08,0.5254475851056188,3.1635887353307277,811.4966206316793,809.5894459541887,814.8805406573229,5.291094703134149,1.0,0.0022755062945016245,3
2024-03-03,2024-02-27,2024-03-08,6.513515746774672,2.6545816376174174,711.3292008848687,704.4454040639102,718.610992543865,14.16558847995475,1.5,0.020646261624564448,3
2024-03-03,2024-02-27,2024-03-08,0.7368554070141901,2.732615752189559,610.2913920056181,609.1169528937899,611.6088492302224,2.4918963364325464,0.75,0.006273920942077471,3
2024-03-03,2024-02-27,2024-03-08,2.951820910429697,2.7674649723936593,587.8901038535266,583.5091039203107,592.1142085343599,8.605104614049196,1.0,0.011937646416571553,3
2024-03-03,2024-02-27,2024-03-08,0.37645874004191004,2.7074448786201897,570.7700123300899,570.3772606365383,571.3759139166214,0.9986532800830901,0.75,0.003496157972912875,3
2024-03-08,2024-03-08,2024-03-09,1.4096390771567824,2.7419264065659052,694.7050980536966,690.845307962969,699.9302597423084,9.084951779339463,0.75,0.0070850406518088655,3
2024-03-08,2024-03-08,2024-03-09,0.47195733934585304,2.3486906050792746,729.9695148270313,724.4708026824519,735.2068231878802,10.736020505428314,1.0,0.005654447985995202,3
2024-03-15,2024-03-09,2024-03-22,3.213165651043831,2.4902598119381296,633.1106853393359,627.7527515129186,639.1531308074482,11.400379294529557,1.0,0.012257752831651128,3
2024-03-15,2024-03-09,2024-03-22,0.521479588881786,2.485147954069893,657.5763031352888,656.884848347865,658.628915478941,1.744067131076008,0.75,0.005424912800318504,3
2024-03-15,2024-03-09,2024-03-22,1.4742817079823174,3.2485775079037413,740.1020822120306,735.4411193048581,746.9574176641181,11.516298359259963,0.75,0.006667213671423596,3
2024-03-15,2024-03-09,2024-03-22,6.760743167405702,3.0959992211926397,809.4607805752881,801.9327780469321,817.8787450189702,15.94596697203815,1.5,0.015246110522179996,3
2024-03-15,2024-03-09,2024-03-22,1.0210850014069937,22.279364366405876,1115.806378148317,1113.9857176672667,1117.9122126069851,3.9264949397183955,1.25,0.00533732604934695,3
2024-03-15,2024-03-09,2024-03-22,0.18979592946666282,23.489333767112814,868.7587016925498,868.5070245889947,869.2718624039553,0.7648378149606287,0.75,0.003218292666881666,3
2024-03-15,2024-03-09,2024-03-22,0.4244043277639316,3.8557356244547774,1175.1329076358322,1173.7808674424887,1176.5846443003975,2.803776857908815,1.0,0.004452771944096622,3
2024-03-15,2024-03-09,2024-03-22,11.124635968907686,2.9880206328871717,556.8000621894896,546.7566455057822,570.1310542975552,23.37440879177302,1.5,0.01886167858388202,3
2024-03-15,2024-03-09,2024-03-22,4.27413920813605,3.3649490562560334,846.5999667317419,839.8159004086629,854.1082709645852,14.292370555922389,1.0,0.011353648141654817,3
2024-03-15,2024-03-09,2024-03-22,5.086099585791596,2.8963284661049795,540.9241120404132,535.2731508831494,547.506342260167,12.233191377017647,1.25,0.020980414409533243,3
2024-03-15,2024-03-09,2024-03-22,0.2605944588135896,2.5068627799077285,686.7259455307941,686.3389499806799,687.3514367188327,1.012486738152802,0.75,0.0033351281506129944,3
2024-03-15,2024-03-09,2024-03-22,0.2572123370024634,3.000567243845845,528.9341965497216,528.5509339030832,529.5496012391523,0.9986673360690475,0.75,0.003494484479625292,3
2024-03-15,2024-03-09,2024-03-22,3.766222851092216,3.0540244285013243,516.201857387626,510.82119736028835,521.3082183902152,10.487021029926836,1.0,0.00613581331163891,3
2024-03-15,2024-03-09,2024-03-22,0.6933194872772779,3.2472792148610914,498.07564116396884,496.8456654804759,499.5915935477242,2.7459280672483146,0.75,0.0028642113132549374,3
2024-03-15,2024-03-09,2024-03-22,1.4105866855885936,2.7258384728875353,533.3588779457644,531.5386322806589,535.5249232994393,3.986291018780321,1.0,0.009967755590649207,3
2024-03-15,2024-03-09,2024-03-22,4.047645497758907,3.57228389819946,473.77494054363615,468.6024512727745,481.3493863940239,12.746935121249408,1.5,0.0112375076606003,3
2024-03-15,2024-03-09,2024-03-22,1.428925536618733,3.3013003119568185,461.85818190050566,459.5750656500459,464.3081815149635,4.733115864917636,1.0,0.004314967263542825,3
2024-03-15,2024-03-09,2024-03-22,0.20338352028589185,3.237319836297531,271.42446348690413,270.9774495717138,272.11419041175395,1.1367408400401473,0.75,0.001927337856698488,3
2024-03-15,2024-03-09,2024-03-22,3.538554118848249,3.6712954903276427,222.98221447929123,207.03016368299723,251.82566133933142,44.79549765633419,2.0,0.023071886621406433,3
2024-03-15,2024-03-09,2024-03-22,5.626382419925369,3.007676523073998,699.9639052101356,696.9076488041319,709.9332670159638,13.025618211831897,1.5,0.060549027132362314,3
2024-03-15,2024-03-09,2024-03-22,0.0837011733076392,3.25,534.908615625396,534.526255949866,535.5249232994393,0.9986673495732248,0.25,0.0021661413861020027,3
2024-03-23,2024-03-22,2024-03-25,0.5359821206618125,2.7146003983632845,771.6815823328652,770.8858695412055,772.7466949154623,1.8608253742568195,0.75,0.0027704438687752714,3
2024-03-23,2024-03-22,2024-03-25,0.255182296009918,2.7510633485390614,722.2313033967874,721.8367439284921,722.8706355853938,1.0338916569016874,0.75,0.004889417458500142,3
2024-03-23,2024-03-22,2024-03-25,1.102586376170404,2.4892405837214424,683.3001791085592,680.0272584329359,689.7181655028835,9.69090706994757,0.75,0.005066811029722615,3
2024-03-23,2024-03-22,2024-03-25,0.27066176770825334,2.478074241029632,646.8127368117214,646.4495340781286,647.4499671407975,1.0004330626688898,0.75,0.0045126162704041605,3
2024-03-23,2024-03-22,2024-03-25,0.6521550748725045,2.8775278507676596,601.4494307920835,600.1544335447252,602.895573857706,2.7411403129808605,1.5,0.014137710686364349,3
2024-03-23,2024-03-22,2024-03-25,0.5983880682841319,2.8642923193260743,507.25729494588126,506.3143098996952,508.3342707520351,2.0199608523398638,1.0,0.003596134952104853,3
2024-03-23,2024-03-22,2024-03-25,0.9903801593214635,2.94948797326644,105.80272636666055,81.22059505945072,153.79358246875927,72.57298740930855,0.75,0.009399856804190568,3
2024-03-23,2024-03-22,2024-03-25,4.7640556627651724,2.550004114903593,62.535810650778046,36.01266774442047,128.830041653011,92.81737390859053,1.0,0.016227869802761783,3
2024-03-23,2024-03-22,2024-03-25,0.45822837831487734,2.217161757742848,639.0252769438712,638.402814025525,639.8918344220147,1.48902039648965,0.75,0.01014643974713928,3
2024-03-30,2024-03-25,2024-04-04,1.147154059269272,2.6572982878592533,54.93976888546952,52.978207346983254,57.34318972192705,4.364982374943793,1.0,0.008191298735111022,3
2024-03-30,2024-03-25,2024-04-04,1.1434256874426432,3.109412945158048,436.5795371035271,435.28531493386254,438.4382166196592,3.152901685796678,1.0,0.00682407324318128,3
2024-03-30,2024-03-25,2024-04-04,0.9814067386324753,2.7998182204861144,713.7118946396093,712.6317086596973,715.5861930120736,2.954484352376312,1.25,0.01364025947217997,3
2024-03-30,2024-03-25,2024-04-04,0.3511600182220606,5.5059374813474875,1187.0718220448043,1186.796022244729,1187.5590575933456,0.7630353486165404,1.25,0.0037972868756291,3
2024-04-06,2024-04-04,2024-04-09,6.443821113586969,2.3015063340796424,637.6454362596842,632.6785794566385,643.280621342361,10.602041885722429,1.0,0.027771766720346716,4
2024-04-06,2024-04-04,2024-04-09,5.359779790055645,2.3493660047849056,658.187067782322,653.6414067517035,662.9872252368368,9.34581848513335,1.25,0.034586139470700855,4
2024-04-06,2024-04-04,2024-04-09,0.28702552707570284,1.9718005981913915,677.1743859998717,676.7907299045473,677.7973800282925,1.006650123745203,0.75,0.003835681083896174,4
2024-04-06,2024-04-04,2024-04-09,0.23044326427148099,2.2245982531105097,695.7010638632914,695.4276198027655,696.190835995134,0.763216192368418,0.75,0.0055868906306556125,4
2024-04-06,2024-04-04,2024-04-09,0.25442244685755505,2.7331257969244716,713.7794564861172,713.5305820037611,714.30345892068,0.7728769169189036,0.75,0.017063304289002802,4
2024-04-06,2024-04-04,2024-04-09,1.773888743301755,2.229168136259148,682.8129194848648,679.0179759482853,689.7181655028835,10.700189554598182,0.75,0.013884457713656824,4
2024-04-06,2024-04-04,2024-04-09,4.444749764765902,2.4894260960827546,732.1555230956677,726.5845033917576,738.9496019426733,12.365098550915718,1.5,0.016646550295206293,4
2024-04-06,2024-04-04,2024-04-09,1.8246760233433366,2.209714702587424,768.3370815154898,763.0493414076045,777.4700357294641,14.420694321859628,0.75,0.015036275051378313,4
2024-04-06,2024-04-04,2024-04-09,0.11025523239511008,43.63526573288842,1172.4964898354374,1172.4964898354374,1172.7482622517273,0.2517724162898958,0.5,0.008355880246191485,4
2024-04-06,2024-04-04,2024-04-09,0.2726780241610069,43.76845966249897,1172.8044080557354,1172.4964898354374,1173.2622016412206,0.7657118057832122,0.75,0.021995230868717165,4
2024-04-06,2024-04-04,2024-04-09,0.32648883914981375,38.0325926292937,1292.3828721476534,1292.1766004320234,1292.934751699213,0.7581512671895325,0.75,0.031302779874738174,4
2024-04-06,2024-04-04,2024-04-09,1.8657495459058295,2.489789576842087,609.5950546759047,607.8724567848258,611.6088492302224,3.736392445396632,1.25,0.017774670011291762,4
2024-04-06,2024-04-04,2024-04-09,4.02701891666815,2.7358570229176995,722.3811060310505,716.0870642382652,728.9453417644836,12.858277526218444,1.5,0.04982121342540713,4
2024-04-06,2024-04-04,2024-04-09,0.5745351495648273,2.4844573184766747,605.7899679012917,605.0284254215658,606.6378983375616,1.609472915995866,1.25,0.012711108423908971,4
2024-04-06,2024-04-04,2024-04-09,5.791093571182925,2.8160139511010955,441.90433297513016,436.4227163675241,447.519528335426,11.096811967901886,1.5,0.01601851736351011,4
2024-04-06,2024-04-04,2024-04-09,0.24571955562987038,2.226284224029903,43.510274109006744,43.13494567293674,44.28383851144463,1.1488928385078907,0.75,0.006918691151462832,4
2024-04-06,2024-04-04,2024-04-09,0.05648331624462002,2.3622487243291794,44.03206609515473,44.03206609515473,44.28383851144463,0.2517724162898958,0.5,0.004754835020451313,4
2024-04-06,2024-04-04,2024-04-09,0.11772796359680229,2.2903094386348926,124.33532619160532,124.23109970893711,125.01460776897147,0.7835080600343645,0.75,0.0070821396487327866,4
2024-04-06,2024-04-04,2024-04-09,1.2715837639859828,2.229626018346397,76.420724269593,47.350897181779146,128.830041653011,81.47914447123185,0.75,0.010143036016081054,4
2024-04-06,2024-04-04,2024-04-09,2.061258380327422,2.2662601721597206,83.21865066327047,54.7951800073497,138.82368708960712,84.02850708225742,0.75,0.00823179084788195,4
2024-04-06,2024-04-04,2024-04-09,0.8828975077176417,2.712891891259902,90.84179676946232,59.05205163080245,135.88867715653032,76.83662552572787,0.75,0.013479262711748319,4
2024-04-06,2024-04-04,2024-04-09,0.2363041484640853,2.8389580475461145,84.66901595010776,59.898717183154076,137.71215413883328,77.81343695567921,0.5,0.006406884052027092,4
2024-04-06,2024-04-04,2024-04-09,0.7125520674421426,2.6779558395183853,601.793877593496,600.901040611323,602.646612264216,1.745571652892977,1.0,0.013638410821335175,4
2024-04-06,2024-04-04,2024-04-09,0.20164333228760017,2.518447715228677,64.80776533346044,64.43809029646218,65.38847131701186,0.9503810205496848,0.75,0.004814574768083461,4
2024-04-06,2024-04-04,2024-04-09,0.025675813956347642,2.75,65.13669890072197,65.13669890072197,65.38847131701186,0.2517724162898958,0.25,0.002647265195970706,4
2024-04-06,2024-04-04,2024-04-09,3.733112197682827,2.7057712370698224,395.26709131300476,390.6305670682341,400.5084804291837,9.877913360949606,0.75,0.016773455345385983,4
2024-04-06,2024-04-04,2024-04-09,19.79828754408344,2.6766911927881667,415.45717450802937,402.24980467231944,427.2638793424703,25.014074670150876,1.5,0.039535777832532475,4
2024-04-06,2024-04-04,2024-04-09,0.23228378357766416,2.8520413361561707,402.6036210967299,402.24980467231944,403.2491440703161,0.999339397996664,0.5,0.005759740891531973,4
2024-04-06,2024-04-04,2024-04-09,0.17165780399541022,2.8646473109684325,110.87422934820523,61.06303933961317,138.82368708960712,77.76064774999395,0.5,0.006300472201559909,4
2024-04-12,2024-04-09,2024-04-16,1.7768882339832246,3.1235479579044614,697.6850409957225,697.4202004056424,698.185373254586,0.7651728489436209,1.0,0.01990995646748954,4
2024-04-21,2024-04-16,2024-04-26,0.32844907623994285,21.502374673976988,1109.1331451479516,1108.8739601825364,1109.6369236866012,0.7629635040648282,1.25,0.0030108050576869005,4
2024-04-21,2024-04-16,2024-04-26,0.26330145289043455,2.203914092818693,650.9138047492515,650.6849311934784,651.4358627055772,0.7509315120987594,0.75,0.008627343977297053,4
2024-04-21,2024-04-16,2024-04-26,0.6142647739122686,2.235067626473402,409.61444615122156,408.7238921285607,410.71909404266626,1.9952019141055644,0.75,0.005784592161335978,4
2024-04-21,2024-04-16,2024-04-26,4.083263489719023,2.2740493888507993,634.7253597022012,630.7392726708204,638.9038586104289,8.164585939608514,1.25,0.024527032765728707,4
2024-04-28,2024-04-26,2024-05-01,0.21979769707970345,2.750009306971408,713.5297669926649,713.2662291997112,714.0366392503493,0.77041005063802,0.75,0.010322967613273094,4
2024-05-05,2024-05-01,2024-05-10,5.1531621271963015,3.475937594944541,271.58310730720194,255.86395813338459,296.6811877428554,40.817229609470814,1.25,0.012128623960490713,5
2024-05-05,2024-05-01,2024-05-10,2.787513979786495,1.9685759342589617,688.882608241082,684.5711553078145,699.6182901524007,15.047134844586253,0.75,0.009475628040693676,5
2024-05-05,2024-05-01,2024-05-10,0.2775801589923793,3.2475807916386716,506.1860429955471,505.816384752281,506.83627823600546,1.019893483724445,0.75,0.005861771692736833,5
2024-05-05,2024-05-01,2024-05-10,8.053050256033401,3.4889345591985856,486.5516973582811,479.85278788395226,493.83418346196413,13.98139557801187,1.5,0.011382465897720942,5
2024-05-05,2024-05-01,2024-05-10,3.791443145804391,2.995389873507117,354.0587645103806,345.7032753415406,363.25844760704786,17.55517226550728,1.0,0.017108446635608583,5
2024-05-05,2024-05-01,2024-05-10,0.33721214107512076,9.347273132997799,316.29525015872,315.8937660870142,316.9221002161503,1.0283341291360557,1.0,0.004508102973668922,5
2024-05-05,2024-05-01,2024-05-10,0.34817613743040093,2.763081113406408,312.0230053048797,310.8895907057449,312.98141406290233,2.091823357157409,0.75,0.004020608305929457,5
2024-05-05,2024-05-01,2024-05-10,3.23223539739846,3.602373918487606,182.17683442634655,174.74888938153163,229.20107131218538,54.45218193065375,1.5,0.014451157831531166,5
2024-05-05,2024-05-01,2024-05-10,1.8945346862602532,2.961922735589781,149.49122396265545,98.94362931372598,168.20281529380009,69.25918598007411,1.25,0.006035489065589862,5
2024-05-05,2024-05-01,2024-05-10,0.7650350347074365,5.247958350851009,20.719631468759726,20.555169028695673,21.023958360310644,0.46878933161497116,0.75,0.004125886204660791,5
2024-05-05,2024-05-01,2024-05-10,1.6146083230635722,6.954577483045096,20.42418474105695,20.338197982870042,20.80694144498557,0.4687434621155262,0.75,0.007591419508340368,5
2024-05-05,2024-05-01,2024-05-10,0.8973678755714873,5.249807986499084,20.424575738036477,20.338197982870042,20.80694144498557,0.4687434621155262,0.75,0.004828567676228311,5
2024-05-05,2024-05-01,2024-05-10,0.5172311811293103,6.5582690594637745,20.592979191447824,20.338197982870042,21.023958360310644,0.6857603774406016,0.5,0.011159317514645783,5
2024-05-05,2024-05-01,2024-05-10,0.5887288824762741,7.173167367841469,20.691826332146828,20.555169028695673,21.023958360310644,0.46878933161497116,0.5,0.005812861231078306,5
2024-05-05,2024-05-01,2024-05-10,0.2592999079921311,2.9875215798069323,1130.7140224858972,1130.3126787673682,1131.3354465751909,1.0227678078226745,0.75,0.0036540042421280543,5
2024-05-05,2024-05-01,2024-05-10,0.9816889125680321,3.339587556116139,207.45851177025057,195.853236281313,241.57272905670106,45.71949277538806,1.0,0.010593788865520882,5
2024-05-12,2024-05-10,2024-05-14,3.9978155193871645,0.812950535111923,14.238616518627174,13.454276605509222,15.188403883948922,1.7341272784397006,1.0,0.021407018495248595,5
2024-05-12,2024-05-10,2024-05-14,0.6459237705124334,2.2292614294682167,614.3679474766933,613.5937535329722,615.4113016715273,1.8175481385551393,0.75,0.007499111241208135,5
2024-05-19,2024-05-14,2024-05-24,0.310603447373315,12.850502363886541,1029.7072683789288,1029.4858451373875,1030.2385904206894,0.7527452833019197,1.0,0.005454198112166532,5
2024-05-19,2024-05-14,2024-05-24,0.5253098026508041,20.086925794185042,744.6399648002948,744.2584383534268,745.3097292548046,1.0512909013777971,1.5,0.007646128693412364,5
2024-05-19,2024-05-14,2024-05-24,0.9594122780040145,2.2470625287189816,596.9562604788258,595.289519763086,598.9126456594095,3.6231258963234723,0.75,0.009605128330288662,5
2024-05-19,2024-05-14,2024-05-24,1.1100645204790462,2.2284301416664865,587.2159045623209,585.4707296895795,589.1267839428037,3.6560542532242835,0.75,0.0076114329592415556,5
2024-05-19,2024-05-14,2024-05-24,0.2781177560442623,2.4911606343064867,70.88549135813886,70.38522949069738,71.65771483350545,1.2724853428080678,0.75,0.006884198947090765,5
2024-05-19,2024-05-14,2024-05-24,10.57382338289363,17.875018081414044,44.24644681956599,21.556085699237883,103.6264299317263,82.07034423248842,1.75,0.021656330305678175,5
2024-05-19,2024-05-14,2024-05-24,3.812911968570743,18.200146276349884,22.63449327949005,22.3084704419598,23.132350409869105,0.8238799679093063,1.25,0.011562598210935705,5
2024-05-19,2024-05-14,2024-05-24,0.9367822179106297,18.75,106.42047062702477,106.42047062702477,106.67224304331467,0.2517724162898958,0.25,0.003058191859630882,5
2024-05-19,2024-05-14,2024-05-24,3.2650665204826628,18.449315447445986,106.12627298566296,105.9235864491202,106.67224304331467,0.7486565941944718,0.75,0.010353704364584502,5
2024-05-19,2024-05-14,2024-05-24,117.58468117355382,16.099596128306363,41.24920278916699,20.483116299379617,106.67224304331467,86.18912674393505,5.5,0.03902385067865324,5
2024-05-19,2024-05-14,2024-05-24,2.435142810355872,17.754458746898262,27.758620008360595,27.758620008360595,28.01039242465049,0.2517724162898958,0.75,0.0056172100051907975,5
2024-05-19,2024-05-14,2024-05-24,5.572164174223901,17.74866001332927,28.122339540881654,28.001436972990632,28.496076229028404,0.4946392560377717,0.75,0.007708485721705294,5
2024-05-19,2024-05-14,2024-05-24,0.4026318045204303,0.7993796232403978,24.451337140402877,24.202802890446037,24.947121646720916,0.744318756274879,0.75,0.027457925646537172,5
2024-05-19,2024-05-14,2024-05-24,0.4622196005441129,14.49429290806189,17.814454535291976,17.577073462307453,18.34163429448381,0.7645608321763575,0.75,0.010248726132999241,5
2024-05-26,2024-05-24,2024-05-29,122.56985866747907,14.780843353080048,366.35239100338214,353.37270942656323,375.81536865979433,22.442659233231097,11.25,0.05653842086225675,5
2024-06-02,2024-05-29,2024-06-07,4.698821177932044,3.444719039367286,364.7331443978045,360.1604718468152,372.4737140722573,12.313242225442082,1.75,0.019891278622272263,6
2024-06-02,2024-05-29,2024-06-07,0.8840880765311726,6.942019620201841,971.9382236837412,970.7357601085678,973.4879650194198,2.752204910852015,1.0,0.00597406058338336,6
2024-06-02,2024-05-29,2024-06-07,0.5728436165859836,3.2997654372196386,292.74147583221026,277.6031886818819,302.1451028464362,24.541914164554328,1.0,0.005588962507731286,6
2024-06-02,2024-05-29,2024-06-07,1.4750758611263999,3.215464201574503,357.16564667528746,353.37270942656323,363.25844760704786,9.885738180484623,0.75,0.01523595185282435,6
2024-06-02,2024-05-29,2024-06-07,2.8133083785509156,3.328443580276684,190.02316232838643,174.74888938153163,229.72855130955577,54.97966192802414,1.25,0.016064972805591646,6
2024-06-02,2024-05-29,2024-06-07,0.2718617779873951,0.02129733580572365,24.46114017800727,24.202802890446037,24.947121646720916,0.744318756274879,0.5,0.008901803441938022,6
2024-06-02,2024-05-29,2024-06-07,0.9071807054963861,0.39938030391231066,24.41018213833223,24.202802890446037,24.947121646720916,0.744318756274879,0.5,0.006483467062911818,6
2024-06-02,2024-05-29,2024-06-07,2.5921261849540342,3.201108938185013,265.6986794217403,255.51074791466817,288.4775868044235,32.96683888975531,1.25,0.00789541049023107,6
2024-06-09,2024-06-07,2024-06-11,0.42638307012665805,1.053163164185723,21.816645721794448,21.556085699237883,22.309402031823993,0.7533163325861096,0.75,0.016625690835648584,6
2024-06-09,2024-06-07,2024-06-11,0.37642141478119506,0.8206691370931171,23.389114673099098,23.129116822499782,23.878107072785497,0.7489902502857149,0.75,0.01582014990583847,6
2024-06-16,2024-06-11,2024-06-21,0.8156723842751172,2.4901037388713414,72.1721947809641,70.38522949069738,74.25487091764808,3.869641426950693,0.75,0.009212747264372847,6
2024-06-16,2024-06-11,2024-06-21,0.8842155992600235,23.902137639518628,1078.2823143375301,1077.892252357211,1078.903158901725,1.0109065445140004,2.5,0.006886290989561245,6
2024-06-24,2024-06-21,2024-06-27,0.18185962230347677,20.75033226385904,1118.4299460891875,1118.1726358481683,1118.937178933993,0.7645430858246982,0.75,0.0019717404146924813,6
2024-07-05,2024-07-03,2024-07-08,0.40574396335818963,42.513123851843304,1295.4729674462321,1295.2144385315478,1295.9725766074844,0.7581380759365857,0.75,0.018408221695687475,7
2024-07-05,2024-07-03,2024-07-08,0.24982961443959478,18.252093340764006,1203.9894476343682,1203.6082856114954,1204.6239554914646,1.0156698799692094,0.75,0.004757795112823801,7
2024-07-05,2024-07-03,2024-07-08,0.268638776343364,36.756094712183476,1145.078527260169,1144.778392556589,1145.5449697491713,0.76657719258219,0.75,0.01768568903430256,7
2024-07-05,2024-07-03,2024-07-08,0.5087398416744132,35.925107654962204,1147.2611599834606,1147.1230276958086,1147.88995366171,0.7669259659014642,0.75,0.04858673109993482,7
2024-07-05,2024-07-03,2024-07-08,0.1788292895010116,50.24596753188701,1089.618096170333,1089.3570871469565,1090.116579520516,0.759492373559624,0.75,0.0022070783099653424,7
2024-07-05,2024-07-03,2024-07-08,0.5936127008643616,50.11143074164073,1086.4745718943896,1086.0578900510445,1087.0712906033732,1.013400552328676,2.0,0.008102917092413967,7
2024-07-05,2024-07-03,2024-07-08,0.44063156353864796,35.63999991286305,1141.9632240640597,1141.6889539272524,1142.4555259207264,0.7665719934739172,1.0,0.04017343200236458,7
2024-07-05,2024-07-03,2024-07-08,0.6893601772018071,1.946867230953361,596.5825213865131,595.7874380433932,597.6679549920373,1.8805169486440718,0.75,0.016180088134249735,7
2024-07-13,2024-07-08,2024-07-18,0.4667978931050324,2.127333914674223,67.27603745084834,64.43809029646218,70.17733033234254,5.739240035880357,1.0,0.00465791544338583,7
2024-07-13,2024-07-08,2024-07-18,1.1246636069807199,13.013830651434919,536.4357847713628,535.5246738479473,537.5345515469089,2.0098776989616454,1.75,0.009597820953966085,7
2024-07-13,2024-07-08,2024-07-18,0.17116879901987114,18.127652173017715,1484.2876806689208,1484.1583549538627,1484.660914846696,0.5025598928332329,1.0,0.005314981385013628,7
2024-07-13,2024-07-08,2024-07-18,0.48681745090011536,18.145498087337796,1485.0207566717727,1484.6599299260415,1485.6634956859052,1.0035657598637044,1.25,0.008939220097519664,7
2024-07-13,2024-07-08,2024-07-18,0.14759434059298307,18.543335600679775,1485.5608356502098,1485.4117232696153,1485.914282783866,0.5025595142506063,0.75,0.003213199263323746,7
2024-07-13,2024-07-08,2024-07-18,0.2500215909070158,18.726766622593516,1486.6845532266836,1486.4143847129308,1487.1677296883427,0.7533449754118919,0.75,0.004576219332511048,7
2024-07-13,2024-07-08,2024-07-18,0.4592441541283989,18.398479669975202,1488.8703191606335,1488.6703239874914,1489.2967720879242,0.6264481004327536,1.5,0.006527039791461401,7
2024-07-20,2024-07-18,2024-07-23,7.244942625778131,0.3440141111824675,30.053581406430762,17.577073462307453,103.13003460457548,85.55296114226803,1.0,0.042051980155292046,7
2024-07-20,2024-07-18,2024-07-23,0.712997075187935,13.490870431662577,17.568765131659728,17.34561189636588,18.09511092863977,0.7494990322738886,0.75,0.02822940300385552,7
2024-07-26,2024-07-23,2024-07-29,0.2699021073852027,35.246470001513515,289.4129861128549,289.03550771437585,289.95270320028067,0.9171954859048128,0.75,0.011326355452191248,7
2024-07-26,2024-07-23,2024-07-29,0.43393693498949965,34.061111188471784,1293.4813043897761,1293.1892838180065,1293.9474224778824,0.75813865987584,1.0,0.019490919563415896,7
2024-07-26,2024-07-23,2024-07-29,0.13444527437982698,29.46304964791354,1463.2290160991881,1463.0462308777496,1463.8096646685153,0.7634337907657027,0.75,0.004283564116277472,7
2024-07-26,2024-07-23,2024-07-29,0.1890102106985261,28.970658276038222,1463.8710431743648,1463.5629965872504,1464.322832070291,0.7598354830406606,1.0,0.0038672408646932776,7
2024-07-26,2024-07-23,2024-07-29,0.748037186509561,18.62282624637348,1489.1606549773323,1488.4195380099118,1490.0488591189496,1.6293211090378463,2.0,0.013042532784064215,7
2024-07-26,2024-07-23,2024-07-29,1.3939386122200488,29.70737584332347,288.50892080029206,288.1520260218531,289.0710296393372,0.9190036174841225,1.25,0.03164361631567856,7
2024-07-26,2024-07-23,2024-07-29,0.039811135667215336,29.626133212330867,1463.5578922522254,1463.5578922522254,1463.8096646685153,0.2517724162898958,0.5,0.0024646867734696796,7
2024-07-26,2024-07-23,2024-07-29,0.27676240218426973,25.482994638420294,281.6667417434428,281.2633224250749,282.18579507106915,0.9224726459942758,0.75,0.013140972738105555,7
2024-07-26,2024-07-23,2024-07-29,0.19119439935294502,28.44600758829,1463.5876412004236,1463.3089651255868,1464.322832070291,1.0138669447042048,0.75,0.004395742331733899,7
2024-07-26,2024-07-23,2024-07-29,10.52260783797194,13.12710219438737,28.246541628543852,28.001436972990632,28.738993019796908,0.7375560468062758,1.0,0.02263761780981403,7
2024-07-26,2024-07-23,2024-07-29,14.05866959872823,11.732157791714723,27.232504847986323,26.843698393087834,27.820933796931058,0.977235403843224,1.25,0.03138229906089922,7
2024-07-26,2024-07-23,2024-07-29,19.137941431305563,10.141196716581906,22.354120238966527,21.556085699237883,23.62947475677356,2.073389057535678,2.25,0.03738621802851324,7
2024-07-26,2024-07-23,2024-07-29,0.3907763449821717,2.1523045931596614,19.757600323291193,19.513051045592874,20.193708752747625,0.6806577071547508,0.75,0.018545597744360973,7
2024-07-26,2024-07-23,2024-07-29,0.3360324614185945,1.8821719641783439,53.93480279265109,19.513051045592874,98.98710175603628,79.47405071044341,1.5,0.017358555682577013,7
2024-07-26,2024-07-23,2024-07-29,0.2809775130346911,1.9856272143856886,69.4323617269203,68.8961679362692,70.17733033234254,1.2811623960733414,0.75,0.00462161960858528,7
2024-07-26,2024-07-23,2024-07-29,0.8962097224565537,0.916804966284859,98.38126251451682,97.78135328413919,98.98710175603628,1.2057484718970954,0.75,0.02375291233480273,7
2024-07-26,2024-07-23,2024-07-29,0.12927651255960354,1.1129947567096734,97.7813532841392,97.78135328413919,98.03312570042908,0.2517724162898958,0.5,0.009597080930872963,7
2024-08-17,2024-08-14,2024-08-21,0.23096487377492958,32.732744630422815,327.87638438296705,327.5780831449665,328.34117483207956,0.7630916871130466,0.75,0.015425038539258423,8
2024-08-17,2024-08-14,2024-08-21,8.603261735403567,27.03096917944896,633.6821526042553,633.2974121640436,634.2968810824677,0.9994689184240997,0.75,0.026301859507026275,8
2024-08-24,2024-08-21,2024-08-27,0.5093269749492012,40.001171516373915,1165.605958411744,1165.369187087752,1166.1356437392533,0.7664566515013576,0.75,0.013873720344366507,8
2024-08-24,2024-08-21,2024-08-27,1.713512081354732,29.131527752625605,889.1533373570894,888.9086067932658,889.6678234189749,0.7592166257090867,1.0,0.013074818988037014,8
2024-08-24,2024-08-21,2024-08-27,4.52182302921471,22.71126185428454,1213.4022783015737,1211.451603563968,1216.4703716197982,5.018768055830151,4.0,0.012258212415067643,8
2024-08-24,2024-08-21,2024-08-27,0.04297805500551779,30.0,340.64450798835605,340.64450798835605,340.89628040464595,0.2517724162898958,0.25,0.006734798695560711,8
2024-08-24,2024-08-21,2024-08-27,0.9438110113992988,0.9070503490273777,105.81121130207191,105.42670227494091,106.67224304331467,1.2455407683737576,1.0,0.014163966968327411,8
2024-08-24,2024-08-21,2024-08-27,0.23774743384046715,30.295908786449147,340.8872673293618,340.64450798835605,341.4023536113091,0.7578456229530275,0.75,0.019848554247192552,8
2024-08-31,2024-08-27,2024-09-05,0.6896673395496807,7.772472172117248,22.060829143390887,21.806834855116904,22.560242858249694,0.7534080031327903,1.75,0.007951569707878435,8
2024-08-31,2024-08-27,2024-09-05,0.6295351486188752,29.02496344604603,878.1094638263792,877.7794193099253,878.5430855853483,0.7636662754230201,0.75,0.017892503447584664,8
2024-09-14,2024-09-11,2024-09-17,0.6385392855426508,1.9572369322482093,667.7374419597058,666.9876238419674,668.7409378373995,1.7533139954321086,0.75,0.005572228981743467,9
2024-09-14,2024-09-11,2024-09-17,4.471786534518504,28.418038451739676,633.2626165270171,632.927710398566,633.6777446195483,0.750034220982343,0.75,0.008048543684613628,9
2024-09-14,2024-09-11,2024-09-17,7.298252917203355,28.723071582578694,632.8714714794679,632.6785794566385,633.4286137600429,0.7500343034043908,1.0,0.011221653908581236,9
2024-09-14,2024-09-11,2024-09-17,2.3690273738381453,26.58372943545816,633.3401867208453,633.2974121640436,633.6777446195483,0.38033245550468564,0.5,0.008355577296306722,9
2024-09-14,2024-09-11,2024-09-17,9.498328411090164,27.036546558924456,632.9317827484916,632.6785794566385,633.4286137600429,0.7500343034043908,1.25,0.020708262241228244,9
2024-09-14,2024-09-11,2024-09-17,17.14642098902145,27.157832914720206,633.6187301656636,633.176841343753,634.2968810824677,1.120039738714695,1.5,0.05191323338567878,9
2024-09-14,2024-09-11,2024-09-17,5.1786608822008935,8.874146781894485,19.72821164816341,19.513051045592874,20.193708752747625,0.6806577071547508,1.0,0.02022472608738551,9
2024-09-14,2024-09-11,2024-09-17,1.4747317511764355,8.50075556134121,20.338197982870042,20.338197982870042,20.589970399159938,0.2517724162898958,1.25,0.036970248140300824,9
2024-09-14,2024-09-11,2024-09-17,2.525500153976071,5.497053226111156,20.58950693039673,20.338197982870042,21.023958360310644,0.6857603774406016,1.5,0.011763644383377887,9
2024-09-14,2024-09-11,2024-09-17,1.7245881793783653,6.3217540245759345,20.218457956229756,20.12127267755568,20.589970399159938,0.4686977216042578,1.5,0.01897314538296819,9
2024-09-14,2024-09-11,2024-09-17,5.934503705989585,7.542373107863275,20.557872143000104,20.12127267755568,21.023958360310644,0.9026856827549636,3.0,0.058937885245520336,9
2024-09-14,2024-09-11,2024-09-17,0.7800424960683323,2.231533902819044,613.1084761239947,611.8547262107022,614.5924547491595,2.7377285384573042,0.75,0.009803960061003517,9
2024-09-20,2024-09-17,2024-09-24,0.32255313273837005,33.48031946998343,911.5319829646141,911.2818664442748,912.0373043222353,0.7554378779605031,0.75,0.00923074136201739,9
2024-09-20,2024-09-17,2024-09-24,0.4616468812401574,37.491879684803784,1158.6869895343686,1158.4311970593408,1159.1978211360984,0.76662407675758,0.75,0.013209536018372107,9
2024-09-20,2024-09-17,2024-09-24,2.419259118043183,17.245719338686868,20.492924053923115,20.230239662807435,20.987810249440372,0.7575705866329372,0.75,0.011203802375588346,9
2024-09-20,2024-09-17,2024-09-24,3.261283010496866,13.373728436716595,20.749001048947033,20.483116299379617,21.2407767646946,0.7576604653149843,1.0,0.011370638659185748,9
2024-09-20,2024-09-17,2024-09-24,1.4004047573014138,33.74420697531636,298.55042518065466,292.12368234433234,310.633023455739,18.509341111406684,0.75,0.03693999066883807,9
2024-10-03,2024-10-03,2024-10-03,2.2222232209736883,3.0753388184069634,697.8073166516061,697.4202004056424,698.4416517233476,1.021451317705214,1.25,0.038350247706396313,10
2024-10-03,2024-10-03,2024-10-03,1.0122333756243858,39.00266109595242,1251.2310354366866,1250.9581342819147,1251.71347920876,0.7553449268452823,0.75,0.02868443185491961,10
2024-10-03,2024-10-03,2024-10-03,0.4361077797058552,39.0362180153777,1255.5590446118786,1255.2370231966488,1255.9923404399306,0.7553172432817519,0.75,0.018252488572262922,10
2024-10-13,2024-10-09,2024-10-18,0.1289116313852954,21.08215421280369,1488.7425558655586,1488.4195380099118,1489.1728823967278,0.7533443868160248,0.75,0.004835300573280245,10
2024-10-13,2024-10-09,2024-10-18,7.4225304254944175,18.89622674873458,1487.5241913826073,1484.1583549538627,1490.0488591189496,5.890504165086895,4.75,0.023107143234930457,10
2024-10-13,2024-10-09,2024-10-18,0.18104343907296902,15.245213299850535,1226.357251458554,1226.1083270334639,1226.8651196644641,0.7567926310002804,0.75,0.002412887736245826,10
2024-10-13,2024-10-09,2024-10-18,1.5634596237184064,7.188307451850805,969.0357244333571,967.4857621546835,970.9875325248577,3.5017703701741993,1.5,0.009437881235392416,10
2024-10-13,2024-10-09,2024-10-18,0.20256733705538407,21.267757882284876,1489.4364094432015,1489.14853787655,1489.9005086338148,0.7519707572646439,0.75,0.00961843467708476,10
2024-10-13,2024-10-09,2024-10-18,0.23642883875325288,2.20784344732792,663.230203352969,662.986098414287,663.7391619253904,0.7530635111033916,0.75,0.01332752515027142,10
2024-10-13,2024-10-09,2024-10-18,1.9112791884642368,1.95967930447195,640.8988250592073,638.1535417987034,643.5301285581663,5.376586759462953,0.75,0.02153562306614405,10
2024-10-13,2024-10-09,2024-10-18,0.5488215697460361,3.996030772096198,457.44998575287036,456.5763716464862,458.58189313160256,2.0055214851163328,0.75,0.00799802421203463,10
2024-10-13,2024-10-09,2024-10-18,0.6161732088277461,1.9724192358485249,70.20459995924973,68.8961679362692,71.65771483350545,2.761546897236258,0.75,0.016614006161765043,10
2024-10-13,2024-10-09,2024-10-18,0.6547074177426431,1.9606328849236776,676.188103530677,674.7743905787356,677.7973800282925,3.022989449556917,0.75,0.007092708660424605,10
2024-10-19,2024-10-18,2024-10-21,0.24647222926836904,19.23160130486946,141.3994972341069,140.9976328862831,142.05389916012064,1.0562662738375366,0.75,0.012254335969638146,10
2024-10-19,2024-10-18,2024-10-21,10.454291910535842,27.998725503961257,379.1853531244777,378.8106437209062,379.8117383364588,1.0010946155525744,1.25,0.026824178873670775,10
2024-10-25,2024-10-21,2024-10-29,0.7902727646594399,13.539005819112498,1143.660175372672,1142.7178841102868,1144.770787007641,2.0529028973542154,1.25,0.00444469031040602,10
2024-11-01,2024-10-29,2024-11-04,0.19648407487609165,26.495317726663195,914.5593672503613,914.3033386277966,915.0587884932756,0.7554498654790223,0.75,0.0028627315015500284,11
2024-11-01,2024-10-29,2024-11-04,0.1471976731511183,30.90910222130239,663.9129542155042,663.735662706662,664.2380960127339,0.5024333060719073,0.5,0.013388368367065872,11
2024-11-01,2024-10-29,2024-11-04,2.743847893710361,31.362389433414137,664.156984841529,663.735662706662,664.7394177690148,1.003755062352866,1.25,0.02579158872929717,11
2024-11-01,2024-10-29,2024-11-04,0.19994002894829493,31.375051156611637,660.7350778467953,660.7350778467953,660.9868502630852,0.2517724162898958,0.5,0.0034475640610565385,11
2024-11-01,2024-10-29,2024-11-04,0.8378148870843566,31.253473153492656,661.1148397862402,660.9857199825346,661.4881345969625,0.5024146144278347,0.75,0.015185468959333606,11
2024-11-01,2024-10-29,2024-11-04,0.6095617281190775,1.9681077542904624,614.3639963386252,613.5937535329722,615.4113016715273,1.8175481385551393,0.75,0.007179151611444242,11
2024-11-01,2024-10-29,2024-11-04,0.09955584884935058,31.0,660.7350778467953,660.7350778467953,660.9868502630852,0.2517724162898958,0.25,0.0035527045537255882,11
2024-11-08,2024-11-04,2024-11-12,0.885948737630659,6.3860591074208255,20.338197982870042,20.338197982870042,20.589970399159938,0.2517724162898958,1.5,0.008355269656795259,11
2024-11-08,2024-11-04,2024-11-12,0.3337381852751528,18.87330071177733,997.4685075273737,997.4685075273737,997.7202799436636,0.2517724162898958,0.5,0.00902604384622727,11
2024-11-08,2024-11-04,2024-11-12,0.9047586548516772,18.708852752460476,997.7765596008526,997.4685075273737,998.2203758130781,0.7518682857044041,0.75,0.026990020956407963,11
2024-11-08,2024-11-04,2024-11-12,0.5384525745535531,19.800634530553882,755.1427133894873,754.6204436672851,755.9589984649792,1.338554797694087,1.25,0.0074989222492521605,11
2024-11-08,2024-11-04,2024-11-12,11.850218265982495,7.6410182269780025,20.572074684302613,20.338197982870042,21.023958360310644,0.6857603774406016,5.75,0.021022495367829835,11
2024-11-08,2024-11-04,2024-11-12,1.9256523721653944,3.24858262561312,55.665038350047844,17.224506430793554,98.51011370588094,81.28560727508739,0.75,0.01991258078259037,11
2024-11-08,2024-11-04,2024-11-12,0.4339475094309838,16.297095912235676,17.591228393529462,17.34561189636588,18.09511092863977,0.7494990322738886,0.75,0.014168511216598864,11
2024-11-08,2024-11-04,2024-11-12,0.9113009610889701,3.1476533291154887,16.13962167776835,15.970303126145154,16.66374897584319,0.6934458496980369,0.5,0.018132364722290167,11
2024-11-08,2024-11-04,2024-11-12,1.2386025845416717,2.6785272533518176,16.213544188482565,15.970303126145154,16.66374897584319,0.6934458496980369,0.75,0.009298488647238295,11
2024-11-08,2024-11-04,2024-11-12,1.6855891985829974,14.32399453478881,17.55441868100625,17.34561189636588,18.09511092863977,0.7494990322738886,2.75,0.05766889101924382,11
2024-11-15,2024-11-12,2024-11-19,0.3105347764467719,3.561832495233176,945.8050422978532,945.4735375647433,946.477017249912,1.0034796851687133,1.0,0.003340716544269007,11
2024-11-15,2024-11-12,2024-11-19,1.042069917589236,3.6592079159958013,942.8897276112019,941.4658670029603,944.4730810234323,3.00721402047202,1.0,0.006826665668820556,11
2024-11-15,2024-11-12,2024-11-19,0.5553718068144422,3.931653567776753,913.9982538467101,913.2961818194017,915.0587884932756,1.762606673873961,1.0,0.003747274351696278,11
2024-11-15,2024-11-12,2024-11-19,0.19281014883448547,3.2399997388390416,901.4005016776099,901.1453918544576,901.9023300255649,0.756938171107322,0.75,0.0036311570842939207,11
2024-11-15,2024-11-12,2024-11-19,0.309200004981811,3.7481026481498865,886.224182421628,885.782438641414,886.7983086197637,1.0158699783496559,0.75,0.0036602590317380127,11
2024-11-15,2024-11-12,2024-11-19,0.6389741594486874,3.5376077599475555,1314.6853225539792,1313.6162932394072,1315.9148328336887,2.298539594281465,1.0,0.0031588134280126547,11
2024-11-15,2024-11-12,2024-11-19,0.20228749201467783,3.492914495700593,853.5350091165761,853.190320903901,854.1082709645852,0.9179500606842339,0.75,0.003208765221279723,11
2024-11-15,2024-11-12,2024-11-19,0.5166644414202417,3.8778278224987073,845.0171481559427,844.2501027686521,846.0672685331665,1.8171657645143569,1.0,0.005769937077901212,11
2024-11-15,2024-11-12,2024-11-19,4.41754701404786,3.4739130789134838,837.9261502580973,833.3095997855999,844.4394686711021,11.12986888550222,1.5,0.01461144927210727,11
2024-11-15,2024-11-12,2024-11-19,0.20203704140357345,3.489788029668806,824.1391362854388,823.8709642272443,824.6515702810138,0.7806060537695885,0.75,0.00435493882775015,11
2024-11-15,2024-11-12,2024-11-19,1.9834287285969756,3.812938281108831,818.8732332333983,814.99921615934,824.8569305175915,9.857714358251542,1.0,0.009384865943484144,11
2024-11-15,2024-11-12,2024-11-19,1.193194422174124,3.0174943030738346,698.0241490736179,697.6764761842787,698.697930204682,1.0214540204033256,1.0,0.01282080817165491,11
2024-11-15,2024-11-12,2024-11-19,0.7458560820672416,3.0985280455087123,625.8833471970731,625.0157567141578,626.7610037121922,1.7452469980344176,1.25,0.00612664743625547,11
2024-11-15,2024-11-12,2024-11-19,0.1837177027356962,3.5016774930707593,947.9803723848374,947.7281468571164,948.4807186396793,0.7525717825628817,0.75,0.0019732687640337263,11
2024-11-15,2024-11-12,2024-11-19,0.7471222455487634,3.8141109629199414,848.0676742432269,847.217501333449,849.3901142189279,2.172612885478884,1.0,0.007362275906493047,11
2024-11-15,2024-11-12,2024-11-19,0.20688756288960644,3.7271664651595517,952.7530235444527,952.4850007216446,953.265601746738,0.7806010250933468,0.75,0.0030250500332668286,11
2024-11-15,2024-11-12,2024-11-19,1.1414702340284233,3.620436443921306,570.5510017538079,568.3856100603007,572.3719445965253,3.9863345362246037,1.0,0.008595335399224843,11
2024-11-15,2024-11-12,2024-11-19,2.9297699898368834,3.4444161076787125,1000.89389511124,996.7189525840804,1005.4717869949527,8.75283441087231,1.0,0.016801594981431415,11
2024-11-15,2024-11-12,2024-11-19,1.955142601171638,3.6143161471379464,1308.1410389715713,1304.9643089878373,1311.3092905986123,6.344981610774994,1.25,0.006587942097552262,11
2024-11-15,2024-11-12,2024-11-19,3.5607255754853617,3.566357600633249,1282.0438147829723,1277.3008465440944,1287.3320435923524,10.031197048258036,1.0,0.010025485833240779,11
2024-11-15,2024-11-12,2024-11-19,0.2705020181101174,3.48540446401729,1271.6184237645523,1271.2351899063215,1272.24284277251,1.0076528661884367,0.75,0.0031105243418917614,11
2024-11-15,2024-11-12,2024-11-19,3.5433726652374133,3.7620737152319674,1245.4717727767895,1241.5094622876495,1249.6992870257236,8.189824738074094,1.5,0.010784894905211598,11
2024-11-15,2024-11-12,2024-11-19,0.30116947199182853,3.495925630158404,1239.2423928027356,1238.7374653522857,1239.9972077808343,1.259742428548634,0.75,0.0023941292294493246,11
2024-11-15,2024-11-12,2024-11-19,0.2410303573195752,3.248560521051033,1235.5016526014163,1235.123290491756,1236.132069107145,1.0087786153890193,0.75,0.0020118271092352696,11
2024-11-15,2024-11-12,2024-11-19,2.242899464173559,3.5658976768098567,1227.714124205621,1225.2866995916702,1231.1299359877594,5.843236396089196,1.0,0.00675474930546413,11
2024-11-15,2024-11-12,2024-11-19,0.4339642522966671,3.569759032789386,1220.5449452247447,1220.0275571369566,1221.2913750074804,1.2638178705237806,1.0,0.0031228275775369166,11
2024-11-15,2024-11-12,2024-11-19,0.6951694480490719,3.598703914468949,1170.3032644957657,1169.4140025302768,1171.464279445354,2.05027691507712,1.0,0.004476995272885614,11
2024-11-15,2024-11-12,2024-11-19,0.17696881723083743,3.501678333940349,1167.3634434915173,1167.1156213493086,1167.8676508357748,0.7520294864661992,0.75,0.001932101462258792,11
2024-11-15,2024-11-12,2024-11-19,1.6817831549659426,3.7004134233408528,1086.1236178365173,1082.9514327701181,1088.8476518364623,5.896219066344202,1.25,0.010941470285591315,11
2024-11-15,2024-11-12,2024-11-19,0.0677001550489593,3.476403827898886,1081.6869255541826,1081.6869255541824,1081.9386979704723,0.2517724162898958,0.75,0.0018703471682373677,11
2024-11-15,2024-11-12,2024-11-19,1.765308905842532,3.6169503572777755,1077.0179486767952,1075.1051979558542,1079.6619983357377,4.556800379883498,1.5,0.008542253514617444,11
2024-11-15,2024-11-12,2024-11-19,0.9750945523836713,3.4592881199084777,1038.7750168821385,1037.509382671211,1040.2689217119478,2.759539040736854,1.25,0.007264170791798025,11
2024-11-15,2024-11-12,2024-11-19,0.8205508524993586,3.6496450896298747,1030.753321983508,1028.4839007207192,1032.4929496212862,4.009048900566995,1.0,0.0065661376782146785,11
2024-11-15,2024-11-12,2024-11-19,3.128316017859285,3.6983169702154073,971.1840343924885,967.4857621546835,974.9882260924205,7.502463937737048,1.75,0.015509624398105206,11
2024-11-15,2024-11-12,2024-11-19,0.4920126488240491,3.6350581645853337,557.7160008827675,556.4639864573255,559.4539860128425,2.989999555516988,1.0,0.004319053335285773,11
2024-11-15,2024-11-12,2024-11-19,0.21241862521687105,3.5011384472788083,854.8215084583987,854.576468102634,855.3466496337205,0.7701815310865641,0.75,0.0026984128440460512,11
2024-11-15,2024-11-12,2024-11-19,0.5222719796189543,3.7474405319658572,531.3850865185307,530.5426501985639,532.5372996246442,1.9946494260802865,0.75,0.0038222638274286415,11
2024-11-15,2024-11-12,2024-11-19,37.60592905148453,18.745984335864478,43.28845366761149,23.129116822499782,106.17535886541009,83.04624204291031,3.0,0.030282523448583263,11
2024-11-15,2024-11-12,2024-11-19,21.914881661982033,16.302114888228356,27.87038959966272,27.085470030084252,28.738993019796908,1.6535229897126555,1.5,0.020240038656483494,11
2024-11-15,2024-11-12,2024-11-19,38.6401232761198,17.410084498892882,36.771364800375416,24.449052274227142,106.67224304331467,82.22319076908752,4.75,0.017033159368580825,11
2024-11-15,2024-11-12,2024-11-19,3.692135481614398,13.625212459276863,26.599361953573712,26.46347491675988,26.987787570804358,0.5243126540444791,0.5,0.004321235887551546,11
2024-11-15,2024-11-12,2024-11-19,18.168848000350373,18.38298353294295,39.032993845340684,26.843698393087834,106.67224304331467,79.82854465022683,2.75,0.01110973690533195,11
2024-11-15,2024-11-12,2024-11-19,16.324472799611684,11.658808401712507,65.09614058618415,24.449052274227142,106.17535886541009,81.72630659118295,1.25,0.026550458494197588,11
2024-11-15,2024-11-12,2024-11-19,60.586873031693735,12.841314961669632,27.603386465241716,25.918528988491744,28.738993019796908,2.820464031305164,2.75,0.023805211051751377,11
2024-11-15,2024-11-12,2024-11-19,1.6526643532168306,1.0516454414300775,81.39082882036033,17.661847083363682,98.98710175603628,81.3252546726726,1.0,0.011982634943421602,11
2024-11-15,2024-11-12,2024-11-19,0.4771247793608909,1.2673521537204222,63.53710041921964,17.443154837936163,98.03312570042908,80.58997086249292,0.75,0.026868480839172072,11
2024-11-15,2024-11-12,2024-11-19,6.346818740583629,3.584285345632518,1148.5649849329031,1142.2037535044365,1156.1252048001625,13.921451295726001,1.5,0.013346944894432498,11
2024-11-15,2024-11-12,2024-11-19,4.6145705742689564,4.099433350908121,1096.3391284394388,1094.4682439579628,1099.092406524811,4.624162566848099,3.25,0.012621863889899276,11
2024-11-15,2024-11-12,2024-11-19,2.5750861019333255,3.8046422470254573,1048.9098454658679,1046.3015281339176,1051.8276048777625,5.5260767438448966,1.5,0.012026536414802794,11
2024-11-15,2024-11-12,2024-11-19,0.3183805714263017,3.617372328807638,1024.8550457065985,1024.4767429535277,1025.4794439845718,1.0027010310441256,1.0,0.0036936824701853488,11
2024-11-15,2024-11-12,2024-11-19,0.7106109650556517,3.4216302685581184,1007.858574693371,1006.7154876058921,1009.2182663558051,2.502778749912977,1.0,0.006784460904379108,11
2024-11-15,2024-11-12,2024-11-19,0.11717242776025867,2.624373576799256,998.7163729066469,998.4687038566917,999.2205720446073,0.7518681879155338,0.5,0.00326858961667379,11
2024-11-15,2024-11-12,2024-11-19,26.232928405941433,14.619632102035244,45.090374660135545,20.230239662807435,103.6264299317263,83.39619026891887,4.0,0.034726344302199265,11
2024-11-15,2024-11-12,2024-11-19,5.579238979121646,16.032942743294743,26.93546913426388,26.843698393087834,27.337242446374148,0.493544053286314,1.25,0.011557080396161514,11
2024-11-15,2024-11-12,2024-11-19,4.421892983611648,3.7448374836480265,548.1204512597002,543.260955773294,551.7403684044257,8.479412631131709,1.5,0.015512461622258177,11
2024-11-15,2024-11-12,2024-11-19,24.811873275055927,16.7345091681214,35.577671215204965,20.230239662807435,103.6264299317263,83.39619026891887,3.5,0.030244983924782105,11
2024-11-15,2024-11-12,2024-11-19,1.272734741587052,18.125396876421835,105.9235864491202,105.9235864491202,106.17535886541009,0.2517724162898958,0.5,0.006284573429124534,11
2024-11-15,2024-11-12,2024-11-19,0.11253666814532096,3.0000000000000004,525.5173377330311,525.0398200224154,526.2906560213305,1.2508359989151359,0.25,0.0033488844670908737,11
2024-11-15,2024-11-12,2024-11-19,2.542144702530788,4.169772648682733,499.98336875132014,498.3440432678908,501.58326033409685,3.239217066206038,2.0,0.015644542144463022,11
2024-11-15,2024-11-12,2024-11-19,3.7075571715431956,4.229369737456181,494.6633955975962,490.84382679127157,496.8484738394618,6.004647048190236,2.75,0.01383467451246959,11
2024-11-15,2024-11-12,2024-11-19,2.8905730529792075,3.570916369640646,485.0622383284147,481.59551782906055,489.1038561933674,7.508338364306837,1.0,0.012176361546511789,11
2024-11-15,2024-11-12,2024-11-19,37.67465291317813,4.340508250174424,365.41328598517714,353.37270942656323,374.7206686870195,21.347959260456264,4.25,0.05953099921681483,11
2024-11-15,2024-11-12,2024-11-19,0.2576241107893055,4.237561471284407,333.99401737567365,333.6143586789258,334.6326596713625,1.018300992436707,0.75,0.0031062237197273285,11
2024-11-15,2024-11-12,2024-11-19,1.417227749556176,3.584143904606913,524.3873370445117,522.7991457935423,526.2906560213305,3.4915102277882397,1.25,0.009301439360357384,11
2024-11-15,2024-11-12,2024-11-19,4.47242975009902,3.5837427666541526,293.35694097830975,280.7177120442502,314.28861539717764,33.57090335292742,1.25,0.01252984122103302,11
2024-11-15,2024-11-12,2024-11-19,0.8408543466369125,3.826701803636047,274.1962429486826,261.5413357554935,289.3166490867734,27.775313331279904,1.0,0.005616210176778544,11
2024-11-15,2024-11-12,2024-11-19,0.46310810540119984,3.7580700250504004,240.7766235858803,226.56282692216337,260.567762222141,34.00493529997766,0.75,0.004903961866744809,11
2024-11-15,2024-11-12,2024-11-19,3.406375677418489,13.496411844194007,23.502801976324427,23.377702340483665,23.878107072785497,0.5004047323018312,0.75,0.00997573076981374,11
2024-11-15,2024-11-12,2024-11-19,3.2235838677436983,13.49742010280342,23.006733763604508,22.88057799357921,23.380889238789678,0.5003112452104688,0.75,0.008890809081104593,11
2024-11-15,2024-11-12,2024-11-19,11.32720387245101,11.914312219072066,37.3689101529135,22.88057799357921,105.18159051425755,82.30101252067834,1.0,0.019257122913957703,11
2024-11-15,2024-11-12,2024-11-19,1.67894435802917,15.125656913098895,17.832676231261818,17.577073462307453,18.34163429448381,0.7645608321763575,1.5,0.01093742219982463,11
2024-11-15,2024-11-12,2024-11-19,4.160496818481487,3.827305064694531,314.8417745366066,307.2070169951767,330.5479044658132,23.340887470636517,1.75,0.011194169882348342,11
2024-11-22,2024-11-19,2024-11-26,1.8332622809991745,19.62680814936497,1489.2918625715,1488.6703239874914,1490.0488591189496,1.378535131458193,3.25,0.012741632266168238,11
2024-11-22,2024-11-19,2024-11-26,0.3446879564889126,22.618208704858837,1486.5455009288846,1486.1635984815657,1487.1677296883427,1.0041312067769468,1.0,0.00847975673544888,11
2024-11-22,2024-11-19,2024-11-26,6.694063571846174,19.09505237109894,1485.6707450271483,1482.6545774512924,1488.9220964037813,6.267518952488899,4.0,0.028540732313605013,11
2024-11-22,2024-11-19,2024-11-26,0.24906227505784725,21.751145012702988,1481.520495246971,1481.1506237201393,1482.1547626792453,1.0041389591060579,0.75,0.007445666848456893,11
2024-11-29,2024-11-26,2024-12-03,0.4324045851208553,2.3537147318927314,585.9527352484835,585.2217711177655,586.8943940158933,1.6726228981278837,1.0,0.0051016333838143,11
2024-11-29,2024-11-26,2024-12-03,2.703315933615307,2.4369361336504762,660.2576871681619,656.6348426290788,663.7391619253904,7.104319296311587,1.25,0.019201665264464526,11
2024-11-29,2024-11-26,2024-12-03,4.775004678661683,2.6483408405159476,712.3176522107311,705.1240556319244,718.610992543865,13.486936911940575,1.25,0.026446290630105937,11
2024-11-29,2024-11-26,2024-12-03,0.20504043455749565,2.9952075976070374,720.0347744346033,719.7850000406615,720.558014513459,0.773014472797513,0.75,0.01134800089318373,11
2024-12-09,2024-12-03,2024-12-16,0.38539370249431,1.5000000000000002,17.661847083363682,17.661847083363682,17.913619499653578,0.2517724162898958,0.25,0.0028929472353351627,12
2024-12-09,2024-12-03,2024-12-16,2.4208861972834566,8.7500559000559,14.490654835943133,14.490654835943133,14.742427252233028,0.2517724162898958,0.75,0.016730873534957925,12
2024-12-09,2024-12-03,2024-12-16,0.6788980262152967,2.0,17.661847083363682,17.661847083363682,17.913619499653578,0.2517724162898958,0.25,0.046886996537194324,12
2024-12-09,2024-12-03,2024-12-16,420.40352811198034,14.087881133316833,34.34077966119673,13.229246007744223,98.98710175603628,85.75785574829206,8.75,0.16900088022046988,12
2024-12-09,2024-12-03,2024-12-16,4.570180453666677,1.8902506703107032,14.797536725355243,14.490654835943133,15.41145663894713,0.9208018030039966,1.5,0.020419430008679795,12
2024-12-09,2024-12-03,2024-12-16,0.7503957275622606,1.8792154882522032,17.54881338228413,17.443154837936163,17.913619499653578,0.47046466171741486,0.5,0.0035580324386184645,12
2024-12-09,2024-12-03,2024-12-16,204.91062000728243,8.527085633846886,27.324612981112825,15.74953160295263,98.98710175603628,83.23757015308365,15.25,0.1096828125660035,12
2024-12-09,2024-12-03,2024-12-16,0.11591161444258294,4.5,19.727471106685698,19.727471106685698,19.979243522975594,0.2517724162898958,0.25,0.0077433104206103285,12
2024-12-09,2024-12-03,2024-12-16,2.0172112996423373,1.6995552320148077,17.311065579378592,17.224506430793554,17.69492725422606,0.47042082343250513,0.75,0.004340178696677323,12
2024-12-16,2024-12-16,2024-12-17,3.333082209312338,10.751835370357115,22.06645958739286,21.806834855116904,22.560242858249694,0.7534080031327903,0.75,0.006590326303766097,12
2024-12-16,2024-12-16,2024-12-17,11.70409647930929,15.008420479916776,23.270071431626207,22.88057799357921,23.878107072785497,0.9975290792062879,1.75,0.010317123400480644,12
2024-12-16,2024-12-16,2024-12-17,2.100931922369135,12.999014328783367,21.93542860664898,21.806834855116904,22.309402031823993,0.502567176707089,0.75,0.005892055426109105,12
2024-12-16,2024-12-16,2024-12-17,3.364262334776719,13.359926451741332,20.973752530070804,20.483116299379617,21.80785811552778,1.3247418161481619,1.25,0.012485601158604151,12
2024-12-22,2024-12-17,2024-12-27,0.7859629873804934,2.741524083678229,393.0369729162182,391.6280819051899,394.74876670492813,3.1206847997382283,0.75,0.0031553501386953507,12
2024-12-22,2024-12-17,2024-12-27,1.4894920349676386,3.5465507628390047,1311.8254099662602,1308.9613186316565,1315.1471326472238,6.185814015567303,1.0,0.006862348569411531,12
2024-12-28,2024-12-27,2024-12-30,3.2955127922966634,2.9640263459653946,342.85271582788477,333.6143586789258,353.34884933335707,19.734490654431283,0.75,0.015901408005579553,12
2024-12-28,2024-12-27,2024-12-30,0.9611744960887314,2.97703353957155,353.6988417688644,352.3671626751311,355.3840905027464,3.016927827615291,0.75,0.007194565007516258,12
2024-12-28,2024-12-27,2024-12-30,1.1389367740895067,2.250216334028804,635.1779592567254,633.2974121640436,637.4096263567917,4.11221419274807,0.75,0.00746048278608744,12
2024-12-28,2024-12-27,2024-12-30,1.8406463253672287,2.463441829088913,662.2752763614857,660.121625166852,664.7394177690148,4.617792602162808,1.25,0.02020950168326947,12
2024-12-28,2024-12-27,2024-12-30,0.4682414302538305,4.270775872475273,1186.0397080194448,1185.6660441881977,1186.686442204751,1.0203980165533721,1.25,0.0038324246071163013,12
2024-12-28,2024-12-27,2024-12-30,1.5917373797109018,5.479520393668097,1139.1412503156089,1137.3158050673082,1141.1691273264587,3.8533222591504455,1.75,0.008804166351987573,12
2024-12-28,2024-12-27,2024-12-30,0.46800111348248175,4.241640355256489,1142.6958701780054,1141.9463537186384,1143.7418386456557,1.7954849270172417,0.75,0.004620126900406948,12
2024-12-28,2024-12-27,2024-12-30,9.53307778821408,3.935951166929084,1171.9069214631886,1166.1412134314887,1177.5087606254965,11.367547194007784,2.25,0.02181430507066491,12
2024-12-28,2024-12-27,2024-12-30,5.43063345756174,16.014941303419334,31.845049715889864,31.564536358695477,32.36748191807419,0.8029455593787134,1.25,0.018239565836930812,12
2024-12-28,2024-12-27,2024-12-30,0.3872689663939412,4.722465304973456,1127.781885813894,1127.4873893889599,1128.2532047121786,0.7658153232187033,1.25,0.00615667042638327,12
2024-12-28,2024-12-27,2024-12-30,3.9122475165558397,16.004750882064766,33.49361929291022,33.21598207904026,34.01424010517076,0.7982580261304975,0.75,0.01850068612738879,12
2024-12-28,2024-12-27,2024-12-30,0.7471777613665553,2.7257469135100463,377.5871430366711,376.5625725965947,378.811871309299,2.2492987127043307,0.75,0.0076644046376215256,12
2024-12-28,2024-12-27,2024-12-30,0.35455944938680684,3.1268553341327867,1129.048703555216,1128.0014322958887,1130.0510696517304,2.0496373558416963,0.5,0.0063194867619741826,12
2024-12-28,2024-12-27,2024-12-30,0.30726614105228833,2.8059283348720894,1128.1431337905146,1127.4873893889599,1129.0236269491725,1.5362375602126122,0.5,0.0021677574314625213,12
2024-12-28,2024-12-27,2024-12-30,0.147740179765119,2.7499999999999996,1126.851324046974,1126.4598639942706,1127.482140346896,1.0222763526253402,0.25,0.0015627976976073702,12
2024-12-28,2024-12-27,2024-12-30,0.28639263416425415,3.10928035764207,1127.1180662679878,1126.4598639942706,1127.9961832524277,1.5363192581571639,0.5,0.004367703053699829,12
2024-12-28,2024-12-27,2024-12-30,0.49014525281242705,2.8835769237288873,1130.9455839317882,1129.0288706142455,1132.3627846268937,3.3339140126481652,0.75,0.0037611633846097426,12
2024-12-28,2024-12-27,2024-12-30,0.3029523983577854,3.851353593255096,1120.2049696725662,1119.9661010238342,1120.7306109159254,0.764509892091155,1.0,0.00411495468482513,12
2024-12-28,2024-12-27,2024-12-30,0.2710798358055027,2.744248961628553,1120.3618841877478,1119.9661010238342,1120.9869796433486,1.0208786195144057,0.75,0.0023842385722595344,12
2024-12-28,2024-12-27,2024-12-30,0.2884804569263381,3.927722566402383,1117.3138717277334,1116.8912682817318,1117.9122126069851,1.0209443252533674,1.0,0.003886174294565656,12
2024-12-28,2024-12-27,2024-12-30,2.5875745173261366,4.093781022151005,1111.7731541557075,1108.3633000836708,1115.5691199488938,7.20581986522302,1.5,0.013347504835860374,12
2024-12-28,2024-12-27,2024-12-30,2.124529103256593,3.0834959279524794,1109.49664463905,1107.596492884215,1111.42491412675,3.8284212425351143,1.25,0.020675404840723492,12
2024-12-28,2024-12-27,2024-12-30,6.7126980666361415,3.652370296562371,1097.9060447825332,1094.4682439579628,1103.4209360755049,8.952692117542028,2.5,0.02507163536259677,12
2024-12-28,2024-12-27,2024-12-30,3.2228342783172996,4.226521298117989,1051.6103604112286,1047.5573098328896,1055.6124716531485,8.055161820258945,1.5,0.016110480943079958,12
2025-01-04,2024-12-30,2025-01-10,0.19484591764950146,3.995067173021733,1180.068354617476,1179.7985242707655,1180.5629832642153,0.7644589934498072,0.75,0.0036759807707654954,1
2025-01-04,2024-12-30,2025-01-10,0.27469887546035776,3.9654580258056336,1159.665419098049,1159.2029370586388,1160.22697624797,1.0240391893312335,0.75,0.003972827575342749,1
2025-01-04,2024-12-30,2025-01-10,0.3060024952949294,3.3867377389992908,1159.892656284351,1159.2029370586388,1160.998700725846,1.7957636672072113,0.5,0.006296535728908663,1
2025-01-04,2024-12-30,2025-01-10,0.5939644269299185,3.056734578996154,788.844327738283,787.8431947962381,789.9773311456665,2.134136349428445,1.0,0.00286902333921091,1
2025-01-04,2024-12-30,2025-01-10,1.0409501597677868,27.52260356692248,891.3347673943815,890.9528433498926,891.9651719969697,1.0123286470770836,1.25,0.019250578070936403,1
2025-01-04,2024-12-30,2025-01-10,1.7281900985089123,3.3649634866352582,223.43045528582672,211.0633554556407,252.31386553682387,41.250510081183165,1.0,0.010431738814932607,1
2025-01-04,2024-12-30,2025-01-10,4.847618990674892,2.5542466939321233,68.20223955213201,43.13494567293674,135.88867715653032,92.75373148359358,1.25,0.013238273112859007,1
2025-01-04,2024-12-30,2025-01-10,1.091943074930373,3.301000147163115,1161.9024799142344,1159.9752038316801,1163.5711347190663,3.595930887386203,1.25,0.008240170272867947,1
2025-01-04,2024-12-30,2025-01-10,0.37476682940444195,2.972433418087869,1084.1691146291087,1083.2044534869492,1086.05276636919,2.8483128822408617,0.75,0.0032550494919867403,1
2025-01-04,2024-12-30,2025-01-10,2.220124131395975,30.745068740233023,378.0586262682711,377.81079404149204,378.5621030582115,0.7513090167194605,0.75,0.04029698678323042,1
2025-01-12,2025-01-10,2025-01-14,0.2508237378253155,31.72587227422929,337.4738730900203,337.1818964104168,337.9432988902554,0.7614024798385799,0.75,0.01092149997925576,1
2025-01-12,2025-01-10,2025-01-14,0.5892760468799761,2.738084892368044,410.62407534973846,409.7201272803359,411.71534596243873,1.995218682102859,0.75,0.00781557897493186,1
2025-01-12,2025-01-10,2025-01-14,0.9638215683304994,2.495355437723639,595.9610881112426,594.1030190847814,597.9169165384956,3.813897453714162,0.75,0.008050095013125699,1
2025-01-12,2025-01-10,2025-01-14,0.5203718531932146,2.7399593121702908,651.147676182345,650.4353516926058,652.1489211982116,1.7135695056058466,0.75,0.004245876869235291,1
2025-01-12,2025-01-10,2025-01-14,0.19037733491898026,2.7458590309972175,667.2396294748066,666.9876238419674,667.7408257788047,0.7532019368372858,0.75,0.003183442878473791,1
2025-01-12,2025-01-10,2025-01-14,0.38848074703354446,13.627886675734597,1336.6235057906204,1336.2528611286543,1337.2851331420243,1.0322720133699477,1.0,0.004086710939066978,1
2025-01-12,2025-01-10,2025-01-14,0.9003773742065045,2.9012922081204096,712.6757577651623,711.3375815316103,714.0366392503493,2.6990577187389135,1.0,0.0036441703294213235,1
2025-01-12,2025-01-10,2025-01-14,0.807303154442121,2.9889835769273145,760.390393000228,758.9534680331126,762.1541573232971,3.2006892901845276,0.75,0.002536812763139557,1
2025-01-12,2025-01-10,2025-01-14,2.6560125543841377,2.9106571710080695,780.8052780089647,774.8567451401614,787.9325073724613,13.075762232299894,1.0,0.006196983864376961,1
2025-01-12,2025-01-10,2025-01-14,0.2603192715625848,4.246890434637954,1064.045851082479,1063.67610197654,1064.683097181376,1.0069952048361301,0.75,0.003911327576329084,1
2025-01-12,2025-01-10,2025-01-14,8.540920178576712,4.791257469717957,1130.2621946923928,1126.4598639942706,1134.1603607218713,7.700496727600694,4.0,0.018156135502102693,1
2025-01-12,2025-01-10,2025-01-14,0.7117710064637073,4.746356327485494,1162.3274287943295,1160.4895152258687,1164.600130896084,4.1106156702153385,0.75,0.004760070050735547,1
2025-01-12,2025-01-10,2025-01-14,3.7662445035200176,4.776722898372855,1169.283967436094,1165.6265292209573,1173.519171343185,7.892642122227699,1.5,0.01131202770470008,1
2025-01-12,2025-01-10,2025-01-14,1.0357725859129931,3.374627363072337,222.70112702385148,209.92139366921037,250.8492530058138,40.92785933660343,1.0,0.009786674096990541,1
2025-01-12,2025-01-10,2025-01-14,2.0236854384979197,2.6188122933055915,730.6140443747371,726.3217069688253,738.9496019426733,12.627894973848015,1.25,0.010056592127136077,1
2025-01-12,2025-01-10,2025-01-14,5.912223294839324,2.6674542880994445,80.80010845615655,60.004155504051596,142.0009291875176,81.99677368346602,1.25,0.018972777716234977,1
2025-01-12,2025-01-10,2025-01-14,3.145594907016845,4.351145460896602,1123.162077391605,1120.9909809199162,1125.0907507375814,4.099769817665219,2.75,0.013516374541594517,1
2025-01-12,2025-01-10,2025-01-14,0.9555043295014668,3.256478103902751,74.46647397851392,17.661847083363682,98.98710175603628,81.3252546726726,0.75,0.01447205011847577,1
2025-01-12,2025-01-10,2025-01-14,3.1690835110497777,2.412797710901659,610.4888280427065,607.8724567848258,613.6000336389989,5.727576854173094,1.25,0.016648992652791197,1
2025-01-12,2025-01-10,2025-01-14,3.232174909075447,3.0219639584933717,798.2985307223997,794.4128025812097,804.445406798739,10.032604217529297,1.25,0.008204022630271089,1
2025-01-12,2025-01-10,2025-01-14,12.549737711954018,7.498225004984145,20.52687272079222,20.12127267755568,21.023958360310644,0.9026856827549636,5.25,0.019403257309454486,1
2025-01-12,2025-01-10,2025-01-14,1.5740207212645188,3.0645097740476284,814.1583363037839,810.6560315308161,817.8787450189702,7.222713488154113,1.0,0.0059045439020088755,1
2025-01-12,2025-01-10,2025-01-14,8.229982566263876,4.721669621684681,1097.222285360995,1092.4021156099625,1102.1523679969832,9.750252387020737,3.5,0.019223971004896246,1
2025-01-12,2025-01-10,2025-01-14,38.25541880061509,5.883609939511443,1111.8176732553688,1103.678580667358,1120.217873440124,16.539292772766203,7.75,0.040597895742454454,1
2025-01-12,2025-01-10,2025-01-14,0.06751705355921249,3.0,800.4575444514668,800.3221552059986,800.8411595234647,0.5190043174661696,0.25,0.00308090958376812,1
2025-01-12,2025-01-10,2025-01-14,0.13793225940233797,2.873859052286687,1108.8799375817343,1108.618364635855,1109.3813281352632,0.7629634994082153,0.5,0.004082719597783353,1
2025-01-12,2025-01-10,2025-01-14,0.2003619995179968,2.472191872139692,1125.3989801820774,1125.147042706143,1125.9124030312523,0.7653603251092136,0.75,0.001678216210631558,1
2025-01-12,2025-01-10,2025-01-14,0.08972709431912156,3.316905782913967,1129.466346266788,1129.285282026045,1130.0510696517304,0.7657876256853342,0.5,0.003328326550529918,1
2025-01-12,2025-01-10,2025-01-14,2.672404826977732,3.160852932869195,1137.9954596745847,1134.4264757200144,1142.4555259207264,8.029050200711936,1.25,0.005983425767901513,1
2025-01-12,2025-01-10,2025-01-14,0.23827508588190666,3.5026498040053755,1148.2797717979347,1147.8951677284203,1148.9196619931608,1.0244942647404969,0.75,0.0016186444688759064,1
2025-01-12,2025-01-10,2025-01-14,0.9184903224361279,3.2490877094156616,54.96804367475792,16.411976559553295,97.55613761162385,81.14416105207056,0.75,0.013663561289322584,1
2025-01-12,2025-01-10,2025-01-14,0.06346421003108997,3.2499999999999996,1108.8669773550848,1108.618364635855,1109.3813281352632,0.7629634994082153,0.25,0.002583222012398106,1
2025-01-19,2025-01-14,2025-01-24,1.4236848937736593,32.49217635043725,622.4520608418745,622.219296601601,622.9690968357027,0.7498002341017127,0.75,0.023238387127732178,1
2025-01-19,2025-01-14,2025-01-24,11.792684429330908,20.44681630272048,1179.9352070854961,1177.0005504596047,1182.8687951965258,5.868244736921042,7.25,0.018916746056433828,1
2025-01-19,2025-01-14,2025-01-24,0.42531845046437616,21.10455368349176,1107.8830114282753,1107.3414110625163,1108.6150724999607,1.2736614374443889,1.0,0.004061948772170257,1
2025-01-19,2025-01-14,2025-01-24,2.549120875584452,2.990445151587291,787.3912812612338,783.5275400443934,794.4520129458979,10.924472901504487,1.25,0.008823972521388659,1
2025-01-19,2025-01-14,2025-01-24,0.6299242628882514,2.859058491765852,761.9839758844253,761.0994367543608,763.1007777214982,2.0013409671373665,1.0,0.003938854043683606,1
2025-01-19,2025-01-14,2025-01-24,1.8470528633290377,2.506702643851631,686.2975177767863,683.8124768938869,689.7181655028835,5.90568860899657,1.0,0.011283139604233468,1
2025-01-19,2025-01-14,2025-01-24,1.4898173249294853,31.74743338091965,659.0795154024783,658.8443069299683,659.5961424908601,0.7518355608917773,0.75,0.08559600443777508,1
2025-01-19,2025-01-14,2025-01-24,2.9735230632828458,2.4466539792190516,632.0446213711167,627.7527515129186,635.9168019331992,8.164050420280546,1.0,0.008982745460839586,1
2025-01-19,2025-01-14,2025-01-24,0.2655317158970345,2.500631430007924,408.0931932503215,407.7277284990996,408.72669518738985,0.9989666882902384,0.75,0.004434604330264211,1
2025-01-19,2025-01-14,2025-01-24,1.4101548958946561,0.8595780333770703,64.50433564717194,20.230239662807435,103.6264299317263,83.39619026891887,1.25,0.1601274311994801,1
2025-01-19,2025-01-14,2025-01-24,3.63839465935732,16.50141424975564,32.11825224924154,31.840099454391748,32.643138989806175,0.8030395354144275,0.75,0.008232829131233136,1
2025-01-19,2025-01-14,2025-01-24,2.9239400736514827,0.41324480073707803,61.30580780046006,24.449052274227142,106.67224304331467,82.22319076908752,1.0,0.10298836670130075,1
2025-01-19,2025-01-14,2025-01-24,0.5989654453777888,3.4882444081966524,1183.3931583789952,1182.1047487147152,1184.6626024083234,2.5578536936081946,0.75,0.0033358991252423306,1
2025-01-19,2025-01-14,2025-01-24,5.193758729859237,3.5490332409926983,1146.5395560135405,1140.6599457063712,1152.008702726569,11.348757020197809,1.5,0.00939046348191222,1
2025-01-19,2025-01-14,2025-01-24,0.5955877295839475,3.2384653540004305,1075.714756475544,1074.8522099736147,1076.8793242578395,2.027114284224808,0.75,0.0026805256698902474,1
2025-01-19,2025-01-14,2025-01-24,0.7743637692189138,2.3858024024029394,620.1512620963549,619.2328710909933,621.2271892935969,1.9943182026036084,1.0,0.004795713089499579,1
2025-01-26,2025-01-24,2025-01-28,0.2552629261262348,2.74194319749572,1121.3720758384313,1120.9909809199162,1122.0118327513337,1.0208518314175308,0.75,0.0062830558659246975,1
2025-01-26,2025-01-24,2025-01-28,0.13266719463288365,18.746150483078495,1489.52579683644,1489.3986370288767,1489.9005086338148,0.50187160493806,0.75,0.004863911047846269,1
2025-01-26,2025-01-24,2025-01-28,0.01916548281592352,19.0,1489.14853787655,1489.14853787655,1489.40031029284,0.2517724162898958,0.25,0.0026893088717350393,1
2025-01-26,2025-01-24,2025-01-28,1.3653536938796793,18.830029230765756,1488.8389733609058,1488.168752047699,1490.0488591189496,1.880107071250677,2.75,0.012471125218909291,1
2025-01-26,2025-01-24,2025-01-28,0.17657473045623967,18.50263429278863,1486.4132972823527,1486.1635984815657,1486.9169433466159,0.7533448650501668,0.75,0.004558521150311219,1
2025-01-26,2025-01-24,2025-01-28,2.5127063386423005,7.8016990424415855,1109.4331074898373,1108.618364635855,1110.6587349926122,2.040370356757194,4.25,0.010799497464827335,1
2025-01-26,2025-01-24,2025-01-28,2.735593849757817,3.298972392152803,1170.6675455971204,1167.3588763587177,1173.519171343185,6.160294984467328,1.25,0.015463595712053291,1
2025-01-26,2025-01-24,2025-01-28,1.0010994958312138,2.5197666187231658,722.144761033745,721.0918746441603,723.1550776297227,2.063202985562384,1.0,0.010153252836807769,1
2025-01-26,2025-01-24,2025-01-28,0.7429494324642788,2.802803814764221,699.0297516457206,698.1898793070577,700.2361820456572,2.046302738599479,1.0,0.011269386804975613,1
2025-01-26,2025-01-24,2025-01-28,0.25405932809016096,2.4943163757796984,690.2072401899079,689.8284738818184,690.8435112102889,1.0150373284704983,0.75,0.003116746304114826,1
2025-01-26,2025-01-24,2025-01-28,0.8613839324042947,2.2087329522868635,78.34422476786604,47.37042374163866,128.830041653011,81.45961791137233,0.75,0.007329952185506656,1
2025-01-26,2025-01-24,2025-01-28,11.477421115133795,3.367743475334135,1147.4761043842964,1136.800933538936,1157.1429178160615,20.341984277125448,1.5,0.013308081020051507,1
2025-01-26,2025-01-24,2025-01-28,2.308983303253042,2.635117645573949,733.2735620241872,731.5192734827287,735.9576925872825,4.438419104553759,1.25,0.009630487955626852,1
2025-02-03,2025-01-28,2025-02-10,0.11287555381764716,3.1040074276680634,740.9024720594346,740.771183822304,741.2877110815607,0.5165272592566907,0.5,0.0017038995374526551,2
2025-02-03,2025-01-28,2025-02-10,0.5082892319923583,2.9486180271977425,741.5597266779187,740.771183822304,742.4528576657176,1.6816738434135914,0.75,0.0031751783493419224,2
2025-02-03,2025-01-28,2025-02-10,0.28396013496426936,2.3723589555120403,762.7147370549185,762.3126156139188,763.3011138238944,0.9884982099756598,1.25,0.004002886675596133,2
2025-02-03,2025-01-28,2025-02-10,4.1561510377470094,2.737631955361574,771.2333560991202,766.29351061536,777.4700357294641,11.176525114104152,1.25,0.01159586267103794,2
2025-02-03,2025-01-28,2025-02-10,0.28892911537216676,2.9317487422450976,773.9796225928945,773.5182209364139,774.564540672116,1.0463197357021272,0.75,0.0031869994913624076,2
2025-02-03,2025-01-28,2025-02-10,0.13092430008111686,2.75,1151.7855729634207,1151.2418277752586,1152.5231922203675,1.2813644451089203,0.25,0.0021152141504815164,2
2025-02-03,2025-01-28,2025-02-10,0.4927339767967197,27.756087476322914,891.4601178956578,891.2063620933332,891.9651719969697,0.7588099036365747,0.75,0.015379401905998555,2
2025-02-03,2025-01-28,2025-02-10,0.6019631736523443,3.119320841046601,1164.7095157883448,1163.3193623027764,1166.3929858477786,3.0736235450021923,1.0,0.0032124517368279054,2
2025-02-03,2025-01-28,2025-02-10,2.268926311821319,3.5483496414623272,1172.7143216640789,1168.386427888181,1177.5087606254965,9.122332737315446,1.0,0.008030207244220048,2
2025-02-03,2025-01-28,2025-02-10,5.750062283443264,2.648480131518356,734.304139722126,729.4913942948915,746.6008026157506,17.109408320859075,1.75,0.012564828649984514,2
2025-02-03,2025-01-28,2025-02-10,1.504992277890318,28.889479183918606,889.410112337894,889.1623288951814,889.9215455218218,0.7592166266404092,1.0,0.02721956130067403,2
2025-02-03,2025-01-28,2025-02-10,0.9606400461920521,3.144894279518895,721.1143569845898,714.5526130911894,726.6127870883793,12.06017399718985,1.0,0.014056342849358505,2
2025-02-03,2025-01-28,2025-02-10,0.312834654526476,2.7296876553031537,553.8423284935233,553.4807105557993,554.4793668016791,0.9986562458798289,0.75,0.0032914060574530443,2
2025-02-03,2025-01-28,2025-02-10,2.2139631344831536,2.4906002475462157,659.5103413966934,656.6348426290788,662.4884321112186,5.853589482139796,1.0,0.01482831543125628,2
2025-02-03,2025-01-28,2025-02-10,1.5645641493086704,2.9052109483119306,697.6517788672925,697.4202004056424,698.185373254586,0.7651728489436209,1.0,0.025847967421474053,2
2025-02-03,2025-01-28,2025-02-10,1.0696702169525993,6.390523612706423,1117.3293072636218,1116.1226473920979,1118.68079359876,2.558146206662059,1.5,0.0055557243095385655,2
2025-02-03,2025-01-28,2025-02-10,10.112637056345973,3.303811914985232,1151.7139490594404,1144.778392556589,1159.1978211360984,14.419428579509258,1.75,0.016804476288075357,2
2025-02-03,2025-01-28,2025-02-10,0.1902354611624009,2.741647779535062,377.3181274611704,377.0620250967331,377.81333970697597,0.7513146102428436,0.75,0.0020130564948744453,2
2025-02-03,2025-01-28,2025-02-10,0.9929482379676206,2.7296409964165567,441.38533109941505,439.92926185997203,442.91978465393186,2.9905227939598262,0.75,0.004398542976798617,2
2025-02-03,2025-01-28,2025-02-10,22.65815846153059,2.530199530661296,710.947935524106,697.9336008382961,728.6042317817919,30.67063094349578,1.75,0.027229139394244324,2
2025-02-03,2025-01-28,2025-02-10,13.0053942979796,8.936940274666181,516.681721169089,511.8170155840926,519.5654012095183,7.748385625425726,5.25,0.015085224436938443,2
2025-02-03,2025-01-28,2025-02-10,0.39062100140132083,2.4935293826654403,601.8033502564776,601.1500022043474,602.646612264216,1.4966100598685443,0.75,0.00997953218121605,2
2025-02-03,2025-01-28,2025-02-10,0.5872504119047157,2.258941076399745,624.716844735782,623.9266232606024,625.7657173648477,1.839094104245305,0.75,0.003713314185473227,2
2025-02-03,2025-01-28,2025-02-10,58.17297395956405,16.36894904743761,512.8524737784304,505.5674221352674,519.3164368746802,13.749014739412814,8.75,0.04252562870020234,2
2025-02-15,2025-02-10,2025-02-20,0.20668060596341617,2.988031617640341,713.5280900246826,713.2662291997112,714.0366392503493,0.77041005063802,0.75,0.008847903686434296,2
2025-02-15,2025-02-10,2025-02-20,0.4601473247287348,7.526596026990116,1125.0498324324603,1124.3262201095931,1125.9124030312523,1.5861829216592014,1.25,0.003721727844734128,2
2025-02-15,2025-02-10,2025-02-20,0.48342330695611124,13.846750858883262,1301.324177737661,1300.8954698480666,1301.910351201892,1.0148813538253307,1.5,0.003569943855952908,2
2025-02-15,2025-02-10,2025-02-20,2.133603925286242,9.495767691755889,1112.0317205576553,1110.9175630421378,1113.723902164027,2.806339121889323,2.75,0.007615787746594363,2
2025-02-15,2025-02-10,2025-02-20,5.430238804299205,23.19135223544832,1111.7859731072647,1109.1295557189733,1114.7486672964878,5.619111577514559,3.5,0.010154066018077397,2
2025-02-15,2025-02-10,2025-02-20,0.260742438051264,26.892687525196077,1089.6037806006243,1089.3570871469565,1090.116579520516,0.759492373559624,1.0,0.0035244582286727516,2
2025-02-15,2025-02-10,2025-02-20,1.8107538269828576,3.0056221638512515,792.0129617379383,788.1113237151876,797.9180481275544,9.806724412366748,1.25,0.005971357482553984,2
2025-02-15,2025-02-10,2025-02-20,1.3896578517120795,3.2463752151463003,779.6686151541236,777.0185004053637,784.4615717977285,7.4430713923648,1.25,0.00997085074427063,2
2025-02-15,2025-02-10,2025-02-20,0.18853215782309568,2.995829353459227,744.5206605240155,744.2584383534268,745.0432230937295,0.7847847403027117,0.75,0.0017858773776513875,2
2025-02-15,2025-02-10,2025-02-20,1.0027297222266909,3.354588288849502,737.7124755556113,734.1103522260673,746.9574176641181,12.847065438050777,1.0,0.004353684352608134,2
2025-02-15,2025-02-10,2025-02-20,3.4921340831396326,2.3645954217859675,662.5018485565886,658.3771430626512,668.2395069682971,9.862363905645907,1.25,0.02483508496434085,2
2025-02-15,2025-02-10,2025-02-20,0.2032386882034211,6.999770821700211,1115.3198075665375,1115.0612865877338,1115.8251808970235,0.7638943092897534,0.75,0.0026909221033195384,2
2025-02-15,2025-02-10,2025-02-20,1.8393952682306842,2.882920837191292,517.3217832969692,515.3025365932845,519.5654012095183,4.2628646162338555,1.0,0.010763530841821063,2
2025-02-15,2025-02-10,2025-02-20,1.7475723573752613,19.704295122610255,517.3155361209609,516.0527327959426,518.5694925882854,2.516759792342782,1.75,0.008155823584982819,2
2025-02-15,2025-02-10,2025-02-20,0.5349665966207072,2.3969669412765353,1013.5057682230338,1012.2183966957964,1015.7231025923975,3.504705896601081,0.75,0.0018351456578270583,2
2025-02-15,2025-02-10,2025-02-20,1.3932226973543285,2.3889116473385874,72.57772364735042,70.38522949069738,74.7718034107238,4.3865739200264215,1.0,0.011115567987169643,2
2025-02-15,2025-02-10,2025-02-20,0.3549336461405176,5.969359199214041,325.06507187806216,324.80511199031025,325.5727048488334,0.7675928585231304,1.25,0.003854237702263278,2
2025-02-15,2025-02-10,2025-02-20,0.8235465036514799,2.909443573107669,1011.3244160529057,1009.2166322330013,1014.4712557927705,5.254623559769243,0.75,0.004414768147252251,2
2025-02-15,2025-02-10,2025-02-20,4.099372455401187,3.199070220280234,461.2777085825596,455.5113789490424,467.10322103695944,11.59184208791703,1.25,0.008635090302678668,2
2025-02-15,2025-02-10,2025-02-20,0.629529672568821,3.2255601547237545,473.6225309947551,472.83492563059554,474.580314909108,1.745389278512448,0.75,0.004352641848592918,2
2025-02-15,2025-02-10,2025-02-20,0.35529808671309726,2.7547559679348073,499.95667767301575,499.5889245434664,500.5875870012678,0.9986624578014016,0.75,0.0029796593709273296,2
2025-02-15,2025-02-10,2025-02-20,0.3972254324823333,19.637034423965652,511.0845294881969,510.5722335530445,511.81982422154397,1.2475906684994698,1.0,0.004883496804792496,2
2025-02-15,2025-02-10,2025-02-20,1.981742105180249,10.965370808537925,394.181741944399,392.8751647840254,395.9595284992829,3.0843637152574956,2.5,0.0121786604015197,2
2025-02-24,2025-02-20,2025-02-28,0.740644581879353,3.2225316544983422,476.5863234474758,475.57942433375865,477.8639291366562,2.2845048028975725,0.75,0.004155253584976054,2
2025-02-24,2025-02-20,2025-02-28,0.5267010970232222,34.02194292182547,1325.475773107136,1325.2465634820983,1326.0141014526598,0.7675379705615342,0.75,0.016090429975165178,2
2025-02-24,2025-02-20,2025-02-28,0.4785635957768836,38.4812640583845,1292.3642894474037,1292.1766004320234,1292.934751699213,0.7581512671895325,0.75,0.019442742090410442,2
2025-02-24,2025-02-20,2025-02-28,0.3091621132331594,41.75337072921356,1262.2399404179578,1262.031082893256,1262.7863873112947,0.7553044180385768,0.75,0.014096019905009124,2
2025-02-24,2025-02-20,2025-02-28,0.39928807800278826,39.5072604271841,1210.9369423281728,1210.690426982008,1211.4498007795773,0.7593737975694239,0.75,0.02186459099983429,2
2025-02-24,2025-02-20,2025-02-28,0.19621480427686966,2.989066866709267,792.6885554558834,792.4216181533411,793.2094798060134,0.7878616526722908,0.75,0.0030780500838883283,2
2025-02-24,2025-02-20,2025-02-28,2.4834814777628265,3.5189583204814565,744.5132917061649,739.4406162193045,755.9589984649792,16.51838224567473,1.0,0.006816760708269334,2
2025-02-24,2025-02-20,2025-02-28,0.19449777934087664,3.4940115991387857,517.8195678434147,517.5708271702752,518.3205282539129,0.749701083637774,0.75,0.004222121096228202,2
2025-02-24,2025-02-20,2025-02-28,7.274592478496302,3.204010582025049,459.9682062070527,450.51955042546615,471.3438624031842,20.824311977718025,1.25,0.018151138235892105,2
2025-02-24,2025-02-20,2025-02-28,7.507014044528781,4.769673280205104,517.4178232248909,513.8088431111537,522.3040028777905,8.495159766636789,4.0,0.058450948174395397,2
2025-02-24,2025-02-20,2025-02-28,1.6678732954538626,15.013056874622379,121.90075481341003,121.49170106975362,122.5556326508522,1.0639315810985863,0.75,0.008030931322582393,2
2025-02-24,2025-02-20,2025-02-28,9.417301123786627,3.3557792497451313,204.52980708502275,180.17425924818963,247.2750899544917,67.10083070630208,1.5,0.024455684785128214,2
2025-02-24,2025-02-20,2025-02-28,1.8496726812067419,3.0027068622812654,826.4029522842425,823.6065474017523,829.0942072798498,5.487659878097475,1.0,0.012612715366134623,2
2025-02-24,2025-02-20,2025-02-28,0.4464411491014332,2.745763046413582,1006.8457012863919,1006.4653543368913,1007.4675265615806,1.002172224689275,0.75,0.0028769713185405874,2
2025-02-24,2025-02-20,2025-02-28,2.071814631254521,2.9764545069456725,1026.006508818538,1023.725954357069,1028.485189482104,4.7592351250350475,1.25,0.005930562419898293,2
2025-02-24,2025-02-20,2025-02-28,0.20167027193614318,2.9895430225071156,933.6956264942819,933.438653706573,934.1920561217703,0.7534024151973426,0.75,0.007075492571849446,2
2025-02-24,2025-02-20,2025-02-28,3.9472126626405153,3.3370934257197535,1071.8998402369625,1065.9773328094743,1079.9150386825204,13.93770587304607,1.25,0.007858604893008325,2
2025-02-24,2025-02-20,2025-02-28,2.44746688130395,3.7472853345572186,1111.0301896142273,1108.8739601825364,1113.468335218262,4.594375035725534,1.5,0.011436182757783403,2
2025-02-24,2025-02-20,2025-02-28,0.962257935739131,2.919446442777488,162.7320672020384,160.56934095127508,164.79537835204974,4.226037400774658,1.0,0.0043823154615316336,2
2025-02-24,2025-02-20,2025-02-28,3.813171357102626,3.1842919823976534,1049.8708649884086,1044.2805235222913,1055.3609416093677,11.080418087076396,1.0,0.012993950127311957,2
2025-03-03,2025-02-28,2025-03-07,15.300030790692087,2.407427657836232,626.6573403402203,609.1169528937899,647.4499671407975,38.33301424700767,1.25,0.029859916800666245,3
2025-03-03,2025-02-28,2025-03-07,2.65261047960902,2.3741851016828712,409.857624969125,406.73130790377036,414.7040891540237,7.97278125025332,1.0,0.01349437644067426,3
2025-03-03,2025-02-28,2025-03-07,0.9065751928352088,19.709235466139557,509.6918732671116,508.82942514587194,510.8240059693344,1.9945808234624565,1.25,0.008773953900941128,3
2025-03-03,2025-02-28,2025-03-07,5.957825321967414,19.893168522720384,513.413107823981,511.07016111072153,516.5534682506695,5.4833071399480104,2.0,0.020618448386537275,3
2025-03-03,2025-02-28,2025-03-07,0.7167428822543921,10.744325294597287,513.3562223661692,512.5638998565264,514.3095792802051,1.7456794236786664,1.75,0.00384575463652723,3
2025-03-03,2025-02-28,2025-03-07,2.758924277770217,2.5364307643126938,587.0501368804804,582.2640597010031,592.1142085343599,9.850148833356798,1.0,0.01254721066040124,3
2025-03-03,2025-02-28,2025-03-07,0.16997149529420455,2.0851336228461053,618.6940708971758,618.2374523286708,619.4846435072832,1.247191178612411,0.5,0.0020857093641039695,3
2025-03-03,2025-02-28,2025-03-07,2.325592163067749,7.00629425718835,839.7461731575604,838.2481678538024,843.7580491635017,5.509881309699267,2.5,0.011294302791628066,3
2025-03-03,2025-02-28,2025-03-07,0.47295549109023444,17.910056652793926,1179.7194552177832,1179.0297956792638,1180.5629832642153,1.53318758495152,1.0,0.003588987961015386,3
2025-03-03,2025-02-28,2025-03-07,3.3980845599776464,2.50196727036332,732.5787937185894,727.640954402741,738.9496019426733,11.30864753993228,1.5,0.010380724117774182,3
2025-03-03,2025-02-28,2025-03-07,4.741451598173771,2.522877559498301,767.880524988825,760.0318658393808,777.4700357294641,17.438169890083373,1.0,0.015095777034936815,3
2025-03-03,2025-02-28,2025-03-07,1.1783412973044136,23.09672599962277,1099.128544969717,1097.8221393260173,1100.365585678257,2.543446352239698,2.0,0.007500937381844775,3
2025-03-03,2025-02-28,2025-03-07,0.23816153652215996,18.375173802031256,1119.1947296210335,1118.9411937706172,1119.705721240025,0.7645274694077671,1.0,0.0019934583104174656,3
2025-03-03,2025-02-28,2025-03-07,0.28061105828278116,2.447560490066552,400.0027329083583,399.7575719417073,400.5084804291837,0.7509084874764085,0.75,0.0064965614385811155,3
2025-03-03,2025-02-28,2025-03-07,35.441176283456635,2.2508270141238023,671.8894591683136,649.4389608888887,699.9302597423084,50.49129885341972,1.5,0.041300675696182655,3
2025-03-03,2025-02-28,2025-03-07,2.093457806419153,2.501716636009785,393.9342040221705,390.6305670682341,397.0196127030067,6.3890456347726285,1.0,0.009479899352691239,3
2025-03-03,2025-02-28,2025-03-07,8.176249863667225,2.996332573453555,1035.0507819574877,1027.481951830443,1044.5322959385812,17.050344108138233,1.25,0.014241363629444436,3
2025-03-03,2025-02-28,2025-03-07,0.8996042440591822,6.9492189347580595,267.53308416216714,256.53484071884304,284.0010744635947,27.466233744751662,1.5,0.006043728270737556,3
2025-03-03,2025-02-28,2025-03-07,4.092583412195929,2.7398510100574343,885.0631522725516,878.8769659600221,891.2046157661825,12.32764980616048,1.0,0.006703624402078275,3
2025-03-03,2025-02-28,2025-03-07,0.18626091885574453,6.251082473442948,307.20449381439613,306.9433484207839,307.7224579676986,0.7791095469146967,0.75,0.002203119092624606,3
2025-03-03,2025-02-28,2025-03-07,0.25470701263106676,2.7371320481300083,907.4465123297321,907.2059569945559,907.9629636094905,0.757006614934653,0.75,0.003442312148116188,3
2025-03-03,2025-02-28,2025-03-07,0.6393396071109323,2.805779808673875,937.4057552352529,936.6988514964469,938.456716186367,1.7578646899200976,1.0,0.00599877491608775,3
2025-03-03,2025-02-28,2025-03-07,0.8365038451696312,2.5244071580690846,1012.8685451313949,1011.4679921967909,1014.4712557927705,3.0032635959796607,1.0,0.002512696826801975,3
2025-03-03,2025-02-28,2025-03-07,0.21854796174834448,2.9724636111735925,1073.2939632078323,1073.0391982784495,1073.7955546230078,0.7563563445582986,0.75,0.0018352231539082613,3
2025-03-03,2025-02-28,2025-03-07,0.6740821863796076,2.9783398940873282,897.8482423946537,896.7819096776657,899.0729148047976,2.291005127131939,0.75,0.005010280393640679,3
2025-03-03,2025-02-28,2025-03-07,1.3767877493361729,3.244516042405231,1186.693276526338,1183.3859692947008,1190.088632318657,6.70266302395612,0.75,0.005037487262935654,3
2025-03-03,2025-02-28,2025-03-07,22.29221235284466,16.39468717628918,23.223406887927375,22.88057799357921,23.878107072785497,0.9975290792062879,3.25,0.01696557622029439,3
2025-03-03,2025-02-28,2025-03-07,2.489215216885204,2.99839996987893,146.62527190513,98.94362931372598,170.59742540260777,71.65379608888179,1.25,0.007766776374687412,3
2025-03-03,2025-02-28,2025-03-07,0.7854339505907644,3.5026808364002813,178.3382902868657,176.16611927608028,180.6635466236621,4.497427347581834,0.75,0.0044392118884961015,3
2025-03-03,2025-02-28,2025-03-07,0.2715590216568064,3.2524348355965915,195.05822052710607,194.47320466814563,195.88780446676537,1.4145997986197472,0.75,0.005479204139651608,3
2025-03-03,2025-02-28,2025-03-07,0.70948050690651,6.163530100627451,248.59148549246993,239.0223686057143,271.6717062103562,32.649337604641914,1.0,0.0066578836591056866,3
2025-03-03,2025-02-28,2025-03-07,0.6047146685037686,2.2491703983690767,1101.8305529067286,1100.6227899063379,1103.9303530836478,3.3075631773099303,0.75,0.006036021807182883,3
2025-03-08,2025-03-07,2025-03-10,11.997613328707988,8.565555065661693,1105.82819983836,1102.4050308973528,1109.1257325988263,6.720701701473445,4.5,0.019273032003571815,3
2025-03-08,2025-03-07,2025-03-10,0.5499629170521823,8.641937915373816,991.8023207749238,991.4743214691989,992.4761111307889,1.00178966159001,2.0,0.004581852981064707,3
2025-03-14,2025-03-10,2025-03-18,0.5415056927596924,19.504880945212992,1169.0509834404738,1168.1298825056292,1170.1797702261247,2.0498877204954624,0.75,0.0037561504081497126,3
2025-03-14,2025-03-10,2025-03-18,0.0658889042861698,6.74979413470182,1129.0288706142458,1129.0288706142455,1129.2806430305354,0.2517724162898958,0.75,0.0011865109615602832,3
2025-03-14,2025-03-10,2025-03-18,1.589399924598067,15.618467152778807,1130.0248510719136,1129.285282026045,1131.3354465751909,2.0501645491458476,2.0,0.008725471602200231,3
2025-03-14,2025-03-10,2025-03-18,1.511807946028598,7.639286105797067,1125.850501878941,1124.3262201095931,1127.482140346896,3.15592023730278,2.25,0.007361476325140846,3
2025-03-14,2025-03-10,2025-03-18,1.8436646360368163,10.50588016525639,1108.7831117041085,1107.0858035250567,1110.6587349926122,3.5729314675554633,1.75,0.007815930227971623,3
2025-03-14,2025-03-10,2025-03-18,0.24655902780888497,7.381561843196613,1063.923655141473,1063.67610197654,1064.4313562493771,0.7552542728371918,1.0,0.0022044514155698273,3
2025-03-14,2025-03-10,2025-03-18,0.2381860843327482,19.379063562243456,1011.9682179055277,1011.7181270294823,1012.4701691120863,0.7520420826040208,1.0,0.0018763466076735587,3
2025-03-14,2025-03-10,2025-03-18,10.90011187414318,6.428817809729038,759.6428966454029,754.0742387650535,767.4856803147122,13.411441549658775,4.5,0.021968970835052743,3
2025-03-14,2025-03-10,2025-03-18,0.40714142615480675,10.971350081101921,687.146135298061,686.7829561335966,687.7979293898679,1.0149732562713325,1.25,0.0031127214320003016,3
2025-03-14,2025-03-10,2025-03-18,3.3333824479187637,29.630331186627448,635.540175083343,635.1664866995998,636.1660733418539,0.999586642254144,2.0,0.013095393318291416,3
2025-03-14,2025-03-10,2025-03-18,0.2294118785681494,3.266825502435009,601.4219099246595,601.1500022043474,601.8996978937648,0.7496956894174218,0.75,0.009829794276563658,3
2025-03-14,2025-03-10,2025-03-18,0.8029484357868667,7.6398502547752445,521.6759128907953,520.8074816665612,522.5529671562836,1.7454854897223413,1.5,0.004282371544207885,3
2025-03-14,2025-03-10,2025-03-18,0.3600942883003157,20.882242745041083,514.6599115694432,514.306770672556,515.3053452307358,0.9985745581798255,1.0,0.0046191978853578515,3
2025-03-14,2025-03-10,2025-03-18,0.8117336565946784,6.805622508395424,505.38015297467905,504.8170687314123,506.0681571685709,1.2510884371586144,1.75,0.007849161860686966,3
2025-03-14,2025-03-10,2025-03-18,0.1979127574523287,12.759399671533869,478.60105121592443,478.35904548922554,479.10874423664063,0.7496987474150956,0.75,0.0033440173380211865,3
2025-03-14,2025-03-10,2025-03-18,0.8785659521246864,6.487564440195537,310.54698890112235,303.5191139867529,320.91312296455726,17.394008977804333,1.25,0.005494342723599054,3
2025-03-14,2025-03-10,2025-03-18,0.2101930829430765,3.2759422012365045,1034.7443911718608,1034.4972653677687,1035.2502024765126,0.7529371087439358,0.75,0.0018142729500739239,3
2025-03-14,2025-03-10,2025-03-18,1.7001977265502812,2.2513937407030893,639.5843231318848,637.1578539405018,642.1398738552816,4.982019914779812,1.0,0.012982966083657265,3
2025-03-21,2025-03-18,2025-03-24,0.4534338761914687,39.33296524409315,1291.505323549255,1291.1639312496409,1292.1753093353473,1.011378085706383,1.0,0.00924211464468811,3
2025-03-21,2025-03-18,2025-03-24,0.32799997719238577,43.753244112756434,1172.7013120472386,1172.4964898354374,1173.2622016412206,0.7657118057832122,0.75,0.011944029936434402,3
2025-03-21,2025-03-18,2025-03-24,1.2925279559798901,20.988036820018568,1168.9562134647495,1167.615878419485,1170.9503018213436,3.3344234018586576,1.25,0.005742614843789438,3
2025-03-21,2025-03-18,2025-03-24,1.881019354124499,2.24402969384836,632.8933857319287,629.7437302889302,636.1660733418539,6.422343052923679,0.75,0.009032191008904483,3
2025-03-21,2025-03-18,2025-03-24,0.5389395653497617,2.242733635906773,624.7462681718641,623.9266232606024,625.7657173648477,1.839094104245305,0.75,0.003349300436979086,3
2025-03-21,2025-03-18,2025-03-24,0.3143009141358444,13.905463157163243,502.1734151862109,501.8295859522186,502.82813634024933,0.9985503880307078,1.0,0.0031860343661877276,3
2025-03-21,2025-03-18,2025-03-24,1.8849737546378524,2.2889181462453463,656.5295182691824,653.6414067517035,659.3461109003983,5.704704148694873,1.0,0.012218772654527999,3
2025-03-28,2025-03-24,2025-04-01,0.29098924316845876,3.613266679673948,514.5542978094905,514.306770672556,515.0563814230263,0.7496107504703104,1.0,0.006630635990058429,3
2025-03-28,2025-03-24,2025-04-01,0.1360585061372045,2.862554941661566,922.6323552789331,922.3788548568264,923.1331317294389,0.754276872612536,0.5,0.0016240312085838567,3
2025-03-28,2025-03-24,2025-04-01,0.18015789254177342,3.496245852016292,806.6534902831337,806.3904401957989,807.1742171468213,0.7837769510224462,0.75,0.0017114500709195818,3
2025-03-28,2025-03-24,2025-04-01,1.0956554592085677,3.315231600917258,756.8321826160144,755.7172121335752,766.3878919179551,10.6706797843799,1.75,0.009045735588736897,3
2025-03-28,2025-03-24,2025-04-01,2.97390890451081,3.9146215245807445,518.891428466372,516.5708183199167,521.5571827264503,4.986364406533539,2.25,0.02302842878871098,3
2025-03-28,2025-03-24,2025-04-01,1.554257278959907,3.6256692014283685,509.1754645484751,507.8335345298983,510.8240059693344,2.990471439436078,1.5,0.007407000407359935,3
2025-03-28,2025-03-24,2025-04-01,0.851898595449885,3.560860259798293,812.7152860640821,809.8554169619456,817.8787450189702,8.023328057024628,1.0,0.004081538749780513,3
2025-03-28,2025-03-24,2025-04-01,0.4885266708912034,1.7312396305770053,80.64094799952538,33.21598207904026,115.06676263501868,81.85078055597842,0.75,0.002696699019968856,3
2025-03-28,2025-03-24,2025-04-01,0.11639772403533466,2.4999999999999996,922.6324323107816,922.3788548568264,923.1331317294389,0.754276872612536,0.25,0.0009218629580382227,3
2025-03-28,2025-03-24,2025-04-01,0.21247218979843668,2.745123418699304,927.905021445265,927.6558493245393,928.4100833232515,0.7542339987121522,0.75,0.0026531591188061667,3
2025-03-28,2025-03-24,2025-04-01,0.8180772514524144,2.393530790851584,77.27049092872765,51.74622721923515,135.3429395663552,83.59671234712005,1.0,0.005114636311762965,3
2025-03-28,2025-03-24,2025-04-01,8.442164777181851,3.046603707617945,981.5051227480149,971.4858914129436,990.7258178130724,19.239926400128752,1.0,0.009802074831070469,3
2025-03-28,2025-03-24,2025-04-01,4.654351119587592,3.1143569908433757,1037.9675412669706,1033.493579827249,1042.7770705595613,9.283490732312202,1.5,0.008665769840544346,3
2025-03-28,2025-03-24,2025-04-01,1.712263353113038,2.7223446662876203,954.384983737559,952.4850007216446,956.7395003698766,4.254499648232013,0.75,0.007644748536274812,3
2025-04-04,2025-04-01,2025-04-08,1.3125528639388195,11.554186099317581,393.1085553293911,391.87749893032014,394.74876670492813,2.871267774607986,3.25,0.010167700638742434,4
2025-04-04,2025-04-01,2025-04-08,0.1949953445785695,21.006954007182788,1171.7212113086966,1171.469013594091,1172.234743528068,0.7657299339771271,0.75,0.00271935695136568,4
2025-04-04,2025-04-01,2025-04-08,1.5953312421241281,20.796265678456013,517.3335545233798,516.0527327959426,518.5694925882854,2.516759792342782,1.75,0.007888289761051118,4
2025-04-04,2025-04-01,2025-04-08,0.0718564140970729,2.458941721727842,578.2806150619872,578.2806150619872,578.5323874782771,0.2517724162898958,0.75,0.0023982589147205744,4
2025-04-04,2025-04-01,2025-04-08,4.4406865985687105,2.485880288479774,586.8718109875756,580.5213925959542,594.3547915010713,13.833398905117065,1.25,0.017774643749382247,4
2025-04-04,2025-04-01,2025-04-08,0.18641280056587142,1.9963348457999843,633.1780020891176,632.927710398566,633.6777446195483,0.750034220982343,0.75,0.002480951805750256,4
2025-04-04,2025-04-01,2025-04-08,0.2503278091083284,2.7572098055618626,794.8143474357812,794.4128025812097,795.4666918478906,1.053889266680926,0.75,0.0020925824809942075,4
2025-04-04,2025-04-01,2025-04-08,3.984447851773565,19.606694594213714,1159.0638362819182,1157.1445484780706,1160.998700725846,3.854152247775346,2.75,0.009974473011933034,4
2025-04-04,2025-04-01,2025-04-08,0.5253299444441073,20.327619921764732,510.8540886944241,510.3231999850832,511.5708973063156,1.2476973212324083,1.25,0.005226852044232985,4
2025-04-11,2025-04-08,2025-04-15,0.4636528150238431,42.20959437681818,1279.047316384892,1278.837640334852,1279.5942794843577,0.756639149505645,0.75,0.03842488780493959,4
2025-04-11,2025-04-08,2025-04-15,0.19414133254251423,2.241828297552128,681.037302194606,680.7839782312512,681.5414330777712,0.7574548465199769,0.75,0.003856070408377296,4
2025-04-11,2025-04-08,2025-04-15,1.0349350649702047,2.2069539920899577,728.3341353522657,723.4140307321213,735.5564090209082,12.142378288786858,0.75,0.007274774975690087,4
2025-04-18,2025-04-15,2025-04-21,1.6534501349280715,2.3383631916355743,712.5394098687422,710.3020023331046,715.5861930120736,5.284190678969026,1.25,0.011329415902575097,4
2025-04-18,2025-04-15,2025-04-21,189.46173387385036,33.48608390795524,1019.1141593354738,1014.4694163813256,1023.4771796637215,9.0077632823959,21.25,0.07828681229174012,4
2025-04-18,2025-04-15,2025-04-21,4.543764239977125,17.14342234468136,1021.4084966841044,1017.7193008163013,1024.4782821922563,6.758981375955045,4.5,0.008189188403096416,4
2025-04-18,2025-04-15,2025-04-21,0.05724310245387884,18.50105201871038,1021.4734727460892,1021.4734727460891,1021.725245162379,0.2517724162898958,0.75,0.0010164084702076073,4
2025-04-18,2025-04-15,2025-04-21,0.10414301638794433,36.12936581854489,1021.2231933712029,1021.2231933712028,1021.4749657874927,0.2517724162898958,0.5,0.004777332097652357,4
2025-04-25,2025-04-21,2025-04-29,1.179150305021057,15.147902244043987,180.20344863972258,179.65704066539183,181.0448647039011,1.3878240385092795,1.0,0.016220578371169983,4
2025-04-25,2025-04-21,2025-04-29,0.757789528111446,21.658388817003814,1150.7380325132235,1149.9546180777252,1152.008702726569,2.0540846488438547,1.5,0.004223934105910084,4
2025-04-25,2025-04-21,2025-04-29,0.38069178967699213,43.36065316411243,1173.065846103498,1172.7534595271572,1173.519171343185,0.7657118160277605,1.0,0.013663035113206943,4
2025-04-25,2025-04-21,2025-04-29,1.304446043906701,2.7600654746340383,722.952639687126,719.7850000406615,728.9453417644836,9.160341723822057,1.25,0.017724914947864722,4
2025-04-25,2025-04-21,2025-04-29,0.32138704879232344,2.7689032769923507,661.8542239716313,661.4870043485425,662.4884321112186,1.0014277626760304,0.75,0.011675463456703554,4
2025-04-25,2025-04-21,2025-04-29,0.39856744240426245,1.988390107302597,654.3784915237056,653.8914091275074,655.1409857850522,1.2495766575448215,0.75,0.0037694192379322177,4
2025-04-25,2025-04-21,2025-04-29,12.452412251997476,2.0825053293509437,640.4004549960747,629.7437302889302,651.4358627055772,21.692132416646928,1.5,0.027140897502422903,4
2025-04-25,2025-04-21,2025-04-29,1.105217901465466,2.216856140261754,624.8189065708714,619.2328710909933,626.7610037121922,7.528132621198893,0.75,0.005872901114819197,4
2025-04-25,2025-04-21,2025-04-29,0.26335822757030797,31.728728835191014,337.47729841222764,337.1818964104168,337.9432988902554,0.7614024798385799,0.75,0.010598213059348837,4
2025-04-25,2025-04-21,2025-04-29,0.2448397998642494,2.7483620228908046,83.2591479451745,82.70465006679296,84.0504509927705,1.345800925977528,0.75,0.006093292466357941,4
2025-04-25,2025-04-21,2025-04-29,0.413578050920362,2.1110294011336754,727.273606330738,726.3217069688253,728.4183215363882,2.0966145675629377,1.0,0.003439176429223818,4
2025-04-25,2025-04-21,2025-04-29,4.083421728682661,0.5797095627583139,37.89111678339566,20.230239662807435,103.6264299317263,83.39619026891887,1.5,0.08426060884914031,4
2025-04-25,2025-04-21,2025-04-29,0.5495721033189962,1.7187193199783948,63.37759010401242,28.80409801378846,111.71987686865032,82.91577885486186,0.75,0.004981343990019066,4
2025-04-25,2025-04-21,2025-04-29,4.931763912866243,2.2735492183501256,707.4374262003264,701.9417286519893,718.2791225896217,16.33739393763244,1.5,0.015190107000139041,4
2025-04-25,2025-04-21,2025-04-29,0.5931051276731211,2.6252342304797147,1010.645688185797,1010.4674438224174,1011.2194874254055,0.7520436029881239,0.5,0.008274477705948068,4
2025-04-25,2025-04-21,2025-04-29,0.42983128219706035,2.559202738191851,1011.7587171917543,1010.9677150091156,1012.7203089897521,1.7525939806364477,0.5,0.00824321008889432,4
2025-04-25,2025-04-21,2025-04-29,9.41187838654147,3.267633171342807,1014.1501854679495,1009.467010196764,1019.7230068831705,10.255996686406434,2.5,0.03766802332441572,4
2025-04-25,2025-04-21,2025-04-29,0.40205140615777807,3.4035954703667457,1017.9122086035268,1017.2187393894419,1018.7219113493338,1.5031719598919153,1.0,0.015509324261996462,4
2025-04-25,2025-04-21,2025-04-29,4.3178746575128715,3.459196870345366,1023.3106186795436,1019.2209708918817,1028.485189482104,9.264218590222299,2.25,0.019677617354009434,4
2025-04-25,2025-04-21,2025-04-29,0.6431115355655794,2.48421483580816,1023.7229560504222,1023.4756766473874,1024.2280044839717,0.7523278365842998,0.75,0.02454239410694436,4
2025-04-25,2025-04-21,2025-04-29,0.22081573884497163,0.0,102.13522709041743,101.88547152839601,102.63363931467757,0.7481677862815559,0.25,0.005421623496151737,4
2025-04-25,2025-04-21,2025-04-29,0.13101739293204004,3.380561017640466,1014.2991564017432,1013.7192143243738,1014.9713301374577,1.2521158130839467,0.5,0.00739941352928609,4
2025-05-02,2025-04-29,2025-05-05,0.032348097703550245,1.0,101.88547152839601,101.88547152839601,102.1372439446859,0.2517724162898958,0.25,0.003665416448700376,5
2025-05-02,2025-04-29,2025-05-05,0.7324583276498953,0.9700930201621882,45.75321882212583,22.88057799357921,103.13003460457548,80.24945661099628,1.0,0.013369064925646932,5
2025-05-02,2025-04-29,2025-05-05,5.178020750832476,8.619673470280835,20.745519017468375,20.483116299379617,21.2407767646946,0.7576604653149843,1.0,0.014252428334678352,5
2025-05-02,2025-04-29,2025-05-05,0.13860952720215777,0.5,101.88547152839601,101.88547152839601,102.1372439446859,0.2517724162898958,0.25,0.0013393332336926896,5
2025-05-02,2025-04-29,2025-05-05,0.26115238648808803,2.239640452704167,587.5104526169667,587.1322807976976,588.1309280013666,0.998647203668952,0.75,0.00270809621973574,5
2025-05-09,2025-05-05,2025-05-14,0.3115604972707369,20.894638753503877,1244.1317012009492,1243.7774181035347,1244.7852713447064,1.0078532411716878,1.0,0.00452516664937636,5
2025-05-09,2025-05-05,2025-05-14,0.2643281808040647,2.000674369528784,609.9793192407349,609.6146268271841,610.6133269588463,0.99870013166219,0.75,0.007109823922025733,5
2025-05-09,2025-05-05,2025-05-14,4.588592759299269,10.231296457837827,551.1386398807342,548.0028170519508,555.4749555485323,7.472138496581465,2.0,0.009150712882396817,5
2025-05-09,2025-05-05,2025-05-14,44.89414373950731,16.070302280674678,549.2748049370257,537.7835600939579,558.4581018728204,20.674541778862476,6.25,0.03860295480655606,5
2025-05-09,2025-05-05,2025-05-14,0.2441202342984929,1.7178439222911763,114.32347176275546,113.78434112621471,115.06676263501868,1.2824215088039637,0.75,0.001889794229473968,5
2025-05-09,2025-05-05,2025-05-14,0.1902747376593421,10.253283449620968,542.7654725480007,542.5140731264837,543.2637672512792,0.7496941247954965,0.75,0.0027586813470885253,5
2025-05-16,2025-05-14,2025-05-19,29.672548805580984,17.448550237034468,557.7830073604686,549.9946135650389,561.4459754792042,11.451361914165318,5.25,0.03084656173434318,5
2025-05-16,2025-05-14,2025-05-19,0.18467103898997791,1.999300768660257,689.0677640148647,688.8119097286835,689.5725022982806,0.7605925695970654,0.75,0.00135557622472778,5
2025-05-23,2025-05-19,2025-05-27,0.5803671428726623,3.5898613025925696,509.322808273535,508.58046134002507,510.3260086234659,1.7455472834408283,1.0,0.004347068696223678,5
2025-05-23,2025-05-19,2025-05-27,0.6126397088513253,2.637578198604164,702.6105890713089,701.9417286519893,703.8033027397469,1.8615740877576172,1.25,0.009034904426912597,5
2025-05-23,2025-05-19,2025-05-27,6.638264321256613,2.4655662329324954,776.3602904222274,764.6679559019394,787.9325073724613,23.264551470521837,1.0,0.014415870266470928,5
2025-05-30,2025-05-27,2025-06-02,0.3710598582331977,2.244950945376744,636.9713525654818,636.1620245575905,638.1574433147907,1.995418757200241,0.75,0.004928014024159283,5
2025-05-30,2025-05-27,2025-06-02,0.5127698997988616,21.306164183124118,1263.8574485633399,1263.037986903917,1264.8003455935977,1.7623586896806955,1.25,0.003574168975127485,5
2025-05-30,2025-05-27,2025-06-02,0.3578445129314533,19.11958902632552,1262.4235394408172,1262.031082893256,1263.038153284695,1.0070703914389014,1.0,0.003004503606291286,5
2025-05-30,2025-05-27,2025-06-02,5.107267225804961,40.576793769508406,1262.254098785938,1261.0240536839701,1263.7932925047353,2.7692388207651675,4.25,0.021135412199491374,5
2025-05-30,2025-05-27,2025-06-02,2.89675708706812,2.319812461189617,618.8905893197485,615.2510281689465,622.2225438728929,6.971515703946352,1.0,0.011806644508507507,5
2025-05-30,2025-05-27,2025-06-02,0.9267195038625634,31.74880799802759,660.0998019359679,659.8645305470563,660.6163410386071,0.7518104915507138,0.75,0.05407343301475299,5
2025-05-30,2025-05-27,2025-06-02,0.21165273352651715,1.979179156986669,631.2405493431788,630.9883913379163,631.738401087001,0.7500097490847111,0.75,0.002369202222174129,5
2025-05-30,2025-05-27,2025-06-02,1.1262921339123868,41.690491065263735,1309.1317202052537,1308.7054869853891,1309.724754450377,1.0192674649879336,1.75,0.016116541816625907,5
2025-05-30,2025-05-27,2025-06-02,0.6536484629597278,23.101435917914642,1188.0543234650866,1187.3072851770557,1189.070343281608,1.7630581045523286,1.25,0.004709002360795422,5
2025-06-07,2025-06-02,2025-06-13,7.564124588805484,7.939176922628855,728.1607530527943,727.6702394029126,728.9453417644836,1.2751023615710437,1.5,0.013042596562987323,6
2025-06-07,2025-06-02,2025-06-13,0.15560145874825063,2.615821709261408,541.0246853037627,540.771333522629,541.5210368442349,0.7497033216059208,0.5,0.003128202124215449,6
2025-06-07,2025-06-02,2025-06-13,0.08537904763289914,2.2499999999999996,541.0252349711124,540.771333522629,541.5210368442349,0.7497033216059208,0.25,0.001805659160993638,6
2025-06-07,2025-06-02,2025-06-13,0.1928699447833543,2.9864469297809046,455.7597397499075,455.5113789490424,456.2610839288682,0.7497049798257649,0.75,0.0016214770034021781,6
2025-06-07,2025-06-02,2025-06-13,2.392360949005748,10.167214095212708,64.01120331557287,24.449052274227142,106.67224304331467,82.22319076908752,3.0,0.013056249004233817,6
2025-06-07,2025-06-02,2025-06-13,0.3634986919702836,2.4739207253426647,395.02337176545365,394.24762697098777,395.9595284992829,1.7119015282951295,0.75,0.0028480496872430767,6
2025-06-07,2025-06-02,2025-06-13,1.3066969522514371,0.2526087465444314,102.40705753672178,101.88547152839601,103.13003460457548,1.2445630761794746,0.75,0.04682477081844897,6
2025-06-07,2025-06-02,2025-06-13,0.5014653812505492,2.9722618267462773,442.66813983220396,441.920939149335,443.6666598189622,1.7457206696271896,0.75,0.004061310513976506,6
2025-06-14,2025-06-13,2025-06-16,1.836594237156355,2.213680059671045,693.6548897734906,689.5751399579458,699.9302597423084,10.355119784362614,0.75,0.0066921385683667775,6
2025-06-20,2025-06-16,2025-06-25,3.8600502480399306,3.0979337882386404,461.6794673118395,456.5763716464862,467.10322103695944,10.526849390473217,1.0,0.015958400100928683,6
2025-06-20,2025-06-16,2025-06-25,7.139207211800257,2.2272571406323523,663.4729677985773,657.3848598725162,670.7686780570075,13.383818184491247,1.75,0.023401674301843683,6
2025-06-20,2025-06-16,2025-06-25,4.990186820862857,2.0104627735497598,681.8903075537979,675.786681280937,689.7181655028835,13.931484221946448,1.25,0.013808339444777981,6
2025-06-20,2025-06-16,2025-06-25,0.570418355842967,3.903927875306044,678.326368013863,677.8420090326108,679.016928974539,1.1749199419282377,1.5,0.005788160967254013,6
2025-06-28,2025-06-25,2025-07-01,2.326710724970221,18.49514003673716,27.173109243624225,26.843698393087834,27.820933796931058,0.977235403843224,0.75,0.003488334737653394,6
2025-06-28,2025-06-25,2025-07-01,2.236627183852737,15.499946670959256,20.497299475713664,20.230239662807435,20.987810249440372,0.7575705866329372,0.75,0.007979192547061623,6
2025-06-28,2025-06-25,2025-07-01,0.8845589538927388,15.499862665806132,20.98900434840471,20.989004348404706,21.2407767646946,0.2517724162898958,0.75,0.005362998472785972,6
2025-06-28,2025-06-25,2025-07-01,10.654833046128026,16.997815343837484,21.876705878661568,21.556085699237883,22.560242858249694,1.004157159011811,2.25,0.013356837192991633,6
2025-06-28,2025-06-25,2025-07-01,3.3419496338140675,3.5899826385913336,517.3858888839335,516.8197833313607,518.3205282539129,1.5007449225522578,1.0,0.016676890304098954,6
2025-06-28,2025-06-25,2025-07-01,2.690397239163057,25.50141250141543,331.82033817787413,331.57049141358584,332.33317560562864,0.7626841920427978,0.75,0.014521325902054159,6
2025-06-28,2025-06-25,2025-07-01,0.7228790166411053,2.9632441960315345,381.6030203390614,380.8082565255463,382.8082767697051,2.0000202441588044,0.75,0.005499495216453383,6
2025-06-28,2025-06-25,2025-07-01,0.4808303657838457,9.019507268304348,1478.1442271381507,1477.885409925133,1478.6412326917052,0.755822766572237,0.75,0.029574145956426986,6
2025-06-28,2025-06-25,2025-07-01,8.226878652972752,2.4960519508996764,69.48355481595196,44.558793815318495,135.88867715653032,91.32988334121183,1.5,0.021732212217371382,6
2025-06-28,2025-06-25,2025-07-01,8.881245548522363,18.852674242545586,24.557224550899058,24.202802890446037,25.193466255441308,0.990663364995271,1.0,0.013046226334052446,6
2025-06-28,2025-06-25,2025-07-01,3.6384701910822073,18.43656940405531,27.264916964975736,27.085470030084252,27.57906341832131,0.4935933882370591,0.75,0.004023415985434224,6
2025-06-28,2025-06-25,2025-07-01,1.8794684989832575,18.37491376365549,26.843698393087838,26.843698393087834,27.09547080937773,0.2517724162898958,0.5,0.0018015933718861638,6
2025-06-28,2025-06-25,2025-07-01,15.172201088322693,9.707494220611911,52.7069764474195,24.202802890446037,105.6784746912308,81.47567180078477,1.75,0.017528721601130795,6
2025-06-28,2025-06-25,2025-07-01,6.0875926648525756,11.747637407745168,24.45345098103585,24.202802890446037,24.947121646720916,0.744318756274879,0.75,0.011353514956256562,6
2025-06-28,2025-06-25,2025-07-01,3.455245962282439,10.168873617240264,56.02932517593961,24.69534923043102,105.6784746912308,80.98312546079978,0.5,0.007898545036716765,6
2025-06-28,2025-06-25,2025-07-01,14.212367217407603,10.09341353219628,90.41169703369374,24.69534923043102,106.67224304331467,81.97689381288365,1.75,0.01810971945288543,6
2025-06-28,2025-06-25,2025-07-01,5.644431669733671,13.364981727377284,20.635357299757263,20.230239662807435,21.2407767646946,1.0105371018871665,1.5,0.01700127553457881,6
2025-06-28,2025-06-25,2025-07-01,0.9063693688848916,2.4868293492557547,19.749195582257396,19.513051045592874,20.193708752747625,0.6806577071547508,0.75,0.01731599825820779,6
2025-06-28,2025-06-25,2025-07-01,0.17825443013151768,1.226017331257528,97.7813532841392,97.78135328413919,98.03312570042908,0.2517724162898958,0.75,0.006966054974235988,6
2025-06-28,2025-06-25,2025-07-01,1.452652569129893,1.0266817150963523,98.49286338328638,97.78135328413919,98.98710175603628,1.2057484718970954,1.0,0.009322470460252282,6
2025-06-28,2025-06-25,2025-07-01,2.6928444670493947,18.665219998036566,27.408570090768727,27.085470030084252,27.820933796931058,0.7354637668468058,0.5,0.004171751222740907,6
2025-07-06,2025-07-01,2025-07-11,2.0180209367900215,18.587690328006584,1192.9397657903712,1191.6244513113052,1194.6861407258548,3.061689414549619,2.25,0.009397208103030902,7
2025-07-06,2025-07-01,2025-07-11,0.7677129490701998,17.164444633016412,998.925427559172,998.4687038566917,999.4706199304201,1.0019160737283528,2.0,0.005597138402918541,7
2025-07-06,2025-07-01,2025-07-11,0.3381362717291128,2.7575421241698304,726.0104404963306,725.6766211828217,726.6127870883793,0.9361659055575728,1.25,0.010966610436399985,7
2025-07-06,2025-07-01,2025-07-11,0.18449083288301846,1.7496486781461942,649.6864153381127,649.4389608888887,650.1898906570859,0.7509297681972384,0.75,0.002760608549180531,7
2025-07-06,2025-07-01,2025-07-11,1.9783231616532408,2.1396008999584475,615.3215973005856,612.8503092792816,618.2407942069694,5.390484927687794,1.0,0.010410994720191696,7
2025-07-06,2025-07-01,2025-07-11,0.43254847305676486,2.501733469828167,586.8904173814119,586.1447052350268,587.881969768554,1.7372645335271955,0.75,0.003924863949314775,7
2025-07-06,2025-07-01,2025-07-11,0.21486371303767035,2.7285316488253817,74.14561124970488,73.77779984427616,74.7718034107238,0.9940035664476454,0.75,0.0034144419311246212,7
2025-07-06,2025-07-01,2025-07-11,2.2643567683518655,0.49927184857341245,23.256969715383118,22.88057799357921,23.878107072785497,0.9975290792062879,0.75,0.021335394764598194,7
2025-07-06,2025-07-01,2025-07-11,4.46050656378078,2.605189442095471,600.5910955567906,596.1807889183983,603.8912220061757,7.710433087777346,1.75,0.023022816243477465,7
2025-07-06,2025-07-01,2025-07-11,0.9170280282423164,2.4907259225275746,86.3657367233573,59.565864578820765,138.82368708960712,79.25782251078635,0.75,0.005357285569541097,7
2025-07-12,2025-07-11,2025-07-14,0.17637324958010367,35.888067671244414,1206.0610099844598,1205.852064720355,1206.3583263442852,0.506261623930186,0.75,0.00774469526737458,7
2025-07-12,2025-07-11,2025-07-14,0.705896211845103,36.04827380352622,1205.6976279282278,1205.5975755010732,1206.1038371366449,0.5062616355717182,0.75,0.005505954708268758,7
2025-07-25,2025-07-22,2025-07-28,0.3248217280953502,1.3305334923858083,17.838875412534907,17.577073462307453,18.34163429448381,0.7645608321763575,0.75,0.009224912156030378,7
2025-07-25,2025-07-22,2025-07-28,27.019504459155602,14.3336991492741,14.988259888066397,14.490654835943133,16.44289050018415,1.952235664241016,2.0,0.05981466535659152,7
2025-07-25,2025-07-22,2025-07-28,1.1242538473732082,6.74910015603454,20.551296072999232,20.338197982870042,21.023958360310644,0.6857603774406016,0.75,0.024910130246630934,7
2025-07-25,2025-07-22,2025-07-28,3.638612442497411,14.499418635426677,16.07909712068029,15.970303126145154,16.44289050018415,0.4725873740389943,0.75,0.009143158831709866,7
2025-07-25,2025-07-22,2025-07-28,14.834166406763556,12.037374011247655,13.526816823835011,13.229246007744223,14.156237435992807,0.9269914282485843,1.25,0.022784722020112193,7
2025-07-25,2025-07-22,2025-07-28,11.167283698503033,11.614555990997566,14.874945817104551,14.490654835943133,15.41145663894713,0.9208018030039966,1.25,0.013473921226938015,7
2025-07-25,2025-07-22,2025-07-28,0.20262077575074164,2.98790216861182,377.31520776334025,377.0620250967331,377.81333970697597,0.7513146102428436,0.75,0.003866557586083215,7
2025-07-25,2025-07-22,2025-07-28,0.1823125608803823,18.50327830535556,1119.455830984105,1119.1975712967105,1119.9620987689123,0.7645274722017348,0.75,0.0029274016882123014,7
2025-08-01,2025-07-28,2025-08-05,5.849842839174153,11.548463710152152,459.23294066249167,457.58322859415784,461.5694515109062,3.9862229167483747,4.75,0.014008367968226453,8
2025-08-09,2025-08-05,2025-08-13,2.9292801666009916,8.741649727301287,996.7618360393196,995.4747999086976,998.4704237487167,2.995623840019107,2.25,0.011024554525969038,8
2025-08-09,2025-08-05,2025-08-13,3.85518801913654,19.95335766307163,1185.026848095399,1183.3859692947008,1186.4302336503752,3.044264355674386,4.5,0.009263425246334275,8
2025-08-17,2025-08-13,2025-08-21,0.8699303470752551,23.991627173338927,1472.3261422121557,1472.067322331015,1472.823718152009,0.7563958209939301,0.75,0.021741150645859915,8
2025-08-17,2025-08-13,2025-08-21,0.22410873322073124,12.505346865901025,376.0684424545748,375.81325942929834,376.56457392545417,0.7513144961558282,0.75,0.004053847442047518,8
2025-08-30,2025-08-25,2025-09-05,6.6087854849522065,15.06103838730133,250.75625099153572,239.38641626061872,275.8073238809593,36.420907620340586,3.5,0.013505896977623331,8
2025-08-30,2025-08-25,2025-09-05,0.12998141238211117,33.0,304.0907439843645,303.7809450174682,304.55984685663134,0.7789018391631544,0.25,0.006084697787506454,8
2025-08-30,2025-08-25,2025-09-05,0.19909740961407674,33.36513584790775,304.0840626994439,303.7809450174682,304.55984685663134,0.7789018391631544,0.5,0.008221518689560186,8
2025-08-30,2025-08-25,2025-09-05,0.5734101045226359,13.250277113823035,437.7928910257935,437.43952461052686,438.4382166196592,0.9986920091323555,1.25,0.0065362098875088705,8
2025-08-30,2025-08-25,2025-09-05,2.692419475210697,18.216120623681135,1182.6180173481787,1181.0797944799997,1184.6626024083234,3.5828079283237457,3.5,0.007421390995848871,8
2025-08-30,2025-08-25,2025-09-05,0.7442329682425245,42.3282012068776,1262.382676096524,1261.7793530207127,1263.038153284695,1.2588002639822662,1.25,0.007843748155625496,8
2025-09-08,2025-09-05,2025-09-11,0.26672366945885495,32.7109960835731,660.611163952336,660.3719739466906,661.1244439226575,0.7524699759669602,0.75,0.011927843220919701,9
2025-09-19,2025-09-15,2025-09-23,0.13519410848897717,2.6158006879347897,663.207566133343,662.986098414287,663.7391619253904,0.7530635111033916,0.5,0.006676948398525641,9
2025-09-19,2025-09-15,2025-09-23,0.05874026712734671,2.2500000000000004,663.2388332357039,662.986098414287,663.7391619253904,0.7530635111033916,0.25,0.002989446621848404,9
2025-09-19,2025-09-15,2025-09-23,1.658250742532575,21.885039506008543,1187.2953048768352,1186.5403907666914,1188.555555973202,2.0151652065105736,2.25,0.008595156255484937,9
2025-09-26,2025-09-23,2025-09-30,0.2909662059923683,23.87095240732336,1217.6319019517734,1217.2442358457483,1218.2551791914739,1.0109433457255363,1.0,0.0032950011252805937,9
2025-09-26,2025-09-23,2025-09-30,6.782792955022643,14.604769781562297,23.29355157692189,22.88057799357921,23.878107072785497,0.9975290792062879,1.0,0.008268221743931435,9
2025-09-26,2025-09-23,2025-09-30,16.13140489876602,13.466113279916344,28.16807136657609,27.758620008360595,28.738993019796908,0.9803730114363134,1.25,0.011210294694790615,9
2025-09-26,2025-09-23,2025-09-30,12.91371565271871,18.371022528707396,27.204643220182707,26.843698393087834,27.820933796931058,0.977235403843224,1.0,0.008015940461875969,9
2025-09-26,2025-09-23,2025-09-30,3.8533390654544113,9.250310563318164,20.746565739161053,20.483116299379617,21.2407767646946,0.7576604653149843,0.75,0.010913586703163655,9
2025-09-26,2025-09-23,2025-09-30,1.3910234023549322,1.8402782594963414,17.963679017559848,17.577073462307453,18.598093270789832,1.0210198084823787,1.25,0.015460155401906813,9
2025-09-26,2025-09-23,2025-09-30,11.744088009912778,11.618566106914578,24.545252028489834,24.202802890446037,25.193466255441308,0.990663364995271,1.5,0.013991735738175335,9
2025-10-03,2025-09-30,2025-10-06,0.18359458602413048,1.7432820139918828,649.6873749322331,649.4389608888887,650.1898906570859,0.7509297681972384,0.75,0.0037711372826734423,10
2025-10-03,2025-09-30,2025-10-06,0.6638759620542559,3.002261113074237,98.16652076967323,97.78135328413919,98.98710175603628,1.2057484718970954,0.75,0.023352138712946162,10
2025-10-03,2025-09-30,2025-10-06,1.6809327306868196,6.480095272188331,20.50027550972004,20.338197982870042,21.023958360310644,0.6857603774406016,1.5,0.016035908375161147,10
2025-10-03,2025-09-30,2025-10-06,0.683689884728334,6.126395112147545,20.660752401315346,20.555169028695673,21.023958360310644,0.46878933161497116,0.5,0.0211741991639945,10
2025-10-03,2025-09-30,2025-10-06,0.1844950500709913,5.749999999999999,20.772185944020748,20.772185944020748,21.023958360310644,0.2517724162898958,0.25,0.0011294360942999135,10
2025-10-03,2025-09-30,2025-10-06,4.842428387597557,2.4071687919978393,599.812091850835,595.0405605784617,603.1443371241912,8.103776545729488,1.75,0.022329479322070623,10
2025-10-03,2025-09-30,2025-10-06,1.8214110386488889,1.7637190530461946,639.1376646785334,637.1578539405018,641.1331842425279,3.975330302026123,1.0,0.014643489739641033,10
2025-10-03,2025-09-30,2025-10-06,3.1123815934047134,1.726019453667856,673.2115940200558,662.7354528205469,679.016928974539,16.281476153992116,0.75,0.008083233791232398,10
2025-10-03,2025-09-30,2025-10-06,0.28307616201067554,1.9681141649697353,724.5960559937316,724.2080009132624,725.2481786767021,1.040177763439715,0.75,0.004068638993619229,10
2025-10-03,2025-09-30,2025-10-06,0.3036130491781301,5.94953453958041,1478.1701579197468,1477.885409925133,1478.6412326917052,0.755822766572237,0.75,0.017821404955124565,10
2025-10-11,2025-10-06,2025-10-17,0.8879916190164351,41.68014096553082,1273.5870280882227,1273.2505812109448,1274.2582075078972,1.0076262969523668,1.25,0.023354380354508344,10
2025-10-11,2025-10-06,2025-10-17,365.1848602454241,13.02689582372149,204.8301852361304,161.09621742833406,252.31386553682387,91.21764810848981,14.25,0.06252486440493915,10
2025-10-11,2025-10-06,2025-10-17,0.68832746969329,42.25805459892907,1295.747835271975,1295.4676213441417,1296.2257594889961,0.7581381448544562,0.75,0.014183775951504517,10
2025-10-11,2025-10-06,2025-10-17,0.2664774989788275,39.01286356254983,1255.2774694912355,1254.985250776168,1255.7405680292286,0.7553172530606389,0.75,0.031289088040627404,10
2025-10-11,2025-10-06,2025-10-17,0.7527642765685079,39.02823083689537,1283.8792667924997,1283.6331042903475,1284.3896931232885,0.7565888329409063,0.75,0.02135814508164099,10
2025-10-11,2025-10-06,2025-10-17,1.1088799312604027,24.816514678655412,1214.8193099377338,1213.227984439116,1216.5139771304093,3.285992691293359,1.0,0.009583915272877839,10
2025-10-11,2025-10-06,2025-10-17,5.3992772172921635,2.440923483441101,86.67952222860512,59.05205163080245,151.57367567252368,92.52162404172122,1.5,0.018282006958557896,10
2025-10-11,2025-10-06,2025-10-17,63.129884334881396,15.505798479824236,565.2165869167646,557.7084072059952,572.3719445965253,14.66353739053011,8.5,0.033797524341573223,10
2025-10-11,2025-10-06,2025-10-17,0.17616881037807627,8.74885730179952,220.34649649337487,219.97108770068735,220.9718346754089,1.000746974721551,0.75,0.0019168074171862697,10
2025-10-11,2025-10-06,2025-10-17,0.5825930628050813,1.451338869569013,97.93300839517924,97.30436519533396,98.51011370588094,1.2057485105469823,0.75,0.03319029646976504,10
2025-10-11,2025-10-06,2025-10-17,3.3145001461280614,31.738023292270775,1002.964334116892,1002.7195314085111,1003.4713992597535,0.7518678512424231,1.25,0.027529530618680777,10
2025-10-19,2025-10-17,2025-10-22,0.17641554734604037,17.7470266107412,1011.718431445285,1011.4679921967909,1012.2200342784636,0.7520420816726983,0.75,0.0017165453503281815,10
2025-10-19,2025-10-17,2025-10-22,0.8997975423317889,2.207703437137974,74.02532080334005,71.87527443654835,76.06758488854393,4.192310451995581,0.75,0.007743845038054029,10
2025-10-19,2025-10-17,2025-10-22,21.63836033188636,27.822476351314346,1011.0728465800075,1007.7158846240491,1015.2214714786969,7.505586854647845,8.5,0.027777180425408186,10
2025-10-19,2025-10-17,2025-10-22,0.17354496414171114,22.249555976195897,1009.4670184037494,1009.2166322330013,1009.968703049235,0.7520708162337542,0.75,0.002612463710717832,10
2025-10-19,2025-10-17,2025-10-22,1.0354585627667756,18.085834274478295,1015.9627611095809,1015.4713301761076,1016.719677599147,1.2483474230393767,2.0,0.010658585437622697,10
2025-10-24,2025-10-22,2025-10-27,3.194196361883302,31.74919823415444,621.469101012733,621.2237299475819,621.9735300922766,0.7498001446947455,0.75,0.007359905300196639,10
2025-10-24,2025-10-22,2025-10-27,1.3582945618148472,33.11711412381625,625.0234976433322,624.7666625515558,625.5166232339107,0.7499606823548675,1.0,0.05633227612766728,10
2025-10-24,2025-10-22,2025-10-27,3.9616277035058807,2.124804378614296,614.1410903676862,608.6190011277795,620.9781755041331,12.359174376353621,1.0,0.014499824901564009,10
2025-10-24,2025-10-22,2025-10-27,5.038507045940317,2.178119356748235,596.7082345658978,587.8791555850767,605.0312315588817,17.15207597380504,1.25,0.015304479491927989,10
2025-10-24,2025-10-22,2025-10-27,0.0189958511504482,2.75,602.6438014414161,602.6438014414161,602.895573857706,0.2517724162898958,0.25,0.0017073768956500565,10
2025-10-31,2025-10-27,2025-11-05,0.4944937401003779,20.273708657185754,807.8810039899176,807.4569151885808,808.5066476361826,1.0497324476018548,1.25,0.005817643712386074,10
2025-10-31,2025-10-27,2025-11-05,8.671635633438518,4.0221455131799155,201.02066358964638,180.80236521642655,233.7157976999879,52.91343248356134,2.0,0.032503404971293476,10
2025-10-31,2025-10-27,2025-11-05,1.2571859065880289,7.001608641906699,20.44494156678842,20.338197982870042,20.80694144498557,0.4687434621155262,0.75,0.010237627662453092,10
2025-10-31,2025-10-27,2025-11-05,0.6773559201655212,6.244972540747487,20.338197982870046,20.338197982870042,20.589970399159938,0.2517724162898958,1.25,0.006736715814955313,10
2025-10-31,2025-10-27,2025-11-05,1.2605621117473722,31.81838893166723,660.6406181349907,660.3719739466906,661.1244439226575,0.7524699759669602,1.5,0.08344402853808046,10
2025-10-31,2025-10-27,2025-11-05,0.3012635089893128,16.478530573724957,17.82828175575814,17.594453269150108,18.34404007392004,0.7495868047699332,0.75,0.0077956851095115,10
2025-10-31,2025-10-27,2025-11-05,0.06843363104071584,1.0,20.230239662807435,20.230239662807435,20.48201207909733,0.2517724162898958,0.25,0.008899464256140499,10
2025-10-31,2025-10-27,2025-11-05,2.742551265766468,0.6969597385104301,22.01739639675914,20.230239662807435,23.62947475677356,3.3992350939661264,1.25,0.04878414187375984,10
2025-10-31,2025-10-27,2025-11-05,0.1985715199795512,3.7657955646958365,1010.7248570896915,1010.4674438224174,1011.2194874254055,0.7520436029881239,0.75,0.0034719215131691255,10
2025-10-31,2025-10-27,2025-11-05,2.0908717260452314,6.430673068934002,20.682920708935715,20.555169028695673,21.023958360310644,0.46878933161497116,1.75,0.01738741001773139,10
2025-11-07,2025-11-05,2025-11-10,1.2782090292344435,3.953657925309094,554.540277760235,553.2312319073826,556.2212114036083,2.9899794962257147,1.25,0.01002489212650067,11
2025-11-07,2025-11-05,2025-11-10,0.19340282110243184,3.0029952864959726,366.22616066461177,365.9917792528868,366.74434464937076,0.7525653964839876,0.75,0.004982494355448361,11
2025-11-07,2025-11-05,2025-11-10,0.26694913165764256,5.485042858981994,372.3670469682522,371.93912799470127,373.03934139665216,1.1002134019508958,0.75,0.007187513684811453,11
2025-11-07,2025-11-05,2025-11-10,1.2736206657768725,2.9058202893823526,378.04184543757873,376.5625725965947,379.8117383364588,3.249165739864111,1.0,0.00997690599026454,11
2025-11-07,2025-11-05,2025-11-10,1.1798258104139632,2.7862994324361265,442.1975209477221,440.4272623504512,444.41357939876616,3.986317048314959,1.0,0.005515476995281332,11
2025-11-07,2025-11-05,2025-11-10,4.052846989993249,3.836350653849478,510.68655849216924,505.31499539362267,514.0606155274436,8.745620133820921,2.0,0.019597831797051875,11
2025-11-07,2025-11-05,2025-11-10,0.3320548348998385,4.138798944398572,518.8948974287072,518.5667357887141,519.5654012095183,0.9986654208041728,1.0,0.004821023473757428,11
2025-11-07,2025-11-05,2025-11-10,0.9865379863626713,3.7800297706547523,523.0004768258707,521.8032660973258,524.5448374669068,2.7415713695809245,1.25,0.006626091272824306,11
2025-11-07,2025-11-05,2025-11-10,0.06711125936725724,2.47450434759773,578.2806150619872,578.2806150619872,578.5323874782771,0.2517724162898958,0.75,0.002307902470220517,11
2025-11-07,2025-11-05,2025-11-10,3.910694332519747,3.751608361441855,1038.271398400693,1031.7402064399794,1043.2786551811732,11.53844874119386,1.5,0.010784687623711497,11
2025-11-07,2025-11-05,2025-11-10,0.6868267802059941,33.2393317293915,629.9662092220818,629.7437302889302,630.4937396645546,0.7500093756243587,0.75,0.047230884987190504,11
2025-11-07,2025-11-05,2025-11-10,0.26313924851123977,3.487406200418171,933.827650459915,933.438653706573,934.4428711221553,1.0042174155823886,0.75,0.0033561069611701966,11
2025-11-07,2025-11-05,2025-11-10,0.8017026658710643,3.498964351097775,992.8511624120049,991.4743214691989,994.4761130400002,3.001791570801288,0.75,0.006407680350640603,11
2025-11-07,2025-11-05,2025-11-10,0.6735100335635887,3.498165004548004,997.1342918364772,996.4689104259014,998.2203758130781,1.7514653871767223,1.25,0.007833405183940574,11
2025-11-07,2025-11-05,2025-11-10,0.3196856966892445,3.2391704763354245,341.159525808546,340.64450798835605,341.9080098234117,1.2635018350556493,0.75,0.0017708398551593073,11
2025-11-07,2025-11-05,2025-11-10,0.18219007359985728,3.7554281884388425,1079.4068263137833,1079.1571855791844,1079.9150386825204,0.7578531033359468,0.75,0.0015464977276078854,11
2025-11-07,2025-11-05,2025-11-10,0.26590012188517076,3.250554864867679,1088.4563645145183,1088.0881465552375,1089.1015182738192,1.013371718581766,0.75,0.003873773983647829,11
2025-11-07,2025-11-05,2025-11-10,0.4905760983598031,29.043159120247072,1214.9372165945738,1214.4965430055745,1215.5096645834856,1.013121577911079,1.25,0.006992277490886817,11
2025-11-07,2025-11-05,2025-11-10,0.7487706625013174,3.228714826808895,1247.4346689523777,1246.1850660732016,1248.9438945073634,2.758828434161842,0.75,0.0048674943916070705,11
2025-11-07,2025-11-05,2025-11-10,0.2814468168186555,36.26342965410757,1256.2090269552193,1255.9894417896867,1256.7447496564128,0.7553078667260706,0.75,0.01213185605121175,11
2025-11-07,2025-11-05,2025-11-10,1.8720848952169318,2.491081279196022,583.0787782796815,580.2724336693063,586.2204193333164,5.947985664010048,1.0,0.01143180170852108,11
2025-11-07,2025-11-05,2025-11-10,0.19826624592479972,4.245635535161438,333.85873816466244,333.6143586789258,334.3771501062438,0.7627914273180068,0.75,0.002777212172508784,11
2025-11-07,2025-11-05,2025-11-10,0.10164921060459292,4.699321583862662,232.72436170390557,200.0031478605233,241.57272905670106,41.56958119617775,0.75,0.005452098566293333,11
2025-11-07,2025-11-05,2025-11-10,0.9078220957268844,4.508510199058441,228.44031396995427,212.98848290275782,252.31386553682387,39.325382634066045,1.0,0.010155614532813448,11
2025-11-07,2025-11-05,2025-11-10,11.687073831528407,4.075902041232455,1012.8172575325716,1006.4653543368913,1017.9710732325912,11.505718895699829,3.25,0.026736880534741218,11
2025-11-07,2025-11-05,2025-11-10,5.559978011616845,3.903984341414527,1022.4134135688831,1018.4701389330439,1026.4812406096607,8.011101676616818,2.5,0.01886783324996195,11
2025-11-07,2025-11-05,2025-11-10,0.6584145777431996,3.6370094007230276,1106.4209720980914,1105.5526469093747,1107.5931834788062,2.040536569431424,1.0,0.005665551146168051,11
2025-11-07,2025-11-05,2025-11-10,0.2610355011438255,3.3725142663688885,1126.7249147258133,1126.4598639942706,1127.2256863215007,0.7658223272301257,1.0,0.004143199368508622,11
2025-11-07,2025-11-05,2025-11-10,0.4455772549980385,3.248233448904429,1144.535697166292,1143.7468457967043,1145.5449697491713,1.7981239524669945,0.75,0.003502249094551034,11
2025-11-07,2025-11-05,2025-11-10,0.44088535013426816,4.245524559476429,324.20431886852884,323.13543182006106,325.5727048488334,2.4372730287723243,0.75,0.0028302724848333675,11
2025-11-07,2025-11-05,2025-11-10,5.049317398178556,3.406286872271289,1263.944640244379,1258.0030359588563,1270.7310716011561,12.728035642299801,1.5,0.014452457796052164,11
2025-11-07,2025-11-05,2025-11-10,0.6927870515599288,0.9469650372141705,98.30655381523835,97.78135328413919,98.98710175603628,1.2057484718970954,0.75,0.00716790635558241,11
2025-11-07,2025-11-05,2025-11-10,0.13752709464142343,1.1133637124629794,97.78135328413919,97.78135328413919,98.03312570042908,0.2517724162898958,0.5,0.0035937298770522064,11
2025-11-07,2025-11-05,2025-11-10,0.42830629667159237,3.243411020803691,1183.3937962910388,1182.6170227802359,1184.4062887625769,1.7892659823410213,0.75,0.0031454046128731807,11
2025-11-07,2025-11-05,2025-11-10,0.35274133782567335,1.9450575736108906,24.458910763416142,24.202802890446037,24.947121646720916,0.744318756274879,0.75,0.014373061478110632,11
2025-11-07,2025-11-05,2025-11-10,0.14140545988505707,1.25,98.73532933974639,98.73532933974639,98.98710175603628,0.2517724162898958,0.25,0.0035778754215891385,11
2025-11-07,2025-11-05,2025-11-10,3.626357986622437,4.330960060606871,195.9859620106652,191.70887151779607,233.7157976999879,42.00692618219182,2.25,0.014343122901263416,11
2025-11-07,2025-11-05,2025-11-10,9.587394162214796,4.201362576502566,191.1152067693456,171.91337536275387,232.69946104334667,60.786085680592805,2.25,0.027582360201371763,11
2025-11-07,2025-11-05,2025-11-10,15.362812949247449,11.950055741154548,52.86978934166808,24.202802890446037,105.6784746912308,81.47567180078477,1.25,0.018771952894172994,11
2025-11-07,2025-11-05,2025-11-10,1.110906510382224,4.929243235001622,214.39715032211146,200.0031478605233,242.08173113316298,42.07858327263966,1.0,0.022520442797109685,11
2025-11-07,2025-11-05,2025-11-10,2.80334738055903,12.001399934437712,26.043869725894183,26.043869725894183,26.29564214218408,0.2517724162898958,0.75,0.0023857279976991766,11
2025-11-07,2025-11-05,2025-11-10,6.152040109112382,13.12384524916692,20.63460943488042,20.230239662807435,21.2407767646946,1.0105371018871665,1.5,0.017425690502551012,11
2025-11-07,2025-11-05,2025-11-10,25.142743143078494,9.699496442512944,79.52160458377367,24.449052274227142,106.67224304331467,82.22319076908752,2.25,0.01998522310015982,11
2025-11-07,2025-11-05,2025-11-10,0.9093453188454383,11.5,26.043869725894183,26.043869725894183,26.29564214218408,0.2517724162898958,0.25,0.0023148644555367037,11
2025-11-13,2025-11-10,2025-11-17,8.071325723357742,26.97500187726022,1216.0292137494057,1214.4965430055745,1218.2551791914739,3.758636185899377,3.75,0.018145131762015865,11
2025-11-13,2025-11-10,2025-11-17,1.98944974004634,1.053106299303777,40.29147679436736,20.230239662807435,103.6264299317263,83.39619026891887,0.75,0.01655848285749808,11
2025-11-13,2025-11-10,2025-11-17,1.444697127263069,2.7401942949044735,84.78855392149175,59.05205163080245,138.82368708960712,79.77163545880467,0.75,0.004587691566305118,11
2025-11-13,2025-11-10,2025-11-17,0.23945747209190812,32.48163075512545,327.84612890443566,327.5780831449665,328.34117483207956,0.7630916871130466,0.75,0.010632074977892541,11
2025-11-13,2025-11-10,2025-11-17,0.9016296272620262,2.456948673595859,416.78535308859205,414.7640833691694,418.8076384458691,4.043555076699704,0.75,0.008199802904167216,11
2025-11-13,2025-11-10,2025-11-17,0.5829964651590818,2.469549199403127,421.0328005121068,420.29878057260066,422.04460034146905,1.7458197688683867,0.75,0.004780082094748724,11
2025-11-13,2025-11-10,2025-11-17,0.17829351779914673,17.999012484581378,913.5463454647911,913.2961818194017,914.0516340415925,0.7554522221907973,0.75,0.0014459850758062,11
2025-11-13,2025-11-10,2025-11-17,0.17436611987744063,17.247910633747956,1218.510299546965,1218.2562365811318,1219.0141230640002,0.7578864828683436,0.75,0.001475749081299541,11
