mid_date,start_date,end_date,volume,elevation,alongshore_centroid_m,alongshore_start_m,alongshore_end_m,width,height,vol_unc,month
2017-11-11,2017-10-02,2017-12-21,3.0597875315607324,3.628005515638765,1245.546137985389,1243.5253945435395,1248.6920798975043,5.166685353964567,1.75,0.0144391683319121,11
2017-11-11,2017-10-02,2017-12-21,2.4302214149346533,5.963076238237058,163.43500008665157,161.70579992141575,165.36257197149098,3.656772050075233,3.0,0.0101783817325123,11
2017-11-11,2017-10-02,2017-12-21,4.494888542006224,16.133710851954287,31.84473006172766,31.564536358695477,32.36748191807419,0.8029455593787134,1.0,0.0164727658606914,11
2017-11-11,2017-10-02,2017-12-21,6.549388280647656,3.194538606298944,1063.129436695903,1057.380869560409,1069.5073363413103,12.126466780900955,1.75,0.0224129715599711,11
2018-01-11,2017-12-21,2018-02-01,4.832441582933001,10.983645034739151,1198.4382749812924,1196.7632669564337,1200.5506912451235,3.78742428869009,3.5,0.0153553403693306,1
2018-01-11,2017-12-21,2018-02-01,6.492928945725687,3.5912482462766775,1145.6830798608223,1139.374058756046,1150.7215117830783,11.347453027032316,1.75,0.0241926023548593,1
2018-01-11,2017-12-21,2018-02-01,2.2274799772534046,3.620694508161271,1175.2314736646963,1173.267398926895,1177.5087606254965,4.241361698601395,1.5,0.0139928828208659,1
2018-01-11,2017-12-21,2018-02-01,19.431870117434208,18.887828138633257,1154.4582125071263,1150.2121787313372,1159.969554001931,9.757375270593911,8.25,0.0228849937423422,1
2018-01-11,2017-12-21,2018-02-01,2.2058841353030347,32.72667032979012,1200.6017283135652,1198.771207107231,1202.3327382123098,3.561531105078757,2.5,0.0111049009622798,1
2018-01-11,2017-12-21,2018-02-01,8.555812391114053,13.53337736112165,1181.12940625463,1177.492144427728,1184.6626024083234,7.170457980595529,3.75,0.0146457360708299,1
2018-01-11,2017-12-21,2018-02-01,4.853254664441126,3.4055585882720596,1228.3403492559812,1224.3285176497884,1234.4110631784424,10.082545528654007,1.5,0.0153413427715591,1
2018-01-11,2017-12-21,2018-02-01,32.99901682763118,6.188348904245883,1250.029850344593,1243.2733710068278,1259.7653909428043,16.492019935976714,6.75,0.0315345843707745,1
2018-01-11,2017-12-21,2018-02-01,3.86135870928739,3.691768900587188,1254.226168913391,1252.2170323180037,1256.7447496564128,4.527717338409275,3.0,0.0128928708513643,1
2018-01-11,2017-12-21,2018-02-01,5.5095006004766125,39.85096129343969,1356.296741615267,1355.85440210253,1356.901336596813,1.0469344942830503,6.0,0.0243792645042899,1
2018-01-11,2017-12-21,2018-02-01,8.603939003203388,3.4625826216398368,1124.1161262403905,1116.122647392098,1131.3354465751909,15.212799183093011,1.5,0.0282657326039683,1
2018-01-11,2017-12-21,2018-02-01,2.697339737656043,3.332329017120561,1238.638817787467,1235.985097189434,1241.7612347039394,5.776137514505535,1.25,0.015820662013074,1
2018-01-11,2017-12-21,2018-02-01,5.364178191225125,3.4795943921059203,1103.8198322183591,1097.5673973793164,1111.6804928043855,14.113095425069332,1.25,0.0200166773643561,1
2018-01-11,2017-12-21,2018-02-01,8.072220522525235,17.42890611741212,1096.7581737820317,1094.2140080998652,1100.110857150983,5.896849051117897,5.75,0.0120915402684047,1
2018-01-11,2017-12-21,2018-02-01,6.470408217804077,3.923998679250992,1057.085188908005,1053.0827715354972,1061.1556910639629,8.072919528465718,1.75,0.0272567462886967,1
2018-01-11,2017-12-21,2018-02-01,8.009392981991837,3.6728744823077615,1066.2220415085376,1061.4072719365358,1073.0386787313037,11.631406794767829,2.0,0.0250700071242068,1
2018-01-11,2017-12-21,2018-02-01,5.887642565007629,3.5322400376441427,1165.252043967238,1160.489515225869,1169.922772590071,9.43325736420229,1.5,0.0263320888407288,1
2018-01-11,2017-12-21,2018-02-01,4.318753657961242,7.963717424812405,457.061997942223,454.75202387571335,459.57778093311936,4.825757057406008,2.0,0.015546969771361,1
2018-01-11,2017-12-21,2018-02-01,3.055746458393071,3.6444336428237794,1047.079828034235,1042.5252981432714,1051.0741620296612,8.548863886389881,1.75,0.0154685498336982,1
2018-01-11,2017-12-21,2018-02-01,13.055667584633325,20.01264306698816,722.3240493587999,715.8263892242685,728.9453417644836,13.118952540215105,3.75,0.0279521110046882,1
2018-01-11,2017-12-21,2018-02-01,2.6111253720889978,12.775348527388903,842.7568115686219,839.8159004086629,846.4614243558608,6.645523947197944,2.5,0.0072631414187375,1
2018-01-11,2017-12-21,2018-02-01,4.363254117824962,18.061524617225647,1013.358154231712,1011.4679921967908,1015.2214714786968,3.7534792819060385,4.0,0.0158214667530155,1
2018-01-11,2017-12-21,2018-02-01,3.3143806801165323,3.670294155137347,809.2382984890148,806.3904401957989,814.8805406573229,8.49010046152398,2.25,0.0175777075657791,1
2018-01-11,2017-12-21,2018-02-01,42.75405686333091,11.49967640119328,509.58162355234913,504.5681053581648,515.0563814230263,10.488276064861566,8.5,0.0330988262389239,1
2018-02-15,2018-02-01,2018-03-01,2.911820378962328,5.799262285957008,20.346116030110995,20.12127267755568,20.80694144498557,0.6856687674298882,1.0,0.0241456498123476,2
2018-05-05,2018-03-26,2018-06-15,7.977798313244036,42.276918050827334,1187.6287346930526,1185.6660441881977,1191.109916430898,5.443872242700309,2.5,0.0482195558396014,5
2018-05-05,2018-03-26,2018-06-15,2.077789442465496,22.4785072199694,1171.366929458591,1169.671000173781,1173.519171343185,3.848171169403941,1.75,0.013633329141844,5
2018-05-05,2018-03-26,2018-06-15,5.914795275957934,11.668105872688455,820.5568040725964,816.1850318461657,824.8569305175915,8.671898671425879,4.0,0.014091622911016,5
2018-07-12,2018-06-15,2018-08-08,3.11607559829652,19.639256921154583,505.9514391055473,504.8170687314123,507.5831717555411,2.7661030241288245,2.0,0.0225459112217872,7
2018-07-12,2018-06-15,2018-08-08,4.231817649706008,14.55623028825064,505.0842956794502,503.3232539608143,507.08524274267256,3.761988781858235,3.25,0.0158201855470013,7
2018-07-12,2018-06-15,2018-08-08,15.06177427302588,17.191141339730073,505.93296646509407,503.0742906136438,510.8240059693344,7.749715355690569,3.25,0.0249993419532537,7
2018-07-12,2018-06-15,2018-08-08,3.368441756887131,16.50066144190317,24.574022310211316,24.449052274227142,24.947121646720916,0.4980693724937737,0.75,0.0104529884514316,7
2018-07-12,2018-06-15,2018-08-08,14.419594169514369,14.805163686359212,23.391842022447523,22.88057799357921,24.454575306735933,1.573997313156724,3.25,0.0178681999261791,7
2018-07-12,2018-06-15,2018-08-08,3.246619155541102,15.001890986506066,21.82034714126498,21.556085699237883,22.309402031823993,0.7533163325861096,0.75,0.013195514972467,7
2018-07-12,2018-06-15,2018-08-08,22.080604560694447,13.873959813866833,26.195093122160365,25.918528988491744,26.715247333049778,0.7967183445580304,2.0,0.014939775664865,7
2018-07-12,2018-06-15,2018-08-08,5.348871624233677,8.116564565535654,20.63376538524739,20.230239662807435,21.2407767646946,1.0105371018871665,1.0,0.0165858590223168,7
2018-07-12,2018-06-15,2018-08-08,3.381235005732966,8.800705481538895,504.0034084790861,501.8295859522186,507.08524274267256,5.255656790453941,2.75,0.0092757486473742,7
2018-08-22,2018-08-08,2018-09-06,12.106648660803067,18.991144085750307,1160.4920750604083,1158.4311970593408,1163.056898058392,4.6257009990513325,7.5,0.030672298957905,8
2018-08-22,2018-08-08,2018-09-06,22.21358892562875,22.82184323164547,1104.9609819470832,1100.877510975115,1108.8701370521449,7.992626077029854,7.25,0.0485754834992596,8
2018-08-22,2018-08-08,2018-09-06,2.6034161636453046,13.949264556197546,442.6685205184087,441.67196589149535,444.1646062047221,2.4926403132267296,2.5,0.0183036861648626,8
2018-08-22,2018-08-08,2018-09-06,3.8143445536194327,4.826244994214509,20.33324479634968,20.12127267755568,20.80694144498557,0.6856687674298882,1.25,0.0168117058165947,8
2018-08-22,2018-08-08,2018-09-06,4.061085298169774,5.912900686206466,20.424644248194326,20.12127267755568,21.023958360310644,0.9026856827549636,1.0,0.027544595575489,8
2018-08-22,2018-08-08,2018-09-06,6.272122963061847,8.967611079053665,69.2842950431792,19.51305104559287,98.98710175603628,79.47405071044341,0.75,0.018437537490109,8
2018-08-22,2018-08-08,2018-09-06,13.629381263746902,9.00697594115758,52.92400559155887,17.224506430793554,98.51011370588094,81.28560727508739,0.75,0.0362425906548591,8
2018-09-22,2018-09-06,2018-10-08,2.165836962995548,31.927166207877836,659.8579897378937,659.6145114274696,660.366321997717,0.7518105702474713,1.5,0.0181322934399643,9
2018-09-22,2018-09-06,2018-10-08,4.6409769688342735,6.823913181756473,20.520837352832427,20.12127267755568,21.023958360310644,0.9026856827549636,1.25,0.0188766478723056,9
2018-10-22,2018-10-08,2018-11-05,5.8053054946514475,44.2537933178238,1188.2844703565092,1185.922252708115,1190.854391329456,4.932138621341437,2.5,0.0369676857282724,10
2018-10-22,2018-10-08,2018-11-05,2.234564978934011,18.063913405877244,1187.264359861031,1185.6660441881977,1189.070343281608,3.4042990934103727,2.25,0.0091951602263257,10
2018-10-22,2018-10-08,2018-11-05,4.191834490535362,11.997268653937404,105.67921435772128,105.42670227494092,106.17535886541008,0.7486565904691815,0.75,0.0150556282028402,10
2018-10-22,2018-10-08,2018-11-05,2.48580886197901,16.191295535025873,105.80714947912551,105.42670227494092,106.17535886541008,0.7486565904691815,0.75,0.0097553614595204,10
2018-10-22,2018-10-08,2018-11-05,55.52429119259226,17.079911655094094,27.94709233757709,23.129116822499785,105.6784746912308,82.54935786873102,5.0,0.0388438740610448,10
2018-10-22,2018-10-08,2018-11-05,51.12551607813055,16.125320159406304,39.2193019899938,17.577073462307453,103.6264299317263,86.04935646941885,8.0,0.0650759613020415,10
2018-10-22,2018-10-08,2018-11-05,10.588641448454371,11.875786443918166,27.211363097301643,26.84369839308783,27.820933796931055,0.977235403843224,1.0,0.0151111430657791,10
2018-10-22,2018-10-08,2018-11-05,60.583744759421336,13.4944823774358,27.025288621205263,25.918528988491744,28.738993019796908,2.820464031305164,3.75,0.0276608101526454,10
2018-10-22,2018-10-08,2018-11-05,11.208251476650684,12.118109568074994,37.67158468295652,22.88057799357921,105.18159051425756,82.30101252067834,1.0,0.020596894862228,10
2018-11-30,2018-11-27,2018-12-04,9.402496402163951,3.191470242825317,1124.452691731378,1117.147658915259,1132.3627846268937,15.215125711634755,2.0,0.0219547894039145,11
2018-12-14,2018-12-10,2018-12-18,2.7394062506283827,6.519218109834429,1256.7186202360072,1255.2370231966488,1259.0101098748855,3.773086678236723,3.75,0.0085059473626381,12
2018-12-14,2018-12-10,2018-12-18,5.547122574984187,7.453677511715617,370.83815427394535,368.7458848501555,373.03934139665216,4.2934565464966,3.5,0.0119371005440237,12
2018-12-22,2018-12-18,2018-12-26,5.292059178497863,3.937756626763103,818.7149996298349,814.99921615934,824.8569305175915,9.857714358251542,1.75,0.0225098048479053,12
2018-12-22,2018-12-18,2018-12-26,3.862477145303653,3.764961265114175,1108.4855250034216,1104.4898888203315,1113.2127682785504,8.722879458218813,1.25,0.0160080182272561,12
2018-12-22,2018-12-18,2018-12-26,7.884867351984521,4.544293847396863,1256.3232571249332,1251.965255479794,1260.017157655675,8.051902175880969,3.75,0.0189582586319744,12
2018-12-22,2018-12-18,2018-12-26,6.896482803777675,3.9829962588529906,1225.1879834614924,1218.5092936018482,1232.391900463961,13.88260686211288,1.75,0.0226708109875904,12
2018-12-22,2018-12-18,2018-12-26,2.9667743036641947,3.6313441509367825,1041.9703192722204,1038.5124885500409,1046.0509363482706,7.538447798229754,1.25,0.0147617855731264,12
2018-12-22,2018-12-18,2018-12-26,5.895459657931701,4.049349055163146,809.8460291800139,805.3128797481768,817.8787450189702,12.565865270793438,2.5,0.0173071930151175,12
2018-12-22,2018-12-18,2018-12-26,2.6230984093456637,3.991035629331479,1064.7135101247188,1062.162160131149,1067.7425654884428,5.580405357293785,1.5,0.0098748128170245,12
2018-12-22,2018-12-18,2018-12-26,2.285044215424261,3.9467288661048134,505.1201361668791,503.5723104714416,506.83627823600546,3.2639677645638585,2.0,0.0129768864516045,12
2018-12-22,2018-12-18,2018-12-26,168.38157426364788,4.219271572012533,1171.0210379503403,1125.9174245526085,1209.1658990266733,83.248474474065,5.0,0.088206895951142,12
2019-01-04,2019-01-02,2019-01-07,3.3309282962909763,5.680242511905309,1168.825863869151,1166.6014810367487,1171.2072906354442,4.605809598695487,2.25,0.0129805115330429,1
2019-01-13,2019-01-07,2019-01-19,48.44223946644501,4.756490482744233,1160.6328251981945,1147.8951677284203,1175.5739247873423,27.6787570589222,4.25,0.0394333338752154,1
2019-01-13,2019-01-07,2019-01-19,2.498417058098872,4.659063707312936,1261.8070670859795,1260.017062017694,1264.8003455935975,4.783283575903624,2.5,0.0099855592894497,1
2019-01-13,2019-01-07,2019-01-19,7.6462900762599615,3.9630507435117006,917.3186815474432,911.5336991758086,924.3893142589368,12.855615083128214,2.25,0.0222554938954145,1
2019-01-13,2019-01-07,2019-01-19,11.547144765092478,4.4021804786146275,1362.114825535193,1352.622480862774,1369.326542424038,16.704061561264098,3.25,0.0185744670863207,1
2019-01-13,2019-01-07,2019-01-19,23.135715722959564,3.750038640728381,1314.0588433589185,1295.7208041911945,1334.684526000172,38.963721808977425,2.25,0.0267765510249144,1
2019-01-13,2019-01-07,2019-01-19,3.6841282375729225,3.9129385067278606,1280.1178323306403,1276.7960564494133,1284.3896931232885,7.593636673875153,1.75,0.0221020474339684,1
2019-01-13,2019-01-07,2019-01-19,11.97553251014074,4.464769288986839,1241.8309133320226,1234.1592907621523,1248.9438945073634,14.784603745210916,3.75,0.0251620513653559,1
2019-01-13,2019-01-07,2019-01-19,7.470027354770611,4.722871273911435,1188.6563648948324,1183.8982027228922,1193.6645061122254,9.766303389333189,3.0,0.0189928605736113,1
2019-01-13,2019-01-07,2019-01-19,21.54495081420658,4.289686993673136,1134.3655992806462,1124.3262201095931,1142.7129257149063,18.386705605313185,3.0,0.0321792354636417,1
2019-01-13,2019-01-07,2019-01-19,91.74969354847252,3.8178261143023016,1102.1289033947526,1070.2645808574744,1135.449266992975,65.18468613550067,4.5,0.0591957771969586,1
2019-01-13,2019-01-07,2019-01-19,3.38009598732167,4.36456611505803,1048.5695425103745,1043.7789570190944,1051.8276048777625,8.048647858668119,1.75,0.0113712286142244,1
2019-01-13,2019-01-07,2019-01-19,18.614234474799968,4.61638639551752,1060.774720791285,1052.329343494028,1069.2550313076936,16.925687813665718,3.25,0.0288579874356515,1
2019-01-13,2019-01-07,2019-01-19,13.688456073472391,4.072506476571215,846.8537492048201,836.1999445836991,861.4608157142065,25.26087113050744,2.0,0.0287989412838081,1
2019-01-13,2019-01-07,2019-01-19,10.459077852397096,4.456171617792914,822.6770531384993,816.7140435893089,829.0942072798498,12.38016369054094,2.5,0.0271018122776617,1
2019-01-21,2019-01-19,2019-01-23,9.337667270921049,4.80669301116155,1064.1050630671623,1060.1490238080733,1069.0027262796648,8.853702471591532,3.25,0.0179365146562306,1
2019-01-21,2019-01-19,2019-01-23,4.10057743818555,4.918576631325355,1098.4878971800858,1095.2740563247353,1101.3840044690296,6.1099481442943215,2.25,0.0126102045399999,1
2019-01-21,2019-01-19,2019-01-23,17.653331263489786,3.1720760658255354,1186.0312746750108,1168.1298825056292,1203.3510929374024,35.221210431773216,1.75,0.0241535021232926,1
2019-01-21,2019-01-19,2019-01-23,18.718941650229713,3.875086280136632,1087.2638652423218,1076.1214446239171,1094.1765227485448,18.05507812462747,3.25,0.0301741555548198,1
2019-01-21,2019-01-19,2019-01-23,2.5566736074714207,5.15627522538576,1058.0465190279333,1056.8774931444786,1059.3941964302212,2.516703285742551,3.0,0.0074143649971282,1
2019-02-02,2019-01-30,2019-02-06,6.307970382636307,18.38831246290987,1101.071869341824,1099.3496276577937,1103.9303530836478,4.580725425854325,4.25,0.011195565515254,2
2019-02-02,2019-01-30,2019-02-06,2.48666866478064,6.394890892941712,1154.9967719273084,1152.2714198040776,1157.1429178160615,4.871498011983931,2.25,0.0087601692122217,2
2019-02-02,2019-01-30,2019-02-06,25.30454072099164,19.45506382445854,1176.1048035611366,1171.212507029064,1181.075232333969,9.862725304905323,7.25,0.0202334225311363,2
2019-02-02,2019-01-30,2019-02-06,2.532206175227057,13.091503103113311,1265.1093626170991,1264.0450407820754,1266.436781423632,2.39174064155668,4.25,0.0102683484690337,2
2019-02-02,2019-01-30,2019-02-06,9.293630764677449,11.18945539684874,1282.381885727546,1279.3425070680678,1285.65164311463,6.309136046562344,5.75,0.0208121168382563,2
2019-02-02,2019-01-30,2019-02-06,4.0460777738657745,41.999915749490015,1054.6872692945583,1053.5865474003367,1055.870930458885,2.2843830585479736,5.0,0.0124182459261752,2
2019-02-02,2019-01-30,2019-02-06,2.4378128568306265,14.279288502422643,962.2377422440954,960.9872138514183,963.4902453636752,2.5030315122567117,2.75,0.0118172571337276,2
2019-02-02,2019-01-30,2019-02-06,11.727692212505357,20.817880789770346,962.1560072344324,960.4868849101476,964.4907668302768,4.003881920129061,10.0,0.0270704274199404,2
2019-02-02,2019-01-30,2019-02-06,2.7786587662469553,15.730932976208726,822.8486080041396,820.4298652918078,827.8550962866284,7.425230994820595,3.25,0.00851845553497,2
2019-02-02,2019-01-30,2019-02-06,23.980184703234045,7.2684593864232205,850.9070183852853,843.9891507467255,858.8127186563797,14.82356790965423,4.25,0.0375364173924328,2
2019-02-10,2019-02-06,2019-02-15,2.2456296213127036,15.934159280166408,1218.842942098993,1218.2562365811318,1220.2793295532465,2.023092972114682,3.25,0.0114186763813155,2
2019-02-10,2019-02-06,2019-02-15,4.112929833530461,6.435830063452415,1090.7343142209204,1088.0881465552377,1094.465780516155,6.377633960917592,2.75,0.0102266820737373,2
2019-02-10,2019-02-06,2019-02-15,5.974110905999606,8.226220670548866,628.7055798117249,626.7574920300394,630.9910450871103,4.2335530570708215,3.5,0.0156206550619083,2
2019-02-10,2019-02-06,2019-02-15,3.909582379643203,10.316888703803158,737.7461276755262,732.805440354161,746.9574176641181,14.151977309957148,3.0,0.0105528155970506,2
2019-02-10,2019-02-06,2019-02-15,2.664798215793678,10.873228805776863,731.0653939109376,729.7541873147711,732.5600902237929,2.8059029090218246,4.75,0.0107344485908091,2
2019-02-17,2019-02-15,2019-02-19,2.263259670047882,28.1231499200578,891.2130235360078,890.9528433498926,891.7116532516666,0.7588099017739296,1.0,0.0247020815236016,2
2019-02-17,2019-02-15,2019-02-19,6.5037877012109595,3.5135099506676024,1089.144561393344,1082.192670065444,1094.465780516155,12.2731104507111,2.0,0.0174121374813905,2
2019-02-17,2019-02-15,2019-02-19,2.708911638510455,3.4043508893936947,1099.5781466263932,1097.3126554260962,1101.642842289526,4.330186863429844,1.75,0.0114181079985596,2
2019-02-17,2019-02-15,2019-02-19,10.07070373098185,3.2621015146321395,1152.770459737639,1144.778392556589,1159.7121317442509,14.933739187661558,1.75,0.0176229643392764,2
2019-02-17,2019-02-15,2019-02-19,5.666977637840016,3.4847272181495086,1168.8176978522977,1163.3193623027764,1174.5465733278545,11.22721102507785,1.5,0.0138574886084354,2
2019-02-17,2019-02-15,2019-02-19,5.821522596586409,3.299121787897689,1136.767814879776,1132.3673530714586,1140.9117181226611,8.544365051202476,2.0,0.0147296681957148,2
2019-02-23,2019-02-19,2019-02-27,2.3493699277207916,4.922593404821045,792.6059644781948,791.076166591607,797.9180481275544,6.841881535947323,3.0,0.0115457708924139,2
2019-03-19,2019-03-15,2019-03-23,4.522483994750574,16.93511536039999,373.85403489453034,370.74909956520423,375.81536865979433,5.066269094590098,2.75,0.0149458815588273,3
2019-03-25,2019-03-23,2019-03-27,17.340254718614364,32.42090217109392,1062.5117189245416,1060.4007026446052,1065.4657289809547,5.065026336349547,6.0,0.0263302167417505,3
2019-06-13,2019-06-10,2019-06-17,3.187927858148723,6.24609360885978,20.437697621285256,20.12127267755568,21.023958360310644,0.9026856827549636,0.75,0.0302895785229894,6
2019-06-13,2019-06-10,2019-06-17,2.1672009400607988,34.09342045609334,297.1307295764968,291.79274144303054,310.633023455739,18.840282012708485,1.0,0.054502732697895,6
2019-06-28,2019-06-24,2019-07-02,2.806909519647803,25.290488380456264,1198.8887185783876,1196.7632669564337,1200.5506912451235,3.78742428869009,2.25,0.014800927073408,6
2019-06-28,2019-06-24,2019-07-02,5.927032359536183,5.9096111375658795,20.431130734671388,20.12127267755568,21.023958360310644,0.9026856827549636,2.0,0.0243262267021735,6
2019-07-05,2019-07-02,2019-07-08,368.7489427025358,27.30570816210606,1057.8993912642593,1045.5479818303138,1077.8912513800897,32.34326954977587,23.0,0.078845943352122,7
2019-07-05,2019-07-02,2019-07-08,2.9895405096916887,19.30440905995332,1159.9542092576708,1159.2029370586388,1161.256113807205,2.0531767485663295,4.0,0.0103585121698764,7
2019-07-26,2019-07-22,2019-07-31,6.975515424113156,12.02981337904942,1357.16213945774,1354.795335998759,1360.3422043463215,5.5468683475628495,3.5,0.0153990664486733,7
2019-08-02,2019-07-31,2019-08-05,2.43337851514872,28.12496853981004,891.2097047918899,890.9528433498926,891.7116532516666,0.7588099017739296,1.0,0.0406989290600604,8
2019-08-09,2019-08-05,2019-08-13,2.935151499348872,5.825766772560025,20.321498282869506,20.12127267755568,20.80694144498557,0.6856687674298882,1.0,0.0114282582265872,8
2019-08-30,2019-08-29,2019-09-01,2.7640614421521956,3.2505852963714017,698.2607386545208,697.6764761842787,698.9542086054571,1.2777324211783707,0.75,0.0145526366636735,8
2019-08-30,2019-08-29,2019-09-01,11.553633506748204,19.989010313321035,712.9286892866737,706.1594984619878,718.610992543865,12.451494081877172,2.75,0.0233958422820806,8
2019-10-03,2019-09-30,2019-10-07,2.762469925765723,19.090091724765777,1102.7572140716131,1101.1322320527397,1104.439774747938,3.307542695198208,3.25,0.0082077227457366,10
2019-10-03,2019-09-30,2019-10-07,2.041265510408466,7.675144289320787,1104.5356663608625,1102.4050308973528,1107.5931834788062,5.188152581453323,1.75,0.0071814898593164,10
2019-10-03,2019-09-30,2019-10-07,46.005524085576994,26.675791070366216,1107.0009439888872,1102.659741814714,1112.957201327663,10.29745951294899,14.25,0.043947032042499,10
2019-10-13,2019-10-09,2019-10-17,3.303917647926565,21.331012508882075,1172.366020674317,1170.9555182191543,1174.2896066126414,3.334088393487036,3.25,0.0117285265828041,10
2019-10-13,2019-10-09,2019-10-17,9.120827773846544,4.95471509754157,20.340188198988056,20.12127267755568,20.80694144498557,0.6856687674298882,2.25,0.0229505584752973,10
2019-10-20,2019-10-17,2019-10-24,7.497530784696806,13.874625575069684,26.599416704228148,26.46347491675988,26.98778757080436,0.5243126540444791,1.0,0.0036229246791049,10
2019-10-20,2019-10-17,2019-10-24,3.079151473983796,13.876973135512149,27.7586200083606,27.758620008360595,28.01039242465049,0.2517724162898958,1.0,0.0075854946339686,10
2019-10-20,2019-10-17,2019-10-24,79.41292949402705,16.545328027644423,57.27710505538521,23.129116822499785,106.67224304331468,83.54312622081488,4.25,0.0361767745579129,10
2019-10-26,2019-10-24,2019-10-29,2.5849958642384956,5.498229250596013,20.663589371786895,20.555169028695673,21.023958360310644,0.4687893316149711,0.75,0.0072702991959684,10
2019-10-26,2019-10-24,2019-10-29,4.565248232031557,4.373657895738246,20.33616644983887,20.12127267755568,20.80694144498557,0.6856687674298882,1.0,0.0134409343927363,10
2019-10-26,2019-10-24,2019-10-29,4.359472118473663,5.91102990563744,20.30767416934278,20.12127267755568,21.023958360310644,0.9026856827549636,1.5,0.0141742822712148,10
2019-11-01,2019-10-29,2019-11-05,2.9713578205027527,40.91069824051466,1128.0051240221972,1127.230367930606,1129.0236269491725,1.7932590185664594,2.0,0.0194364823766924,11
2019-11-01,2019-10-29,2019-11-05,3.8761540523875606,34.249772538573446,378.0556044854484,377.810794041492,378.5621030582115,0.7513090167194605,0.75,0.0825814298581474,11
2019-11-08,2019-11-05,2019-11-12,4.047940260315279,5.698705822167558,20.325478901741377,20.12127267755568,20.80694144498557,0.6856687674298882,1.25,0.0179441925130624,11
2019-11-15,2019-11-12,2019-11-18,15.015860614589531,16.982593118115382,594.9661419223646,590.3686628257856,598.9126456594095,8.543982833623886,5.25,0.0267494224723853,11
2019-11-20,2019-11-18,2019-11-22,6.354991650875024,16.01766000853868,611.0324648788978,609.1169528937899,612.6044505480677,3.4874976542778313,5.0,0.0156136928421108,11
2019-11-24,2019-11-22,2019-11-26,16.618759883774914,3.492901854273296,1050.8583147113195,1045.5479818303138,1058.639272261411,13.09129043109715,3.0,0.0328223446072503,11
2019-11-24,2019-11-22,2019-11-26,4.7440821793222705,3.2594957427900613,1074.413272393063,1068.750953863375,1079.6619983357375,10.911044472362846,1.5,0.0192132411390086,11
2019-11-24,2019-11-22,2019-11-26,10.449801486548203,3.3624013844276495,1062.1967953697138,1058.1358141070232,1067.7425654884428,9.6067513814196,3.0,0.058889203168682,11
2019-11-24,2019-11-22,2019-11-26,2.7601758384515933,3.09456954653614,1043.5464141164248,1038.5124885500409,1046.804424217902,8.291935667861253,1.75,0.0138253702930985,11
2019-11-29,2019-11-26,2019-12-02,2.0990724571886257,13.929742822574823,1314.483479873811,1312.8485117647797,1316.17031364562,3.321801880840212,2.25,0.0079629476801758,11
2019-11-29,2019-11-26,2019-12-02,6.01320518265454,23.61430665156321,1024.7278418621452,1022.724855562672,1026.4812406096607,3.7563850469887257,4.25,0.0143854805475352,11
2019-11-29,2019-11-26,2019-12-02,2.5713530093738908,15.558573632134385,825.5369143155414,821.753461391665,827.8550962866284,6.101634894963354,3.5,0.0073382650177935,11
2019-11-29,2019-11-26,2019-12-02,5.038077585141232,4.671411809823501,1049.9848870040464,1045.5479818303138,1054.3407196025364,8.792737772222608,2.0,0.0149767233577768,11
2019-11-29,2019-11-26,2019-12-02,16.073352410936874,9.02694478698162,361.82303116069414,357.3947319104336,371.7619395926595,14.367207682225851,7.25,0.0186568113036053,11
2019-11-29,2019-11-26,2019-12-02,11.605297898945034,20.7693862672281,793.5404097606898,791.076166591607,797.9180481275544,6.841881535947323,4.25,0.0219189775385893,11
2019-11-29,2019-11-26,2019-12-02,2.2652046749068253,23.36429187584096,944.1818674583096,943.4698193417862,945.4748156089336,2.0049962671473622,3.0,0.0091536016924434,11
2019-12-04,2019-12-02,2019-12-06,10.671753474307891,18.352889129265435,600.7990889574777,598.9096642495133,602.646612264216,3.736948014702648,4.5,0.0287132524247617,12
2019-12-08,2019-12-08,2019-12-09,29.41169074104754,16.608063156120867,651.0037936844783,648.4424065919593,653.6453130152076,5.202906423248351,9.75,0.0241049738662101,12
2019-12-10,2019-12-10,2019-12-11,11.390200478161942,5.329489261896507,20.43123666792784,20.12127267755568,21.023958360310644,0.9026856827549636,3.75,0.0196951434269094,12
2019-12-10,2019-12-10,2019-12-11,2.752096587499059,7.703173414973528,20.585742782887092,20.33819798287004,21.023958360310644,0.6857603774406016,2.0,0.0185945405644437,12
2019-12-10,2019-12-10,2019-12-11,5.445758056039315,10.02226584090337,20.48130626069075,20.12127267755568,21.023958360310644,0.9026856827549636,2.0,0.0388222154890976,12
2019-12-10,2019-12-10,2019-12-11,3.215957681254278,7.313669275042867,20.24140627998615,20.12127267755568,20.589970399159935,0.4686977216042578,1.25,0.0280303189712242,12
2019-12-10,2019-12-10,2019-12-11,2.4624739650062213,28.71808897859068,283.9238017640115,283.5928996405564,284.5140948514454,0.9211952108889818,1.25,0.0180510991191463,12
2019-12-11,2019-12-11,2019-12-11,2.4945566945830024,14.775537868077585,17.84261017760226,17.577073462307453,18.34163429448381,0.7645608321763575,2.25,0.0688509532233803,12
2019-12-11,2019-12-11,2019-12-11,6.19738369185515,15.328109109995737,44.65952007952187,20.483116299379617,103.6264299317263,83.14331363234669,1.25,0.0294377659844643,12
2019-12-11,2019-12-11,2019-12-11,2.5166346177674632,12.748205473418622,20.749946513508576,20.483116299379617,21.2407767646946,0.7576604653149843,0.75,0.0206392290603664,12
2019-12-11,2019-12-11,2019-12-11,8.236174405297694,18.4979923745387,27.08189567710586,26.84369839308783,27.57906341832131,0.7353650252334774,0.75,0.0067522366034787,12
2019-12-11,2019-12-11,2019-12-11,12.061403080473337,11.134626082654616,27.973147373192088,25.918528988491744,28.738993019796908,2.820464031305164,1.0,0.0272552174703928,12
2019-12-11,2019-12-11,2019-12-11,6.654842213064118,12.62439077102638,27.94083225075537,27.758620008360595,28.496076229028404,0.7374562206678092,1.0,0.0171494358488096,12
2019-12-11,2019-12-11,2019-12-11,18.811774042588247,12.08326752980816,26.924291215449408,25.918528988491744,28.738993019796908,2.820464031305164,2.0,0.0187127641776779,12
2019-12-11,2019-12-11,2019-12-11,51.188260344937255,16.72725832875375,23.970350613911613,22.88057799357921,24.947121646720916,2.066543653141707,4.25,0.0415762194025164,12
2019-12-13,2019-12-13,2019-12-14,2.7424522562637628,5.2390923783766,847.6029215729468,846.0760609661229,849.3901142189279,3.3140532528050244,1.75,0.0162825170847613,12
2019-12-13,2019-12-13,2019-12-13,7.462660305040656,30.355816534808792,627.1115425886162,626.7574920300394,627.7565481769852,0.9990561469458044,1.0,0.0176981259243086,12
2019-12-14,2019-12-14,2019-12-15,2.7461788027403733,5.239533754445553,847.5935121644859,846.0760609661229,849.3901142189279,3.3140532528050244,1.75,0.0153741467103195,12
2019-12-26,2019-12-22,2019-12-30,2.6550888643318737,13.372276495036562,1322.47348243602,1320.86377055943,1323.6938967052847,2.8301261458545923,3.75,0.0099691052652132,12
2019-12-26,2019-12-22,2019-12-30,2.0413729542871173,22.26963818335791,876.1818614234522,875.4681503227912,877.2553929802962,1.7872426575049758,2.0,0.0120565087569622,12
2019-12-26,2019-12-22,2019-12-30,2.3049648896028465,19.48802989616332,1121.913911468395,1120.9909809199162,1123.036601735279,2.0456208153627813,3.0,0.0080580354890526,12
2019-12-26,2019-12-22,2019-12-30,13.716372473104409,17.578449088054402,1140.0259752459335,1135.7532200939022,1143.7418386456557,7.988618551753461,5.25,0.0146574066758333,12
2019-12-26,2019-12-22,2019-12-30,5.731591251894573,16.930904043291253,1108.9989891251091,1105.5526469093747,1112.4466558662243,6.894008956849575,3.5,0.0101800071571262,12
2019-12-26,2019-12-22,2019-12-30,4.8171929865404035,16.088175885099165,841.5306813244629,837.7262969696894,846.8021650044248,9.075868034735322,2.0,0.0112743343611431,12
2019-12-26,2019-12-22,2019-12-30,3.932626731247592,4.22125743160846,363.7538822420793,359.4060460748151,372.1909004109912,12.784854336176068,2.5,0.0104941146017323,12
2019-12-26,2019-12-22,2019-12-30,50.41198757431493,15.795680475853382,644.2767125029636,638.1535417987034,650.8852503844537,12.731708585750312,10.25,0.0363586270262009,12
2019-12-26,2019-12-22,2019-12-30,2.505340673660635,14.244894808739154,730.9142957119059,729.7541873147711,732.0340606621467,2.279873347375542,5.0,0.0097363984849998,12
2020-01-04,2019-12-30,2020-01-10,14.938078170187136,18.20827323930418,1156.299412842939,1152.013877980411,1160.22697624797,8.213098267558962,5.75,0.0184345154946641,1
2020-01-12,2020-01-10,2020-01-14,6.613752954725606,13.500506304538373,174.5681704679979,173.99141068710014,175.37777500180528,1.3863643147051334,0.75,0.0064128844293886,1
2020-01-17,2020-01-14,2020-01-21,2.0210282953595,4.546386923315629,482.8320995988524,481.59551782906055,484.5858213477768,2.990303518716246,1.75,0.0161289805824826,1
2020-01-30,2020-01-27,2020-02-02,23.054300139647005,17.908183534754833,1118.4421433597672,1115.0612865877338,1122.5238948543556,7.462608266621828,7.25,0.0258828826301743,1
2020-02-07,2020-02-05,2020-02-10,2.9403631254229694,26.62247992432518,1223.442168087755,1222.3045732686296,1225.0863564633764,2.781783194746822,3.0,0.0228508138671083,2
2020-02-17,2020-02-16,2020-02-19,4.1741380368253855,29.75324276702246,627.0114123881422,626.7574920300394,627.5074535999447,0.7499615699052811,0.75,0.0250046431072744,2
2020-03-01,2020-02-28,2020-03-04,3.1117660727899894,5.254941617500469,607.1229363080993,606.8767945254222,607.6265185805969,0.7497240551747382,0.75,0.0160354412883419,3
2020-03-11,2020-03-04,2020-03-19,3.73266958177499,29.50522454617259,626.2655980290197,626.0110425832681,626.7610037121922,0.749961128924042,0.75,0.0152483709222489,3
2020-03-11,2020-03-04,2020-03-19,7.584363188602739,11.869529589967058,855.7831799062118,854.576468102634,858.2963062399067,3.719838137272746,5.5,0.0140466325083152,3
2020-03-26,2020-03-19,2020-04-02,2.2076002790355704,38.43677562585342,1291.6964318422138,1291.1639312496409,1292.934751699213,1.7708204495720563,2.25,0.0454541917744666,3
2020-04-05,2020-04-02,2020-04-08,3.305485812421426,20.236614669212813,1227.859411652838,1225.539612785913,1229.86782268947,4.3282099035568535,3.0,0.0088314412208696,4
2020-04-05,2020-04-02,2020-04-08,13.050120723586938,18.761137107685588,1010.0042525133124,1008.4662173516116,1012.4701691120864,4.003951760474592,5.75,0.0431573326716786,4
2020-04-12,2020-04-08,2020-04-16,5.0024856516262,11.374076363132616,1098.896032509173,1097.3126554260962,1101.642842289526,4.330186863429844,4.25,0.0123068354026095,4
2020-04-12,2020-04-08,2020-04-16,2.974714072698105,19.107528930426163,1146.0908247689522,1145.035794951487,1147.88995366171,2.8541587102226913,3.5,0.0136800124997831,4
2020-04-12,2020-04-08,2020-04-16,21.15232249427328,16.96607582674538,823.1460967837604,815.2645804747008,830.1452250597067,14.88064458500594,5.5,0.0292954902138156,4
2020-04-12,2020-04-08,2020-04-16,3.5989771698629744,7.229583411597344,1049.5256710679969,1048.8131370488554,1050.3207172341645,1.5075801853090525,1.75,0.0233301593705327,4
2020-04-12,2020-04-08,2020-04-16,4.463171511864104,9.621620534373893,22.0649628632487,21.806834855116904,22.560242858249698,0.7534080031327903,1.0,0.0111696740862481,4
2020-04-12,2020-04-08,2020-04-16,3.3348720594197423,5.413967848448179,145.25345921023668,143.94476664066315,146.85928501049057,2.9145183698274195,4.0,0.0097356894134429,4
2020-04-12,2020-04-08,2020-04-16,3.249729929630571,17.622958958344128,843.634926296752,841.9022257239558,846.8021650044248,4.8999392804689705,3.25,0.012725091014875,4
2020-04-12,2020-04-08,2020-04-16,4.633878434386292,17.211553400495323,854.8158717816783,852.5042388932779,856.7737253410742,4.2694864477962255,6.5,0.0160488705033575,4
2020-04-12,2020-04-08,2020-04-16,3.720680242254369,23.504480370171773,1008.44503426029,1006.715487605892,1010.218623483088,3.5031358771957457,3.25,0.0155692098570189,4
2020-04-19,2020-04-16,2020-04-23,79.89955005889765,18.93339572038429,1166.0121434246698,1159.2029370586388,1174.2896066126414,15.086669554002585,8.0,0.0520603638578864,4
2020-05-07,2020-04-23,2020-05-22,2.887300892770895,6.102049743196226,20.31869585448315,20.12127267755568,20.80694144498557,0.6856687674298882,1.0,0.0126679610445009,5
2020-06-04,2020-05-29,2020-06-10,23.2362729336516,22.287754164335222,1021.604264309459,1018.470138933044,1024.4782821922563,6.008143259212375,10.0,0.0342501220901564,6
2020-06-14,2020-06-10,2020-06-19,23.2700808078248,19.72857680534058,1170.9835936407878,1166.8585511809215,1175.3169607878665,8.45840960694477,6.75,0.0365514457175621,6
2020-06-21,2020-06-19,2020-06-24,3.2680317701155173,6.782164229827923,20.582488360452867,20.33819798287004,21.023958360310644,0.6857603774406016,1.5,0.0390474488802032,6
2020-06-21,2020-06-19,2020-06-24,5.200760331926947,19.758758205552095,1093.848148327808,1092.1482725017704,1096.290031846147,4.141759344376624,4.25,0.0148109244196052,6
2020-06-28,2020-06-24,2020-07-02,4.281456910472411,16.197818991040773,1247.675456994063,1246.4368985597976,1248.9438945073634,2.5069959475658834,3.5,0.020057550274815,6
2020-07-05,2020-07-02,2020-07-08,4.18171959665402,14.696347927022824,1199.217349277867,1197.272774791345,1201.569127886556,4.296353095211089,3.0,0.0131150334749073,7
2020-07-15,2020-07-08,2020-07-23,2.2457249801153725,6.123346455092892,20.308068814658416,20.12127267755568,20.80694144498557,0.6856687674298882,1.0,0.009807643293813,7
2020-07-27,2020-07-23,2020-07-31,12.7127383214153,11.877577771957387,26.331787347146054,25.918528988491744,26.98778757080436,1.0692585823126135,1.0,0.0104596683557019,7
2020-08-17,2020-08-14,2020-08-20,5.42833225767685,5.724109942395744,20.349455312419742,20.12127267755568,21.023958360310644,0.9026856827549636,2.25,0.0442333206215259,8
2020-11-10,2020-11-09,2020-11-11,2.726039149502719,37.29513679607484,1279.659586099866,1278.5852069598625,1280.3514594738372,1.766252513974905,0.75,0.0403511801093655,11
2020-11-10,2020-11-09,2020-11-11,5.450480677137872,8.750723348804424,1482.6518335156038,1482.4037892259655,1483.1571379713714,0.753348745405674,0.75,0.0092840492866316,11
2020-12-02,2020-11-18,2020-12-17,7.010336682261921,30.133270840686446,626.1437272934568,625.7619481449947,626.7610037121922,0.9990555671975015,1.0,0.0133032647734315,12
2021-01-06,2020-12-17,2021-01-26,3.777559344737397,39.44039069266486,1090.0957130048405,1089.3570871469565,1091.1316106859597,1.7745235390029848,1.5,0.0175915644747497,1
2021-01-06,2020-12-17,2021-01-26,1156.4661689333864,31.021153743621028,1097.128507089651,1082.951432770118,1117.9122126069851,34.960779836867005,36.0,0.1411530214931538,1
2021-01-06,2020-12-17,2021-01-26,15.843037802370116,46.06523311715371,1089.660994174067,1087.3268991163932,1091.8927523056043,4.565853189211339,4.5,0.0279538386631642,1
2021-01-06,2020-12-17,2021-01-26,30.81927894304433,13.013421930241805,28.143213448219697,27.758620008360595,28.738993019796908,0.9803730114363134,2.5,0.0297050803338665,1
2021-01-06,2020-12-17,2021-01-26,4.4317729738285925,18.075255137148996,1185.0987557866988,1183.1296537760643,1187.047794661019,3.9181408849544823,4.0,0.0101601231399219,1
2021-01-06,2020-12-17,2021-01-26,14.694311298474906,3.629900891641245,1009.5676206621524,1001.469288568478,1019.4727433081716,18.003454739693552,2.25,0.0377419618548048,1
2021-01-06,2020-12-17,2021-01-26,16.33324429882281,3.611060884274146,1043.969112160211,1030.4877837845124,1054.857881521806,24.37009773729369,2.5,0.0395919895739988,1
2021-01-06,2020-12-17,2021-01-26,7.907253129891,3.836310485853309,1061.9081328882403,1055.8708488726988,1067.7425654884428,11.871716615743937,2.5,0.033600811384201,1
2021-01-06,2020-12-17,2021-01-26,41.06674063185837,4.103246991883587,1155.8828684021803,1119.7103263526224,1184.6626024083234,64.95227605570108,3.0,0.0403192268688883,1
2021-01-06,2020-12-17,2021-01-26,206.42720143243767,3.886818242396817,1250.2762943771047,1185.179359014146,1318.474203151185,133.29484413703904,4.25,0.0795215347260994,1
2021-01-06,2020-12-17,2021-01-26,2.375403510280687,11.83259514718235,27.84063971583267,27.758620008360595,28.253209389280528,0.4945893809199333,0.5,0.0088646503433768,1
2021-01-06,2020-12-17,2021-01-26,2.1780246362371005,15.560158607314325,24.38931982230347,24.202802890446037,24.70082469051704,0.498021800071001,0.75,0.0059742725545101,1
2021-01-06,2020-12-17,2021-01-26,25.32735841447826,17.203419518960153,24.17254176152911,23.129116822499785,24.947121646720916,1.8180048242211344,4.75,0.0275803436618911,1
2021-01-06,2020-12-17,2021-01-26,15.203903641550877,14.023846310048915,23.17699800456326,22.88057799357921,23.878107072785497,0.997529079206288,2.5,0.0252261454313781,1
2021-01-06,2020-12-17,2021-01-26,6.201021173839499,17.40416828397038,21.175865045756257,20.483116299379617,22.309402031823993,1.826285732444376,1.0,0.0208933693104454,1
2021-01-06,2020-12-17,2021-01-26,4.661558105003891,27.511303827565456,633.6007647177298,633.2974121640436,634.2968810824677,0.9994689184240996,0.75,0.0287771645332681,1
2021-01-06,2020-12-17,2021-01-26,5.074780779158659,3.681102884991259,821.2872641890729,815.2645804747008,827.8550962866284,12.590515811927617,1.25,0.0224310397537175,1
2021-01-06,2020-12-17,2021-01-26,2.4169665413635517,3.5544315709792795,843.6652440656582,839.8159004086629,846.8021650044248,6.986264595761895,1.5,0.0173275253606342,1
2021-01-06,2020-12-17,2021-01-26,4.414286309484489,3.683834868739844,855.3334891344421,852.5042388932779,858.8127186563797,6.308479763101786,1.75,0.023982205066779,1
2021-01-06,2020-12-17,2021-01-26,2.0096824861349165,3.816801249426963,885.3199089316379,881.7101730792783,887.8165308125317,6.10635773325339,1.25,0.0097584922543048,1
2021-01-06,2020-12-17,2021-01-26,2.7789455350291083,3.5051644311536285,909.0855561386934,905.438269298058,913.044459996745,7.606190698686987,1.5,0.0176044815825298,1
2021-02-01,2021-01-26,2021-02-08,3.6337138324798666,47.36938106708707,1090.7258498949354,1088.3420129856097,1093.1615742417052,4.819561256095767,3.25,0.0158246388165148,2
2021-02-01,2021-01-26,2021-02-08,22.360907449539692,3.733662608630083,1094.5501542657298,1084.2395079820417,1105.5072090481408,21.267701066099107,2.0,0.0364390672550456,2
2021-02-22,2021-02-08,2021-03-08,29.415646966910913,20.69839248613198,825.2125715899266,820.4298652918078,829.8825221392326,9.452656847424803,7.25,0.0299919729368122,2
2021-02-22,2021-02-08,2021-03-08,9.767860790682048,47.37796173901722,1089.347449695424,1086.3117660982534,1092.9077311307192,6.595965032465756,4.25,0.0180600112857253,2
2021-02-22,2021-02-08,2021-03-08,4.008535674157267,17.370176944154807,778.6839742561712,777.0185004053637,784.4615717977285,7.4430713923648,4.0,0.0177829819056532,2
2021-02-22,2021-02-08,2021-03-08,3.916148541316939,3.906800345023136,1104.6865815778988,1101.391069873236,1107.5931834788062,6.202113605570048,2.0,0.013049774505613,2
2021-02-22,2021-02-08,2021-03-08,4.748519101671444,4.101880178577159,1095.067882848662,1092.1482725017704,1097.8191697956065,5.670897293835878,2.5,0.0130174770465361,2
2021-02-22,2021-02-08,2021-03-08,4.2936317433207325,3.857524398408608,1088.3760320756332,1086.0578900510443,1090.877757679671,4.819867628626525,2.0,0.0133631334857978,2
2021-03-30,2021-03-08,2021-04-21,2.957469487532266,34.888985240067576,1238.4078211705798,1236.2371573853306,1239.9972077808343,3.76005039550364,5.25,0.0118049496774184,3
2021-03-30,2021-03-08,2021-04-21,26.982200724982217,47.143310438958466,1091.915940965039,1085.2933233259246,1097.8191697956065,12.52584646968171,5.25,0.0424892334453157,3
2021-03-30,2021-03-08,2021-04-21,2.994162862425459,3.0996194241019244,644.2176201065565,642.0121195302345,646.4536968246102,4.441577294375747,2.0,0.0152235402868024,3
2021-04-27,2021-04-21,2021-05-04,8.376469422940705,14.194292108151052,1116.6611846548103,1113.7301290598698,1119.705721240025,5.975592180155218,6.0,0.012005870167865,4
2021-04-27,2021-04-21,2021-05-04,6.056077996790049,19.50332088674425,1112.8472093007372,1109.8957879147492,1115.5691199488938,5.673332034144551,2.75,0.0140118467333118,4
2021-04-27,2021-04-21,2021-05-04,2.782076891513611,48.59032363512943,1090.4504195055663,1088.8497458575291,1092.146600484848,3.2968546273186803,2.5,0.0090454429560308,4
2021-04-27,2021-04-21,2021-05-04,17.09953026478058,25.1482510750499,1115.1717497937875,1110.4069625763225,1120.4742421824485,10.067279606126249,3.25,0.0269689270155152,4
2021-04-27,2021-04-21,2021-05-04,4.092560626792256,29.8808878422024,634.4159235664408,634.1707084644586,634.921022858005,0.7503143935464323,1.0,0.0272080379499489,4
2021-04-27,2021-04-21,2021-05-04,8.711003334937542,12.175826602111291,441.10600310860633,438.4354428518563,444.41357939876616,5.978136546909809,4.75,0.0175748300108365,4
2021-05-18,2021-05-04,2021-06-01,3.3371678461976813,16.252693101315003,31.844600294167492,31.564536358695477,32.36748191807419,0.8029455593787134,0.75,0.0113249410607787,5
2021-05-18,2021-05-04,2021-06-01,4.336997024302504,14.36118913494172,38.6152690085062,30.184780366253108,111.71987686865032,81.53509650239721,1.0,0.0286092571389326,5
2021-05-18,2021-05-04,2021-06-01,23.304774165586096,48.312366275330064,1089.0276048140058,1083.7104949192144,1094.465780516155,10.755285596940666,5.25,0.0320215552072117,5
2021-05-18,2021-05-04,2021-06-01,2.487316223435337,47.156196692108786,1095.274443133778,1093.924750332255,1097.564427842386,3.6396775101311505,2.25,0.0142698549874923,5
2021-06-22,2021-06-01,2021-07-14,52.84738322711986,17.608346682686346,1146.453746492973,1141.4321733280085,1151.7511514653452,10.318978137336671,9.0,0.0419688311980658,6
2021-06-22,2021-06-01,2021-07-14,23.54976609893288,19.992705222697,965.0018926235726,961.2373783220536,970.237208946608,8.999830624554306,6.75,0.031606365672882,6
2021-06-22,2021-06-01,2021-07-14,2.084520955673631,35.9850029559862,1145.759141107307,1144.778392556589,1146.5950348330662,1.8166422764770689,1.75,0.0523498338796659,6
2021-06-22,2021-06-01,2021-07-14,9.496179659403335,6.172010152405996,497.98923617395445,493.8313741204329,502.5792850330472,8.747910912614316,2.75,0.0324178811871068,6
2021-06-22,2021-06-01,2021-07-14,3.0956708916476168,28.93370345481736,283.79637646217554,283.25812143133953,284.5140948514454,1.2559734201058743,1.25,0.0293200844920765,6
2021-08-24,2021-08-09,2021-09-08,10.235267469489663,18.533144809467533,1109.7991596116167,1107.3414110625165,1112.7022286439314,5.360817581415176,6.25,0.0174689907637893,8
2021-08-24,2021-08-09,2021-09-08,12.450910114818786,28.243707721881982,1109.5640377751174,1107.0858035250567,1111.6804928043855,4.594689279329032,5.75,0.0446088809343973,8
2021-09-21,2021-09-08,2021-10-05,13.937137479807497,10.338101434180407,372.3845447506626,365.74138280004263,378.811871309299,13.070488509256393,3.5,0.0271309930108343,9
2021-09-21,2021-09-08,2021-10-05,3.2130648161911064,14.381084475268253,1192.2030484754853,1190.858144014608,1193.6645061122254,2.8063620976172388,2.75,0.0112363324401494,9
2021-10-11,2021-10-11,2021-10-12,23.93586866666526,3.36241501727095,56.765952031062376,28.80409801378846,128.830041653011,100.02594363922252,3.75,0.0279647617416718,10
2021-10-16,2021-10-12,2021-10-21,2.2065948258911168,49.44179797315656,1093.0243919896825,1092.1482725017704,1094.1765227485448,2.0282502467744052,2.25,0.0138066296068834,10
2021-10-30,2021-10-27,2021-11-03,3.37188373759023,18.278137811659377,1178.9954249530472,1177.492144427728,1181.075232333969,3.583087906241417,2.75,0.0077608885483666,10
2021-11-06,2021-11-04,2021-11-08,3.722372089948734,5.146840781701589,123.37938937909097,89.86418501334265,161.95491674123332,72.09073172789067,3.25,0.0112173647760022,11
2021-11-06,2021-11-04,2021-11-08,2.746456193000021,3.2171772087371684,1143.9877595668283,1140.6599457063712,1148.9196619931608,8.259716286789626,1.25,0.014436305783775,11
2021-11-16,2021-11-15,2021-11-18,11.205296927345522,29.880389883578285,634.5722313920824,633.7958764731884,635.6675305268727,1.871654053684324,1.0,0.0142922901616209,11
2021-11-16,2021-11-15,2021-11-18,2.6343659173487817,29.529820529551785,639.3622522374075,639.1415093005635,639.8918344220147,0.7503251214511693,0.75,0.006811659332346,11
2021-11-16,2021-11-15,2021-11-18,6.412666731852153,27.194775401777587,989.482602311607,988.724255734589,990.4758257730864,1.751570038497448,1.0,0.0348641592999318,11
2021-11-16,2021-11-15,2021-11-18,3.993072756495303,22.249149779159325,660.9877543172316,660.7350778467953,661.4881345969625,0.7530567501671612,0.75,0.0070845093171038,11
2021-11-16,2021-11-15,2021-11-18,4.5555556234354375,30.44642595857702,664.0850616625648,663.735662706662,664.7394177690148,1.003755062352866,2.0,0.0390229840356392,11
2021-11-16,2021-11-15,2021-11-18,6.999078049236478,34.0319930231868,643.9898114506843,643.7101039607078,644.4609510027803,0.7508470420725644,0.75,0.1027254474700409,11
2021-11-16,2021-11-15,2021-11-18,3.594780753114462,30.998977571802858,628.0126797513202,627.7527515129186,628.5027171503752,0.7499656374566257,0.75,0.0269676176717409,11
2021-11-16,2021-11-15,2021-11-18,11.153913953767,32.72739064454202,624.3629612311107,623.9266232606024,625.0184349678457,1.091811707243323,1.25,0.020960646695071,11
2021-11-16,2021-11-15,2021-11-18,3.483141716576319,8.761573524421037,20.328119796999538,20.12127267755568,20.80694144498557,0.6856687674298882,1.25,0.0645103773153216,11
2021-11-16,2021-11-15,2021-11-18,3.4744618625247248,13.489551275687482,145.04747134904278,125.97458683419973,185.864843652118,59.89025681791827,1.25,0.0228460060618163,11
2021-11-16,2021-11-15,2021-11-18,3.9279895868843657,17.779024531530926,175.13774498360476,141.39990684296936,199.2314055562019,57.83149871323258,1.0,0.0408281789235896,11
2021-11-16,2021-11-15,2021-11-18,4.109538270253725,16.731608669541135,177.8265966949408,148.3686459241435,203.9422533577308,55.57360743358731,1.5,0.0287885303125361,11
2021-11-16,2021-11-15,2021-11-18,19.962833469692807,16.983491840628982,180.63908047747444,148.3686459241435,203.9422533577308,55.57360743358731,1.5,0.0643751960119433,11
2021-11-16,2021-11-15,2021-11-18,5.4932423337515885,31.78226468074828,380.4671217447553,379.8092428720556,381.809342815075,2.0000999430194497,1.75,0.0411077256952738,11
2021-11-16,2021-11-15,2021-11-18,6.663423246442318,22.625088308865045,384.81663466393786,384.5669132550247,385.3174938033335,0.7505805483087897,1.0,0.0677141652013042,11
2021-11-16,2021-11-15,2021-11-18,3.351651054444758,21.62523638985969,541.6430846304379,541.5182677083649,542.0190011756495,0.50073346728459,0.5,0.0068536854220102,11
2021-11-16,2021-11-15,2021-11-18,8.644593324692757,21.976148938617936,541.9884772289055,541.5182677083649,542.5169232767075,0.998655568342656,1.0,0.1127599205038879,11
2021-11-16,2021-11-15,2021-11-18,8.34480098487493,21.156090684432257,557.8348542191691,557.4594460818917,558.4581018728204,0.9986557909287512,1.0,0.0127628471994297,11
2021-11-16,2021-11-15,2021-11-18,4.551416484911632,14.751501659313837,150.77932173919737,150.39215281885117,151.42978678271174,1.0376339638605714,0.75,0.0125673000832549,11
2021-11-20,2021-11-18,2021-11-22,7.011251308507198,25.116500172218768,991.9782947455813,987.9742377242072,995.476175474003,7.501937749795616,1.5,0.0325976327026336,11
2021-11-20,2021-11-18,2021-11-22,5.595486482575874,28.12053881024591,633.7993552681419,633.5466443318874,634.2968810824677,0.7502367505803704,1.0,0.0190094093283071,11
2021-11-20,2021-11-18,2021-11-22,9.631095559372318,30.490049127941777,680.2968862406979,680.0272584329359,680.7846776936203,0.7574192606844008,1.25,0.0105266202802346,11
2021-11-20,2021-11-18,2021-11-22,2.6936444739021557,36.52448497963894,376.2431335575326,376.06303048552945,376.8143450128846,0.7513145273551345,1.0,0.0104277638873424,11
2021-11-20,2021-11-18,2021-11-22,12.316424619795455,35.525624666795316,376.29986378742274,375.5635962435044,377.5635686391033,1.9999723955988884,2.0,0.0209152267225647,11
2021-11-20,2021-11-18,2021-11-22,7.900555480072857,24.57813193620089,331.86918566338545,331.57049141358584,332.58863152144477,1.018140107858926,2.75,0.0215352441443067,11
2021-11-20,2021-11-18,2021-11-22,10.800202033276529,11.76261523763433,23.23584346400407,22.88057799357921,23.878107072785497,0.997529079206288,1.25,0.035713060518202,11
2021-11-20,2021-11-18,2021-11-22,7.10591326807181,7.364767291472734,21.971964788581527,21.556085699237883,22.560242858249698,1.004157159011811,1.0,0.015156498321437,11
2021-11-20,2021-11-18,2021-11-22,12.43080042249867,7.975433300935503,42.0799916679391,20.230239662807435,103.6264299317263,83.39619026891887,1.5,0.0219229749763877,11
2021-11-20,2021-11-18,2021-11-22,2.612121824369569,36.076195857177865,376.9983598745199,376.5625725965947,377.5635686391033,1.000996042508632,1.75,0.063393413283228,11
2021-11-20,2021-11-18,2021-11-22,4.096814321765474,13.245419594644629,20.74855531286482,20.483116299379617,21.2407767646946,0.7576604653149843,1.25,0.0133956325988228,11
2021-11-20,2021-11-18,2021-11-22,7.962466946669583,28.99696784912185,677.5801068995576,677.04235581588,678.3027821211144,1.2604263052344322,0.75,0.011172833956718,11
2021-11-20,2021-11-18,2021-11-22,15.823090692087822,29.58143233824156,678.5110243463275,677.8420090326108,679.5225678076968,1.680558775085956,1.25,0.0116556225840648,11
2021-11-20,2021-11-18,2021-11-22,4.331216329624489,30.382467762344177,672.2765413968956,672.0219515706412,672.7769509176724,0.7549993470311165,1.0,0.0082920656819204,11
2021-11-20,2021-11-18,2021-11-22,3.7484821483800768,30.35806060936805,667.7995961745854,665.2372787408531,670.369943741709,5.132665000855923,1.0,0.0137105944934134,11
2021-11-20,2021-11-18,2021-11-22,3.893112183486767,30.503729914121433,661.2348288478412,660.9857199825346,661.7387767648324,0.75305678229779,0.75,0.0104590568283803,11
2021-11-20,2021-11-18,2021-11-22,4.2534759312156165,29.885010244682626,632.9152729714651,632.6785794566385,633.4286137600429,0.7500343034043908,1.0,0.0108484618571929,11
2021-11-20,2021-11-18,2021-11-22,8.828458943723025,10.920896295148172,473.9349306857488,473.5816531376913,474.580314909108,0.998661771416664,2.0,0.013446238360533,11
2021-11-20,2021-11-18,2021-11-22,4.659463358500359,18.601155848189144,407.4770154499979,406.7313079037704,408.4776304299012,1.7463225261308253,1.0,0.0174885577622288,11
2021-11-20,2021-11-18,2021-11-22,3.4690204311776593,31.62365089989602,385.6214161333723,385.31512550031766,386.14422854129225,0.8291030409745872,1.0,0.0461660508454843,11
2021-11-20,2021-11-18,2021-11-22,3.1022452988679863,33.615911557931696,385.62695944073846,385.31512550031766,386.14422854129225,0.8291030409745872,2.25,0.0276141033465728,11
2021-11-20,2021-11-18,2021-11-22,3.0285049347229207,31.566662790533343,380.162816976362,379.8092428720556,380.8103290111758,1.0010861391201615,1.25,0.0164146182413236,11
2021-11-20,2021-11-18,2021-11-22,8.715926115107052,30.540381510227007,380.19106572714793,379.8092428720556,380.8103290111758,1.0010861391201615,1.5,0.0186890890662501,11
2021-12-07,2021-12-06,2021-12-08,3.362756735727305,8.497487989781629,757.9673079108196,757.6140575362369,758.5898153367452,0.9757578005082904,0.75,0.0174474015983172,12
2021-12-28,2021-12-21,2022-01-04,6.90171727819855,3.4393321883517944,1146.2355054595505,1140.9173549101688,1152.7807340282016,11.863379118032752,1.75,0.0171656657088899,12
2022-01-17,2022-01-14,2022-01-20,2.029376942797465,5.990082486984921,20.298713573383253,20.12127267755568,20.80694144498557,0.6856687674298882,0.75,0.0140331273213471,1
2022-01-17,2022-01-14,2022-01-20,4.399556804871177,6.7469080377284625,19.723689247184247,19.51305104559287,20.193708752747625,0.6806577071547508,0.75,0.0324054743107116,1
2022-01-27,2022-01-20,2022-02-03,13.977676363643996,36.285516892088104,1063.6029467646194,1060.1490238080733,1067.4902360667477,7.341212258674204,6.75,0.0547885185489396,1
2022-01-27,2022-01-20,2022-02-03,2.3097688331918658,21.129607903153182,1064.8595540281635,1063.67610197654,1066.48144459771,2.8053426211699843,2.25,0.0260617693785378,1
2022-01-27,2022-01-20,2022-02-03,2.3596243035207585,19.4162406860717,918.6959059175324,917.3250750675796,920.1183073613792,2.7932322937995195,2.75,0.0117804745156757,1
2022-01-27,2022-01-20,2022-02-03,6.2104883202368315,3.1541472119187883,632.365094888141,629.7437302889302,634.4224808807485,4.678750591818243,2.0,0.0242784975574805,1
2022-01-27,2022-01-20,2022-02-03,6.85551804689902,11.245986153930764,65.2758440083759,24.69534923043102,106.17535886541008,81.48000963497907,0.75,0.0343963146370243,1
2022-01-27,2022-01-20,2022-02-03,6.040287145555867,11.24397859035824,51.368950904491896,24.202802890446037,105.18159051425756,80.97878762381151,0.75,0.0350273020335409,1
2022-01-27,2022-01-20,2022-02-03,14.159101615586271,12.01697971289722,28.14770524387125,27.758620008360595,28.738993019796908,0.9803730114363134,1.25,0.0299905360351916,1
2022-04-18,2022-04-15,2022-04-22,59.517454587157424,23.848362818658597,1218.4174419303913,1208.1528721228242,1226.865119664464,18.71224754163995,9.5,0.048185209013657,4
2022-05-15,2022-05-12,2022-05-18,2.060270677138317,6.2449598668225565,20.310858588826623,20.12127267755568,20.80694144498557,0.6856687674298882,0.75,0.0316441415538688,5
2022-06-10,2022-06-06,2022-06-15,2.9459242116108757,9.287823774858731,20.348017814606393,20.12127267755568,20.80694144498557,0.6856687674298882,1.25,0.0080494525342679,6
2022-06-10,2022-06-06,2022-06-15,2.1529890165922745,7.973275648349438,20.218034283867723,20.12127267755568,20.589970399159935,0.4686977216042578,1.5,0.0215052080232242,6
2022-06-10,2022-06-06,2022-06-15,2.111812896770143,28.888954592899086,634.671169577214,634.4199794530869,635.1702938461676,0.750314393080771,1.0,0.0705122140886812,6
2022-06-10,2022-06-06,2022-06-15,2.215477356737825,10.798003855038177,1091.4851027966954,1090.1182792466134,1093.1615742417052,3.0432949950918555,2.25,0.0094400891116423,6
2022-06-10,2022-06-06,2022-06-15,42.5535925183257,43.156650931011136,1098.7773023976772,1091.1332835350186,1103.675642255228,12.54235872020945,5.25,0.0985892192316206,6
2022-06-23,2022-06-15,2022-07-01,2.0741124951548944,34.503295912440386,1120.220877503576,1119.9661010238342,1120.7306109159254,0.764509892091155,0.75,0.0049202184576973,6
2022-06-23,2022-06-15,2022-07-01,2.498442172397396,45.007682272181505,1111.9404134663332,1111.6837378689088,1112.4466558662243,0.762917997315526,0.75,0.0101313232044373,6
2022-06-23,2022-06-15,2022-07-01,2.576716328328802,32.66572506249202,1122.3351538312736,1122.015768990852,1123.036601735279,1.020832744427025,1.25,0.0052065234504176,6
2022-06-23,2022-06-15,2022-07-01,3.5099869504632286,29.37673968392761,1120.6089052501136,1119.9661010238342,1121.4991131490096,1.5330121251754465,1.0,0.0032409365293983,6
2022-06-23,2022-06-15,2022-07-01,20.409535014415788,27.847891401150036,1122.7275829416903,1119.9661010238342,1125.398815122433,5.432714098598808,2.25,0.0159591016690828,6
2022-06-23,2022-06-15,2022-07-01,2.009441602875631,33.502953979563806,1119.4543625653723,1119.1975712967103,1119.9620987689125,0.7645274722017348,0.75,0.0037465324527524,6
2022-06-23,2022-06-15,2022-07-01,2.346214275198118,38.255470868535504,1118.427652287001,1118.1726358481685,1118.937178933993,0.7645430858246982,0.75,0.0082818591783724,6
2022-06-23,2022-06-15,2022-07-01,4.1992636651090365,33.50900843780349,1123.1763064389384,1122.5284758801572,1123.805040135514,1.2765642553567886,1.5,0.0091247726812732,6
2022-06-23,2022-06-15,2022-07-01,4.650503407635642,29.872876407742705,1123.4258967836547,1123.0405715662057,1124.061388201546,1.0208166353404522,1.5,0.0063599132199713,6
2022-06-23,2022-06-15,2022-07-01,4.769584207368275,31.55611655756457,1124.452088018576,1124.0698409867473,1125.0907507375814,1.0209097508341074,2.0,0.0164640356516283,6
2022-06-23,2022-06-15,2022-07-01,5.091495131615791,28.207445574900852,1127.1180810257588,1126.202839021571,1129.0236269491725,2.8207879276014864,3.25,0.0172565394192149,6
2022-06-23,2022-06-15,2022-07-01,2.2392684653289305,17.662591385507888,1123.1117123159706,1122.2721224380657,1124.3216134030372,2.0494909649714828,2.0,0.0076002116204758,6
2022-06-23,2022-06-15,2022-07-01,41.44685151962789,13.578100397148308,1120.916059205391,1111.1731417104602,1130.3080772636458,19.13493555318564,4.75,0.0348305177938429,6
2022-06-23,2022-06-15,2022-07-01,4.549490425927014,34.03657933151364,1108.993432375274,1108.618364635855,1109.6369236866012,1.018559050746262,1.25,0.0119840390176553,6
2022-06-23,2022-06-15,2022-07-01,3.6066763703531186,6.494496303527819,20.49940902416078,20.230239662807435,20.987810249440372,0.7575705866329372,0.75,0.0102520323198221,6
2022-06-23,2022-06-15,2022-07-01,10.785697424374066,12.12469048409659,26.75933789696385,25.918528988491744,28.738993019796908,2.820464031305164,1.25,0.0095761220512292,6
2022-06-23,2022-06-15,2022-07-01,4.579671014898724,12.50223924495835,26.96549086893181,26.84369839308783,27.337242446374148,0.493544053286314,0.75,0.0078209889282919,6
2022-06-23,2022-06-15,2022-07-01,13.278192732298695,38.08763033792722,1108.4014594704383,1107.3414110625165,1109.8919729911722,2.550561928655952,1.75,0.016943812600709,6
2022-06-23,2022-06-15,2022-07-01,4.471486925343119,42.450803482369274,1117.2631016787652,1116.8912682817318,1117.9122126069851,1.0209443252533674,1.25,0.0107627073433726,6
2022-06-23,2022-06-15,2022-07-01,3.7769592451831704,18.342499072508268,1106.6921189295854,1105.000254030805,1108.615072499961,3.61481846915558,3.25,0.010584137613774,6
2022-06-23,2022-06-15,2022-07-01,4.484677282232547,37.361316433613055,1111.017421044368,1110.6619843705555,1111.6804928043855,1.018508433829993,1.0,0.01183908171846,6
2022-06-23,2022-06-15,2022-07-01,4.303978960199207,35.13134475879102,1110.0222074824478,1109.6402005748823,1110.6587349926122,1.0185344177298248,1.0,0.0110026821070443,6
2022-06-23,2022-06-15,2022-07-01,24.625019117444296,31.711863691081984,1109.689144414186,1107.8520952882243,1111.9355102851987,4.08341499697417,3.5,0.0251769756333632,6
2022-06-23,2022-06-15,2022-07-01,16.307130086146593,31.97746378291484,1117.6158178923276,1116.8912682817318,1118.937178933993,2.0459106522612274,3.5,0.0183100190367571,6
2022-06-23,2022-06-15,2022-07-01,304.6257825108301,27.429565557410186,1115.8456227059428,1107.8520952882243,1130.0510696517304,22.19897436350584,13.25,0.0658263616011233,6
2022-06-23,2022-06-15,2022-07-01,2.537404583249298,32.73048194277383,1112.0609468780078,1111.6837378689088,1112.7022286439314,1.0184907750226555,0.75,0.009863221935675,6
2022-06-23,2022-06-15,2022-07-01,9.549921299920769,16.68449240664283,1113.2962640675642,1109.8957879147492,1115.8251808970235,5.929392982274294,2.5,0.0111996257940501,6
2022-07-03,2022-07-01,2022-07-06,7.040161202093894,19.131649456994495,1170.5420481389117,1167.1156213493086,1174.2896066126414,7.173985263332725,3.0,0.0132659494137865,7
2022-07-03,2022-07-01,2022-07-06,11.794601739224062,46.42185506795549,1115.4388424691938,1112.705428911373,1119.1929661869071,6.487537275534123,3.5,0.0311636592849325,7
2022-07-03,2022-07-01,2022-07-06,2.429702260212264,46.25318432045914,1098.993931571592,1097.8221393260171,1100.6198412557133,2.7977019296959043,2.25,0.0125167384040356,7
2022-07-09,2022-07-06,2022-07-12,2.502238900435047,6.220073436672254,20.363314454854475,20.12127267755568,21.023958360310644,0.9026856827549636,1.25,0.0331749182458932,7
2022-07-15,2022-07-12,2022-07-18,5.090128259167755,16.82474345457675,140.69503311899817,139.52388531388715,142.05389916012064,2.530013846233487,1.0,0.1790315040087222,7
2022-07-15,2022-07-12,2022-07-18,16.287498131986393,13.99608221400225,23.30088340641438,22.88057799357921,23.878107072785497,0.997529079206288,2.25,0.0179340441608855,7
2022-07-15,2022-07-12,2022-07-18,18.534761441565298,12.091736976960185,28.1626634484049,27.758620008360595,28.738993019796908,0.9803730114363134,1.5,0.0149255023170436,7
2022-07-15,2022-07-12,2022-07-18,3.410800577634784,10.248129865988492,22.064618010073115,21.806834855116904,22.560242858249698,0.7534080031327903,0.75,0.0076224531130218,7
2022-07-15,2022-07-12,2022-07-18,4.38838062731207,11.751292315812725,26.965883928589623,26.84369839308783,27.337242446374148,0.493544053286314,0.75,0.0095548977387143,7
2022-07-31,2022-07-29,2022-08-02,3.276262273347138,4.027546066158628,70.65063479003827,44.03206609515473,135.88867715653032,91.8566110613756,1.0,0.0110628397004153,7
2022-08-06,2022-08-02,2022-08-10,2.464732552409654,41.158528919289076,1066.1179962756582,1064.9617399796844,1067.7425654884428,2.7808255087584257,5.0,0.0091435302501444,8
2022-08-06,2022-08-02,2022-08-10,3.310502000157378,31.10201769079468,1007.1648486061426,1005.47048439458,1009.718782613054,4.248298218473792,5.5,0.0105427385271995,8
2022-08-06,2022-08-02,2022-08-10,6.467304996887095,47.76098041860066,1114.1530123225623,1112.705428911373,1116.8872101628222,4.181781251449138,4.0,0.0194591389012012,8
2022-08-06,2022-08-02,2022-08-10,3.800132756037117,34.99435521117236,1060.5091504027755,1057.6324426289648,1063.6721490910277,6.039706462062895,8.0,0.0119495017928669,8
2022-08-06,2022-08-02,2022-08-10,12.958032192832327,31.38950976842926,1047.576830268909,1044.5379870045,1051.3253346350975,6.787347630597651,18.75,0.0246358489878045,8
2022-08-06,2022-08-02,2022-08-10,7.857022015117004,18.79528103764873,1487.1334649384842,1482.9053655550815,1490.0488591189496,7.143493563868105,4.0,0.0201603881607748,8
2022-08-06,2022-08-02,2022-08-10,3.87721753907397,21.164549375875488,1471.555749632341,1470.206881791819,1473.0992373884656,2.8923555966466665,4.25,0.0133332389914416,8
2022-08-06,2022-08-02,2022-08-10,2.449183654467526,29.162762542239903,1250.001721389576,1248.943898417987,1251.461692938581,2.5177945205941796,4.25,0.0111148092055697,8
2022-08-06,2022-08-02,2022-08-10,2.1406359918163234,29.58564442072397,1264.049715585,1263.037986903917,1265.8423131923191,2.8043262884020805,5.5,0.0117059178924876,8
2022-08-06,2022-08-02,2022-08-10,9.777136715929206,12.326742274331286,373.59339166990014,369.7474885233678,377.0640264237299,7.316537900362164,3.0,0.0231642853983339,8
2022-08-06,2022-08-02,2022-08-10,2.5599966886509273,14.138063750579365,469.97440737882783,468.6024512727745,471.5928254933097,2.990374220535159,3.0,0.0095774567189878,8
2022-08-06,2022-08-02,2022-08-10,2.489195704522942,6.534330968419711,32.68888425898079,20.736037833150476,105.6784746912308,84.94243685808033,3.5,0.014441166112886,8
2022-08-06,2022-08-02,2022-08-10,2.159124710377259,9.23811161188008,20.663287267386664,20.555169028695673,21.023958360310644,0.4687893316149711,1.25,0.0110547003843163,8
2022-08-06,2022-08-02,2022-08-10,3.357062461931181,26.63348476052432,631.790445513319,630.7392726708204,633.4286137600429,2.68934108922258,6.5,0.0127605399030937,8
2022-08-06,2022-08-02,2022-08-10,2.5144306020352616,6.381358054789372,47.4390013235348,28.80409801378846,113.52078899601474,84.71669098222628,2.0,0.0187606152526651,8
2022-08-06,2022-08-02,2022-08-10,7.305308902112983,31.331527920556944,925.2928324214712,922.3788548568264,929.4228899348528,7.044035078026354,10.25,0.0147975252182005,8
2022-08-06,2022-08-02,2022-08-10,3.912193385486337,22.475157394226382,874.7197771718897,872.3982940050773,876.7161880806088,4.3178940755315125,2.25,0.014193393437939,8
2022-08-06,2022-08-02,2022-08-10,2.308921556067946,28.702979753904,970.054292321426,968.735414291732,971.4876186707988,2.752204379066825,3.75,0.0114851790396105,8
2022-08-06,2022-08-02,2022-08-10,15.806256181245017,24.787293606830055,970.8249516630592,964.7392468042672,976.4884758675472,11.749229063279929,6.0,0.0262216368768603,8
2022-08-06,2022-08-02,2022-08-10,2.097678015661004,27.621775478631555,881.8499818338706,880.6922311973758,883.4892639378086,2.797032740432769,3.0,0.0107292731187839,8
2022-08-06,2022-08-02,2022-08-10,4.095226141363516,28.30272514527143,655.7538381968444,653.6414067517035,657.3866265113465,3.745219759643078,5.25,0.0117538618220835,8
2022-08-13,2022-08-10,2022-08-17,2.1114723745771116,46.60395897629892,1117.744919423462,1116.8912682817318,1118.937178933993,2.0459106522612274,4.0,0.0169601756461876,8
2022-08-13,2022-08-10,2022-08-17,4.928608071514257,13.015436207154837,52.705250640873835,20.483116299379617,103.6264299317263,83.14331363234669,1.5,0.0188010829793772,8
2022-08-13,2022-08-10,2022-08-17,2.6715394851829437,13.16690207644382,74.45790471885707,20.230239662807435,103.13003460457548,82.89979494176805,1.5,0.0123541593635557,8
2022-08-13,2022-08-10,2022-08-17,5.2025024711614645,7.623371026586114,23.3844688425303,23.129116822499785,23.878107072785497,0.7489902502857149,1.0,0.0065563152550933,8
2022-08-27,2022-08-24,2022-08-30,2.070907306409316,19.618741576689867,1177.4762209311252,1176.3328718841076,1179.2815680955537,2.9486962114460766,2.5,0.0069267132268943,8
2022-09-03,2022-08-30,2022-09-08,3.4365437407124886,48.199636175539595,1115.6080088026722,1113.4721297477372,1117.655821973458,4.183692225720733,2.75,0.0164556187096287,9
2022-09-03,2022-08-30,2022-09-08,3.2528860856980786,47.53250296029675,1097.4580790220018,1094.9767156741582,1099.3471425594762,4.370426885318011,3.0,0.0147544078524034,9
2022-09-03,2022-08-30,2022-09-08,3.177423912941109,16.00308577166528,31.84507082288716,31.564536358695477,32.36748191807419,0.8029455593787134,0.75,0.0182097173009162,9
2022-09-03,2022-08-30,2022-09-08,55.20777833189309,3.9916931913473888,67.4591663872721,28.80409801378846,153.79358246875927,124.9894844549708,5.25,0.0399772405314813,9
2022-09-03,2022-08-30,2022-09-08,2.329092114369699,11.620071012093192,49.30550623356291,31.564536358695477,115.06676263501868,83.5022262763232,1.5,0.0128817742566688,9
2022-09-03,2022-08-30,2022-09-08,5.826353605710179,12.27313565868024,64.40215007236183,38.86029179720208,128.830041653011,89.96974985580891,1.75,0.0201893813088795,9
2022-09-19,2022-09-13,2022-09-26,10.922581555207389,47.9383817400079,1117.418706688289,1113.9857176672667,1120.4742421824485,6.48852451518178,4.75,0.0304805138602682,9
2022-09-19,2022-09-13,2022-09-26,4.9658119779245835,19.43844049855361,926.2422047448008,922.3788548568264,929.4228899348528,7.044035078026354,3.5,0.0082485590771073,9
2022-09-19,2022-09-13,2022-09-26,4.8092043736577335,6.163723251626386,20.341998136084214,20.12127267755568,21.023958360310644,0.9026856827549636,2.0,0.0243074438093181,9
2022-09-27,2022-09-26,2022-09-28,5.120717978315937,14.619076418562612,23.14281095437024,22.88057799357921,23.62947475677356,0.7488967631943524,1.0,0.0118694798787237,9
2022-09-27,2022-09-26,2022-09-28,6.377563992141974,17.501428801527947,21.949832438793777,21.556085699237883,22.560242858249698,1.004157159011811,1.25,0.0142935948157686,9
2022-09-27,2022-09-26,2022-09-28,4.534868113419939,18.32117982541976,106.13976149111356,105.9235864491202,106.67224304331468,0.7486565941944718,1.0,0.0169786977957985,9
2022-09-27,2022-09-26,2022-09-28,4.1749216784710885,12.099915194825751,28.195919859895596,28.001436972990632,28.738993019796908,0.7375560468062758,0.5,0.0091311852768216,9
2022-09-27,2022-09-26,2022-09-28,6.242384234680725,15.252922308165674,106.17948460418404,105.9235864491202,106.67224304331468,0.7486565941944718,1.25,0.0165305814544889,9
2022-09-27,2022-09-26,2022-09-28,41.844457883776066,16.725264288123075,42.462768015216795,24.202802890446037,105.6784746912308,81.47567180078477,4.25,0.0280275333329649,9
2022-09-27,2022-09-26,2022-09-28,3.408860041736229,12.436812425910947,28.306300623887143,28.001436972990632,28.738993019796908,0.7375560468062758,0.5,0.0098702338655155,9
2022-10-01,2022-09-28,2022-10-05,14.13207491673032,27.26870453187101,1045.0716358741668,1043.5281737679616,1046.5533005502075,3.025126782245934,9.5,0.0412866368296961,10
2022-10-16,2022-10-13,2022-10-19,2.1438924791917207,6.000078315835212,173.58454084779802,173.34678439237177,174.24318310339004,0.8963987110182643,0.75,0.0112152441268088,10
2022-10-16,2022-10-13,2022-10-19,6.181766878303729,21.971526722096428,820.0293852600716,817.2533354577608,824.8569305175915,7.603595059830695,3.75,0.0220976335573192,10
2022-10-22,2022-10-19,2022-10-25,4.562647674743699,48.53007941514098,1095.6563675162763,1094.2140080998652,1097.564427842386,3.3504197425208986,3.0,0.017827538986847,10
2022-11-04,2022-11-01,2022-11-07,9.517594036384668,48.604464267055214,1115.8492625692984,1112.705428911373,1119.705721240025,7.0002923286519945,4.0,0.0241009557940543,11
2022-11-10,2022-11-07,2022-11-14,3.924746695219448,17.586259874064933,1117.9129944773915,1115.0612865877338,1120.4742421824485,5.412955594714731,2.75,0.0082561712791653,11
2022-11-17,2022-11-14,2022-11-21,3.567546530844384,6.014742344198221,20.30699815920037,20.12127267755568,20.80694144498557,0.6856687674298882,1.5,0.0321077242840321,11
2022-12-02,2022-11-28,2022-12-06,2.0030163708119133,3.2508292049845,56.172440933090115,17.224506430793554,98.51011370588094,81.28560727508739,0.75,0.0213179699876349,12
2022-12-02,2022-11-28,2022-12-06,5.953478534143274,6.018911492171915,20.40228233332487,20.12127267755568,21.023958360310644,0.9026856827549636,2.0,0.038483031672606,12
2022-12-02,2022-11-28,2022-12-06,3.8384756808587377,8.748626672303185,19.937958908295773,19.727471106685694,20.408219281584024,0.6807481748983264,0.75,0.066538689634811,12
2022-12-02,2022-11-28,2022-12-06,10.43854606362107,6.611498421560221,19.793933861410565,19.51305104559287,20.408219281584024,0.8951682359911501,1.5,0.0362856001592421,12
2022-12-27,2022-12-20,2023-01-04,4.179728517442895,20.570858156061693,1242.773164626478,1241.005415193271,1244.53324813582,3.5278329425491393,3.25,0.0114669607778097,12
2022-12-27,2022-12-20,2023-01-04,3.9380256130563054,3.607947888179889,1096.5333107657518,1094.2140080998652,1099.8561286120676,5.642120512202382,1.5,0.0121749462171739,12
2022-12-27,2022-12-20,2023-01-04,3.1160677933516148,3.8338088891787745,1125.8040429298903,1123.0405715662057,1127.9961832524275,4.955611686222255,2.0,0.0138284035436475,12
2022-12-27,2022-12-20,2023-01-04,3.3760742376869595,3.929831657932632,1130.633257934319,1128.7718545328826,1132.1057954467833,3.333940913900733,2.25,0.0148134408732919,12
2022-12-27,2022-12-20,2023-01-04,8.05586500870442,3.6672292457126265,1088.5121629234577,1083.4574742033146,1093.1615742417052,9.704100038390608,2.5,0.0167557604459248,12
2023-01-05,2023-01-04,2023-01-06,13.279363662863757,4.087779086353465,946.7071909538114,939.7124176407232,954.7374084554611,15.024990814737976,2.5,0.0360438255168433,1
2023-01-05,2023-01-04,2023-01-06,12.179000122413672,4.148864946276621,843.074212384721,833.3095997855999,850.1668353267014,16.857235541101545,2.5,0.0380896957986942,1
2023-01-05,2023-01-04,2023-01-06,16.231663570315447,4.016108513236702,824.2000627842648,816.1850318461657,834.8306858646683,18.64565401850268,2.5,0.0394319795110247,1
2023-01-05,2023-01-04,2023-01-06,5.902806943526978,3.3909902199659916,709.1908268205734,704.1872287411243,718.610992543865,14.423763802740725,2.0,0.0268523335165216,1
2023-01-05,2023-01-04,2023-01-06,16.22616416836953,3.997209112925696,963.5304940409368,956.4877279535868,972.4877931168304,16.000065163243562,2.75,0.0370398271937104,1
2023-01-05,2023-01-04,2023-01-06,39.054999402675456,4.387818541025144,1236.5202874902322,1220.533503383398,1251.96526546916,31.431762085761875,3.0,0.0455950043815853,1
2023-01-05,2023-01-04,2023-01-06,4.867426493152356,4.195722746847249,1257.102472619027,1253.9792877091097,1260.5206009959802,6.541313286870718,2.0,0.015891263405104,1
2023-01-05,2023-01-04,2023-01-06,11.90387940226982,4.253706660135266,1270.3431662702817,1262.031082893256,1279.5942794843577,17.563196591101587,2.0,0.0257210604954436,1
2023-01-05,2023-01-04,2023-01-06,48.02123557693549,4.097943050133201,1311.6681364022722,1282.3712997394614,1343.3557611964643,60.98446145700291,2.5,0.0495033242658309,1
2023-01-05,2023-01-04,2023-01-06,6.504646182207403,3.847428826902864,496.9773361439693,492.3375699860044,502.0813583685085,9.743788382504135,2.0,0.028293285098751,1
2023-01-05,2023-01-04,2023-01-06,88.52287283160187,4.188904917398052,897.2227784487699,852.5042388932779,936.44927002443,83.94503113115206,3.5,0.0763800851099029,1
2023-01-05,2023-01-04,2023-01-06,136.61720058459667,4.7316128741367525,1033.702913798623,993.474322914146,1069.5073363413103,76.0330134271644,6.0,0.0985731469429973,1
2023-01-05,2023-01-04,2023-01-06,178.64812130870635,4.7011316670786085,1104.000040766299,1071.021261424292,1134.4173387456683,63.39607732137665,6.25,0.1231217970119583,1
2023-01-05,2023-01-04,2023-01-06,119.10855751564176,4.543971378581088,1174.7033762084025,1135.1974945766851,1213.479756855406,78.28226227872074,4.5,0.0726528748570762,1
2023-01-05,2023-01-04,2023-01-06,2.34616253596657,4.74219845299466,311.03718004017594,303.7809450174682,321.2677381564863,17.48679313901812,2.0,0.0113148396048688,1
2023-01-05,2023-01-04,2023-01-06,5.771651453424602,3.846993208899197,529.779024026448,526.5553586566821,533.0352436858229,6.47988502914086,2.0,0.0208778297634152,1
2023-01-05,2023-01-04,2023-01-06,2.142641107339655,3.8292369912222415,556.2034007650618,554.4762993264012,558.2091407473199,3.732841420918703,1.5,0.0378277970302042,1
2023-01-14,2023-01-09,2023-01-20,3.6252292908802097,43.7484949562844,1109.5413584493422,1107.3414110625165,1111.6804928043855,4.33908174186945,2.75,0.0124990125530383,1
2023-01-14,2023-01-09,2023-01-20,15.598959362292726,6.150282666276996,1064.138169051463,1058.890741445124,1069.75964137353,10.86889992840588,5.25,0.0268372216634463,1
2023-01-14,2023-01-09,2023-01-20,5.561307999405897,23.74862497420053,1018.050903419817,1015.9701407267712,1020.2231414299458,4.253000703174621,3.25,0.0184551292177828,1
2023-01-14,2023-01-09,2023-01-20,3.7066638200670945,5.878452936388908,945.2145477509816,941.71636211453,949.481672368478,7.765310253947973,2.5,0.009964749539935,1
2023-01-14,2023-01-09,2023-01-20,11.394783050853942,18.887399036745027,1183.3466818499355,1180.5671253586188,1186.4302336503752,5.863108291756362,5.75,0.0128740813930316,1
2023-01-14,2023-01-09,2023-01-20,12.202944119804569,31.234400779008425,1175.9581264998765,1174.551260351669,1177.5087606254965,2.9575002738274634,4.75,0.0280241943187551,1
2023-01-14,2023-01-09,2023-01-20,2.2360247554036596,3.5254084014995937,1135.691887894025,1133.9085883055814,1137.567577483598,3.658989178016782,1.75,0.0103056797734094,1
2023-01-14,2023-01-09,2023-01-20,181.78783594505452,6.197125801045798,1107.1058558838042,1079.9160106624477,1132.3627846268937,52.44677396444604,8.0,0.0936256508026419,1
2023-01-14,2023-01-09,2023-01-20,5.479908781300395,4.765365106806061,1056.8708947995044,1053.3339400673285,1060.1491173864342,6.815177319105715,2.75,0.0178503118140979,1
2023-01-14,2023-01-09,2023-01-20,16.631314263540798,5.590239986988194,1048.971527609799,1042.5252981432714,1055.6124716531483,13.087173509877177,4.25,0.0255443759957781,1
2023-01-14,2023-01-09,2023-01-20,3.160473649729912,4.979738768505562,1020.6201216906704,1019.4712344668806,1022.976627978962,3.505393512081355,4.0,0.0095796083197173,1
2023-01-14,2023-01-09,2023-01-20,16.793151306780192,12.80856034319721,616.2762427176742,612.6013332665898,620.2316844644956,7.6303511979058385,7.0,0.0191058449358973,1
2023-01-14,2023-01-09,2023-01-20,2.9205785971784923,6.917786551788087,843.3949740350865,841.9022257239558,846.4614243558608,4.559198631905019,3.5,0.0106298239570769,1
2023-01-14,2023-01-09,2023-01-20,3.5971141798686372,5.865558637225837,803.801371449976,801.9327780469321,807.8998305597343,5.967052512802184,3.0,0.0115071124236823,1
2023-01-14,2023-01-09,2023-01-20,2.1612702519657776,6.713260421656745,734.305096698976,732.805440354161,736.2224935237318,3.4170531695708632,1.75,0.0088459556155034,1
2023-01-14,2023-01-09,2023-01-20,2.0102740254269897,6.381630422173242,772.7349798698779,767.3753443458118,777.4700357294641,10.094691383652387,2.75,0.0074513389519494,1
2023-01-14,2023-01-09,2023-01-20,3.494278995297111,16.411586441812123,661.3624331683989,660.121625166852,662.4884321112186,2.3668069443665445,3.25,0.0139834097749337,1
2023-01-21,2023-01-20,2023-01-23,11.054284209713469,6.936884055724772,1085.662180121265,1080.9278379445896,1090.877757679671,9.949919735081494,8.5,0.0225673109263407,1
2023-01-21,2023-01-20,2023-01-23,12.553095285954557,5.542342663729037,1048.2111852221956,1042.7760904538443,1052.5811159103175,9.805025456473231,4.75,0.0268639506597807,1
2023-01-21,2023-01-20,2023-01-23,2.1735469267564893,5.803027088175289,951.3874232551684,950.2303979443386,953.0011874418706,2.7707894975319505,3.0,0.0098413138755873,1
2023-01-21,2023-01-20,2023-01-23,3.020795096848188,4.276204396727144,1135.1637902157158,1132.3673530714586,1139.1109760417603,6.743622970301658,1.75,0.0133018794577045,1
2023-01-21,2023-01-20,2023-01-23,19.18622049159296,5.401344181847092,1165.6377621813406,1157.1445484780706,1173.519171343185,16.37462286511436,4.0,0.021941078811297,1
2023-01-21,2023-01-20,2023-01-23,2.184438979143815,4.594993486092786,1192.0957724549185,1190.0923953060992,1194.4306353605352,4.338240054436028,1.5,0.0080370784852596,1
2023-01-21,2023-01-20,2023-01-23,3.169706962495616,4.649072536977429,1211.3317395359788,1208.4065085039474,1214.4945867299102,6.088078225962818,2.0,0.0091779070896997,1
2023-01-21,2023-01-20,2023-01-23,4.174532438315504,3.7231498256182736,1288.1134438735303,1282.623595516663,1293.1879410934637,10.564345576800406,1.0,0.0097369349782942,1
2023-01-21,2023-01-20,2023-01-23,6.3327679514615305,4.320428102043606,1309.8195131488285,1303.9472473091446,1315.1471326472238,11.199885338079184,2.75,0.0122887390711029,1
2023-01-21,2023-01-20,2023-01-23,2.486901617208812,23.385630361148007,1096.8518992487968,1095.783525059465,1098.0739117423072,2.290386682841927,4.0,0.009386447285607,1
2023-01-21,2023-01-20,2023-01-23,5.784414993125314,6.761995383284794,1118.3132613519608,1115.8662522188388,1121.4991131490096,5.632860930170864,4.5,0.0184631015831713,1
2023-01-21,2023-01-20,2023-01-23,3.857716003025403,3.465811257000407,819.3473630858135,814.99921615934,824.8569305175915,9.857714358251542,2.25,0.0111550537060509,1
2023-01-21,2023-01-20,2023-01-23,12.026131023813209,4.9373638057647,1012.1350005530594,1007.465748179704,1020.473208702635,13.00746052293107,4.5,0.0199706289818721,1
2023-01-21,2023-01-20,2023-01-23,6.7466598366987975,5.131325424511861,1063.4589025126572,1058.387499845121,1068.7506213374436,10.363121492322534,3.0,0.0200127343262275,1
2023-01-21,2023-01-20,2023-01-23,26.045639248537565,6.305502513386113,1100.153169266575,1090.3721322561614,1105.8044193256646,15.432287069503218,5.75,0.0326971165675782,1
2023-01-21,2023-01-20,2023-01-23,5.14282762482485,5.511951436378447,1108.5131296734496,1106.5745884254577,1111.42491412675,4.850325701292604,3.5,0.0176816897206535,1
2023-01-21,2023-01-20,2023-01-23,2.161863616607869,4.807400438952488,1123.226898769067,1121.5037005343474,1125.0907507375814,3.5870502032339573,2.0,0.0120625921407163,1
2023-01-21,2023-01-20,2023-01-23,6.421256199606297,3.631932596045865,1340.08830315463,1328.3397538531572,1351.8089964827525,23.4692426295951,1.0,0.0099243671644289,1
2023-01-21,2023-01-20,2023-01-23,3.6205339241457146,4.103612857727491,646.0956802210643,643.7101039607078,650.6158130485564,6.905709087848663,2.25,0.0142129613743038,1
2023-01-21,2023-01-20,2023-01-23,2.2436926102279764,5.1359652041340205,615.556383516832,613.8427298273891,617.2453529052436,3.402623077854514,1.75,0.0090000933279249,1
2023-01-21,2023-01-20,2023-01-23,2.3286296713840784,4.554156497603362,533.7789761019552,530.5426501985639,536.5233388566412,5.98068865807727,1.5,0.008118964057053,1
2023-01-27,2023-01-23,2023-01-31,9.06958780700047,26.328881747170673,1022.166098624353,1016.7181832524948,1027.483238366898,10.765055114403369,3.25,0.0196104356377684,1
2023-02-02,2023-02-02,2023-02-03,2.6465605143317825,3.972202163918504,699.2373746620543,697.9336008382961,701.0051212338731,3.071520395576954,1.5,0.0378040112435862,2
2023-02-04,2023-02-03,2023-02-06,2.451971908091729,31.20499371460212,714.2706525219618,712.6317086596973,716.5995116215199,3.967802961822599,1.5,0.0251907049844875,2
2023-02-04,2023-02-03,2023-02-06,2.0812620135171747,30.26629163025312,723.7508158000629,719.7850000406615,728.9453417644836,9.160341723822055,2.0,0.0160518699885942,2
2023-02-04,2023-02-03,2023-02-06,4.122797675728321,23.79345633866254,723.4691131943591,717.6925297467969,728.9453417644836,11.252812017686663,2.5,0.0140968480930841,2
2023-02-04,2023-02-03,2023-02-06,10.79695788274953,29.2681764152091,714.2563093038644,710.3020023331046,726.6127870883793,16.310784755274653,4.25,0.0477843284683117,2
2023-02-04,2023-02-03,2023-02-06,14.501210604272025,24.72739789950787,732.7476450186234,729.4913942948915,738.9496019426733,9.45820764778182,6.0,0.0447123228442759,2
2023-02-04,2023-02-03,2023-02-06,2.2656095878953244,20.255618230297216,726.655665948608,723.1512133427896,735.2068231878802,12.055609845090656,2.0,0.0150667473077438,2
2023-02-04,2023-02-03,2023-02-06,49.40042907465241,16.28969789100157,766.7014135209748,757.064290211536,777.4700357294641,20.405745517928153,8.75,0.0736468881322228,2
2023-02-04,2023-02-03,2023-02-06,2.542111468571838,22.48546753385024,740.1151353998714,738.3747321888804,741.6569492965937,3.2822171077132225,2.25,0.0301903141325743,2
2023-02-04,2023-02-03,2023-02-06,2.6192131833036862,26.99596440536357,727.8147915163474,726.3217069688253,737.9013237808831,11.579616812057791,2.5,0.0244594383623381,2
2023-02-04,2023-02-03,2023-02-06,3.867157909238003,28.93262427032235,698.8277523374256,697.6764761842787,700.2361820456572,2.559705861378461,4.0,0.0337333327313155,2
2023-02-04,2023-02-03,2023-02-06,4.588849000675949,20.531135898153305,658.536093650157,655.8869585227221,661.2374923988245,5.350533876102418,2.25,0.0397100256021651,2
2023-02-04,2023-02-03,2023-02-06,2.334574647563724,30.34370176038508,652.4333269490547,651.6812498974614,653.6453130152076,1.9640631177462635,3.75,0.0317900677299402,2
2023-02-04,2023-02-03,2023-02-06,6.080619135409282,24.72061205439151,646.5711500419088,644.7065148428082,650.8852503844537,6.1787355416454375,4.25,0.0358643366204117,2
2023-02-04,2023-02-03,2023-02-06,17.680336372861042,30.25556202284437,645.4831160226372,641.8881014389917,650.8852503844537,8.997148945461959,6.0,0.0824164975629898,2
2023-02-04,2023-02-03,2023-02-06,4.603765823966978,25.321859661238687,642.2911404576538,641.1402785927057,643.9618763769977,2.821597784291953,4.25,0.0260919912088377,2
2023-02-04,2023-02-03,2023-02-06,14.925409989289092,27.539390006141055,638.9116313060888,636.6605684338138,641.6413252600469,4.980756826233119,7.75,0.0370908278219887,2
2023-02-04,2023-02-03,2023-02-06,5.9702704954477275,29.638893841934152,635.292248860264,634.0451086661778,636.9123408501036,2.8672321839258075,6.0,0.0367756211288844,2
2023-02-04,2023-02-03,2023-02-06,21.188999818674937,17.452279727866564,673.7871703918804,668.9890291690826,678.3027821211144,9.313752952031791,6.0,0.0647649827763691,2
2023-02-04,2023-02-03,2023-02-06,2.230906159237382,15.015704464250392,670.0804050844007,669.2404097020626,671.2693206374533,2.0289109353907406,2.0,0.0142933809687911,2
2023-02-04,2023-02-03,2023-02-06,2.819598534713294,21.52598495539377,890.4291522742653,887.8285013502464,893.2318214536645,5.403320103418082,1.5,0.0327365544522671,2
2023-02-04,2023-02-03,2023-02-06,4.748361429195742,23.21731679880575,886.6546146336003,885.782438641414,888.0802737665363,2.2978351251222193,5.5,0.0463088968747397,2
2023-02-04,2023-02-03,2023-02-06,6.673376061830674,18.090193637371986,881.344749754103,879.1319928029552,883.4892639378086,4.357271134853363,4.25,0.0355773802385429,2
2023-02-04,2023-02-03,2023-02-06,3.041120872844583,25.579124569490215,879.3978084291542,876.4915314740501,881.7079606512561,5.21642917720601,3.0,0.0305075336134579,2
2023-02-04,2023-02-03,2023-02-06,3.907116268825644,19.268444382425056,892.125251371913,890.192813928239,893.9924218608066,3.799607932567597,2.0,0.0136239545780724,2
2023-02-04,2023-02-03,2023-02-06,3.684643552765964,23.69362113960657,866.5660537295611,863.7823173855431,869.2718624039553,5.489545018412173,2.5,0.0211737470839807,2
2023-02-04,2023-02-03,2023-02-06,2.51722930421474,19.75147785922323,898.936112269247,897.2886078730226,900.6397603037767,3.351152430754155,2.0,0.0221483115392806,2
2023-02-04,2023-02-03,2023-02-06,2.579930895596888,22.14603801216352,810.1634615899968,806.6564424610697,814.8805406573229,8.22409819625318,3.0,0.027997592880267,2
2023-02-04,2023-02-03,2023-02-06,2.264380497902101,18.23810166616368,803.9160493200867,801.9327780469321,806.0968242469244,4.164046199992299,1.25,0.037323148176962,2
2023-02-04,2023-02-03,2023-02-06,3.990528973887318,21.977911070218067,799.2615080450059,795.4959018765949,804.445406798739,8.949504922144115,2.25,0.0397694000278774,2
2023-02-04,2023-02-03,2023-02-06,15.497497973910686,18.771151942012818,794.8813189014778,791.076166591607,804.445406798739,13.369240207131952,6.5,0.069033428474094,2
2023-02-04,2023-02-03,2023-02-06,3.205897359044166,18.377621420762047,813.2637082733323,809.8554169619456,817.8787450189702,8.023328057024628,2.75,0.0418830222845759,2
2023-02-04,2023-02-03,2023-02-06,2.443399057317058,23.170422815583127,853.1507880860248,850.950896576047,855.7742631556466,4.8233665795996785,2.25,0.0166485930965964,2
2023-02-04,2023-02-03,2023-02-06,2.87839519886189,21.890152275376018,849.5499534395934,848.3608991783112,851.46183044184,3.100931263528764,2.75,0.0244754862649026,2
2023-02-04,2023-02-03,2023-02-06,20.733768476260472,22.046427725693537,825.9183581589655,820.4298652918078,834.8306858646683,14.40082057286054,4.75,0.0540373228891697,2
2023-02-04,2023-02-03,2023-02-06,2.889923857803804,18.446456794671487,817.1055025883128,815.7953091287054,818.2984133451246,2.5031042164191604,3.0,0.0294284148688263,2
2023-02-04,2023-02-03,2023-02-06,2.3777336010503456,21.133445105597566,814.6793076796904,810.9219979895279,817.8787450189702,6.95674702944234,3.0,0.0248099354342787,2
2023-02-04,2023-02-03,2023-02-06,2.40803573315602,31.720750318762367,377.5731652957997,376.5625725965947,378.811871309299,2.2492987127043307,2.75,0.0200624931413559,2
2023-02-04,2023-02-03,2023-02-06,10.306421438545293,16.89354018484753,381.1540067804187,376.5625725965947,387.88973459927365,11.32716200267896,4.25,0.0672242380241959,2
2023-02-04,2023-02-03,2023-02-06,6.127455162092714,27.04828225445513,375.4726977299039,373.7194253955968,377.5635686391033,3.844143243506551,5.25,0.0535721344308246,2
2023-02-04,2023-02-03,2023-02-06,2.039183981956789,16.307424396842475,373.5661141525114,370.74909956520423,376.06503184558824,5.315932280384004,2.75,0.0278414189319328,2
2023-02-04,2023-02-03,2023-02-06,2.182781813099795,12.791922437635904,370.2937906284371,365.74138280004263,373.03934139665216,7.297958596609533,2.0,0.0210890730601519,2
2023-02-04,2023-02-03,2023-02-06,3.061420653338997,16.461830407001088,362.881728987396,359.6575213414617,365.49261708930135,5.8350957478396595,4.0,0.0328138432519701,2
2023-02-04,2023-02-03,2023-02-06,2.0596095227731395,39.74560200234913,342.0799328223373,341.40361776249483,343.42571988143027,2.022102118935436,2.75,0.0238714041946841,2
2023-02-04,2023-02-03,2023-02-06,5.264265077317059,17.07815507794885,392.62496290220366,388.6350438250229,395.9595284992829,7.32448467426002,2.5,0.0433602096743841,2
2023-02-04,2023-02-03,2023-02-06,3.1223355417689427,13.82071971252648,406.55847354582255,403.99409722862765,408.72669518738985,4.732597958762199,2.25,0.0428901064872583,2
2023-02-04,2023-02-03,2023-02-06,2.127665998734253,29.663559161783372,302.3711198888215,301.49242222867906,303.7708864030428,2.278464174363762,2.5,0.0281136086172513,2
2023-02-04,2023-02-03,2023-02-06,775.4368106055775,7.964560378363653,350.7778351821491,260.0920252627693,413.9568947511725,153.8648694884032,16.25,0.1915180815476051,2
2023-02-04,2023-02-03,2023-02-06,5.907519619615092,28.87639641329808,630.2308925258417,628.0018481225707,631.738401087001,3.7365529644303024,5.5,0.0423164826045254,2
2023-02-04,2023-02-03,2023-02-06,3.0113823962358777,30.38736260560809,330.9931836234448,329.78539622668177,332.33317560562864,2.5477793789468706,3.25,0.0221292285103166,2
2023-02-04,2023-02-03,2023-02-06,2.427751716360162,18.39742805234301,330.37679605325053,328.5089488760568,332.58863152144477,4.079682645387948,2.25,0.0228477449753964,2
2023-02-04,2023-02-03,2023-02-06,4.515937408382205,15.815349123518372,325.07525118352066,319.2530923667364,334.5542054665275,15.30111309979111,2.25,0.0207742490405862,2
2023-02-04,2023-02-03,2023-02-06,2.7923679631432523,31.02556484893414,312.3516579093609,310.3621773039922,315.1928490521386,4.830671748146415,3.75,0.0329691149161274,2
2023-02-04,2023-02-03,2023-02-06,6.466387475259031,17.00989910326636,418.5517307568221,416.2767351879738,421.04855364980176,4.771818461827934,3.5,0.03469659331042,2
2023-02-04,2023-02-03,2023-02-06,11.177783741238194,18.664069599132517,567.4546074647579,562.4390008253977,571.3759139166214,8.936913091223687,4.5,0.0477799202192145,2
2023-02-04,2023-02-03,2023-02-06,2.3248345798671326,3.035777233296981,559.7817464128344,558.4553302181885,561.4459754792042,2.990645261015743,1.25,0.0144284084524137,2
2023-02-04,2023-02-03,2023-02-06,2.888975305225432,3.150349168361758,555.5204852525343,554.4762993264012,557.2136820340529,2.7373827076517045,2.0,0.021443004814687,2
2023-02-04,2023-02-03,2023-02-06,2.1551881857054624,20.01260020404636,431.67210544617063,430.2773032733239,433.51670190133154,3.239398628007621,1.5,0.0105675307077071,2
2023-02-04,2023-02-03,2023-02-06,2.1530180963063557,3.082895649045533,545.8226682899613,544.7548359641805,547.2573800478131,2.502544083632529,1.5,0.0123074722539152,2
2023-02-04,2023-02-03,2023-02-06,17.059494422231825,29.438423773693632,624.7475485061308,622.219296601601,626.7610037121922,4.541707110591233,9.0,0.07522006655301,2
2023-02-04,2023-02-03,2023-02-06,2.972594463668465,28.698853482003496,620.993825273793,620.2283756751567,621.9735300922766,1.7451544171199205,4.75,0.0194943054738926,2
2023-02-04,2023-02-03,2023-02-06,10.171333263300468,29.929544567693963,617.674615593446,615.2510281689465,620.2316844644956,4.9806562955491245,5.75,0.0396451849475723,2
2023-02-04,2023-02-03,2023-02-06,8.99586544458317,30.62840397948824,614.4468338587607,612.6013332665898,616.2498405147344,3.648507248144597,6.0,0.0263874264357785,2
2023-02-04,2023-02-03,2023-02-06,17.33942720562512,3.478192692049693,490.7235732336433,479.60382496053353,499.5915935477242,19.987768587190654,1.5,0.0134617788454886,2
2023-02-04,2023-02-03,2023-02-06,3.0094385872959113,15.421237176296536,483.5667972562211,481.59551782906055,485.5817802310921,3.9862624020315702,1.25,0.0150326049495235,2
2023-02-04,2023-02-03,2023-02-06,3.2731635843336497,18.562732086288857,440.190811876691,438.9333892427385,441.9237383077853,2.9903490650467575,2.75,0.0266425402523602,2
2023-02-04,2023-02-03,2023-02-06,7.241579764556851,8.768234883154278,473.2070567010655,470.8431268418208,475.5762576540001,4.733130812179297,5.25,0.0355462973927811,2
2023-02-04,2023-02-03,2023-02-06,2.028381497606559,18.03399409352213,493.8631079343163,492.8355676503852,495.3279767977074,2.492409147322178,2.25,0.0301821279202083,2
2023-02-04,2023-02-03,2023-02-06,80.04553846913332,18.4363861781242,545.0393915931514,528.5509339030832,561.4459754792042,32.895041576121,5.75,0.1045073405408488,2
2023-02-04,2023-02-03,2023-02-06,8.753239164859835,18.204039948442865,503.8785689789707,498.8418944720179,509.8280810662545,10.986186594236642,2.25,0.054983093036537,2
2023-02-04,2023-02-03,2023-02-06,7.491452432079631,13.79935813169868,498.2715220212979,494.3293001861311,502.3303216858767,8.001021499745548,3.0,0.0637782928222759,2
2023-02-19,2023-02-17,2023-02-21,3.035739489218803,5.152715178870999,1163.6426706344764,1161.7760591753758,1165.114904668182,3.3388454928062856,3.25,0.0107627776877731,2
2023-02-19,2023-02-17,2023-02-21,3.215398746490114,4.668493224227212,1189.7043575212856,1187.3072851770555,1193.1534935305826,5.84620835352689,2.25,0.0111643860631821,2
2023-02-19,2023-02-17,2023-02-21,5.487884239074315,3.833881059614456,1226.5413511747074,1223.3164585600607,1232.1395944692194,8.823135909158736,2.25,0.0139843280038413,2
2023-02-19,2023-02-17,2023-02-21,3.5187141377290856,3.3082335231117455,828.6909033627367,824.6653239587322,834.8306858646683,10.165361905936152,1.25,0.0114032371922967,2
2023-02-19,2023-02-17,2023-02-21,19.31439732518132,3.287399941416602,1185.2671853180743,1175.0651883715764,1199.5322994440794,24.46711107250303,2.0,0.0219925877951095,2
2023-02-19,2023-02-17,2023-02-21,2.5959812612491606,3.304715336908427,183.4661094387233,171.91337536275387,221.3258575326763,49.41248216992244,1.0,0.0193478990800473,2
2023-02-19,2023-02-17,2023-02-21,4.721465211394532,3.821251075633119,159.76726075152288,143.94476664066315,203.9422533577308,59.99748671706766,1.75,0.0235178457344344,2
2023-02-25,2023-02-21,2023-03-02,3.4503251962922614,7.076824149091265,1055.2141865944834,1052.8316030055285,1057.380953768734,4.549350763205439,2.0,0.0144591048729355,2
2023-02-25,2023-02-21,2023-03-02,5.371175387275551,8.694873200798304,1166.2541631051574,1163.8341427673586,1169.152201085817,5.3180583184584975,3.25,0.0141454795219541,2
2023-02-25,2023-02-21,2023-03-02,3.6898499545624226,4.017796082456363,1177.7498878503404,1175.8190971207805,1180.3066399758682,4.487542855087668,2.25,0.0110354410253883,2
2023-02-25,2023-02-21,2023-03-02,4.483595479102853,3.267711329375674,1202.348030176188,1197.498165283352,1207.6432174947113,10.145052211359143,1.0,0.0128835581906652,2
2023-02-25,2023-02-21,2023-03-02,2.5941843615140994,7.335357266867875,1048.4032709363207,1046.8038321146742,1050.3207172341645,3.5168851194903255,2.5,0.0134255805549234,2
2023-02-25,2023-02-21,2023-03-02,8.894163739429782,3.317069407245114,1233.179267321211,1226.045439176727,1239.9972077808343,13.9517686041072,1.5,0.0142769438272107,2
2023-02-25,2023-02-21,2023-03-02,4.918881158926418,3.0400022495761414,890.9610739082649,884.5101219494827,897.0336820939556,12.523560144472867,1.0,0.008299132949356,2
2023-02-25,2023-02-21,2023-03-02,4.9733478410596605,3.156429662988627,1036.5128860262328,1029.9868180043995,1042.2750925631262,12.288274558726698,1.0,0.0097480343867657,2
2023-02-25,2023-02-21,2023-03-02,3.0759562302486607,3.0595073463587306,999.6716444676704,996.4689104259014,1004.2215462671592,7.75263584125787,1.0,0.0049450369001144,2
2023-02-25,2023-02-21,2023-03-02,3.8995146930899143,3.3882258931119877,1146.3383290118727,1141.174764113035,1150.9790724320335,9.804308318998665,1.25,0.0144785058585897,2
2023-02-25,2023-02-21,2023-03-02,2.698801150646397,3.867150155389264,155.96935996933047,139.52388531388715,199.2314055562019,59.707520242314786,1.25,0.0112300033199563,2
2023-02-25,2023-02-21,2023-03-02,28.417521155088497,10.951166313752896,357.03456442737485,351.22943562315777,363.25844760704786,12.029011983890086,7.0,0.0399008183747923,2
2023-03-11,2023-03-06,2023-03-17,11.592684982092369,11.95192196287266,1294.7033216566133,1290.6576545061544,1299.112704815343,8.455050309188664,4.75,0.0184907084776237,3
2023-03-11,2023-03-06,2023-03-17,2.5713913417242713,12.742909128494295,1247.804206521975,1246.9294959479012,1248.9438945073634,2.014398559462279,3.25,0.0171130799867873,3
2023-03-11,2023-03-06,2023-03-17,2.546765607573165,19.417673785172788,1154.7454867363408,1152.2714198040776,1157.1429178160615,4.871498011983931,2.0,0.0058633389659796,3
2023-03-11,2023-03-06,2023-03-17,3.0215081792742247,35.80388969206605,1024.7853177870638,1024.2265097759664,1025.4794439845718,1.2529342086054385,1.5,0.0098244162126651,3
2023-03-11,2023-03-06,2023-03-17,2.7722964143442055,20.70761013263818,1006.8875745249484,1005.71998306131,1008.2177934856154,2.4978104243054986,3.0,0.0109345362035539,3
2023-03-11,2023-03-06,2023-03-17,3.6197783551244287,7.842797714246405,1011.1067010387644,1008.9664939395152,1013.4707130147144,4.504219075199217,2.5,0.0096953332998463,3
2023-03-11,2023-03-06,2023-03-17,186.57007561881383,28.013618826353543,1021.015941874925,1010.4674438224174,1029.236648550257,18.76920472783968,25.0,0.0627205456444375,3
2023-03-19,2023-03-17,2023-03-22,6.44561354436164,15.460238602650405,545.2244067453887,541.7672287593596,548.7526704682969,6.985441708937287,2.0,0.0499423483588962,3
2023-03-19,2023-03-17,2023-03-22,2.6848914170205256,3.4979918345074714,965.112370331447,961.7376935775392,968.987186708022,7.249493130482733,1.0,0.00735578171144,3
2023-03-29,2023-03-22,2023-04-06,39.89556465163537,5.538126256444192,1183.133317825208,1171.212507029064,1192.897987204604,21.68548017553985,7.75,0.0346101691179071,3
2023-03-29,2023-03-22,2023-04-06,12.937393652551796,3.467422659657998,1150.32020104681,1142.2037535044365,1159.7121317442509,17.508378239814192,2.75,0.030459147921027,3
2023-03-29,2023-03-22,2023-04-06,2.07209359509177,15.847920738709671,1189.6199425640448,1188.563020769041,1191.365441528149,2.8024207591079175,3.25,0.0171456728923462,3
2023-03-29,2023-03-22,2023-04-06,5.933767397558145,3.706405436923202,1166.3405777042956,1161.7760591753758,1170.179770226125,8.403711050748825,2.75,0.0215010436347153,3
2023-03-29,2023-03-22,2023-04-06,3.0572093190748197,3.428097878040264,1201.61774289022,1198.007485862821,1205.3876836649142,7.38019780209288,1.25,0.0096257298603779,3
2023-03-29,2023-03-22,2023-04-06,2.078518071838239,3.554515930856519,1231.147065322461,1229.1111390166916,1234.158782057464,5.0476430407725275,1.25,0.0116211350693195,3
2023-03-29,2023-03-22,2023-04-06,8.615782503551872,3.625711258228178,1012.4923876464524,1007.7158846240492,1015.972507867962,8.256623243913054,2.5,0.0338047088496762,3
2023-03-29,2023-03-22,2023-04-06,2.1580274232439636,3.892275216129376,1021.6715125815718,1018.9706935724244,1024.2280044839715,5.257310911547393,1.25,0.018462383132361,3
2023-03-29,2023-03-22,2023-04-06,3.0535360224642543,3.642964648716897,1030.8329439446218,1027.481951830443,1035.2502024765126,7.768250646069646,1.5,0.0141464877916944,3
2023-03-29,2023-03-22,2023-04-06,2.6277850269886924,3.491319554436549,1040.3280246960578,1037.2586234263144,1043.7799461842517,6.521322757937014,1.5,0.0091649449615033,3
2023-03-29,2023-03-22,2023-04-06,6.269547079470785,6.637712885542818,1125.8304907581762,1123.2969196392223,1128.2532047121786,4.956285072956234,2.75,0.0284793150865025,3
2023-03-29,2023-03-22,2023-04-06,2.397631175109737,3.444435594534596,896.4428242488018,894.5010446729138,899.0729148047976,4.57187013188377,1.25,0.0149198550685725,3
2023-03-29,2023-03-22,2023-04-06,8.545567142064176,14.841568516866102,513.7831234593956,511.3191248900257,516.5534682506695,5.234343360643834,4.5,0.0342125300425363,3
2023-04-11,2023-04-06,2023-04-17,15.149133888371528,25.247995645068738,872.3504436171029,870.608025805559,875.7643314385787,5.156305633019656,5.5,0.0164394751386797,4
2023-04-21,2023-04-17,2023-04-25,5.254154778282315,13.161987500663225,518.5116488590261,516.8197833313607,520.3122411654331,3.492457834072411,4.25,0.0123372654523347,4
2023-04-21,2023-04-17,2023-04-25,5.894065594062704,3.5936980947428405,150.11684016157724,119.90188165195286,199.2314055562019,79.32952390424907,1.5,0.0147186222489877,4
2023-05-06,2023-05-02,2023-05-10,5.563801490473727,11.267839946944898,1199.9436324319963,1197.498165283352,1201.569127886556,4.070962603203952,4.0,0.0133021833455146,5
2023-06-04,2023-06-02,2023-06-06,2.940113115413592,3.328810324549776,224.05873546685928,209.92139366921035,252.31386553682387,42.392471867613494,1.0,0.0183724135820636,6
2023-07-09,2023-07-06,2023-07-12,3.412675652705103,3.254089938437896,21.800728518640348,21.556085699237883,22.309402031823993,0.7533163325861096,0.75,0.2583518800113387,7
2023-07-15,2023-07-12,2023-07-18,4.566633798581506,13.634555705482205,1282.680513156237,1281.6140623083338,1284.8944202973507,3.2803579890169203,2.75,0.0147628341736563,7
2023-08-04,2023-08-01,2023-08-07,2.783511679570943,3.0886275889807897,147.03524884575484,119.90188165195286,185.864843652118,65.96296200016513,1.0,0.0114754414987324,8
2023-08-04,2023-08-01,2023-08-07,3.398831946395403,16.253521071333857,31.8446766243166,31.564536358695477,32.36748191807419,0.8029455593787134,0.75,0.0281034077412554,8
2023-08-11,2023-08-07,2023-08-15,2.2331927563221265,3.1735229362856,607.9952014444237,607.6234809602611,608.6221809349954,0.998699974734336,2.0,0.0129072839500614,8
2023-08-18,2023-08-15,2023-08-22,6.204917414924689,7.998316797335956,497.63007714881496,495.82685138331726,499.5915935477242,3.7647421644069254,3.75,0.0119464929283767,8
2023-09-03,2023-09-01,2023-09-05,7.666501547579363,12.252718584899078,28.2482150891859,28.001436972990632,28.738993019796908,0.7375560468062758,0.75,0.0154719967093221,9
2023-09-03,2023-09-01,2023-09-05,8.18821175999447,18.74776499337762,27.082419298536113,26.84369839308783,27.57906341832131,0.7353650252334774,0.75,0.0116922495065104,9
2023-09-09,2023-09-05,2023-09-14,4.036955492735655,34.80863851317552,1320.17564132158,1319.7785817408003,1320.8037076895123,1.0251259487122295,5.75,0.0218635142615441,9
2023-09-23,2023-09-18,2023-09-29,8.270515407562389,16.768691243572288,602.6201169141879,599.9054718753323,604.8868340179324,4.981362142600119,6.25,0.0210458478329408,9
2023-09-23,2023-09-18,2023-09-29,3.9253610199151945,10.517771950414891,523.1440963288659,520.5585173028521,525.5405567460693,4.982039443217218,3.0,0.0078584173079403,9
2023-09-23,2023-09-18,2023-09-29,2.275680610433128,3.3039731689767757,185.32842939541248,171.91337536275387,221.3258575326763,49.41248216992244,1.0,0.0134041320782523,9
2023-09-23,2023-09-18,2023-09-29,2.1358628274051945,7.004132674667281,20.22984128938432,20.12127267755568,20.589970399159935,0.4686977216042578,0.75,0.0067441015080437,9
2023-09-23,2023-09-18,2023-09-29,24.305040546491803,16.629046736967595,521.8115684905251,518.5667357887141,527.5540281040594,8.987292315345258,7.0,0.0314167246725721,9
2023-10-01,2023-09-29,2023-10-03,14.507214746969495,10.508987384665312,27.09021128223802,26.84369839308783,27.57906341832131,0.7353650252334774,1.75,0.0171370796203827,10
2023-10-01,2023-09-29,2023-10-03,15.712002407710314,12.63585575086841,28.24700922578784,28.001436972990632,28.738993019796908,0.7375560468062758,1.5,0.0209314340724369,10
2023-10-01,2023-09-29,2023-10-03,4.953629214245147,13.497466871393192,23.13158445022882,22.88057799357921,23.62947475677356,0.7488967631943524,0.75,0.0143017829039852,10
2023-10-22,2023-10-18,2023-10-26,7.057400059437263,3.714987481703543,1026.6552658321875,1021.4734727460892,1033.494878893718,12.021406147629024,2.0,0.0201910039197174,10
2023-10-29,2023-10-26,2023-11-01,3.6991810179687503,3.003405031475542,444.02959764995745,439.4313154956326,449.2774142283015,9.846098732668906,1.0,0.0120980954286047,10
2023-11-05,2023-11-01,2023-11-09,9.457399028235995,30.42301983173197,1249.7150285752846,1248.1884928774089,1251.2099066982046,3.021413820795715,5.75,0.0254349651290368,11
2023-11-12,2023-11-09,2023-11-16,5.51173312943496,5.133065732249773,606.9998940761342,606.6278186626732,607.6265185805969,0.9986999179236592,1.0,0.02150721143175,11
2023-11-21,2023-11-16,2023-11-27,3.175464494111333,3.009722593328493,631.6353044226562,629.7437302889302,634.2968810824677,4.5531507935374975,2.25,0.0130498504775655,11
2023-11-21,2023-11-16,2023-11-27,2.731991615911749,3.92346354823946,1027.10485100121,1024.7270524920896,1029.988103986252,5.26105149416253,1.5,0.0119157271013798,11
2023-12-02,2023-11-27,2023-12-08,2.430457199802509,3.1336167661628074,465.2915861117749,462.5625133304857,468.6053119609133,6.042798630427569,1.0,0.0113457986444858,12
2023-12-10,2023-12-08,2023-12-13,3.881774493922608,7.982245057025356,264.9054245408792,259.04297853447497,288.8971179239452,29.85413938947022,2.5,0.0119878329256549,12
2023-12-17,2023-12-13,2023-12-21,8.27391723056509,29.039251823424586,1213.2138020136777,1211.451603563968,1215.70943997195,4.257836407981813,6.5,0.0331867848772927,12
2023-12-24,2023-12-21,2023-12-28,18.971335126127492,3.1396920095802816,745.7547829470337,730.5480192154646,764.4899352467619,33.941916031297296,3.0,0.0276463923643216,12
2023-12-24,2023-12-21,2023-12-28,18.530737111263317,10.320567962560526,723.5891766103969,717.9531375858933,735.2068231878802,17.253685601986945,8.75,0.0186107629211213,12
2023-12-24,2023-12-21,2023-12-28,10.039708721186544,3.2178356359412197,719.5784978111656,711.3375815316103,728.9453417644836,17.60776023287326,3.5,0.0250614907621212,12
2023-12-24,2023-12-21,2023-12-28,2.8335209828461885,10.4856132255644,751.3852763669175,749.6263920310885,753.1917041544802,3.5653121233917773,4.0,0.0114899577692169,12
2023-12-24,2023-12-21,2023-12-28,4.54918804725505,4.272183106055258,1086.2647368869416,1083.4574742033146,1089.1015182738192,5.644044070504606,2.25,0.0212437482037932,12
2023-12-24,2023-12-21,2023-12-28,2.6210105236404755,12.801183188720875,771.1946818901095,766.29351061536,777.4700357294641,11.176525114104152,6.25,0.0085334163820656,12
2023-12-24,2023-12-21,2023-12-28,7.4385237646944,11.47768124285583,761.4203777504936,757.3319946215488,767.4856803147122,10.153685693163425,6.75,0.0144023810242335,12
2023-12-24,2023-12-21,2023-12-28,7.09482779152567,4.460203567020388,1103.8297983340428,1100.622789906338,1107.8482653005049,7.225475394167006,2.75,0.0344361276918492,12
2023-12-24,2023-12-21,2023-12-28,6.497813834146545,4.582011939906929,1095.867004374757,1094.2140080998652,1098.3286536931992,4.114645593333989,3.25,0.0271762253982727,12
2023-12-24,2023-12-21,2023-12-28,2.265641877707713,3.038765405335846,550.8109392065253,547.5048945168965,554.4793668016791,6.974472284782678,1.25,0.005356265575734,12
2023-12-24,2023-12-21,2023-12-28,3.821596480412038,12.37016975548123,660.823191133867,659.8645305470563,662.7390750884078,2.874544541351497,4.75,0.0093639295740485,12
2023-12-24,2023-12-21,2023-12-28,7.610790606164816,12.011470000926268,643.6167811118809,641.1402785927057,647.4499671407975,6.309688548091799,7.0,0.0136010635722286,12
2024-01-03,2023-12-28,2024-01-10,2.431719020209849,4.558762060905266,1028.0558360773875,1025.478078739252,1030.4890768537298,5.010998114477843,2.0,0.0100194230838441,1
2024-01-03,2023-12-28,2024-01-10,2.2652061225982196,3.959498089287936,1002.3297330811052,999.2188475141302,1005.72225681087,6.5034092967398465,1.25,0.013836238034011,1
2024-01-03,2023-12-28,2024-01-10,10.019446140066636,3.884015278630948,1247.8751547884974,1242.2654525609687,1254.9863830585964,12.720930497627704,2.0,0.0303661563752847,1
2024-01-03,2023-12-28,2024-01-10,6.902963111057456,4.122440832368142,1197.4062883936335,1191.113669111859,1203.6057257121429,12.492056600283831,2.0,0.0170289724698638,1
2024-01-03,2023-12-28,2024-01-10,3.3642599429387636,4.044938282731224,1186.6833429945536,1182.873338285368,1190.344167722389,7.470829437021166,1.5,0.0162569661226538,1
2024-01-03,2023-12-28,2024-01-10,3.44754053042499,4.120233270700128,877.4160774172128,873.6774014807306,880.6900592017919,7.0126577210612595,1.75,0.0167600373854744,1
2024-01-03,2023-12-28,2024-01-10,5.411891581836223,4.468449459774638,1011.0163743944428,1006.9656208753586,1015.4716128190048,8.505991943646222,2.0,0.0215256135269174,1
2024-01-03,2023-12-28,2024-01-10,2.595421634110852,5.340260869029573,1021.0851645468312,1018.9706935724244,1022.4760738248006,3.5053802523761988,2.75,0.0158324217209847,1
2024-01-03,2023-12-28,2024-01-10,2.8176377940783324,4.299465722392779,1055.629938181075,1052.8316030055285,1058.387586523313,5.555983517784625,1.75,0.015989713676324,1
2024-01-03,2023-12-28,2024-01-10,55.65921791877513,7.096494002877489,1110.9268677670505,1094.2140080998652,1123.036601735279,28.822593635413796,5.75,0.0419667490038114,1
2024-01-03,2023-12-28,2024-01-10,4.692520321441974,4.746135823212694,1127.4484984272128,1125.147042706143,1131.0784481121227,5.9314054059796035,2.75,0.0285330356982664,1
2024-01-03,2023-12-28,2024-01-10,5.929782154923798,4.153317695271728,1324.2906046343746,1318.7354095382616,1330.4229062562808,11.687496718019249,1.75,0.0144320682370897,1
2024-01-03,2023-12-28,2024-01-10,2.912135975686148,4.122365623395965,524.3294036297342,521.8032660973258,527.3050624276511,5.5017963303253055,2.25,0.0115496135725311,1
2024-01-18,2024-01-10,2024-01-26,23.999013943988015,9.203130524303925,1096.8724607374763,1092.9098018254151,1100.8745623226278,7.96476049721241,7.0,0.0298640999476818,1
2024-01-18,2024-01-10,2024-01-26,2.2962377652800936,6.143348074273396,1086.7729865944027,1084.2395079820417,1088.3399189715274,4.100410989485681,3.0,0.0074779352318482,1
2024-01-18,2024-01-10,2024-01-26,2.0720516749844573,5.04663376098238,1063.7961151192912,1061.6588133848272,1065.7179455696603,4.059132184833288,1.5,0.0102277278604912,1
2024-01-18,2024-01-10,2024-01-26,2.9363844918145476,5.260004729975036,1129.621107815822,1128.2578223468736,1131.3354465751909,3.0776242283172905,2.25,0.0138084369890133,1
2024-01-18,2024-01-10,2024-01-26,7.543566867470582,12.978474356371477,1132.442395811143,1130.3126787673682,1135.449266992975,5.136588225606829,4.75,0.0158921675651315,1
2024-01-18,2024-01-10,2024-01-26,7.866245382872264,4.56893640226632,1218.2291236790006,1211.451603563968,1225.0863564633764,13.63475289940834,2.5,0.0190936706649863,1
2024-01-18,2024-01-10,2024-01-26,4.195580549374235,3.771417377078963,1281.8666433545302,1277.3008465440944,1285.65164311463,8.35079657053575,1.75,0.0120208178840058,1
2024-01-18,2024-01-10,2024-01-26,2.9516960313112173,4.4976479309407225,1246.829791606345,1245.261262005661,1248.9438945073634,3.682632501702756,2.25,0.011783608124236,1
2024-01-18,2024-01-10,2024-01-26,14.80697366399906,4.843869987099637,1180.597851573273,1170.1849954598583,1188.555555973202,18.370560513343666,2.75,0.0210014295646973,1
2024-01-18,2024-01-10,2024-01-26,10.292571312038977,4.518693363906052,1120.0976346566852,1114.8052256554363,1125.6556090712547,10.850383415818214,2.75,0.0236788481224181,1
2024-01-18,2024-01-10,2024-01-26,13.15424718593851,7.02498569619239,1107.474749246658,1102.659741814714,1112.4466558662243,9.786914051510394,5.75,0.0208750197390971,1
2024-01-18,2024-01-10,2024-01-26,9.1524743077121,5.067980417814094,1024.0822787335776,1019.971369013656,1029.236648550257,9.265279536601156,2.5,0.0242056751582458,1
2024-01-18,2024-01-10,2024-01-26,2.787089617378838,3.3390186570957083,167.71041146587726,162.84096044208854,171.8158240057528,8.974863563664258,1.0,0.0060130130917089,1
2024-01-18,2024-01-10,2024-01-26,3.645761394371754,4.485263629394648,524.4960030382456,522.7991457935423,526.5396196199581,3.740473826415837,2.75,0.011481794067059,1
2024-01-28,2024-01-26,2024-01-30,2.257135620737151,16.837796603646943,617.5098572951259,616.2465403261594,619.2362654288299,2.9897251026704907,3.5,0.0096785247398313,1
2024-01-28,2024-01-26,2024-01-30,4.1334488448563595,3.034322914165192,158.47519421573284,98.94362931372598,171.8158240057528,72.87219469202682,1.75,0.0119922833813923,1
2024-02-03,2024-01-30,2024-02-08,4.236537941909714,24.38778293685897,1003.2911860753804,1002.469483690802,1004.7216440695338,2.252160378731787,5.5,0.0189000772472944,2
2024-02-03,2024-01-30,2024-02-08,5.068003883972489,7.126775297215295,946.6590090278506,942.7183369509876,950.7330235405824,8.01468658959493,3.5,0.0148523694645214,2
2024-02-03,2024-01-30,2024-02-08,5.3781449513032875,8.30427398198125,1060.1023885296177,1057.6324426289648,1063.9278743928298,6.295431763865054,3.5,0.0132147340006054,2
2024-02-03,2024-01-30,2024-02-08,2.050248246676857,3.021728651977219,736.006433126064,732.5406853226013,746.9574176641181,14.416732341516765,1.25,0.030266790688933,2
2024-02-03,2024-01-30,2024-02-08,7.982777931036522,3.221673813847455,1235.8297630844786,1225.2866995916702,1246.6886709760877,21.401971384417266,1.0,0.0107838125393694,2
2024-02-03,2024-01-30,2024-02-08,3.423135978341595,7.835855258639636,1101.1409547195958,1099.8590847346932,1102.40713085467,2.5480461199767888,3.0,0.0147506730337002,2
2024-02-03,2024-01-30,2024-02-08,6.2950839150533415,4.422742029232027,1096.768209832647,1094.7224798160605,1099.8561286120676,5.133648796007037,4.75,0.0223839615292103,2
2024-02-03,2024-01-30,2024-02-08,40.8377904409586,3.011616390335856,793.9877357547972,766.29351061536,823.7940336493775,57.50052303401753,2.0,0.0381506421872761,2
2024-02-03,2024-01-30,2024-02-08,8.852088603252183,3.2201464474836037,1140.0244832616052,1133.3946322826669,1148.4045140934177,15.009881810750812,1.75,0.016138130982098,2
2024-02-03,2024-01-30,2024-02-08,8.901036496963455,3.090891223320553,1196.4926684276163,1186.1784612340853,1209.4197081029415,23.24124686885625,1.0,0.0114621586000698,2
2024-02-03,2024-01-30,2024-02-08,9.488407570798678,3.2478379013903296,503.43749867275955,495.5778890755027,510.5749724013731,14.997083325870337,2.0,0.0232223879972854,2
2024-02-03,2024-01-30,2024-02-08,2.996295563620746,3.639099776153883,480.2687207923984,476.6099736057222,483.341248719953,6.731275114230812,1.25,0.0109729648805773,2
2024-02-03,2024-01-30,2024-02-08,4.3743084375345855,3.136117624653884,517.5050336295602,513.310791191645,522.5529671562836,9.24217596463859,1.25,0.0088729913134239,2
2024-02-03,2024-01-30,2024-02-08,10.45511539516642,3.0761050081791117,459.13585634216656,449.7726390818134,466.854257395491,17.08161831367761,1.75,0.027483919309405,2
2024-02-03,2024-01-30,2024-02-08,13.806429578118182,3.8036463144638017,145.598377825528,119.90188165195286,199.2314055562019,79.32952390424907,1.5,0.0271853195223676,2
2024-02-03,2024-01-30,2024-02-08,2.171087550851065,3.635703331686809,165.63819487153498,106.68312526401132,175.91721196146682,69.2340866974555,1.25,0.0206486946028959,2
2024-02-12,2024-02-08,2024-02-16,5.189675107153224,8.162358966328023,1052.0872315422052,1050.3201188785024,1054.3407196025364,4.020600724034011,3.5,0.0131337685335703,2
2024-02-12,2024-02-08,2024-02-16,5.82662640112323,39.639803234716005,1048.9830104253683,1047.5573098328896,1050.5718912947923,3.014581461902708,7.75,0.0345216964964521,2
2024-02-12,2024-02-08,2024-02-16,2.3435339060542955,4.278748836771327,675.8104905631013,673.7140973713249,677.7973800282925,4.08328265696764,1.75,0.0128832824406153,2
2024-02-12,2024-02-08,2024-02-16,5.786225992115687,3.0941446619707675,990.5259794371682,984.7306653345004,997.2207671580836,12.490101823583244,1.5,0.0124813729911722,2
2024-02-12,2024-02-08,2024-02-16,2.2575643262189895,3.346199213332594,831.0030192690992,826.6103162942454,836.4381242166273,9.827807922381908,1.0,0.0045672438559715,2
2024-02-12,2024-02-08,2024-02-16,5.443191488027656,3.642446531234246,207.30464357462265,192.10011322284117,246.7871832316741,54.68707000883296,1.5,0.0172434497331723,2
2024-02-12,2024-02-08,2024-02-16,8.013408500259246,7.783496511407253,426.95613642398,424.0337583501823,430.5290756896138,6.4953173394314945,3.25,0.0153499200987918,2
2024-02-12,2024-02-08,2024-02-16,23.99590033745886,10.845778388791018,497.70283806902694,493.08453066973016,502.3303216858767,9.24579101614654,6.25,0.0282667812044982,2
2024-02-19,2024-02-16,2024-02-23,2.1341824982988764,3.1802070067085,1200.5453535104143,1197.272774791345,1204.1146905212663,6.841915729921311,1.25,0.0062453306329062,2
2024-02-19,2024-02-16,2024-02-23,5.320606268032684,3.4913488676169657,801.8627455549217,794.4128025812097,807.8998305597343,13.487027978524566,1.25,0.0129840990974677,2
2024-02-19,2024-02-16,2024-02-23,2.9063800805911364,3.530253963868279,823.8851453599493,820.4298652918078,827.8550962866284,7.425230994820595,1.5,0.0092148707273422,2
2024-02-19,2024-02-16,2024-02-23,3.507566032794393,3.526092085813191,1049.887664117374,1046.5526518016122,1054.3407196025364,7.788067800924182,1.5,0.0173195886364086,2
2024-02-19,2024-02-16,2024-02-23,2.83357278502084,3.321192642001303,866.6181952675133,863.0097511261702,870.3486833069474,7.338932180777192,1.0,0.0077135603667564,2
2024-02-19,2024-02-16,2024-02-23,2.7807817112611115,3.13192844131428,152.08629325652308,89.86418501334265,165.93056693905964,76.066381925717,1.25,0.0107198966791617,2
2024-02-19,2024-02-16,2024-02-23,4.081212614559029,3.899224900142213,157.10215154701606,138.04997119819743,203.9422533577308,65.89228215953335,1.0,0.020323045049058,2
2024-02-19,2024-02-16,2024-02-23,2.992605083542769,3.734347288523119,494.4871768131575,492.0886069103144,496.8484738394618,4.7598669291473925,1.5,0.0096000719747816,2
2024-02-25,2024-02-23,2024-02-27,2.503751297339701,4.238109855827873,494.94658942294114,492.58660457329825,497.59536609519273,5.008761521894485,2.25,0.0104409867587832,2
2024-03-15,2024-03-09,2024-03-22,6.760743167405702,3.0959992211926397,809.4607805752881,801.9327780469321,817.8787450189702,15.94596697203815,1.5,0.0152461105221799,3
2024-03-15,2024-03-09,2024-03-22,4.27413920813605,3.364949056256034,846.5999667317419,839.8159004086629,854.1082709645852,14.292370555922387,1.0,0.0113536481416548,3
2024-03-15,2024-03-09,2024-03-22,3.766222851092216,3.0540244285013243,516.201857387626,510.8211973602883,521.3082183902152,10.487021029926836,1.0,0.0061358133116389,3
2024-03-15,2024-03-09,2024-03-22,4.047645497758907,3.57228389819946,473.77494054363615,468.6024512727745,481.3493863940239,12.746935121249408,1.5,0.0112375076606003,3
2024-03-15,2024-03-09,2024-03-22,3.538554118848249,3.6712954903276422,222.98221447929123,207.03016368299723,251.82566133933145,44.79549765633419,2.0,0.0230718866214064,3
2024-03-15,2024-03-09,2024-03-22,5.626382419925369,3.007676523073998,699.9639052101356,696.9076488041319,709.9332670159638,13.025618211831896,1.5,0.0605490271323623,3
2024-05-05,2024-05-01,2024-05-10,5.1531621271963015,3.475937594944541,271.58310730720194,255.8639581333846,296.6811877428554,40.817229609470814,1.25,0.0121286239604907,5
2024-05-05,2024-05-01,2024-05-10,8.053050256033401,3.4889345591985856,486.5516973582811,479.85278788395226,493.8341834619642,13.98139557801187,1.5,0.0113824658977209,5
2024-05-05,2024-05-01,2024-05-10,3.23223539739846,3.602373918487606,182.17683442634657,174.74888938153163,229.20107131218535,54.45218193065375,1.5,0.0144511578315311,5
2024-05-19,2024-05-14,2024-05-24,10.57382338289363,17.875018081414044,44.24644681956599,21.556085699237883,103.6264299317263,82.07034423248842,1.75,0.0216563303056781,5
2024-05-19,2024-05-14,2024-05-24,3.812911968570743,18.200146276349884,22.63449327949005,22.3084704419598,23.132350409869105,0.8238799679093063,1.25,0.0115625982109357,5
2024-05-19,2024-05-14,2024-05-24,3.2650665204826628,18.449315447445983,106.12627298566296,105.9235864491202,106.67224304331468,0.7486565941944718,0.75,0.0103537043645845,5
2024-05-19,2024-05-14,2024-05-24,117.58468117355382,16.099596128306363,41.24920278916699,20.483116299379617,106.67224304331468,86.18912674393505,5.5,0.0390238506786532,5
2024-05-19,2024-05-14,2024-05-24,2.435142810355872,17.754458746898262,27.758620008360595,27.758620008360595,28.01039242465049,0.2517724162898958,0.75,0.0056172100051907,5
2024-05-19,2024-05-14,2024-05-24,5.572164174223901,17.74866001332927,28.122339540881654,28.001436972990632,28.496076229028404,0.4946392560377717,0.75,0.0077084857217052,5
2024-05-26,2024-05-24,2024-05-29,122.56985866747908,14.780843353080048,366.35239100338214,353.37270942656323,375.81536865979433,22.442659233231097,11.25,0.0565384208622567,5
2024-06-02,2024-05-29,2024-06-07,4.698821177932044,3.444719039367286,364.7331443978045,360.1604718468152,372.4737140722573,12.313242225442082,1.75,0.0198912786222722,6
2024-06-02,2024-05-29,2024-06-07,2.8133083785509156,3.328443580276684,190.02316232838643,174.74888938153163,229.72855130955577,54.97966192802414,1.25,0.0160649728055916,6
2024-06-02,2024-05-29,2024-06-07,2.5921261849540342,3.201108938185013,265.6986794217403,255.51074791466817,288.4775868044235,32.96683888975531,1.25,0.007895410490231,6
2024-07-26,2024-07-23,2024-07-29,10.52260783797194,13.12710219438737,28.246541628543852,28.001436972990632,28.738993019796908,0.7375560468062758,1.0,0.022637617809814,7
2024-07-26,2024-07-23,2024-07-29,14.05866959872823,11.732157791714725,27.232504847986323,26.84369839308783,27.820933796931055,0.977235403843224,1.25,0.0313822990608992,7
2024-07-26,2024-07-23,2024-07-29,19.137941431305563,10.141196716581906,22.354120238966527,21.556085699237883,23.62947475677356,2.073389057535678,2.25,0.0373862180285132,7
2024-08-17,2024-08-14,2024-08-21,8.603261735403567,27.03096917944896,633.6821526042553,633.2974121640436,634.2968810824677,0.9994689184240996,0.75,0.0263018595070262,8
2024-08-24,2024-08-21,2024-08-27,4.52182302921471,22.71126185428454,1213.4022783015737,1211.451603563968,1216.4703716197982,5.018768055830151,4.0,0.0122582124150676,8
2024-09-14,2024-09-11,2024-09-17,4.471786534518504,28.418038451739676,633.2626165270171,632.927710398566,633.6777446195483,0.750034220982343,0.75,0.0080485436846136,9
2024-09-14,2024-09-11,2024-09-17,7.298252917203355,28.723071582578697,632.8714714794679,632.6785794566385,633.4286137600429,0.7500343034043908,1.0,0.0112216539085812,9
2024-09-14,2024-09-11,2024-09-17,2.3690273738381453,26.58372943545816,633.3401867208453,633.2974121640436,633.6777446195483,0.3803324555046856,0.5,0.0083555772963067,9
2024-09-14,2024-09-11,2024-09-17,9.498328411090164,27.036546558924456,632.9317827484916,632.6785794566385,633.4286137600429,0.7500343034043908,1.25,0.0207082622412282,9
2024-09-14,2024-09-11,2024-09-17,17.14642098902145,27.15783291472021,633.6187301656636,633.176841343753,634.2968810824677,1.120039738714695,1.5,0.0519132333856787,9
2024-09-14,2024-09-11,2024-09-17,5.1786608822008935,8.874146781894485,19.72821164816341,19.51305104559287,20.193708752747625,0.6806577071547508,1.0,0.0202247260873855,9
2024-09-14,2024-09-11,2024-09-17,2.525500153976071,5.497053226111156,20.58950693039673,20.33819798287004,21.023958360310644,0.6857603774406016,1.5,0.0117636443833778,9
2024-09-14,2024-09-11,2024-09-17,5.934503705989585,7.542373107863275,20.557872143000104,20.12127267755568,21.023958360310644,0.9026856827549636,3.0,0.0589378852455203,9
2024-09-20,2024-09-17,2024-09-24,2.419259118043183,17.245719338686868,20.492924053923115,20.230239662807435,20.987810249440372,0.7575705866329372,0.75,0.0112038023755883,9
2024-09-20,2024-09-17,2024-09-24,3.261283010496866,13.373728436716595,20.749001048947033,20.483116299379617,21.2407767646946,0.7576604653149843,1.0,0.0113706386591857,9
2024-10-03,2024-10-03,2024-10-03,2.2222232209736883,3.075338818406963,697.8073166516061,697.4202004056424,698.4416517233476,1.021451317705214,1.25,0.0383502477063963,10
2024-10-13,2024-10-09,2024-10-18,7.4225304254944175,18.89622674873458,1487.5241913826071,1484.1583549538627,1490.0488591189496,5.890504165086895,4.75,0.0231071432349304,10
2024-10-19,2024-10-18,2024-10-21,10.454291910535842,27.998725503961257,379.1853531244777,378.8106437209062,379.8117383364588,1.0010946155525744,1.25,0.0268241788736707,10
2024-11-01,2024-10-29,2024-11-04,2.743847893710361,31.362389433414137,664.156984841529,663.735662706662,664.7394177690148,1.003755062352866,1.25,0.0257915887292971,11
2024-11-08,2024-11-04,2024-11-12,11.850218265982496,7.641018226978003,20.572074684302613,20.33819798287004,21.023958360310644,0.6857603774406016,5.75,0.0210224953678298,11
2024-11-15,2024-11-12,2024-11-19,4.41754701404786,3.473913078913484,837.9261502580973,833.3095997855999,844.4394686711021,11.12986888550222,1.5,0.0146114492721072,11
2024-11-15,2024-11-12,2024-11-19,2.9297699898368834,3.4444161076787125,1000.89389511124,996.7189525840804,1005.4717869949528,8.75283441087231,1.0,0.0168015949814314,11
2024-11-15,2024-11-12,2024-11-19,3.5607255754853617,3.566357600633249,1282.0438147829725,1277.3008465440944,1287.3320435923524,10.031197048258036,1.0,0.0100254858332407,11
2024-11-15,2024-11-12,2024-11-19,3.5433726652374133,3.762073715231967,1245.4717727767895,1241.5094622876495,1249.6992870257236,8.189824738074094,1.5,0.0107848949052115,11
2024-11-15,2024-11-12,2024-11-19,2.242899464173559,3.5658976768098567,1227.714124205621,1225.2866995916702,1231.1299359877594,5.843236396089196,1.0,0.0067547493054641,11
2024-11-15,2024-11-12,2024-11-19,3.128316017859285,3.6983169702154073,971.1840343924885,967.4857621546836,974.9882260924204,7.502463937737048,1.75,0.0155096243981052,11
2024-11-15,2024-11-12,2024-11-19,37.60592905148453,18.74598433586448,43.28845366761149,23.129116822499785,106.17535886541008,83.04624204291031,3.0,0.0302825234485832,11
2024-11-15,2024-11-12,2024-11-19,21.914881661982033,16.302114888228356,27.87038959966272,27.085470030084252,28.738993019796908,1.6535229897126555,1.5,0.0202400386564834,11
2024-11-15,2024-11-12,2024-11-19,38.6401232761198,17.410084498892882,36.771364800375416,24.449052274227142,106.67224304331468,82.22319076908752,4.75,0.0170331593685808,11
2024-11-15,2024-11-12,2024-11-19,3.692135481614398,13.625212459276865,26.599361953573712,26.46347491675988,26.98778757080436,0.5243126540444791,0.5,0.0043212358875515,11
2024-11-15,2024-11-12,2024-11-19,18.168848000350373,18.38298353294295,39.03299384534069,26.84369839308783,106.67224304331468,79.82854465022683,2.75,0.0111097369053319,11
2024-11-15,2024-11-12,2024-11-19,16.324472799611684,11.658808401712507,65.09614058618415,24.449052274227142,106.17535886541008,81.72630659118295,1.25,0.0265504584941975,11
2024-11-15,2024-11-12,2024-11-19,60.586873031693735,12.841314961669632,27.603386465241716,25.918528988491744,28.738993019796908,2.820464031305164,2.75,0.0238052110517513,11
2024-11-15,2024-11-12,2024-11-19,6.346818740583629,3.584285345632518,1148.5649849329031,1142.2037535044365,1156.1252048001625,13.921451295726,1.5,0.0133469448944324,11
2024-11-15,2024-11-12,2024-11-19,4.6145705742689564,4.099433350908121,1096.3391284394388,1094.4682439579628,1099.092406524811,4.624162566848099,3.25,0.0126218638898992,11
2024-11-15,2024-11-12,2024-11-19,2.5750861019333255,3.8046422470254577,1048.909845465868,1046.3015281339176,1051.8276048777625,5.5260767438448966,1.5,0.0120265364148027,11
2024-11-15,2024-11-12,2024-11-19,26.232928405941433,14.619632102035244,45.090374660135545,20.230239662807435,103.6264299317263,83.39619026891887,4.0,0.0347263443021992,11
2024-11-15,2024-11-12,2024-11-19,5.579238979121646,16.032942743294743,26.93546913426388,26.84369839308783,27.337242446374148,0.493544053286314,1.25,0.0115570803961615,11
2024-11-15,2024-11-12,2024-11-19,4.421892983611648,3.7448374836480265,548.1204512597002,543.260955773294,551.7403684044257,8.479412631131709,1.5,0.0155124616222581,11
2024-11-15,2024-11-12,2024-11-19,24.811873275055927,16.7345091681214,35.577671215204965,20.230239662807435,103.6264299317263,83.39619026891887,3.5,0.0302449839247821,11
2024-11-15,2024-11-12,2024-11-19,2.542144702530788,4.169772648682733,499.98336875132014,498.3440432678908,501.5832603340969,3.239217066206038,2.0,0.015644542144463,11
2024-11-15,2024-11-12,2024-11-19,3.707557171543195,4.229369737456181,494.6633955975962,490.8438267912716,496.8484738394618,6.004647048190236,2.75,0.0138346745124695,11
2024-11-15,2024-11-12,2024-11-19,2.8905730529792075,3.570916369640646,485.0622383284147,481.59551782906055,489.1038561933674,7.508338364306837,1.0,0.0121763615465117,11
2024-11-15,2024-11-12,2024-11-19,37.67465291317813,4.340508250174424,365.41328598517714,353.37270942656323,374.7206686870195,21.347959260456264,4.25,0.0595309992168148,11
2024-11-15,2024-11-12,2024-11-19,4.47242975009902,3.5837427666541526,293.35694097830975,280.7177120442502,314.28861539717764,33.57090335292742,1.25,0.012529841221033,11
2024-11-15,2024-11-12,2024-11-19,3.406375677418489,13.496411844194007,23.502801976324427,23.377702340483665,23.878107072785497,0.5004047323018312,0.75,0.0099757307698137,11
2024-11-15,2024-11-12,2024-11-19,3.2235838677436983,13.49742010280342,23.006733763604508,22.88057799357921,23.38088923878968,0.5003112452104688,0.75,0.0088908090811045,11
2024-11-15,2024-11-12,2024-11-19,11.32720387245101,11.914312219072066,37.3689101529135,22.88057799357921,105.18159051425756,82.30101252067834,1.0,0.0192571229139577,11
2024-11-15,2024-11-12,2024-11-19,4.160496818481487,3.827305064694531,314.8417745366066,307.2070169951767,330.5479044658132,23.340887470636517,1.75,0.0111941698823483,11
2024-11-22,2024-11-19,2024-11-26,6.694063571846174,19.09505237109894,1485.6707450271483,1482.6545774512924,1488.922096403781,6.267518952488899,4.0,0.028540732313605,11
2024-12-09,2024-12-03,2024-12-16,2.420886197283457,8.7500559000559,14.490654835943133,14.490654835943133,14.742427252233028,0.2517724162898958,0.75,0.0167308735349579,12
2024-12-09,2024-12-03,2024-12-16,420.40352811198034,14.087881133316833,34.34077966119673,13.229246007744225,98.98710175603628,85.75785574829206,8.75,0.1690008802204698,12
2024-12-09,2024-12-03,2024-12-16,204.91062000728243,8.527085633846886,27.324612981112825,15.74953160295263,98.98710175603628,83.23757015308365,15.25,0.1096828125660035,12
2024-12-16,2024-12-16,2024-12-17,3.333082209312338,10.751835370357115,22.06645958739286,21.806834855116904,22.560242858249698,0.7534080031327903,0.75,0.006590326303766,12
2024-12-16,2024-12-16,2024-12-17,11.70409647930929,15.008420479916776,23.270071431626207,22.88057799357921,23.878107072785497,0.997529079206288,1.75,0.0103171234004806,12
2024-12-16,2024-12-16,2024-12-17,2.100931922369135,12.999014328783367,21.93542860664898,21.806834855116904,22.309402031823993,0.502567176707089,0.75,0.0058920554261091,12
2024-12-16,2024-12-16,2024-12-17,3.364262334776719,13.359926451741332,20.973752530070804,20.483116299379617,21.80785811552778,1.324741816148162,1.25,0.0124856011586041,12
2024-12-28,2024-12-27,2024-12-30,9.53307778821408,3.935951166929084,1171.9069214631886,1166.1412134314887,1177.5087606254965,11.367547194007784,2.25,0.0218143050706649,12
2024-12-28,2024-12-27,2024-12-30,5.43063345756174,16.014941303419334,31.845049715889864,31.564536358695477,32.36748191807419,0.8029455593787134,1.25,0.0182395658369308,12
2024-12-28,2024-12-27,2024-12-30,3.91224751655584,16.004750882064766,33.49361929291022,33.21598207904026,34.01424010517076,0.7982580261304975,0.75,0.0185006861273887,12
2024-12-28,2024-12-27,2024-12-30,2.5875745173261366,4.093781022151005,1111.7731541557075,1108.3633000836708,1115.5691199488938,7.20581986522302,1.5,0.0133475048358603,12
2024-12-28,2024-12-27,2024-12-30,2.124529103256593,3.0834959279524794,1109.49664463905,1107.596492884215,1111.42491412675,3.8284212425351143,1.25,0.0206754048407234,12
2024-12-28,2024-12-27,2024-12-30,6.7126980666361415,3.652370296562371,1097.9060447825332,1094.4682439579628,1103.4209360755049,8.952692117542028,2.5,0.0250716353625967,12
2024-12-28,2024-12-27,2024-12-30,3.2228342783172996,4.226521298117989,1051.6103604112286,1047.5573098328896,1055.6124716531483,8.055161820258945,1.5,0.0161104809430799,12
2025-01-04,2024-12-30,2025-01-10,2.220124131395975,30.745068740233023,378.0586262682711,377.810794041492,378.5621030582115,0.7513090167194605,0.75,0.0402969867832304,1
2025-01-12,2025-01-10,2025-01-14,8.540920178576712,4.791257469717957,1130.2621946923928,1126.4598639942706,1134.1603607218713,7.700496727600694,4.0,0.0181561355021026,1
2025-01-12,2025-01-10,2025-01-14,3.7662445035200176,4.776722898372855,1169.283967436094,1165.6265292209573,1173.519171343185,7.892642122227699,1.5,0.0113120277047,1
2025-01-12,2025-01-10,2025-01-14,3.145594907016845,4.351145460896602,1123.162077391605,1120.9909809199162,1125.0907507375814,4.099769817665219,2.75,0.0135163745415945,1
2025-01-12,2025-01-10,2025-01-14,3.232174909075447,3.0219639584933717,798.2985307223997,794.4128025812097,804.445406798739,10.032604217529297,1.25,0.008204022630271,1
2025-01-12,2025-01-10,2025-01-14,12.549737711954018,7.498225004984145,20.52687272079222,20.12127267755568,21.023958360310644,0.9026856827549636,5.25,0.0194032573094544,1
2025-01-12,2025-01-10,2025-01-14,8.229982566263876,4.721669621684681,1097.222285360995,1092.4021156099625,1102.1523679969832,9.750252387020735,3.5,0.0192239710048962,1
2025-01-12,2025-01-10,2025-01-14,38.25541880061509,5.883609939511443,1111.8176732553688,1103.678580667358,1120.217873440124,16.539292772766203,7.75,0.0405978957424544,1
2025-01-12,2025-01-10,2025-01-14,2.672404826977732,3.160852932869195,1137.9954596745847,1134.4264757200144,1142.4555259207264,8.029050200711936,1.25,0.0059834257679015,1
2025-01-19,2025-01-14,2025-01-24,11.792684429330908,20.44681630272048,1179.935207085496,1177.0005504596047,1182.8687951965258,5.868244736921042,7.25,0.0189167460564338,1
2025-01-19,2025-01-14,2025-01-24,3.63839465935732,16.50141424975564,32.11825224924154,31.840099454391748,32.643138989806175,0.8030395354144275,0.75,0.0082328291312331,1
2025-01-19,2025-01-14,2025-01-24,5.193758729859237,3.5490332409926983,1146.5395560135405,1140.6599457063712,1152.008702726569,11.348757020197809,1.5,0.0093904634819122,1
2025-01-26,2025-01-24,2025-01-28,2.5127063386423005,7.8016990424415855,1109.4331074898373,1108.618364635855,1110.6587349926122,2.040370356757194,4.25,0.0107994974648273,1
2025-01-26,2025-01-24,2025-01-28,2.735593849757817,3.298972392152803,1170.6675455971204,1167.3588763587177,1173.519171343185,6.160294984467328,1.25,0.0154635957120532,1
2025-01-26,2025-01-24,2025-01-28,11.477421115133795,3.367743475334135,1147.4761043842964,1136.800933538936,1157.1429178160615,20.341984277125448,1.5,0.0133080810200515,1
2025-02-03,2025-01-28,2025-02-10,2.268926311821319,3.5483496414623272,1172.7143216640789,1168.386427888181,1177.5087606254965,9.122332737315446,1.0,0.00803020724422,2
2025-02-03,2025-01-28,2025-02-10,10.112637056345973,3.303811914985232,1151.7139490594404,1144.778392556589,1159.1978211360984,14.419428579509258,1.75,0.0168044762880753,2
2025-02-03,2025-01-28,2025-02-10,13.0053942979796,8.936940274666181,516.681721169089,511.8170155840926,519.5654012095183,7.748385625425726,5.25,0.0150852244369384,2
2025-02-03,2025-01-28,2025-02-10,58.17297395956405,16.36894904743761,512.8524737784304,505.5674221352674,519.3164368746802,13.749014739412814,8.75,0.0425256287002023,2
2025-02-15,2025-02-10,2025-02-20,2.133603925286242,9.495767691755889,1112.0317205576553,1110.9175630421378,1113.723902164027,2.806339121889323,2.75,0.0076157877465943,2
2025-02-15,2025-02-10,2025-02-20,5.430238804299205,23.19135223544832,1111.785973107265,1109.1295557189733,1114.7486672964878,5.619111577514559,3.5,0.0101540660180773,2
2025-02-15,2025-02-10,2025-02-20,4.099372455401187,3.199070220280234,461.2777085825596,455.5113789490424,467.10322103695944,11.59184208791703,1.25,0.0086350903026786,2
2025-02-24,2025-02-20,2025-02-28,2.4834814777628265,3.5189583204814565,744.5132917061649,739.4406162193045,755.9589984649792,16.51838224567473,1.0,0.0068167607082693,2
2025-02-24,2025-02-20,2025-02-28,7.274592478496302,3.204010582025049,459.9682062070527,450.51955042546615,471.3438624031842,20.824311977718025,1.25,0.0181511382358921,2
2025-02-24,2025-02-20,2025-02-28,7.507014044528781,4.769673280205104,517.4178232248909,513.8088431111537,522.3040028777905,8.495159766636789,4.0,0.0584509481743953,2
2025-02-24,2025-02-20,2025-02-28,9.417301123786627,3.3557792497451313,204.52980708502275,180.17425924818963,247.2750899544917,67.10083070630208,1.5,0.0244556847851282,2
2025-02-24,2025-02-20,2025-02-28,3.9472126626405153,3.3370934257197535,1071.8998402369623,1065.9773328094743,1079.9150386825204,13.93770587304607,1.25,0.0078586048930083,2
2025-02-24,2025-02-20,2025-02-28,2.44746688130395,3.7472853345572186,1111.0301896142273,1108.8739601825364,1113.468335218262,4.594375035725534,1.5,0.0114361827577834,2
2025-02-24,2025-02-20,2025-02-28,3.813171357102626,3.1842919823976534,1049.8708649884086,1044.280523522291,1055.3609416093675,11.080418087076396,1.0,0.0129939501273119,2
2025-03-03,2025-02-28,2025-03-07,5.957825321967414,19.893168522720384,513.413107823981,511.07016111072153,516.5534682506695,5.4833071399480104,2.0,0.0206184483865372,3
2025-03-03,2025-02-28,2025-03-07,2.325592163067749,7.00629425718835,839.7461731575604,838.2481678538024,843.7580491635017,5.509881309699267,2.5,0.011294302791628,3
2025-03-03,2025-02-28,2025-03-07,22.29221235284466,16.39468717628918,23.223406887927375,22.88057799357921,23.878107072785497,0.997529079206288,3.25,0.0169655762202943,3
2025-03-08,2025-03-07,2025-03-10,11.997613328707988,8.565555065661693,1105.82819983836,1102.4050308973528,1109.1257325988263,6.720701701473445,4.5,0.0192730320035718,3
2025-03-14,2025-03-10,2025-03-18,10.90011187414318,6.428817809729038,759.6428966454029,754.0742387650535,767.4856803147122,13.411441549658775,4.5,0.0219689708350527,3
2025-03-14,2025-03-10,2025-03-18,3.3333824479187637,29.630331186627448,635.540175083343,635.1664866995998,636.1660733418539,0.999586642254144,2.0,0.0130953933182914,3
2025-03-28,2025-03-24,2025-04-01,2.97390890451081,3.914621524580745,518.891428466372,516.5708183199167,521.5571827264503,4.986364406533539,2.25,0.0230284287887109,3
2025-03-28,2025-03-24,2025-04-01,8.442164777181851,3.046603707617945,981.5051227480149,971.4858914129436,990.7258178130724,19.239926400128752,1.0,0.0098020748310704,3
2025-03-28,2025-03-24,2025-04-01,4.654351119587592,3.1143569908433757,1037.9675412669706,1033.493579827249,1042.7770705595613,9.283490732312202,1.5,0.0086657698405443,3
2025-04-04,2025-04-01,2025-04-08,3.984447851773565,19.60669459421371,1159.0638362819182,1157.1445484780706,1160.998700725846,3.854152247775346,2.75,0.009974473011933,4
2025-04-18,2025-04-15,2025-04-21,189.46173387385036,33.48608390795524,1019.1141593354738,1014.4694163813256,1023.4771796637216,9.0077632823959,21.25,0.0782868122917401,4
2025-04-18,2025-04-15,2025-04-21,4.543764239977125,17.14342234468136,1021.4084966841044,1017.7193008163013,1024.4782821922563,6.758981375955045,4.5,0.0081891884030964,4
2025-04-25,2025-04-21,2025-04-29,9.41187838654147,3.267633171342807,1014.1501854679497,1009.467010196764,1019.7230068831705,10.255996686406434,2.5,0.0376680233244157,4
2025-04-25,2025-04-21,2025-04-29,4.3178746575128715,3.459196870345366,1023.3106186795436,1019.2209708918816,1028.485189482104,9.2642185902223,2.25,0.0196776173540094,4
2025-05-02,2025-04-29,2025-05-05,5.178020750832476,8.619673470280835,20.745519017468375,20.483116299379617,21.2407767646946,0.7576604653149843,1.0,0.0142524283346783,5
2025-05-09,2025-05-05,2025-05-14,4.588592759299269,10.231296457837828,551.1386398807342,548.0028170519508,555.4749555485323,7.472138496581465,2.0,0.0091507128823968,5
2025-05-09,2025-05-05,2025-05-14,44.89414373950731,16.070302280674678,549.2748049370257,537.7835600939579,558.4581018728204,20.674541778862476,6.25,0.038602954806556,5
2025-05-16,2025-05-14,2025-05-19,29.672548805580984,17.448550237034468,557.7830073604686,549.9946135650389,561.4459754792042,11.451361914165318,5.25,0.0308465617343431,5
2025-05-30,2025-05-27,2025-06-02,5.107267225804961,40.576793769508406,1262.254098785938,1261.02405368397,1263.7932925047353,2.7692388207651675,4.25,0.0211354121994913,5
2025-06-07,2025-06-02,2025-06-13,7.564124588805484,7.939176922628855,728.1607530527943,727.6702394029126,728.9453417644836,1.2751023615710435,1.5,0.0130425965629873,6
2025-06-07,2025-06-02,2025-06-13,2.392360949005748,10.167214095212708,64.01120331557287,24.449052274227142,106.67224304331468,82.22319076908752,3.0,0.0130562490042338,6
2025-06-20,2025-06-16,2025-06-25,3.8600502480399306,3.0979337882386404,461.6794673118395,456.5763716464862,467.10322103695944,10.526849390473217,1.0,0.0159584001009286,6
2025-06-28,2025-06-25,2025-07-01,2.326710724970221,18.49514003673716,27.173109243624225,26.84369839308783,27.820933796931055,0.977235403843224,0.75,0.0034883347376533,6
2025-06-28,2025-06-25,2025-07-01,2.236627183852737,15.499946670959256,20.497299475713664,20.230239662807435,20.987810249440372,0.7575705866329372,0.75,0.0079791925470616,6
2025-06-28,2025-06-25,2025-07-01,10.654833046128026,16.997815343837484,21.876705878661568,21.556085699237883,22.560242858249698,1.004157159011811,2.25,0.0133568371929916,6
2025-06-28,2025-06-25,2025-07-01,3.3419496338140675,3.5899826385913336,517.3858888839335,516.8197833313607,518.3205282539129,1.5007449225522578,1.0,0.0166768903040989,6
2025-06-28,2025-06-25,2025-07-01,2.690397239163057,25.50141250141543,331.82033817787413,331.57049141358584,332.33317560562864,0.7626841920427978,0.75,0.0145213259020541,6
2025-06-28,2025-06-25,2025-07-01,8.881245548522363,18.852674242545586,24.557224550899058,24.202802890446037,25.193466255441308,0.990663364995271,1.0,0.0130462263340524,6
2025-06-28,2025-06-25,2025-07-01,3.6384701910822073,18.43656940405531,27.264916964975736,27.085470030084252,27.57906341832131,0.4935933882370591,0.75,0.0040234159854342,6
2025-06-28,2025-06-25,2025-07-01,15.172201088322693,9.707494220611911,52.7069764474195,24.202802890446037,105.6784746912308,81.47567180078477,1.75,0.0175287216011307,6
2025-06-28,2025-06-25,2025-07-01,6.087592664852576,11.747637407745168,24.45345098103585,24.202802890446037,24.947121646720916,0.744318756274879,0.75,0.0113535149562565,6
2025-06-28,2025-06-25,2025-07-01,3.455245962282439,10.168873617240264,56.02932517593961,24.69534923043102,105.6784746912308,80.98312546079978,0.5,0.0078985450367167,6
2025-06-28,2025-06-25,2025-07-01,14.212367217407603,10.09341353219628,90.41169703369374,24.69534923043102,106.67224304331468,81.97689381288365,1.75,0.0181097194528854,6
2025-06-28,2025-06-25,2025-07-01,5.644431669733671,13.364981727377284,20.635357299757263,20.230239662807435,21.2407767646946,1.0105371018871665,1.5,0.0170012755345788,6
2025-06-28,2025-06-25,2025-07-01,2.6928444670493947,18.66521999803657,27.408570090768727,27.085470030084252,27.820933796931055,0.7354637668468058,0.5,0.0041717512227409,6
2025-07-06,2025-07-01,2025-07-11,2.0180209367900215,18.587690328006584,1192.9397657903712,1191.6244513113052,1194.6861407258548,3.061689414549619,2.25,0.0093972081030309,7
2025-07-25,2025-07-22,2025-07-28,27.0195044591556,14.3336991492741,14.988259888066397,14.490654835943133,16.44289050018415,1.952235664241016,2.0,0.0598146653565915,7
2025-07-25,2025-07-22,2025-07-28,3.638612442497411,14.499418635426675,16.07909712068029,15.970303126145154,16.44289050018415,0.4725873740389943,0.75,0.0091431588317098,7
2025-07-25,2025-07-22,2025-07-28,14.834166406763556,12.037374011247657,13.526816823835013,13.229246007744225,14.156237435992807,0.9269914282485844,1.25,0.0227847220201121,7
2025-07-25,2025-07-22,2025-07-28,11.167283698503033,11.614555990997566,14.874945817104551,14.490654835943133,15.41145663894713,0.9208018030039966,1.25,0.013473921226938,7
2025-08-01,2025-07-28,2025-08-05,5.849842839174153,11.548463710152152,459.23294066249167,457.58322859415784,461.5694515109062,3.9862229167483743,4.75,0.0140083679682264,8
2025-08-09,2025-08-05,2025-08-13,2.9292801666009916,8.741649727301287,996.7618360393196,995.4747999086976,998.4704237487168,2.995623840019107,2.25,0.011024554525969,8
2025-08-09,2025-08-05,2025-08-13,3.85518801913654,19.95335766307163,1185.026848095399,1183.3859692947008,1186.4302336503752,3.044264355674386,4.5,0.0092634252463342,8
2025-08-30,2025-08-25,2025-09-05,6.6087854849522065,15.06103838730133,250.75625099153572,239.38641626061872,275.8073238809593,36.420907620340586,3.5,0.0135058969776233,8
2025-08-30,2025-08-25,2025-09-05,2.692419475210697,18.216120623681135,1182.618017348179,1181.0797944799997,1184.6626024083234,3.5828079283237457,3.5,0.0074213909958488,8
2025-09-26,2025-09-23,2025-09-30,6.782792955022643,14.604769781562297,23.29355157692189,22.88057799357921,23.878107072785497,0.997529079206288,1.0,0.0082682217439314,9
2025-09-26,2025-09-23,2025-09-30,16.13140489876602,13.466113279916344,28.16807136657609,27.758620008360595,28.738993019796908,0.9803730114363134,1.25,0.0112102946947906,9
2025-09-26,2025-09-23,2025-09-30,12.91371565271871,18.371022528707396,27.204643220182707,26.84369839308783,27.820933796931055,0.977235403843224,1.0,0.0080159404618759,9
2025-09-26,2025-09-23,2025-09-30,3.8533390654544113,9.250310563318164,20.746565739161053,20.483116299379617,21.2407767646946,0.7576604653149843,0.75,0.0109135867031636,9
2025-09-26,2025-09-23,2025-09-30,11.744088009912778,11.618566106914578,24.54525202848983,24.202802890446037,25.193466255441308,0.990663364995271,1.5,0.0139917357381753,9
2025-10-11,2025-10-06,2025-10-17,365.1848602454241,13.02689582372149,204.8301852361304,161.09621742833406,252.31386553682387,91.2176481084898,14.25,0.0625248644049391,10
2025-10-11,2025-10-06,2025-10-17,63.12988433488139,15.505798479824236,565.2165869167646,557.7084072059952,572.3719445965253,14.66353739053011,8.5,0.0337975243415732,10
2025-10-11,2025-10-06,2025-10-17,3.3145001461280614,31.738023292270775,1002.964334116892,1002.7195314085112,1003.4713992597536,0.7518678512424231,1.25,0.0275295306186807,10
2025-10-19,2025-10-17,2025-10-22,21.63836033188636,27.822476351314343,1011.0728465800076,1007.7158846240492,1015.2214714786968,7.505586854647845,8.5,0.0277771804254081,10
2025-10-24,2025-10-22,2025-10-27,3.194196361883302,31.74919823415444,621.469101012733,621.2237299475819,621.9735300922766,0.7498001446947455,0.75,0.0073599053001966,10
2025-10-31,2025-10-27,2025-11-05,8.671635633438518,4.0221455131799155,201.0206635896464,180.80236521642655,233.7157976999879,52.91343248356134,2.0,0.0325034049712934,10
2025-10-31,2025-10-27,2025-11-05,2.0908717260452314,6.430673068934002,20.682920708935715,20.555169028695673,21.023958360310644,0.4687893316149711,1.75,0.0173874100177313,10
2025-11-07,2025-11-05,2025-11-10,4.052846989993249,3.836350653849478,510.6865584921693,505.31499539362267,514.0606155274436,8.745620133820921,2.0,0.0195978317970518,11
2025-11-07,2025-11-05,2025-11-10,3.910694332519747,3.751608361441855,1038.271398400693,1031.7402064399794,1043.2786551811732,11.53844874119386,1.5,0.0107846876237114,11
2025-11-07,2025-11-05,2025-11-10,11.687073831528409,4.075902041232455,1012.8172575325716,1006.4653543368912,1017.9710732325912,11.505718895699829,3.25,0.0267368805347412,11
2025-11-07,2025-11-05,2025-11-10,5.559978011616845,3.903984341414527,1022.4134135688832,1018.470138933044,1026.4812406096607,8.011101676616818,2.5,0.0188678332499619,11
2025-11-07,2025-11-05,2025-11-10,5.049317398178556,3.406286872271289,1263.944640244379,1258.0030359588563,1270.731071601156,12.7280356422998,1.5,0.0144524577960521,11
2025-11-07,2025-11-05,2025-11-10,3.626357986622437,4.330960060606871,195.9859620106652,191.70887151779607,233.7157976999879,42.00692618219182,2.25,0.0143431229012634,11
2025-11-07,2025-11-05,2025-11-10,9.587394162214796,4.201362576502566,191.1152067693456,171.91337536275387,232.69946104334667,60.786085680592805,2.25,0.0275823602013717,11
2025-11-07,2025-11-05,2025-11-10,15.362812949247449,11.950055741154548,52.86978934166808,24.202802890446037,105.6784746912308,81.47567180078477,1.25,0.0187719528941729,11
2025-11-07,2025-11-05,2025-11-10,2.80334738055903,12.001399934437712,26.043869725894183,26.043869725894183,26.29564214218408,0.2517724162898958,0.75,0.0023857279976991,11
2025-11-07,2025-11-05,2025-11-10,6.152040109112382,13.12384524916692,20.63460943488042,20.230239662807435,21.2407767646946,1.0105371018871665,1.5,0.017425690502551,11
2025-11-07,2025-11-05,2025-11-10,25.142743143078494,9.699496442512944,79.52160458377367,24.449052274227142,106.67224304331468,82.22319076908752,2.25,0.0199852231001598,11
2025-11-13,2025-11-10,2025-11-17,8.071325723357742,26.97500187726022,1216.0292137494057,1214.4965430055745,1218.255179191474,3.758636185899377,3.75,0.0181451317620158,11
